2026-04-02 23:13:46 [INFO] Setting up DCGM monitor group...
2026-04-02 23:13:46 [INFO] [1/63] Split [20, 10, 5, 5] | Batch: 32 | Microbatch: 16 | Microbatches: 2
2026-04-02 23:13:46 [INFO] Loading WikiText... (SEQ_LEN=64, BATCH=32)
2026-04-02 23:14:08 [INFO] [Rank 2] Loading weights...
2026-04-02 23:14:09 [INFO] [Rank 3] Loading weights...
2026-04-02 23:14:20 [INFO] [Rank 1] Loading weights...
2026-04-02 23:14:20 [INFO] [Rank 2] Weights loaded.
2026-04-02 23:14:21 [INFO] [Rank 3] Weights loaded.
2026-04-02 23:14:32 [INFO] [Rank 1] Weights loaded.
2026-04-02 23:14:43 [INFO] [Rank 0] Loading weights...
2026-04-02 23:14:57 [INFO] [Rank 0] Weights loaded.
2026-04-02 23:16:28 [ERROR] [Rank 3] OOM
2026-04-02 23:16:28 [ERROR] [Rank 0] Unexpected exception:
Traceback (most recent call last):
  File "/home/anurag_dutt/scripts/benchmark_pipeline_microbatching.py", line 561, in run_pipeline
    dist.recv(next_tokens, src=world_size - 1, tag=tok_tag)
  File "/home/anurag_dutt/scripts/mig_transport_pipeline_non_blocking.py", line 407, in patched_recv
    return _MIG_PIPE_ENGINE.recv(tensor, src, group=group, tag=tag)
  File "/home/anurag_dutt/scripts/mig_transport_pipeline_non_blocking.py", line 281, in recv
    _ORIGINAL_RECV(handshake, src=src, group=group, tag=tag)
  File "/home/anurag_dutt/scripts/mig_env/lib/python3.10/site-packages/torch/distributed/c10d_logger.py", line 81, in wrapper
    return func(*args, **kwargs)
  File "/home/anurag_dutt/scripts/mig_env/lib/python3.10/site-packages/torch/distributed/distributed_c10d.py", line 2529, in recv
    work.wait()
RuntimeError: [/pytorch/third_party/gloo/gloo/transport/tcp/pair.cc:547] Connection closed by peer [10.128.0.8]:53949

2026-04-02 23:16:28 [ERROR] [Rank 1] Unexpected exception:
Traceback (most recent call last):
  File "/home/anurag_dutt/scripts/benchmark_pipeline_microbatching.py", line 530, in run_pipeline
    decode_recv_handles[mb_idx].wait()
  File "/home/anurag_dutt/scripts/mig_transport_pipeline_non_blocking.py", line 113, in wait
    self._dist_handle.wait()
RuntimeError: [/pytorch/third_party/gloo/gloo/transport/tcp/pair.cc:547] Connection closed by peer [10.128.0.8]:14768

2026-04-02 23:16:28 [ERROR] [Rank 2] Unexpected exception:
Traceback (most recent call last):
  File "/home/anurag_dutt/scripts/benchmark_pipeline_microbatching.py", line 553, in run_pipeline
    h.wait()
  File "/home/anurag_dutt/scripts/mig_transport_pipeline_non_blocking.py", line 79, in wait
    _ORIGINAL_RECV(
  File "/home/anurag_dutt/scripts/mig_env/lib/python3.10/site-packages/torch/distributed/c10d_logger.py", line 81, in wrapper
    return func(*args, **kwargs)
  File "/home/anurag_dutt/scripts/mig_env/lib/python3.10/site-packages/torch/distributed/distributed_c10d.py", line 2529, in recv
    work.wait()
RuntimeError: [/pytorch/third_party/gloo/gloo/transport/tcp/pair.cc:547] Connection closed by peer [10.128.0.8]:34222

2026-04-02 23:16:32 [WARNING] OOM on Rank 3 — skipping.
2026-04-02 23:16:32 [INFO] [2/63] Split [20, 10, 5, 5] | Batch: 32 | Microbatch: 8 | Microbatches: 4
2026-04-02 23:16:32 [INFO] Loading WikiText... (SEQ_LEN=64, BATCH=32)
2026-04-02 23:16:53 [INFO] [Rank 2] Loading weights...
2026-04-02 23:16:54 [INFO] [Rank 3] Loading weights...
2026-04-02 23:17:04 [INFO] [Rank 1] Loading weights...
2026-04-02 23:17:05 [INFO] [Rank 2] Weights loaded.
2026-04-02 23:17:06 [INFO] [Rank 3] Weights loaded.
2026-04-02 23:17:17 [INFO] [Rank 1] Weights loaded.
2026-04-02 23:17:28 [INFO] [Rank 0] Loading weights...
2026-04-02 23:17:41 [INFO] [Rank 0] Weights loaded.
2026-04-02 23:20:09 [ERROR] [Rank 3] OOM
2026-04-02 23:20:09 [ERROR] [Rank 0] Unexpected exception:
Traceback (most recent call last):
  File "/home/anurag_dutt/scripts/benchmark_pipeline_microbatching.py", line 561, in run_pipeline
    dist.recv(next_tokens, src=world_size - 1, tag=tok_tag)
  File "/home/anurag_dutt/scripts/mig_transport_pipeline_non_blocking.py", line 407, in patched_recv
    return _MIG_PIPE_ENGINE.recv(tensor, src, group=group, tag=tag)
  File "/home/anurag_dutt/scripts/mig_transport_pipeline_non_blocking.py", line 281, in recv
    _ORIGINAL_RECV(handshake, src=src, group=group, tag=tag)
  File "/home/anurag_dutt/scripts/mig_env/lib/python3.10/site-packages/torch/distributed/c10d_logger.py", line 81, in wrapper
    return func(*args, **kwargs)
  File "/home/anurag_dutt/scripts/mig_env/lib/python3.10/site-packages/torch/distributed/distributed_c10d.py", line 2529, in recv
    work.wait()
RuntimeError: [/pytorch/third_party/gloo/gloo/transport/tcp/pair.cc:547] Connection closed by peer [10.128.0.8]:5266

2026-04-02 23:20:09 [ERROR] [Rank 1] Unexpected exception:
Traceback (most recent call last):
  File "/home/anurag_dutt/scripts/benchmark_pipeline_microbatching.py", line 530, in run_pipeline
    decode_recv_handles[mb_idx].wait()
  File "/home/anurag_dutt/scripts/mig_transport_pipeline_non_blocking.py", line 113, in wait
    self._dist_handle.wait()
RuntimeError: [/pytorch/third_party/gloo/gloo/transport/tcp/pair.cc:547] Connection closed by peer [10.128.0.8]:6562

2026-04-02 23:20:10 [ERROR] [Rank 2] Unexpected exception:
Traceback (most recent call last):
  File "/home/anurag_dutt/scripts/benchmark_pipeline_microbatching.py", line 553, in run_pipeline
    h.wait()
  File "/home/anurag_dutt/scripts/mig_transport_pipeline_non_blocking.py", line 79, in wait
    _ORIGINAL_RECV(
  File "/home/anurag_dutt/scripts/mig_env/lib/python3.10/site-packages/torch/distributed/c10d_logger.py", line 81, in wrapper
    return func(*args, **kwargs)
  File "/home/anurag_dutt/scripts/mig_env/lib/python3.10/site-packages/torch/distributed/distributed_c10d.py", line 2529, in recv
    work.wait()
RuntimeError: [/pytorch/third_party/gloo/gloo/transport/tcp/pair.cc:547] Connection closed by peer [10.128.0.8]:23720

2026-04-02 23:20:13 [WARNING] OOM on Rank 3 — skipping.
2026-04-02 23:20:13 [INFO] [3/63] Split [20, 10, 5, 5] | Batch: 32 | Microbatch: 4 | Microbatches: 8
2026-04-02 23:20:13 [INFO] Loading WikiText... (SEQ_LEN=64, BATCH=32)
2026-04-02 23:20:34 [INFO] [Rank 2] Loading weights...
2026-04-02 23:20:35 [INFO] [Rank 3] Loading weights...
2026-04-02 23:20:45 [INFO] [Rank 1] Loading weights...
2026-04-02 23:20:46 [INFO] [Rank 2] Weights loaded.
2026-04-02 23:20:47 [INFO] [Rank 3] Weights loaded.
2026-04-02 23:20:58 [INFO] [Rank 1] Weights loaded.
2026-04-02 23:21:08 [INFO] [Rank 0] Loading weights...
2026-04-02 23:21:22 [INFO] [Rank 0] Weights loaded.
2026-04-02 23:24:25 [ERROR] [Rank 3] OOM
2026-04-02 23:24:25 [ERROR] [Rank 0] Unexpected exception:
Traceback (most recent call last):
  File "/home/anurag_dutt/scripts/benchmark_pipeline_microbatching.py", line 561, in run_pipeline
    dist.recv(next_tokens, src=world_size - 1, tag=tok_tag)
  File "/home/anurag_dutt/scripts/mig_transport_pipeline_non_blocking.py", line 407, in patched_recv
    return _MIG_PIPE_ENGINE.recv(tensor, src, group=group, tag=tag)
  File "/home/anurag_dutt/scripts/mig_transport_pipeline_non_blocking.py", line 281, in recv
    _ORIGINAL_RECV(handshake, src=src, group=group, tag=tag)
  File "/home/anurag_dutt/scripts/mig_env/lib/python3.10/site-packages/torch/distributed/c10d_logger.py", line 81, in wrapper
    return func(*args, **kwargs)
  File "/home/anurag_dutt/scripts/mig_env/lib/python3.10/site-packages/torch/distributed/distributed_c10d.py", line 2529, in recv
    work.wait()
RuntimeError: [/pytorch/third_party/gloo/gloo/transport/tcp/pair.cc:547] Connection closed by peer [10.128.0.8]:4310

2026-04-02 23:24:25 [ERROR] [Rank 1] Unexpected exception:
Traceback (most recent call last):
  File "/home/anurag_dutt/scripts/benchmark_pipeline_microbatching.py", line 530, in run_pipeline
    decode_recv_handles[mb_idx].wait()
  File "/home/anurag_dutt/scripts/mig_transport_pipeline_non_blocking.py", line 113, in wait
    self._dist_handle.wait()
RuntimeError: [/pytorch/third_party/gloo/gloo/transport/tcp/pair.cc:547] Connection closed by peer [10.128.0.8]:1929

2026-04-02 23:24:25 [ERROR] [Rank 2] Unexpected exception:
Traceback (most recent call last):
  File "/home/anurag_dutt/scripts/benchmark_pipeline_microbatching.py", line 553, in run_pipeline
    h.wait()
  File "/home/anurag_dutt/scripts/mig_transport_pipeline_non_blocking.py", line 79, in wait
    _ORIGINAL_RECV(
  File "/home/anurag_dutt/scripts/mig_env/lib/python3.10/site-packages/torch/distributed/c10d_logger.py", line 81, in wrapper
    return func(*args, **kwargs)
  File "/home/anurag_dutt/scripts/mig_env/lib/python3.10/site-packages/torch/distributed/distributed_c10d.py", line 2529, in recv
    work.wait()
RuntimeError: [/pytorch/third_party/gloo/gloo/transport/tcp/pair.cc:547] Connection closed by peer [10.128.0.8]:59079

2026-04-02 23:24:29 [WARNING] OOM on Rank 3 — skipping.
2026-04-02 23:24:29 [INFO] [4/63] Split [20, 10, 5, 5] | Batch: 32 | Microbatch: 2 | Microbatches: 16
2026-04-02 23:24:29 [INFO] Loading WikiText... (SEQ_LEN=64, BATCH=32)
2026-04-02 23:24:50 [INFO] [Rank 2] Loading weights...
2026-04-02 23:24:51 [INFO] [Rank 3] Loading weights...
2026-04-02 23:25:01 [INFO] [Rank 1] Loading weights...
2026-04-02 23:25:02 [INFO] [Rank 2] Weights loaded.
2026-04-02 23:25:03 [INFO] [Rank 3] Weights loaded.
2026-04-02 23:25:14 [INFO] [Rank 1] Weights loaded.
2026-04-02 23:25:24 [INFO] [Rank 0] Loading weights...
2026-04-02 23:25:38 [INFO] [Rank 0] Weights loaded.
2026-04-02 23:32:16 [ERROR] [Rank 3] OOM
2026-04-02 23:32:16 [ERROR] [Rank 0] Unexpected exception:
Traceback (most recent call last):
  File "/home/anurag_dutt/scripts/benchmark_pipeline_microbatching.py", line 561, in run_pipeline
    dist.recv(next_tokens, src=world_size - 1, tag=tok_tag)
  File "/home/anurag_dutt/scripts/mig_transport_pipeline_non_blocking.py", line 407, in patched_recv
    return _MIG_PIPE_ENGINE.recv(tensor, src, group=group, tag=tag)
  File "/home/anurag_dutt/scripts/mig_transport_pipeline_non_blocking.py", line 281, in recv
    _ORIGINAL_RECV(handshake, src=src, group=group, tag=tag)
  File "/home/anurag_dutt/scripts/mig_env/lib/python3.10/site-packages/torch/distributed/c10d_logger.py", line 81, in wrapper
    return func(*args, **kwargs)
  File "/home/anurag_dutt/scripts/mig_env/lib/python3.10/site-packages/torch/distributed/distributed_c10d.py", line 2529, in recv
    work.wait()
RuntimeError: [/pytorch/third_party/gloo/gloo/transport/tcp/pair.cc:547] Connection closed by peer [10.128.0.8]:1442

2026-04-02 23:32:16 [ERROR] [Rank 1] Unexpected exception:
Traceback (most recent call last):
  File "/home/anurag_dutt/scripts/benchmark_pipeline_microbatching.py", line 530, in run_pipeline
    decode_recv_handles[mb_idx].wait()
  File "/home/anurag_dutt/scripts/mig_transport_pipeline_non_blocking.py", line 113, in wait
    self._dist_handle.wait()
RuntimeError: [/pytorch/third_party/gloo/gloo/transport/tcp/pair.cc:547] Connection closed by peer [10.128.0.8]:37293

2026-04-02 23:32:16 [ERROR] [Rank 2] Unexpected exception:
Traceback (most recent call last):
  File "/home/anurag_dutt/scripts/benchmark_pipeline_microbatching.py", line 553, in run_pipeline
    h.wait()
  File "/home/anurag_dutt/scripts/mig_transport_pipeline_non_blocking.py", line 79, in wait
    _ORIGINAL_RECV(
  File "/home/anurag_dutt/scripts/mig_env/lib/python3.10/site-packages/torch/distributed/c10d_logger.py", line 81, in wrapper
    return func(*args, **kwargs)
  File "/home/anurag_dutt/scripts/mig_env/lib/python3.10/site-packages/torch/distributed/distributed_c10d.py", line 2529, in recv
    work.wait()
RuntimeError: [/pytorch/third_party/gloo/gloo/transport/tcp/pair.cc:547] Connection closed by peer [10.128.0.8]:1442

2026-04-02 23:32:19 [WARNING] OOM on Rank 3 — skipping.
2026-04-02 23:32:19 [INFO] [5/63] Split [20, 10, 5, 5] | Batch: 64 | Microbatch: 32 | Microbatches: 2
2026-04-02 23:32:19 [INFO] Loading WikiText... (SEQ_LEN=64, BATCH=64)
2026-04-02 23:32:42 [INFO] [Rank 2] Loading weights...
2026-04-02 23:32:43 [INFO] [Rank 3] Loading weights...
2026-04-02 23:32:53 [INFO] [Rank 1] Loading weights...
2026-04-02 23:32:53 [INFO] [Rank 2] Weights loaded.
2026-04-02 23:32:55 [INFO] [Rank 3] Weights loaded.
2026-04-02 23:33:05 [INFO] [Rank 1] Weights loaded.
2026-04-02 23:33:16 [INFO] [Rank 0] Loading weights...
2026-04-02 23:33:30 [INFO] [Rank 0] Weights loaded.
2026-04-02 23:34:12 [ERROR] [Rank 3] OOM
2026-04-02 23:34:12 [ERROR] [Rank 0] Unexpected exception:
Traceback (most recent call last):
  File "/home/anurag_dutt/scripts/benchmark_pipeline_microbatching.py", line 561, in run_pipeline
    dist.recv(next_tokens, src=world_size - 1, tag=tok_tag)
  File "/home/anurag_dutt/scripts/mig_transport_pipeline_non_blocking.py", line 407, in patched_recv
    return _MIG_PIPE_ENGINE.recv(tensor, src, group=group, tag=tag)
  File "/home/anurag_dutt/scripts/mig_transport_pipeline_non_blocking.py", line 281, in recv
    _ORIGINAL_RECV(handshake, src=src, group=group, tag=tag)
  File "/home/anurag_dutt/scripts/mig_env/lib/python3.10/site-packages/torch/distributed/c10d_logger.py", line 81, in wrapper
    return func(*args, **kwargs)
  File "/home/anurag_dutt/scripts/mig_env/lib/python3.10/site-packages/torch/distributed/distributed_c10d.py", line 2529, in recv
    work.wait()
RuntimeError: [/pytorch/third_party/gloo/gloo/transport/tcp/pair.cc:547] Connection closed by peer [10.128.0.8]:30412

2026-04-02 23:34:12 [ERROR] [Rank 1] Unexpected exception:
Traceback (most recent call last):
  File "/home/anurag_dutt/scripts/benchmark_pipeline_microbatching.py", line 530, in run_pipeline
    decode_recv_handles[mb_idx].wait()
  File "/home/anurag_dutt/scripts/mig_transport_pipeline_non_blocking.py", line 113, in wait
    self._dist_handle.wait()
RuntimeError: [/pytorch/third_party/gloo/gloo/transport/tcp/pair.cc:547] Connection closed by peer [10.128.0.8]:3996

2026-04-02 23:34:12 [ERROR] [Rank 2] Unexpected exception:
Traceback (most recent call last):
  File "/home/anurag_dutt/scripts/benchmark_pipeline_microbatching.py", line 553, in run_pipeline
    h.wait()
  File "/home/anurag_dutt/scripts/mig_transport_pipeline_non_blocking.py", line 79, in wait
    _ORIGINAL_RECV(
  File "/home/anurag_dutt/scripts/mig_env/lib/python3.10/site-packages/torch/distributed/c10d_logger.py", line 81, in wrapper
    return func(*args, **kwargs)
  File "/home/anurag_dutt/scripts/mig_env/lib/python3.10/site-packages/torch/distributed/distributed_c10d.py", line 2529, in recv
    work.wait()
RuntimeError: [/pytorch/third_party/gloo/gloo/transport/tcp/pair.cc:547] Connection closed by peer [10.128.0.8]:8400

2026-04-02 23:34:16 [WARNING] OOM on Rank 3 — skipping.
2026-04-02 23:34:16 [INFO] [6/63] Split [20, 10, 5, 5] | Batch: 64 | Microbatch: 16 | Microbatches: 4
2026-04-02 23:34:16 [INFO] Loading WikiText... (SEQ_LEN=64, BATCH=64)
2026-04-02 23:34:36 [INFO] [Rank 2] Loading weights...
2026-04-02 23:34:37 [INFO] [Rank 3] Loading weights...
2026-04-02 23:34:47 [INFO] [Rank 1] Loading weights...
2026-04-02 23:34:48 [INFO] [Rank 2] Weights loaded.
2026-04-02 23:34:49 [INFO] [Rank 3] Weights loaded.
2026-04-02 23:35:00 [INFO] [Rank 1] Weights loaded.
2026-04-02 23:35:11 [INFO] [Rank 0] Loading weights...
2026-04-02 23:35:24 [INFO] [Rank 0] Weights loaded.
2026-04-02 23:36:31 [ERROR] [Rank 3] OOM
2026-04-02 23:36:31 [ERROR] [Rank 0] Unexpected exception:
Traceback (most recent call last):
  File "/home/anurag_dutt/scripts/benchmark_pipeline_microbatching.py", line 561, in run_pipeline
    dist.recv(next_tokens, src=world_size - 1, tag=tok_tag)
  File "/home/anurag_dutt/scripts/mig_transport_pipeline_non_blocking.py", line 407, in patched_recv
    return _MIG_PIPE_ENGINE.recv(tensor, src, group=group, tag=tag)
  File "/home/anurag_dutt/scripts/mig_transport_pipeline_non_blocking.py", line 281, in recv
    _ORIGINAL_RECV(handshake, src=src, group=group, tag=tag)
  File "/home/anurag_dutt/scripts/mig_env/lib/python3.10/site-packages/torch/distributed/c10d_logger.py", line 81, in wrapper
    return func(*args, **kwargs)
  File "/home/anurag_dutt/scripts/mig_env/lib/python3.10/site-packages/torch/distributed/distributed_c10d.py", line 2529, in recv
    work.wait()
RuntimeError: [/pytorch/third_party/gloo/gloo/transport/tcp/pair.cc:547] Connection closed by peer [10.128.0.8]:1188

2026-04-02 23:36:31 [ERROR] [Rank 1] Unexpected exception:
Traceback (most recent call last):
  File "/home/anurag_dutt/scripts/benchmark_pipeline_microbatching.py", line 530, in run_pipeline
    decode_recv_handles[mb_idx].wait()
  File "/home/anurag_dutt/scripts/mig_transport_pipeline_non_blocking.py", line 113, in wait
    self._dist_handle.wait()
RuntimeError: [/pytorch/third_party/gloo/gloo/transport/tcp/pair.cc:547] Connection closed by peer [10.128.0.8]:27061

2026-04-02 23:36:31 [ERROR] [Rank 2] Unexpected exception:
Traceback (most recent call last):
  File "/home/anurag_dutt/scripts/benchmark_pipeline_microbatching.py", line 553, in run_pipeline
    h.wait()
  File "/home/anurag_dutt/scripts/mig_transport_pipeline_non_blocking.py", line 79, in wait
    _ORIGINAL_RECV(
  File "/home/anurag_dutt/scripts/mig_env/lib/python3.10/site-packages/torch/distributed/c10d_logger.py", line 81, in wrapper
    return func(*args, **kwargs)
  File "/home/anurag_dutt/scripts/mig_env/lib/python3.10/site-packages/torch/distributed/distributed_c10d.py", line 2529, in recv
    work.wait()
RuntimeError: [/pytorch/third_party/gloo/gloo/transport/tcp/pair.cc:547] Connection closed by peer [10.128.0.8]:30398

2026-04-02 23:36:35 [WARNING] OOM on Rank 3 — skipping.
2026-04-02 23:36:35 [INFO] [7/63] Split [20, 10, 5, 5] | Batch: 64 | Microbatch: 8 | Microbatches: 8
2026-04-02 23:36:35 [INFO] Loading WikiText... (SEQ_LEN=64, BATCH=64)
2026-04-02 23:36:55 [INFO] [Rank 2] Loading weights...
2026-04-02 23:36:56 [INFO] [Rank 3] Loading weights...
2026-04-02 23:37:06 [INFO] [Rank 1] Loading weights...
2026-04-02 23:37:07 [INFO] [Rank 2] Weights loaded.
2026-04-02 23:37:08 [INFO] [Rank 3] Weights loaded.
2026-04-02 23:37:18 [INFO] [Rank 1] Weights loaded.
2026-04-02 23:37:29 [INFO] [Rank 0] Loading weights...
2026-04-02 23:37:43 [INFO] [Rank 0] Weights loaded.
2026-04-02 23:39:16 [ERROR] [Rank 3] OOM
2026-04-02 23:39:16 [ERROR] [Rank 0] Unexpected exception:
Traceback (most recent call last):
  File "/home/anurag_dutt/scripts/benchmark_pipeline_microbatching.py", line 561, in run_pipeline
    dist.recv(next_tokens, src=world_size - 1, tag=tok_tag)
  File "/home/anurag_dutt/scripts/mig_transport_pipeline_non_blocking.py", line 407, in patched_recv
    return _MIG_PIPE_ENGINE.recv(tensor, src, group=group, tag=tag)
  File "/home/anurag_dutt/scripts/mig_transport_pipeline_non_blocking.py", line 281, in recv
    _ORIGINAL_RECV(handshake, src=src, group=group, tag=tag)
  File "/home/anurag_dutt/scripts/mig_env/lib/python3.10/site-packages/torch/distributed/c10d_logger.py", line 81, in wrapper
    return func(*args, **kwargs)
  File "/home/anurag_dutt/scripts/mig_env/lib/python3.10/site-packages/torch/distributed/distributed_c10d.py", line 2529, in recv
    work.wait()
RuntimeError: [/pytorch/third_party/gloo/gloo/transport/tcp/pair.cc:547] Connection closed by peer [10.128.0.8]:37533

2026-04-02 23:39:16 [ERROR] [Rank 1] Unexpected exception:
Traceback (most recent call last):
  File "/home/anurag_dutt/scripts/benchmark_pipeline_microbatching.py", line 530, in run_pipeline
    decode_recv_handles[mb_idx].wait()
  File "/home/anurag_dutt/scripts/mig_transport_pipeline_non_blocking.py", line 113, in wait
    self._dist_handle.wait()
RuntimeError: [/pytorch/third_party/gloo/gloo/transport/tcp/pair.cc:547] Connection closed by peer [10.128.0.8]:13960

2026-04-02 23:39:16 [ERROR] [Rank 2] Unexpected exception:
Traceback (most recent call last):
  File "/home/anurag_dutt/scripts/benchmark_pipeline_microbatching.py", line 553, in run_pipeline
    h.wait()
  File "/home/anurag_dutt/scripts/mig_transport_pipeline_non_blocking.py", line 79, in wait
    _ORIGINAL_RECV(
  File "/home/anurag_dutt/scripts/mig_env/lib/python3.10/site-packages/torch/distributed/c10d_logger.py", line 81, in wrapper
    return func(*args, **kwargs)
  File "/home/anurag_dutt/scripts/mig_env/lib/python3.10/site-packages/torch/distributed/distributed_c10d.py", line 2529, in recv
    work.wait()
RuntimeError: [/pytorch/third_party/gloo/gloo/transport/tcp/pair.cc:547] Connection closed by peer [10.128.0.8]:64394

2026-04-02 23:39:20 [WARNING] OOM on Rank 3 — skipping.
2026-04-02 23:39:20 [INFO] [8/63] Split [20, 10, 5, 5] | Batch: 64 | Microbatch: 4 | Microbatches: 16
2026-04-02 23:39:20 [INFO] Loading WikiText... (SEQ_LEN=64, BATCH=64)
2026-04-02 23:39:41 [INFO] [Rank 2] Loading weights...
2026-04-02 23:39:42 [INFO] [Rank 3] Loading weights...
2026-04-02 23:39:52 [INFO] [Rank 1] Loading weights...
2026-04-02 23:39:53 [INFO] [Rank 2] Weights loaded.
2026-04-02 23:39:54 [INFO] [Rank 3] Weights loaded.
2026-04-02 23:40:04 [INFO] [Rank 1] Weights loaded.
2026-04-02 23:40:15 [INFO] [Rank 0] Loading weights...
2026-04-02 23:40:29 [INFO] [Rank 0] Weights loaded.
2026-04-02 23:43:07 [ERROR] [Rank 3] OOM
2026-04-02 23:43:07 [ERROR] [Rank 0] Unexpected exception:
Traceback (most recent call last):
  File "/home/anurag_dutt/scripts/benchmark_pipeline_microbatching.py", line 561, in run_pipeline
    dist.recv(next_tokens, src=world_size - 1, tag=tok_tag)
  File "/home/anurag_dutt/scripts/mig_transport_pipeline_non_blocking.py", line 407, in patched_recv
    return _MIG_PIPE_ENGINE.recv(tensor, src, group=group, tag=tag)
  File "/home/anurag_dutt/scripts/mig_transport_pipeline_non_blocking.py", line 281, in recv
    _ORIGINAL_RECV(handshake, src=src, group=group, tag=tag)
  File "/home/anurag_dutt/scripts/mig_env/lib/python3.10/site-packages/torch/distributed/c10d_logger.py", line 81, in wrapper
    return func(*args, **kwargs)
  File "/home/anurag_dutt/scripts/mig_env/lib/python3.10/site-packages/torch/distributed/distributed_c10d.py", line 2529, in recv
    work.wait()
RuntimeError: [/pytorch/third_party/gloo/gloo/transport/tcp/pair.cc:547] Connection closed by peer [10.128.0.8]:44447

2026-04-02 23:43:07 [ERROR] [Rank 1] Unexpected exception:
Traceback (most recent call last):
  File "/home/anurag_dutt/scripts/benchmark_pipeline_microbatching.py", line 530, in run_pipeline
    decode_recv_handles[mb_idx].wait()
  File "/home/anurag_dutt/scripts/mig_transport_pipeline_non_blocking.py", line 113, in wait
    self._dist_handle.wait()
RuntimeError: [/pytorch/third_party/gloo/gloo/transport/tcp/pair.cc:547] Connection closed by peer [10.128.0.8]:58001

2026-04-02 23:43:07 [ERROR] [Rank 2] Unexpected exception:
Traceback (most recent call last):
  File "/home/anurag_dutt/scripts/benchmark_pipeline_microbatching.py", line 553, in run_pipeline
    h.wait()
  File "/home/anurag_dutt/scripts/mig_transport_pipeline_non_blocking.py", line 79, in wait
    _ORIGINAL_RECV(
  File "/home/anurag_dutt/scripts/mig_env/lib/python3.10/site-packages/torch/distributed/c10d_logger.py", line 81, in wrapper
    return func(*args, **kwargs)
  File "/home/anurag_dutt/scripts/mig_env/lib/python3.10/site-packages/torch/distributed/distributed_c10d.py", line 2529, in recv
    work.wait()
RuntimeError: [/pytorch/third_party/gloo/gloo/transport/tcp/pair.cc:547] Connection closed by peer [10.128.0.8]:44447

2026-04-02 23:43:11 [WARNING] OOM on Rank 3 — skipping.
2026-04-02 23:43:11 [INFO] [9/63] Split [20, 10, 5, 5] | Batch: 64 | Microbatch: 2 | Microbatches: 32
2026-04-02 23:43:11 [INFO] Loading WikiText... (SEQ_LEN=64, BATCH=64)
2026-04-02 23:43:32 [INFO] [Rank 2] Loading weights...
2026-04-02 23:43:33 [INFO] [Rank 3] Loading weights...
2026-04-02 23:43:43 [INFO] [Rank 1] Loading weights...
2026-04-02 23:43:44 [INFO] [Rank 2] Weights loaded.
2026-04-02 23:43:45 [INFO] [Rank 3] Weights loaded.
2026-04-02 23:43:55 [INFO] [Rank 1] Weights loaded.
2026-04-02 23:44:06 [INFO] [Rank 0] Loading weights...
2026-04-02 23:44:20 [INFO] [Rank 0] Weights loaded.
2026-04-02 23:50:59 [ERROR] [Rank 3] OOM
2026-04-02 23:50:59 [ERROR] [Rank 0] Unexpected exception:
Traceback (most recent call last):
  File "/home/anurag_dutt/scripts/benchmark_pipeline_microbatching.py", line 561, in run_pipeline
    dist.recv(next_tokens, src=world_size - 1, tag=tok_tag)
  File "/home/anurag_dutt/scripts/mig_transport_pipeline_non_blocking.py", line 407, in patched_recv
    return _MIG_PIPE_ENGINE.recv(tensor, src, group=group, tag=tag)
  File "/home/anurag_dutt/scripts/mig_transport_pipeline_non_blocking.py", line 281, in recv
    _ORIGINAL_RECV(handshake, src=src, group=group, tag=tag)
  File "/home/anurag_dutt/scripts/mig_env/lib/python3.10/site-packages/torch/distributed/c10d_logger.py", line 81, in wrapper
    return func(*args, **kwargs)
  File "/home/anurag_dutt/scripts/mig_env/lib/python3.10/site-packages/torch/distributed/distributed_c10d.py", line 2529, in recv
    work.wait()
RuntimeError: [/pytorch/third_party/gloo/gloo/transport/tcp/pair.cc:547] Connection closed by peer [10.128.0.8]:23980

2026-04-02 23:50:59 [ERROR] [Rank 1] Unexpected exception:
Traceback (most recent call last):
  File "/home/anurag_dutt/scripts/benchmark_pipeline_microbatching.py", line 530, in run_pipeline
    decode_recv_handles[mb_idx].wait()
  File "/home/anurag_dutt/scripts/mig_transport_pipeline_non_blocking.py", line 113, in wait
    self._dist_handle.wait()
RuntimeError: [/pytorch/third_party/gloo/gloo/transport/tcp/pair.cc:547] Connection closed by peer [10.128.0.8]:57565

2026-04-02 23:50:59 [ERROR] [Rank 2] Unexpected exception:
Traceback (most recent call last):
  File "/home/anurag_dutt/scripts/benchmark_pipeline_microbatching.py", line 553, in run_pipeline
    h.wait()
  File "/home/anurag_dutt/scripts/mig_transport_pipeline_non_blocking.py", line 79, in wait
    _ORIGINAL_RECV(
  File "/home/anurag_dutt/scripts/mig_env/lib/python3.10/site-packages/torch/distributed/c10d_logger.py", line 81, in wrapper
    return func(*args, **kwargs)
  File "/home/anurag_dutt/scripts/mig_env/lib/python3.10/site-packages/torch/distributed/distributed_c10d.py", line 2529, in recv
    work.wait()
RuntimeError: [/pytorch/third_party/gloo/gloo/transport/tcp/pair.cc:547] Connection closed by peer [10.128.0.8]:23980

2026-04-02 23:51:03 [WARNING] OOM on Rank 3 — skipping.
2026-04-02 23:51:03 [INFO] [10/63] Split [21, 9, 5, 5] | Batch: 32 | Microbatch: 16 | Microbatches: 2
2026-04-02 23:51:03 [INFO] Loading WikiText... (SEQ_LEN=64, BATCH=32)
2026-04-02 23:51:24 [INFO] [Rank 2] Loading weights...
2026-04-02 23:51:25 [INFO] [Rank 3] Loading weights...
2026-04-02 23:51:33 [INFO] [Rank 1] Loading weights...
2026-04-02 23:51:36 [INFO] [Rank 2] Weights loaded.
2026-04-02 23:51:37 [INFO] [Rank 3] Weights loaded.
2026-04-02 23:51:46 [INFO] [Rank 1] Weights loaded.
2026-04-02 23:52:01 [INFO] [Rank 0] Loading weights...
2026-04-02 23:52:15 [INFO] [Rank 0] Weights loaded.
2026-04-02 23:53:45 [ERROR] [Rank 3] OOM
2026-04-02 23:53:45 [ERROR] [Rank 0] Unexpected exception:
Traceback (most recent call last):
  File "/home/anurag_dutt/scripts/benchmark_pipeline_microbatching.py", line 561, in run_pipeline
    dist.recv(next_tokens, src=world_size - 1, tag=tok_tag)
  File "/home/anurag_dutt/scripts/mig_transport_pipeline_non_blocking.py", line 407, in patched_recv
    return _MIG_PIPE_ENGINE.recv(tensor, src, group=group, tag=tag)
  File "/home/anurag_dutt/scripts/mig_transport_pipeline_non_blocking.py", line 281, in recv
    _ORIGINAL_RECV(handshake, src=src, group=group, tag=tag)
  File "/home/anurag_dutt/scripts/mig_env/lib/python3.10/site-packages/torch/distributed/c10d_logger.py", line 81, in wrapper
    return func(*args, **kwargs)
  File "/home/anurag_dutt/scripts/mig_env/lib/python3.10/site-packages/torch/distributed/distributed_c10d.py", line 2529, in recv
    work.wait()
RuntimeError: [/pytorch/third_party/gloo/gloo/transport/tcp/pair.cc:547] Connection closed by peer [10.128.0.8]:10650

2026-04-02 23:53:46 [ERROR] [Rank 1] Unexpected exception:
Traceback (most recent call last):
  File "/home/anurag_dutt/scripts/benchmark_pipeline_microbatching.py", line 530, in run_pipeline
    decode_recv_handles[mb_idx].wait()
  File "/home/anurag_dutt/scripts/mig_transport_pipeline_non_blocking.py", line 113, in wait
    self._dist_handle.wait()
RuntimeError: [/pytorch/third_party/gloo/gloo/transport/tcp/pair.cc:547] Connection closed by peer [10.128.0.8]:21930

2026-04-02 23:53:46 [ERROR] [Rank 2] Unexpected exception:
Traceback (most recent call last):
  File "/home/anurag_dutt/scripts/benchmark_pipeline_microbatching.py", line 553, in run_pipeline
    h.wait()
  File "/home/anurag_dutt/scripts/mig_transport_pipeline_non_blocking.py", line 79, in wait
    _ORIGINAL_RECV(
  File "/home/anurag_dutt/scripts/mig_env/lib/python3.10/site-packages/torch/distributed/c10d_logger.py", line 81, in wrapper
    return func(*args, **kwargs)
  File "/home/anurag_dutt/scripts/mig_env/lib/python3.10/site-packages/torch/distributed/distributed_c10d.py", line 2529, in recv
    work.wait()
RuntimeError: [/pytorch/third_party/gloo/gloo/transport/tcp/pair.cc:547] Connection closed by peer [10.128.0.8]:10650

2026-04-02 23:53:49 [WARNING] OOM on Rank 3 — skipping.
2026-04-02 23:53:49 [INFO] [11/63] Split [21, 9, 5, 5] | Batch: 32 | Microbatch: 8 | Microbatches: 4
2026-04-02 23:53:49 [INFO] Loading WikiText... (SEQ_LEN=64, BATCH=32)
2026-04-02 23:54:10 [INFO] [Rank 2] Loading weights...
2026-04-02 23:54:11 [INFO] [Rank 3] Loading weights...
2026-04-02 23:54:19 [INFO] [Rank 1] Loading weights...
2026-04-02 23:54:22 [INFO] [Rank 2] Weights loaded.
2026-04-02 23:54:23 [INFO] [Rank 3] Weights loaded.
2026-04-02 23:54:31 [INFO] [Rank 1] Weights loaded.
2026-04-02 23:54:47 [INFO] [Rank 0] Loading weights...
2026-04-02 23:55:01 [INFO] [Rank 0] Weights loaded.
2026-04-02 23:57:27 [ERROR] [Rank 3] OOM
2026-04-02 23:57:27 [ERROR] [Rank 0] Unexpected exception:
Traceback (most recent call last):
  File "/home/anurag_dutt/scripts/benchmark_pipeline_microbatching.py", line 561, in run_pipeline
    dist.recv(next_tokens, src=world_size - 1, tag=tok_tag)
  File "/home/anurag_dutt/scripts/mig_transport_pipeline_non_blocking.py", line 407, in patched_recv
    return _MIG_PIPE_ENGINE.recv(tensor, src, group=group, tag=tag)
  File "/home/anurag_dutt/scripts/mig_transport_pipeline_non_blocking.py", line 281, in recv
    _ORIGINAL_RECV(handshake, src=src, group=group, tag=tag)
  File "/home/anurag_dutt/scripts/mig_env/lib/python3.10/site-packages/torch/distributed/c10d_logger.py", line 81, in wrapper
    return func(*args, **kwargs)
  File "/home/anurag_dutt/scripts/mig_env/lib/python3.10/site-packages/torch/distributed/distributed_c10d.py", line 2529, in recv
    work.wait()
RuntimeError: [/pytorch/third_party/gloo/gloo/transport/tcp/pair.cc:547] Connection closed by peer [10.128.0.8]:6054

2026-04-02 23:57:27 [ERROR] [Rank 1] Unexpected exception:
Traceback (most recent call last):
  File "/home/anurag_dutt/scripts/benchmark_pipeline_microbatching.py", line 530, in run_pipeline
    decode_recv_handles[mb_idx].wait()
  File "/home/anurag_dutt/scripts/mig_transport_pipeline_non_blocking.py", line 113, in wait
    self._dist_handle.wait()
RuntimeError: [/pytorch/third_party/gloo/gloo/transport/tcp/pair.cc:547] Connection closed by peer [10.128.0.8]:22926

2026-04-02 23:57:27 [ERROR] [Rank 2] Unexpected exception:
Traceback (most recent call last):
  File "/home/anurag_dutt/scripts/benchmark_pipeline_microbatching.py", line 553, in run_pipeline
    h.wait()
  File "/home/anurag_dutt/scripts/mig_transport_pipeline_non_blocking.py", line 79, in wait
    _ORIGINAL_RECV(
  File "/home/anurag_dutt/scripts/mig_env/lib/python3.10/site-packages/torch/distributed/c10d_logger.py", line 81, in wrapper
    return func(*args, **kwargs)
  File "/home/anurag_dutt/scripts/mig_env/lib/python3.10/site-packages/torch/distributed/distributed_c10d.py", line 2529, in recv
    work.wait()
RuntimeError: [/pytorch/third_party/gloo/gloo/transport/tcp/pair.cc:547] Connection closed by peer [10.128.0.8]:6054

2026-04-02 23:57:31 [WARNING] OOM on Rank 3 — skipping.
2026-04-02 23:57:31 [INFO] [12/63] Split [21, 9, 5, 5] | Batch: 32 | Microbatch: 4 | Microbatches: 8
2026-04-02 23:57:31 [INFO] Loading WikiText... (SEQ_LEN=64, BATCH=32)
2026-04-02 23:57:51 [INFO] [Rank 2] Loading weights...
2026-04-02 23:57:53 [INFO] [Rank 3] Loading weights...
2026-04-02 23:58:01 [INFO] [Rank 1] Loading weights...
2026-04-02 23:58:03 [INFO] [Rank 2] Weights loaded.
2026-04-02 23:58:05 [INFO] [Rank 3] Weights loaded.
2026-04-02 23:58:13 [INFO] [Rank 1] Weights loaded.
2026-04-02 23:58:28 [INFO] [Rank 0] Loading weights...
2026-04-02 23:58:42 [INFO] [Rank 0] Weights loaded.
2026-04-03 00:01:43 [ERROR] [Rank 3] OOM
2026-04-03 00:01:43 [ERROR] [Rank 0] Unexpected exception:
Traceback (most recent call last):
  File "/home/anurag_dutt/scripts/benchmark_pipeline_microbatching.py", line 561, in run_pipeline
    dist.recv(next_tokens, src=world_size - 1, tag=tok_tag)
  File "/home/anurag_dutt/scripts/mig_transport_pipeline_non_blocking.py", line 407, in patched_recv
    return _MIG_PIPE_ENGINE.recv(tensor, src, group=group, tag=tag)
  File "/home/anurag_dutt/scripts/mig_transport_pipeline_non_blocking.py", line 281, in recv
    _ORIGINAL_RECV(handshake, src=src, group=group, tag=tag)
  File "/home/anurag_dutt/scripts/mig_env/lib/python3.10/site-packages/torch/distributed/c10d_logger.py", line 81, in wrapper
    return func(*args, **kwargs)
  File "/home/anurag_dutt/scripts/mig_env/lib/python3.10/site-packages/torch/distributed/distributed_c10d.py", line 2529, in recv
    work.wait()
RuntimeError: [/pytorch/third_party/gloo/gloo/transport/tcp/pair.cc:547] Connection closed by peer [10.128.0.8]:44255

2026-04-03 00:01:43 [ERROR] [Rank 1] Unexpected exception:
Traceback (most recent call last):
  File "/home/anurag_dutt/scripts/benchmark_pipeline_microbatching.py", line 530, in run_pipeline
    decode_recv_handles[mb_idx].wait()
  File "/home/anurag_dutt/scripts/mig_transport_pipeline_non_blocking.py", line 113, in wait
    self._dist_handle.wait()
RuntimeError: [/pytorch/third_party/gloo/gloo/transport/tcp/pair.cc:547] Connection closed by peer [10.128.0.8]:35554

2026-04-03 00:01:43 [ERROR] [Rank 2] Unexpected exception:
Traceback (most recent call last):
  File "/home/anurag_dutt/scripts/benchmark_pipeline_microbatching.py", line 553, in run_pipeline
    h.wait()
  File "/home/anurag_dutt/scripts/mig_transport_pipeline_non_blocking.py", line 79, in wait
    _ORIGINAL_RECV(
  File "/home/anurag_dutt/scripts/mig_env/lib/python3.10/site-packages/torch/distributed/c10d_logger.py", line 81, in wrapper
    return func(*args, **kwargs)
  File "/home/anurag_dutt/scripts/mig_env/lib/python3.10/site-packages/torch/distributed/distributed_c10d.py", line 2529, in recv
    work.wait()
RuntimeError: [/pytorch/third_party/gloo/gloo/transport/tcp/pair.cc:547] Connection closed by peer [10.128.0.8]:38279

2026-04-03 00:01:47 [WARNING] OOM on Rank 3 — skipping.
2026-04-03 00:01:47 [INFO] [13/63] Split [21, 9, 5, 5] | Batch: 32 | Microbatch: 2 | Microbatches: 16
2026-04-03 00:01:47 [INFO] Loading WikiText... (SEQ_LEN=64, BATCH=32)
2026-04-03 00:02:07 [INFO] [Rank 2] Loading weights...
2026-04-03 00:02:09 [INFO] [Rank 3] Loading weights...
2026-04-03 00:02:17 [INFO] [Rank 1] Loading weights...
2026-04-03 00:02:19 [INFO] [Rank 2] Weights loaded.
2026-04-03 00:02:21 [INFO] [Rank 3] Weights loaded.
2026-04-03 00:02:29 [INFO] [Rank 1] Weights loaded.
2026-04-03 00:02:44 [INFO] [Rank 0] Loading weights...
2026-04-03 00:02:58 [INFO] [Rank 0] Weights loaded.
2026-04-03 00:09:30 [ERROR] [Rank 0] OOM
2026-04-03 00:09:30 [ERROR] [Rank 1] Unexpected exception:
Traceback (most recent call last):
  File "/home/anurag_dutt/scripts/benchmark_pipeline_microbatching.py", line 530, in run_pipeline
    decode_recv_handles[mb_idx].wait()
  File "/home/anurag_dutt/scripts/mig_transport_pipeline_non_blocking.py", line 121, in wait
    _ORIGINAL_SEND(
  File "/home/anurag_dutt/scripts/mig_env/lib/python3.10/site-packages/torch/distributed/c10d_logger.py", line 81, in wrapper
    return func(*args, **kwargs)
  File "/home/anurag_dutt/scripts/mig_env/lib/python3.10/site-packages/torch/distributed/distributed_c10d.py", line 2496, in send
    work.wait()
RuntimeError: [/pytorch/third_party/gloo/gloo/transport/tcp/pair.cc:547] Connection closed by peer [10.128.0.8]:21636

2026-04-03 00:09:30 [ERROR] [Rank 2] Unexpected exception:
Traceback (most recent call last):
  File "/home/anurag_dutt/scripts/benchmark_pipeline_microbatching.py", line 530, in run_pipeline
    decode_recv_handles[mb_idx].wait()
  File "/home/anurag_dutt/scripts/mig_transport_pipeline_non_blocking.py", line 113, in wait
    self._dist_handle.wait()
RuntimeError: [/pytorch/third_party/gloo/gloo/transport/tcp/pair.cc:547] Connection closed by peer [10.128.0.8]:10164

2026-04-03 00:09:30 [ERROR] [Rank 3] Unexpected exception:
Traceback (most recent call last):
  File "/home/anurag_dutt/scripts/benchmark_pipeline_microbatching.py", line 530, in run_pipeline
    decode_recv_handles[mb_idx].wait()
  File "/home/anurag_dutt/scripts/mig_transport_pipeline_non_blocking.py", line 113, in wait
    self._dist_handle.wait()
RuntimeError: [/pytorch/third_party/gloo/gloo/transport/tcp/pair.cc:547] Connection closed by peer [10.128.0.8]:15791

2026-04-03 00:09:34 [WARNING] OOM on Rank 0 — skipping.
2026-04-03 00:09:34 [INFO] [14/63] Split [21, 9, 5, 5] | Batch: 64 | Microbatch: 32 | Microbatches: 2
2026-04-03 00:09:34 [INFO] Loading WikiText... (SEQ_LEN=64, BATCH=64)
2026-04-03 00:09:55 [INFO] [Rank 2] Loading weights...
2026-04-03 00:09:56 [INFO] [Rank 3] Loading weights...
2026-04-03 00:10:04 [INFO] [Rank 1] Loading weights...
2026-04-03 00:10:07 [INFO] [Rank 2] Weights loaded.
2026-04-03 00:10:08 [INFO] [Rank 3] Weights loaded.
2026-04-03 00:10:16 [INFO] [Rank 1] Weights loaded.
2026-04-03 00:10:31 [INFO] [Rank 0] Loading weights...
2026-04-03 00:10:45 [INFO] [Rank 0] Weights loaded.
2026-04-03 00:11:27 [ERROR] [Rank 3] OOM
2026-04-03 00:11:27 [ERROR] [Rank 0] Unexpected exception:
Traceback (most recent call last):
  File "/home/anurag_dutt/scripts/benchmark_pipeline_microbatching.py", line 561, in run_pipeline
    dist.recv(next_tokens, src=world_size - 1, tag=tok_tag)
  File "/home/anurag_dutt/scripts/mig_transport_pipeline_non_blocking.py", line 407, in patched_recv
    return _MIG_PIPE_ENGINE.recv(tensor, src, group=group, tag=tag)
  File "/home/anurag_dutt/scripts/mig_transport_pipeline_non_blocking.py", line 281, in recv
    _ORIGINAL_RECV(handshake, src=src, group=group, tag=tag)
  File "/home/anurag_dutt/scripts/mig_env/lib/python3.10/site-packages/torch/distributed/c10d_logger.py", line 81, in wrapper
    return func(*args, **kwargs)
  File "/home/anurag_dutt/scripts/mig_env/lib/python3.10/site-packages/torch/distributed/distributed_c10d.py", line 2529, in recv
    work.wait()
RuntimeError: [/pytorch/third_party/gloo/gloo/transport/tcp/pair.cc:547] Connection closed by peer [10.128.0.8]:56203

2026-04-03 00:11:27 [ERROR] [Rank 1] Unexpected exception:
Traceback (most recent call last):
  File "/home/anurag_dutt/scripts/benchmark_pipeline_microbatching.py", line 530, in run_pipeline
    decode_recv_handles[mb_idx].wait()
  File "/home/anurag_dutt/scripts/mig_transport_pipeline_non_blocking.py", line 113, in wait
    self._dist_handle.wait()
RuntimeError: [/pytorch/third_party/gloo/gloo/transport/tcp/pair.cc:547] Connection closed by peer [10.128.0.8]:4819

2026-04-03 00:11:27 [ERROR] [Rank 2] Unexpected exception:
Traceback (most recent call last):
  File "/home/anurag_dutt/scripts/benchmark_pipeline_microbatching.py", line 553, in run_pipeline
    h.wait()
  File "/home/anurag_dutt/scripts/mig_transport_pipeline_non_blocking.py", line 79, in wait
    _ORIGINAL_RECV(
  File "/home/anurag_dutt/scripts/mig_env/lib/python3.10/site-packages/torch/distributed/c10d_logger.py", line 81, in wrapper
    return func(*args, **kwargs)
  File "/home/anurag_dutt/scripts/mig_env/lib/python3.10/site-packages/torch/distributed/distributed_c10d.py", line 2529, in recv
    work.wait()
RuntimeError: [/pytorch/third_party/gloo/gloo/transport/tcp/pair.cc:547] Connection closed by peer [10.128.0.8]:44241

2026-04-03 00:11:31 [WARNING] OOM on Rank 3 — skipping.
2026-04-03 00:11:31 [INFO] [15/63] Split [21, 9, 5, 5] | Batch: 64 | Microbatch: 16 | Microbatches: 4
2026-04-03 00:11:31 [INFO] Loading WikiText... (SEQ_LEN=64, BATCH=64)
2026-04-03 00:11:52 [INFO] [Rank 2] Loading weights...
2026-04-03 00:11:53 [INFO] [Rank 3] Loading weights...
2026-04-03 00:12:01 [INFO] [Rank 1] Loading weights...
2026-04-03 00:12:04 [INFO] [Rank 2] Weights loaded.
2026-04-03 00:12:05 [INFO] [Rank 3] Weights loaded.
2026-04-03 00:12:13 [INFO] [Rank 1] Weights loaded.
2026-04-03 00:12:29 [INFO] [Rank 0] Loading weights...
2026-04-03 00:12:42 [INFO] [Rank 0] Weights loaded.
2026-04-03 00:13:48 [ERROR] [Rank 3] OOM
2026-04-03 00:13:48 [ERROR] [Rank 0] Unexpected exception:
Traceback (most recent call last):
  File "/home/anurag_dutt/scripts/benchmark_pipeline_microbatching.py", line 561, in run_pipeline
    dist.recv(next_tokens, src=world_size - 1, tag=tok_tag)
  File "/home/anurag_dutt/scripts/mig_transport_pipeline_non_blocking.py", line 407, in patched_recv
    return _MIG_PIPE_ENGINE.recv(tensor, src, group=group, tag=tag)
  File "/home/anurag_dutt/scripts/mig_transport_pipeline_non_blocking.py", line 281, in recv
    _ORIGINAL_RECV(handshake, src=src, group=group, tag=tag)
  File "/home/anurag_dutt/scripts/mig_env/lib/python3.10/site-packages/torch/distributed/c10d_logger.py", line 81, in wrapper
    return func(*args, **kwargs)
  File "/home/anurag_dutt/scripts/mig_env/lib/python3.10/site-packages/torch/distributed/distributed_c10d.py", line 2529, in recv
    work.wait()
RuntimeError: [/pytorch/third_party/gloo/gloo/transport/tcp/pair.cc:547] Connection closed by peer [10.128.0.8]:30088

2026-04-03 00:13:48 [ERROR] [Rank 1] Unexpected exception:
Traceback (most recent call last):
  File "/home/anurag_dutt/scripts/benchmark_pipeline_microbatching.py", line 530, in run_pipeline
    decode_recv_handles[mb_idx].wait()
  File "/home/anurag_dutt/scripts/mig_transport_pipeline_non_blocking.py", line 113, in wait
    self._dist_handle.wait()
RuntimeError: [/pytorch/third_party/gloo/gloo/transport/tcp/pair.cc:547] Connection closed by peer [10.128.0.8]:24225

2026-04-03 00:13:48 [ERROR] [Rank 2] Unexpected exception:
Traceback (most recent call last):
  File "/home/anurag_dutt/scripts/benchmark_pipeline_microbatching.py", line 553, in run_pipeline
    h.wait()
  File "/home/anurag_dutt/scripts/mig_transport_pipeline_non_blocking.py", line 79, in wait
    _ORIGINAL_RECV(
  File "/home/anurag_dutt/scripts/mig_env/lib/python3.10/site-packages/torch/distributed/c10d_logger.py", line 81, in wrapper
    return func(*args, **kwargs)
  File "/home/anurag_dutt/scripts/mig_env/lib/python3.10/site-packages/torch/distributed/distributed_c10d.py", line 2529, in recv
    work.wait()
RuntimeError: [/pytorch/third_party/gloo/gloo/transport/tcp/pair.cc:547] Connection closed by peer [10.128.0.8]:30088

2026-04-03 00:13:52 [WARNING] OOM on Rank 3 — skipping.
2026-04-03 00:13:52 [INFO] [16/63] Split [21, 9, 5, 5] | Batch: 64 | Microbatch: 8 | Microbatches: 8
2026-04-03 00:13:52 [INFO] Loading WikiText... (SEQ_LEN=64, BATCH=64)
2026-04-03 00:14:13 [INFO] [Rank 2] Loading weights...
2026-04-03 00:14:14 [INFO] [Rank 3] Loading weights...
2026-04-03 00:14:22 [INFO] [Rank 1] Loading weights...
2026-04-03 00:14:25 [INFO] [Rank 2] Weights loaded.
2026-04-03 00:14:26 [INFO] [Rank 3] Weights loaded.
2026-04-03 00:14:34 [INFO] [Rank 1] Weights loaded.
2026-04-03 00:14:50 [INFO] [Rank 0] Loading weights...
2026-04-03 00:15:04 [INFO] [Rank 0] Weights loaded.
2026-04-03 00:16:36 [ERROR] [Rank 3] OOM
2026-04-03 00:16:36 [ERROR] [Rank 0] Unexpected exception:
Traceback (most recent call last):
  File "/home/anurag_dutt/scripts/benchmark_pipeline_microbatching.py", line 561, in run_pipeline
    dist.recv(next_tokens, src=world_size - 1, tag=tok_tag)
  File "/home/anurag_dutt/scripts/mig_transport_pipeline_non_blocking.py", line 407, in patched_recv
    return _MIG_PIPE_ENGINE.recv(tensor, src, group=group, tag=tag)
  File "/home/anurag_dutt/scripts/mig_transport_pipeline_non_blocking.py", line 281, in recv
    _ORIGINAL_RECV(handshake, src=src, group=group, tag=tag)
  File "/home/anurag_dutt/scripts/mig_env/lib/python3.10/site-packages/torch/distributed/c10d_logger.py", line 81, in wrapper
    return func(*args, **kwargs)
  File "/home/anurag_dutt/scripts/mig_env/lib/python3.10/site-packages/torch/distributed/distributed_c10d.py", line 2529, in recv
    work.wait()
RuntimeError: [/pytorch/third_party/gloo/gloo/transport/tcp/pair.cc:547] Connection closed by peer [10.128.0.8]:27558

2026-04-03 00:16:36 [ERROR] [Rank 1] Unexpected exception:
Traceback (most recent call last):
  File "/home/anurag_dutt/scripts/benchmark_pipeline_microbatching.py", line 530, in run_pipeline
    decode_recv_handles[mb_idx].wait()
  File "/home/anurag_dutt/scripts/mig_transport_pipeline_non_blocking.py", line 113, in wait
    self._dist_handle.wait()
RuntimeError: [/pytorch/third_party/gloo/gloo/transport/tcp/pair.cc:547] Connection closed by peer [10.128.0.8]:18615

2026-04-03 00:16:36 [ERROR] [Rank 2] Unexpected exception:
Traceback (most recent call last):
  File "/home/anurag_dutt/scripts/benchmark_pipeline_microbatching.py", line 553, in run_pipeline
    h.wait()
  File "/home/anurag_dutt/scripts/mig_transport_pipeline_non_blocking.py", line 79, in wait
    _ORIGINAL_RECV(
  File "/home/anurag_dutt/scripts/mig_env/lib/python3.10/site-packages/torch/distributed/c10d_logger.py", line 81, in wrapper
    return func(*args, **kwargs)
  File "/home/anurag_dutt/scripts/mig_env/lib/python3.10/site-packages/torch/distributed/distributed_c10d.py", line 2529, in recv
    work.wait()
RuntimeError: [/pytorch/third_party/gloo/gloo/transport/tcp/pair.cc:547] Connection closed by peer [10.128.0.8]:43678

2026-04-03 00:16:39 [WARNING] OOM on Rank 3 — skipping.
2026-04-03 00:16:40 [INFO] [17/63] Split [21, 9, 5, 5] | Batch: 64 | Microbatch: 4 | Microbatches: 16
2026-04-03 00:16:40 [INFO] Loading WikiText... (SEQ_LEN=64, BATCH=64)
2026-04-03 00:17:00 [INFO] [Rank 2] Loading weights...
2026-04-03 00:17:01 [INFO] [Rank 3] Loading weights...
2026-04-03 00:17:09 [INFO] [Rank 1] Loading weights...
2026-04-03 00:17:12 [INFO] [Rank 2] Weights loaded.
2026-04-03 00:17:13 [INFO] [Rank 3] Weights loaded.
2026-04-03 00:17:22 [INFO] [Rank 1] Weights loaded.
2026-04-03 00:17:37 [INFO] [Rank 0] Loading weights...
2026-04-03 00:17:51 [INFO] [Rank 0] Weights loaded.
2026-04-03 00:20:26 [ERROR] [Rank 0] OOM
2026-04-03 00:20:26 [ERROR] [Rank 1] Unexpected exception:
Traceback (most recent call last):
  File "/home/anurag_dutt/scripts/benchmark_pipeline_microbatching.py", line 530, in run_pipeline
    decode_recv_handles[mb_idx].wait()
  File "/home/anurag_dutt/scripts/mig_transport_pipeline_non_blocking.py", line 121, in wait
    _ORIGINAL_SEND(
  File "/home/anurag_dutt/scripts/mig_env/lib/python3.10/site-packages/torch/distributed/c10d_logger.py", line 81, in wrapper
    return func(*args, **kwargs)
  File "/home/anurag_dutt/scripts/mig_env/lib/python3.10/site-packages/torch/distributed/distributed_c10d.py", line 2496, in send
    work.wait()
RuntimeError: [/pytorch/third_party/gloo/gloo/transport/tcp/pair.cc:547] Connection closed by peer [10.128.0.8]:26499

2026-04-03 00:20:26 [ERROR] [Rank 2] Unexpected exception:
Traceback (most recent call last):
  File "/home/anurag_dutt/scripts/benchmark_pipeline_microbatching.py", line 530, in run_pipeline
    decode_recv_handles[mb_idx].wait()
  File "/home/anurag_dutt/scripts/mig_transport_pipeline_non_blocking.py", line 113, in wait
    self._dist_handle.wait()
RuntimeError: [/pytorch/third_party/gloo/gloo/transport/tcp/pair.cc:547] Connection closed by peer [10.128.0.8]:32682

2026-04-03 00:20:26 [ERROR] [Rank 3] Unexpected exception:
Traceback (most recent call last):
  File "/home/anurag_dutt/scripts/benchmark_pipeline_microbatching.py", line 530, in run_pipeline
    decode_recv_handles[mb_idx].wait()
  File "/home/anurag_dutt/scripts/mig_transport_pipeline_non_blocking.py", line 113, in wait
    self._dist_handle.wait()
RuntimeError: [/pytorch/third_party/gloo/gloo/transport/tcp/pair.cc:547] Connection closed by peer [10.128.0.8]:32486

2026-04-03 00:20:30 [WARNING] OOM on Rank 0 — skipping.
2026-04-03 00:20:30 [INFO] [18/63] Split [21, 9, 5, 5] | Batch: 64 | Microbatch: 2 | Microbatches: 32
2026-04-03 00:20:30 [INFO] Loading WikiText... (SEQ_LEN=64, BATCH=64)
2026-04-03 00:20:50 [INFO] [Rank 2] Loading weights...
2026-04-03 00:20:51 [INFO] [Rank 3] Loading weights...
2026-04-03 00:20:59 [INFO] [Rank 1] Loading weights...
2026-04-03 00:21:02 [INFO] [Rank 2] Weights loaded.
2026-04-03 00:21:03 [INFO] [Rank 3] Weights loaded.
2026-04-03 00:21:11 [INFO] [Rank 1] Weights loaded.
2026-04-03 00:21:27 [INFO] [Rank 0] Loading weights...
2026-04-03 00:21:41 [INFO] [Rank 0] Weights loaded.
2026-04-03 00:28:13 [ERROR] [Rank 0] OOM
2026-04-03 00:28:13 [ERROR] [Rank 1] Unexpected exception:
Traceback (most recent call last):
  File "/home/anurag_dutt/scripts/benchmark_pipeline_microbatching.py", line 530, in run_pipeline
    decode_recv_handles[mb_idx].wait()
  File "/home/anurag_dutt/scripts/mig_transport_pipeline_non_blocking.py", line 121, in wait
    _ORIGINAL_SEND(
  File "/home/anurag_dutt/scripts/mig_env/lib/python3.10/site-packages/torch/distributed/c10d_logger.py", line 81, in wrapper
    return func(*args, **kwargs)
  File "/home/anurag_dutt/scripts/mig_env/lib/python3.10/site-packages/torch/distributed/distributed_c10d.py", line 2496, in send
    work.wait()
RuntimeError: [/pytorch/third_party/gloo/gloo/transport/tcp/pair.cc:547] Connection closed by peer [10.128.0.8]:51877

2026-04-03 00:28:13 [ERROR] [Rank 2] Unexpected exception:
Traceback (most recent call last):
  File "/home/anurag_dutt/scripts/benchmark_pipeline_microbatching.py", line 530, in run_pipeline
    decode_recv_handles[mb_idx].wait()
  File "/home/anurag_dutt/scripts/mig_transport_pipeline_non_blocking.py", line 113, in wait
    self._dist_handle.wait()
RuntimeError: [/pytorch/third_party/gloo/gloo/transport/tcp/pair.cc:547] Connection closed by peer [10.128.0.8]:38095

2026-04-03 00:28:13 [ERROR] [Rank 3] Unexpected exception:
Traceback (most recent call last):
  File "/home/anurag_dutt/scripts/benchmark_pipeline_microbatching.py", line 530, in run_pipeline
    decode_recv_handles[mb_idx].wait()
  File "/home/anurag_dutt/scripts/mig_transport_pipeline_non_blocking.py", line 113, in wait
    self._dist_handle.wait()
RuntimeError: [/pytorch/third_party/gloo/gloo/transport/tcp/pair.cc:547] Connection closed by peer [10.128.0.8]:22950

2026-04-03 00:28:17 [WARNING] OOM on Rank 0 — skipping.
2026-04-03 00:28:17 [INFO] [19/63] Split [21, 10, 5, 4] | Batch: 32 | Microbatch: 16 | Microbatches: 2
2026-04-03 00:28:17 [INFO] Loading WikiText... (SEQ_LEN=64, BATCH=32)
2026-04-03 00:28:37 [INFO] [Rank 3] Loading weights...
2026-04-03 00:28:38 [INFO] [Rank 2] Loading weights...
2026-04-03 00:28:49 [INFO] [Rank 3] Weights loaded.
2026-04-03 00:28:49 [INFO] [Rank 1] Loading weights...
2026-04-03 00:28:50 [INFO] [Rank 2] Weights loaded.
2026-04-03 00:29:02 [INFO] [Rank 1] Weights loaded.
2026-04-03 00:29:14 [INFO] [Rank 0] Loading weights...
2026-04-03 00:29:28 [INFO] [Rank 0] Weights loaded.
2026-04-03 00:31:22 [ERROR] [Rank 0] OOM
2026-04-03 00:31:22 [ERROR] [Rank 1] Unexpected exception:
Traceback (most recent call last):
  File "/home/anurag_dutt/scripts/benchmark_pipeline_microbatching.py", line 530, in run_pipeline
    decode_recv_handles[mb_idx].wait()
  File "/home/anurag_dutt/scripts/mig_transport_pipeline_non_blocking.py", line 121, in wait
    _ORIGINAL_SEND(
  File "/home/anurag_dutt/scripts/mig_env/lib/python3.10/site-packages/torch/distributed/c10d_logger.py", line 81, in wrapper
    return func(*args, **kwargs)
  File "/home/anurag_dutt/scripts/mig_env/lib/python3.10/site-packages/torch/distributed/distributed_c10d.py", line 2496, in send
    work.wait()
RuntimeError: [/pytorch/third_party/gloo/gloo/transport/tcp/pair.cc:547] Connection closed by peer [10.128.0.8]:62661

2026-04-03 00:31:22 [ERROR] [Rank 2] Unexpected exception:
Traceback (most recent call last):
  File "/home/anurag_dutt/scripts/benchmark_pipeline_microbatching.py", line 530, in run_pipeline
    decode_recv_handles[mb_idx].wait()
  File "/home/anurag_dutt/scripts/mig_transport_pipeline_non_blocking.py", line 113, in wait
    self._dist_handle.wait()
RuntimeError: [/pytorch/third_party/gloo/gloo/transport/tcp/pair.cc:547] Connection closed by peer [10.128.0.8]:43741

2026-04-03 00:31:22 [ERROR] [Rank 3] Unexpected exception:
Traceback (most recent call last):
  File "/home/anurag_dutt/scripts/benchmark_pipeline_microbatching.py", line 530, in run_pipeline
    decode_recv_handles[mb_idx].wait()
  File "/home/anurag_dutt/scripts/mig_transport_pipeline_non_blocking.py", line 113, in wait
    self._dist_handle.wait()
RuntimeError: [/pytorch/third_party/gloo/gloo/transport/tcp/pair.cc:547] Connection closed by peer [10.128.0.8]:10163

2026-04-03 00:31:26 [WARNING] OOM on Rank 0 — skipping.
2026-04-03 00:31:26 [INFO] [20/63] Split [21, 10, 5, 4] | Batch: 32 | Microbatch: 8 | Microbatches: 4
2026-04-03 00:31:26 [INFO] Loading WikiText... (SEQ_LEN=64, BATCH=32)
2026-04-03 00:31:46 [INFO] [Rank 3] Loading weights...
2026-04-03 00:31:47 [INFO] [Rank 2] Loading weights...
2026-04-03 00:31:57 [INFO] [Rank 3] Weights loaded.
2026-04-03 00:31:58 [INFO] [Rank 1] Loading weights...
2026-04-03 00:31:59 [INFO] [Rank 2] Weights loaded.
2026-04-03 00:32:10 [INFO] [Rank 1] Weights loaded.
2026-04-03 00:32:23 [INFO] [Rank 0] Loading weights...
2026-04-03 00:32:37 [INFO] [Rank 0] Weights loaded.
2026-04-03 00:35:37 [ERROR] [Rank 0] OOM
2026-04-03 00:35:37 [ERROR] [Rank 1] Unexpected exception:
Traceback (most recent call last):
  File "/home/anurag_dutt/scripts/benchmark_pipeline_microbatching.py", line 530, in run_pipeline
    decode_recv_handles[mb_idx].wait()
  File "/home/anurag_dutt/scripts/mig_transport_pipeline_non_blocking.py", line 121, in wait
    _ORIGINAL_SEND(
  File "/home/anurag_dutt/scripts/mig_env/lib/python3.10/site-packages/torch/distributed/c10d_logger.py", line 81, in wrapper
    return func(*args, **kwargs)
  File "/home/anurag_dutt/scripts/mig_env/lib/python3.10/site-packages/torch/distributed/distributed_c10d.py", line 2496, in send
    work.wait()
RuntimeError: [/pytorch/third_party/gloo/gloo/transport/tcp/pair.cc:547] Connection closed by peer [10.128.0.8]:47810

2026-04-03 00:35:37 [ERROR] [Rank 2] Unexpected exception:
Traceback (most recent call last):
  File "/home/anurag_dutt/scripts/benchmark_pipeline_microbatching.py", line 530, in run_pipeline
    decode_recv_handles[mb_idx].wait()
  File "/home/anurag_dutt/scripts/mig_transport_pipeline_non_blocking.py", line 113, in wait
    self._dist_handle.wait()
RuntimeError: [/pytorch/third_party/gloo/gloo/transport/tcp/pair.cc:547] Connection closed by peer [10.128.0.8]:23977

2026-04-03 00:35:37 [ERROR] [Rank 3] Unexpected exception:
Traceback (most recent call last):
  File "/home/anurag_dutt/scripts/benchmark_pipeline_microbatching.py", line 530, in run_pipeline
    decode_recv_handles[mb_idx].wait()
  File "/home/anurag_dutt/scripts/mig_transport_pipeline_non_blocking.py", line 113, in wait
    self._dist_handle.wait()
RuntimeError: [/pytorch/third_party/gloo/gloo/transport/tcp/pair.cc:547] Connection closed by peer [10.128.0.8]:18067

2026-04-03 00:35:41 [WARNING] OOM on Rank 0 — skipping.
2026-04-03 00:35:41 [INFO] [21/63] Split [21, 10, 5, 4] | Batch: 32 | Microbatch: 4 | Microbatches: 8
2026-04-03 00:35:41 [INFO] Loading WikiText... (SEQ_LEN=64, BATCH=32)
2026-04-03 00:36:01 [INFO] [Rank 3] Loading weights...
2026-04-03 00:36:01 [INFO] [Rank 2] Loading weights...
2026-04-03 00:36:13 [INFO] [Rank 3] Weights loaded.
2026-04-03 00:36:13 [INFO] [Rank 1] Loading weights...
2026-04-03 00:36:13 [INFO] [Rank 2] Weights loaded.
2026-04-03 00:36:25 [INFO] [Rank 1] Weights loaded.
2026-04-03 00:36:38 [INFO] [Rank 0] Loading weights...
2026-04-03 00:36:52 [INFO] [Rank 0] Weights loaded.
2026-04-03 00:41:47 [ERROR] [Rank 0] OOM
2026-04-03 00:41:47 [ERROR] [Rank 1] Unexpected exception:
Traceback (most recent call last):
  File "/home/anurag_dutt/scripts/benchmark_pipeline_microbatching.py", line 530, in run_pipeline
    decode_recv_handles[mb_idx].wait()
  File "/home/anurag_dutt/scripts/mig_transport_pipeline_non_blocking.py", line 121, in wait
    _ORIGINAL_SEND(
  File "/home/anurag_dutt/scripts/mig_env/lib/python3.10/site-packages/torch/distributed/c10d_logger.py", line 81, in wrapper
    return func(*args, **kwargs)
  File "/home/anurag_dutt/scripts/mig_env/lib/python3.10/site-packages/torch/distributed/distributed_c10d.py", line 2496, in send
    work.wait()
RuntimeError: [/pytorch/third_party/gloo/gloo/transport/tcp/pair.cc:547] Connection closed by peer [10.128.0.8]:56230

2026-04-03 00:41:47 [ERROR] [Rank 2] Unexpected exception:
Traceback (most recent call last):
  File "/home/anurag_dutt/scripts/benchmark_pipeline_microbatching.py", line 530, in run_pipeline
    decode_recv_handles[mb_idx].wait()
  File "/home/anurag_dutt/scripts/mig_transport_pipeline_non_blocking.py", line 113, in wait
    self._dist_handle.wait()
RuntimeError: [/pytorch/third_party/gloo/gloo/transport/tcp/pair.cc:547] Connection closed by peer [10.128.0.8]:4240

2026-04-03 00:41:47 [ERROR] [Rank 3] Unexpected exception:
Traceback (most recent call last):
  File "/home/anurag_dutt/scripts/benchmark_pipeline_microbatching.py", line 530, in run_pipeline
    decode_recv_handles[mb_idx].wait()
  File "/home/anurag_dutt/scripts/mig_transport_pipeline_non_blocking.py", line 113, in wait
    self._dist_handle.wait()
RuntimeError: [/pytorch/third_party/gloo/gloo/transport/tcp/pair.cc:547] Connection closed by peer [10.128.0.8]:41860

2026-04-03 00:41:50 [WARNING] OOM on Rank 0 — skipping.
2026-04-03 00:41:50 [INFO] [22/63] Split [21, 10, 5, 4] | Batch: 32 | Microbatch: 2 | Microbatches: 16
2026-04-03 00:41:50 [INFO] Loading WikiText... (SEQ_LEN=64, BATCH=32)
2026-04-03 00:42:10 [INFO] [Rank 3] Loading weights...
2026-04-03 00:42:11 [INFO] [Rank 2] Loading weights...
2026-04-03 00:42:22 [INFO] [Rank 3] Weights loaded.
2026-04-03 00:42:23 [INFO] [Rank 1] Loading weights...
2026-04-03 00:42:23 [INFO] [Rank 2] Weights loaded.
2026-04-03 00:42:35 [INFO] [Rank 1] Weights loaded.
2026-04-03 00:42:48 [INFO] [Rank 0] Loading weights...
2026-04-03 00:43:02 [INFO] [Rank 0] Weights loaded.
2026-04-03 00:49:26 [ERROR] [Rank 0] OOM
2026-04-03 00:49:26 [ERROR] [Rank 1] Unexpected exception:
Traceback (most recent call last):
  File "/home/anurag_dutt/scripts/benchmark_pipeline_microbatching.py", line 530, in run_pipeline
    decode_recv_handles[mb_idx].wait()
  File "/home/anurag_dutt/scripts/mig_transport_pipeline_non_blocking.py", line 121, in wait
    _ORIGINAL_SEND(
  File "/home/anurag_dutt/scripts/mig_env/lib/python3.10/site-packages/torch/distributed/c10d_logger.py", line 81, in wrapper
    return func(*args, **kwargs)
  File "/home/anurag_dutt/scripts/mig_env/lib/python3.10/site-packages/torch/distributed/distributed_c10d.py", line 2496, in send
    work.wait()
RuntimeError: [/pytorch/third_party/gloo/gloo/transport/tcp/pair.cc:547] Connection closed by peer [10.128.0.8]:21158

2026-04-03 00:49:26 [ERROR] [Rank 2] Unexpected exception:
Traceback (most recent call last):
  File "/home/anurag_dutt/scripts/benchmark_pipeline_microbatching.py", line 530, in run_pipeline
    decode_recv_handles[mb_idx].wait()
  File "/home/anurag_dutt/scripts/mig_transport_pipeline_non_blocking.py", line 113, in wait
    self._dist_handle.wait()
RuntimeError: [/pytorch/third_party/gloo/gloo/transport/tcp/pair.cc:547] Connection closed by peer [10.128.0.8]:29364

2026-04-03 00:49:26 [ERROR] [Rank 3] Unexpected exception:
Traceback (most recent call last):
  File "/home/anurag_dutt/scripts/benchmark_pipeline_microbatching.py", line 530, in run_pipeline
    decode_recv_handles[mb_idx].wait()
  File "/home/anurag_dutt/scripts/mig_transport_pipeline_non_blocking.py", line 113, in wait
    self._dist_handle.wait()
RuntimeError: [/pytorch/third_party/gloo/gloo/transport/tcp/pair.cc:547] Connection closed by peer [10.128.0.8]:13713

2026-04-03 00:49:30 [WARNING] OOM on Rank 0 — skipping.
2026-04-03 00:49:30 [INFO] [23/63] Split [21, 10, 5, 4] | Batch: 64 | Microbatch: 32 | Microbatches: 2
2026-04-03 00:49:30 [INFO] Loading WikiText... (SEQ_LEN=64, BATCH=64)
2026-04-03 00:49:50 [INFO] [Rank 3] Loading weights...
2026-04-03 00:49:51 [INFO] [Rank 2] Loading weights...
2026-04-03 00:50:02 [INFO] [Rank 3] Weights loaded.
2026-04-03 00:50:02 [INFO] [Rank 1] Loading weights...
2026-04-03 00:50:03 [INFO] [Rank 2] Weights loaded.
2026-04-03 00:50:14 [INFO] [Rank 1] Weights loaded.
2026-04-03 00:50:27 [INFO] [Rank 0] Loading weights...
2026-04-03 00:50:41 [INFO] [Rank 0] Weights loaded.
2026-04-03 00:51:38 [ERROR] [Rank 0] OOM
2026-04-03 00:51:38 [ERROR] [Rank 1] Unexpected exception:
Traceback (most recent call last):
  File "/home/anurag_dutt/scripts/benchmark_pipeline_microbatching.py", line 530, in run_pipeline
    decode_recv_handles[mb_idx].wait()
  File "/home/anurag_dutt/scripts/mig_transport_pipeline_non_blocking.py", line 121, in wait
    _ORIGINAL_SEND(
  File "/home/anurag_dutt/scripts/mig_env/lib/python3.10/site-packages/torch/distributed/c10d_logger.py", line 81, in wrapper
    return func(*args, **kwargs)
  File "/home/anurag_dutt/scripts/mig_env/lib/python3.10/site-packages/torch/distributed/distributed_c10d.py", line 2496, in send
    work.wait()
RuntimeError: [/pytorch/third_party/gloo/gloo/transport/tcp/pair.cc:547] Connection closed by peer [10.128.0.8]:9934

2026-04-03 00:51:38 [ERROR] [Rank 2] Unexpected exception:
Traceback (most recent call last):
  File "/home/anurag_dutt/scripts/benchmark_pipeline_microbatching.py", line 530, in run_pipeline
    decode_recv_handles[mb_idx].wait()
  File "/home/anurag_dutt/scripts/mig_transport_pipeline_non_blocking.py", line 113, in wait
    self._dist_handle.wait()
RuntimeError: [/pytorch/third_party/gloo/gloo/transport/tcp/pair.cc:547] Connection closed by peer [10.128.0.8]:64720

2026-04-03 00:51:38 [ERROR] [Rank 3] Unexpected exception:
Traceback (most recent call last):
  File "/home/anurag_dutt/scripts/benchmark_pipeline_microbatching.py", line 530, in run_pipeline
    decode_recv_handles[mb_idx].wait()
  File "/home/anurag_dutt/scripts/mig_transport_pipeline_non_blocking.py", line 113, in wait
    self._dist_handle.wait()
RuntimeError: [/pytorch/third_party/gloo/gloo/transport/tcp/pair.cc:547] Connection closed by peer [10.128.0.8]:5343

2026-04-03 00:51:42 [WARNING] OOM on Rank 0 — skipping.
2026-04-03 00:51:42 [INFO] [24/63] Split [21, 10, 5, 4] | Batch: 64 | Microbatch: 16 | Microbatches: 4
2026-04-03 00:51:42 [INFO] Loading WikiText... (SEQ_LEN=64, BATCH=64)
2026-04-03 00:52:01 [INFO] [Rank 3] Loading weights...
2026-04-03 00:52:02 [INFO] [Rank 2] Loading weights...
2026-04-03 00:52:13 [INFO] [Rank 3] Weights loaded.
2026-04-03 00:52:14 [INFO] [Rank 1] Loading weights...
2026-04-03 00:52:14 [INFO] [Rank 2] Weights loaded.
2026-04-03 00:52:26 [INFO] [Rank 1] Weights loaded.
2026-04-03 00:52:39 [INFO] [Rank 0] Loading weights...
2026-04-03 00:52:53 [INFO] [Rank 0] Weights loaded.
2026-04-03 00:54:16 [ERROR] [Rank 0] OOM
2026-04-03 00:54:16 [ERROR] [Rank 1] Unexpected exception:
Traceback (most recent call last):
  File "/home/anurag_dutt/scripts/benchmark_pipeline_microbatching.py", line 530, in run_pipeline
    decode_recv_handles[mb_idx].wait()
  File "/home/anurag_dutt/scripts/mig_transport_pipeline_non_blocking.py", line 121, in wait
    _ORIGINAL_SEND(
  File "/home/anurag_dutt/scripts/mig_env/lib/python3.10/site-packages/torch/distributed/c10d_logger.py", line 81, in wrapper
    return func(*args, **kwargs)
  File "/home/anurag_dutt/scripts/mig_env/lib/python3.10/site-packages/torch/distributed/distributed_c10d.py", line 2496, in send
    work.wait()
RuntimeError: [/pytorch/third_party/gloo/gloo/transport/tcp/pair.cc:547] Connection closed by peer [10.128.0.8]:4485

2026-04-03 00:54:16 [ERROR] [Rank 2] Unexpected exception:
Traceback (most recent call last):
  File "/home/anurag_dutt/scripts/benchmark_pipeline_microbatching.py", line 530, in run_pipeline
    decode_recv_handles[mb_idx].wait()
  File "/home/anurag_dutt/scripts/mig_transport_pipeline_non_blocking.py", line 113, in wait
    self._dist_handle.wait()
RuntimeError: [/pytorch/third_party/gloo/gloo/transport/tcp/pair.cc:547] Connection closed by peer [10.128.0.8]:5031

2026-04-03 00:54:16 [ERROR] [Rank 3] Unexpected exception:
Traceback (most recent call last):
  File "/home/anurag_dutt/scripts/benchmark_pipeline_microbatching.py", line 530, in run_pipeline
    decode_recv_handles[mb_idx].wait()
  File "/home/anurag_dutt/scripts/mig_transport_pipeline_non_blocking.py", line 113, in wait
    self._dist_handle.wait()
RuntimeError: [/pytorch/third_party/gloo/gloo/transport/tcp/pair.cc:547] Connection closed by peer [10.128.0.8]:47012

2026-04-03 00:54:20 [WARNING] OOM on Rank 0 — skipping.
2026-04-03 00:54:20 [INFO] [25/63] Split [21, 10, 5, 4] | Batch: 64 | Microbatch: 8 | Microbatches: 8
2026-04-03 00:54:20 [INFO] Loading WikiText... (SEQ_LEN=64, BATCH=64)
2026-04-03 00:54:39 [INFO] [Rank 3] Loading weights...
2026-04-03 00:54:40 [INFO] [Rank 2] Loading weights...
2026-04-03 00:54:51 [INFO] [Rank 3] Weights loaded.
2026-04-03 00:54:52 [INFO] [Rank 1] Loading weights...
2026-04-03 00:54:52 [INFO] [Rank 2] Weights loaded.
2026-04-03 00:55:04 [INFO] [Rank 1] Weights loaded.
2026-04-03 00:55:17 [INFO] [Rank 0] Loading weights...
2026-04-03 00:55:31 [INFO] [Rank 0] Weights loaded.
2026-04-03 00:57:41 [ERROR] [Rank 0] OOM
2026-04-03 00:57:41 [ERROR] [Rank 1] Unexpected exception:
Traceback (most recent call last):
  File "/home/anurag_dutt/scripts/benchmark_pipeline_microbatching.py", line 530, in run_pipeline
    decode_recv_handles[mb_idx].wait()
  File "/home/anurag_dutt/scripts/mig_transport_pipeline_non_blocking.py", line 121, in wait
    _ORIGINAL_SEND(
  File "/home/anurag_dutt/scripts/mig_env/lib/python3.10/site-packages/torch/distributed/c10d_logger.py", line 81, in wrapper
    return func(*args, **kwargs)
  File "/home/anurag_dutt/scripts/mig_env/lib/python3.10/site-packages/torch/distributed/distributed_c10d.py", line 2496, in send
    work.wait()
RuntimeError: [/pytorch/third_party/gloo/gloo/transport/tcp/pair.cc:547] Connection closed by peer [10.128.0.8]:65188

2026-04-03 00:57:41 [ERROR] [Rank 2] Unexpected exception:
Traceback (most recent call last):
  File "/home/anurag_dutt/scripts/benchmark_pipeline_microbatching.py", line 530, in run_pipeline
    decode_recv_handles[mb_idx].wait()
  File "/home/anurag_dutt/scripts/mig_transport_pipeline_non_blocking.py", line 113, in wait
    self._dist_handle.wait()
RuntimeError: [/pytorch/third_party/gloo/gloo/transport/tcp/pair.cc:547] Connection closed by peer [10.128.0.8]:6296

2026-04-03 00:57:41 [ERROR] [Rank 3] Unexpected exception:
Traceback (most recent call last):
  File "/home/anurag_dutt/scripts/benchmark_pipeline_microbatching.py", line 530, in run_pipeline
    decode_recv_handles[mb_idx].wait()
  File "/home/anurag_dutt/scripts/mig_transport_pipeline_non_blocking.py", line 113, in wait
    self._dist_handle.wait()
RuntimeError: [/pytorch/third_party/gloo/gloo/transport/tcp/pair.cc:547] Connection closed by peer [10.128.0.8]:35980

2026-04-03 00:57:45 [WARNING] OOM on Rank 0 — skipping.
2026-04-03 00:57:45 [INFO] [26/63] Split [21, 10, 5, 4] | Batch: 64 | Microbatch: 4 | Microbatches: 16
2026-04-03 00:57:45 [INFO] Loading WikiText... (SEQ_LEN=64, BATCH=64)
2026-04-03 00:58:04 [INFO] [Rank 3] Loading weights...
2026-04-03 00:58:06 [INFO] [Rank 2] Loading weights...
2026-04-03 00:58:16 [INFO] [Rank 3] Weights loaded.
2026-04-03 00:58:17 [INFO] [Rank 1] Loading weights...
2026-04-03 00:58:17 [INFO] [Rank 2] Weights loaded.
2026-04-03 00:58:29 [INFO] [Rank 1] Weights loaded.
2026-04-03 00:58:42 [INFO] [Rank 0] Loading weights...
2026-04-03 00:58:56 [INFO] [Rank 0] Weights loaded.
2026-04-03 01:01:28 [ERROR] [Rank 0] OOM
2026-04-03 01:01:28 [ERROR] [Rank 1] Unexpected exception:
Traceback (most recent call last):
  File "/home/anurag_dutt/scripts/benchmark_pipeline_microbatching.py", line 530, in run_pipeline
    decode_recv_handles[mb_idx].wait()
  File "/home/anurag_dutt/scripts/mig_transport_pipeline_non_blocking.py", line 121, in wait
    _ORIGINAL_SEND(
  File "/home/anurag_dutt/scripts/mig_env/lib/python3.10/site-packages/torch/distributed/c10d_logger.py", line 81, in wrapper
    return func(*args, **kwargs)
  File "/home/anurag_dutt/scripts/mig_env/lib/python3.10/site-packages/torch/distributed/distributed_c10d.py", line 2496, in send
    work.wait()
RuntimeError: [/pytorch/third_party/gloo/gloo/transport/tcp/pair.cc:547] Connection closed by peer [10.128.0.8]:4522

2026-04-03 01:01:28 [ERROR] [Rank 2] Unexpected exception:
Traceback (most recent call last):
  File "/home/anurag_dutt/scripts/benchmark_pipeline_microbatching.py", line 530, in run_pipeline
    decode_recv_handles[mb_idx].wait()
  File "/home/anurag_dutt/scripts/mig_transport_pipeline_non_blocking.py", line 113, in wait
    self._dist_handle.wait()
RuntimeError: [/pytorch/third_party/gloo/gloo/transport/tcp/pair.cc:547] Connection closed by peer [10.128.0.8]:17585

2026-04-03 01:01:28 [ERROR] [Rank 3] Unexpected exception:
Traceback (most recent call last):
  File "/home/anurag_dutt/scripts/benchmark_pipeline_microbatching.py", line 530, in run_pipeline
    decode_recv_handles[mb_idx].wait()
  File "/home/anurag_dutt/scripts/mig_transport_pipeline_non_blocking.py", line 113, in wait
    self._dist_handle.wait()
RuntimeError: [/pytorch/third_party/gloo/gloo/transport/tcp/pair.cc:547] Connection closed by peer [10.128.0.8]:6051

2026-04-03 01:01:32 [WARNING] OOM on Rank 0 — skipping.
2026-04-03 01:01:32 [INFO] [27/63] Split [21, 10, 5, 4] | Batch: 64 | Microbatch: 2 | Microbatches: 32
2026-04-03 01:01:32 [INFO] Loading WikiText... (SEQ_LEN=64, BATCH=64)
2026-04-03 01:01:52 [INFO] [Rank 3] Loading weights...
2026-04-03 01:01:53 [INFO] [Rank 2] Loading weights...
2026-04-03 01:02:03 [INFO] [Rank 3] Weights loaded.
2026-04-03 01:02:04 [INFO] [Rank 1] Loading weights...
2026-04-03 01:02:05 [INFO] [Rank 2] Weights loaded.
2026-04-03 01:02:17 [INFO] [Rank 1] Weights loaded.
2026-04-03 01:02:30 [INFO] [Rank 0] Loading weights...
2026-04-03 01:02:43 [INFO] [Rank 0] Weights loaded.
2026-04-03 01:09:08 [ERROR] [Rank 0] OOM
2026-04-03 01:09:08 [ERROR] [Rank 1] Unexpected exception:
Traceback (most recent call last):
  File "/home/anurag_dutt/scripts/benchmark_pipeline_microbatching.py", line 530, in run_pipeline
    decode_recv_handles[mb_idx].wait()
  File "/home/anurag_dutt/scripts/mig_transport_pipeline_non_blocking.py", line 121, in wait
    _ORIGINAL_SEND(
  File "/home/anurag_dutt/scripts/mig_env/lib/python3.10/site-packages/torch/distributed/c10d_logger.py", line 81, in wrapper
    return func(*args, **kwargs)
  File "/home/anurag_dutt/scripts/mig_env/lib/python3.10/site-packages/torch/distributed/distributed_c10d.py", line 2496, in send
    work.wait()
RuntimeError: [/pytorch/third_party/gloo/gloo/transport/tcp/pair.cc:547] Connection closed by peer [10.128.0.8]:53460

2026-04-03 01:09:08 [ERROR] [Rank 2] Unexpected exception:
Traceback (most recent call last):
  File "/home/anurag_dutt/scripts/benchmark_pipeline_microbatching.py", line 530, in run_pipeline
    decode_recv_handles[mb_idx].wait()
  File "/home/anurag_dutt/scripts/mig_transport_pipeline_non_blocking.py", line 113, in wait
    self._dist_handle.wait()
RuntimeError: [/pytorch/third_party/gloo/gloo/transport/tcp/pair.cc:547] Connection closed by peer [10.128.0.8]:2236

2026-04-03 01:09:08 [ERROR] [Rank 3] Unexpected exception:
Traceback (most recent call last):
  File "/home/anurag_dutt/scripts/benchmark_pipeline_microbatching.py", line 530, in run_pipeline
    decode_recv_handles[mb_idx].wait()
  File "/home/anurag_dutt/scripts/mig_transport_pipeline_non_blocking.py", line 113, in wait
    self._dist_handle.wait()
RuntimeError: [/pytorch/third_party/gloo/gloo/transport/tcp/pair.cc:547] Connection closed by peer [10.128.0.8]:10124

2026-04-03 01:09:12 [WARNING] OOM on Rank 0 — skipping.
2026-04-03 01:09:12 [INFO] [28/63] Split [22, 8, 5, 5] | Batch: 32 | Microbatch: 16 | Microbatches: 2
2026-04-03 01:09:12 [INFO] Loading WikiText... (SEQ_LEN=64, BATCH=32)
2026-04-03 01:09:33 [INFO] [Rank 2] Loading weights...
2026-04-03 01:09:34 [INFO] [Rank 3] Loading weights...
2026-04-03 01:09:40 [INFO] [Rank 1] Loading weights...
2026-04-03 01:09:45 [INFO] [Rank 2] Weights loaded.
2026-04-03 01:09:47 [INFO] [Rank 3] Weights loaded.
2026-04-03 01:09:52 [INFO] [Rank 1] Weights loaded.
2026-04-03 01:10:12 [INFO] [Rank 0] Loading weights...
2026-04-03 01:10:26 [INFO] [Rank 0] Weights loaded.
2026-04-03 01:11:56 [ERROR] [Rank 3] OOM
2026-04-03 01:11:56 [ERROR] [Rank 0] Unexpected exception:
Traceback (most recent call last):
  File "/home/anurag_dutt/scripts/benchmark_pipeline_microbatching.py", line 561, in run_pipeline
    dist.recv(next_tokens, src=world_size - 1, tag=tok_tag)
  File "/home/anurag_dutt/scripts/mig_transport_pipeline_non_blocking.py", line 407, in patched_recv
    return _MIG_PIPE_ENGINE.recv(tensor, src, group=group, tag=tag)
  File "/home/anurag_dutt/scripts/mig_transport_pipeline_non_blocking.py", line 281, in recv
    _ORIGINAL_RECV(handshake, src=src, group=group, tag=tag)
  File "/home/anurag_dutt/scripts/mig_env/lib/python3.10/site-packages/torch/distributed/c10d_logger.py", line 81, in wrapper
    return func(*args, **kwargs)
  File "/home/anurag_dutt/scripts/mig_env/lib/python3.10/site-packages/torch/distributed/distributed_c10d.py", line 2529, in recv
    work.wait()
RuntimeError: [/pytorch/third_party/gloo/gloo/transport/tcp/pair.cc:547] Connection closed by peer [10.128.0.8]:27342

2026-04-03 01:11:56 [ERROR] [Rank 1] Unexpected exception:
Traceback (most recent call last):
  File "/home/anurag_dutt/scripts/benchmark_pipeline_microbatching.py", line 530, in run_pipeline
    decode_recv_handles[mb_idx].wait()
  File "/home/anurag_dutt/scripts/mig_transport_pipeline_non_blocking.py", line 113, in wait
    self._dist_handle.wait()
RuntimeError: [/pytorch/third_party/gloo/gloo/transport/tcp/pair.cc:547] Connection closed by peer [10.128.0.8]:48037

2026-04-03 01:11:56 [ERROR] [Rank 2] Unexpected exception:
Traceback (most recent call last):
  File "/home/anurag_dutt/scripts/benchmark_pipeline_microbatching.py", line 553, in run_pipeline
    h.wait()
  File "/home/anurag_dutt/scripts/mig_transport_pipeline_non_blocking.py", line 79, in wait
    _ORIGINAL_RECV(
  File "/home/anurag_dutt/scripts/mig_env/lib/python3.10/site-packages/torch/distributed/c10d_logger.py", line 81, in wrapper
    return func(*args, **kwargs)
  File "/home/anurag_dutt/scripts/mig_env/lib/python3.10/site-packages/torch/distributed/distributed_c10d.py", line 2529, in recv
    work.wait()
RuntimeError: [/pytorch/third_party/gloo/gloo/transport/tcp/pair.cc:547] Connection closed by peer [10.128.0.8]:18056

2026-04-03 01:12:00 [WARNING] OOM on Rank 3 — skipping.
2026-04-03 01:12:00 [INFO] [29/63] Split [22, 8, 5, 5] | Batch: 32 | Microbatch: 8 | Microbatches: 4
2026-04-03 01:12:00 [INFO] Loading WikiText... (SEQ_LEN=64, BATCH=32)
2026-04-03 01:12:21 [INFO] [Rank 2] Loading weights...
2026-04-03 01:12:22 [INFO] [Rank 3] Loading weights...
2026-04-03 01:12:28 [INFO] [Rank 1] Loading weights...
2026-04-03 01:12:33 [INFO] [Rank 2] Weights loaded.
2026-04-03 01:12:34 [INFO] [Rank 3] Weights loaded.
2026-04-03 01:12:40 [INFO] [Rank 1] Weights loaded.
2026-04-03 01:13:00 [INFO] [Rank 0] Loading weights...
2026-04-03 01:13:14 [INFO] [Rank 0] Weights loaded.
2026-04-03 01:15:39 [ERROR] [Rank 0] OOM
2026-04-03 01:15:39 [ERROR] [Rank 1] Unexpected exception:
Traceback (most recent call last):
  File "/home/anurag_dutt/scripts/benchmark_pipeline_microbatching.py", line 530, in run_pipeline
    decode_recv_handles[mb_idx].wait()
  File "/home/anurag_dutt/scripts/mig_transport_pipeline_non_blocking.py", line 121, in wait
    _ORIGINAL_SEND(
  File "/home/anurag_dutt/scripts/mig_env/lib/python3.10/site-packages/torch/distributed/c10d_logger.py", line 81, in wrapper
    return func(*args, **kwargs)
  File "/home/anurag_dutt/scripts/mig_env/lib/python3.10/site-packages/torch/distributed/distributed_c10d.py", line 2496, in send
    work.wait()
RuntimeError: [/pytorch/third_party/gloo/gloo/transport/tcp/pair.cc:547] Connection closed by peer [10.128.0.8]:44975

2026-04-03 01:15:39 [ERROR] [Rank 2] Unexpected exception:
Traceback (most recent call last):
  File "/home/anurag_dutt/scripts/benchmark_pipeline_microbatching.py", line 530, in run_pipeline
    decode_recv_handles[mb_idx].wait()
  File "/home/anurag_dutt/scripts/mig_transport_pipeline_non_blocking.py", line 113, in wait
    self._dist_handle.wait()
RuntimeError: [/pytorch/third_party/gloo/gloo/transport/tcp/pair.cc:547] Connection closed by peer [10.128.0.8]:2785

2026-04-03 01:15:39 [ERROR] [Rank 3] Unexpected exception:
Traceback (most recent call last):
  File "/home/anurag_dutt/scripts/benchmark_pipeline_microbatching.py", line 530, in run_pipeline
    decode_recv_handles[mb_idx].wait()
  File "/home/anurag_dutt/scripts/mig_transport_pipeline_non_blocking.py", line 113, in wait
    self._dist_handle.wait()
RuntimeError: [/pytorch/third_party/gloo/gloo/transport/tcp/pair.cc:547] Connection closed by peer [10.128.0.8]:3462

2026-04-03 01:15:43 [WARNING] OOM on Rank 0 — skipping.
2026-04-03 01:15:43 [INFO] [30/63] Split [22, 8, 5, 5] | Batch: 32 | Microbatch: 4 | Microbatches: 8
2026-04-03 01:15:43 [INFO] Loading WikiText... (SEQ_LEN=64, BATCH=32)
2026-04-03 01:16:03 [INFO] [Rank 2] Loading weights...
2026-04-03 01:16:04 [INFO] [Rank 3] Loading weights...
2026-04-03 01:16:10 [INFO] [Rank 1] Loading weights...
2026-04-03 01:16:15 [INFO] [Rank 2] Weights loaded.
2026-04-03 01:16:17 [INFO] [Rank 3] Weights loaded.
2026-04-03 01:16:22 [INFO] [Rank 1] Weights loaded.
2026-04-03 01:16:42 [INFO] [Rank 0] Loading weights...
2026-04-03 01:16:56 [INFO] [Rank 0] Weights loaded.
2026-04-03 01:19:54 [ERROR] [Rank 0] OOM
2026-04-03 01:19:54 [ERROR] [Rank 1] Unexpected exception:
Traceback (most recent call last):
  File "/home/anurag_dutt/scripts/benchmark_pipeline_microbatching.py", line 530, in run_pipeline
    decode_recv_handles[mb_idx].wait()
  File "/home/anurag_dutt/scripts/mig_transport_pipeline_non_blocking.py", line 121, in wait
    _ORIGINAL_SEND(
  File "/home/anurag_dutt/scripts/mig_env/lib/python3.10/site-packages/torch/distributed/c10d_logger.py", line 81, in wrapper
    return func(*args, **kwargs)
  File "/home/anurag_dutt/scripts/mig_env/lib/python3.10/site-packages/torch/distributed/distributed_c10d.py", line 2496, in send
    work.wait()
RuntimeError: [/pytorch/third_party/gloo/gloo/transport/tcp/pair.cc:547] Connection closed by peer [10.128.0.8]:52641

2026-04-03 01:19:54 [ERROR] [Rank 2] Unexpected exception:
Traceback (most recent call last):
  File "/home/anurag_dutt/scripts/benchmark_pipeline_microbatching.py", line 530, in run_pipeline
    decode_recv_handles[mb_idx].wait()
  File "/home/anurag_dutt/scripts/mig_transport_pipeline_non_blocking.py", line 113, in wait
    self._dist_handle.wait()
RuntimeError: [/pytorch/third_party/gloo/gloo/transport/tcp/pair.cc:547] Connection closed by peer [10.128.0.8]:35035

2026-04-03 01:19:55 [ERROR] [Rank 3] Unexpected exception:
Traceback (most recent call last):
  File "/home/anurag_dutt/scripts/benchmark_pipeline_microbatching.py", line 530, in run_pipeline
    decode_recv_handles[mb_idx].wait()
  File "/home/anurag_dutt/scripts/mig_transport_pipeline_non_blocking.py", line 113, in wait
    self._dist_handle.wait()
RuntimeError: [/pytorch/third_party/gloo/gloo/transport/tcp/pair.cc:547] Connection closed by peer [10.128.0.8]:32691

2026-04-03 01:19:58 [WARNING] OOM on Rank 0 — skipping.
2026-04-03 01:19:58 [INFO] [31/63] Split [22, 8, 5, 5] | Batch: 32 | Microbatch: 2 | Microbatches: 16
2026-04-03 01:19:58 [INFO] Loading WikiText... (SEQ_LEN=64, BATCH=32)
2026-04-03 01:20:19 [INFO] [Rank 2] Loading weights...
2026-04-03 01:20:20 [INFO] [Rank 3] Loading weights...
2026-04-03 01:20:26 [INFO] [Rank 1] Loading weights...
2026-04-03 01:20:31 [INFO] [Rank 2] Weights loaded.
2026-04-03 01:20:32 [INFO] [Rank 3] Weights loaded.
2026-04-03 01:20:38 [INFO] [Rank 1] Weights loaded.
2026-04-03 01:20:58 [INFO] [Rank 0] Loading weights...
2026-04-03 01:21:12 [INFO] [Rank 0] Weights loaded.
2026-04-03 01:27:40 [ERROR] [Rank 0] OOM
2026-04-03 01:27:40 [ERROR] [Rank 1] Unexpected exception:
Traceback (most recent call last):
  File "/home/anurag_dutt/scripts/benchmark_pipeline_microbatching.py", line 530, in run_pipeline
    decode_recv_handles[mb_idx].wait()
  File "/home/anurag_dutt/scripts/mig_transport_pipeline_non_blocking.py", line 121, in wait
    _ORIGINAL_SEND(
  File "/home/anurag_dutt/scripts/mig_env/lib/python3.10/site-packages/torch/distributed/c10d_logger.py", line 81, in wrapper
    return func(*args, **kwargs)
  File "/home/anurag_dutt/scripts/mig_env/lib/python3.10/site-packages/torch/distributed/distributed_c10d.py", line 2496, in send
    work.wait()
RuntimeError: [/pytorch/third_party/gloo/gloo/transport/tcp/pair.cc:547] Connection closed by peer [10.128.0.8]:682

2026-04-03 01:27:40 [ERROR] [Rank 2] Unexpected exception:
Traceback (most recent call last):
  File "/home/anurag_dutt/scripts/benchmark_pipeline_microbatching.py", line 530, in run_pipeline
    decode_recv_handles[mb_idx].wait()
  File "/home/anurag_dutt/scripts/mig_transport_pipeline_non_blocking.py", line 113, in wait
    self._dist_handle.wait()
RuntimeError: [/pytorch/third_party/gloo/gloo/transport/tcp/pair.cc:547] Connection closed by peer [10.128.0.8]:1417

2026-04-03 01:27:40 [ERROR] [Rank 3] Unexpected exception:
Traceback (most recent call last):
  File "/home/anurag_dutt/scripts/benchmark_pipeline_microbatching.py", line 530, in run_pipeline
    decode_recv_handles[mb_idx].wait()
  File "/home/anurag_dutt/scripts/mig_transport_pipeline_non_blocking.py", line 113, in wait
    self._dist_handle.wait()
RuntimeError: [/pytorch/third_party/gloo/gloo/transport/tcp/pair.cc:547] Connection closed by peer [10.128.0.8]:28805

2026-04-03 01:27:43 [WARNING] OOM on Rank 0 — skipping.
2026-04-03 01:27:43 [INFO] [32/63] Split [22, 8, 5, 5] | Batch: 64 | Microbatch: 32 | Microbatches: 2
2026-04-03 01:27:43 [INFO] Loading WikiText... (SEQ_LEN=64, BATCH=64)
2026-04-03 01:28:05 [INFO] [Rank 2] Loading weights...
2026-04-03 01:28:06 [INFO] [Rank 3] Loading weights...
2026-04-03 01:28:11 [INFO] [Rank 1] Loading weights...
2026-04-03 01:28:17 [INFO] [Rank 2] Weights loaded.
2026-04-03 01:28:18 [INFO] [Rank 3] Weights loaded.
2026-04-03 01:28:24 [INFO] [Rank 1] Weights loaded.
2026-04-03 01:28:43 [INFO] [Rank 0] Loading weights...
2026-04-03 01:28:57 [INFO] [Rank 0] Weights loaded.
2026-04-03 01:29:39 [ERROR] [Rank 3] OOM
2026-04-03 01:29:39 [ERROR] [Rank 0] Unexpected exception:
Traceback (most recent call last):
  File "/home/anurag_dutt/scripts/benchmark_pipeline_microbatching.py", line 561, in run_pipeline
    dist.recv(next_tokens, src=world_size - 1, tag=tok_tag)
  File "/home/anurag_dutt/scripts/mig_transport_pipeline_non_blocking.py", line 407, in patched_recv
    return _MIG_PIPE_ENGINE.recv(tensor, src, group=group, tag=tag)
  File "/home/anurag_dutt/scripts/mig_transport_pipeline_non_blocking.py", line 281, in recv
    _ORIGINAL_RECV(handshake, src=src, group=group, tag=tag)
  File "/home/anurag_dutt/scripts/mig_env/lib/python3.10/site-packages/torch/distributed/c10d_logger.py", line 81, in wrapper
    return func(*args, **kwargs)
  File "/home/anurag_dutt/scripts/mig_env/lib/python3.10/site-packages/torch/distributed/distributed_c10d.py", line 2529, in recv
    work.wait()
RuntimeError: [/pytorch/third_party/gloo/gloo/transport/tcp/pair.cc:547] Connection closed by peer [10.128.0.8]:30395

2026-04-03 01:29:39 [ERROR] [Rank 1] Unexpected exception:
Traceback (most recent call last):
  File "/home/anurag_dutt/scripts/benchmark_pipeline_microbatching.py", line 530, in run_pipeline
    decode_recv_handles[mb_idx].wait()
  File "/home/anurag_dutt/scripts/mig_transport_pipeline_non_blocking.py", line 113, in wait
    self._dist_handle.wait()
RuntimeError: [/pytorch/third_party/gloo/gloo/transport/tcp/pair.cc:547] Connection closed by peer [10.128.0.8]:10667

2026-04-03 01:29:39 [ERROR] [Rank 2] Unexpected exception:
Traceback (most recent call last):
  File "/home/anurag_dutt/scripts/benchmark_pipeline_microbatching.py", line 553, in run_pipeline
    h.wait()
  File "/home/anurag_dutt/scripts/mig_transport_pipeline_non_blocking.py", line 79, in wait
    _ORIGINAL_RECV(
  File "/home/anurag_dutt/scripts/mig_env/lib/python3.10/site-packages/torch/distributed/c10d_logger.py", line 81, in wrapper
    return func(*args, **kwargs)
  File "/home/anurag_dutt/scripts/mig_env/lib/python3.10/site-packages/torch/distributed/distributed_c10d.py", line 2529, in recv
    work.wait()
RuntimeError: [/pytorch/third_party/gloo/gloo/transport/tcp/pair.cc:547] Connection closed by peer [10.128.0.8]:31150

2026-04-03 01:29:43 [WARNING] OOM on Rank 3 — skipping.
2026-04-03 01:29:43 [INFO] [33/63] Split [22, 8, 5, 5] | Batch: 64 | Microbatch: 16 | Microbatches: 4
2026-04-03 01:29:43 [INFO] Loading WikiText... (SEQ_LEN=64, BATCH=64)
2026-04-03 01:30:03 [INFO] [Rank 2] Loading weights...
2026-04-03 01:30:04 [INFO] [Rank 3] Loading weights...
2026-04-03 01:30:10 [INFO] [Rank 1] Loading weights...
2026-04-03 01:30:15 [INFO] [Rank 2] Weights loaded.
2026-04-03 01:30:16 [INFO] [Rank 3] Weights loaded.
2026-04-03 01:30:22 [INFO] [Rank 1] Weights loaded.
2026-04-03 01:30:42 [INFO] [Rank 0] Loading weights...
2026-04-03 01:30:56 [INFO] [Rank 0] Weights loaded.
2026-04-03 01:32:01 [ERROR] [Rank 0] OOM
2026-04-03 01:32:01 [ERROR] [Rank 1] Unexpected exception:
Traceback (most recent call last):
  File "/home/anurag_dutt/scripts/benchmark_pipeline_microbatching.py", line 530, in run_pipeline
    decode_recv_handles[mb_idx].wait()
  File "/home/anurag_dutt/scripts/mig_transport_pipeline_non_blocking.py", line 121, in wait
    _ORIGINAL_SEND(
  File "/home/anurag_dutt/scripts/mig_env/lib/python3.10/site-packages/torch/distributed/c10d_logger.py", line 81, in wrapper
    return func(*args, **kwargs)
  File "/home/anurag_dutt/scripts/mig_env/lib/python3.10/site-packages/torch/distributed/distributed_c10d.py", line 2496, in send
    work.wait()
RuntimeError: [/pytorch/third_party/gloo/gloo/transport/tcp/pair.cc:547] Connection closed by peer [10.128.0.8]:32401

2026-04-03 01:32:01 [ERROR] [Rank 2] Unexpected exception:
Traceback (most recent call last):
  File "/home/anurag_dutt/scripts/benchmark_pipeline_microbatching.py", line 530, in run_pipeline
    decode_recv_handles[mb_idx].wait()
  File "/home/anurag_dutt/scripts/mig_transport_pipeline_non_blocking.py", line 113, in wait
    self._dist_handle.wait()
RuntimeError: [/pytorch/third_party/gloo/gloo/transport/tcp/pair.cc:547] Connection closed by peer [10.128.0.8]:29622

2026-04-03 01:32:01 [ERROR] [Rank 3] Unexpected exception:
Traceback (most recent call last):
  File "/home/anurag_dutt/scripts/benchmark_pipeline_microbatching.py", line 530, in run_pipeline
    decode_recv_handles[mb_idx].wait()
  File "/home/anurag_dutt/scripts/mig_transport_pipeline_non_blocking.py", line 113, in wait
    self._dist_handle.wait()
RuntimeError: [/pytorch/third_party/gloo/gloo/transport/tcp/pair.cc:547] Connection closed by peer [10.128.0.8]:10958

2026-04-03 01:32:05 [WARNING] OOM on Rank 0 — skipping.
2026-04-03 01:32:05 [INFO] [34/63] Split [22, 8, 5, 5] | Batch: 64 | Microbatch: 8 | Microbatches: 8
2026-04-03 01:32:05 [INFO] Loading WikiText... (SEQ_LEN=64, BATCH=64)
2026-04-03 01:32:25 [INFO] [Rank 2] Loading weights...
2026-04-03 01:32:27 [INFO] [Rank 3] Loading weights...
2026-04-03 01:32:32 [INFO] [Rank 1] Loading weights...
2026-04-03 01:32:38 [INFO] [Rank 2] Weights loaded.
2026-04-03 01:32:39 [INFO] [Rank 3] Weights loaded.
2026-04-03 01:32:44 [INFO] [Rank 1] Weights loaded.
2026-04-03 01:33:04 [INFO] [Rank 0] Loading weights...
2026-04-03 01:33:18 [INFO] [Rank 0] Weights loaded.
2026-04-03 01:34:48 [ERROR] [Rank 0] OOM
2026-04-03 01:34:48 [ERROR] [Rank 1] Unexpected exception:
Traceback (most recent call last):
  File "/home/anurag_dutt/scripts/benchmark_pipeline_microbatching.py", line 530, in run_pipeline
    decode_recv_handles[mb_idx].wait()
  File "/home/anurag_dutt/scripts/mig_transport_pipeline_non_blocking.py", line 121, in wait
    _ORIGINAL_SEND(
  File "/home/anurag_dutt/scripts/mig_env/lib/python3.10/site-packages/torch/distributed/c10d_logger.py", line 81, in wrapper
    return func(*args, **kwargs)
  File "/home/anurag_dutt/scripts/mig_env/lib/python3.10/site-packages/torch/distributed/distributed_c10d.py", line 2496, in send
    work.wait()
RuntimeError: [/pytorch/third_party/gloo/gloo/transport/tcp/pair.cc:547] Connection closed by peer [10.128.0.8]:6844

2026-04-03 01:34:48 [ERROR] [Rank 2] Unexpected exception:
Traceback (most recent call last):
  File "/home/anurag_dutt/scripts/benchmark_pipeline_microbatching.py", line 530, in run_pipeline
    decode_recv_handles[mb_idx].wait()
  File "/home/anurag_dutt/scripts/mig_transport_pipeline_non_blocking.py", line 113, in wait
    self._dist_handle.wait()
RuntimeError: [/pytorch/third_party/gloo/gloo/transport/tcp/pair.cc:547] Connection closed by peer [10.128.0.8]:2486

2026-04-03 01:34:48 [ERROR] [Rank 3] Unexpected exception:
Traceback (most recent call last):
  File "/home/anurag_dutt/scripts/benchmark_pipeline_microbatching.py", line 530, in run_pipeline
    decode_recv_handles[mb_idx].wait()
  File "/home/anurag_dutt/scripts/mig_transport_pipeline_non_blocking.py", line 113, in wait
    self._dist_handle.wait()
RuntimeError: [/pytorch/third_party/gloo/gloo/transport/tcp/pair.cc:547] Connection closed by peer [10.128.0.8]:31126

2026-04-03 01:34:52 [WARNING] OOM on Rank 0 — skipping.
2026-04-03 01:34:52 [INFO] [35/63] Split [22, 8, 5, 5] | Batch: 64 | Microbatch: 4 | Microbatches: 16
2026-04-03 01:34:52 [INFO] Loading WikiText... (SEQ_LEN=64, BATCH=64)
2026-04-03 01:35:13 [INFO] [Rank 2] Loading weights...
2026-04-03 01:35:14 [INFO] [Rank 3] Loading weights...
2026-04-03 01:35:20 [INFO] [Rank 1] Loading weights...
2026-04-03 01:35:25 [INFO] [Rank 2] Weights loaded.
2026-04-03 01:35:26 [INFO] [Rank 3] Weights loaded.
2026-04-03 01:35:32 [INFO] [Rank 1] Weights loaded.
2026-04-03 01:35:52 [INFO] [Rank 0] Loading weights...
2026-04-03 01:36:06 [INFO] [Rank 0] Weights loaded.
2026-04-03 01:38:39 [ERROR] [Rank 0] OOM
2026-04-03 01:38:39 [ERROR] [Rank 1] Unexpected exception:
Traceback (most recent call last):
  File "/home/anurag_dutt/scripts/benchmark_pipeline_microbatching.py", line 530, in run_pipeline
    decode_recv_handles[mb_idx].wait()
  File "/home/anurag_dutt/scripts/mig_transport_pipeline_non_blocking.py", line 121, in wait
    _ORIGINAL_SEND(
  File "/home/anurag_dutt/scripts/mig_env/lib/python3.10/site-packages/torch/distributed/c10d_logger.py", line 81, in wrapper
    return func(*args, **kwargs)
  File "/home/anurag_dutt/scripts/mig_env/lib/python3.10/site-packages/torch/distributed/distributed_c10d.py", line 2496, in send
    work.wait()
RuntimeError: [/pytorch/third_party/gloo/gloo/transport/tcp/pair.cc:547] Connection closed by peer [10.128.0.8]:10146

2026-04-03 01:38:39 [ERROR] [Rank 2] Unexpected exception:
Traceback (most recent call last):
  File "/home/anurag_dutt/scripts/benchmark_pipeline_microbatching.py", line 530, in run_pipeline
    decode_recv_handles[mb_idx].wait()
  File "/home/anurag_dutt/scripts/mig_transport_pipeline_non_blocking.py", line 113, in wait
    self._dist_handle.wait()
RuntimeError: [/pytorch/third_party/gloo/gloo/transport/tcp/pair.cc:547] Connection closed by peer [10.128.0.8]:16284

2026-04-03 01:38:39 [ERROR] [Rank 3] Unexpected exception:
Traceback (most recent call last):
  File "/home/anurag_dutt/scripts/benchmark_pipeline_microbatching.py", line 530, in run_pipeline
    decode_recv_handles[mb_idx].wait()
  File "/home/anurag_dutt/scripts/mig_transport_pipeline_non_blocking.py", line 113, in wait
    self._dist_handle.wait()
RuntimeError: [/pytorch/third_party/gloo/gloo/transport/tcp/pair.cc:547] Connection closed by peer [10.128.0.8]:22153

2026-04-03 01:38:43 [WARNING] OOM on Rank 0 — skipping.
2026-04-03 01:38:43 [INFO] [36/63] Split [22, 8, 5, 5] | Batch: 64 | Microbatch: 2 | Microbatches: 32
2026-04-03 01:38:43 [INFO] Loading WikiText... (SEQ_LEN=64, BATCH=64)
2026-04-03 01:39:04 [INFO] [Rank 2] Loading weights...
2026-04-03 01:39:05 [INFO] [Rank 3] Loading weights...
2026-04-03 01:39:11 [INFO] [Rank 1] Loading weights...
2026-04-03 01:39:16 [INFO] [Rank 2] Weights loaded.
2026-04-03 01:39:17 [INFO] [Rank 3] Weights loaded.
2026-04-03 01:39:23 [INFO] [Rank 1] Weights loaded.
2026-04-03 01:39:43 [INFO] [Rank 0] Loading weights...
2026-04-03 01:39:57 [INFO] [Rank 0] Weights loaded.
2026-04-03 01:46:25 [ERROR] [Rank 0] OOM
2026-04-03 01:46:25 [ERROR] [Rank 1] Unexpected exception:
Traceback (most recent call last):
  File "/home/anurag_dutt/scripts/benchmark_pipeline_microbatching.py", line 530, in run_pipeline
    decode_recv_handles[mb_idx].wait()
  File "/home/anurag_dutt/scripts/mig_transport_pipeline_non_blocking.py", line 121, in wait
    _ORIGINAL_SEND(
  File "/home/anurag_dutt/scripts/mig_env/lib/python3.10/site-packages/torch/distributed/c10d_logger.py", line 81, in wrapper
    return func(*args, **kwargs)
  File "/home/anurag_dutt/scripts/mig_env/lib/python3.10/site-packages/torch/distributed/distributed_c10d.py", line 2496, in send
    work.wait()
RuntimeError: [/pytorch/third_party/gloo/gloo/transport/tcp/pair.cc:547] Connection closed by peer [10.128.0.8]:40155

2026-04-03 01:46:25 [ERROR] [Rank 2] Unexpected exception:
Traceback (most recent call last):
  File "/home/anurag_dutt/scripts/benchmark_pipeline_microbatching.py", line 530, in run_pipeline
    decode_recv_handles[mb_idx].wait()
  File "/home/anurag_dutt/scripts/mig_transport_pipeline_non_blocking.py", line 113, in wait
    self._dist_handle.wait()
RuntimeError: [/pytorch/third_party/gloo/gloo/transport/tcp/pair.cc:547] Connection closed by peer [10.128.0.8]:2240

2026-04-03 01:46:25 [ERROR] [Rank 3] Unexpected exception:
Traceback (most recent call last):
  File "/home/anurag_dutt/scripts/benchmark_pipeline_microbatching.py", line 530, in run_pipeline
    decode_recv_handles[mb_idx].wait()
  File "/home/anurag_dutt/scripts/mig_transport_pipeline_non_blocking.py", line 113, in wait
    self._dist_handle.wait()
RuntimeError: [/pytorch/third_party/gloo/gloo/transport/tcp/pair.cc:547] Connection closed by peer [10.128.0.8]:42639

2026-04-03 01:46:29 [WARNING] OOM on Rank 0 — skipping.
2026-04-03 01:46:29 [INFO] [37/63] Split [22, 9, 5, 4] | Batch: 32 | Microbatch: 16 | Microbatches: 2
2026-04-03 01:46:29 [INFO] Loading WikiText... (SEQ_LEN=64, BATCH=32)
2026-04-03 01:46:49 [INFO] [Rank 3] Loading weights...
2026-04-03 01:46:50 [INFO] [Rank 2] Loading weights...
2026-04-03 01:46:59 [INFO] [Rank 1] Loading weights...
2026-04-03 01:47:01 [INFO] [Rank 3] Weights loaded.
2026-04-03 01:47:02 [INFO] [Rank 2] Weights loaded.
2026-04-03 01:47:11 [INFO] [Rank 1] Weights loaded.
2026-04-03 01:47:29 [INFO] [Rank 0] Loading weights...
2026-04-03 01:47:43 [INFO] [Rank 0] Weights loaded.
2026-04-03 01:49:15 [ERROR] [Rank 0] OOM
2026-04-03 01:49:15 [ERROR] [Rank 1] Unexpected exception:
Traceback (most recent call last):
  File "/home/anurag_dutt/scripts/benchmark_pipeline_microbatching.py", line 530, in run_pipeline
    decode_recv_handles[mb_idx].wait()
  File "/home/anurag_dutt/scripts/mig_transport_pipeline_non_blocking.py", line 121, in wait
    _ORIGINAL_SEND(
  File "/home/anurag_dutt/scripts/mig_env/lib/python3.10/site-packages/torch/distributed/c10d_logger.py", line 81, in wrapper
    return func(*args, **kwargs)
  File "/home/anurag_dutt/scripts/mig_env/lib/python3.10/site-packages/torch/distributed/distributed_c10d.py", line 2496, in send
    work.wait()
RuntimeError: [/pytorch/third_party/gloo/gloo/transport/tcp/pair.cc:547] Connection closed by peer [10.128.0.8]:3491

2026-04-03 01:49:15 [ERROR] [Rank 2] Unexpected exception:
Traceback (most recent call last):
  File "/home/anurag_dutt/scripts/benchmark_pipeline_microbatching.py", line 530, in run_pipeline
    decode_recv_handles[mb_idx].wait()
  File "/home/anurag_dutt/scripts/mig_transport_pipeline_non_blocking.py", line 113, in wait
    self._dist_handle.wait()
RuntimeError: [/pytorch/third_party/gloo/gloo/transport/tcp/pair.cc:547] Connection closed by peer [10.128.0.8]:18325

2026-04-03 01:49:15 [ERROR] [Rank 3] Unexpected exception:
Traceback (most recent call last):
  File "/home/anurag_dutt/scripts/benchmark_pipeline_microbatching.py", line 530, in run_pipeline
    decode_recv_handles[mb_idx].wait()
  File "/home/anurag_dutt/scripts/mig_transport_pipeline_non_blocking.py", line 113, in wait
    self._dist_handle.wait()
RuntimeError: [/pytorch/third_party/gloo/gloo/transport/tcp/pair.cc:547] Connection closed by peer [10.128.0.8]:5815

2026-04-03 01:49:18 [WARNING] OOM on Rank 0 — skipping.
2026-04-03 01:49:18 [INFO] [38/63] Split [22, 9, 5, 4] | Batch: 32 | Microbatch: 8 | Microbatches: 4
2026-04-03 01:49:18 [INFO] Loading WikiText... (SEQ_LEN=64, BATCH=32)
2026-04-03 01:49:38 [INFO] [Rank 3] Loading weights...
2026-04-03 01:49:39 [INFO] [Rank 2] Loading weights...
2026-04-03 01:49:48 [INFO] [Rank 1] Loading weights...
2026-04-03 01:49:50 [INFO] [Rank 3] Weights loaded.
2026-04-03 01:49:51 [INFO] [Rank 2] Weights loaded.
2026-04-03 01:50:01 [INFO] [Rank 1] Weights loaded.
2026-04-03 01:50:18 [INFO] [Rank 0] Loading weights...
2026-04-03 01:50:32 [INFO] [Rank 0] Weights loaded.
2026-04-03 01:52:54 [ERROR] [Rank 0] OOM
2026-04-03 01:52:54 [ERROR] [Rank 1] Unexpected exception:
Traceback (most recent call last):
  File "/home/anurag_dutt/scripts/benchmark_pipeline_microbatching.py", line 530, in run_pipeline
    decode_recv_handles[mb_idx].wait()
  File "/home/anurag_dutt/scripts/mig_transport_pipeline_non_blocking.py", line 121, in wait
    _ORIGINAL_SEND(
  File "/home/anurag_dutt/scripts/mig_env/lib/python3.10/site-packages/torch/distributed/c10d_logger.py", line 81, in wrapper
    return func(*args, **kwargs)
  File "/home/anurag_dutt/scripts/mig_env/lib/python3.10/site-packages/torch/distributed/distributed_c10d.py", line 2496, in send
    work.wait()
RuntimeError: [/pytorch/third_party/gloo/gloo/transport/tcp/pair.cc:547] Connection closed by peer [10.128.0.8]:61871

2026-04-03 01:52:54 [ERROR] [Rank 2] Unexpected exception:
Traceback (most recent call last):
  File "/home/anurag_dutt/scripts/benchmark_pipeline_microbatching.py", line 530, in run_pipeline
    decode_recv_handles[mb_idx].wait()
  File "/home/anurag_dutt/scripts/mig_transport_pipeline_non_blocking.py", line 113, in wait
    self._dist_handle.wait()
RuntimeError: [/pytorch/third_party/gloo/gloo/transport/tcp/pair.cc:547] Connection closed by peer [10.128.0.8]:38628

2026-04-03 01:52:54 [ERROR] [Rank 3] Unexpected exception:
Traceback (most recent call last):
  File "/home/anurag_dutt/scripts/benchmark_pipeline_microbatching.py", line 530, in run_pipeline
    decode_recv_handles[mb_idx].wait()
  File "/home/anurag_dutt/scripts/mig_transport_pipeline_non_blocking.py", line 113, in wait
    self._dist_handle.wait()
RuntimeError: [/pytorch/third_party/gloo/gloo/transport/tcp/pair.cc:547] Connection closed by peer [10.128.0.8]:15759

2026-04-03 01:52:58 [WARNING] OOM on Rank 0 — skipping.
2026-04-03 01:52:58 [INFO] [39/63] Split [22, 9, 5, 4] | Batch: 32 | Microbatch: 4 | Microbatches: 8
2026-04-03 01:52:58 [INFO] Loading WikiText... (SEQ_LEN=64, BATCH=32)
2026-04-03 01:53:18 [INFO] [Rank 3] Loading weights...
2026-04-03 01:53:19 [INFO] [Rank 2] Loading weights...
2026-04-03 01:53:28 [INFO] [Rank 1] Loading weights...
2026-04-03 01:53:30 [INFO] [Rank 3] Weights loaded.
2026-04-03 01:53:31 [INFO] [Rank 2] Weights loaded.
2026-04-03 01:53:40 [INFO] [Rank 1] Weights loaded.
2026-04-03 01:53:58 [INFO] [Rank 0] Loading weights...
2026-04-03 01:54:12 [INFO] [Rank 0] Weights loaded.
2026-04-03 01:57:06 [ERROR] [Rank 0] OOM
2026-04-03 01:57:06 [ERROR] [Rank 1] Unexpected exception:
Traceback (most recent call last):
  File "/home/anurag_dutt/scripts/benchmark_pipeline_microbatching.py", line 530, in run_pipeline
    decode_recv_handles[mb_idx].wait()
  File "/home/anurag_dutt/scripts/mig_transport_pipeline_non_blocking.py", line 121, in wait
    _ORIGINAL_SEND(
  File "/home/anurag_dutt/scripts/mig_env/lib/python3.10/site-packages/torch/distributed/c10d_logger.py", line 81, in wrapper
    return func(*args, **kwargs)
  File "/home/anurag_dutt/scripts/mig_env/lib/python3.10/site-packages/torch/distributed/distributed_c10d.py", line 2496, in send
    work.wait()
RuntimeError: [/pytorch/third_party/gloo/gloo/transport/tcp/pair.cc:547] Connection closed by peer [10.128.0.8]:6378

2026-04-03 01:57:06 [ERROR] [Rank 2] Unexpected exception:
Traceback (most recent call last):
  File "/home/anurag_dutt/scripts/benchmark_pipeline_microbatching.py", line 530, in run_pipeline
    decode_recv_handles[mb_idx].wait()
  File "/home/anurag_dutt/scripts/mig_transport_pipeline_non_blocking.py", line 113, in wait
    self._dist_handle.wait()
RuntimeError: [/pytorch/third_party/gloo/gloo/transport/tcp/pair.cc:547] Connection closed by peer [10.128.0.8]:46259

2026-04-03 01:57:06 [ERROR] [Rank 3] Unexpected exception:
Traceback (most recent call last):
  File "/home/anurag_dutt/scripts/benchmark_pipeline_microbatching.py", line 530, in run_pipeline
    decode_recv_handles[mb_idx].wait()
  File "/home/anurag_dutt/scripts/mig_transport_pipeline_non_blocking.py", line 113, in wait
    self._dist_handle.wait()
RuntimeError: [/pytorch/third_party/gloo/gloo/transport/tcp/pair.cc:547] Connection closed by peer [10.128.0.8]:3465

2026-04-03 01:57:10 [WARNING] OOM on Rank 0 — skipping.
2026-04-03 01:57:10 [INFO] [40/63] Split [22, 9, 5, 4] | Batch: 32 | Microbatch: 2 | Microbatches: 16
2026-04-03 01:57:10 [INFO] Loading WikiText... (SEQ_LEN=64, BATCH=32)
2026-04-03 01:57:31 [INFO] [Rank 3] Loading weights...
2026-04-03 01:57:32 [INFO] [Rank 2] Loading weights...
2026-04-03 01:57:41 [INFO] [Rank 1] Loading weights...
2026-04-03 01:57:42 [INFO] [Rank 3] Weights loaded.
2026-04-03 01:57:44 [INFO] [Rank 2] Weights loaded.
2026-04-03 01:57:53 [INFO] [Rank 1] Weights loaded.
2026-04-03 01:58:11 [INFO] [Rank 0] Loading weights...
2026-04-03 01:58:25 [INFO] [Rank 0] Weights loaded.
2026-04-03 02:04:44 [ERROR] [Rank 0] OOM
2026-04-03 02:04:44 [ERROR] [Rank 1] Unexpected exception:
Traceback (most recent call last):
  File "/home/anurag_dutt/scripts/benchmark_pipeline_microbatching.py", line 530, in run_pipeline
    decode_recv_handles[mb_idx].wait()
  File "/home/anurag_dutt/scripts/mig_transport_pipeline_non_blocking.py", line 121, in wait
    _ORIGINAL_SEND(
  File "/home/anurag_dutt/scripts/mig_env/lib/python3.10/site-packages/torch/distributed/c10d_logger.py", line 81, in wrapper
    return func(*args, **kwargs)
  File "/home/anurag_dutt/scripts/mig_env/lib/python3.10/site-packages/torch/distributed/distributed_c10d.py", line 2496, in send
    work.wait()
RuntimeError: [/pytorch/third_party/gloo/gloo/transport/tcp/pair.cc:547] Connection closed by peer [10.128.0.8]:6069

2026-04-03 02:04:44 [ERROR] [Rank 2] Unexpected exception:
Traceback (most recent call last):
  File "/home/anurag_dutt/scripts/benchmark_pipeline_microbatching.py", line 530, in run_pipeline
    decode_recv_handles[mb_idx].wait()
  File "/home/anurag_dutt/scripts/mig_transport_pipeline_non_blocking.py", line 113, in wait
    self._dist_handle.wait()
RuntimeError: [/pytorch/third_party/gloo/gloo/transport/tcp/pair.cc:547] Connection closed by peer [10.128.0.8]:14995

2026-04-03 02:04:44 [ERROR] [Rank 3] Unexpected exception:
Traceback (most recent call last):
  File "/home/anurag_dutt/scripts/benchmark_pipeline_microbatching.py", line 530, in run_pipeline
    decode_recv_handles[mb_idx].wait()
  File "/home/anurag_dutt/scripts/mig_transport_pipeline_non_blocking.py", line 113, in wait
    self._dist_handle.wait()
RuntimeError: [/pytorch/third_party/gloo/gloo/transport/tcp/pair.cc:547] Connection closed by peer [10.128.0.8]:19360

2026-04-03 02:04:48 [WARNING] OOM on Rank 0 — skipping.
2026-04-03 02:04:48 [INFO] [41/63] Split [22, 9, 5, 4] | Batch: 64 | Microbatch: 32 | Microbatches: 2
2026-04-03 02:04:48 [INFO] Loading WikiText... (SEQ_LEN=64, BATCH=64)
2026-04-03 02:05:08 [INFO] [Rank 3] Loading weights...
2026-04-03 02:05:09 [INFO] [Rank 2] Loading weights...
2026-04-03 02:05:18 [INFO] [Rank 1] Loading weights...
2026-04-03 02:05:20 [INFO] [Rank 3] Weights loaded.
2026-04-03 02:05:21 [INFO] [Rank 2] Weights loaded.
2026-04-03 02:05:30 [INFO] [Rank 1] Weights loaded.
2026-04-03 02:05:48 [INFO] [Rank 0] Loading weights...
2026-04-03 02:06:02 [INFO] [Rank 0] Weights loaded.
2026-04-03 02:06:47 [ERROR] [Rank 0] OOM
2026-04-03 02:06:47 [ERROR] [Rank 1] Unexpected exception:
Traceback (most recent call last):
  File "/home/anurag_dutt/scripts/benchmark_pipeline_microbatching.py", line 530, in run_pipeline
    decode_recv_handles[mb_idx].wait()
  File "/home/anurag_dutt/scripts/mig_transport_pipeline_non_blocking.py", line 121, in wait
    _ORIGINAL_SEND(
  File "/home/anurag_dutt/scripts/mig_env/lib/python3.10/site-packages/torch/distributed/c10d_logger.py", line 81, in wrapper
    return func(*args, **kwargs)
  File "/home/anurag_dutt/scripts/mig_env/lib/python3.10/site-packages/torch/distributed/distributed_c10d.py", line 2496, in send
    work.wait()
RuntimeError: [/pytorch/third_party/gloo/gloo/transport/tcp/pair.cc:547] Connection closed by peer [10.128.0.8]:45696

2026-04-03 02:06:47 [ERROR] [Rank 2] Unexpected exception:
Traceback (most recent call last):
  File "/home/anurag_dutt/scripts/benchmark_pipeline_microbatching.py", line 530, in run_pipeline
    decode_recv_handles[mb_idx].wait()
  File "/home/anurag_dutt/scripts/mig_transport_pipeline_non_blocking.py", line 113, in wait
    self._dist_handle.wait()
RuntimeError: [/pytorch/third_party/gloo/gloo/transport/tcp/pair.cc:547] Connection closed by peer [10.128.0.8]:28598

2026-04-03 02:06:47 [ERROR] [Rank 3] Unexpected exception:
Traceback (most recent call last):
  File "/home/anurag_dutt/scripts/benchmark_pipeline_microbatching.py", line 530, in run_pipeline
    decode_recv_handles[mb_idx].wait()
  File "/home/anurag_dutt/scripts/mig_transport_pipeline_non_blocking.py", line 113, in wait
    self._dist_handle.wait()
RuntimeError: [/pytorch/third_party/gloo/gloo/transport/tcp/pair.cc:547] Connection closed by peer [10.128.0.8]:18146

2026-04-03 02:06:50 [WARNING] OOM on Rank 0 — skipping.
2026-04-03 02:06:50 [INFO] [42/63] Split [22, 9, 5, 4] | Batch: 64 | Microbatch: 16 | Microbatches: 4
2026-04-03 02:06:50 [INFO] Loading WikiText... (SEQ_LEN=64, BATCH=64)
2026-04-03 02:07:10 [INFO] [Rank 3] Loading weights...
2026-04-03 02:07:11 [INFO] [Rank 2] Loading weights...
2026-04-03 02:07:20 [INFO] [Rank 1] Loading weights...
2026-04-03 02:07:22 [INFO] [Rank 3] Weights loaded.
2026-04-03 02:07:23 [INFO] [Rank 2] Weights loaded.
2026-04-03 02:07:32 [INFO] [Rank 1] Weights loaded.
2026-04-03 02:07:50 [INFO] [Rank 0] Loading weights...
2026-04-03 02:08:04 [INFO] [Rank 0] Weights loaded.
2026-04-03 02:09:07 [ERROR] [Rank 0] OOM
2026-04-03 02:09:07 [ERROR] [Rank 1] Unexpected exception:
Traceback (most recent call last):
  File "/home/anurag_dutt/scripts/benchmark_pipeline_microbatching.py", line 530, in run_pipeline
    decode_recv_handles[mb_idx].wait()
  File "/home/anurag_dutt/scripts/mig_transport_pipeline_non_blocking.py", line 121, in wait
    _ORIGINAL_SEND(
  File "/home/anurag_dutt/scripts/mig_env/lib/python3.10/site-packages/torch/distributed/c10d_logger.py", line 81, in wrapper
    return func(*args, **kwargs)
  File "/home/anurag_dutt/scripts/mig_env/lib/python3.10/site-packages/torch/distributed/distributed_c10d.py", line 2496, in send
    work.wait()
RuntimeError: [/pytorch/third_party/gloo/gloo/transport/tcp/pair.cc:547] Connection closed by peer [10.128.0.8]:15528

2026-04-03 02:09:07 [ERROR] [Rank 2] Unexpected exception:
Traceback (most recent call last):
  File "/home/anurag_dutt/scripts/benchmark_pipeline_microbatching.py", line 530, in run_pipeline
    decode_recv_handles[mb_idx].wait()
  File "/home/anurag_dutt/scripts/mig_transport_pipeline_non_blocking.py", line 113, in wait
    self._dist_handle.wait()
RuntimeError: [/pytorch/third_party/gloo/gloo/transport/tcp/pair.cc:547] Connection closed by peer [10.128.0.8]:3458

2026-04-03 02:09:07 [ERROR] [Rank 3] Unexpected exception:
Traceback (most recent call last):
  File "/home/anurag_dutt/scripts/benchmark_pipeline_microbatching.py", line 530, in run_pipeline
    decode_recv_handles[mb_idx].wait()
  File "/home/anurag_dutt/scripts/mig_transport_pipeline_non_blocking.py", line 113, in wait
    self._dist_handle.wait()
RuntimeError: [/pytorch/third_party/gloo/gloo/transport/tcp/pair.cc:547] Connection closed by peer [10.128.0.8]:52131

2026-04-03 02:09:11 [WARNING] OOM on Rank 0 — skipping.
2026-04-03 02:09:11 [INFO] [43/63] Split [22, 9, 5, 4] | Batch: 64 | Microbatch: 8 | Microbatches: 8
2026-04-03 02:09:11 [INFO] Loading WikiText... (SEQ_LEN=64, BATCH=64)
2026-04-03 02:09:31 [INFO] [Rank 3] Loading weights...
2026-04-03 02:09:32 [INFO] [Rank 2] Loading weights...
2026-04-03 02:09:41 [INFO] [Rank 1] Loading weights...
2026-04-03 02:09:42 [INFO] [Rank 3] Weights loaded.
2026-04-03 02:09:44 [INFO] [Rank 2] Weights loaded.
2026-04-03 02:09:53 [INFO] [Rank 1] Weights loaded.
2026-04-03 02:12:55 [INFO] Setting up DCGM monitor group...
2026-04-03 02:12:55 [INFO] [1/63] Split [20, 10, 5, 5] | Batch: 32 | Microbatch: 16 | Microbatches: 2
2026-04-03 02:12:55 [INFO] Loading WikiText... (SEQ_LEN=64, BATCH=32)
