2026-04-08 14:31:45 [INFO] Setting up DCGM monitor group...
2026-04-08 14:31:45 [INFO] [1/441] Split [24, 10, 4, 2] | Batch: 8 | Microbatch: 4 | Microbatches: 2
2026-04-08 14:31:45 [INFO] Loading WikiText... (SEQ_LEN=64, BATCH=8)
2026-04-08 14:32:09 [INFO] [Rank 3] Loading weights...
2026-04-08 14:32:12 [INFO] [Rank 2] Loading weights...
2026-04-08 14:32:13 [INFO] [Rank 3] Weights loaded.
2026-04-08 14:32:16 [INFO] [Rank 2] Weights loaded.
2026-04-08 14:32:36 [INFO] [Rank 1] Loading weights...
2026-04-08 14:32:43 [INFO] [Rank 1] Weights loaded.
2026-04-08 14:33:35 [INFO] [Rank 0] Loading weights...
2026-04-08 14:33:47 [INFO] [Rank 0] Weights loaded.
2026-04-08 14:35:37 [INFO] [Rank 2] Finished. Latency: 109870 ms
2026-04-08 14:35:37 [INFO] [Rank 0] Finished. Latency: 109870 ms
2026-04-08 14:35:37 [INFO] [Rank 1] Finished. Latency: 109870 ms
2026-04-08 14:35:37 [INFO] [Rank 3] Finished. Latency: 109883 ms
2026-04-08 14:35:41 [INFO] Total latency:     109870 ms
2026-04-08 14:35:41 [INFO] Peak 5GB memory:   6070 MB
2026-04-08 14:35:41 [INFO] Avg  5GB memory:   3344 MB
2026-04-08 14:35:41 [INFO] [2/441] Split [24, 10, 4, 2] | Batch: 8 | Microbatch: 2 | Microbatches: 4
2026-04-08 14:35:41 [INFO] Loading WikiText... (SEQ_LEN=64, BATCH=8)
2026-04-08 14:36:04 [INFO] [Rank 3] Loading weights...
2026-04-08 14:36:07 [INFO] [Rank 2] Loading weights...
2026-04-08 14:36:07 [INFO] [Rank 3] Weights loaded.
2026-04-08 14:36:11 [INFO] [Rank 2] Weights loaded.
2026-04-08 14:36:30 [INFO] [Rank 1] Loading weights...
2026-04-08 14:36:37 [INFO] [Rank 1] Weights loaded.
2026-04-08 14:37:28 [INFO] [Rank 0] Loading weights...
2026-04-08 14:37:41 [INFO] [Rank 0] Weights loaded.
2026-04-08 14:41:15 [INFO] [Rank 1] Finished. Latency: 213899 ms
2026-04-08 14:41:15 [INFO] [Rank 2] Finished. Latency: 213899 ms
2026-04-08 14:41:15 [INFO] [Rank 0] Finished. Latency: 213899 ms
2026-04-08 14:41:15 [INFO] [Rank 3] Finished. Latency: 213913 ms
2026-04-08 14:41:19 [INFO] Total latency:     213899 ms
2026-04-08 14:41:19 [INFO] Peak 5GB memory:   6070 MB
2026-04-08 14:41:19 [INFO] Avg  5GB memory:   3423 MB
2026-04-08 14:41:19 [INFO] [3/441] Split [24, 10, 4, 2] | Batch: 16 | Microbatch: 8 | Microbatches: 2
2026-04-08 14:41:19 [INFO] Loading WikiText... (SEQ_LEN=64, BATCH=16)
2026-04-08 14:41:41 [INFO] [Rank 3] Loading weights...
2026-04-08 14:41:44 [INFO] [Rank 2] Loading weights...
2026-04-08 14:41:44 [INFO] [Rank 3] Weights loaded.
2026-04-08 14:41:48 [INFO] [Rank 2] Weights loaded.
2026-04-08 14:42:07 [INFO] [Rank 1] Loading weights...
2026-04-08 14:42:14 [INFO] [Rank 1] Weights loaded.
2026-04-08 14:43:06 [INFO] [Rank 0] Loading weights...
2026-04-08 14:43:18 [INFO] [Rank 0] Weights loaded.
2026-04-08 14:45:11 [INFO] [Rank 2] Finished. Latency: 113526 ms
2026-04-08 14:45:11 [INFO] [Rank 0] Finished. Latency: 113526 ms
2026-04-08 14:45:11 [INFO] [Rank 1] Finished. Latency: 113526 ms
2026-04-08 14:45:12 [INFO] [Rank 3] Finished. Latency: 113540 ms
2026-04-08 14:45:15 [INFO] Total latency:     113526 ms
2026-04-08 14:45:15 [INFO] Peak 5GB memory:   6070 MB
2026-04-08 14:45:15 [INFO] Avg  5GB memory:   3395 MB
2026-04-08 14:45:15 [INFO] [4/441] Split [24, 10, 4, 2] | Batch: 16 | Microbatch: 4 | Microbatches: 4
2026-04-08 14:45:15 [INFO] Loading WikiText... (SEQ_LEN=64, BATCH=16)
2026-04-08 14:45:38 [INFO] [Rank 3] Loading weights...
2026-04-08 14:45:41 [INFO] [Rank 2] Loading weights...
2026-04-08 14:45:41 [INFO] [Rank 3] Weights loaded.
2026-04-08 14:45:45 [INFO] [Rank 2] Weights loaded.
2026-04-08 14:46:05 [INFO] [Rank 1] Loading weights...
2026-04-08 14:46:12 [INFO] [Rank 1] Weights loaded.
2026-04-08 14:47:03 [INFO] [Rank 0] Loading weights...
2026-04-08 14:47:15 [INFO] [Rank 0] Weights loaded.
2026-04-08 14:50:53 [INFO] [Rank 2] Finished. Latency: 217848 ms
2026-04-08 14:50:53 [INFO] [Rank 0] Finished. Latency: 217848 ms
2026-04-08 14:50:53 [INFO] [Rank 1] Finished. Latency: 217848 ms
2026-04-08 14:50:53 [INFO] [Rank 3] Finished. Latency: 217861 ms
2026-04-08 14:50:57 [INFO] Total latency:     217848 ms
2026-04-08 14:50:57 [INFO] Peak 5GB memory:   6070 MB
2026-04-08 14:50:57 [INFO] Avg  5GB memory:   3447 MB
2026-04-08 14:50:57 [INFO] [5/441] Split [24, 10, 4, 2] | Batch: 16 | Microbatch: 2 | Microbatches: 8
2026-04-08 14:50:57 [INFO] Loading WikiText... (SEQ_LEN=64, BATCH=16)
2026-04-08 14:51:20 [INFO] [Rank 3] Loading weights...
2026-04-08 14:51:23 [INFO] [Rank 2] Loading weights...
2026-04-08 14:51:24 [INFO] [Rank 3] Weights loaded.
2026-04-08 14:51:27 [INFO] [Rank 2] Weights loaded.
2026-04-08 14:51:47 [INFO] [Rank 1] Loading weights...
2026-04-08 14:51:54 [INFO] [Rank 1] Weights loaded.
2026-04-08 14:52:45 [INFO] [Rank 0] Loading weights...
2026-04-08 14:52:57 [INFO] [Rank 0] Weights loaded.
2026-04-08 15:00:03 [INFO] [Rank 2] Finished. Latency: 425054 ms
2026-04-08 15:00:03 [INFO] [Rank 0] Finished. Latency: 425054 ms
2026-04-08 15:00:03 [INFO] [Rank 1] Finished. Latency: 425054 ms
2026-04-08 15:00:03 [INFO] [Rank 3] Finished. Latency: 425067 ms
2026-04-08 15:00:06 [INFO] Total latency:     425054 ms
2026-04-08 15:00:06 [INFO] Peak 5GB memory:   4790 MB
2026-04-08 15:00:06 [INFO] Avg  5GB memory:   3518 MB
2026-04-08 15:00:06 [INFO] [6/441] Split [24, 10, 4, 2] | Batch: 32 | Microbatch: 16 | Microbatches: 2
2026-04-08 15:00:06 [INFO] Loading WikiText... (SEQ_LEN=64, BATCH=32)
2026-04-08 15:00:30 [INFO] [Rank 3] Loading weights...
2026-04-08 15:00:33 [INFO] [Rank 2] Loading weights...
2026-04-08 15:00:33 [INFO] [Rank 3] Weights loaded.
2026-04-08 15:00:37 [INFO] [Rank 2] Weights loaded.
2026-04-08 15:00:57 [INFO] [Rank 1] Loading weights...
2026-04-08 15:01:04 [INFO] [Rank 1] Weights loaded.
2026-04-08 15:01:55 [INFO] [Rank 0] Loading weights...
2026-04-08 15:02:07 [INFO] [Rank 0] Weights loaded.
2026-04-08 15:04:08 [INFO] [Rank 2] Finished. Latency: 121091 ms
2026-04-08 15:04:08 [INFO] [Rank 1] Finished. Latency: 121091 ms
2026-04-08 15:04:08 [INFO] [Rank 0] Finished. Latency: 121091 ms
2026-04-08 15:04:08 [INFO] [Rank 3] Finished. Latency: 121107 ms
2026-04-08 15:04:12 [INFO] Total latency:     121091 ms
2026-04-08 15:04:12 [INFO] Peak 5GB memory:   6070 MB
2026-04-08 15:04:12 [INFO] Avg  5GB memory:   3489 MB
2026-04-08 15:04:12 [INFO] [7/441] Split [24, 10, 4, 2] | Batch: 32 | Microbatch: 8 | Microbatches: 4
2026-04-08 15:04:12 [INFO] Loading WikiText... (SEQ_LEN=64, BATCH=32)
2026-04-08 15:04:35 [INFO] [Rank 3] Loading weights...
2026-04-08 15:04:38 [INFO] [Rank 2] Loading weights...
2026-04-08 15:04:39 [INFO] [Rank 3] Weights loaded.
2026-04-08 15:04:42 [INFO] [Rank 2] Weights loaded.
2026-04-08 15:05:02 [INFO] [Rank 1] Loading weights...
2026-04-08 15:05:09 [INFO] [Rank 1] Weights loaded.
2026-04-08 15:06:00 [INFO] [Rank 0] Loading weights...
2026-04-08 15:06:12 [INFO] [Rank 0] Weights loaded.
2026-04-08 15:09:58 [INFO] [Rank 2] Finished. Latency: 225133 ms
2026-04-08 15:09:58 [INFO] [Rank 1] Finished. Latency: 225133 ms
2026-04-08 15:09:58 [INFO] [Rank 0] Finished. Latency: 225133 ms
2026-04-08 15:09:58 [INFO] [Rank 3] Finished. Latency: 225147 ms
2026-04-08 15:10:01 [INFO] Total latency:     225133 ms
2026-04-08 15:10:01 [INFO] Peak 5GB memory:   6070 MB
2026-04-08 15:10:01 [INFO] Avg  5GB memory:   3526 MB
2026-04-08 15:10:01 [INFO] [8/441] Split [24, 10, 4, 2] | Batch: 32 | Microbatch: 4 | Microbatches: 8
2026-04-08 15:10:01 [INFO] Loading WikiText... (SEQ_LEN=64, BATCH=32)
2026-04-08 15:10:24 [INFO] [Rank 3] Loading weights...
2026-04-08 15:10:27 [INFO] [Rank 2] Loading weights...
2026-04-08 15:10:27 [INFO] [Rank 3] Weights loaded.
2026-04-08 15:10:31 [INFO] [Rank 2] Weights loaded.
2026-04-08 15:10:50 [INFO] [Rank 1] Loading weights...
2026-04-08 15:10:57 [INFO] [Rank 1] Weights loaded.
2026-04-08 15:11:49 [INFO] [Rank 0] Loading weights...
2026-04-08 15:12:01 [INFO] [Rank 0] Weights loaded.
2026-04-08 15:19:15 [INFO] [Rank 2] Finished. Latency: 433307 ms
2026-04-08 15:19:15 [INFO] [Rank 1] Finished. Latency: 433307 ms
2026-04-08 15:19:15 [INFO] [Rank 0] Finished. Latency: 433307 ms
2026-04-08 15:19:15 [INFO] [Rank 3] Finished. Latency: 433321 ms
2026-04-08 15:19:19 [INFO] Total latency:     433307 ms
2026-04-08 15:19:19 [INFO] Peak 5GB memory:   4790 MB
2026-04-08 15:19:19 [INFO] Avg  5GB memory:   3578 MB
2026-04-08 15:19:19 [INFO] [9/441] Split [24, 10, 4, 2] | Batch: 32 | Microbatch: 2 | Microbatches: 16
2026-04-08 15:19:19 [INFO] Loading WikiText... (SEQ_LEN=64, BATCH=32)
2026-04-08 15:19:41 [INFO] [Rank 3] Loading weights...
2026-04-08 15:19:45 [INFO] [Rank 2] Loading weights...
2026-04-08 15:19:45 [INFO] [Rank 3] Weights loaded.
2026-04-08 15:19:49 [INFO] [Rank 2] Weights loaded.
2026-04-08 15:20:08 [INFO] [Rank 1] Loading weights...
2026-04-08 15:20:15 [INFO] [Rank 1] Weights loaded.
2026-04-08 15:21:07 [INFO] [Rank 0] Loading weights...
2026-04-08 15:21:19 [INFO] [Rank 0] Weights loaded.
2026-04-08 15:35:27 [INFO] [Rank 1] Finished. Latency: 848372 ms
2026-04-08 15:35:27 [INFO] [Rank 0] Finished. Latency: 848372 ms
2026-04-08 15:35:27 [INFO] [Rank 2] Finished. Latency: 848372 ms
2026-04-08 15:35:27 [INFO] [Rank 3] Finished. Latency: 848385 ms
2026-04-08 15:35:31 [INFO] Total latency:     848372 ms
2026-04-08 15:35:31 [INFO] Peak 5GB memory:   6070 MB
2026-04-08 15:35:31 [INFO] Avg  5GB memory:   3641 MB
2026-04-08 15:35:31 [INFO] [10/441] Split [25, 9, 4, 2] | Batch: 8 | Microbatch: 4 | Microbatches: 2
2026-04-08 15:35:31 [INFO] Loading WikiText... (SEQ_LEN=64, BATCH=8)
2026-04-08 15:35:54 [INFO] [Rank 3] Loading weights...
2026-04-08 15:35:57 [INFO] [Rank 2] Loading weights...
2026-04-08 15:35:58 [INFO] [Rank 3] Weights loaded.
2026-04-08 15:36:01 [INFO] [Rank 2] Weights loaded.
2026-04-08 15:36:17 [INFO] [Rank 1] Loading weights...
2026-04-08 15:36:24 [INFO] [Rank 1] Weights loaded.
2026-04-08 15:37:23 [INFO] [Rank 0] Loading weights...
2026-04-08 15:37:36 [INFO] [Rank 0] Weights loaded.
2026-04-08 15:39:25 [INFO] [Rank 2] Finished. Latency: 108868 ms
2026-04-08 15:39:25 [INFO] [Rank 1] Finished. Latency: 108868 ms
2026-04-08 15:39:25 [INFO] [Rank 0] Finished. Latency: 108868 ms
2026-04-08 15:39:25 [INFO] [Rank 3] Finished. Latency: 108881 ms
2026-04-08 15:39:29 [INFO] Total latency:     108868 ms
2026-04-08 15:39:29 [INFO] Peak 5GB memory:   6070 MB
2026-04-08 15:39:29 [INFO] Avg  5GB memory:   3339 MB
2026-04-08 15:39:29 [INFO] [11/441] Split [25, 9, 4, 2] | Batch: 8 | Microbatch: 2 | Microbatches: 4
2026-04-08 15:39:29 [INFO] Loading WikiText... (SEQ_LEN=64, BATCH=8)
2026-04-08 15:39:51 [INFO] [Rank 3] Loading weights...
2026-04-08 15:39:54 [INFO] [Rank 2] Loading weights...
2026-04-08 15:39:55 [INFO] [Rank 3] Weights loaded.
2026-04-08 15:39:58 [INFO] [Rank 2] Weights loaded.
2026-04-08 15:40:13 [INFO] [Rank 1] Loading weights...
2026-04-08 15:40:20 [INFO] [Rank 1] Weights loaded.
2026-04-08 15:41:20 [INFO] [Rank 0] Loading weights...
2026-04-08 15:41:32 [INFO] [Rank 0] Weights loaded.
2026-04-08 15:45:04 [INFO] [Rank 2] Finished. Latency: 211513 ms
2026-04-08 15:45:04 [INFO] [Rank 0] Finished. Latency: 211513 ms
2026-04-08 15:45:04 [INFO] [Rank 1] Finished. Latency: 211513 ms
2026-04-08 15:45:04 [INFO] [Rank 3] Finished. Latency: 211526 ms
2026-04-08 15:45:08 [INFO] Total latency:     211513 ms
2026-04-08 15:45:08 [INFO] Peak 5GB memory:   4790 MB
2026-04-08 15:45:08 [INFO] Avg  5GB memory:   3425 MB
2026-04-08 15:45:08 [INFO] [12/441] Split [25, 9, 4, 2] | Batch: 16 | Microbatch: 8 | Microbatches: 2
2026-04-08 15:45:08 [INFO] Loading WikiText... (SEQ_LEN=64, BATCH=16)
2026-04-08 15:45:31 [INFO] [Rank 3] Loading weights...
2026-04-08 15:45:34 [INFO] [Rank 2] Loading weights...
2026-04-08 15:45:34 [INFO] [Rank 3] Weights loaded.
2026-04-08 15:45:38 [INFO] [Rank 2] Weights loaded.
2026-04-08 15:45:53 [INFO] [Rank 1] Loading weights...
2026-04-08 15:46:00 [INFO] [Rank 1] Weights loaded.
2026-04-08 15:47:00 [INFO] [Rank 0] Loading weights...
2026-04-08 15:47:12 [INFO] [Rank 0] Weights loaded.
2026-04-08 15:49:05 [INFO] [Rank 2] Finished. Latency: 112458 ms
2026-04-08 15:49:05 [INFO] [Rank 0] Finished. Latency: 112458 ms
2026-04-08 15:49:05 [INFO] [Rank 1] Finished. Latency: 112458 ms
2026-04-08 15:49:05 [INFO] [Rank 3] Finished. Latency: 112472 ms
2026-04-08 15:49:09 [INFO] Total latency:     112458 ms
2026-04-08 15:49:09 [INFO] Peak 5GB memory:   6070 MB
2026-04-08 15:49:09 [INFO] Avg  5GB memory:   3396 MB
2026-04-08 15:49:09 [INFO] [13/441] Split [25, 9, 4, 2] | Batch: 16 | Microbatch: 4 | Microbatches: 4
2026-04-08 15:49:09 [INFO] Loading WikiText... (SEQ_LEN=64, BATCH=16)
2026-04-08 15:49:32 [INFO] [Rank 3] Loading weights...
2026-04-08 15:49:35 [INFO] [Rank 2] Loading weights...
2026-04-08 15:49:35 [INFO] [Rank 3] Weights loaded.
2026-04-08 15:49:39 [INFO] [Rank 2] Weights loaded.
2026-04-08 15:49:55 [INFO] [Rank 1] Loading weights...
2026-04-08 15:50:01 [INFO] [Rank 1] Weights loaded.
2026-04-08 15:51:00 [INFO] [Rank 0] Loading weights...
2026-04-08 15:51:13 [INFO] [Rank 0] Weights loaded.
2026-04-08 15:54:49 [INFO] [Rank 2] Finished. Latency: 215631 ms
2026-04-08 15:54:49 [INFO] [Rank 1] Finished. Latency: 215631 ms
2026-04-08 15:54:49 [INFO] [Rank 0] Finished. Latency: 215631 ms
2026-04-08 15:54:49 [INFO] [Rank 3] Finished. Latency: 215645 ms
2026-04-08 15:54:53 [INFO] Total latency:     215631 ms
2026-04-08 15:54:53 [INFO] Peak 5GB memory:   6070 MB
2026-04-08 15:54:53 [INFO] Avg  5GB memory:   3446 MB
2026-04-08 15:54:53 [INFO] [14/441] Split [25, 9, 4, 2] | Batch: 16 | Microbatch: 2 | Microbatches: 8
2026-04-08 15:54:53 [INFO] Loading WikiText... (SEQ_LEN=64, BATCH=16)
2026-04-08 15:55:15 [INFO] [Rank 3] Loading weights...
2026-04-08 15:55:19 [INFO] [Rank 2] Loading weights...
2026-04-08 15:55:19 [INFO] [Rank 3] Weights loaded.
2026-04-08 15:55:23 [INFO] [Rank 2] Weights loaded.
2026-04-08 15:55:38 [INFO] [Rank 1] Loading weights...
2026-04-08 15:55:45 [INFO] [Rank 1] Weights loaded.
2026-04-08 15:56:45 [INFO] [Rank 0] Loading weights...
2026-04-08 15:56:57 [INFO] [Rank 0] Weights loaded.
2026-04-08 16:03:58 [INFO] [Rank 1] Finished. Latency: 420858 ms
2026-04-08 16:03:58 [INFO] [Rank 2] Finished. Latency: 420858 ms
2026-04-08 16:03:58 [INFO] [Rank 0] Finished. Latency: 420858 ms
2026-04-08 16:03:58 [INFO] [Rank 3] Finished. Latency: 420871 ms
2026-04-08 16:04:02 [INFO] Total latency:     420858 ms
2026-04-08 16:04:02 [INFO] Peak 5GB memory:   4790 MB
2026-04-08 16:04:02 [INFO] Avg  5GB memory:   3517 MB
2026-04-08 16:04:02 [INFO] [15/441] Split [25, 9, 4, 2] | Batch: 32 | Microbatch: 16 | Microbatches: 2
2026-04-08 16:04:02 [INFO] Loading WikiText... (SEQ_LEN=64, BATCH=32)
2026-04-08 16:04:25 [INFO] [Rank 3] Loading weights...
2026-04-08 16:04:28 [INFO] [Rank 2] Loading weights...
2026-04-08 16:04:28 [INFO] [Rank 3] Weights loaded.
2026-04-08 16:04:32 [INFO] [Rank 2] Weights loaded.
2026-04-08 16:04:47 [INFO] [Rank 1] Loading weights...
2026-04-08 16:04:54 [INFO] [Rank 1] Weights loaded.
2026-04-08 16:05:54 [INFO] [Rank 0] Loading weights...
2026-04-08 16:06:06 [INFO] [Rank 0] Weights loaded.
2026-04-08 16:08:06 [INFO] [Rank 2] Finished. Latency: 119756 ms
2026-04-08 16:08:06 [INFO] [Rank 1] Finished. Latency: 119756 ms
2026-04-08 16:08:06 [INFO] [Rank 0] Finished. Latency: 119756 ms
2026-04-08 16:08:06 [INFO] [Rank 3] Finished. Latency: 119771 ms
2026-04-08 16:08:10 [INFO] Total latency:     119756 ms
2026-04-08 16:08:10 [INFO] Peak 5GB memory:   6070 MB
2026-04-08 16:08:10 [INFO] Avg  5GB memory:   3502 MB
2026-04-08 16:08:10 [INFO] [16/441] Split [25, 9, 4, 2] | Batch: 32 | Microbatch: 8 | Microbatches: 4
2026-04-08 16:08:10 [INFO] Loading WikiText... (SEQ_LEN=64, BATCH=32)
2026-04-08 16:08:33 [INFO] [Rank 3] Loading weights...
2026-04-08 16:08:36 [INFO] [Rank 2] Loading weights...
2026-04-08 16:08:37 [INFO] [Rank 3] Weights loaded.
2026-04-08 16:08:40 [INFO] [Rank 2] Weights loaded.
2026-04-08 16:08:56 [INFO] [Rank 1] Loading weights...
2026-04-08 16:09:02 [INFO] [Rank 1] Weights loaded.
2026-04-08 16:10:02 [INFO] [Rank 0] Loading weights...
2026-04-08 16:10:14 [INFO] [Rank 0] Weights loaded.
2026-04-08 16:13:57 [INFO] [Rank 1] Finished. Latency: 222812 ms
2026-04-08 16:13:57 [INFO] [Rank 2] Finished. Latency: 222812 ms
2026-04-08 16:13:57 [INFO] [Rank 0] Finished. Latency: 222812 ms
2026-04-08 16:13:57 [INFO] [Rank 3] Finished. Latency: 222826 ms
2026-04-08 16:14:01 [INFO] Total latency:     222812 ms
2026-04-08 16:14:01 [INFO] Peak 5GB memory:   4790 MB
2026-04-08 16:14:01 [INFO] Avg  5GB memory:   3521 MB
2026-04-08 16:14:01 [INFO] [17/441] Split [25, 9, 4, 2] | Batch: 32 | Microbatch: 4 | Microbatches: 8
2026-04-08 16:14:01 [INFO] Loading WikiText... (SEQ_LEN=64, BATCH=32)
2026-04-08 16:14:24 [INFO] [Rank 3] Loading weights...
2026-04-08 16:14:27 [INFO] [Rank 2] Loading weights...
2026-04-08 16:14:28 [INFO] [Rank 3] Weights loaded.
2026-04-08 16:14:31 [INFO] [Rank 2] Weights loaded.
2026-04-08 16:14:47 [INFO] [Rank 1] Loading weights...
2026-04-08 16:14:54 [INFO] [Rank 1] Weights loaded.
2026-04-08 16:15:53 [INFO] [Rank 0] Loading weights...
2026-04-08 16:16:06 [INFO] [Rank 0] Weights loaded.
2026-04-08 16:23:15 [INFO] [Rank 1] Finished. Latency: 428909 ms
2026-04-08 16:23:15 [INFO] [Rank 0] Finished. Latency: 428909 ms
2026-04-08 16:23:15 [INFO] [Rank 2] Finished. Latency: 428908 ms
2026-04-08 16:23:15 [INFO] [Rank 3] Finished. Latency: 428922 ms
2026-04-08 16:23:19 [INFO] Total latency:     428909 ms
2026-04-08 16:23:19 [INFO] Peak 5GB memory:   6070 MB
2026-04-08 16:23:19 [INFO] Avg  5GB memory:   3571 MB
2026-04-08 16:23:19 [INFO] [18/441] Split [25, 9, 4, 2] | Batch: 32 | Microbatch: 2 | Microbatches: 16
2026-04-08 16:23:19 [INFO] Loading WikiText... (SEQ_LEN=64, BATCH=32)
2026-04-08 16:23:41 [INFO] [Rank 3] Loading weights...
2026-04-08 16:23:45 [INFO] [Rank 3] Weights loaded.
2026-04-08 16:23:46 [INFO] [Rank 2] Loading weights...
2026-04-08 16:23:50 [INFO] [Rank 2] Weights loaded.
2026-04-08 16:24:04 [INFO] [Rank 1] Loading weights...
2026-04-08 16:24:11 [INFO] [Rank 1] Weights loaded.
2026-04-08 16:25:10 [INFO] [Rank 0] Loading weights...
2026-04-08 16:25:23 [INFO] [Rank 0] Weights loaded.
2026-04-08 16:39:22 [INFO] [Rank 1] Finished. Latency: 839268 ms
2026-04-08 16:39:22 [INFO] [Rank 2] Finished. Latency: 839268 ms
2026-04-08 16:39:22 [INFO] [Rank 0] Finished. Latency: 839268 ms
2026-04-08 16:39:22 [INFO] [Rank 3] Finished. Latency: 839281 ms
2026-04-08 16:39:26 [INFO] Total latency:     839268 ms
2026-04-08 16:39:26 [INFO] Peak 5GB memory:   4790 MB
2026-04-08 16:39:26 [INFO] Avg  5GB memory:   3639 MB
2026-04-08 16:39:26 [INFO] [19/441] Split [25, 10, 3, 2] | Batch: 8 | Microbatch: 4 | Microbatches: 2
2026-04-08 16:39:26 [INFO] Loading WikiText... (SEQ_LEN=64, BATCH=8)
2026-04-08 16:39:48 [INFO] [Rank 2] Loading weights...
2026-04-08 16:39:49 [INFO] [Rank 3] Loading weights...
2026-04-08 16:39:52 [INFO] [Rank 2] Weights loaded.
2026-04-08 16:39:53 [INFO] [Rank 3] Weights loaded.
2026-04-08 16:40:16 [INFO] [Rank 1] Loading weights...
2026-04-08 16:40:23 [INFO] [Rank 1] Weights loaded.
2026-04-08 16:41:18 [INFO] [Rank 0] Loading weights...
2026-04-08 16:41:31 [INFO] [Rank 0] Weights loaded.
2026-04-08 16:43:17 [INFO] [Rank 1] Finished. Latency: 106570 ms
2026-04-08 16:43:17 [INFO] [Rank 2] Finished. Latency: 106570 ms
2026-04-08 16:43:17 [INFO] [Rank 0] Finished. Latency: 106570 ms
2026-04-08 16:43:17 [INFO] [Rank 3] Finished. Latency: 106583 ms
2026-04-08 16:43:21 [INFO] Total latency:     106570 ms
2026-04-08 16:43:21 [INFO] Peak 5GB memory:   4790 MB
2026-04-08 16:43:21 [INFO] Avg  5GB memory:   3339 MB
2026-04-08 16:43:21 [INFO] [20/441] Split [25, 10, 3, 2] | Batch: 8 | Microbatch: 2 | Microbatches: 4
2026-04-08 16:43:21 [INFO] Loading WikiText... (SEQ_LEN=64, BATCH=8)
2026-04-08 16:43:43 [INFO] [Rank 2] Loading weights...
2026-04-08 16:43:44 [INFO] [Rank 3] Loading weights...
2026-04-08 16:43:47 [INFO] [Rank 2] Weights loaded.
2026-04-08 16:43:48 [INFO] [Rank 3] Weights loaded.
2026-04-08 16:44:11 [INFO] [Rank 1] Loading weights...
2026-04-08 16:44:18 [INFO] [Rank 1] Weights loaded.
2026-04-08 16:45:13 [INFO] [Rank 0] Loading weights...
2026-04-08 16:45:26 [INFO] [Rank 0] Weights loaded.
2026-04-08 16:48:55 [INFO] [Rank 2] Finished. Latency: 209068 ms
2026-04-08 16:48:55 [INFO] [Rank 1] Finished. Latency: 209068 ms
2026-04-08 16:48:55 [INFO] [Rank 0] Finished. Latency: 209068 ms
2026-04-08 16:48:55 [INFO] [Rank 3] Finished. Latency: 209081 ms
2026-04-08 16:48:59 [INFO] Total latency:     209068 ms
2026-04-08 16:48:59 [INFO] Peak 5GB memory:   6070 MB
2026-04-08 16:48:59 [INFO] Avg  5GB memory:   3417 MB
2026-04-08 16:48:59 [INFO] [21/441] Split [25, 10, 3, 2] | Batch: 16 | Microbatch: 8 | Microbatches: 2
2026-04-08 16:48:59 [INFO] Loading WikiText... (SEQ_LEN=64, BATCH=16)
2026-04-08 16:49:21 [INFO] [Rank 2] Loading weights...
2026-04-08 16:49:22 [INFO] [Rank 3] Loading weights...
2026-04-08 16:49:25 [INFO] [Rank 2] Weights loaded.
2026-04-08 16:49:26 [INFO] [Rank 3] Weights loaded.
2026-04-08 16:49:50 [INFO] [Rank 1] Loading weights...
2026-04-08 16:49:57 [INFO] [Rank 1] Weights loaded.
2026-04-08 16:50:51 [INFO] [Rank 0] Loading weights...
2026-04-08 16:51:04 [INFO] [Rank 0] Weights loaded.
2026-04-08 16:52:54 [INFO] [Rank 2] Finished. Latency: 109975 ms
2026-04-08 16:52:54 [INFO] [Rank 0] Finished. Latency: 109975 ms
2026-04-08 16:52:54 [INFO] [Rank 1] Finished. Latency: 109975 ms
2026-04-08 16:52:54 [INFO] [Rank 3] Finished. Latency: 109989 ms
2026-04-08 16:52:58 [INFO] Total latency:     109975 ms
2026-04-08 16:52:58 [INFO] Peak 5GB memory:   6070 MB
2026-04-08 16:52:58 [INFO] Avg  5GB memory:   3373 MB
2026-04-08 16:52:58 [INFO] [22/441] Split [25, 10, 3, 2] | Batch: 16 | Microbatch: 4 | Microbatches: 4
2026-04-08 16:52:58 [INFO] Loading WikiText... (SEQ_LEN=64, BATCH=16)
2026-04-08 16:53:19 [INFO] [Rank 2] Loading weights...
2026-04-08 16:53:20 [INFO] [Rank 3] Loading weights...
2026-04-08 16:53:22 [INFO] [Rank 2] Weights loaded.
2026-04-08 16:53:23 [INFO] [Rank 3] Weights loaded.
2026-04-08 16:53:46 [INFO] [Rank 1] Loading weights...
2026-04-08 16:53:53 [INFO] [Rank 1] Weights loaded.
2026-04-08 16:54:48 [INFO] [Rank 0] Loading weights...
2026-04-08 16:55:01 [INFO] [Rank 0] Weights loaded.
2026-04-08 16:58:32 [INFO] [Rank 0] Finished. Latency: 210629 ms
2026-04-08 16:58:32 [INFO] [Rank 2] Finished. Latency: 210628 ms
2026-04-08 16:58:32 [INFO] [Rank 1] Finished. Latency: 210629 ms
2026-04-08 16:58:32 [INFO] [Rank 3] Finished. Latency: 210642 ms
2026-04-08 16:58:36 [INFO] Total latency:     210629 ms
2026-04-08 16:58:36 [INFO] Peak 5GB memory:   6070 MB
2026-04-08 16:58:36 [INFO] Avg  5GB memory:   3448 MB
2026-04-08 16:58:36 [INFO] [23/441] Split [25, 10, 3, 2] | Batch: 16 | Microbatch: 2 | Microbatches: 8
2026-04-08 16:58:36 [INFO] Loading WikiText... (SEQ_LEN=64, BATCH=16)
2026-04-08 16:58:59 [INFO] [Rank 2] Loading weights...
2026-04-08 16:58:59 [INFO] [Rank 3] Loading weights...
2026-04-08 16:59:02 [INFO] [Rank 2] Weights loaded.
2026-04-08 16:59:02 [INFO] [Rank 3] Weights loaded.
2026-04-08 16:59:25 [INFO] [Rank 1] Loading weights...
2026-04-08 16:59:32 [INFO] [Rank 1] Weights loaded.
2026-04-08 17:00:28 [INFO] [Rank 0] Loading weights...
2026-04-08 17:00:40 [INFO] [Rank 0] Weights loaded.
2026-04-08 17:07:32 [INFO] [Rank 0] Finished. Latency: 411172 ms
2026-04-08 17:07:32 [INFO] [Rank 2] Finished. Latency: 411172 ms
2026-04-08 17:07:32 [INFO] [Rank 1] Finished. Latency: 411172 ms
2026-04-08 17:07:32 [INFO] [Rank 3] Finished. Latency: 411186 ms
2026-04-08 17:07:36 [INFO] Total latency:     411172 ms
2026-04-08 17:07:36 [INFO] Peak 5GB memory:   4790 MB
2026-04-08 17:07:36 [INFO] Avg  5GB memory:   3515 MB
2026-04-08 17:07:36 [INFO] [24/441] Split [25, 10, 3, 2] | Batch: 32 | Microbatch: 16 | Microbatches: 2
2026-04-08 17:07:36 [INFO] Loading WikiText... (SEQ_LEN=64, BATCH=32)
2026-04-08 17:07:58 [INFO] [Rank 2] Loading weights...
2026-04-08 17:07:58 [INFO] [Rank 3] Loading weights...
2026-04-08 17:08:01 [INFO] [Rank 2] Weights loaded.
2026-04-08 17:08:02 [INFO] [Rank 3] Weights loaded.
2026-04-08 17:08:25 [INFO] [Rank 1] Loading weights...
2026-04-08 17:08:32 [INFO] [Rank 1] Weights loaded.
2026-04-08 17:09:29 [INFO] [Rank 0] Loading weights...
2026-04-08 17:09:41 [INFO] [Rank 0] Weights loaded.
2026-04-08 17:11:40 [INFO] [Rank 2] Finished. Latency: 118123 ms
2026-04-08 17:11:40 [INFO] [Rank 0] Finished. Latency: 118123 ms
2026-04-08 17:11:40 [INFO] [Rank 1] Finished. Latency: 118123 ms
2026-04-08 17:11:40 [INFO] [Rank 3] Finished. Latency: 118138 ms
2026-04-08 17:11:44 [INFO] Total latency:     118123 ms
2026-04-08 17:11:44 [INFO] Peak 5GB memory:   6070 MB
2026-04-08 17:11:44 [INFO] Avg  5GB memory:   3493 MB
2026-04-08 17:11:44 [INFO] [25/441] Split [25, 10, 3, 2] | Batch: 32 | Microbatch: 8 | Microbatches: 4
2026-04-08 17:11:44 [INFO] Loading WikiText... (SEQ_LEN=64, BATCH=32)
2026-04-08 17:12:06 [INFO] [Rank 2] Loading weights...
2026-04-08 17:12:07 [INFO] [Rank 3] Loading weights...
2026-04-08 17:12:09 [INFO] [Rank 2] Weights loaded.
2026-04-08 17:12:11 [INFO] [Rank 3] Weights loaded.
2026-04-08 17:12:33 [INFO] [Rank 1] Loading weights...
2026-04-08 17:12:41 [INFO] [Rank 1] Weights loaded.
2026-04-08 17:13:36 [INFO] [Rank 0] Loading weights...
2026-04-08 17:13:49 [INFO] [Rank 0] Weights loaded.
2026-04-08 17:17:27 [INFO] [Rank 2] Finished. Latency: 218333 ms
2026-04-08 17:17:27 [INFO] [Rank 1] Finished. Latency: 218333 ms
2026-04-08 17:17:27 [INFO] [Rank 0] Finished. Latency: 218333 ms
2026-04-08 17:17:27 [INFO] [Rank 3] Finished. Latency: 218347 ms
2026-04-08 17:17:31 [INFO] Total latency:     218333 ms
2026-04-08 17:17:31 [INFO] Peak 5GB memory:   6070 MB
2026-04-08 17:17:31 [INFO] Avg  5GB memory:   3511 MB
2026-04-08 17:17:31 [INFO] [26/441] Split [25, 10, 3, 2] | Batch: 32 | Microbatch: 4 | Microbatches: 8
2026-04-08 17:17:31 [INFO] Loading WikiText... (SEQ_LEN=64, BATCH=32)
2026-04-08 17:17:53 [INFO] [Rank 2] Loading weights...
2026-04-08 17:17:54 [INFO] [Rank 3] Loading weights...
2026-04-08 17:17:56 [INFO] [Rank 2] Weights loaded.
2026-04-08 17:17:57 [INFO] [Rank 3] Weights loaded.
2026-04-08 17:18:20 [INFO] [Rank 1] Loading weights...
2026-04-08 17:18:27 [INFO] [Rank 1] Weights loaded.
2026-04-08 17:19:22 [INFO] [Rank 0] Loading weights...
2026-04-08 17:19:35 [INFO] [Rank 0] Weights loaded.
2026-04-08 17:26:34 [INFO] [Rank 2] Finished. Latency: 419535 ms
2026-04-08 17:26:34 [INFO] [Rank 0] Finished. Latency: 419535 ms
2026-04-08 17:26:34 [INFO] [Rank 1] Finished. Latency: 419535 ms
2026-04-08 17:26:34 [INFO] [Rank 3] Finished. Latency: 419549 ms
2026-04-08 17:26:38 [INFO] Total latency:     419535 ms
2026-04-08 17:26:38 [INFO] Peak 5GB memory:   6070 MB
2026-04-08 17:26:38 [INFO] Avg  5GB memory:   3576 MB
2026-04-08 17:26:38 [INFO] [27/441] Split [25, 10, 3, 2] | Batch: 32 | Microbatch: 2 | Microbatches: 16
2026-04-08 17:26:38 [INFO] Loading WikiText... (SEQ_LEN=64, BATCH=32)
2026-04-08 17:27:00 [INFO] [Rank 2] Loading weights...
2026-04-08 17:27:01 [INFO] [Rank 3] Loading weights...
2026-04-08 17:27:03 [INFO] [Rank 2] Weights loaded.
2026-04-08 17:27:04 [INFO] [Rank 3] Weights loaded.
2026-04-08 17:27:28 [INFO] [Rank 1] Loading weights...
2026-04-08 17:27:35 [INFO] [Rank 1] Weights loaded.
2026-04-08 17:28:30 [INFO] [Rank 0] Loading weights...
2026-04-08 17:28:42 [INFO] [Rank 0] Weights loaded.
2026-04-08 17:42:23 [INFO] [Rank 2] Finished. Latency: 820233 ms
2026-04-08 17:42:23 [INFO] [Rank 1] Finished. Latency: 820233 ms
2026-04-08 17:42:23 [INFO] [Rank 0] Finished. Latency: 820233 ms
2026-04-08 17:42:23 [INFO] [Rank 3] Finished. Latency: 820246 ms
2026-04-08 17:42:27 [INFO] Total latency:     820233 ms
2026-04-08 17:42:27 [INFO] Peak 5GB memory:   6070 MB
2026-04-08 17:42:27 [INFO] Avg  5GB memory:   3636 MB
2026-04-08 17:42:27 [INFO] [28/441] Split [25, 10, 4, 1] | Batch: 8 | Microbatch: 4 | Microbatches: 2
2026-04-08 17:42:27 [INFO] Loading WikiText... (SEQ_LEN=64, BATCH=8)
2026-04-08 17:42:45 [INFO] [Rank 3] Loading weights...
2026-04-08 17:42:49 [INFO] [Rank 3] Weights loaded.
2026-04-08 17:42:52 [INFO] [Rank 2] Loading weights...
2026-04-08 17:42:56 [INFO] [Rank 2] Weights loaded.
2026-04-08 17:43:16 [INFO] [Rank 1] Loading weights...
2026-04-08 17:43:23 [INFO] [Rank 1] Weights loaded.
2026-04-08 17:44:19 [INFO] [Rank 0] Loading weights...
2026-04-08 17:44:31 [INFO] [Rank 0] Weights loaded.
2026-04-08 17:46:18 [INFO] [Rank 0] Finished. Latency: 106409 ms
2026-04-08 17:46:18 [INFO] [Rank 2] Finished. Latency: 106409 ms
2026-04-08 17:46:18 [INFO] [Rank 1] Finished. Latency: 106409 ms
2026-04-08 17:46:18 [INFO] [Rank 3] Finished. Latency: 106418 ms
2026-04-08 17:46:22 [INFO] Total latency:     106409 ms
2026-04-08 17:46:22 [INFO] Peak 5GB memory:   5010 MB
2026-04-08 17:46:22 [INFO] Avg  5GB memory:   2380 MB
2026-04-08 17:46:22 [INFO] [29/441] Split [25, 10, 4, 1] | Batch: 8 | Microbatch: 2 | Microbatches: 4
2026-04-08 17:46:22 [INFO] Loading WikiText... (SEQ_LEN=64, BATCH=8)
2026-04-08 17:46:40 [INFO] [Rank 3] Loading weights...
2026-04-08 17:46:43 [INFO] [Rank 3] Weights loaded.
2026-04-08 17:46:47 [INFO] [Rank 2] Loading weights...
2026-04-08 17:46:50 [INFO] [Rank 2] Weights loaded.
2026-04-08 17:47:11 [INFO] [Rank 1] Loading weights...
2026-04-08 17:47:18 [INFO] [Rank 1] Weights loaded.
2026-04-08 17:48:12 [INFO] [Rank 0] Loading weights...
2026-04-08 17:48:25 [INFO] [Rank 0] Weights loaded.
2026-04-08 17:51:52 [INFO] [Rank 2] Finished. Latency: 206926 ms
2026-04-08 17:51:52 [INFO] [Rank 1] Finished. Latency: 206926 ms
2026-04-08 17:51:52 [INFO] [Rank 0] Finished. Latency: 206926 ms
2026-04-08 17:51:52 [INFO] [Rank 3] Finished. Latency: 206936 ms
2026-04-08 17:51:56 [INFO] Total latency:     206926 ms
2026-04-08 17:51:56 [INFO] Peak 5GB memory:   5010 MB
2026-04-08 17:51:56 [INFO] Avg  5GB memory:   2419 MB
2026-04-08 17:51:56 [INFO] [30/441] Split [25, 10, 4, 1] | Batch: 16 | Microbatch: 8 | Microbatches: 2
2026-04-08 17:51:56 [INFO] Loading WikiText... (SEQ_LEN=64, BATCH=16)
2026-04-08 17:52:14 [INFO] [Rank 3] Loading weights...
2026-04-08 17:52:17 [INFO] [Rank 3] Weights loaded.
2026-04-08 17:52:21 [INFO] [Rank 2] Loading weights...
2026-04-08 17:52:25 [INFO] [Rank 2] Weights loaded.
2026-04-08 17:52:45 [INFO] [Rank 1] Loading weights...
2026-04-08 17:52:52 [INFO] [Rank 1] Weights loaded.
2026-04-08 17:53:47 [INFO] [Rank 0] Loading weights...
2026-04-08 17:54:00 [INFO] [Rank 0] Weights loaded.
2026-04-08 17:55:50 [INFO] [Rank 1] Finished. Latency: 109854 ms
2026-04-08 17:55:50 [INFO] [Rank 2] Finished. Latency: 109854 ms
2026-04-08 17:55:50 [INFO] [Rank 0] Finished. Latency: 109855 ms
2026-04-08 17:55:50 [INFO] [Rank 3] Finished. Latency: 109864 ms
2026-04-08 17:55:54 [INFO] Total latency:     109855 ms
2026-04-08 17:55:54 [INFO] Peak 5GB memory:   5010 MB
2026-04-08 17:55:54 [INFO] Avg  5GB memory:   2419 MB
2026-04-08 17:55:54 [INFO] [31/441] Split [25, 10, 4, 1] | Batch: 16 | Microbatch: 4 | Microbatches: 4
2026-04-08 17:55:54 [INFO] Loading WikiText... (SEQ_LEN=64, BATCH=16)
2026-04-08 17:56:11 [INFO] [Rank 3] Loading weights...
2026-04-08 17:56:15 [INFO] [Rank 3] Weights loaded.
2026-04-08 17:56:19 [INFO] [Rank 2] Loading weights...
2026-04-08 17:56:23 [INFO] [Rank 2] Weights loaded.
2026-04-08 17:56:42 [INFO] [Rank 1] Loading weights...
2026-04-08 17:56:49 [INFO] [Rank 1] Weights loaded.
2026-04-08 17:57:45 [INFO] [Rank 0] Loading weights...
2026-04-08 17:57:57 [INFO] [Rank 0] Weights loaded.
2026-04-08 18:01:29 [INFO] [Rank 2] Finished. Latency: 211095 ms
2026-04-08 18:01:29 [INFO] [Rank 0] Finished. Latency: 211095 ms
2026-04-08 18:01:29 [INFO] [Rank 1] Finished. Latency: 211095 ms
2026-04-08 18:01:29 [INFO] [Rank 3] Finished. Latency: 211105 ms
2026-04-08 18:01:33 [INFO] Total latency:     211095 ms
2026-04-08 18:01:33 [INFO] Peak 5GB memory:   5010 MB
2026-04-08 18:01:33 [INFO] Avg  5GB memory:   2443 MB
2026-04-08 18:01:33 [INFO] [32/441] Split [25, 10, 4, 1] | Batch: 16 | Microbatch: 2 | Microbatches: 8
2026-04-08 18:01:33 [INFO] Loading WikiText... (SEQ_LEN=64, BATCH=16)
2026-04-08 18:01:51 [INFO] [Rank 3] Loading weights...
2026-04-08 18:01:55 [INFO] [Rank 3] Weights loaded.
2026-04-08 18:01:58 [INFO] [Rank 2] Loading weights...
2026-04-08 18:02:02 [INFO] [Rank 2] Weights loaded.
2026-04-08 18:02:22 [INFO] [Rank 1] Loading weights...
2026-04-08 18:02:29 [INFO] [Rank 1] Weights loaded.
2026-04-08 18:03:24 [INFO] [Rank 0] Loading weights...
2026-04-08 18:03:37 [INFO] [Rank 0] Weights loaded.
2026-04-08 18:10:31 [INFO] [Rank 2] Finished. Latency: 413946 ms
2026-04-08 18:10:31 [INFO] [Rank 1] Finished. Latency: 413946 ms
2026-04-08 18:10:31 [INFO] [Rank 0] Finished. Latency: 413947 ms
2026-04-08 18:10:31 [INFO] [Rank 3] Finished. Latency: 413956 ms
2026-04-08 18:10:35 [INFO] Total latency:     413947 ms
2026-04-08 18:10:35 [INFO] Peak 5GB memory:   3730 MB
2026-04-08 18:10:35 [INFO] Avg  5GB memory:   2472 MB
2026-04-08 18:10:35 [INFO] [33/441] Split [25, 10, 4, 1] | Batch: 32 | Microbatch: 16 | Microbatches: 2
2026-04-08 18:10:35 [INFO] Loading WikiText... (SEQ_LEN=64, BATCH=32)
2026-04-08 18:10:54 [INFO] [Rank 3] Loading weights...
2026-04-08 18:10:57 [INFO] [Rank 3] Weights loaded.
2026-04-08 18:11:01 [INFO] [Rank 2] Loading weights...
2026-04-08 18:11:05 [INFO] [Rank 2] Weights loaded.
2026-04-08 18:11:25 [INFO] [Rank 1] Loading weights...
2026-04-08 18:11:32 [INFO] [Rank 1] Weights loaded.
2026-04-08 18:12:27 [INFO] [Rank 0] Loading weights...
2026-04-08 18:12:40 [INFO] [Rank 0] Weights loaded.
2026-04-08 18:14:37 [INFO] [Rank 2] Finished. Latency: 117389 ms
2026-04-08 18:14:37 [INFO] [Rank 1] Finished. Latency: 117389 ms
2026-04-08 18:14:37 [INFO] [Rank 0] Finished. Latency: 117390 ms
2026-04-08 18:14:37 [INFO] [Rank 3] Finished. Latency: 117400 ms
2026-04-08 18:14:41 [INFO] Total latency:     117390 ms
2026-04-08 18:14:41 [INFO] Peak 5GB memory:   5010 MB
2026-04-08 18:14:41 [INFO] Avg  5GB memory:   2520 MB
2026-04-08 18:14:41 [INFO] [34/441] Split [25, 10, 4, 1] | Batch: 32 | Microbatch: 8 | Microbatches: 4
2026-04-08 18:14:41 [INFO] Loading WikiText... (SEQ_LEN=64, BATCH=32)
2026-04-08 18:15:00 [INFO] [Rank 3] Loading weights...
2026-04-08 18:15:03 [INFO] [Rank 3] Weights loaded.
2026-04-08 18:15:07 [INFO] [Rank 2] Loading weights...
2026-04-08 18:15:11 [INFO] [Rank 2] Weights loaded.
2026-04-08 18:15:31 [INFO] [Rank 1] Loading weights...
2026-04-08 18:15:38 [INFO] [Rank 1] Weights loaded.
2026-04-08 18:16:34 [INFO] [Rank 0] Loading weights...
2026-04-08 18:16:46 [INFO] [Rank 0] Weights loaded.
2026-04-08 18:20:24 [INFO] [Rank 2] Finished. Latency: 217858 ms
2026-04-08 18:20:24 [INFO] [Rank 1] Finished. Latency: 217858 ms
2026-04-08 18:20:24 [INFO] [Rank 0] Finished. Latency: 217858 ms
2026-04-08 18:20:24 [INFO] [Rank 3] Finished. Latency: 217868 ms
2026-04-08 18:20:28 [INFO] Total latency:     217858 ms
2026-04-08 18:20:28 [INFO] Peak 5GB memory:   3730 MB
2026-04-08 18:20:28 [INFO] Avg  5GB memory:   2489 MB
2026-04-08 18:20:28 [INFO] [35/441] Split [25, 10, 4, 1] | Batch: 32 | Microbatch: 4 | Microbatches: 8
2026-04-08 18:20:28 [INFO] Loading WikiText... (SEQ_LEN=64, BATCH=32)
2026-04-08 18:20:47 [INFO] [Rank 3] Loading weights...
2026-04-08 18:20:50 [INFO] [Rank 3] Weights loaded.
2026-04-08 18:20:54 [INFO] [Rank 2] Loading weights...
2026-04-08 18:20:58 [INFO] [Rank 2] Weights loaded.
2026-04-08 18:21:17 [INFO] [Rank 1] Loading weights...
2026-04-08 18:21:24 [INFO] [Rank 1] Weights loaded.
2026-04-08 18:22:20 [INFO] [Rank 0] Loading weights...
2026-04-08 18:22:33 [INFO] [Rank 0] Weights loaded.
2026-04-08 18:29:35 [INFO] [Rank 1] Finished. Latency: 422275 ms
2026-04-08 18:29:35 [INFO] [Rank 2] Finished. Latency: 422275 ms
2026-04-08 18:29:35 [INFO] [Rank 0] Finished. Latency: 422275 ms
2026-04-08 18:29:35 [INFO] [Rank 3] Finished. Latency: 422285 ms
2026-04-08 18:29:39 [INFO] Total latency:     422275 ms
2026-04-08 18:29:39 [INFO] Peak 5GB memory:   5010 MB
2026-04-08 18:29:39 [INFO] Avg  5GB memory:   2516 MB
2026-04-08 18:29:39 [INFO] [36/441] Split [25, 10, 4, 1] | Batch: 32 | Microbatch: 2 | Microbatches: 16
2026-04-08 18:29:39 [INFO] Loading WikiText... (SEQ_LEN=64, BATCH=32)
2026-04-08 18:29:58 [INFO] [Rank 3] Loading weights...
2026-04-08 18:30:01 [INFO] [Rank 3] Weights loaded.
2026-04-08 18:30:05 [INFO] [Rank 2] Loading weights...
2026-04-08 18:30:09 [INFO] [Rank 2] Weights loaded.
2026-04-08 18:30:29 [INFO] [Rank 1] Loading weights...
2026-04-08 18:30:36 [INFO] [Rank 1] Weights loaded.
2026-04-08 18:31:31 [INFO] [Rank 0] Loading weights...
2026-04-08 18:31:44 [INFO] [Rank 0] Weights loaded.
2026-04-08 18:45:25 [INFO] [Rank 1] Finished. Latency: 820526 ms
2026-04-08 18:45:25 [INFO] [Rank 2] Finished. Latency: 820526 ms
2026-04-08 18:45:25 [INFO] [Rank 0] Finished. Latency: 820526 ms
2026-04-08 18:45:25 [INFO] [Rank 3] Finished. Latency: 820535 ms
2026-04-08 18:45:29 [INFO] Total latency:     820526 ms
2026-04-08 18:45:29 [INFO] Peak 5GB memory:   5010 MB
2026-04-08 18:45:29 [INFO] Avg  5GB memory:   2546 MB
2026-04-08 18:45:29 [INFO] [37/441] Split [26, 8, 4, 2] | Batch: 8 | Microbatch: 4 | Microbatches: 2
2026-04-08 18:45:29 [INFO] Loading WikiText... (SEQ_LEN=64, BATCH=8)
2026-04-08 18:45:52 [INFO] [Rank 3] Loading weights...
2026-04-08 18:45:55 [INFO] [Rank 2] Loading weights...
2026-04-08 18:45:55 [INFO] [Rank 3] Weights loaded.
2026-04-08 18:45:59 [INFO] [Rank 2] Weights loaded.
2026-04-08 18:46:10 [INFO] [Rank 1] Loading weights...
2026-04-08 18:46:16 [INFO] [Rank 1] Weights loaded.
2026-04-08 18:47:25 [INFO] [Rank 0] Loading weights...
2026-04-08 18:47:39 [INFO] [Rank 0] Weights loaded.
2026-04-08 18:49:27 [INFO] [Rank 2] Finished. Latency: 108431 ms
2026-04-08 18:49:27 [INFO] [Rank 0] Finished. Latency: 108431 ms
2026-04-08 18:49:27 [INFO] [Rank 1] Finished. Latency: 108431 ms
2026-04-08 18:49:27 [INFO] [Rank 3] Finished. Latency: 108444 ms
2026-04-08 18:49:31 [INFO] Total latency:     108431 ms
2026-04-08 18:49:31 [INFO] Peak 5GB memory:   6070 MB
2026-04-08 18:49:31 [INFO] Avg  5GB memory:   3350 MB
2026-04-08 18:49:31 [INFO] [38/441] Split [26, 8, 4, 2] | Batch: 8 | Microbatch: 2 | Microbatches: 4
2026-04-08 18:49:31 [INFO] Loading WikiText... (SEQ_LEN=64, BATCH=8)
2026-04-08 18:49:53 [INFO] [Rank 3] Loading weights...
2026-04-08 18:49:57 [INFO] [Rank 2] Loading weights...
2026-04-08 18:49:57 [INFO] [Rank 3] Weights loaded.
2026-04-08 18:50:01 [INFO] [Rank 2] Weights loaded.
2026-04-08 18:50:12 [INFO] [Rank 1] Loading weights...
2026-04-08 18:50:18 [INFO] [Rank 1] Weights loaded.
2026-04-08 18:51:26 [INFO] [Rank 0] Loading weights...
2026-04-08 18:51:39 [INFO] [Rank 0] Weights loaded.
2026-04-08 18:55:09 [INFO] [Rank 0] Finished. Latency: 209926 ms
2026-04-08 18:55:09 [INFO] [Rank 1] Finished. Latency: 209926 ms
2026-04-08 18:55:09 [INFO] [Rank 2] Finished. Latency: 209926 ms
2026-04-08 18:55:09 [INFO] [Rank 3] Finished. Latency: 209939 ms
2026-04-08 18:55:13 [INFO] Total latency:     209926 ms
2026-04-08 18:55:13 [INFO] Peak 5GB memory:   4790 MB
2026-04-08 18:55:13 [INFO] Avg  5GB memory:   3426 MB
2026-04-08 18:55:13 [INFO] [39/441] Split [26, 8, 4, 2] | Batch: 16 | Microbatch: 8 | Microbatches: 2
2026-04-08 18:55:13 [INFO] Loading WikiText... (SEQ_LEN=64, BATCH=16)
2026-04-08 18:55:36 [INFO] [Rank 3] Loading weights...
2026-04-08 18:55:39 [INFO] [Rank 2] Loading weights...
2026-04-08 18:55:39 [INFO] [Rank 3] Weights loaded.
2026-04-08 18:55:43 [INFO] [Rank 2] Weights loaded.
2026-04-08 18:55:55 [INFO] [Rank 1] Loading weights...
2026-04-08 18:56:01 [INFO] [Rank 1] Weights loaded.
2026-04-08 18:57:08 [INFO] [Rank 0] Loading weights...
2026-04-08 18:57:21 [INFO] [Rank 0] Weights loaded.
2026-04-08 18:59:13 [INFO] [Rank 2] Finished. Latency: 111607 ms
2026-04-08 18:59:13 [INFO] [Rank 1] Finished. Latency: 111607 ms
2026-04-08 18:59:13 [INFO] [Rank 0] Finished. Latency: 111607 ms
2026-04-08 18:59:13 [INFO] [Rank 3] Finished. Latency: 111621 ms
2026-04-08 18:59:17 [INFO] Total latency:     111607 ms
2026-04-08 18:59:17 [INFO] Peak 5GB memory:   6070 MB
2026-04-08 18:59:17 [INFO] Avg  5GB memory:   3390 MB
2026-04-08 18:59:17 [INFO] [40/441] Split [26, 8, 4, 2] | Batch: 16 | Microbatch: 4 | Microbatches: 4
2026-04-08 18:59:17 [INFO] Loading WikiText... (SEQ_LEN=64, BATCH=16)
2026-04-08 18:59:41 [INFO] [Rank 3] Loading weights...
2026-04-08 18:59:43 [INFO] [Rank 2] Loading weights...
2026-04-08 18:59:44 [INFO] [Rank 3] Weights loaded.
2026-04-08 18:59:48 [INFO] [Rank 2] Weights loaded.
2026-04-08 19:00:00 [INFO] [Rank 1] Loading weights...
2026-04-08 19:00:06 [INFO] [Rank 1] Weights loaded.
2026-04-08 19:01:13 [INFO] [Rank 0] Loading weights...
2026-04-08 19:01:26 [INFO] [Rank 0] Weights loaded.
2026-04-08 19:04:59 [INFO] [Rank 2] Finished. Latency: 213212 ms
2026-04-08 19:04:59 [INFO] [Rank 1] Finished. Latency: 213212 ms
2026-04-08 19:04:59 [INFO] [Rank 0] Finished. Latency: 213212 ms
2026-04-08 19:04:59 [INFO] [Rank 3] Finished. Latency: 213226 ms
2026-04-08 19:05:03 [INFO] Total latency:     213212 ms
2026-04-08 19:05:03 [INFO] Peak 5GB memory:   4790 MB
2026-04-08 19:05:03 [INFO] Avg  5GB memory:   3449 MB
2026-04-08 19:05:03 [INFO] [41/441] Split [26, 8, 4, 2] | Batch: 16 | Microbatch: 2 | Microbatches: 8
2026-04-08 19:05:03 [INFO] Loading WikiText... (SEQ_LEN=64, BATCH=16)
2026-04-08 19:05:26 [INFO] [Rank 3] Loading weights...
2026-04-08 19:05:29 [INFO] [Rank 2] Loading weights...
2026-04-08 19:05:29 [INFO] [Rank 3] Weights loaded.
2026-04-08 19:05:33 [INFO] [Rank 2] Weights loaded.
2026-04-08 19:05:45 [INFO] [Rank 1] Loading weights...
2026-04-08 19:05:51 [INFO] [Rank 1] Weights loaded.
2026-04-08 19:06:58 [INFO] [Rank 0] Loading weights...
2026-04-08 19:07:11 [INFO] [Rank 0] Weights loaded.
2026-04-08 19:14:09 [INFO] [Rank 2] Finished. Latency: 417362 ms
2026-04-08 19:14:09 [INFO] [Rank 1] Finished. Latency: 417362 ms
2026-04-08 19:14:09 [INFO] [Rank 0] Finished. Latency: 417362 ms
2026-04-08 19:14:09 [INFO] [Rank 3] Finished. Latency: 417375 ms
2026-04-08 19:14:13 [INFO] Total latency:     417362 ms
2026-04-08 19:14:13 [INFO] Peak 5GB memory:   4790 MB
2026-04-08 19:14:13 [INFO] Avg  5GB memory:   3517 MB
2026-04-08 19:14:13 [INFO] [42/441] Split [26, 8, 4, 2] | Batch: 32 | Microbatch: 16 | Microbatches: 2
2026-04-08 19:14:13 [INFO] Loading WikiText... (SEQ_LEN=64, BATCH=32)
2026-04-08 19:14:36 [INFO] [Rank 3] Loading weights...
2026-04-08 19:14:39 [INFO] [Rank 2] Loading weights...
2026-04-08 19:14:39 [INFO] [Rank 3] Weights loaded.
2026-04-08 19:14:43 [INFO] [Rank 2] Weights loaded.
2026-04-08 19:14:55 [INFO] [Rank 1] Loading weights...
2026-04-08 19:15:01 [INFO] [Rank 1] Weights loaded.
2026-04-08 19:16:08 [INFO] [Rank 0] Loading weights...
2026-04-08 19:16:22 [INFO] [Rank 0] Weights loaded.
2026-04-08 19:18:20 [INFO] [Rank 2] Finished. Latency: 118624 ms
2026-04-08 19:18:20 [INFO] [Rank 1] Finished. Latency: 118624 ms
2026-04-08 19:18:20 [INFO] [Rank 0] Finished. Latency: 118625 ms
2026-04-08 19:18:20 [INFO] [Rank 3] Finished. Latency: 118640 ms
2026-04-08 19:18:24 [INFO] Total latency:     118625 ms
2026-04-08 19:18:24 [INFO] Peak 5GB memory:   4790 MB
2026-04-08 19:18:24 [INFO] Avg  5GB memory:   3484 MB
2026-04-08 19:18:24 [INFO] [43/441] Split [26, 8, 4, 2] | Batch: 32 | Microbatch: 8 | Microbatches: 4
2026-04-08 19:18:24 [INFO] Loading WikiText... (SEQ_LEN=64, BATCH=32)
2026-04-08 19:18:47 [INFO] [Rank 3] Loading weights...
2026-04-08 19:18:50 [INFO] [Rank 2] Loading weights...
2026-04-08 19:18:50 [INFO] [Rank 3] Weights loaded.
2026-04-08 19:18:54 [INFO] [Rank 2] Weights loaded.
2026-04-08 19:19:06 [INFO] [Rank 1] Loading weights...
2026-04-08 19:19:11 [INFO] [Rank 1] Weights loaded.
2026-04-08 19:20:19 [INFO] [Rank 0] Loading weights...
2026-04-08 19:20:32 [INFO] [Rank 0] Weights loaded.
2026-04-08 19:24:13 [INFO] [Rank 1] Finished. Latency: 220409 ms
2026-04-08 19:24:13 [INFO] [Rank 2] Finished. Latency: 220409 ms
2026-04-08 19:24:13 [INFO] [Rank 0] Finished. Latency: 220409 ms
2026-04-08 19:24:13 [INFO] [Rank 3] Finished. Latency: 220423 ms
2026-04-08 19:24:17 [INFO] Total latency:     220409 ms
2026-04-08 19:24:17 [INFO] Peak 5GB memory:   6070 MB
2026-04-08 19:24:17 [INFO] Avg  5GB memory:   3517 MB
2026-04-08 19:24:17 [INFO] [44/441] Split [26, 8, 4, 2] | Batch: 32 | Microbatch: 4 | Microbatches: 8
2026-04-08 19:24:17 [INFO] Loading WikiText... (SEQ_LEN=64, BATCH=32)
2026-04-08 19:24:40 [INFO] [Rank 3] Loading weights...
2026-04-08 19:24:43 [INFO] [Rank 2] Loading weights...
2026-04-08 19:24:44 [INFO] [Rank 3] Weights loaded.
2026-04-08 19:24:47 [INFO] [Rank 2] Weights loaded.
2026-04-08 19:24:59 [INFO] [Rank 1] Loading weights...
2026-04-08 19:25:05 [INFO] [Rank 1] Weights loaded.
2026-04-08 19:26:12 [INFO] [Rank 0] Loading weights...
2026-04-08 19:26:25 [INFO] [Rank 0] Weights loaded.
2026-04-08 19:33:30 [INFO] [Rank 1] Finished. Latency: 424453 ms
2026-04-08 19:33:30 [INFO] [Rank 2] Finished. Latency: 424453 ms
2026-04-08 19:33:30 [INFO] [Rank 0] Finished. Latency: 424453 ms
2026-04-08 19:33:30 [INFO] [Rank 3] Finished. Latency: 424467 ms
2026-04-08 19:33:34 [INFO] Total latency:     424453 ms
2026-04-08 19:33:34 [INFO] Peak 5GB memory:   6070 MB
2026-04-08 19:33:34 [INFO] Avg  5GB memory:   3570 MB
2026-04-08 19:33:34 [INFO] [45/441] Split [26, 8, 4, 2] | Batch: 32 | Microbatch: 2 | Microbatches: 16
2026-04-08 19:33:34 [INFO] Loading WikiText... (SEQ_LEN=64, BATCH=32)
2026-04-08 19:33:57 [INFO] [Rank 3] Loading weights...
2026-04-08 19:34:00 [INFO] [Rank 2] Loading weights...
2026-04-08 19:34:00 [INFO] [Rank 3] Weights loaded.
2026-04-08 19:34:04 [INFO] [Rank 2] Weights loaded.
2026-04-08 19:34:15 [INFO] [Rank 1] Loading weights...
2026-04-08 19:34:21 [INFO] [Rank 1] Weights loaded.
2026-04-08 19:35:29 [INFO] [Rank 0] Loading weights...
2026-04-08 19:35:42 [INFO] [Rank 0] Weights loaded.
2026-04-08 19:49:32 [INFO] [Rank 1] Finished. Latency: 829903 ms
2026-04-08 19:49:32 [INFO] [Rank 0] Finished. Latency: 829903 ms
2026-04-08 19:49:32 [INFO] [Rank 2] Finished. Latency: 829903 ms
2026-04-08 19:49:32 [INFO] [Rank 3] Finished. Latency: 829916 ms
2026-04-08 19:49:36 [INFO] Total latency:     829903 ms
2026-04-08 19:49:36 [INFO] Peak 5GB memory:   6070 MB
2026-04-08 19:49:36 [INFO] Avg  5GB memory:   3637 MB
2026-04-08 19:49:36 [INFO] [46/441] Split [26, 9, 3, 2] | Batch: 8 | Microbatch: 4 | Microbatches: 2
2026-04-08 19:49:36 [INFO] Loading WikiText... (SEQ_LEN=64, BATCH=8)
2026-04-08 19:49:58 [INFO] [Rank 2] Loading weights...
2026-04-08 19:49:59 [INFO] [Rank 3] Loading weights...
2026-04-08 19:50:01 [INFO] [Rank 2] Weights loaded.
2026-04-08 19:50:02 [INFO] [Rank 3] Weights loaded.
2026-04-08 19:50:22 [INFO] [Rank 1] Loading weights...
2026-04-08 19:50:28 [INFO] [Rank 1] Weights loaded.
2026-04-08 19:51:31 [INFO] [Rank 0] Loading weights...
2026-04-08 19:51:44 [INFO] [Rank 0] Weights loaded.
2026-04-08 19:53:29 [INFO] [Rank 1] Finished. Latency: 105062 ms
2026-04-08 19:53:29 [INFO] [Rank 2] Finished. Latency: 105062 ms
2026-04-08 19:53:29 [INFO] [Rank 0] Finished. Latency: 105062 ms
2026-04-08 19:53:29 [INFO] [Rank 3] Finished. Latency: 105076 ms
2026-04-08 19:53:33 [INFO] Total latency:     105062 ms
2026-04-08 19:53:33 [INFO] Peak 5GB memory:   6070 MB
2026-04-08 19:53:33 [INFO] Avg  5GB memory:   3344 MB
2026-04-08 19:53:33 [INFO] [47/441] Split [26, 9, 3, 2] | Batch: 8 | Microbatch: 2 | Microbatches: 4
2026-04-08 19:53:33 [INFO] Loading WikiText... (SEQ_LEN=64, BATCH=8)
2026-04-08 19:53:54 [INFO] [Rank 2] Loading weights...
2026-04-08 19:53:55 [INFO] [Rank 3] Loading weights...
2026-04-08 19:53:58 [INFO] [Rank 2] Weights loaded.
2026-04-08 19:53:59 [INFO] [Rank 3] Weights loaded.
2026-04-08 19:54:18 [INFO] [Rank 1] Loading weights...
2026-04-08 19:54:25 [INFO] [Rank 1] Weights loaded.
2026-04-08 19:55:28 [INFO] [Rank 0] Loading weights...
2026-04-08 19:55:41 [INFO] [Rank 0] Weights loaded.
2026-04-08 19:59:06 [INFO] [Rank 1] Finished. Latency: 204489 ms
2026-04-08 19:59:06 [INFO] [Rank 2] Finished. Latency: 204489 ms
2026-04-08 19:59:06 [INFO] [Rank 0] Finished. Latency: 204489 ms
2026-04-08 19:59:06 [INFO] [Rank 3] Finished. Latency: 204502 ms
2026-04-08 19:59:10 [INFO] Total latency:     204489 ms
2026-04-08 19:59:10 [INFO] Peak 5GB memory:   6070 MB
2026-04-08 19:59:10 [INFO] Avg  5GB memory:   3420 MB
2026-04-08 19:59:10 [INFO] [48/441] Split [26, 9, 3, 2] | Batch: 16 | Microbatch: 8 | Microbatches: 2
2026-04-08 19:59:10 [INFO] Loading WikiText... (SEQ_LEN=64, BATCH=16)
2026-04-08 19:59:31 [INFO] [Rank 2] Loading weights...
2026-04-08 19:59:32 [INFO] [Rank 3] Loading weights...
2026-04-08 19:59:35 [INFO] [Rank 2] Weights loaded.
2026-04-08 19:59:36 [INFO] [Rank 3] Weights loaded.
2026-04-08 19:59:55 [INFO] [Rank 1] Loading weights...
2026-04-08 20:00:02 [INFO] [Rank 1] Weights loaded.
2026-04-08 20:01:05 [INFO] [Rank 0] Loading weights...
2026-04-08 20:01:18 [INFO] [Rank 0] Weights loaded.
2026-04-08 20:03:07 [INFO] [Rank 1] Finished. Latency: 108511 ms
2026-04-08 20:03:07 [INFO] [Rank 2] Finished. Latency: 108511 ms
2026-04-08 20:03:07 [INFO] [Rank 0] Finished. Latency: 108511 ms
2026-04-08 20:03:07 [INFO] [Rank 3] Finished. Latency: 108525 ms
2026-04-08 20:03:11 [INFO] Total latency:     108511 ms
2026-04-08 20:03:11 [INFO] Peak 5GB memory:   6070 MB
2026-04-08 20:03:11 [INFO] Avg  5GB memory:   3386 MB
2026-04-08 20:03:11 [INFO] [49/441] Split [26, 9, 3, 2] | Batch: 16 | Microbatch: 4 | Microbatches: 4
2026-04-08 20:03:11 [INFO] Loading WikiText... (SEQ_LEN=64, BATCH=16)
2026-04-08 20:03:32 [INFO] [Rank 2] Loading weights...
2026-04-08 20:03:33 [INFO] [Rank 3] Loading weights...
2026-04-08 20:03:36 [INFO] [Rank 2] Weights loaded.
2026-04-08 20:03:37 [INFO] [Rank 3] Weights loaded.
2026-04-08 20:03:56 [INFO] [Rank 1] Loading weights...
2026-04-08 20:04:03 [INFO] [Rank 1] Weights loaded.
2026-04-08 20:05:06 [INFO] [Rank 0] Loading weights...
2026-04-08 20:05:19 [INFO] [Rank 0] Weights loaded.
2026-04-08 20:08:47 [INFO] [Rank 2] Finished. Latency: 208168 ms
2026-04-08 20:08:47 [INFO] [Rank 0] Finished. Latency: 208168 ms
2026-04-08 20:08:47 [INFO] [Rank 1] Finished. Latency: 208168 ms
2026-04-08 20:08:47 [INFO] [Rank 3] Finished. Latency: 208181 ms
2026-04-08 20:08:51 [INFO] Total latency:     208168 ms
2026-04-08 20:08:51 [INFO] Peak 5GB memory:   6070 MB
2026-04-08 20:08:51 [INFO] Avg  5GB memory:   3447 MB
2026-04-08 20:08:51 [INFO] [50/441] Split [26, 9, 3, 2] | Batch: 16 | Microbatch: 2 | Microbatches: 8
2026-04-08 20:08:51 [INFO] Loading WikiText... (SEQ_LEN=64, BATCH=16)
2026-04-08 20:09:13 [INFO] [Rank 2] Loading weights...
2026-04-08 20:09:14 [INFO] [Rank 3] Loading weights...
2026-04-08 20:09:17 [INFO] [Rank 2] Weights loaded.
2026-04-08 20:09:17 [INFO] [Rank 3] Weights loaded.
2026-04-08 20:09:37 [INFO] [Rank 1] Loading weights...
2026-04-08 20:09:43 [INFO] [Rank 1] Weights loaded.
2026-04-08 20:10:47 [INFO] [Rank 0] Loading weights...
2026-04-08 20:11:00 [INFO] [Rank 0] Weights loaded.
2026-04-08 20:17:46 [INFO] [Rank 2] Finished. Latency: 406120 ms
2026-04-08 20:17:46 [INFO] [Rank 1] Finished. Latency: 406120 ms
2026-04-08 20:17:46 [INFO] [Rank 0] Finished. Latency: 406120 ms
2026-04-08 20:17:46 [INFO] [Rank 3] Finished. Latency: 406133 ms
2026-04-08 20:17:50 [INFO] Total latency:     406120 ms
2026-04-08 20:17:50 [INFO] Peak 5GB memory:   4790 MB
2026-04-08 20:17:50 [INFO] Avg  5GB memory:   3508 MB
2026-04-08 20:17:50 [INFO] [51/441] Split [26, 9, 3, 2] | Batch: 32 | Microbatch: 16 | Microbatches: 2
2026-04-08 20:17:50 [INFO] Loading WikiText... (SEQ_LEN=64, BATCH=32)
2026-04-08 20:18:11 [INFO] [Rank 2] Loading weights...
2026-04-08 20:18:12 [INFO] [Rank 3] Loading weights...
2026-04-08 20:18:15 [INFO] [Rank 2] Weights loaded.
2026-04-08 20:18:16 [INFO] [Rank 3] Weights loaded.
2026-04-08 20:18:35 [INFO] [Rank 1] Loading weights...
2026-04-08 20:18:42 [INFO] [Rank 1] Weights loaded.
2026-04-08 20:19:45 [INFO] [Rank 0] Loading weights...
2026-04-08 20:19:58 [INFO] [Rank 0] Weights loaded.
2026-04-08 20:21:54 [INFO] [Rank 2] Finished. Latency: 115678 ms
2026-04-08 20:21:54 [INFO] [Rank 0] Finished. Latency: 115678 ms
2026-04-08 20:21:54 [INFO] [Rank 1] Finished. Latency: 115678 ms
2026-04-08 20:21:54 [INFO] [Rank 3] Finished. Latency: 115693 ms
2026-04-08 20:21:58 [INFO] Total latency:     115678 ms
2026-04-08 20:21:58 [INFO] Peak 5GB memory:   6070 MB
2026-04-08 20:21:58 [INFO] Avg  5GB memory:   3497 MB
2026-04-08 20:21:58 [INFO] [52/441] Split [26, 9, 3, 2] | Batch: 32 | Microbatch: 8 | Microbatches: 4
2026-04-08 20:21:58 [INFO] Loading WikiText... (SEQ_LEN=64, BATCH=32)
2026-04-08 20:22:20 [INFO] [Rank 2] Loading weights...
2026-04-08 20:22:21 [INFO] [Rank 3] Loading weights...
2026-04-08 20:22:24 [INFO] [Rank 2] Weights loaded.
2026-04-08 20:22:24 [INFO] [Rank 3] Weights loaded.
2026-04-08 20:22:44 [INFO] [Rank 1] Loading weights...
2026-04-08 20:22:50 [INFO] [Rank 1] Weights loaded.
2026-04-08 20:23:54 [INFO] [Rank 0] Loading weights...
2026-04-08 20:24:07 [INFO] [Rank 0] Weights loaded.
2026-04-08 20:27:42 [INFO] [Rank 1] Finished. Latency: 215010 ms
2026-04-08 20:27:42 [INFO] [Rank 2] Finished. Latency: 215010 ms
2026-04-08 20:27:42 [INFO] [Rank 0] Finished. Latency: 215010 ms
2026-04-08 20:27:42 [INFO] [Rank 3] Finished. Latency: 215024 ms
2026-04-08 20:27:46 [INFO] Total latency:     215010 ms
2026-04-08 20:27:46 [INFO] Peak 5GB memory:   4790 MB
2026-04-08 20:27:46 [INFO] Avg  5GB memory:   3516 MB
2026-04-08 20:27:46 [INFO] [53/441] Split [26, 9, 3, 2] | Batch: 32 | Microbatch: 4 | Microbatches: 8
2026-04-08 20:27:46 [INFO] Loading WikiText... (SEQ_LEN=64, BATCH=32)
2026-04-08 20:28:08 [INFO] [Rank 2] Loading weights...
2026-04-08 20:28:09 [INFO] [Rank 3] Loading weights...
2026-04-08 20:28:11 [INFO] [Rank 2] Weights loaded.
2026-04-08 20:28:12 [INFO] [Rank 3] Weights loaded.
2026-04-08 20:28:31 [INFO] [Rank 1] Loading weights...
2026-04-08 20:28:38 [INFO] [Rank 1] Weights loaded.
2026-04-08 20:29:41 [INFO] [Rank 0] Loading weights...
2026-04-08 20:29:54 [INFO] [Rank 0] Weights loaded.
2026-04-08 20:36:49 [INFO] [Rank 1] Finished. Latency: 414182 ms
2026-04-08 20:36:49 [INFO] [Rank 2] Finished. Latency: 414182 ms
2026-04-08 20:36:49 [INFO] [Rank 0] Finished. Latency: 414182 ms
2026-04-08 20:36:49 [INFO] [Rank 3] Finished. Latency: 414196 ms
2026-04-08 20:36:53 [INFO] Total latency:     414182 ms
2026-04-08 20:36:53 [INFO] Peak 5GB memory:   6070 MB
2026-04-08 20:36:53 [INFO] Avg  5GB memory:   3568 MB
2026-04-08 20:36:53 [INFO] [54/441] Split [26, 9, 3, 2] | Batch: 32 | Microbatch: 2 | Microbatches: 16
2026-04-08 20:36:53 [INFO] Loading WikiText... (SEQ_LEN=64, BATCH=32)
2026-04-08 20:37:15 [INFO] [Rank 2] Loading weights...
2026-04-08 20:37:15 [INFO] [Rank 3] Loading weights...
2026-04-08 20:37:18 [INFO] [Rank 2] Weights loaded.
2026-04-08 20:37:19 [INFO] [Rank 3] Weights loaded.
2026-04-08 20:37:38 [INFO] [Rank 1] Loading weights...
2026-04-08 20:37:45 [INFO] [Rank 1] Weights loaded.
2026-04-08 20:38:48 [INFO] [Rank 0] Loading weights...
2026-04-08 20:39:01 [INFO] [Rank 0] Weights loaded.
2026-04-08 20:52:31 [INFO] [Rank 0] Finished. Latency: 809686 ms
2026-04-08 20:52:31 [INFO] [Rank 1] Finished. Latency: 809686 ms
2026-04-08 20:52:31 [INFO] [Rank 2] Finished. Latency: 809685 ms
2026-04-08 20:52:31 [INFO] [Rank 3] Finished. Latency: 809699 ms
2026-04-08 20:52:35 [INFO] Total latency:     809686 ms
2026-04-08 20:52:35 [INFO] Peak 5GB memory:   6070 MB
2026-04-08 20:52:35 [INFO] Avg  5GB memory:   3637 MB
2026-04-08 20:52:35 [INFO] [55/441] Split [26, 9, 4, 1] | Batch: 8 | Microbatch: 4 | Microbatches: 2
2026-04-08 20:52:35 [INFO] Loading WikiText... (SEQ_LEN=64, BATCH=8)
2026-04-08 20:52:54 [INFO] [Rank 3] Loading weights...
2026-04-08 20:52:57 [INFO] [Rank 3] Weights loaded.
2026-04-08 20:53:01 [INFO] [Rank 2] Loading weights...
2026-04-08 20:53:05 [INFO] [Rank 2] Weights loaded.
2026-04-08 20:53:20 [INFO] [Rank 1] Loading weights...
2026-04-08 20:53:27 [INFO] [Rank 1] Weights loaded.
2026-04-08 20:54:30 [INFO] [Rank 0] Loading weights...
2026-04-08 20:54:43 [INFO] [Rank 0] Weights loaded.
2026-04-08 20:56:28 [INFO] [Rank 2] Finished. Latency: 105096 ms
2026-04-08 20:56:28 [INFO] [Rank 1] Finished. Latency: 105096 ms
2026-04-08 20:56:28 [INFO] [Rank 0] Finished. Latency: 105096 ms
2026-04-08 20:56:28 [INFO] [Rank 3] Finished. Latency: 105106 ms
2026-04-08 20:56:32 [INFO] Total latency:     105096 ms
2026-04-08 20:56:32 [INFO] Peak 5GB memory:   3730 MB
2026-04-08 20:56:32 [INFO] Avg  5GB memory:   2364 MB
2026-04-08 20:56:32 [INFO] [56/441] Split [26, 9, 4, 1] | Batch: 8 | Microbatch: 2 | Microbatches: 4
2026-04-08 20:56:32 [INFO] Loading WikiText... (SEQ_LEN=64, BATCH=8)
2026-04-08 20:56:50 [INFO] [Rank 3] Loading weights...
2026-04-08 20:56:54 [INFO] [Rank 3] Weights loaded.
2026-04-08 20:56:57 [INFO] [Rank 2] Loading weights...
2026-04-08 20:57:01 [INFO] [Rank 2] Weights loaded.
2026-04-08 20:57:17 [INFO] [Rank 1] Loading weights...
2026-04-08 20:57:23 [INFO] [Rank 1] Weights loaded.
2026-04-08 20:58:27 [INFO] [Rank 0] Loading weights...
2026-04-08 20:58:40 [INFO] [Rank 0] Weights loaded.
2026-04-08 21:02:04 [INFO] [Rank 1] Finished. Latency: 204189 ms
2026-04-08 21:02:04 [INFO] [Rank 2] Finished. Latency: 204189 ms
2026-04-08 21:02:04 [INFO] [Rank 0] Finished. Latency: 204190 ms
2026-04-08 21:02:04 [INFO] [Rank 3] Finished. Latency: 204199 ms
2026-04-08 21:02:08 [INFO] Total latency:     204190 ms
2026-04-08 21:02:08 [INFO] Peak 5GB memory:   3730 MB
2026-04-08 21:02:08 [INFO] Avg  5GB memory:   2413 MB
2026-04-08 21:02:08 [INFO] [57/441] Split [26, 9, 4, 1] | Batch: 16 | Microbatch: 8 | Microbatches: 2
2026-04-08 21:02:08 [INFO] Loading WikiText... (SEQ_LEN=64, BATCH=16)
2026-04-08 21:02:27 [INFO] [Rank 3] Loading weights...
2026-04-08 21:02:30 [INFO] [Rank 3] Weights loaded.
2026-04-08 21:02:34 [INFO] [Rank 2] Loading weights...
2026-04-08 21:02:38 [INFO] [Rank 2] Weights loaded.
2026-04-08 21:02:54 [INFO] [Rank 1] Loading weights...
2026-04-08 21:03:00 [INFO] [Rank 1] Weights loaded.
2026-04-08 21:04:03 [INFO] [Rank 0] Loading weights...
2026-04-08 21:04:16 [INFO] [Rank 0] Weights loaded.
2026-04-08 21:06:05 [INFO] [Rank 2] Finished. Latency: 108414 ms
2026-04-08 21:06:05 [INFO] [Rank 0] Finished. Latency: 108414 ms
2026-04-08 21:06:05 [INFO] [Rank 1] Finished. Latency: 108414 ms
2026-04-08 21:06:05 [INFO] [Rank 3] Finished. Latency: 108424 ms
2026-04-08 21:06:09 [INFO] Total latency:     108414 ms
2026-04-08 21:06:09 [INFO] Peak 5GB memory:   5010 MB
2026-04-08 21:06:09 [INFO] Avg  5GB memory:   2408 MB
2026-04-08 21:06:09 [INFO] [58/441] Split [26, 9, 4, 1] | Batch: 16 | Microbatch: 4 | Microbatches: 4
2026-04-08 21:06:09 [INFO] Loading WikiText... (SEQ_LEN=64, BATCH=16)
2026-04-08 21:06:27 [INFO] [Rank 3] Loading weights...
2026-04-08 21:06:30 [INFO] [Rank 3] Weights loaded.
2026-04-08 21:06:34 [INFO] [Rank 2] Loading weights...
2026-04-08 21:06:38 [INFO] [Rank 2] Weights loaded.
2026-04-08 21:06:54 [INFO] [Rank 1] Loading weights...
2026-04-08 21:07:01 [INFO] [Rank 1] Weights loaded.
2026-04-08 21:08:04 [INFO] [Rank 0] Loading weights...
2026-04-08 21:08:17 [INFO] [Rank 0] Weights loaded.
2026-04-08 21:11:45 [INFO] [Rank 2] Finished. Latency: 208058 ms
2026-04-08 21:11:45 [INFO] [Rank 1] Finished. Latency: 208058 ms
2026-04-08 21:11:45 [INFO] [Rank 0] Finished. Latency: 208058 ms
2026-04-08 21:11:45 [INFO] [Rank 3] Finished. Latency: 208067 ms
2026-04-08 21:11:49 [INFO] Total latency:     208058 ms
2026-04-08 21:11:49 [INFO] Peak 5GB memory:   5010 MB
2026-04-08 21:11:49 [INFO] Avg  5GB memory:   2439 MB
2026-04-08 21:11:49 [INFO] [59/441] Split [26, 9, 4, 1] | Batch: 16 | Microbatch: 2 | Microbatches: 8
2026-04-08 21:11:49 [INFO] Loading WikiText... (SEQ_LEN=64, BATCH=16)
2026-04-08 21:12:07 [INFO] [Rank 3] Loading weights...
2026-04-08 21:12:10 [INFO] [Rank 3] Weights loaded.
2026-04-08 21:12:14 [INFO] [Rank 2] Loading weights...
2026-04-08 21:12:18 [INFO] [Rank 2] Weights loaded.
2026-04-08 21:12:34 [INFO] [Rank 1] Loading weights...
2026-04-08 21:12:40 [INFO] [Rank 1] Weights loaded.
2026-04-08 21:13:44 [INFO] [Rank 0] Loading weights...
2026-04-08 21:13:57 [INFO] [Rank 0] Weights loaded.
2026-04-08 21:20:43 [INFO] [Rank 2] Finished. Latency: 405922 ms
2026-04-08 21:20:43 [INFO] [Rank 1] Finished. Latency: 405922 ms
2026-04-08 21:20:43 [INFO] [Rank 0] Finished. Latency: 405922 ms
2026-04-08 21:20:43 [INFO] [Rank 3] Finished. Latency: 405931 ms
2026-04-08 21:20:47 [INFO] Total latency:     405922 ms
2026-04-08 21:20:47 [INFO] Peak 5GB memory:   3730 MB
2026-04-08 21:20:47 [INFO] Avg  5GB memory:   2473 MB
2026-04-08 21:20:47 [INFO] [60/441] Split [26, 9, 4, 1] | Batch: 32 | Microbatch: 16 | Microbatches: 2
2026-04-08 21:20:47 [INFO] Loading WikiText... (SEQ_LEN=64, BATCH=32)
2026-04-08 21:21:05 [INFO] [Rank 3] Loading weights...
2026-04-08 21:21:09 [INFO] [Rank 3] Weights loaded.
2026-04-08 21:21:13 [INFO] [Rank 2] Loading weights...
2026-04-08 21:21:17 [INFO] [Rank 2] Weights loaded.
2026-04-08 21:21:32 [INFO] [Rank 1] Loading weights...
2026-04-08 21:21:38 [INFO] [Rank 1] Weights loaded.
2026-04-08 21:22:42 [INFO] [Rank 0] Loading weights...
2026-04-08 21:22:55 [INFO] [Rank 0] Weights loaded.
2026-04-08 21:24:51 [INFO] [Rank 2] Finished. Latency: 115694 ms
2026-04-08 21:24:51 [INFO] [Rank 1] Finished. Latency: 115694 ms
2026-04-08 21:24:51 [INFO] [Rank 0] Finished. Latency: 115694 ms
2026-04-08 21:24:51 [INFO] [Rank 3] Finished. Latency: 115704 ms
2026-04-08 21:24:55 [INFO] Total latency:     115694 ms
2026-04-08 21:24:55 [INFO] Peak 5GB memory:   5010 MB
2026-04-08 21:24:55 [INFO] Avg  5GB memory:   2512 MB
2026-04-08 21:24:55 [INFO] [61/441] Split [26, 9, 4, 1] | Batch: 32 | Microbatch: 8 | Microbatches: 4
2026-04-08 21:24:55 [INFO] Loading WikiText... (SEQ_LEN=64, BATCH=32)
2026-04-08 21:25:13 [INFO] [Rank 3] Loading weights...
2026-04-08 21:25:17 [INFO] [Rank 3] Weights loaded.
2026-04-08 21:25:20 [INFO] [Rank 2] Loading weights...
2026-04-08 21:25:24 [INFO] [Rank 2] Weights loaded.
2026-04-08 21:25:40 [INFO] [Rank 1] Loading weights...
2026-04-08 21:25:47 [INFO] [Rank 1] Weights loaded.
2026-04-08 21:26:50 [INFO] [Rank 0] Loading weights...
2026-04-08 21:27:03 [INFO] [Rank 0] Weights loaded.
2026-04-08 21:30:38 [INFO] [Rank 1] Finished. Latency: 214950 ms
2026-04-08 21:30:38 [INFO] [Rank 2] Finished. Latency: 214950 ms
2026-04-08 21:30:38 [INFO] [Rank 0] Finished. Latency: 214950 ms
2026-04-08 21:30:38 [INFO] [Rank 3] Finished. Latency: 214960 ms
2026-04-08 21:30:42 [INFO] Total latency:     214950 ms
2026-04-08 21:30:42 [INFO] Peak 5GB memory:   3730 MB
2026-04-08 21:30:42 [INFO] Avg  5GB memory:   2492 MB
2026-04-08 21:30:42 [INFO] [62/441] Split [26, 9, 4, 1] | Batch: 32 | Microbatch: 4 | Microbatches: 8
2026-04-08 21:30:42 [INFO] Loading WikiText... (SEQ_LEN=64, BATCH=32)
2026-04-08 21:31:00 [INFO] [Rank 3] Loading weights...
2026-04-08 21:31:03 [INFO] [Rank 3] Weights loaded.
2026-04-08 21:31:07 [INFO] [Rank 2] Loading weights...
2026-04-08 21:31:11 [INFO] [Rank 2] Weights loaded.
2026-04-08 21:31:27 [INFO] [Rank 1] Loading weights...
2026-04-08 21:31:33 [INFO] [Rank 1] Weights loaded.
2026-04-08 21:32:37 [INFO] [Rank 0] Loading weights...
2026-04-08 21:32:51 [INFO] [Rank 0] Weights loaded.
2026-04-08 21:39:44 [INFO] [Rank 1] Finished. Latency: 413616 ms
2026-04-08 21:39:44 [INFO] [Rank 2] Finished. Latency: 413616 ms
2026-04-08 21:39:44 [INFO] [Rank 0] Finished. Latency: 413616 ms
2026-04-08 21:39:44 [INFO] [Rank 3] Finished. Latency: 413626 ms
2026-04-08 21:39:48 [INFO] Total latency:     413616 ms
2026-04-08 21:39:48 [INFO] Peak 5GB memory:   3730 MB
2026-04-08 21:39:48 [INFO] Avg  5GB memory:   2515 MB
2026-04-08 21:39:48 [INFO] [63/441] Split [26, 9, 4, 1] | Batch: 32 | Microbatch: 2 | Microbatches: 16
2026-04-08 21:39:48 [INFO] Loading WikiText... (SEQ_LEN=64, BATCH=32)
2026-04-08 21:40:07 [INFO] [Rank 3] Loading weights...
2026-04-08 21:40:10 [INFO] [Rank 3] Weights loaded.
2026-04-08 21:40:14 [INFO] [Rank 2] Loading weights...
2026-04-08 21:40:18 [INFO] [Rank 2] Weights loaded.
2026-04-08 21:40:34 [INFO] [Rank 1] Loading weights...
2026-04-08 21:40:40 [INFO] [Rank 1] Weights loaded.
2026-04-08 21:41:43 [INFO] [Rank 0] Loading weights...
2026-04-08 21:41:56 [INFO] [Rank 0] Weights loaded.
2026-04-08 21:55:26 [INFO] [Rank 2] Finished. Latency: 809893 ms
2026-04-08 21:55:26 [INFO] [Rank 0] Finished. Latency: 809893 ms
2026-04-08 21:55:26 [INFO] [Rank 1] Finished. Latency: 809893 ms
2026-04-08 21:55:26 [INFO] [Rank 3] Finished. Latency: 809903 ms
2026-04-08 21:55:30 [INFO] Total latency:     809893 ms
2026-04-08 21:55:30 [INFO] Peak 5GB memory:   5010 MB
2026-04-08 21:55:30 [INFO] Avg  5GB memory:   2544 MB
2026-04-08 21:55:30 [INFO] [64/441] Split [26, 10, 2, 2] | Batch: 8 | Microbatch: 4 | Microbatches: 2
2026-04-08 21:55:30 [INFO] Loading WikiText... (SEQ_LEN=64, BATCH=8)
2026-04-08 21:55:48 [INFO] [Rank 2] Loading weights...
2026-04-08 21:55:51 [INFO] [Rank 2] Weights loaded.
2026-04-08 21:55:53 [INFO] [Rank 3] Loading weights...
2026-04-08 21:55:56 [INFO] [Rank 3] Weights loaded.
2026-04-08 21:56:20 [INFO] [Rank 1] Loading weights...
2026-04-08 21:56:27 [INFO] [Rank 1] Weights loaded.
2026-04-08 21:57:26 [INFO] [Rank 0] Loading weights...
2026-04-08 21:57:39 [INFO] [Rank 0] Weights loaded.
2026-04-08 21:59:22 [INFO] [Rank 2] Finished. Latency: 102670 ms
2026-04-08 21:59:22 [INFO] [Rank 0] Finished. Latency: 102670 ms
2026-04-08 21:59:22 [INFO] [Rank 1] Finished. Latency: 102670 ms
2026-04-08 21:59:22 [INFO] [Rank 3] Finished. Latency: 102684 ms
2026-04-08 21:59:26 [INFO] Total latency:     102670 ms
2026-04-08 21:59:26 [INFO] Peak 5GB memory:   4790 MB
2026-04-08 21:59:26 [INFO] Avg  5GB memory:   3344 MB
2026-04-08 21:59:26 [INFO] [65/441] Split [26, 10, 2, 2] | Batch: 8 | Microbatch: 2 | Microbatches: 4
2026-04-08 21:59:26 [INFO] Loading WikiText... (SEQ_LEN=64, BATCH=8)
2026-04-08 21:59:43 [INFO] [Rank 2] Loading weights...
2026-04-08 21:59:46 [INFO] [Rank 2] Weights loaded.
2026-04-08 21:59:48 [INFO] [Rank 3] Loading weights...
2026-04-08 21:59:52 [INFO] [Rank 3] Weights loaded.
2026-04-08 22:00:15 [INFO] [Rank 1] Loading weights...
2026-04-08 22:00:22 [INFO] [Rank 1] Weights loaded.
2026-04-08 22:01:21 [INFO] [Rank 0] Loading weights...
2026-04-08 22:01:34 [INFO] [Rank 0] Weights loaded.
2026-04-08 22:04:53 [INFO] [Rank 1] Finished. Latency: 199528 ms
2026-04-08 22:04:53 [INFO] [Rank 2] Finished. Latency: 199528 ms
2026-04-08 22:04:53 [INFO] [Rank 0] Finished. Latency: 199528 ms
2026-04-08 22:04:53 [INFO] [Rank 3] Finished. Latency: 199541 ms
2026-04-08 22:04:57 [INFO] Total latency:     199528 ms
2026-04-08 22:04:57 [INFO] Peak 5GB memory:   6070 MB
2026-04-08 22:04:57 [INFO] Avg  5GB memory:   3408 MB
2026-04-08 22:04:57 [INFO] [66/441] Split [26, 10, 2, 2] | Batch: 16 | Microbatch: 8 | Microbatches: 2
2026-04-08 22:04:57 [INFO] Loading WikiText... (SEQ_LEN=64, BATCH=16)
2026-04-08 22:05:15 [INFO] [Rank 2] Loading weights...
2026-04-08 22:05:18 [INFO] [Rank 2] Weights loaded.
2026-04-08 22:05:20 [INFO] [Rank 3] Loading weights...
2026-04-08 22:05:24 [INFO] [Rank 3] Weights loaded.
2026-04-08 22:05:47 [INFO] [Rank 1] Loading weights...
2026-04-08 22:05:54 [INFO] [Rank 1] Weights loaded.
2026-04-08 22:06:53 [INFO] [Rank 0] Loading weights...
2026-04-08 22:07:07 [INFO] [Rank 0] Weights loaded.
2026-04-08 22:08:54 [INFO] [Rank 2] Finished. Latency: 106943 ms
2026-04-08 22:08:54 [INFO] [Rank 1] Finished. Latency: 106943 ms
2026-04-08 22:08:54 [INFO] [Rank 0] Finished. Latency: 106943 ms
2026-04-08 22:08:54 [INFO] [Rank 3] Finished. Latency: 106957 ms
2026-04-08 22:08:58 [INFO] Total latency:     106943 ms
2026-04-08 22:08:58 [INFO] Peak 5GB memory:   4790 MB
2026-04-08 22:08:58 [INFO] Avg  5GB memory:   3367 MB
2026-04-08 22:08:58 [INFO] [67/441] Split [26, 10, 2, 2] | Batch: 16 | Microbatch: 4 | Microbatches: 4
2026-04-08 22:08:58 [INFO] Loading WikiText... (SEQ_LEN=64, BATCH=16)
2026-04-08 22:09:16 [INFO] [Rank 2] Loading weights...
2026-04-08 22:09:19 [INFO] [Rank 2] Weights loaded.
2026-04-08 22:09:21 [INFO] [Rank 3] Loading weights...
2026-04-08 22:09:24 [INFO] [Rank 3] Weights loaded.
2026-04-08 22:09:47 [INFO] [Rank 1] Loading weights...
2026-04-08 22:09:54 [INFO] [Rank 1] Weights loaded.
2026-04-08 22:10:53 [INFO] [Rank 0] Loading weights...
2026-04-08 22:11:07 [INFO] [Rank 0] Weights loaded.
2026-04-08 22:14:31 [INFO] [Rank 1] Finished. Latency: 204461 ms
2026-04-08 22:14:31 [INFO] [Rank 2] Finished. Latency: 204461 ms
2026-04-08 22:14:31 [INFO] [Rank 0] Finished. Latency: 204461 ms
2026-04-08 22:14:31 [INFO] [Rank 3] Finished. Latency: 204475 ms
2026-04-08 22:14:35 [INFO] Total latency:     204461 ms
2026-04-08 22:14:35 [INFO] Peak 5GB memory:   4790 MB
2026-04-08 22:14:35 [INFO] Avg  5GB memory:   3436 MB
2026-04-08 22:14:35 [INFO] [68/441] Split [26, 10, 2, 2] | Batch: 16 | Microbatch: 2 | Microbatches: 8
2026-04-08 22:14:35 [INFO] Loading WikiText... (SEQ_LEN=64, BATCH=16)
2026-04-08 22:14:58 [INFO] [Rank 2] Loading weights...
2026-04-08 22:15:01 [INFO] [Rank 2] Weights loaded.
2026-04-08 22:15:03 [INFO] [Rank 3] Loading weights...
2026-04-08 22:15:07 [INFO] [Rank 3] Weights loaded.
2026-04-08 22:15:29 [INFO] [Rank 1] Loading weights...
2026-04-08 22:15:36 [INFO] [Rank 1] Weights loaded.
2026-04-08 22:16:35 [INFO] [Rank 0] Loading weights...
2026-04-08 22:16:48 [INFO] [Rank 0] Weights loaded.
2026-04-08 22:23:25 [INFO] [Rank 0] Finished. Latency: 396779 ms
2026-04-08 22:23:25 [INFO] [Rank 2] Finished. Latency: 396779 ms
2026-04-08 22:23:25 [INFO] [Rank 1] Finished. Latency: 396779 ms
2026-04-08 22:23:25 [INFO] [Rank 3] Finished. Latency: 396792 ms
2026-04-08 22:23:29 [INFO] Total latency:     396779 ms
2026-04-08 22:23:29 [INFO] Peak 5GB memory:   6070 MB
2026-04-08 22:23:29 [INFO] Avg  5GB memory:   3515 MB
2026-04-08 22:23:29 [INFO] [69/441] Split [26, 10, 2, 2] | Batch: 32 | Microbatch: 16 | Microbatches: 2
2026-04-08 22:23:29 [INFO] Loading WikiText... (SEQ_LEN=64, BATCH=32)
2026-04-08 22:23:47 [INFO] [Rank 2] Loading weights...
2026-04-08 22:23:50 [INFO] [Rank 2] Weights loaded.
2026-04-08 22:23:52 [INFO] [Rank 3] Loading weights...
2026-04-08 22:23:55 [INFO] [Rank 3] Weights loaded.
2026-04-08 22:24:18 [INFO] [Rank 1] Loading weights...
2026-04-08 22:24:25 [INFO] [Rank 1] Weights loaded.
2026-04-08 22:25:24 [INFO] [Rank 0] Loading weights...
2026-04-08 22:25:37 [INFO] [Rank 0] Weights loaded.
2026-04-08 22:27:30 [INFO] [Rank 2] Finished. Latency: 112905 ms
2026-04-08 22:27:30 [INFO] [Rank 1] Finished. Latency: 112905 ms
2026-04-08 22:27:30 [INFO] [Rank 0] Finished. Latency: 112905 ms
2026-04-08 22:27:30 [INFO] [Rank 3] Finished. Latency: 112920 ms
2026-04-08 22:27:34 [INFO] Total latency:     112905 ms
2026-04-08 22:27:34 [INFO] Peak 5GB memory:   4790 MB
2026-04-08 22:27:34 [INFO] Avg  5GB memory:   3473 MB
2026-04-08 22:27:34 [INFO] [70/441] Split [26, 10, 2, 2] | Batch: 32 | Microbatch: 8 | Microbatches: 4
2026-04-08 22:27:34 [INFO] Loading WikiText... (SEQ_LEN=64, BATCH=32)
2026-04-08 22:27:52 [INFO] [Rank 2] Loading weights...
2026-04-08 22:27:55 [INFO] [Rank 2] Weights loaded.
2026-04-08 22:27:57 [INFO] [Rank 3] Loading weights...
2026-04-08 22:28:01 [INFO] [Rank 3] Weights loaded.
2026-04-08 22:28:24 [INFO] [Rank 1] Loading weights...
2026-04-08 22:28:31 [INFO] [Rank 1] Weights loaded.
2026-04-08 22:29:30 [INFO] [Rank 0] Loading weights...
2026-04-08 22:29:43 [INFO] [Rank 0] Weights loaded.
2026-04-08 22:33:13 [INFO] [Rank 2] Finished. Latency: 209877 ms
2026-04-08 22:33:13 [INFO] [Rank 1] Finished. Latency: 209877 ms
2026-04-08 22:33:13 [INFO] [Rank 0] Finished. Latency: 209877 ms
2026-04-08 22:33:13 [INFO] [Rank 3] Finished. Latency: 209891 ms
2026-04-08 22:33:17 [INFO] Total latency:     209877 ms
2026-04-08 22:33:17 [INFO] Peak 5GB memory:   6070 MB
2026-04-08 22:33:17 [INFO] Avg  5GB memory:   3514 MB
2026-04-08 22:33:17 [INFO] [71/441] Split [26, 10, 2, 2] | Batch: 32 | Microbatch: 4 | Microbatches: 8
2026-04-08 22:33:17 [INFO] Loading WikiText... (SEQ_LEN=64, BATCH=32)
2026-04-08 22:33:35 [INFO] [Rank 2] Loading weights...
2026-04-08 22:33:38 [INFO] [Rank 2] Weights loaded.
2026-04-08 22:33:40 [INFO] [Rank 3] Loading weights...
2026-04-08 22:33:43 [INFO] [Rank 3] Weights loaded.
2026-04-08 22:34:06 [INFO] [Rank 1] Loading weights...
2026-04-08 22:34:13 [INFO] [Rank 1] Weights loaded.
2026-04-08 22:35:12 [INFO] [Rank 0] Loading weights...
2026-04-08 22:35:25 [INFO] [Rank 0] Weights loaded.
2026-04-08 22:42:09 [INFO] [Rank 2] Finished. Latency: 403402 ms
2026-04-08 22:42:09 [INFO] [Rank 1] Finished. Latency: 403402 ms
2026-04-08 22:42:09 [INFO] [Rank 0] Finished. Latency: 403402 ms
2026-04-08 22:42:09 [INFO] [Rank 3] Finished. Latency: 403416 ms
2026-04-08 22:42:13 [INFO] Total latency:     403402 ms
2026-04-08 22:42:13 [INFO] Peak 5GB memory:   6070 MB
2026-04-08 22:42:13 [INFO] Avg  5GB memory:   3562 MB
2026-04-08 22:42:13 [INFO] [72/441] Split [26, 10, 2, 2] | Batch: 32 | Microbatch: 2 | Microbatches: 16
2026-04-08 22:42:13 [INFO] Loading WikiText... (SEQ_LEN=64, BATCH=32)
2026-04-08 22:42:30 [INFO] [Rank 2] Loading weights...
2026-04-08 22:42:33 [INFO] [Rank 2] Weights loaded.
2026-04-08 22:42:35 [INFO] [Rank 3] Loading weights...
2026-04-08 22:42:39 [INFO] [Rank 3] Weights loaded.
2026-04-08 22:43:02 [INFO] [Rank 1] Loading weights...
2026-04-08 22:43:09 [INFO] [Rank 1] Weights loaded.
2026-04-08 22:44:07 [INFO] [Rank 0] Loading weights...
2026-04-08 22:44:20 [INFO] [Rank 0] Weights loaded.
2026-04-08 22:57:30 [INFO] [Rank 2] Finished. Latency: 790011 ms
2026-04-08 22:57:30 [INFO] [Rank 0] Finished. Latency: 790011 ms
2026-04-08 22:57:30 [INFO] [Rank 1] Finished. Latency: 790011 ms
2026-04-08 22:57:30 [INFO] [Rank 3] Finished. Latency: 790024 ms
2026-04-08 22:57:34 [INFO] Total latency:     790011 ms
2026-04-08 22:57:34 [INFO] Peak 5GB memory:   4790 MB
2026-04-08 22:57:34 [INFO] Avg  5GB memory:   3635 MB
2026-04-08 22:57:34 [INFO] [73/441] Split [26, 10, 3, 1] | Batch: 8 | Microbatch: 4 | Microbatches: 2
2026-04-08 22:57:34 [INFO] Loading WikiText... (SEQ_LEN=64, BATCH=8)
2026-04-08 22:57:53 [INFO] [Rank 3] Loading weights...
2026-04-08 22:57:56 [INFO] [Rank 3] Weights loaded.
2026-04-08 22:57:56 [INFO] [Rank 2] Loading weights...
2026-04-08 22:57:59 [INFO] [Rank 2] Weights loaded.
2026-04-08 22:58:23 [INFO] [Rank 1] Loading weights...
2026-04-08 22:58:30 [INFO] [Rank 1] Weights loaded.
2026-04-08 22:59:29 [INFO] [Rank 0] Loading weights...
2026-04-08 22:59:42 [INFO] [Rank 0] Weights loaded.
2026-04-08 23:01:24 [INFO] [Rank 2] Finished. Latency: 102531 ms
2026-04-08 23:01:24 [INFO] [Rank 1] Finished. Latency: 102531 ms
2026-04-08 23:01:24 [INFO] [Rank 0] Finished. Latency: 102532 ms
2026-04-08 23:01:24 [INFO] [Rank 3] Finished. Latency: 102541 ms
2026-04-08 23:01:28 [INFO] Total latency:     102532 ms
2026-04-08 23:01:28 [INFO] Peak 5GB memory:   5010 MB
2026-04-08 23:01:28 [INFO] Avg  5GB memory:   2383 MB
2026-04-08 23:01:28 [INFO] [74/441] Split [26, 10, 3, 1] | Batch: 8 | Microbatch: 2 | Microbatches: 4
2026-04-08 23:01:28 [INFO] Loading WikiText... (SEQ_LEN=64, BATCH=8)
2026-04-08 23:01:46 [INFO] [Rank 3] Loading weights...
2026-04-08 23:01:49 [INFO] [Rank 3] Weights loaded.
2026-04-08 23:01:50 [INFO] [Rank 2] Loading weights...
2026-04-08 23:01:53 [INFO] [Rank 2] Weights loaded.
2026-04-08 23:02:17 [INFO] [Rank 1] Loading weights...
2026-04-08 23:02:24 [INFO] [Rank 1] Weights loaded.
2026-04-08 23:03:22 [INFO] [Rank 0] Loading weights...
2026-04-08 23:03:36 [INFO] [Rank 0] Weights loaded.
2026-04-08 23:06:55 [INFO] [Rank 2] Finished. Latency: 199303 ms
2026-04-08 23:06:55 [INFO] [Rank 1] Finished. Latency: 199303 ms
2026-04-08 23:06:55 [INFO] [Rank 0] Finished. Latency: 199303 ms
2026-04-08 23:06:55 [INFO] [Rank 3] Finished. Latency: 199312 ms
2026-04-08 23:06:59 [INFO] Total latency:     199303 ms
2026-04-08 23:06:59 [INFO] Peak 5GB memory:   5010 MB
2026-04-08 23:06:59 [INFO] Avg  5GB memory:   2417 MB
2026-04-08 23:06:59 [INFO] [75/441] Split [26, 10, 3, 1] | Batch: 16 | Microbatch: 8 | Microbatches: 2
2026-04-08 23:06:59 [INFO] Loading WikiText... (SEQ_LEN=64, BATCH=16)
2026-04-08 23:07:18 [INFO] [Rank 3] Loading weights...
2026-04-08 23:07:21 [INFO] [Rank 3] Weights loaded.
2026-04-08 23:07:21 [INFO] [Rank 2] Loading weights...
2026-04-08 23:07:24 [INFO] [Rank 2] Weights loaded.
2026-04-08 23:07:48 [INFO] [Rank 1] Loading weights...
2026-04-08 23:07:55 [INFO] [Rank 1] Weights loaded.
2026-04-08 23:08:55 [INFO] [Rank 0] Loading weights...
2026-04-08 23:09:08 [INFO] [Rank 0] Weights loaded.
2026-04-08 23:10:54 [INFO] [Rank 1] Finished. Latency: 105932 ms
2026-04-08 23:10:54 [INFO] [Rank 2] Finished. Latency: 105932 ms
2026-04-08 23:10:54 [INFO] [Rank 0] Finished. Latency: 105932 ms
2026-04-08 23:10:54 [INFO] [Rank 3] Finished. Latency: 105941 ms
2026-04-08 23:10:58 [INFO] Total latency:     105932 ms
2026-04-08 23:10:58 [INFO] Peak 5GB memory:   5010 MB
2026-04-08 23:10:58 [INFO] Avg  5GB memory:   2412 MB
2026-04-08 23:10:58 [INFO] [76/441] Split [26, 10, 3, 1] | Batch: 16 | Microbatch: 4 | Microbatches: 4
2026-04-08 23:10:58 [INFO] Loading WikiText... (SEQ_LEN=64, BATCH=16)
2026-04-08 23:11:16 [INFO] [Rank 3] Loading weights...
2026-04-08 23:11:20 [INFO] [Rank 3] Weights loaded.
2026-04-08 23:11:20 [INFO] [Rank 2] Loading weights...
2026-04-08 23:11:23 [INFO] [Rank 2] Weights loaded.
2026-04-08 23:11:47 [INFO] [Rank 1] Loading weights...
2026-04-08 23:11:54 [INFO] [Rank 1] Weights loaded.
2026-04-08 23:12:52 [INFO] [Rank 0] Loading weights...
2026-04-08 23:13:06 [INFO] [Rank 0] Weights loaded.
2026-04-08 23:16:30 [INFO] [Rank 0] Finished. Latency: 204744 ms
2026-04-08 23:16:30 [INFO] [Rank 1] Finished. Latency: 204744 ms
2026-04-08 23:16:30 [INFO] [Rank 2] Finished. Latency: 204744 ms
2026-04-08 23:16:30 [INFO] [Rank 3] Finished. Latency: 204753 ms
2026-04-08 23:16:34 [INFO] Total latency:     204744 ms
2026-04-08 23:16:34 [INFO] Peak 5GB memory:   3730 MB
2026-04-08 23:16:34 [INFO] Avg  5GB memory:   2435 MB
2026-04-08 23:16:35 [INFO] [77/441] Split [26, 10, 3, 1] | Batch: 16 | Microbatch: 2 | Microbatches: 8
2026-04-08 23:16:35 [INFO] Loading WikiText... (SEQ_LEN=64, BATCH=16)
2026-04-08 23:16:53 [INFO] [Rank 3] Loading weights...
2026-04-08 23:16:56 [INFO] [Rank 2] Loading weights...
2026-04-08 23:16:56 [INFO] [Rank 3] Weights loaded.
2026-04-08 23:17:00 [INFO] [Rank 2] Weights loaded.
2026-04-08 23:17:23 [INFO] [Rank 1] Loading weights...
2026-04-08 23:17:30 [INFO] [Rank 1] Weights loaded.
2026-04-08 23:18:31 [INFO] [Rank 0] Loading weights...
2026-04-08 23:18:44 [INFO] [Rank 0] Weights loaded.
2026-04-08 23:25:20 [INFO] [Rank 1] Finished. Latency: 396167 ms
2026-04-08 23:25:20 [INFO] [Rank 0] Finished. Latency: 396167 ms
2026-04-08 23:25:20 [INFO] [Rank 2] Finished. Latency: 396167 ms
2026-04-08 23:25:20 [INFO] [Rank 3] Finished. Latency: 396176 ms
2026-04-08 23:25:24 [INFO] Total latency:     396167 ms
2026-04-08 23:25:24 [INFO] Peak 5GB memory:   5010 MB
2026-04-08 23:25:24 [INFO] Avg  5GB memory:   2471 MB
2026-04-08 23:25:24 [INFO] [78/441] Split [26, 10, 3, 1] | Batch: 32 | Microbatch: 16 | Microbatches: 2
2026-04-08 23:25:24 [INFO] Loading WikiText... (SEQ_LEN=64, BATCH=32)
2026-04-08 23:25:43 [INFO] [Rank 3] Loading weights...
2026-04-08 23:25:46 [INFO] [Rank 3] Weights loaded.
2026-04-08 23:25:46 [INFO] [Rank 2] Loading weights...
2026-04-08 23:25:50 [INFO] [Rank 2] Weights loaded.
2026-04-08 23:26:18 [INFO] [Rank 1] Loading weights...
2026-04-08 23:26:25 [INFO] [Rank 1] Weights loaded.
2026-04-08 23:27:19 [INFO] [Rank 0] Loading weights...
2026-04-08 23:27:32 [INFO] [Rank 0] Weights loaded.
2026-04-08 23:29:25 [INFO] [Rank 2] Finished. Latency: 112856 ms
2026-04-08 23:29:25 [INFO] [Rank 1] Finished. Latency: 112856 ms
2026-04-08 23:29:25 [INFO] [Rank 0] Finished. Latency: 112856 ms
2026-04-08 23:29:25 [INFO] [Rank 3] Finished. Latency: 112866 ms
2026-04-08 23:29:29 [INFO] Total latency:     112856 ms
2026-04-08 23:29:29 [INFO] Peak 5GB memory:   5010 MB
2026-04-08 23:29:29 [INFO] Avg  5GB memory:   2509 MB
2026-04-08 23:29:29 [INFO] [79/441] Split [26, 10, 3, 1] | Batch: 32 | Microbatch: 8 | Microbatches: 4
2026-04-08 23:29:29 [INFO] Loading WikiText... (SEQ_LEN=64, BATCH=32)
2026-04-08 23:29:47 [INFO] [Rank 3] Loading weights...
2026-04-08 23:29:50 [INFO] [Rank 3] Weights loaded.
2026-04-08 23:29:51 [INFO] [Rank 2] Loading weights...
2026-04-08 23:29:54 [INFO] [Rank 2] Weights loaded.
2026-04-08 23:30:18 [INFO] [Rank 1] Loading weights...
2026-04-08 23:30:25 [INFO] [Rank 1] Weights loaded.
2026-04-08 23:31:24 [INFO] [Rank 0] Loading weights...
2026-04-08 23:31:37 [INFO] [Rank 0] Weights loaded.
2026-04-08 23:35:07 [INFO] [Rank 1] Finished. Latency: 209615 ms
2026-04-08 23:35:07 [INFO] [Rank 2] Finished. Latency: 209615 ms
2026-04-08 23:35:07 [INFO] [Rank 0] Finished. Latency: 209615 ms
2026-04-08 23:35:07 [INFO] [Rank 3] Finished. Latency: 209624 ms
2026-04-08 23:35:11 [INFO] Total latency:     209615 ms
2026-04-08 23:35:11 [INFO] Peak 5GB memory:   5010 MB
2026-04-08 23:35:11 [INFO] Avg  5GB memory:   2488 MB
2026-04-08 23:35:11 [INFO] [80/441] Split [26, 10, 3, 1] | Batch: 32 | Microbatch: 4 | Microbatches: 8
2026-04-08 23:35:11 [INFO] Loading WikiText... (SEQ_LEN=64, BATCH=32)
2026-04-08 23:35:29 [INFO] [Rank 3] Loading weights...
2026-04-08 23:35:32 [INFO] [Rank 3] Weights loaded.
2026-04-08 23:35:32 [INFO] [Rank 2] Loading weights...
2026-04-08 23:35:36 [INFO] [Rank 2] Weights loaded.
2026-04-08 23:36:00 [INFO] [Rank 1] Loading weights...
2026-04-08 23:36:07 [INFO] [Rank 1] Weights loaded.
2026-04-08 23:37:06 [INFO] [Rank 0] Loading weights...
2026-04-08 23:37:19 [INFO] [Rank 0] Weights loaded.
2026-04-08 23:44:03 [INFO] [Rank 2] Finished. Latency: 404024 ms
2026-04-08 23:44:03 [INFO] [Rank 1] Finished. Latency: 404024 ms
2026-04-08 23:44:03 [INFO] [Rank 0] Finished. Latency: 404024 ms
2026-04-08 23:44:03 [INFO] [Rank 3] Finished. Latency: 404033 ms
2026-04-08 23:44:07 [INFO] Total latency:     404024 ms
2026-04-08 23:44:07 [INFO] Peak 5GB memory:   5010 MB
2026-04-08 23:44:07 [INFO] Avg  5GB memory:   2513 MB
2026-04-08 23:44:07 [INFO] [81/441] Split [26, 10, 3, 1] | Batch: 32 | Microbatch: 2 | Microbatches: 16
2026-04-08 23:44:07 [INFO] Loading WikiText... (SEQ_LEN=64, BATCH=32)
2026-04-08 23:44:26 [INFO] [Rank 3] Loading weights...
2026-04-08 23:44:29 [INFO] [Rank 2] Loading weights...
2026-04-08 23:44:29 [INFO] [Rank 3] Weights loaded.
2026-04-08 23:44:32 [INFO] [Rank 2] Weights loaded.
2026-04-08 23:44:56 [INFO] [Rank 1] Loading weights...
2026-04-08 23:45:03 [INFO] [Rank 1] Weights loaded.
2026-04-08 23:46:02 [INFO] [Rank 0] Loading weights...
2026-04-08 23:46:15 [INFO] [Rank 0] Weights loaded.
2026-04-08 23:59:26 [INFO] [Rank 1] Finished. Latency: 790282 ms
2026-04-08 23:59:26 [INFO] [Rank 2] Finished. Latency: 790282 ms
2026-04-08 23:59:26 [INFO] [Rank 0] Finished. Latency: 790282 ms
2026-04-08 23:59:26 [INFO] [Rank 3] Finished. Latency: 790291 ms
2026-04-08 23:59:30 [INFO] Total latency:     790282 ms
2026-04-08 23:59:30 [INFO] Peak 5GB memory:   3730 MB
2026-04-08 23:59:30 [INFO] Avg  5GB memory:   2542 MB
2026-04-08 23:59:30 [INFO] [82/441] Split [26, 10, 4, 0] | Batch: 8 | Microbatch: 4 | Microbatches: 2
2026-04-08 23:59:30 [INFO] Loading WikiText... (SEQ_LEN=64, BATCH=8)
2026-04-08 23:59:44 [INFO] [Rank 3] Loading weights...
2026-04-08 23:59:46 [INFO] [Rank 3] Weights loaded.
2026-04-08 23:59:55 [INFO] [Rank 2] Loading weights...
2026-04-08 23:59:59 [INFO] [Rank 2] Weights loaded.
2026-04-09 00:00:18 [INFO] [Rank 1] Loading weights...
2026-04-09 00:00:25 [INFO] [Rank 1] Weights loaded.
2026-04-09 00:01:24 [INFO] [Rank 0] Loading weights...
2026-04-09 00:01:37 [INFO] [Rank 0] Weights loaded.
2026-04-09 00:03:20 [INFO] [Rank 1] Finished. Latency: 102477 ms
2026-04-09 00:03:20 [INFO] [Rank 2] Finished. Latency: 102478 ms
2026-04-09 00:03:20 [INFO] [Rank 0] Finished. Latency: 102478 ms
2026-04-09 00:03:20 [INFO] [Rank 3] Finished. Latency: 102483 ms
2026-04-09 00:03:24 [INFO] Total latency:     102478 ms
2026-04-09 00:03:24 [INFO] Peak 5GB memory:   2670 MB
2026-04-09 00:03:24 [INFO] Avg  5GB memory:   1367 MB
2026-04-09 00:03:24 [INFO] [83/441] Split [26, 10, 4, 0] | Batch: 8 | Microbatch: 2 | Microbatches: 4
2026-04-09 00:03:24 [INFO] Loading WikiText... (SEQ_LEN=64, BATCH=8)
2026-04-09 00:03:38 [INFO] [Rank 3] Loading weights...
2026-04-09 00:03:41 [INFO] [Rank 3] Weights loaded.
2026-04-09 00:03:49 [INFO] [Rank 2] Loading weights...
2026-04-09 00:03:53 [INFO] [Rank 2] Weights loaded.
2026-04-09 00:04:13 [INFO] [Rank 1] Loading weights...
2026-04-09 00:04:19 [INFO] [Rank 1] Weights loaded.
2026-04-09 00:05:19 [INFO] [Rank 0] Loading weights...
2026-04-09 00:05:32 [INFO] [Rank 0] Weights loaded.
2026-04-09 00:08:51 [INFO] [Rank 0] Finished. Latency: 198983 ms
2026-04-09 00:08:51 [INFO] [Rank 1] Finished. Latency: 198983 ms
2026-04-09 00:08:51 [INFO] [Rank 2] Finished. Latency: 198983 ms
2026-04-09 00:08:51 [INFO] [Rank 3] Finished. Latency: 198988 ms
2026-04-09 00:08:55 [INFO] Total latency:     198983 ms
2026-04-09 00:08:55 [INFO] Peak 5GB memory:   2670 MB
2026-04-09 00:08:55 [INFO] Avg  5GB memory:   1388 MB
2026-04-09 00:08:55 [INFO] [84/441] Split [26, 10, 4, 0] | Batch: 16 | Microbatch: 8 | Microbatches: 2
2026-04-09 00:08:55 [INFO] Loading WikiText... (SEQ_LEN=64, BATCH=16)
2026-04-09 00:08:55 [WARNING] HTTP Error 503 thrown while requesting HEAD https://huggingface.co/datasets/Salesforce/wikitext/resolve/main/README.md
2026-04-09 00:08:55 [WARNING] Retrying in 1s [Retry 1/5].
2026-04-09 00:08:56 [WARNING] HTTP Error 503 thrown while requesting HEAD https://huggingface.co/datasets/Salesforce/wikitext/resolve/main/README.md
2026-04-09 00:08:56 [WARNING] Retrying in 2s [Retry 2/5].
2026-04-09 00:08:58 [WARNING] HTTP Error 503 thrown while requesting HEAD https://huggingface.co/datasets/Salesforce/wikitext/resolve/main/README.md
2026-04-09 00:08:58 [WARNING] Retrying in 4s [Retry 3/5].
2026-04-09 00:09:02 [WARNING] HTTP Error 503 thrown while requesting HEAD https://huggingface.co/datasets/Salesforce/wikitext/resolve/main/README.md
2026-04-09 00:09:02 [WARNING] Retrying in 8s [Retry 4/5].
2026-04-09 00:09:10 [WARNING] HTTP Error 503 thrown while requesting HEAD https://huggingface.co/datasets/Salesforce/wikitext/resolve/main/README.md
2026-04-09 00:09:10 [WARNING] Retrying in 8s [Retry 5/5].
2026-04-09 00:09:18 [WARNING] HTTP Error 503 thrown while requesting HEAD https://huggingface.co/datasets/Salesforce/wikitext/resolve/main/README.md
2026-04-09 00:09:18 [WARNING] HTTP Error 503 thrown while requesting HEAD https://huggingface.co/datasets/Salesforce/wikitext/resolve/b08601e04326c79dfdd32d625aee71d232d685c3/wikitext.py
2026-04-09 00:09:18 [WARNING] Retrying in 1s [Retry 1/5].
2026-04-09 00:09:19 [WARNING] HTTP Error 503 thrown while requesting HEAD https://huggingface.co/datasets/Salesforce/wikitext/resolve/b08601e04326c79dfdd32d625aee71d232d685c3/wikitext.py
2026-04-09 00:09:19 [WARNING] Retrying in 2s [Retry 2/5].
2026-04-09 00:09:21 [WARNING] HTTP Error 503 thrown while requesting HEAD https://huggingface.co/datasets/Salesforce/wikitext/resolve/b08601e04326c79dfdd32d625aee71d232d685c3/wikitext.py
2026-04-09 00:09:21 [WARNING] Retrying in 4s [Retry 3/5].
2026-04-09 00:09:25 [WARNING] HTTP Error 503 thrown while requesting HEAD https://huggingface.co/datasets/Salesforce/wikitext/resolve/b08601e04326c79dfdd32d625aee71d232d685c3/wikitext.py
2026-04-09 00:09:25 [WARNING] Retrying in 8s [Retry 4/5].
2026-04-09 00:09:33 [WARNING] HTTP Error 503 thrown while requesting HEAD https://huggingface.co/datasets/Salesforce/wikitext/resolve/b08601e04326c79dfdd32d625aee71d232d685c3/wikitext.py
2026-04-09 00:09:33 [WARNING] Retrying in 8s [Retry 5/5].
2026-04-09 00:09:42 [WARNING] HTTP Error 503 thrown while requesting HEAD https://huggingface.co/datasets/Salesforce/wikitext/resolve/b08601e04326c79dfdd32d625aee71d232d685c3/wikitext.py
2026-04-09 00:09:42 [WARNING] HTTP Error 503 thrown while requesting HEAD https://huggingface.co/datasets/Salesforce/wikitext/resolve/b08601e04326c79dfdd32d625aee71d232d685c3/.huggingface.yaml
2026-04-09 00:09:42 [WARNING] Retrying in 1s [Retry 1/5].
2026-04-09 00:09:43 [WARNING] HTTP Error 503 thrown while requesting HEAD https://huggingface.co/datasets/Salesforce/wikitext/resolve/b08601e04326c79dfdd32d625aee71d232d685c3/.huggingface.yaml
2026-04-09 00:09:43 [WARNING] Retrying in 2s [Retry 2/5].
2026-04-09 00:09:45 [WARNING] HTTP Error 503 thrown while requesting HEAD https://huggingface.co/datasets/Salesforce/wikitext/resolve/b08601e04326c79dfdd32d625aee71d232d685c3/.huggingface.yaml
2026-04-09 00:09:45 [WARNING] Retrying in 4s [Retry 3/5].
2026-04-09 00:09:49 [WARNING] HTTP Error 503 thrown while requesting HEAD https://huggingface.co/datasets/Salesforce/wikitext/resolve/b08601e04326c79dfdd32d625aee71d232d685c3/.huggingface.yaml
2026-04-09 00:09:49 [WARNING] Retrying in 8s [Retry 4/5].
2026-04-09 00:09:57 [WARNING] HTTP Error 503 thrown while requesting HEAD https://huggingface.co/datasets/Salesforce/wikitext/resolve/b08601e04326c79dfdd32d625aee71d232d685c3/.huggingface.yaml
2026-04-09 00:09:57 [WARNING] Retrying in 8s [Retry 5/5].
2026-04-09 00:10:05 [WARNING] HTTP Error 503 thrown while requesting HEAD https://huggingface.co/datasets/Salesforce/wikitext/resolve/b08601e04326c79dfdd32d625aee71d232d685c3/.huggingface.yaml
2026-04-09 00:10:05 [WARNING] HTTP Error 503 thrown while requesting HEAD https://huggingface.co/datasets/Salesforce/wikitext/resolve/b08601e04326c79dfdd32d625aee71d232d685c3/dataset_infos.json
2026-04-09 00:10:05 [WARNING] Retrying in 1s [Retry 1/5].
2026-04-09 00:10:06 [WARNING] HTTP Error 503 thrown while requesting HEAD https://huggingface.co/datasets/Salesforce/wikitext/resolve/b08601e04326c79dfdd32d625aee71d232d685c3/dataset_infos.json
2026-04-09 00:10:06 [WARNING] Retrying in 2s [Retry 2/5].
2026-04-09 00:10:08 [WARNING] HTTP Error 503 thrown while requesting HEAD https://huggingface.co/datasets/Salesforce/wikitext/resolve/b08601e04326c79dfdd32d625aee71d232d685c3/dataset_infos.json
2026-04-09 00:10:08 [WARNING] Retrying in 4s [Retry 3/5].
2026-04-09 00:10:12 [WARNING] HTTP Error 503 thrown while requesting HEAD https://huggingface.co/datasets/Salesforce/wikitext/resolve/b08601e04326c79dfdd32d625aee71d232d685c3/dataset_infos.json
2026-04-09 00:10:12 [WARNING] Retrying in 8s [Retry 4/5].
2026-04-09 00:10:20 [WARNING] HTTP Error 503 thrown while requesting HEAD https://huggingface.co/datasets/Salesforce/wikitext/resolve/b08601e04326c79dfdd32d625aee71d232d685c3/dataset_infos.json
2026-04-09 00:10:20 [WARNING] Retrying in 8s [Retry 5/5].
2026-04-09 00:10:29 [WARNING] HTTP Error 503 thrown while requesting HEAD https://huggingface.co/datasets/Salesforce/wikitext/resolve/b08601e04326c79dfdd32d625aee71d232d685c3/dataset_infos.json
2026-04-09 00:10:29 [WARNING] HTTP Error 503 thrown while requesting GET https://huggingface.co/datasets/wikitext/resolve/b08601e04326c79dfdd32d625aee71d232d685c3/wikitext-2-raw-v1/test-00000-of-00001.parquet
2026-04-09 00:10:29 [WARNING] Retrying in 1s [Retry 1/5].
2026-04-09 00:10:31 [WARNING] HTTP Error 503 thrown while requesting GET https://huggingface.co/datasets/wikitext/resolve/b08601e04326c79dfdd32d625aee71d232d685c3/wikitext-2-raw-v1/test-00000-of-00001.parquet
2026-04-09 00:10:31 [WARNING] Retrying in 2s [Retry 2/5].
2026-04-09 00:10:33 [WARNING] HTTP Error 503 thrown while requesting GET https://huggingface.co/datasets/wikitext/resolve/b08601e04326c79dfdd32d625aee71d232d685c3/wikitext-2-raw-v1/test-00000-of-00001.parquet
2026-04-09 00:10:33 [WARNING] Retrying in 4s [Retry 3/5].
2026-04-09 00:10:37 [WARNING] HTTP Error 503 thrown while requesting GET https://huggingface.co/datasets/wikitext/resolve/b08601e04326c79dfdd32d625aee71d232d685c3/wikitext-2-raw-v1/test-00000-of-00001.parquet
2026-04-09 00:10:37 [WARNING] Retrying in 8s [Retry 4/5].
2026-04-09 00:10:45 [WARNING] HTTP Error 503 thrown while requesting GET https://huggingface.co/datasets/wikitext/resolve/b08601e04326c79dfdd32d625aee71d232d685c3/wikitext-2-raw-v1/test-00000-of-00001.parquet
2026-04-09 00:10:45 [WARNING] Retrying in 8s [Retry 5/5].
2026-04-09 00:10:53 [WARNING] HTTP Error 503 thrown while requesting GET https://huggingface.co/datasets/wikitext/resolve/b08601e04326c79dfdd32d625aee71d232d685c3/wikitext-2-raw-v1/test-00000-of-00001.parquet
2026-04-09 00:10:53 [WARNING] WikiText unavailable. Using random token IDs.
2026-04-09 00:11:05 [INFO] [Rank 3] Loading weights...
2026-04-09 00:11:05 [WARNING] HTTP Error 503 thrown while requesting HEAD https://huggingface.co/mistralai/Mistral-Small-24B-Base-2501/resolve/main/model.safetensors.index.json
2026-04-09 00:11:05 [WARNING] Retrying in 1s [Retry 1/5].
2026-04-09 00:11:06 [WARNING] HTTP Error 503 thrown while requesting HEAD https://huggingface.co/mistralai/Mistral-Small-24B-Base-2501/resolve/main/model.safetensors.index.json
2026-04-09 00:11:06 [WARNING] Retrying in 2s [Retry 2/5].
2026-04-09 00:11:11 [INFO] [Rank 3] Weights loaded.
2026-04-09 00:11:17 [INFO] [Rank 2] Loading weights...
2026-04-09 00:11:17 [WARNING] HTTP Error 503 thrown while requesting HEAD https://huggingface.co/mistralai/Mistral-Small-24B-Base-2501/resolve/main/model.safetensors.index.json
2026-04-09 00:11:17 [WARNING] Retrying in 1s [Retry 1/5].
2026-04-09 00:11:18 [WARNING] HTTP Error 503 thrown while requesting HEAD https://huggingface.co/mistralai/Mistral-Small-24B-Base-2501/resolve/main/model.safetensors.index.json
2026-04-09 00:11:18 [WARNING] Retrying in 2s [Retry 2/5].
2026-04-09 00:11:20 [WARNING] HTTP Error 503 thrown while requesting HEAD https://huggingface.co/mistralai/Mistral-Small-24B-Base-2501/resolve/main/model.safetensors.index.json
2026-04-09 00:11:20 [WARNING] Retrying in 4s [Retry 3/5].
2026-04-09 00:11:24 [WARNING] HTTP Error 503 thrown while requesting HEAD https://huggingface.co/mistralai/Mistral-Small-24B-Base-2501/resolve/main/model.safetensors.index.json
2026-04-09 00:11:24 [WARNING] Retrying in 8s [Retry 4/5].
2026-04-09 00:11:32 [WARNING] HTTP Error 503 thrown while requesting HEAD https://huggingface.co/mistralai/Mistral-Small-24B-Base-2501/resolve/main/model.safetensors.index.json
2026-04-09 00:11:32 [WARNING] Retrying in 8s [Retry 5/5].
2026-04-09 00:11:39 [INFO] [Rank 1] Loading weights...
2026-04-09 00:11:39 [WARNING] HTTP Error 503 thrown while requesting HEAD https://huggingface.co/mistralai/Mistral-Small-24B-Base-2501/resolve/main/model.safetensors.index.json
2026-04-09 00:11:39 [WARNING] Retrying in 1s [Retry 1/5].
2026-04-09 00:11:40 [WARNING] HTTP Error 503 thrown while requesting HEAD https://huggingface.co/mistralai/Mistral-Small-24B-Base-2501/resolve/main/model.safetensors.index.json
2026-04-09 00:11:40 [WARNING] Retrying in 2s [Retry 2/5].
2026-04-09 00:11:40 [WARNING] HTTP Error 503 thrown while requesting HEAD https://huggingface.co/mistralai/Mistral-Small-24B-Base-2501/resolve/main/model.safetensors.index.json
2026-04-09 00:11:42 [WARNING] HTTP Error 503 thrown while requesting HEAD https://huggingface.co/mistralai/Mistral-Small-24B-Base-2501/resolve/main/model.safetensors.index.json
2026-04-09 00:11:42 [WARNING] Retrying in 4s [Retry 3/5].
2026-04-09 00:11:44 [INFO] [Rank 2] Weights loaded.
2026-04-09 00:11:46 [WARNING] HTTP Error 503 thrown while requesting HEAD https://huggingface.co/mistralai/Mistral-Small-24B-Base-2501/resolve/main/model.safetensors.index.json
2026-04-09 00:11:46 [WARNING] Retrying in 8s [Retry 4/5].
2026-04-09 00:11:54 [WARNING] HTTP Error 503 thrown while requesting HEAD https://huggingface.co/mistralai/Mistral-Small-24B-Base-2501/resolve/main/model.safetensors.index.json
2026-04-09 00:11:54 [WARNING] Retrying in 8s [Retry 5/5].
2026-04-09 00:12:02 [WARNING] HTTP Error 503 thrown while requesting HEAD https://huggingface.co/mistralai/Mistral-Small-24B-Base-2501/resolve/main/model.safetensors.index.json
2026-04-09 00:12:09 [INFO] [Rank 1] Weights loaded.
2026-04-09 00:12:46 [INFO] [Rank 0] Loading weights...
2026-04-09 00:12:59 [INFO] [Rank 0] Weights loaded.
2026-04-09 00:14:45 [INFO] [Rank 2] Finished. Latency: 105894 ms
2026-04-09 00:14:45 [INFO] [Rank 1] Finished. Latency: 105894 ms
2026-04-09 00:14:45 [INFO] [Rank 0] Finished. Latency: 105894 ms
2026-04-09 00:14:45 [INFO] [Rank 3] Finished. Latency: 105899 ms
2026-04-09 00:14:49 [INFO] Total latency:     105894 ms
2026-04-09 00:14:49 [INFO] Peak 5GB memory:   3950 MB
2026-04-09 00:14:49 [INFO] Avg  5GB memory:   1408 MB
2026-04-09 00:14:49 [INFO] [85/441] Split [26, 10, 4, 0] | Batch: 16 | Microbatch: 4 | Microbatches: 4
2026-04-09 00:14:49 [INFO] Loading WikiText... (SEQ_LEN=64, BATCH=16)
2026-04-09 00:15:05 [INFO] [Rank 3] Loading weights...
2026-04-09 00:15:08 [INFO] [Rank 3] Weights loaded.
2026-04-09 00:15:16 [INFO] [Rank 2] Loading weights...
2026-04-09 00:15:20 [INFO] [Rank 2] Weights loaded.
2026-04-09 00:15:39 [INFO] [Rank 1] Loading weights...
2026-04-09 00:15:46 [INFO] [Rank 1] Weights loaded.
2026-04-09 00:16:46 [INFO] [Rank 0] Loading weights...
2026-04-09 00:16:46 [WARNING] HTTP Error 503 thrown while requesting HEAD https://huggingface.co/mistralai/Mistral-Small-24B-Base-2501/resolve/main/model.safetensors.index.json
2026-04-09 00:16:46 [WARNING] Retrying in 1s [Retry 1/5].
2026-04-09 00:16:47 [WARNING] HTTP Error 503 thrown while requesting HEAD https://huggingface.co/mistralai/Mistral-Small-24B-Base-2501/resolve/main/model.safetensors.index.json
2026-04-09 00:16:47 [WARNING] Retrying in 2s [Retry 2/5].
2026-04-09 00:16:49 [WARNING] HTTP Error 503 thrown while requesting HEAD https://huggingface.co/mistralai/Mistral-Small-24B-Base-2501/resolve/main/model.safetensors.index.json
2026-04-09 00:16:49 [WARNING] Retrying in 4s [Retry 3/5].
2026-04-09 00:16:53 [WARNING] HTTP Error 503 thrown while requesting HEAD https://huggingface.co/mistralai/Mistral-Small-24B-Base-2501/resolve/main/model.safetensors.index.json
2026-04-09 00:16:53 [WARNING] Retrying in 8s [Retry 4/5].
2026-04-09 00:17:01 [WARNING] HTTP Error 503 thrown while requesting HEAD https://huggingface.co/mistralai/Mistral-Small-24B-Base-2501/resolve/main/model.safetensors.index.json
2026-04-09 00:17:01 [WARNING] Retrying in 8s [Retry 5/5].
2026-04-09 00:17:09 [WARNING] HTTP Error 503 thrown while requesting HEAD https://huggingface.co/mistralai/Mistral-Small-24B-Base-2501/resolve/main/model.safetensors.index.json
2026-04-09 00:17:22 [INFO] [Rank 0] Weights loaded.
2026-04-09 00:20:45 [INFO] [Rank 2] Finished. Latency: 202628 ms
2026-04-09 00:20:45 [INFO] [Rank 1] Finished. Latency: 202628 ms
2026-04-09 00:20:45 [INFO] [Rank 0] Finished. Latency: 202628 ms
2026-04-09 00:20:45 [INFO] [Rank 3] Finished. Latency: 202633 ms
2026-04-09 00:20:49 [INFO] Total latency:     202628 ms
2026-04-09 00:20:49 [INFO] Peak 5GB memory:   3950 MB
2026-04-09 00:20:49 [INFO] Avg  5GB memory:   1391 MB
2026-04-09 00:20:49 [INFO] [86/441] Split [26, 10, 4, 0] | Batch: 16 | Microbatch: 2 | Microbatches: 8
2026-04-09 00:20:49 [INFO] Loading WikiText... (SEQ_LEN=64, BATCH=16)
2026-04-09 00:20:49 [WARNING] HTTP Error 503 thrown while requesting HEAD https://huggingface.co/datasets/Salesforce/wikitext/resolve/main/README.md
2026-04-09 00:20:49 [WARNING] Retrying in 1s [Retry 1/5].
2026-04-09 00:20:50 [WARNING] HTTP Error 503 thrown while requesting HEAD https://huggingface.co/datasets/Salesforce/wikitext/resolve/main/README.md
2026-04-09 00:20:50 [WARNING] Retrying in 2s [Retry 2/5].
2026-04-09 00:20:52 [WARNING] HTTP Error 503 thrown while requesting HEAD https://huggingface.co/datasets/Salesforce/wikitext/resolve/main/README.md
2026-04-09 00:20:52 [WARNING] Retrying in 4s [Retry 3/5].
2026-04-09 00:20:56 [WARNING] HTTP Error 503 thrown while requesting HEAD https://huggingface.co/datasets/Salesforce/wikitext/resolve/main/README.md
2026-04-09 00:20:56 [WARNING] Retrying in 8s [Retry 4/5].
2026-04-09 00:21:04 [WARNING] HTTP Error 503 thrown while requesting HEAD https://huggingface.co/datasets/Salesforce/wikitext/resolve/main/README.md
2026-04-09 00:21:04 [WARNING] Retrying in 8s [Retry 5/5].
2026-04-09 00:21:12 [WARNING] HTTP Error 503 thrown while requesting HEAD https://huggingface.co/datasets/Salesforce/wikitext/resolve/main/README.md
2026-04-09 00:21:12 [WARNING] HTTP Error 503 thrown while requesting HEAD https://huggingface.co/datasets/Salesforce/wikitext/resolve/b08601e04326c79dfdd32d625aee71d232d685c3/wikitext.py
2026-04-09 00:21:12 [WARNING] Retrying in 1s [Retry 1/5].
2026-04-09 00:21:13 [WARNING] HTTP Error 503 thrown while requesting HEAD https://huggingface.co/datasets/Salesforce/wikitext/resolve/b08601e04326c79dfdd32d625aee71d232d685c3/wikitext.py
2026-04-09 00:21:13 [WARNING] Retrying in 2s [Retry 2/5].
2026-04-09 00:21:15 [WARNING] HTTP Error 503 thrown while requesting HEAD https://huggingface.co/datasets/Salesforce/wikitext/resolve/b08601e04326c79dfdd32d625aee71d232d685c3/wikitext.py
2026-04-09 00:21:15 [WARNING] Retrying in 4s [Retry 3/5].
2026-04-09 00:21:19 [WARNING] HTTP Error 503 thrown while requesting HEAD https://huggingface.co/datasets/Salesforce/wikitext/resolve/b08601e04326c79dfdd32d625aee71d232d685c3/wikitext.py
2026-04-09 00:21:19 [WARNING] Retrying in 8s [Retry 4/5].
2026-04-09 00:21:27 [WARNING] HTTP Error 503 thrown while requesting HEAD https://huggingface.co/datasets/Salesforce/wikitext/resolve/b08601e04326c79dfdd32d625aee71d232d685c3/wikitext.py
2026-04-09 00:21:27 [WARNING] Retrying in 8s [Retry 5/5].
2026-04-09 00:21:35 [WARNING] HTTP Error 503 thrown while requesting HEAD https://huggingface.co/datasets/Salesforce/wikitext/resolve/b08601e04326c79dfdd32d625aee71d232d685c3/wikitext.py
2026-04-09 00:21:36 [WARNING] HTTP Error 503 thrown while requesting HEAD https://huggingface.co/datasets/Salesforce/wikitext/resolve/b08601e04326c79dfdd32d625aee71d232d685c3/.huggingface.yaml
2026-04-09 00:21:36 [WARNING] Retrying in 1s [Retry 1/5].
2026-04-09 00:21:37 [WARNING] HTTP Error 503 thrown while requesting HEAD https://huggingface.co/datasets/Salesforce/wikitext/resolve/b08601e04326c79dfdd32d625aee71d232d685c3/.huggingface.yaml
2026-04-09 00:21:37 [WARNING] Retrying in 2s [Retry 2/5].
2026-04-09 00:21:39 [WARNING] HTTP Error 503 thrown while requesting HEAD https://huggingface.co/datasets/Salesforce/wikitext/resolve/b08601e04326c79dfdd32d625aee71d232d685c3/.huggingface.yaml
2026-04-09 00:21:39 [WARNING] Retrying in 4s [Retry 3/5].
2026-04-09 00:21:43 [WARNING] HTTP Error 503 thrown while requesting HEAD https://huggingface.co/datasets/Salesforce/wikitext/resolve/b08601e04326c79dfdd32d625aee71d232d685c3/.huggingface.yaml
2026-04-09 00:21:43 [WARNING] Retrying in 8s [Retry 4/5].
2026-04-09 00:21:51 [WARNING] HTTP Error 503 thrown while requesting HEAD https://huggingface.co/datasets/Salesforce/wikitext/resolve/b08601e04326c79dfdd32d625aee71d232d685c3/.huggingface.yaml
2026-04-09 00:21:51 [WARNING] Retrying in 8s [Retry 5/5].
2026-04-09 00:21:59 [WARNING] HTTP Error 503 thrown while requesting HEAD https://huggingface.co/datasets/Salesforce/wikitext/resolve/b08601e04326c79dfdd32d625aee71d232d685c3/.huggingface.yaml
2026-04-09 00:21:59 [WARNING] HTTP Error 503 thrown while requesting HEAD https://huggingface.co/datasets/Salesforce/wikitext/resolve/b08601e04326c79dfdd32d625aee71d232d685c3/dataset_infos.json
2026-04-09 00:21:59 [WARNING] Retrying in 1s [Retry 1/5].
2026-04-09 00:22:00 [WARNING] HTTP Error 503 thrown while requesting HEAD https://huggingface.co/datasets/Salesforce/wikitext/resolve/b08601e04326c79dfdd32d625aee71d232d685c3/dataset_infos.json
2026-04-09 00:22:00 [WARNING] Retrying in 2s [Retry 2/5].
2026-04-09 00:22:02 [WARNING] HTTP Error 503 thrown while requesting HEAD https://huggingface.co/datasets/Salesforce/wikitext/resolve/b08601e04326c79dfdd32d625aee71d232d685c3/dataset_infos.json
2026-04-09 00:22:02 [WARNING] Retrying in 4s [Retry 3/5].
2026-04-09 00:22:06 [WARNING] HTTP Error 503 thrown while requesting HEAD https://huggingface.co/datasets/Salesforce/wikitext/resolve/b08601e04326c79dfdd32d625aee71d232d685c3/dataset_infos.json
2026-04-09 00:22:06 [WARNING] Retrying in 8s [Retry 4/5].
2026-04-09 00:22:14 [WARNING] HTTP Error 503 thrown while requesting HEAD https://huggingface.co/datasets/Salesforce/wikitext/resolve/b08601e04326c79dfdd32d625aee71d232d685c3/dataset_infos.json
2026-04-09 00:22:14 [WARNING] Retrying in 8s [Retry 5/5].
2026-04-09 00:22:22 [WARNING] HTTP Error 503 thrown while requesting HEAD https://huggingface.co/datasets/Salesforce/wikitext/resolve/b08601e04326c79dfdd32d625aee71d232d685c3/dataset_infos.json
2026-04-09 00:22:23 [WARNING] HTTP Error 503 thrown while requesting GET https://huggingface.co/datasets/wikitext/resolve/b08601e04326c79dfdd32d625aee71d232d685c3/wikitext-2-raw-v1/test-00000-of-00001.parquet
2026-04-09 00:22:23 [WARNING] Retrying in 1s [Retry 1/5].
2026-04-09 00:22:24 [WARNING] HTTP Error 503 thrown while requesting GET https://huggingface.co/datasets/wikitext/resolve/b08601e04326c79dfdd32d625aee71d232d685c3/wikitext-2-raw-v1/test-00000-of-00001.parquet
2026-04-09 00:22:24 [WARNING] Retrying in 2s [Retry 2/5].
2026-04-09 00:22:26 [WARNING] HTTP Error 503 thrown while requesting GET https://huggingface.co/datasets/wikitext/resolve/b08601e04326c79dfdd32d625aee71d232d685c3/wikitext-2-raw-v1/test-00000-of-00001.parquet
2026-04-09 00:22:26 [WARNING] Retrying in 4s [Retry 3/5].
2026-04-09 00:22:31 [WARNING] HTTP Error 503 thrown while requesting GET https://huggingface.co/datasets/wikitext/resolve/b08601e04326c79dfdd32d625aee71d232d685c3/wikitext-2-raw-v1/test-00000-of-00001.parquet
2026-04-09 00:22:31 [WARNING] Retrying in 8s [Retry 4/5].
2026-04-09 00:22:39 [WARNING] HTTP Error 503 thrown while requesting GET https://huggingface.co/datasets/wikitext/resolve/b08601e04326c79dfdd32d625aee71d232d685c3/wikitext-2-raw-v1/test-00000-of-00001.parquet
2026-04-09 00:22:39 [WARNING] Retrying in 8s [Retry 5/5].
2026-04-09 00:22:47 [WARNING] HTTP Error 503 thrown while requesting GET https://huggingface.co/datasets/wikitext/resolve/b08601e04326c79dfdd32d625aee71d232d685c3/wikitext-2-raw-v1/test-00000-of-00001.parquet
2026-04-09 00:22:47 [WARNING] WikiText unavailable. Using random token IDs.
2026-04-09 00:22:59 [INFO] [Rank 3] Loading weights...
2026-04-09 00:23:02 [INFO] [Rank 3] Weights loaded.
2026-04-09 00:23:10 [INFO] [Rank 2] Loading weights...
2026-04-09 00:23:14 [INFO] [Rank 2] Weights loaded.
2026-04-09 00:23:34 [INFO] [Rank 1] Loading weights...
2026-04-09 00:23:34 [WARNING] HTTP Error 503 thrown while requesting HEAD https://huggingface.co/mistralai/Mistral-Small-24B-Base-2501/resolve/main/model.safetensors.index.json
2026-04-09 00:23:34 [WARNING] Retrying in 1s [Retry 1/5].
2026-04-09 00:23:35 [WARNING] HTTP Error 503 thrown while requesting HEAD https://huggingface.co/mistralai/Mistral-Small-24B-Base-2501/resolve/main/model.safetensors.index.json
2026-04-09 00:23:35 [WARNING] Retrying in 2s [Retry 2/5].
2026-04-09 00:23:37 [WARNING] HTTP Error 503 thrown while requesting HEAD https://huggingface.co/mistralai/Mistral-Small-24B-Base-2501/resolve/main/model.safetensors.index.json
2026-04-09 00:23:37 [WARNING] Retrying in 4s [Retry 3/5].
2026-04-09 00:23:41 [WARNING] HTTP Error 503 thrown while requesting HEAD https://huggingface.co/mistralai/Mistral-Small-24B-Base-2501/resolve/main/model.safetensors.index.json
2026-04-09 00:23:41 [WARNING] Retrying in 8s [Retry 4/5].
2026-04-09 00:23:49 [WARNING] HTTP Error 503 thrown while requesting HEAD https://huggingface.co/mistralai/Mistral-Small-24B-Base-2501/resolve/main/model.safetensors.index.json
2026-04-09 00:23:49 [WARNING] Retrying in 8s [Retry 5/5].
2026-04-09 00:23:57 [WARNING] HTTP Error 503 thrown while requesting HEAD https://huggingface.co/mistralai/Mistral-Small-24B-Base-2501/resolve/main/model.safetensors.index.json
2026-04-09 00:24:04 [INFO] [Rank 1] Weights loaded.
2026-04-09 00:24:40 [INFO] [Rank 0] Loading weights...
2026-04-09 00:24:53 [INFO] [Rank 0] Weights loaded.
2026-04-09 00:31:29 [INFO] [Rank 2] Finished. Latency: 395385 ms
2026-04-09 00:31:29 [INFO] [Rank 1] Finished. Latency: 395385 ms
2026-04-09 00:31:29 [INFO] [Rank 0] Finished. Latency: 395385 ms
2026-04-09 00:31:29 [INFO] [Rank 3] Finished. Latency: 395390 ms
2026-04-09 00:31:32 [INFO] Total latency:     395385 ms
2026-04-09 00:31:32 [INFO] Peak 5GB memory:   3950 MB
2026-04-09 00:31:32 [INFO] Avg  5GB memory:   1409 MB
2026-04-09 00:31:33 [INFO] [87/441] Split [26, 10, 4, 0] | Batch: 32 | Microbatch: 16 | Microbatches: 2
2026-04-09 00:31:33 [INFO] Loading WikiText... (SEQ_LEN=64, BATCH=32)
2026-04-09 00:31:47 [INFO] [Rank 3] Loading weights...
2026-04-09 00:31:50 [INFO] [Rank 3] Weights loaded.
2026-04-09 00:31:58 [INFO] [Rank 2] Loading weights...
2026-04-09 00:32:02 [INFO] [Rank 2] Weights loaded.
2026-04-09 00:32:22 [INFO] [Rank 1] Loading weights...
2026-04-09 00:32:29 [INFO] [Rank 1] Weights loaded.
2026-04-09 00:33:28 [INFO] [Rank 0] Loading weights...
2026-04-09 00:33:42 [INFO] [Rank 0] Weights loaded.
2026-04-09 00:35:34 [INFO] [Rank 1] Finished. Latency: 112752 ms
2026-04-09 00:35:34 [INFO] [Rank 2] Finished. Latency: 112752 ms
2026-04-09 00:35:34 [INFO] [Rank 0] Finished. Latency: 112752 ms
2026-04-09 00:35:34 [INFO] [Rank 3] Finished. Latency: 112757 ms
2026-04-09 00:35:38 [INFO] Total latency:     112752 ms
2026-04-09 00:35:38 [INFO] Peak 5GB memory:   3950 MB
2026-04-09 00:35:38 [INFO] Avg  5GB memory:   1390 MB
2026-04-09 00:35:38 [INFO] [88/441] Split [26, 10, 4, 0] | Batch: 32 | Microbatch: 8 | Microbatches: 4
2026-04-09 00:35:38 [INFO] Loading WikiText... (SEQ_LEN=64, BATCH=32)
2026-04-09 00:35:53 [INFO] [Rank 3] Loading weights...
2026-04-09 00:35:56 [INFO] [Rank 3] Weights loaded.
2026-04-09 00:36:04 [INFO] [Rank 2] Loading weights...
2026-04-09 00:36:08 [INFO] [Rank 2] Weights loaded.
2026-04-09 00:36:28 [INFO] [Rank 1] Loading weights...
2026-04-09 00:36:35 [INFO] [Rank 1] Weights loaded.
2026-04-09 00:37:34 [INFO] [Rank 0] Loading weights...
2026-04-09 00:37:47 [INFO] [Rank 0] Weights loaded.
2026-04-09 00:41:16 [INFO] [Rank 1] Finished. Latency: 209501 ms
2026-04-09 00:41:16 [INFO] [Rank 2] Finished. Latency: 209501 ms
2026-04-09 00:41:16 [INFO] [Rank 0] Finished. Latency: 209501 ms
2026-04-09 00:41:16 [INFO] [Rank 3] Finished. Latency: 209506 ms
2026-04-09 00:41:20 [INFO] Total latency:     209501 ms
2026-04-09 00:41:20 [INFO] Peak 5GB memory:   2670 MB
2026-04-09 00:41:20 [INFO] Avg  5GB memory:   1402 MB
2026-04-09 00:41:20 [INFO] [89/441] Split [26, 10, 4, 0] | Batch: 32 | Microbatch: 4 | Microbatches: 8
2026-04-09 00:41:20 [INFO] Loading WikiText... (SEQ_LEN=64, BATCH=32)
2026-04-09 00:41:35 [INFO] [Rank 3] Loading weights...
2026-04-09 00:41:37 [INFO] [Rank 3] Weights loaded.
2026-04-09 00:41:46 [INFO] [Rank 2] Loading weights...
2026-04-09 00:41:50 [INFO] [Rank 2] Weights loaded.
2026-04-09 00:42:09 [INFO] [Rank 1] Loading weights...
2026-04-09 00:42:16 [INFO] [Rank 1] Weights loaded.
2026-04-09 00:43:16 [INFO] [Rank 0] Loading weights...
2026-04-09 00:43:29 [INFO] [Rank 0] Weights loaded.
2026-04-09 00:50:12 [INFO] [Rank 2] Finished. Latency: 403098 ms
2026-04-09 00:50:12 [INFO] [Rank 1] Finished. Latency: 403098 ms
2026-04-09 00:50:12 [INFO] [Rank 0] Finished. Latency: 403098 ms
2026-04-09 00:50:12 [INFO] [Rank 3] Finished. Latency: 403103 ms
2026-04-09 00:50:16 [INFO] Total latency:     403098 ms
2026-04-09 00:50:16 [INFO] Peak 5GB memory:   2670 MB
2026-04-09 00:50:16 [INFO] Avg  5GB memory:   1428 MB
2026-04-09 00:50:16 [INFO] [90/441] Split [26, 10, 4, 0] | Batch: 32 | Microbatch: 2 | Microbatches: 16
2026-04-09 00:50:16 [INFO] Loading WikiText... (SEQ_LEN=64, BATCH=32)
2026-04-09 00:50:31 [INFO] [Rank 3] Loading weights...
2026-04-09 00:50:34 [INFO] [Rank 3] Weights loaded.
2026-04-09 00:50:42 [INFO] [Rank 2] Loading weights...
2026-04-09 00:50:46 [INFO] [Rank 2] Weights loaded.
2026-04-09 00:51:06 [INFO] [Rank 1] Loading weights...
2026-04-09 00:51:13 [INFO] [Rank 1] Weights loaded.
2026-04-09 00:52:12 [INFO] [Rank 0] Loading weights...
2026-04-09 00:52:25 [INFO] [Rank 0] Weights loaded.
2026-04-09 01:05:33 [INFO] [Rank 2] Finished. Latency: 787974 ms
2026-04-09 01:05:33 [INFO] [Rank 1] Finished. Latency: 787974 ms
2026-04-09 01:05:33 [INFO] [Rank 0] Finished. Latency: 787974 ms
2026-04-09 01:05:33 [INFO] [Rank 3] Finished. Latency: 787980 ms
2026-04-09 01:05:37 [INFO] Total latency:     787974 ms
2026-04-09 01:05:37 [INFO] Peak 5GB memory:   2670 MB
2026-04-09 01:05:37 [INFO] Avg  5GB memory:   1425 MB
2026-04-09 01:05:37 [INFO] [91/441] Split [27, 7, 4, 2] | Batch: 8 | Microbatch: 4 | Microbatches: 2
2026-04-09 01:05:37 [INFO] Loading WikiText... (SEQ_LEN=64, BATCH=8)
2026-04-09 01:05:59 [INFO] [Rank 3] Loading weights...
2026-04-09 01:06:03 [INFO] [Rank 2] Loading weights...
2026-04-09 01:06:03 [INFO] [Rank 3] Weights loaded.
2026-04-09 01:06:07 [INFO] [Rank 2] Weights loaded.
2026-04-09 01:06:15 [INFO] [Rank 1] Loading weights...
2026-04-09 01:06:20 [INFO] [Rank 1] Weights loaded.
2026-04-09 01:07:36 [INFO] [Rank 0] Loading weights...
2026-04-09 01:07:49 [INFO] [Rank 0] Weights loaded.
2026-04-09 01:09:36 [INFO] [Rank 2] Finished. Latency: 106215 ms
2026-04-09 01:09:36 [INFO] [Rank 1] Finished. Latency: 106215 ms
2026-04-09 01:09:36 [INFO] [Rank 0] Finished. Latency: 106215 ms
2026-04-09 01:09:36 [INFO] [Rank 3] Finished. Latency: 106229 ms
2026-04-09 01:09:40 [INFO] Total latency:     106215 ms
2026-04-09 01:09:40 [INFO] Peak 5GB memory:   6070 MB
2026-04-09 01:09:40 [INFO] Avg  5GB memory:   3357 MB
2026-04-09 01:09:40 [INFO] [92/441] Split [27, 7, 4, 2] | Batch: 8 | Microbatch: 2 | Microbatches: 4
2026-04-09 01:09:40 [INFO] Loading WikiText... (SEQ_LEN=64, BATCH=8)
2026-04-09 01:10:03 [INFO] [Rank 3] Loading weights...
2026-04-09 01:10:06 [INFO] [Rank 2] Loading weights...
2026-04-09 01:10:06 [INFO] [Rank 3] Weights loaded.
2026-04-09 01:10:10 [INFO] [Rank 2] Weights loaded.
2026-04-09 01:10:18 [INFO] [Rank 1] Loading weights...
2026-04-09 01:10:23 [INFO] [Rank 1] Weights loaded.
2026-04-09 01:11:39 [INFO] [Rank 0] Loading weights...
2026-04-09 01:11:52 [INFO] [Rank 0] Weights loaded.
2026-04-09 01:15:19 [INFO] [Rank 2] Finished. Latency: 206604 ms
2026-04-09 01:15:19 [INFO] [Rank 1] Finished. Latency: 206604 ms
2026-04-09 01:15:19 [INFO] [Rank 0] Finished. Latency: 206604 ms
2026-04-09 01:15:19 [INFO] [Rank 3] Finished. Latency: 206618 ms
2026-04-09 01:15:23 [INFO] Total latency:     206604 ms
2026-04-09 01:15:23 [INFO] Peak 5GB memory:   6070 MB
2026-04-09 01:15:23 [INFO] Avg  5GB memory:   3417 MB
2026-04-09 01:15:23 [INFO] [93/441] Split [27, 7, 4, 2] | Batch: 16 | Microbatch: 8 | Microbatches: 2
2026-04-09 01:15:23 [INFO] Loading WikiText... (SEQ_LEN=64, BATCH=16)
2026-04-09 01:15:46 [INFO] [Rank 3] Loading weights...
2026-04-09 01:15:49 [INFO] [Rank 2] Loading weights...
2026-04-09 01:15:50 [INFO] [Rank 3] Weights loaded.
2026-04-09 01:15:53 [INFO] [Rank 2] Weights loaded.
2026-04-09 01:16:01 [INFO] [Rank 1] Loading weights...
2026-04-09 01:16:07 [INFO] [Rank 1] Weights loaded.
2026-04-09 01:17:22 [INFO] [Rank 0] Loading weights...
2026-04-09 01:17:36 [INFO] [Rank 0] Weights loaded.
2026-04-09 01:19:25 [INFO] [Rank 2] Finished. Latency: 109727 ms
2026-04-09 01:19:25 [INFO] [Rank 1] Finished. Latency: 109727 ms
2026-04-09 01:19:25 [INFO] [Rank 0] Finished. Latency: 109727 ms
2026-04-09 01:19:26 [INFO] [Rank 3] Finished. Latency: 109741 ms
2026-04-09 01:19:29 [INFO] Total latency:     109727 ms
2026-04-09 01:19:29 [INFO] Peak 5GB memory:   6070 MB
2026-04-09 01:19:29 [INFO] Avg  5GB memory:   3383 MB
2026-04-09 01:19:29 [INFO] [94/441] Split [27, 7, 4, 2] | Batch: 16 | Microbatch: 4 | Microbatches: 4
2026-04-09 01:19:29 [INFO] Loading WikiText... (SEQ_LEN=64, BATCH=16)
2026-04-09 01:19:52 [INFO] [Rank 3] Loading weights...
2026-04-09 01:19:55 [INFO] [Rank 2] Loading weights...
2026-04-09 01:19:56 [INFO] [Rank 3] Weights loaded.
2026-04-09 01:19:59 [INFO] [Rank 2] Weights loaded.
2026-04-09 01:20:07 [INFO] [Rank 1] Loading weights...
2026-04-09 01:20:12 [INFO] [Rank 1] Weights loaded.
2026-04-09 01:21:28 [INFO] [Rank 0] Loading weights...
2026-04-09 01:21:41 [INFO] [Rank 0] Weights loaded.
2026-04-09 01:25:12 [INFO] [Rank 2] Finished. Latency: 210353 ms
2026-04-09 01:25:12 [INFO] [Rank 0] Finished. Latency: 210353 ms
2026-04-09 01:25:12 [INFO] [Rank 1] Finished. Latency: 210353 ms
2026-04-09 01:25:12 [INFO] [Rank 3] Finished. Latency: 210367 ms
2026-04-09 01:25:16 [INFO] Total latency:     210353 ms
2026-04-09 01:25:16 [INFO] Peak 5GB memory:   4790 MB
2026-04-09 01:25:16 [INFO] Avg  5GB memory:   3454 MB
2026-04-09 01:25:16 [INFO] [95/441] Split [27, 7, 4, 2] | Batch: 16 | Microbatch: 2 | Microbatches: 8
2026-04-09 01:25:16 [INFO] Loading WikiText... (SEQ_LEN=64, BATCH=16)
2026-04-09 01:25:38 [INFO] [Rank 3] Loading weights...
2026-04-09 01:25:41 [INFO] [Rank 2] Loading weights...
2026-04-09 01:25:42 [INFO] [Rank 3] Weights loaded.
2026-04-09 01:25:45 [INFO] [Rank 2] Weights loaded.
2026-04-09 01:25:54 [INFO] [Rank 1] Loading weights...
2026-04-09 01:25:59 [INFO] [Rank 1] Weights loaded.
2026-04-09 01:27:14 [INFO] [Rank 0] Loading weights...
2026-04-09 01:27:27 [INFO] [Rank 0] Weights loaded.
2026-04-09 01:34:18 [INFO] [Rank 1] Finished. Latency: 410247 ms
2026-04-09 01:34:18 [INFO] [Rank 2] Finished. Latency: 410247 ms
2026-04-09 01:34:18 [INFO] [Rank 0] Finished. Latency: 410247 ms
2026-04-09 01:34:18 [INFO] [Rank 3] Finished. Latency: 410260 ms
2026-04-09 01:34:22 [INFO] Total latency:     410247 ms
2026-04-09 01:34:22 [INFO] Peak 5GB memory:   6070 MB
2026-04-09 01:34:22 [INFO] Avg  5GB memory:   3517 MB
2026-04-09 01:34:22 [INFO] [96/441] Split [27, 7, 4, 2] | Batch: 32 | Microbatch: 16 | Microbatches: 2
2026-04-09 01:34:22 [INFO] Loading WikiText... (SEQ_LEN=64, BATCH=32)
2026-04-09 01:34:45 [INFO] [Rank 3] Loading weights...
2026-04-09 01:34:48 [INFO] [Rank 2] Loading weights...
2026-04-09 01:34:48 [INFO] [Rank 3] Weights loaded.
2026-04-09 01:34:52 [INFO] [Rank 2] Weights loaded.
2026-04-09 01:35:00 [INFO] [Rank 1] Loading weights...
2026-04-09 01:35:05 [INFO] [Rank 1] Weights loaded.
2026-04-09 01:36:21 [INFO] [Rank 0] Loading weights...
2026-04-09 01:36:35 [INFO] [Rank 0] Weights loaded.
2026-04-09 01:38:32 [INFO] [Rank 1] Finished. Latency: 117161 ms
2026-04-09 01:38:32 [INFO] [Rank 2] Finished. Latency: 117161 ms
2026-04-09 01:38:32 [INFO] [Rank 0] Finished. Latency: 117161 ms
2026-04-09 01:38:32 [INFO] [Rank 3] Finished. Latency: 117176 ms
2026-04-09 01:38:36 [INFO] Total latency:     117161 ms
2026-04-09 01:38:36 [INFO] Peak 5GB memory:   6070 MB
2026-04-09 01:38:36 [INFO] Avg  5GB memory:   3485 MB
2026-04-09 01:38:36 [INFO] [97/441] Split [27, 7, 4, 2] | Batch: 32 | Microbatch: 8 | Microbatches: 4
2026-04-09 01:38:36 [INFO] Loading WikiText... (SEQ_LEN=64, BATCH=32)
2026-04-09 01:38:59 [INFO] [Rank 3] Loading weights...
2026-04-09 01:39:02 [INFO] [Rank 2] Loading weights...
2026-04-09 01:39:02 [INFO] [Rank 3] Weights loaded.
2026-04-09 01:39:06 [INFO] [Rank 2] Weights loaded.
2026-04-09 01:39:14 [INFO] [Rank 1] Loading weights...
2026-04-09 01:39:20 [INFO] [Rank 1] Weights loaded.
2026-04-09 01:40:35 [INFO] [Rank 0] Loading weights...
2026-04-09 01:40:48 [INFO] [Rank 0] Weights loaded.
2026-04-09 01:44:26 [INFO] [Rank 2] Finished. Latency: 217296 ms
2026-04-09 01:44:26 [INFO] [Rank 1] Finished. Latency: 217296 ms
2026-04-09 01:44:26 [INFO] [Rank 0] Finished. Latency: 217296 ms
2026-04-09 01:44:26 [INFO] [Rank 3] Finished. Latency: 217310 ms
2026-04-09 01:44:30 [INFO] Total latency:     217296 ms
2026-04-09 01:44:30 [INFO] Peak 5GB memory:   6070 MB
2026-04-09 01:44:30 [INFO] Avg  5GB memory:   3520 MB
2026-04-09 01:44:30 [INFO] [98/441] Split [27, 7, 4, 2] | Batch: 32 | Microbatch: 4 | Microbatches: 8
2026-04-09 01:44:30 [INFO] Loading WikiText... (SEQ_LEN=64, BATCH=32)
2026-04-09 01:44:52 [INFO] [Rank 3] Loading weights...
2026-04-09 01:44:55 [INFO] [Rank 2] Loading weights...
2026-04-09 01:44:56 [INFO] [Rank 3] Weights loaded.
2026-04-09 01:44:59 [INFO] [Rank 2] Weights loaded.
2026-04-09 01:45:07 [INFO] [Rank 1] Loading weights...
2026-04-09 01:45:12 [INFO] [Rank 1] Weights loaded.
2026-04-09 01:46:28 [INFO] [Rank 0] Loading weights...
2026-04-09 01:46:41 [INFO] [Rank 0] Weights loaded.
2026-04-09 01:53:40 [INFO] [Rank 2] Finished. Latency: 418527 ms
2026-04-09 01:53:40 [INFO] [Rank 1] Finished. Latency: 418527 ms
2026-04-09 01:53:40 [INFO] [Rank 0] Finished. Latency: 418527 ms
2026-04-09 01:53:40 [INFO] [Rank 3] Finished. Latency: 418541 ms
2026-04-09 01:53:44 [INFO] Total latency:     418527 ms
2026-04-09 01:53:44 [INFO] Peak 5GB memory:   6070 MB
2026-04-09 01:53:44 [INFO] Avg  5GB memory:   3574 MB
2026-04-09 01:53:44 [INFO] [99/441] Split [27, 7, 4, 2] | Batch: 32 | Microbatch: 2 | Microbatches: 16
2026-04-09 01:53:44 [INFO] Loading WikiText... (SEQ_LEN=64, BATCH=32)
2026-04-09 01:54:06 [INFO] [Rank 3] Loading weights...
2026-04-09 01:54:09 [INFO] [Rank 2] Loading weights...
2026-04-09 01:54:09 [INFO] [Rank 3] Weights loaded.
2026-04-09 01:54:13 [INFO] [Rank 2] Weights loaded.
2026-04-09 01:54:21 [INFO] [Rank 1] Loading weights...
2026-04-09 01:54:27 [INFO] [Rank 1] Weights loaded.
2026-04-09 01:55:44 [INFO] [Rank 0] Loading weights...
2026-04-09 01:55:57 [INFO] [Rank 0] Weights loaded.
2026-04-09 02:09:35 [INFO] [Rank 1] Finished. Latency: 817583 ms
2026-04-09 02:09:35 [INFO] [Rank 2] Finished. Latency: 817583 ms
2026-04-09 02:09:35 [INFO] [Rank 0] Finished. Latency: 817583 ms
2026-04-09 02:09:35 [INFO] [Rank 3] Finished. Latency: 817597 ms
2026-04-09 02:09:39 [INFO] Total latency:     817583 ms
2026-04-09 02:09:39 [INFO] Peak 5GB memory:   6070 MB
2026-04-09 02:09:39 [INFO] Avg  5GB memory:   3637 MB
2026-04-09 02:09:39 [INFO] [100/441] Split [27, 8, 3, 2] | Batch: 8 | Microbatch: 4 | Microbatches: 2
2026-04-09 02:09:39 [INFO] Loading WikiText... (SEQ_LEN=64, BATCH=8)
2026-04-09 02:10:01 [INFO] [Rank 2] Loading weights...
2026-04-09 02:10:01 [INFO] [Rank 3] Loading weights...
2026-04-09 02:10:04 [INFO] [Rank 2] Weights loaded.
2026-04-09 02:10:05 [INFO] [Rank 3] Weights loaded.
2026-04-09 02:10:20 [INFO] [Rank 1] Loading weights...
2026-04-09 02:10:26 [INFO] [Rank 1] Weights loaded.
2026-04-09 02:11:38 [INFO] [Rank 0] Loading weights...
2026-04-09 02:11:51 [INFO] [Rank 0] Weights loaded.
2026-04-09 02:13:35 [INFO] [Rank 2] Finished. Latency: 103584 ms
2026-04-09 02:13:35 [INFO] [Rank 0] Finished. Latency: 103584 ms
2026-04-09 02:13:35 [INFO] [Rank 1] Finished. Latency: 103584 ms
2026-04-09 02:13:35 [INFO] [Rank 3] Finished. Latency: 103598 ms
2026-04-09 02:13:39 [INFO] Total latency:     103584 ms
2026-04-09 02:13:39 [INFO] Peak 5GB memory:   6070 MB
2026-04-09 02:13:39 [INFO] Avg  5GB memory:   3345 MB
2026-04-09 02:13:39 [INFO] [101/441] Split [27, 8, 3, 2] | Batch: 8 | Microbatch: 2 | Microbatches: 4
2026-04-09 02:13:39 [INFO] Loading WikiText... (SEQ_LEN=64, BATCH=8)
2026-04-09 02:14:00 [INFO] [Rank 2] Loading weights...
2026-04-09 02:14:01 [INFO] [Rank 3] Loading weights...
2026-04-09 02:14:04 [INFO] [Rank 2] Weights loaded.
2026-04-09 02:14:05 [INFO] [Rank 3] Weights loaded.
2026-04-09 02:14:20 [INFO] [Rank 1] Loading weights...
2026-04-09 02:14:26 [INFO] [Rank 1] Weights loaded.
2026-04-09 02:15:38 [INFO] [Rank 0] Loading weights...
2026-04-09 02:15:51 [INFO] [Rank 0] Weights loaded.
2026-04-09 02:19:13 [INFO] [Rank 1] Finished. Latency: 201646 ms
2026-04-09 02:19:13 [INFO] [Rank 2] Finished. Latency: 201646 ms
2026-04-09 02:19:13 [INFO] [Rank 0] Finished. Latency: 201646 ms
2026-04-09 02:19:13 [INFO] [Rank 3] Finished. Latency: 201659 ms
2026-04-09 02:19:17 [INFO] Total latency:     201646 ms
2026-04-09 02:19:17 [INFO] Peak 5GB memory:   4790 MB
2026-04-09 02:19:17 [INFO] Avg  5GB memory:   3416 MB
2026-04-09 02:19:17 [INFO] [102/441] Split [27, 8, 3, 2] | Batch: 16 | Microbatch: 8 | Microbatches: 2
2026-04-09 02:19:17 [INFO] Loading WikiText... (SEQ_LEN=64, BATCH=16)
2026-04-09 02:19:39 [INFO] [Rank 2] Loading weights...
2026-04-09 02:19:40 [INFO] [Rank 3] Loading weights...
2026-04-09 02:19:42 [INFO] [Rank 2] Weights loaded.
2026-04-09 02:19:43 [INFO] [Rank 3] Weights loaded.
2026-04-09 02:19:58 [INFO] [Rank 1] Loading weights...
2026-04-09 02:20:04 [INFO] [Rank 1] Weights loaded.
2026-04-09 02:21:16 [INFO] [Rank 0] Loading weights...
2026-04-09 02:21:30 [INFO] [Rank 0] Weights loaded.
2026-04-09 02:23:17 [INFO] [Rank 2] Finished. Latency: 107601 ms
2026-04-09 02:23:17 [INFO] [Rank 1] Finished. Latency: 107601 ms
2026-04-09 02:23:17 [INFO] [Rank 0] Finished. Latency: 107601 ms
2026-04-09 02:23:17 [INFO] [Rank 3] Finished. Latency: 107615 ms
2026-04-09 02:23:22 [INFO] Total latency:     107601 ms
2026-04-09 02:23:22 [INFO] Peak 5GB memory:   4790 MB
2026-04-09 02:23:22 [INFO] Avg  5GB memory:   3378 MB
2026-04-09 02:23:22 [INFO] [103/441] Split [27, 8, 3, 2] | Batch: 16 | Microbatch: 4 | Microbatches: 4
2026-04-09 02:23:22 [INFO] Loading WikiText... (SEQ_LEN=64, BATCH=16)
2026-04-09 02:23:44 [INFO] [Rank 2] Loading weights...
2026-04-09 02:23:45 [INFO] [Rank 3] Loading weights...
2026-04-09 02:23:47 [INFO] [Rank 2] Weights loaded.
2026-04-09 02:23:49 [INFO] [Rank 3] Weights loaded.
2026-04-09 02:24:03 [INFO] [Rank 1] Loading weights...
2026-04-09 02:24:09 [INFO] [Rank 1] Weights loaded.
2026-04-09 02:25:20 [INFO] [Rank 0] Loading weights...
2026-04-09 02:25:34 [INFO] [Rank 0] Weights loaded.
2026-04-09 02:29:00 [INFO] [Rank 2] Finished. Latency: 205921 ms
2026-04-09 02:29:00 [INFO] [Rank 1] Finished. Latency: 205921 ms
2026-04-09 02:29:00 [INFO] [Rank 0] Finished. Latency: 205921 ms
2026-04-09 02:29:00 [INFO] [Rank 3] Finished. Latency: 205935 ms
2026-04-09 02:29:04 [INFO] Total latency:     205921 ms
2026-04-09 02:29:04 [INFO] Peak 5GB memory:   6070 MB
2026-04-09 02:29:04 [INFO] Avg  5GB memory:   3443 MB
2026-04-09 02:29:04 [INFO] [104/441] Split [27, 8, 3, 2] | Batch: 16 | Microbatch: 2 | Microbatches: 8
2026-04-09 02:29:04 [INFO] Loading WikiText... (SEQ_LEN=64, BATCH=16)
2026-04-09 02:29:26 [INFO] [Rank 2] Loading weights...
2026-04-09 02:29:27 [INFO] [Rank 3] Loading weights...
2026-04-09 02:29:30 [INFO] [Rank 2] Weights loaded.
2026-04-09 02:29:31 [INFO] [Rank 3] Weights loaded.
2026-04-09 02:29:46 [INFO] [Rank 1] Loading weights...
2026-04-09 02:29:52 [INFO] [Rank 1] Weights loaded.
2026-04-09 02:31:03 [INFO] [Rank 0] Loading weights...
2026-04-09 02:31:17 [INFO] [Rank 0] Weights loaded.
2026-04-09 02:37:57 [INFO] [Rank 2] Finished. Latency: 400137 ms
2026-04-09 02:37:57 [INFO] [Rank 1] Finished. Latency: 400137 ms
2026-04-09 02:37:57 [INFO] [Rank 0] Finished. Latency: 400137 ms
2026-04-09 02:37:57 [INFO] [Rank 3] Finished. Latency: 400150 ms
2026-04-09 02:38:01 [INFO] Total latency:     400137 ms
2026-04-09 02:38:01 [INFO] Peak 5GB memory:   6070 MB
2026-04-09 02:38:01 [INFO] Avg  5GB memory:   3512 MB
2026-04-09 02:38:01 [INFO] [105/441] Split [27, 8, 3, 2] | Batch: 32 | Microbatch: 16 | Microbatches: 2
2026-04-09 02:38:01 [INFO] Loading WikiText... (SEQ_LEN=64, BATCH=32)
2026-04-09 02:38:23 [INFO] [Rank 2] Loading weights...
2026-04-09 02:38:24 [INFO] [Rank 3] Loading weights...
2026-04-09 02:38:26 [INFO] [Rank 2] Weights loaded.
2026-04-09 02:38:27 [INFO] [Rank 3] Weights loaded.
2026-04-09 02:38:42 [INFO] [Rank 1] Loading weights...
2026-04-09 02:38:48 [INFO] [Rank 1] Weights loaded.
2026-04-09 02:40:00 [INFO] [Rank 0] Loading weights...
2026-04-09 02:40:13 [INFO] [Rank 0] Weights loaded.
2026-04-09 02:42:08 [INFO] [Rank 1] Finished. Latency: 114250 ms
2026-04-09 02:42:08 [INFO] [Rank 2] Finished. Latency: 114250 ms
2026-04-09 02:42:08 [INFO] [Rank 0] Finished. Latency: 114250 ms
2026-04-09 02:42:08 [INFO] [Rank 3] Finished. Latency: 114265 ms
2026-04-09 02:42:12 [INFO] Total latency:     114250 ms
2026-04-09 02:42:12 [INFO] Peak 5GB memory:   6070 MB
2026-04-09 02:42:12 [INFO] Avg  5GB memory:   3489 MB
2026-04-09 02:42:12 [INFO] [106/441] Split [27, 8, 3, 2] | Batch: 32 | Microbatch: 8 | Microbatches: 4
2026-04-09 02:42:12 [INFO] Loading WikiText... (SEQ_LEN=64, BATCH=32)
2026-04-09 02:42:33 [INFO] [Rank 2] Loading weights...
2026-04-09 02:42:34 [INFO] [Rank 3] Loading weights...
2026-04-09 02:42:37 [INFO] [Rank 2] Weights loaded.
2026-04-09 02:42:38 [INFO] [Rank 3] Weights loaded.
2026-04-09 02:42:52 [INFO] [Rank 1] Loading weights...
2026-04-09 02:42:58 [INFO] [Rank 1] Weights loaded.
2026-04-09 02:44:10 [INFO] [Rank 0] Loading weights...
2026-04-09 02:44:24 [INFO] [Rank 0] Weights loaded.
2026-04-09 02:47:57 [INFO] [Rank 2] Finished. Latency: 212974 ms
2026-04-09 02:47:57 [INFO] [Rank 1] Finished. Latency: 212974 ms
2026-04-09 02:47:57 [INFO] [Rank 0] Finished. Latency: 212974 ms
2026-04-09 02:47:57 [INFO] [Rank 3] Finished. Latency: 212988 ms
2026-04-09 02:48:01 [INFO] Total latency:     212974 ms
2026-04-09 02:48:01 [INFO] Peak 5GB memory:   6070 MB
2026-04-09 02:48:01 [INFO] Avg  5GB memory:   3522 MB
2026-04-09 02:48:01 [INFO] [107/441] Split [27, 8, 3, 2] | Batch: 32 | Microbatch: 4 | Microbatches: 8
2026-04-09 02:48:01 [INFO] Loading WikiText... (SEQ_LEN=64, BATCH=32)
2026-04-09 02:48:22 [INFO] [Rank 2] Loading weights...
2026-04-09 02:48:23 [INFO] [Rank 3] Loading weights...
2026-04-09 02:48:26 [INFO] [Rank 2] Weights loaded.
2026-04-09 02:48:27 [INFO] [Rank 3] Weights loaded.
2026-04-09 02:48:42 [INFO] [Rank 1] Loading weights...
2026-04-09 02:48:48 [INFO] [Rank 1] Weights loaded.
2026-04-09 02:49:59 [INFO] [Rank 0] Loading weights...
2026-04-09 02:50:13 [INFO] [Rank 0] Weights loaded.
2026-04-09 02:57:01 [INFO] [Rank 2] Finished. Latency: 407840 ms
2026-04-09 02:57:01 [INFO] [Rank 1] Finished. Latency: 407840 ms
2026-04-09 02:57:01 [INFO] [Rank 0] Finished. Latency: 407840 ms
2026-04-09 02:57:01 [INFO] [Rank 3] Finished. Latency: 407854 ms
2026-04-09 02:57:05 [INFO] Total latency:     407840 ms
2026-04-09 02:57:05 [INFO] Peak 5GB memory:   4790 MB
2026-04-09 02:57:05 [INFO] Avg  5GB memory:   3568 MB
2026-04-09 02:57:05 [INFO] [108/441] Split [27, 8, 3, 2] | Batch: 32 | Microbatch: 2 | Microbatches: 16
2026-04-09 02:57:05 [INFO] Loading WikiText... (SEQ_LEN=64, BATCH=32)
2026-04-09 02:57:27 [INFO] [Rank 2] Loading weights...
2026-04-09 02:57:28 [INFO] [Rank 3] Loading weights...
2026-04-09 02:57:30 [INFO] [Rank 2] Weights loaded.
2026-04-09 02:57:31 [INFO] [Rank 3] Weights loaded.
2026-04-09 02:57:46 [INFO] [Rank 1] Loading weights...
2026-04-09 02:57:52 [INFO] [Rank 1] Weights loaded.
2026-04-09 02:59:04 [INFO] [Rank 0] Loading weights...
2026-04-09 02:59:17 [INFO] [Rank 0] Weights loaded.
2026-04-09 03:12:35 [INFO] [Rank 1] Finished. Latency: 797623 ms
2026-04-09 03:12:35 [INFO] [Rank 2] Finished. Latency: 797623 ms
2026-04-09 03:12:35 [INFO] [Rank 0] Finished. Latency: 797623 ms
2026-04-09 03:12:35 [INFO] [Rank 3] Finished. Latency: 797636 ms
2026-04-09 03:12:39 [INFO] Total latency:     797623 ms
2026-04-09 03:12:39 [INFO] Peak 5GB memory:   6070 MB
2026-04-09 03:12:39 [INFO] Avg  5GB memory:   3634 MB
2026-04-09 03:12:39 [INFO] [109/441] Split [27, 8, 4, 1] | Batch: 8 | Microbatch: 4 | Microbatches: 2
2026-04-09 03:12:39 [INFO] Loading WikiText... (SEQ_LEN=64, BATCH=8)
2026-04-09 03:12:57 [INFO] [Rank 3] Loading weights...
2026-04-09 03:13:01 [INFO] [Rank 3] Weights loaded.
2026-04-09 03:13:04 [INFO] [Rank 2] Loading weights...
2026-04-09 03:13:08 [INFO] [Rank 2] Weights loaded.
2026-04-09 03:13:20 [INFO] [Rank 1] Loading weights...
2026-04-09 03:13:26 [INFO] [Rank 1] Weights loaded.
2026-04-09 03:14:38 [INFO] [Rank 0] Loading weights...
2026-04-09 03:14:52 [INFO] [Rank 0] Weights loaded.
2026-04-09 03:16:35 [INFO] [Rank 1] Finished. Latency: 103314 ms
2026-04-09 03:16:35 [INFO] [Rank 2] Finished. Latency: 103314 ms
2026-04-09 03:16:35 [INFO] [Rank 0] Finished. Latency: 103314 ms
2026-04-09 03:16:35 [INFO] [Rank 3] Finished. Latency: 103324 ms
2026-04-09 03:16:39 [INFO] Total latency:     103314 ms
2026-04-09 03:16:39 [INFO] Peak 5GB memory:   5010 MB
2026-04-09 03:16:39 [INFO] Avg  5GB memory:   2375 MB
2026-04-09 03:16:39 [INFO] [110/441] Split [27, 8, 4, 1] | Batch: 8 | Microbatch: 2 | Microbatches: 4
2026-04-09 03:16:39 [INFO] Loading WikiText... (SEQ_LEN=64, BATCH=8)
2026-04-09 03:16:57 [INFO] [Rank 3] Loading weights...
2026-04-09 03:17:00 [INFO] [Rank 3] Weights loaded.
2026-04-09 03:17:05 [INFO] [Rank 2] Loading weights...
2026-04-09 03:17:08 [INFO] [Rank 2] Weights loaded.
2026-04-09 03:17:20 [INFO] [Rank 1] Loading weights...
2026-04-09 03:17:26 [INFO] [Rank 1] Weights loaded.
2026-04-09 03:18:38 [INFO] [Rank 0] Loading weights...
2026-04-09 03:18:51 [INFO] [Rank 0] Weights loaded.
2026-04-09 03:22:12 [INFO] [Rank 1] Finished. Latency: 201100 ms
2026-04-09 03:22:12 [INFO] [Rank 2] Finished. Latency: 201100 ms
2026-04-09 03:22:12 [INFO] [Rank 0] Finished. Latency: 201100 ms
2026-04-09 03:22:12 [INFO] [Rank 3] Finished. Latency: 201109 ms
2026-04-09 03:22:16 [INFO] Total latency:     201100 ms
2026-04-09 03:22:16 [INFO] Peak 5GB memory:   3730 MB
2026-04-09 03:22:16 [INFO] Avg  5GB memory:   2416 MB
2026-04-09 03:22:16 [INFO] [111/441] Split [27, 8, 4, 1] | Batch: 16 | Microbatch: 8 | Microbatches: 2
2026-04-09 03:22:16 [INFO] Loading WikiText... (SEQ_LEN=64, BATCH=16)
2026-04-09 03:22:35 [INFO] [Rank 3] Loading weights...
2026-04-09 03:22:38 [INFO] [Rank 3] Weights loaded.
2026-04-09 03:22:42 [INFO] [Rank 2] Loading weights...
2026-04-09 03:22:46 [INFO] [Rank 2] Weights loaded.
2026-04-09 03:22:58 [INFO] [Rank 1] Loading weights...
2026-04-09 03:23:04 [INFO] [Rank 1] Weights loaded.
2026-04-09 03:24:15 [INFO] [Rank 0] Loading weights...
2026-04-09 03:24:28 [INFO] [Rank 0] Weights loaded.
2026-04-09 03:26:15 [INFO] [Rank 2] Finished. Latency: 106877 ms
2026-04-09 03:26:15 [INFO] [Rank 1] Finished. Latency: 106877 ms
2026-04-09 03:26:15 [INFO] [Rank 0] Finished. Latency: 106877 ms
2026-04-09 03:26:15 [INFO] [Rank 3] Finished. Latency: 106887 ms
2026-04-09 03:26:19 [INFO] Total latency:     106877 ms
2026-04-09 03:26:19 [INFO] Peak 5GB memory:   5010 MB
2026-04-09 03:26:19 [INFO] Avg  5GB memory:   2413 MB
2026-04-09 03:26:19 [INFO] [112/441] Split [27, 8, 4, 1] | Batch: 16 | Microbatch: 4 | Microbatches: 4
2026-04-09 03:26:19 [INFO] Loading WikiText... (SEQ_LEN=64, BATCH=16)
2026-04-09 03:26:38 [INFO] [Rank 3] Loading weights...
2026-04-09 03:26:41 [INFO] [Rank 3] Weights loaded.
2026-04-09 03:26:45 [INFO] [Rank 2] Loading weights...
2026-04-09 03:26:49 [INFO] [Rank 2] Weights loaded.
2026-04-09 03:27:00 [INFO] [Rank 1] Loading weights...
2026-04-09 03:27:06 [INFO] [Rank 1] Weights loaded.
2026-04-09 03:28:17 [INFO] [Rank 0] Loading weights...
2026-04-09 03:28:31 [INFO] [Rank 0] Weights loaded.
2026-04-09 03:31:55 [INFO] [Rank 1] Finished. Latency: 204776 ms
2026-04-09 03:31:55 [INFO] [Rank 2] Finished. Latency: 204776 ms
2026-04-09 03:31:55 [INFO] [Rank 0] Finished. Latency: 204776 ms
2026-04-09 03:31:55 [INFO] [Rank 3] Finished. Latency: 204786 ms
2026-04-09 03:31:59 [INFO] Total latency:     204776 ms
2026-04-09 03:31:59 [INFO] Peak 5GB memory:   5010 MB
2026-04-09 03:31:59 [INFO] Avg  5GB memory:   2438 MB
2026-04-09 03:31:59 [INFO] [113/441] Split [27, 8, 4, 1] | Batch: 16 | Microbatch: 2 | Microbatches: 8
2026-04-09 03:31:59 [INFO] Loading WikiText... (SEQ_LEN=64, BATCH=16)
2026-04-09 03:32:17 [INFO] [Rank 3] Loading weights...
2026-04-09 03:32:20 [INFO] [Rank 3] Weights loaded.
2026-04-09 03:32:25 [INFO] [Rank 2] Loading weights...
2026-04-09 03:32:28 [INFO] [Rank 2] Weights loaded.
2026-04-09 03:32:40 [INFO] [Rank 1] Loading weights...
2026-04-09 03:32:46 [INFO] [Rank 1] Weights loaded.
2026-04-09 03:33:58 [INFO] [Rank 0] Loading weights...
2026-04-09 03:34:11 [INFO] [Rank 0] Weights loaded.
2026-04-09 03:40:51 [INFO] [Rank 2] Finished. Latency: 399791 ms
2026-04-09 03:40:51 [INFO] [Rank 0] Finished. Latency: 399791 ms
2026-04-09 03:40:51 [INFO] [Rank 1] Finished. Latency: 399791 ms
2026-04-09 03:40:51 [INFO] [Rank 3] Finished. Latency: 399801 ms
2026-04-09 03:40:55 [INFO] Total latency:     399791 ms
2026-04-09 03:40:55 [INFO] Peak 5GB memory:   5010 MB
2026-04-09 03:40:55 [INFO] Avg  5GB memory:   2471 MB
2026-04-09 03:40:55 [INFO] [114/441] Split [27, 8, 4, 1] | Batch: 32 | Microbatch: 16 | Microbatches: 2
2026-04-09 03:40:55 [INFO] Loading WikiText... (SEQ_LEN=64, BATCH=32)
2026-04-09 03:41:13 [INFO] [Rank 3] Loading weights...
2026-04-09 03:41:16 [INFO] [Rank 3] Weights loaded.
2026-04-09 03:41:20 [INFO] [Rank 2] Loading weights...
2026-04-09 03:41:24 [INFO] [Rank 2] Weights loaded.
2026-04-09 03:41:36 [INFO] [Rank 1] Loading weights...
2026-04-09 03:41:42 [INFO] [Rank 1] Weights loaded.
2026-04-09 03:42:53 [INFO] [Rank 0] Loading weights...
2026-04-09 03:43:07 [INFO] [Rank 0] Weights loaded.
2026-04-09 03:45:01 [INFO] [Rank 2] Finished. Latency: 113969 ms
2026-04-09 03:45:01 [INFO] [Rank 1] Finished. Latency: 113969 ms
2026-04-09 03:45:01 [INFO] [Rank 0] Finished. Latency: 113969 ms
2026-04-09 03:45:01 [INFO] [Rank 3] Finished. Latency: 113979 ms
2026-04-09 03:45:05 [INFO] Total latency:     113969 ms
2026-04-09 03:45:05 [INFO] Peak 5GB memory:   5010 MB
2026-04-09 03:45:05 [INFO] Avg  5GB memory:   2519 MB
2026-04-09 03:45:05 [INFO] [115/441] Split [27, 8, 4, 1] | Batch: 32 | Microbatch: 8 | Microbatches: 4
2026-04-09 03:45:05 [INFO] Loading WikiText... (SEQ_LEN=64, BATCH=32)
2026-04-09 03:45:23 [INFO] [Rank 3] Loading weights...
2026-04-09 03:45:26 [INFO] [Rank 3] Weights loaded.
2026-04-09 03:45:30 [INFO] [Rank 2] Loading weights...
2026-04-09 03:45:34 [INFO] [Rank 2] Weights loaded.
2026-04-09 03:45:47 [INFO] [Rank 1] Loading weights...
2026-04-09 03:45:52 [INFO] [Rank 1] Weights loaded.
2026-04-09 03:47:03 [INFO] [Rank 0] Loading weights...
2026-04-09 03:47:17 [INFO] [Rank 0] Weights loaded.
2026-04-09 03:50:49 [INFO] [Rank 2] Finished. Latency: 211752 ms
2026-04-09 03:50:49 [INFO] [Rank 1] Finished. Latency: 211752 ms
2026-04-09 03:50:49 [INFO] [Rank 0] Finished. Latency: 211752 ms
2026-04-09 03:50:49 [INFO] [Rank 3] Finished. Latency: 211761 ms
2026-04-09 03:50:53 [INFO] Total latency:     211752 ms
2026-04-09 03:50:53 [INFO] Peak 5GB memory:   5010 MB
2026-04-09 03:50:53 [INFO] Avg  5GB memory:   2485 MB
2026-04-09 03:50:53 [INFO] [116/441] Split [27, 8, 4, 1] | Batch: 32 | Microbatch: 4 | Microbatches: 8
2026-04-09 03:50:53 [INFO] Loading WikiText... (SEQ_LEN=64, BATCH=32)
2026-04-09 03:51:12 [INFO] [Rank 3] Loading weights...
2026-04-09 03:51:15 [INFO] [Rank 3] Weights loaded.
2026-04-09 03:51:19 [INFO] [Rank 2] Loading weights...
2026-04-09 03:51:23 [INFO] [Rank 2] Weights loaded.
2026-04-09 03:51:35 [INFO] [Rank 1] Loading weights...
2026-04-09 03:51:41 [INFO] [Rank 1] Weights loaded.
2026-04-09 03:52:52 [INFO] [Rank 0] Loading weights...
2026-04-09 03:53:06 [INFO] [Rank 0] Weights loaded.
2026-04-09 03:59:54 [INFO] [Rank 2] Finished. Latency: 408346 ms
2026-04-09 03:59:54 [INFO] [Rank 1] Finished. Latency: 408346 ms
2026-04-09 03:59:54 [INFO] [Rank 0] Finished. Latency: 408346 ms
2026-04-09 03:59:54 [INFO] [Rank 3] Finished. Latency: 408356 ms
2026-04-09 03:59:58 [INFO] Total latency:     408346 ms
2026-04-09 03:59:58 [INFO] Peak 5GB memory:   3730 MB
2026-04-09 03:59:58 [INFO] Avg  5GB memory:   2511 MB
2026-04-09 03:59:58 [INFO] [117/441] Split [27, 8, 4, 1] | Batch: 32 | Microbatch: 2 | Microbatches: 16
2026-04-09 03:59:58 [INFO] Loading WikiText... (SEQ_LEN=64, BATCH=32)
2026-04-09 04:00:17 [INFO] [Rank 3] Loading weights...
2026-04-09 04:00:20 [INFO] [Rank 3] Weights loaded.
2026-04-09 04:00:24 [INFO] [Rank 2] Loading weights...
2026-04-09 04:00:28 [INFO] [Rank 2] Weights loaded.
2026-04-09 04:00:40 [INFO] [Rank 1] Loading weights...
2026-04-09 04:00:46 [INFO] [Rank 1] Weights loaded.
2026-04-09 04:01:57 [INFO] [Rank 0] Loading weights...
2026-04-09 04:02:11 [INFO] [Rank 0] Weights loaded.
2026-04-09 04:15:27 [INFO] [Rank 1] Finished. Latency: 796687 ms
2026-04-09 04:15:27 [INFO] [Rank 0] Finished. Latency: 796687 ms
2026-04-09 04:15:27 [INFO] [Rank 2] Finished. Latency: 796687 ms
2026-04-09 04:15:27 [INFO] [Rank 3] Finished. Latency: 796696 ms
2026-04-09 04:15:31 [INFO] Total latency:     796687 ms
2026-04-09 04:15:31 [INFO] Peak 5GB memory:   5010 MB
2026-04-09 04:15:31 [INFO] Avg  5GB memory:   2543 MB
2026-04-09 04:15:31 [INFO] [118/441] Split [27, 9, 2, 2] | Batch: 8 | Microbatch: 4 | Microbatches: 2
2026-04-09 04:15:31 [INFO] Loading WikiText... (SEQ_LEN=64, BATCH=8)
2026-04-09 04:15:49 [INFO] [Rank 2] Loading weights...
2026-04-09 04:15:52 [INFO] [Rank 2] Weights loaded.
2026-04-09 04:15:54 [INFO] [Rank 3] Loading weights...
2026-04-09 04:15:57 [INFO] [Rank 3] Weights loaded.
2026-04-09 04:16:16 [INFO] [Rank 1] Loading weights...
2026-04-09 04:16:23 [INFO] [Rank 1] Weights loaded.
2026-04-09 04:17:30 [INFO] [Rank 0] Loading weights...
2026-04-09 04:17:43 [INFO] [Rank 0] Weights loaded.
2026-04-09 04:19:24 [INFO] [Rank 0] Finished. Latency: 100806 ms
2026-04-09 04:19:24 [INFO] [Rank 1] Finished. Latency: 100806 ms
2026-04-09 04:19:24 [INFO] [Rank 2] Finished. Latency: 100806 ms
2026-04-09 04:19:24 [INFO] [Rank 3] Finished. Latency: 100820 ms
2026-04-09 04:19:28 [INFO] Total latency:     100806 ms
2026-04-09 04:19:28 [INFO] Peak 5GB memory:   6070 MB
2026-04-09 04:19:28 [INFO] Avg  5GB memory:   3349 MB
2026-04-09 04:19:28 [INFO] [119/441] Split [27, 9, 2, 2] | Batch: 8 | Microbatch: 2 | Microbatches: 4
2026-04-09 04:19:28 [INFO] Loading WikiText... (SEQ_LEN=64, BATCH=8)
2026-04-09 04:19:46 [INFO] [Rank 2] Loading weights...
2026-04-09 04:19:49 [INFO] [Rank 2] Weights loaded.
2026-04-09 04:19:50 [INFO] [Rank 3] Loading weights...
2026-04-09 04:19:54 [INFO] [Rank 3] Weights loaded.
2026-04-09 04:20:13 [INFO] [Rank 1] Loading weights...
2026-04-09 04:20:20 [INFO] [Rank 1] Weights loaded.
2026-04-09 04:21:26 [INFO] [Rank 0] Loading weights...
2026-04-09 04:21:40 [INFO] [Rank 0] Weights loaded.
2026-04-09 04:24:59 [INFO] [Rank 2] Finished. Latency: 198981 ms
2026-04-09 04:24:59 [INFO] [Rank 1] Finished. Latency: 198981 ms
2026-04-09 04:24:59 [INFO] [Rank 0] Finished. Latency: 198981 ms
2026-04-09 04:24:59 [INFO] [Rank 3] Finished. Latency: 198994 ms
2026-04-09 04:25:03 [INFO] Total latency:     198981 ms
2026-04-09 04:25:03 [INFO] Peak 5GB memory:   6070 MB
2026-04-09 04:25:03 [INFO] Avg  5GB memory:   3419 MB
2026-04-09 04:25:03 [INFO] [120/441] Split [27, 9, 2, 2] | Batch: 16 | Microbatch: 8 | Microbatches: 2
2026-04-09 04:25:03 [INFO] Loading WikiText... (SEQ_LEN=64, BATCH=16)
2026-04-09 04:25:21 [INFO] [Rank 2] Loading weights...
2026-04-09 04:25:24 [INFO] [Rank 2] Weights loaded.
2026-04-09 04:25:26 [INFO] [Rank 3] Loading weights...
2026-04-09 04:25:29 [INFO] [Rank 3] Weights loaded.
2026-04-09 04:25:48 [INFO] [Rank 1] Loading weights...
2026-04-09 04:25:55 [INFO] [Rank 1] Weights loaded.
2026-04-09 04:27:02 [INFO] [Rank 0] Loading weights...
2026-04-09 04:27:15 [INFO] [Rank 0] Weights loaded.
2026-04-09 04:28:59 [INFO] [Rank 2] Finished. Latency: 103876 ms
2026-04-09 04:28:59 [INFO] [Rank 1] Finished. Latency: 103876 ms
2026-04-09 04:28:59 [INFO] [Rank 0] Finished. Latency: 103876 ms
2026-04-09 04:28:59 [INFO] [Rank 3] Finished. Latency: 103890 ms
2026-04-09 04:29:03 [INFO] Total latency:     103876 ms
2026-04-09 04:29:03 [INFO] Peak 5GB memory:   4790 MB
2026-04-09 04:29:03 [INFO] Avg  5GB memory:   3380 MB
2026-04-09 04:29:03 [INFO] [121/441] Split [27, 9, 2, 2] | Batch: 16 | Microbatch: 4 | Microbatches: 4
2026-04-09 04:29:03 [INFO] Loading WikiText... (SEQ_LEN=64, BATCH=16)
2026-04-09 04:29:21 [INFO] [Rank 2] Loading weights...
2026-04-09 04:29:24 [INFO] [Rank 2] Weights loaded.
2026-04-09 04:29:26 [INFO] [Rank 3] Loading weights...
2026-04-09 04:29:30 [INFO] [Rank 3] Weights loaded.
2026-04-09 04:29:48 [INFO] [Rank 1] Loading weights...
2026-04-09 04:29:55 [INFO] [Rank 1] Weights loaded.
2026-04-09 04:31:02 [INFO] [Rank 0] Loading weights...
2026-04-09 04:31:16 [INFO] [Rank 0] Weights loaded.
2026-04-09 04:34:38 [INFO] [Rank 1] Finished. Latency: 202334 ms
2026-04-09 04:34:38 [INFO] [Rank 2] Finished. Latency: 202334 ms
2026-04-09 04:34:38 [INFO] [Rank 0] Finished. Latency: 202334 ms
2026-04-09 04:34:38 [INFO] [Rank 3] Finished. Latency: 202347 ms
2026-04-09 04:34:42 [INFO] Total latency:     202334 ms
2026-04-09 04:34:42 [INFO] Peak 5GB memory:   6070 MB
2026-04-09 04:34:42 [INFO] Avg  5GB memory:   3438 MB
2026-04-09 04:34:42 [INFO] [122/441] Split [27, 9, 2, 2] | Batch: 16 | Microbatch: 2 | Microbatches: 8
2026-04-09 04:34:42 [INFO] Loading WikiText... (SEQ_LEN=64, BATCH=16)
2026-04-09 04:35:00 [INFO] [Rank 2] Loading weights...
2026-04-09 04:35:03 [INFO] [Rank 2] Weights loaded.
2026-04-09 04:35:05 [INFO] [Rank 3] Loading weights...
2026-04-09 04:35:09 [INFO] [Rank 3] Weights loaded.
2026-04-09 04:35:28 [INFO] [Rank 1] Loading weights...
2026-04-09 04:35:35 [INFO] [Rank 1] Weights loaded.
2026-04-09 04:36:41 [INFO] [Rank 0] Loading weights...
2026-04-09 04:36:55 [INFO] [Rank 0] Weights loaded.
2026-04-09 04:43:25 [INFO] [Rank 2] Finished. Latency: 390162 ms
2026-04-09 04:43:25 [INFO] [Rank 1] Finished. Latency: 390162 ms
2026-04-09 04:43:25 [INFO] [Rank 0] Finished. Latency: 390162 ms
2026-04-09 04:43:25 [INFO] [Rank 3] Finished. Latency: 390175 ms
2026-04-09 04:43:29 [INFO] Total latency:     390162 ms
2026-04-09 04:43:29 [INFO] Peak 5GB memory:   6070 MB
2026-04-09 04:43:29 [INFO] Avg  5GB memory:   3508 MB
2026-04-09 04:43:29 [INFO] [123/441] Split [27, 9, 2, 2] | Batch: 32 | Microbatch: 16 | Microbatches: 2
2026-04-09 04:43:29 [INFO] Loading WikiText... (SEQ_LEN=64, BATCH=32)
2026-04-09 04:43:47 [INFO] [Rank 2] Loading weights...
2026-04-09 04:43:50 [INFO] [Rank 2] Weights loaded.
2026-04-09 04:43:52 [INFO] [Rank 3] Loading weights...
2026-04-09 04:43:55 [INFO] [Rank 3] Weights loaded.
2026-04-09 04:44:14 [INFO] [Rank 1] Loading weights...
2026-04-09 04:44:21 [INFO] [Rank 1] Weights loaded.
2026-04-09 04:45:28 [INFO] [Rank 0] Loading weights...
2026-04-09 04:45:41 [INFO] [Rank 0] Weights loaded.
2026-04-09 04:47:32 [INFO] [Rank 1] Finished. Latency: 111134 ms
2026-04-09 04:47:32 [INFO] [Rank 2] Finished. Latency: 111134 ms
2026-04-09 04:47:32 [INFO] [Rank 0] Finished. Latency: 111134 ms
2026-04-09 04:47:32 [INFO] [Rank 3] Finished. Latency: 111150 ms
2026-04-09 04:47:36 [INFO] Total latency:     111134 ms
2026-04-09 04:47:36 [INFO] Peak 5GB memory:   6070 MB
2026-04-09 04:47:36 [INFO] Avg  5GB memory:   3483 MB
2026-04-09 04:47:36 [INFO] [124/441] Split [27, 9, 2, 2] | Batch: 32 | Microbatch: 8 | Microbatches: 4
2026-04-09 04:47:36 [INFO] Loading WikiText... (SEQ_LEN=64, BATCH=32)
2026-04-09 04:47:54 [INFO] [Rank 2] Loading weights...
2026-04-09 04:47:57 [INFO] [Rank 2] Weights loaded.
2026-04-09 04:47:59 [INFO] [Rank 3] Loading weights...
2026-04-09 04:48:03 [INFO] [Rank 3] Weights loaded.
2026-04-09 04:48:21 [INFO] [Rank 1] Loading weights...
2026-04-09 04:48:28 [INFO] [Rank 1] Weights loaded.
2026-04-09 04:49:35 [INFO] [Rank 0] Loading weights...
2026-04-09 04:49:48 [INFO] [Rank 0] Weights loaded.
2026-04-09 04:53:15 [INFO] [Rank 1] Finished. Latency: 206343 ms
2026-04-09 04:53:15 [INFO] [Rank 2] Finished. Latency: 206343 ms
2026-04-09 04:53:15 [INFO] [Rank 0] Finished. Latency: 206343 ms
2026-04-09 04:53:15 [INFO] [Rank 3] Finished. Latency: 206357 ms
2026-04-09 04:53:19 [INFO] Total latency:     206343 ms
2026-04-09 04:53:19 [INFO] Peak 5GB memory:   4790 MB
2026-04-09 04:53:19 [INFO] Avg  5GB memory:   3511 MB
2026-04-09 04:53:19 [INFO] [125/441] Split [27, 9, 2, 2] | Batch: 32 | Microbatch: 4 | Microbatches: 8
2026-04-09 04:53:19 [INFO] Loading WikiText... (SEQ_LEN=64, BATCH=32)
2026-04-09 04:53:37 [INFO] [Rank 2] Loading weights...
2026-04-09 04:53:39 [INFO] [Rank 2] Weights loaded.
2026-04-09 04:53:41 [INFO] [Rank 3] Loading weights...
2026-04-09 04:53:45 [INFO] [Rank 3] Weights loaded.
2026-04-09 04:54:04 [INFO] [Rank 1] Loading weights...
2026-04-09 04:54:10 [INFO] [Rank 1] Weights loaded.
2026-04-09 04:55:18 [INFO] [Rank 0] Loading weights...
2026-04-09 04:55:31 [INFO] [Rank 0] Weights loaded.
2026-04-09 05:02:09 [INFO] [Rank 2] Finished. Latency: 397604 ms
2026-04-09 05:02:09 [INFO] [Rank 1] Finished. Latency: 397604 ms
2026-04-09 05:02:09 [INFO] [Rank 0] Finished. Latency: 397604 ms
2026-04-09 05:02:09 [INFO] [Rank 3] Finished. Latency: 397618 ms
2026-04-09 05:02:13 [INFO] Total latency:     397604 ms
2026-04-09 05:02:13 [INFO] Peak 5GB memory:   6070 MB
2026-04-09 05:02:13 [INFO] Avg  5GB memory:   3567 MB
2026-04-09 05:02:13 [INFO] [126/441] Split [27, 9, 2, 2] | Batch: 32 | Microbatch: 2 | Microbatches: 16
2026-04-09 05:02:13 [INFO] Loading WikiText... (SEQ_LEN=64, BATCH=32)
2026-04-09 05:02:31 [INFO] [Rank 2] Loading weights...
2026-04-09 05:02:34 [INFO] [Rank 2] Weights loaded.
2026-04-09 05:02:36 [INFO] [Rank 3] Loading weights...
2026-04-09 05:02:39 [INFO] [Rank 3] Weights loaded.
2026-04-09 05:02:58 [INFO] [Rank 1] Loading weights...
2026-04-09 05:03:05 [INFO] [Rank 1] Weights loaded.
2026-04-09 05:04:11 [INFO] [Rank 0] Loading weights...
2026-04-09 05:04:25 [INFO] [Rank 0] Weights loaded.
2026-04-09 05:17:22 [INFO] [Rank 0] Finished. Latency: 777668 ms
2026-04-09 05:17:22 [INFO] [Rank 1] Finished. Latency: 777668 ms
2026-04-09 05:17:22 [INFO] [Rank 2] Finished. Latency: 777668 ms
2026-04-09 05:17:22 [INFO] [Rank 3] Finished. Latency: 777681 ms
2026-04-09 05:17:26 [INFO] Total latency:     777668 ms
2026-04-09 05:17:26 [INFO] Peak 5GB memory:   4790 MB
2026-04-09 05:17:26 [INFO] Avg  5GB memory:   3626 MB
2026-04-09 05:17:26 [INFO] [127/441] Split [27, 9, 3, 1] | Batch: 8 | Microbatch: 4 | Microbatches: 2
2026-04-09 05:17:26 [INFO] Loading WikiText... (SEQ_LEN=64, BATCH=8)
2026-04-09 05:17:45 [INFO] [Rank 3] Loading weights...
2026-04-09 05:17:48 [INFO] [Rank 3] Weights loaded.
2026-04-09 05:17:48 [INFO] [Rank 2] Loading weights...
2026-04-09 05:17:52 [INFO] [Rank 2] Weights loaded.
2026-04-09 05:18:12 [INFO] [Rank 1] Loading weights...
2026-04-09 05:18:18 [INFO] [Rank 1] Weights loaded.
2026-04-09 05:19:25 [INFO] [Rank 0] Loading weights...
2026-04-09 05:19:39 [INFO] [Rank 0] Weights loaded.
2026-04-09 05:21:20 [INFO] [Rank 2] Finished. Latency: 100787 ms
2026-04-09 05:21:20 [INFO] [Rank 1] Finished. Latency: 100788 ms
2026-04-09 05:21:20 [INFO] [Rank 0] Finished. Latency: 100788 ms
2026-04-09 05:21:20 [INFO] [Rank 3] Finished. Latency: 100797 ms
2026-04-09 05:21:24 [INFO] Total latency:     100788 ms
2026-04-09 05:21:24 [INFO] Peak 5GB memory:   5010 MB
2026-04-09 05:21:24 [INFO] Avg  5GB memory:   2369 MB
2026-04-09 05:21:24 [INFO] [128/441] Split [27, 9, 3, 1] | Batch: 8 | Microbatch: 2 | Microbatches: 4
2026-04-09 05:21:24 [INFO] Loading WikiText... (SEQ_LEN=64, BATCH=8)
2026-04-09 05:21:42 [INFO] [Rank 3] Loading weights...
2026-04-09 05:21:45 [INFO] [Rank 2] Loading weights...
2026-04-09 05:21:45 [INFO] [Rank 3] Weights loaded.
2026-04-09 05:21:48 [INFO] [Rank 2] Weights loaded.
2026-04-09 05:22:08 [INFO] [Rank 1] Loading weights...
2026-04-09 05:22:15 [INFO] [Rank 1] Weights loaded.
2026-04-09 05:23:22 [INFO] [Rank 0] Loading weights...
2026-04-09 05:23:35 [INFO] [Rank 0] Weights loaded.
2026-04-09 05:26:52 [INFO] [Rank 1] Finished. Latency: 196169 ms
2026-04-09 05:26:52 [INFO] [Rank 2] Finished. Latency: 196169 ms
2026-04-09 05:26:52 [INFO] [Rank 0] Finished. Latency: 196169 ms
2026-04-09 05:26:52 [INFO] [Rank 3] Finished. Latency: 196178 ms
2026-04-09 05:26:56 [INFO] Total latency:     196169 ms
2026-04-09 05:26:56 [INFO] Peak 5GB memory:   3730 MB
2026-04-09 05:26:56 [INFO] Avg  5GB memory:   2410 MB
2026-04-09 05:26:56 [INFO] [129/441] Split [27, 9, 3, 1] | Batch: 16 | Microbatch: 8 | Microbatches: 2
2026-04-09 05:26:56 [INFO] Loading WikiText... (SEQ_LEN=64, BATCH=16)
2026-04-09 05:27:14 [INFO] [Rank 3] Loading weights...
2026-04-09 05:27:17 [INFO] [Rank 2] Loading weights...
2026-04-09 05:27:17 [INFO] [Rank 3] Weights loaded.
2026-04-09 05:27:20 [INFO] [Rank 2] Weights loaded.
2026-04-09 05:27:40 [INFO] [Rank 1] Loading weights...
2026-04-09 05:27:47 [INFO] [Rank 1] Weights loaded.
2026-04-09 05:28:54 [INFO] [Rank 0] Loading weights...
2026-04-09 05:29:07 [INFO] [Rank 0] Weights loaded.
2026-04-09 05:30:52 [INFO] [Rank 2] Finished. Latency: 104182 ms
2026-04-09 05:30:52 [INFO] [Rank 1] Finished. Latency: 104182 ms
2026-04-09 05:30:52 [INFO] [Rank 0] Finished. Latency: 104182 ms
2026-04-09 05:30:52 [INFO] [Rank 3] Finished. Latency: 104191 ms
2026-04-09 05:30:56 [INFO] Total latency:     104182 ms
2026-04-09 05:30:56 [INFO] Peak 5GB memory:   5010 MB
2026-04-09 05:30:56 [INFO] Avg  5GB memory:   2417 MB
2026-04-09 05:30:56 [INFO] [130/441] Split [27, 9, 3, 1] | Batch: 16 | Microbatch: 4 | Microbatches: 4
2026-04-09 05:30:56 [INFO] Loading WikiText... (SEQ_LEN=64, BATCH=16)
2026-04-09 05:31:14 [INFO] [Rank 3] Loading weights...
2026-04-09 05:31:17 [INFO] [Rank 3] Weights loaded.
2026-04-09 05:31:17 [INFO] [Rank 2] Loading weights...
2026-04-09 05:31:20 [INFO] [Rank 2] Weights loaded.
2026-04-09 05:31:40 [INFO] [Rank 1] Loading weights...
2026-04-09 05:31:46 [INFO] [Rank 1] Weights loaded.
2026-04-09 05:32:54 [INFO] [Rank 0] Loading weights...
2026-04-09 05:33:07 [INFO] [Rank 0] Weights loaded.
2026-04-09 05:36:27 [INFO] [Rank 1] Finished. Latency: 199869 ms
2026-04-09 05:36:27 [INFO] [Rank 2] Finished. Latency: 199869 ms
2026-04-09 05:36:27 [INFO] [Rank 0] Finished. Latency: 199869 ms
2026-04-09 05:36:27 [INFO] [Rank 3] Finished. Latency: 199878 ms
2026-04-09 05:36:31 [INFO] Total latency:     199869 ms
2026-04-09 05:36:31 [INFO] Peak 5GB memory:   5010 MB
2026-04-09 05:36:31 [INFO] Avg  5GB memory:   2440 MB
2026-04-09 05:36:31 [INFO] [131/441] Split [27, 9, 3, 1] | Batch: 16 | Microbatch: 2 | Microbatches: 8
2026-04-09 05:36:31 [INFO] Loading WikiText... (SEQ_LEN=64, BATCH=16)
2026-04-09 05:36:50 [INFO] [Rank 3] Loading weights...
2026-04-09 05:36:53 [INFO] [Rank 3] Weights loaded.
2026-04-09 05:36:53 [INFO] [Rank 2] Loading weights...
2026-04-09 05:36:57 [INFO] [Rank 2] Weights loaded.
2026-04-09 05:37:16 [INFO] [Rank 1] Loading weights...
2026-04-09 05:37:23 [INFO] [Rank 1] Weights loaded.
2026-04-09 05:38:30 [INFO] [Rank 0] Loading weights...
2026-04-09 05:38:43 [INFO] [Rank 0] Weights loaded.
2026-04-09 05:45:14 [INFO] [Rank 1] Finished. Latency: 390316 ms
2026-04-09 05:45:14 [INFO] [Rank 2] Finished. Latency: 390316 ms
2026-04-09 05:45:14 [INFO] [Rank 0] Finished. Latency: 390316 ms
2026-04-09 05:45:14 [INFO] [Rank 3] Finished. Latency: 390325 ms
2026-04-09 05:45:18 [INFO] Total latency:     390316 ms
2026-04-09 05:45:18 [INFO] Peak 5GB memory:   5010 MB
2026-04-09 05:45:18 [INFO] Avg  5GB memory:   2470 MB
2026-04-09 05:45:18 [INFO] [132/441] Split [27, 9, 3, 1] | Batch: 32 | Microbatch: 16 | Microbatches: 2
2026-04-09 05:45:18 [INFO] Loading WikiText... (SEQ_LEN=64, BATCH=32)
2026-04-09 05:45:37 [INFO] [Rank 3] Loading weights...
2026-04-09 05:45:40 [INFO] [Rank 2] Loading weights...
2026-04-09 05:45:40 [INFO] [Rank 3] Weights loaded.
2026-04-09 05:45:43 [INFO] [Rank 2] Weights loaded.
2026-04-09 05:46:04 [INFO] [Rank 1] Loading weights...
2026-04-09 05:46:10 [INFO] [Rank 1] Weights loaded.
2026-04-09 05:47:17 [INFO] [Rank 0] Loading weights...
2026-04-09 05:47:30 [INFO] [Rank 0] Weights loaded.
2026-04-09 05:49:21 [INFO] [Rank 2] Finished. Latency: 111075 ms
2026-04-09 05:49:21 [INFO] [Rank 1] Finished. Latency: 111075 ms
2026-04-09 05:49:21 [INFO] [Rank 0] Finished. Latency: 111075 ms
2026-04-09 05:49:21 [INFO] [Rank 3] Finished. Latency: 111085 ms
2026-04-09 05:49:25 [INFO] Total latency:     111075 ms
2026-04-09 05:49:25 [INFO] Peak 5GB memory:   5010 MB
2026-04-09 05:49:25 [INFO] Avg  5GB memory:   2510 MB
2026-04-09 05:49:25 [INFO] [133/441] Split [27, 9, 3, 1] | Batch: 32 | Microbatch: 8 | Microbatches: 4
2026-04-09 05:49:25 [INFO] Loading WikiText... (SEQ_LEN=64, BATCH=32)
2026-04-09 05:49:43 [INFO] [Rank 3] Loading weights...
2026-04-09 05:49:46 [INFO] [Rank 3] Weights loaded.
2026-04-09 05:49:47 [INFO] [Rank 2] Loading weights...
2026-04-09 05:49:50 [INFO] [Rank 2] Weights loaded.
2026-04-09 05:50:10 [INFO] [Rank 1] Loading weights...
2026-04-09 05:50:16 [INFO] [Rank 1] Weights loaded.
2026-04-09 05:51:23 [INFO] [Rank 0] Loading weights...
2026-04-09 05:51:36 [INFO] [Rank 0] Weights loaded.
2026-04-09 05:55:03 [INFO] [Rank 2] Finished. Latency: 206653 ms
2026-04-09 05:55:03 [INFO] [Rank 1] Finished. Latency: 206653 ms
2026-04-09 05:55:03 [INFO] [Rank 0] Finished. Latency: 206653 ms
2026-04-09 05:55:03 [INFO] [Rank 3] Finished. Latency: 206663 ms
2026-04-09 05:55:07 [INFO] Total latency:     206653 ms
2026-04-09 05:55:07 [INFO] Peak 5GB memory:   5010 MB
2026-04-09 05:55:07 [INFO] Avg  5GB memory:   2490 MB
2026-04-09 05:55:07 [INFO] [134/441] Split [27, 9, 3, 1] | Batch: 32 | Microbatch: 4 | Microbatches: 8
2026-04-09 05:55:07 [INFO] Loading WikiText... (SEQ_LEN=64, BATCH=32)
2026-04-09 05:55:25 [INFO] [Rank 3] Loading weights...
2026-04-09 05:55:28 [INFO] [Rank 2] Loading weights...
2026-04-09 05:55:28 [INFO] [Rank 3] Weights loaded.
2026-04-09 05:55:32 [INFO] [Rank 2] Weights loaded.
2026-04-09 05:55:52 [INFO] [Rank 1] Loading weights...
2026-04-09 05:55:58 [INFO] [Rank 1] Weights loaded.
2026-04-09 05:57:05 [INFO] [Rank 0] Loading weights...
2026-04-09 05:57:19 [INFO] [Rank 0] Weights loaded.
2026-04-09 06:03:57 [INFO] [Rank 2] Finished. Latency: 397764 ms
2026-04-09 06:03:57 [INFO] [Rank 1] Finished. Latency: 397764 ms
2026-04-09 06:03:57 [INFO] [Rank 0] Finished. Latency: 397764 ms
2026-04-09 06:03:57 [INFO] [Rank 3] Finished. Latency: 397774 ms
2026-04-09 06:04:01 [INFO] Total latency:     397764 ms
2026-04-09 06:04:01 [INFO] Peak 5GB memory:   5010 MB
2026-04-09 06:04:01 [INFO] Avg  5GB memory:   2513 MB
2026-04-09 06:04:01 [INFO] [135/441] Split [27, 9, 3, 1] | Batch: 32 | Microbatch: 2 | Microbatches: 16
2026-04-09 06:04:01 [INFO] Loading WikiText... (SEQ_LEN=64, BATCH=32)
2026-04-09 06:04:19 [INFO] [Rank 3] Loading weights...
2026-04-09 06:04:22 [INFO] [Rank 3] Weights loaded.
2026-04-09 06:04:22 [INFO] [Rank 2] Loading weights...
2026-04-09 06:04:26 [INFO] [Rank 2] Weights loaded.
2026-04-09 06:04:46 [INFO] [Rank 1] Loading weights...
2026-04-09 06:04:52 [INFO] [Rank 1] Weights loaded.
2026-04-09 06:05:59 [INFO] [Rank 0] Loading weights...
2026-04-09 06:06:12 [INFO] [Rank 0] Weights loaded.
2026-04-09 06:19:10 [INFO] [Rank 1] Finished. Latency: 777664 ms
2026-04-09 06:19:10 [INFO] [Rank 0] Finished. Latency: 777664 ms
2026-04-09 06:19:10 [INFO] [Rank 2] Finished. Latency: 777664 ms
2026-04-09 06:19:10 [INFO] [Rank 3] Finished. Latency: 777673 ms
2026-04-09 06:19:14 [INFO] Total latency:     777664 ms
2026-04-09 06:19:14 [INFO] Peak 5GB memory:   5010 MB
2026-04-09 06:19:14 [INFO] Avg  5GB memory:   2543 MB
2026-04-09 06:19:14 [INFO] [136/441] Split [27, 9, 4, 0] | Batch: 8 | Microbatch: 4 | Microbatches: 2
2026-04-09 06:19:14 [INFO] Loading WikiText... (SEQ_LEN=64, BATCH=8)
2026-04-09 06:19:29 [INFO] [Rank 3] Loading weights...
2026-04-09 06:19:31 [INFO] [Rank 3] Weights loaded.
2026-04-09 06:19:40 [INFO] [Rank 2] Loading weights...
2026-04-09 06:19:44 [INFO] [Rank 2] Weights loaded.
2026-04-09 06:20:00 [INFO] [Rank 1] Loading weights...
2026-04-09 06:20:06 [INFO] [Rank 1] Weights loaded.
2026-04-09 06:21:13 [INFO] [Rank 0] Loading weights...
2026-04-09 06:21:26 [INFO] [Rank 0] Weights loaded.
2026-04-09 06:23:07 [INFO] [Rank 0] Finished. Latency: 100696 ms
2026-04-09 06:23:07 [INFO] [Rank 2] Finished. Latency: 100696 ms
2026-04-09 06:23:07 [INFO] [Rank 1] Finished. Latency: 100696 ms
2026-04-09 06:23:07 [INFO] [Rank 3] Finished. Latency: 100701 ms
2026-04-09 06:23:11 [INFO] Total latency:     100696 ms
2026-04-09 06:23:11 [INFO] Peak 5GB memory:   3950 MB
2026-04-09 06:23:11 [INFO] Avg  5GB memory:   1367 MB
2026-04-09 06:23:11 [INFO] [137/441] Split [27, 9, 4, 0] | Batch: 8 | Microbatch: 2 | Microbatches: 4
2026-04-09 06:23:11 [INFO] Loading WikiText... (SEQ_LEN=64, BATCH=8)
2026-04-09 06:23:25 [INFO] [Rank 3] Loading weights...
2026-04-09 06:23:27 [INFO] [Rank 3] Weights loaded.
2026-04-09 06:23:36 [INFO] [Rank 2] Loading weights...
2026-04-09 06:23:39 [INFO] [Rank 2] Weights loaded.
2026-04-09 06:23:55 [INFO] [Rank 1] Loading weights...
2026-04-09 06:24:02 [INFO] [Rank 1] Weights loaded.
2026-04-09 06:25:08 [INFO] [Rank 0] Loading weights...
2026-04-09 06:25:22 [INFO] [Rank 0] Weights loaded.
2026-04-09 06:28:38 [INFO] [Rank 2] Finished. Latency: 195868 ms
2026-04-09 06:28:38 [INFO] [Rank 0] Finished. Latency: 195869 ms
2026-04-09 06:28:38 [INFO] [Rank 1] Finished. Latency: 195869 ms
2026-04-09 06:28:38 [INFO] [Rank 3] Finished. Latency: 195874 ms
2026-04-09 06:28:41 [INFO] Total latency:     195869 ms
2026-04-09 06:28:41 [INFO] Peak 5GB memory:   3950 MB
2026-04-09 06:28:41 [INFO] Avg  5GB memory:   1390 MB
2026-04-09 06:28:41 [INFO] [138/441] Split [27, 9, 4, 0] | Batch: 16 | Microbatch: 8 | Microbatches: 2
2026-04-09 06:28:41 [INFO] Loading WikiText... (SEQ_LEN=64, BATCH=16)
2026-04-09 06:28:56 [INFO] [Rank 3] Loading weights...
2026-04-09 06:28:58 [INFO] [Rank 3] Weights loaded.
2026-04-09 06:29:07 [INFO] [Rank 2] Loading weights...
2026-04-09 06:29:11 [INFO] [Rank 2] Weights loaded.
2026-04-09 06:29:27 [INFO] [Rank 1] Loading weights...
2026-04-09 06:29:33 [INFO] [Rank 1] Weights loaded.
2026-04-09 06:30:40 [INFO] [Rank 0] Loading weights...
2026-04-09 06:30:53 [INFO] [Rank 0] Weights loaded.
2026-04-09 06:32:38 [INFO] [Rank 1] Finished. Latency: 104104 ms
2026-04-09 06:32:38 [INFO] [Rank 0] Finished. Latency: 104104 ms
2026-04-09 06:32:38 [INFO] [Rank 2] Finished. Latency: 104104 ms
2026-04-09 06:32:38 [INFO] [Rank 3] Finished. Latency: 104109 ms
2026-04-09 06:32:42 [INFO] Total latency:     104104 ms
2026-04-09 06:32:42 [INFO] Peak 5GB memory:   3950 MB
2026-04-09 06:32:42 [INFO] Avg  5GB memory:   1372 MB
2026-04-09 06:32:42 [INFO] [139/441] Split [27, 9, 4, 0] | Batch: 16 | Microbatch: 4 | Microbatches: 4
2026-04-09 06:32:42 [INFO] Loading WikiText... (SEQ_LEN=64, BATCH=16)
2026-04-09 06:32:55 [INFO] [Rank 3] Loading weights...
2026-04-09 06:32:58 [INFO] [Rank 3] Weights loaded.
2026-04-09 06:33:06 [INFO] [Rank 2] Loading weights...
2026-04-09 06:33:10 [INFO] [Rank 2] Weights loaded.
2026-04-09 06:33:26 [INFO] [Rank 1] Loading weights...
2026-04-09 06:33:32 [INFO] [Rank 1] Weights loaded.
2026-04-09 06:34:40 [INFO] [Rank 0] Loading weights...
2026-04-09 06:34:53 [INFO] [Rank 0] Weights loaded.
2026-04-09 06:38:13 [INFO] [Rank 2] Finished. Latency: 199720 ms
2026-04-09 06:38:13 [INFO] [Rank 1] Finished. Latency: 199720 ms
2026-04-09 06:38:13 [INFO] [Rank 0] Finished. Latency: 199720 ms
2026-04-09 06:38:13 [INFO] [Rank 3] Finished. Latency: 199725 ms
2026-04-09 06:38:17 [INFO] Total latency:     199720 ms
2026-04-09 06:38:17 [INFO] Peak 5GB memory:   3950 MB
2026-04-09 06:38:17 [INFO] Avg  5GB memory:   1391 MB
2026-04-09 06:38:17 [INFO] [140/441] Split [27, 9, 4, 0] | Batch: 16 | Microbatch: 2 | Microbatches: 8
2026-04-09 06:38:17 [INFO] Loading WikiText... (SEQ_LEN=64, BATCH=16)
2026-04-09 06:38:32 [INFO] [Rank 3] Loading weights...
2026-04-09 06:38:34 [INFO] [Rank 3] Weights loaded.
2026-04-09 06:38:43 [INFO] [Rank 2] Loading weights...
2026-04-09 06:38:46 [INFO] [Rank 2] Weights loaded.
2026-04-09 06:39:03 [INFO] [Rank 1] Loading weights...
2026-04-09 06:39:09 [INFO] [Rank 1] Weights loaded.
2026-04-09 06:40:15 [INFO] [Rank 0] Loading weights...
2026-04-09 06:40:29 [INFO] [Rank 0] Weights loaded.
2026-04-09 06:46:59 [INFO] [Rank 1] Finished. Latency: 389856 ms
2026-04-09 06:46:59 [INFO] [Rank 2] Finished. Latency: 389856 ms
2026-04-09 06:46:59 [INFO] [Rank 0] Finished. Latency: 389856 ms
2026-04-09 06:46:59 [INFO] [Rank 3] Finished. Latency: 389861 ms
2026-04-09 06:47:03 [INFO] Total latency:     389856 ms
2026-04-09 06:47:03 [INFO] Peak 5GB memory:   3950 MB
2026-04-09 06:47:03 [INFO] Avg  5GB memory:   1410 MB
2026-04-09 06:47:03 [INFO] [141/441] Split [27, 9, 4, 0] | Batch: 32 | Microbatch: 16 | Microbatches: 2
2026-04-09 06:47:03 [INFO] Loading WikiText... (SEQ_LEN=64, BATCH=32)
2026-04-09 06:47:17 [INFO] [Rank 3] Loading weights...
2026-04-09 06:47:20 [INFO] [Rank 3] Weights loaded.
2026-04-09 06:47:28 [INFO] [Rank 2] Loading weights...
2026-04-09 06:47:32 [INFO] [Rank 2] Weights loaded.
2026-04-09 06:47:48 [INFO] [Rank 1] Loading weights...
2026-04-09 06:47:55 [INFO] [Rank 1] Weights loaded.
2026-04-09 06:49:01 [INFO] [Rank 0] Loading weights...
2026-04-09 06:49:14 [INFO] [Rank 0] Weights loaded.
2026-04-09 06:51:06 [INFO] [Rank 2] Finished. Latency: 111163 ms
2026-04-09 06:51:06 [INFO] [Rank 1] Finished. Latency: 111163 ms
2026-04-09 06:51:06 [INFO] [Rank 0] Finished. Latency: 111163 ms
2026-04-09 06:51:06 [INFO] [Rank 3] Finished. Latency: 111169 ms
2026-04-09 06:51:09 [INFO] Total latency:     111163 ms
2026-04-09 06:51:09 [INFO] Peak 5GB memory:   3950 MB
2026-04-09 06:51:09 [INFO] Avg  5GB memory:   1392 MB
2026-04-09 06:51:09 [INFO] [142/441] Split [27, 9, 4, 0] | Batch: 32 | Microbatch: 8 | Microbatches: 4
2026-04-09 06:51:09 [INFO] Loading WikiText... (SEQ_LEN=64, BATCH=32)
2026-04-09 06:51:24 [INFO] [Rank 3] Loading weights...
2026-04-09 06:51:26 [INFO] [Rank 3] Weights loaded.
2026-04-09 06:51:35 [INFO] [Rank 2] Loading weights...
2026-04-09 06:51:39 [INFO] [Rank 2] Weights loaded.
2026-04-09 06:51:54 [INFO] [Rank 1] Loading weights...
2026-04-09 06:52:01 [INFO] [Rank 1] Weights loaded.
2026-04-09 06:53:08 [INFO] [Rank 0] Loading weights...
2026-04-09 06:53:22 [INFO] [Rank 0] Weights loaded.
2026-04-09 06:56:48 [INFO] [Rank 1] Finished. Latency: 206547 ms
2026-04-09 06:56:48 [INFO] [Rank 2] Finished. Latency: 206547 ms
2026-04-09 06:56:48 [INFO] [Rank 0] Finished. Latency: 206547 ms
2026-04-09 06:56:48 [INFO] [Rank 3] Finished. Latency: 206553 ms
2026-04-09 06:56:52 [INFO] Total latency:     206547 ms
2026-04-09 06:56:52 [INFO] Peak 5GB memory:   3950 MB
2026-04-09 06:56:52 [INFO] Avg  5GB memory:   1403 MB
2026-04-09 06:56:52 [INFO] [143/441] Split [27, 9, 4, 0] | Batch: 32 | Microbatch: 4 | Microbatches: 8
2026-04-09 06:56:52 [INFO] Loading WikiText... (SEQ_LEN=64, BATCH=32)
2026-04-09 06:57:07 [INFO] [Rank 3] Loading weights...
2026-04-09 06:57:09 [INFO] [Rank 3] Weights loaded.
2026-04-09 06:57:18 [INFO] [Rank 2] Loading weights...
2026-04-09 06:57:22 [INFO] [Rank 2] Weights loaded.
2026-04-09 06:57:37 [INFO] [Rank 1] Loading weights...
2026-04-09 06:57:44 [INFO] [Rank 1] Weights loaded.
2026-04-09 06:58:51 [INFO] [Rank 0] Loading weights...
2026-04-09 06:59:04 [INFO] [Rank 0] Weights loaded.
2026-04-09 07:05:42 [INFO] [Rank 1] Finished. Latency: 397477 ms
2026-04-09 07:05:42 [INFO] [Rank 2] Finished. Latency: 397477 ms
2026-04-09 07:05:42 [INFO] [Rank 0] Finished. Latency: 397477 ms
2026-04-09 07:05:42 [INFO] [Rank 3] Finished. Latency: 397482 ms
2026-04-09 07:05:46 [INFO] Total latency:     397477 ms
2026-04-09 07:05:46 [INFO] Peak 5GB memory:   3950 MB
2026-04-09 07:05:46 [INFO] Avg  5GB memory:   1428 MB
2026-04-09 07:05:46 [INFO] [144/441] Split [27, 9, 4, 0] | Batch: 32 | Microbatch: 2 | Microbatches: 16
2026-04-09 07:05:46 [INFO] Loading WikiText... (SEQ_LEN=64, BATCH=32)
2026-04-09 07:06:00 [INFO] [Rank 3] Loading weights...
2026-04-09 07:06:03 [INFO] [Rank 3] Weights loaded.
2026-04-09 07:06:11 [INFO] [Rank 2] Loading weights...
2026-04-09 07:06:15 [INFO] [Rank 2] Weights loaded.
2026-04-09 07:06:30 [INFO] [Rank 1] Loading weights...
2026-04-09 07:06:37 [INFO] [Rank 1] Weights loaded.
2026-04-09 07:07:44 [INFO] [Rank 0] Loading weights...
2026-04-09 07:07:58 [INFO] [Rank 0] Weights loaded.
2026-04-09 07:20:55 [INFO] [Rank 2] Finished. Latency: 776510 ms
2026-04-09 07:20:55 [INFO] [Rank 1] Finished. Latency: 776510 ms
2026-04-09 07:20:55 [INFO] [Rank 0] Finished. Latency: 776510 ms
2026-04-09 07:20:55 [INFO] [Rank 3] Finished. Latency: 776515 ms
2026-04-09 07:20:58 [INFO] Total latency:     776510 ms
2026-04-09 07:20:58 [INFO] Peak 5GB memory:   2670 MB
2026-04-09 07:20:58 [INFO] Avg  5GB memory:   1426 MB
2026-04-09 07:20:58 [INFO] [145/441] Split [27, 10, 2, 1] | Batch: 8 | Microbatch: 4 | Microbatches: 2
2026-04-09 07:20:58 [INFO] Loading WikiText... (SEQ_LEN=64, BATCH=8)
2026-04-09 07:21:16 [INFO] [Rank 2] Loading weights...
2026-04-09 07:21:17 [INFO] [Rank 3] Loading weights...
2026-04-09 07:21:19 [INFO] [Rank 2] Weights loaded.
2026-04-09 07:21:20 [INFO] [Rank 3] Weights loaded.
2026-04-09 07:21:47 [INFO] [Rank 1] Loading weights...
2026-04-09 07:21:54 [INFO] [Rank 1] Weights loaded.
2026-04-09 07:22:56 [INFO] [Rank 0] Loading weights...
2026-04-09 07:23:10 [INFO] [Rank 0] Weights loaded.
2026-04-09 07:24:48 [INFO] [Rank 2] Finished. Latency: 98419 ms
2026-04-09 07:24:48 [INFO] [Rank 1] Finished. Latency: 98419 ms
2026-04-09 07:24:48 [INFO] [Rank 0] Finished. Latency: 98419 ms
2026-04-09 07:24:48 [INFO] [Rank 3] Finished. Latency: 98428 ms
2026-04-09 07:24:52 [INFO] Total latency:     98419 ms
2026-04-09 07:24:52 [INFO] Peak 5GB memory:   5010 MB
2026-04-09 07:24:52 [INFO] Avg  5GB memory:   2376 MB
2026-04-09 07:24:52 [INFO] [146/441] Split [27, 10, 2, 1] | Batch: 8 | Microbatch: 2 | Microbatches: 4
2026-04-09 07:24:52 [INFO] Loading WikiText... (SEQ_LEN=64, BATCH=8)
2026-04-09 07:25:09 [INFO] [Rank 2] Loading weights...
2026-04-09 07:25:10 [INFO] [Rank 3] Loading weights...
2026-04-09 07:25:12 [INFO] [Rank 2] Weights loaded.
2026-04-09 07:25:13 [INFO] [Rank 3] Weights loaded.
2026-04-09 07:25:40 [INFO] [Rank 1] Loading weights...
2026-04-09 07:25:47 [INFO] [Rank 1] Weights loaded.
2026-04-09 07:26:50 [INFO] [Rank 0] Loading weights...
2026-04-09 07:27:03 [INFO] [Rank 0] Weights loaded.
2026-04-09 07:30:14 [INFO] [Rank 2] Finished. Latency: 191400 ms
2026-04-09 07:30:14 [INFO] [Rank 1] Finished. Latency: 191400 ms
2026-04-09 07:30:14 [INFO] [Rank 0] Finished. Latency: 191400 ms
2026-04-09 07:30:14 [INFO] [Rank 3] Finished. Latency: 191409 ms
2026-04-09 07:30:18 [INFO] Total latency:     191400 ms
2026-04-09 07:30:18 [INFO] Peak 5GB memory:   5010 MB
2026-04-09 07:30:18 [INFO] Avg  5GB memory:   2415 MB
2026-04-09 07:30:18 [INFO] [147/441] Split [27, 10, 2, 1] | Batch: 16 | Microbatch: 8 | Microbatches: 2
2026-04-09 07:30:18 [INFO] Loading WikiText... (SEQ_LEN=64, BATCH=16)
2026-04-09 07:30:36 [INFO] [Rank 2] Loading weights...
2026-04-09 07:30:37 [INFO] [Rank 3] Loading weights...
2026-04-09 07:30:39 [INFO] [Rank 2] Weights loaded.
2026-04-09 07:30:40 [INFO] [Rank 3] Weights loaded.
2026-04-09 07:31:07 [INFO] [Rank 1] Loading weights...
2026-04-09 07:31:14 [INFO] [Rank 1] Weights loaded.
2026-04-09 07:32:17 [INFO] [Rank 0] Loading weights...
2026-04-09 07:32:31 [INFO] [Rank 0] Weights loaded.
2026-04-09 07:34:12 [INFO] [Rank 1] Finished. Latency: 101602 ms
2026-04-09 07:34:12 [INFO] [Rank 2] Finished. Latency: 101602 ms
2026-04-09 07:34:12 [INFO] [Rank 0] Finished. Latency: 101602 ms
2026-04-09 07:34:12 [INFO] [Rank 3] Finished. Latency: 101612 ms
2026-04-09 07:34:16 [INFO] Total latency:     101602 ms
2026-04-09 07:34:16 [INFO] Peak 5GB memory:   3730 MB
2026-04-09 07:34:16 [INFO] Avg  5GB memory:   2399 MB
2026-04-09 07:34:16 [INFO] [148/441] Split [27, 10, 2, 1] | Batch: 16 | Microbatch: 4 | Microbatches: 4
2026-04-09 07:34:16 [INFO] Loading WikiText... (SEQ_LEN=64, BATCH=16)
2026-04-09 07:34:34 [INFO] [Rank 2] Loading weights...
2026-04-09 07:34:35 [INFO] [Rank 3] Loading weights...
2026-04-09 07:34:36 [INFO] [Rank 2] Weights loaded.
2026-04-09 07:34:38 [INFO] [Rank 3] Weights loaded.
2026-04-09 07:35:05 [INFO] [Rank 1] Loading weights...
2026-04-09 07:35:12 [INFO] [Rank 1] Weights loaded.
2026-04-09 07:36:14 [INFO] [Rank 0] Loading weights...
2026-04-09 07:36:27 [INFO] [Rank 0] Weights loaded.
2026-04-09 07:39:42 [INFO] [Rank 2] Finished. Latency: 194934 ms
2026-04-09 07:39:42 [INFO] [Rank 1] Finished. Latency: 194934 ms
2026-04-09 07:39:42 [INFO] [Rank 0] Finished. Latency: 194934 ms
2026-04-09 07:39:42 [INFO] [Rank 3] Finished. Latency: 194943 ms
2026-04-09 07:39:46 [INFO] Total latency:     194934 ms
2026-04-09 07:39:46 [INFO] Peak 5GB memory:   5010 MB
2026-04-09 07:39:46 [INFO] Avg  5GB memory:   2434 MB
2026-04-09 07:39:46 [INFO] [149/441] Split [27, 10, 2, 1] | Batch: 16 | Microbatch: 2 | Microbatches: 8
2026-04-09 07:39:46 [INFO] Loading WikiText... (SEQ_LEN=64, BATCH=16)
2026-04-09 07:40:04 [INFO] [Rank 2] Loading weights...
2026-04-09 07:40:05 [INFO] [Rank 3] Loading weights...
2026-04-09 07:40:07 [INFO] [Rank 2] Weights loaded.
2026-04-09 07:40:08 [INFO] [Rank 3] Weights loaded.
2026-04-09 07:40:36 [INFO] [Rank 1] Loading weights...
2026-04-09 07:40:42 [INFO] [Rank 1] Weights loaded.
2026-04-09 07:41:45 [INFO] [Rank 0] Loading weights...
2026-04-09 07:41:59 [INFO] [Rank 0] Weights loaded.
2026-04-09 07:48:19 [INFO] [Rank 2] Finished. Latency: 380213 ms
2026-04-09 07:48:19 [INFO] [Rank 1] Finished. Latency: 380213 ms
2026-04-09 07:48:19 [INFO] [Rank 0] Finished. Latency: 380213 ms
2026-04-09 07:48:19 [INFO] [Rank 3] Finished. Latency: 380222 ms
2026-04-09 07:48:23 [INFO] Total latency:     380213 ms
2026-04-09 07:48:23 [INFO] Peak 5GB memory:   5010 MB
2026-04-09 07:48:23 [INFO] Avg  5GB memory:   2470 MB
2026-04-09 07:48:23 [INFO] [150/441] Split [27, 10, 2, 1] | Batch: 32 | Microbatch: 16 | Microbatches: 2
2026-04-09 07:48:23 [INFO] Loading WikiText... (SEQ_LEN=64, BATCH=32)
2026-04-09 07:48:41 [INFO] [Rank 2] Loading weights...
2026-04-09 07:48:42 [INFO] [Rank 3] Loading weights...
2026-04-09 07:48:44 [INFO] [Rank 2] Weights loaded.
2026-04-09 07:48:45 [INFO] [Rank 3] Weights loaded.
2026-04-09 07:49:12 [INFO] [Rank 1] Loading weights...
2026-04-09 07:49:19 [INFO] [Rank 1] Weights loaded.
2026-04-09 07:50:22 [INFO] [Rank 0] Loading weights...
2026-04-09 07:50:36 [INFO] [Rank 0] Weights loaded.
2026-04-09 07:52:24 [INFO] [Rank 2] Finished. Latency: 108283 ms
2026-04-09 07:52:24 [INFO] [Rank 1] Finished. Latency: 108283 ms
2026-04-09 07:52:24 [INFO] [Rank 0] Finished. Latency: 108283 ms
2026-04-09 07:52:24 [INFO] [Rank 3] Finished. Latency: 108293 ms
2026-04-09 07:52:28 [INFO] Total latency:     108283 ms
2026-04-09 07:52:28 [INFO] Peak 5GB memory:   5010 MB
2026-04-09 07:52:28 [INFO] Avg  5GB memory:   2500 MB
2026-04-09 07:52:28 [INFO] [151/441] Split [27, 10, 2, 1] | Batch: 32 | Microbatch: 8 | Microbatches: 4
2026-04-09 07:52:28 [INFO] Loading WikiText... (SEQ_LEN=64, BATCH=32)
2026-04-09 07:52:45 [INFO] [Rank 2] Loading weights...
2026-04-09 07:52:46 [INFO] [Rank 3] Loading weights...
2026-04-09 07:52:48 [INFO] [Rank 2] Weights loaded.
2026-04-09 07:52:49 [INFO] [Rank 3] Weights loaded.
2026-04-09 07:53:16 [INFO] [Rank 1] Loading weights...
2026-04-09 07:53:23 [INFO] [Rank 1] Weights loaded.
2026-04-09 07:54:26 [INFO] [Rank 0] Loading weights...
2026-04-09 07:54:40 [INFO] [Rank 0] Weights loaded.
2026-04-09 07:58:02 [INFO] [Rank 1] Finished. Latency: 201474 ms
2026-04-09 07:58:02 [INFO] [Rank 2] Finished. Latency: 201474 ms
2026-04-09 07:58:02 [INFO] [Rank 0] Finished. Latency: 201474 ms
2026-04-09 07:58:02 [INFO] [Rank 3] Finished. Latency: 201484 ms
2026-04-09 07:58:06 [INFO] Total latency:     201474 ms
2026-04-09 07:58:06 [INFO] Peak 5GB memory:   5010 MB
2026-04-09 07:58:06 [INFO] Avg  5GB memory:   2488 MB
2026-04-09 07:58:06 [INFO] [152/441] Split [27, 10, 2, 1] | Batch: 32 | Microbatch: 4 | Microbatches: 8
2026-04-09 07:58:06 [INFO] Loading WikiText... (SEQ_LEN=64, BATCH=32)
2026-04-09 07:58:23 [INFO] [Rank 2] Loading weights...
2026-04-09 07:58:24 [INFO] [Rank 3] Loading weights...
2026-04-09 07:58:26 [INFO] [Rank 2] Weights loaded.
2026-04-09 07:58:27 [INFO] [Rank 3] Weights loaded.
2026-04-09 07:58:55 [INFO] [Rank 1] Loading weights...
2026-04-09 07:59:01 [INFO] [Rank 1] Weights loaded.
2026-04-09 08:00:04 [INFO] [Rank 0] Loading weights...
2026-04-09 08:00:18 [INFO] [Rank 0] Weights loaded.
2026-04-09 08:06:45 [INFO] [Rank 2] Finished. Latency: 387611 ms
2026-04-09 08:06:45 [INFO] [Rank 1] Finished. Latency: 387611 ms
2026-04-09 08:06:45 [INFO] [Rank 0] Finished. Latency: 387611 ms
2026-04-09 08:06:45 [INFO] [Rank 3] Finished. Latency: 387621 ms
2026-04-09 08:06:49 [INFO] Total latency:     387611 ms
2026-04-09 08:06:49 [INFO] Peak 5GB memory:   5010 MB
2026-04-09 08:06:49 [INFO] Avg  5GB memory:   2509 MB
2026-04-09 08:06:49 [INFO] [153/441] Split [27, 10, 2, 1] | Batch: 32 | Microbatch: 2 | Microbatches: 16
2026-04-09 08:06:49 [INFO] Loading WikiText... (SEQ_LEN=64, BATCH=32)
2026-04-09 08:07:07 [INFO] [Rank 2] Loading weights...
2026-04-09 08:07:08 [INFO] [Rank 3] Loading weights...
2026-04-09 08:07:10 [INFO] [Rank 2] Weights loaded.
2026-04-09 08:07:11 [INFO] [Rank 3] Weights loaded.
2026-04-09 08:07:38 [INFO] [Rank 1] Loading weights...
2026-04-09 08:07:45 [INFO] [Rank 1] Weights loaded.
2026-04-09 08:08:48 [INFO] [Rank 0] Loading weights...
2026-04-09 08:09:02 [INFO] [Rank 0] Weights loaded.
2026-04-09 08:21:40 [INFO] [Rank 2] Finished. Latency: 758054 ms
2026-04-09 08:21:40 [INFO] [Rank 1] Finished. Latency: 758054 ms
2026-04-09 08:21:40 [INFO] [Rank 0] Finished. Latency: 758054 ms
2026-04-09 08:21:40 [INFO] [Rank 3] Finished. Latency: 758063 ms
2026-04-09 08:21:44 [INFO] Total latency:     758054 ms
2026-04-09 08:21:44 [INFO] Peak 5GB memory:   5010 MB
2026-04-09 08:21:44 [INFO] Avg  5GB memory:   2541 MB
2026-04-09 08:21:44 [INFO] [154/441] Split [27, 10, 3, 0] | Batch: 8 | Microbatch: 4 | Microbatches: 2
2026-04-09 08:21:44 [INFO] Loading WikiText... (SEQ_LEN=64, BATCH=8)
2026-04-09 08:21:58 [INFO] [Rank 3] Loading weights...
2026-04-09 08:22:00 [INFO] [Rank 3] Weights loaded.
2026-04-09 08:22:05 [INFO] [Rank 2] Loading weights...
2026-04-09 08:22:08 [INFO] [Rank 2] Weights loaded.
2026-04-09 08:22:32 [INFO] [Rank 1] Loading weights...
2026-04-09 08:22:39 [INFO] [Rank 1] Weights loaded.
2026-04-09 08:23:42 [INFO] [Rank 0] Loading weights...
2026-04-09 08:23:55 [INFO] [Rank 0] Weights loaded.
2026-04-09 08:25:34 [INFO] [Rank 1] Finished. Latency: 98266 ms
2026-04-09 08:25:34 [INFO] [Rank 0] Finished. Latency: 98266 ms
2026-04-09 08:25:34 [INFO] [Rank 2] Finished. Latency: 98266 ms
2026-04-09 08:25:34 [INFO] [Rank 3] Finished. Latency: 98271 ms
2026-04-09 08:25:37 [INFO] Total latency:     98266 ms
2026-04-09 08:25:37 [INFO] Peak 5GB memory:   3950 MB
2026-04-09 08:25:37 [INFO] Avg  5GB memory:   1367 MB
2026-04-09 08:25:37 [INFO] [155/441] Split [27, 10, 3, 0] | Batch: 8 | Microbatch: 2 | Microbatches: 4
2026-04-09 08:25:37 [INFO] Loading WikiText... (SEQ_LEN=64, BATCH=8)
2026-04-09 08:25:52 [INFO] [Rank 3] Loading weights...
2026-04-09 08:25:54 [INFO] [Rank 3] Weights loaded.
2026-04-09 08:25:59 [INFO] [Rank 2] Loading weights...
2026-04-09 08:26:02 [INFO] [Rank 2] Weights loaded.
2026-04-09 08:26:26 [INFO] [Rank 1] Loading weights...
2026-04-09 08:26:33 [INFO] [Rank 1] Weights loaded.
2026-04-09 08:27:36 [INFO] [Rank 0] Loading weights...
2026-04-09 08:27:49 [INFO] [Rank 0] Weights loaded.
2026-04-09 08:31:01 [INFO] [Rank 0] Finished. Latency: 191352 ms
2026-04-09 08:31:01 [INFO] [Rank 2] Finished. Latency: 191352 ms
2026-04-09 08:31:01 [INFO] [Rank 1] Finished. Latency: 191352 ms
2026-04-09 08:31:01 [INFO] [Rank 3] Finished. Latency: 191357 ms
2026-04-09 08:31:05 [INFO] Total latency:     191352 ms
2026-04-09 08:31:05 [INFO] Peak 5GB memory:   3950 MB
2026-04-09 08:31:05 [INFO] Avg  5GB memory:   1389 MB
2026-04-09 08:31:05 [INFO] [156/441] Split [27, 10, 3, 0] | Batch: 16 | Microbatch: 8 | Microbatches: 2
2026-04-09 08:31:05 [INFO] Loading WikiText... (SEQ_LEN=64, BATCH=16)
2026-04-09 08:31:19 [INFO] [Rank 3] Loading weights...
2026-04-09 08:31:21 [INFO] [Rank 3] Weights loaded.
2026-04-09 08:31:26 [INFO] [Rank 2] Loading weights...
2026-04-09 08:31:29 [INFO] [Rank 2] Weights loaded.
2026-04-09 08:31:53 [INFO] [Rank 1] Loading weights...
2026-04-09 08:32:00 [INFO] [Rank 1] Weights loaded.
2026-04-09 08:33:03 [INFO] [Rank 0] Loading weights...
2026-04-09 08:33:16 [INFO] [Rank 0] Weights loaded.
2026-04-09 08:34:58 [INFO] [Rank 0] Finished. Latency: 101512 ms
2026-04-09 08:34:58 [INFO] [Rank 2] Finished. Latency: 101511 ms
2026-04-09 08:34:58 [INFO] [Rank 1] Finished. Latency: 101511 ms
2026-04-09 08:34:58 [INFO] [Rank 3] Finished. Latency: 101517 ms
2026-04-09 08:35:02 [INFO] Total latency:     101512 ms
2026-04-09 08:35:02 [INFO] Peak 5GB memory:   3950 MB
2026-04-09 08:35:02 [INFO] Avg  5GB memory:   1374 MB
2026-04-09 08:35:02 [INFO] [157/441] Split [27, 10, 3, 0] | Batch: 16 | Microbatch: 4 | Microbatches: 4
2026-04-09 08:35:02 [INFO] Loading WikiText... (SEQ_LEN=64, BATCH=16)
2026-04-09 08:35:17 [INFO] [Rank 3] Loading weights...
2026-04-09 08:35:20 [INFO] [Rank 3] Weights loaded.
2026-04-09 08:35:24 [INFO] [Rank 2] Loading weights...
2026-04-09 08:35:28 [INFO] [Rank 2] Weights loaded.
2026-04-09 08:35:51 [INFO] [Rank 1] Loading weights...
2026-04-09 08:35:58 [INFO] [Rank 1] Weights loaded.
2026-04-09 08:37:01 [INFO] [Rank 0] Loading weights...
2026-04-09 08:37:15 [INFO] [Rank 0] Weights loaded.
2026-04-09 08:40:30 [INFO] [Rank 2] Finished. Latency: 194825 ms
2026-04-09 08:40:30 [INFO] [Rank 1] Finished. Latency: 194825 ms
2026-04-09 08:40:30 [INFO] [Rank 0] Finished. Latency: 194825 ms
2026-04-09 08:40:30 [INFO] [Rank 3] Finished. Latency: 194830 ms
2026-04-09 08:40:33 [INFO] Total latency:     194825 ms
2026-04-09 08:40:33 [INFO] Peak 5GB memory:   3950 MB
2026-04-09 08:40:33 [INFO] Avg  5GB memory:   1391 MB
2026-04-09 08:40:34 [INFO] [158/441] Split [27, 10, 3, 0] | Batch: 16 | Microbatch: 2 | Microbatches: 8
2026-04-09 08:40:34 [INFO] Loading WikiText... (SEQ_LEN=64, BATCH=16)
2026-04-09 08:40:48 [INFO] [Rank 3] Loading weights...
2026-04-09 08:40:51 [INFO] [Rank 3] Weights loaded.
2026-04-09 08:40:55 [INFO] [Rank 2] Loading weights...
2026-04-09 08:40:58 [INFO] [Rank 2] Weights loaded.
2026-04-09 08:41:22 [INFO] [Rank 1] Loading weights...
2026-04-09 08:41:29 [INFO] [Rank 1] Weights loaded.
2026-04-09 08:42:32 [INFO] [Rank 0] Loading weights...
2026-04-09 08:42:46 [INFO] [Rank 0] Weights loaded.
2026-04-09 08:49:05 [INFO] [Rank 2] Finished. Latency: 379630 ms
2026-04-09 08:49:05 [INFO] [Rank 1] Finished. Latency: 379630 ms
2026-04-09 08:49:05 [INFO] [Rank 0] Finished. Latency: 379630 ms
2026-04-09 08:49:05 [INFO] [Rank 3] Finished. Latency: 379635 ms
2026-04-09 08:49:09 [INFO] Total latency:     379630 ms
2026-04-09 08:49:09 [INFO] Peak 5GB memory:   3950 MB
2026-04-09 08:49:09 [INFO] Avg  5GB memory:   1410 MB
2026-04-09 08:49:09 [INFO] [159/441] Split [27, 10, 3, 0] | Batch: 32 | Microbatch: 16 | Microbatches: 2
2026-04-09 08:49:09 [INFO] Loading WikiText... (SEQ_LEN=64, BATCH=32)
2026-04-09 08:49:24 [INFO] [Rank 3] Loading weights...
2026-04-09 08:49:27 [INFO] [Rank 3] Weights loaded.
2026-04-09 08:49:31 [INFO] [Rank 2] Loading weights...
2026-04-09 08:49:34 [INFO] [Rank 2] Weights loaded.
2026-04-09 08:49:58 [INFO] [Rank 1] Loading weights...
2026-04-09 08:50:05 [INFO] [Rank 1] Weights loaded.
2026-04-09 08:51:08 [INFO] [Rank 0] Loading weights...
2026-04-09 08:51:21 [INFO] [Rank 0] Weights loaded.
2026-04-09 08:53:10 [INFO] [Rank 1] Finished. Latency: 108273 ms
2026-04-09 08:53:10 [INFO] [Rank 2] Finished. Latency: 108273 ms
2026-04-09 08:53:10 [INFO] [Rank 0] Finished. Latency: 108273 ms
2026-04-09 08:53:10 [INFO] [Rank 3] Finished. Latency: 108278 ms
2026-04-09 08:53:14 [INFO] Total latency:     108273 ms
2026-04-09 08:53:14 [INFO] Peak 5GB memory:   3950 MB
2026-04-09 08:53:14 [INFO] Avg  5GB memory:   1388 MB
2026-04-09 08:53:14 [INFO] [160/441] Split [27, 10, 3, 0] | Batch: 32 | Microbatch: 8 | Microbatches: 4
2026-04-09 08:53:14 [INFO] Loading WikiText... (SEQ_LEN=64, BATCH=32)
2026-04-09 08:53:28 [INFO] [Rank 3] Loading weights...
2026-04-09 08:53:31 [INFO] [Rank 3] Weights loaded.
2026-04-09 08:53:36 [INFO] [Rank 2] Loading weights...
2026-04-09 08:53:39 [INFO] [Rank 2] Weights loaded.
2026-04-09 08:54:02 [INFO] [Rank 1] Loading weights...
2026-04-09 08:54:09 [INFO] [Rank 1] Weights loaded.
2026-04-09 08:55:13 [INFO] [Rank 0] Loading weights...
2026-04-09 08:55:26 [INFO] [Rank 0] Weights loaded.
2026-04-09 08:58:48 [INFO] [Rank 2] Finished. Latency: 201264 ms
2026-04-09 08:58:48 [INFO] [Rank 1] Finished. Latency: 201264 ms
2026-04-09 08:58:48 [INFO] [Rank 0] Finished. Latency: 201264 ms
2026-04-09 08:58:48 [INFO] [Rank 3] Finished. Latency: 201269 ms
2026-04-09 08:58:52 [INFO] Total latency:     201264 ms
2026-04-09 08:58:52 [INFO] Peak 5GB memory:   3950 MB
2026-04-09 08:58:52 [INFO] Avg  5GB memory:   1400 MB
2026-04-09 08:58:52 [INFO] [161/441] Split [27, 10, 3, 0] | Batch: 32 | Microbatch: 4 | Microbatches: 8
2026-04-09 08:58:52 [INFO] Loading WikiText... (SEQ_LEN=64, BATCH=32)
2026-04-09 08:59:06 [INFO] [Rank 3] Loading weights...
2026-04-09 08:59:09 [INFO] [Rank 3] Weights loaded.
2026-04-09 08:59:13 [INFO] [Rank 2] Loading weights...
2026-04-09 08:59:17 [INFO] [Rank 2] Weights loaded.
2026-04-09 08:59:40 [INFO] [Rank 1] Loading weights...
2026-04-09 08:59:47 [INFO] [Rank 1] Weights loaded.
2026-04-09 09:00:50 [INFO] [Rank 0] Loading weights...
2026-04-09 09:01:04 [INFO] [Rank 0] Weights loaded.
2026-04-09 09:07:31 [INFO] [Rank 2] Finished. Latency: 387472 ms
2026-04-09 09:07:31 [INFO] [Rank 0] Finished. Latency: 387472 ms
2026-04-09 09:07:31 [INFO] [Rank 1] Finished. Latency: 387472 ms
2026-04-09 09:07:31 [INFO] [Rank 3] Finished. Latency: 387477 ms
2026-04-09 09:07:35 [INFO] Total latency:     387472 ms
2026-04-09 09:07:35 [INFO] Peak 5GB memory:   3950 MB
2026-04-09 09:07:35 [INFO] Avg  5GB memory:   1427 MB
2026-04-09 09:07:35 [INFO] [162/441] Split [27, 10, 3, 0] | Batch: 32 | Microbatch: 2 | Microbatches: 16
2026-04-09 09:07:35 [INFO] Loading WikiText... (SEQ_LEN=64, BATCH=32)
2026-04-09 09:07:50 [INFO] [Rank 3] Loading weights...
2026-04-09 09:07:53 [INFO] [Rank 3] Weights loaded.
2026-04-09 09:07:57 [INFO] [Rank 2] Loading weights...
2026-04-09 09:08:01 [INFO] [Rank 2] Weights loaded.
2026-04-09 09:08:24 [INFO] [Rank 1] Loading weights...
2026-04-09 09:08:31 [INFO] [Rank 1] Weights loaded.
2026-04-09 09:09:34 [INFO] [Rank 0] Loading weights...
2026-04-09 09:09:48 [INFO] [Rank 0] Weights loaded.
2026-04-09 09:22:25 [INFO] [Rank 2] Finished. Latency: 757435 ms
2026-04-09 09:22:25 [INFO] [Rank 1] Finished. Latency: 757435 ms
2026-04-09 09:22:25 [INFO] [Rank 0] Finished. Latency: 757435 ms
2026-04-09 09:22:25 [INFO] [Rank 3] Finished. Latency: 757440 ms
2026-04-09 09:22:29 [INFO] Total latency:     757435 ms
2026-04-09 09:22:29 [INFO] Peak 5GB memory:   2670 MB
2026-04-09 09:22:29 [INFO] Avg  5GB memory:   1424 MB
2026-04-09 09:22:29 [INFO] [163/441] Split [28, 6, 4, 2] | Batch: 8 | Microbatch: 4 | Microbatches: 2
2026-04-09 09:22:29 [INFO] Loading WikiText... (SEQ_LEN=64, BATCH=8)
2026-04-09 09:22:52 [INFO] [Rank 3] Loading weights...
2026-04-09 09:22:55 [INFO] [Rank 2] Loading weights...
2026-04-09 09:22:56 [INFO] [Rank 3] Weights loaded.
2026-04-09 09:23:00 [INFO] [Rank 2] Weights loaded.
2026-04-09 09:23:03 [INFO] [Rank 1] Loading weights...
2026-04-09 09:23:08 [INFO] [Rank 1] Weights loaded.
2026-04-09 09:24:32 [INFO] [Rank 0] Loading weights...
2026-04-09 09:24:46 [INFO] [Rank 0] Weights loaded.
2026-04-09 09:26:30 [INFO] [Rank 1] Finished. Latency: 104707 ms
2026-04-09 09:26:30 [INFO] [Rank 2] Finished. Latency: 104707 ms
2026-04-09 09:26:30 [INFO] [Rank 0] Finished. Latency: 104707 ms
2026-04-09 09:26:30 [INFO] [Rank 3] Finished. Latency: 104721 ms
2026-04-09 09:26:34 [INFO] Total latency:     104707 ms
2026-04-09 09:26:34 [INFO] Peak 5GB memory:   6070 MB
2026-04-09 09:26:34 [INFO] Avg  5GB memory:   3357 MB
2026-04-09 09:26:34 [INFO] [164/441] Split [28, 6, 4, 2] | Batch: 8 | Microbatch: 2 | Microbatches: 4
2026-04-09 09:26:34 [INFO] Loading WikiText... (SEQ_LEN=64, BATCH=8)
2026-04-09 09:26:57 [INFO] [Rank 3] Loading weights...
2026-04-09 09:27:00 [INFO] [Rank 2] Loading weights...
2026-04-09 09:27:01 [INFO] [Rank 3] Weights loaded.
2026-04-09 09:27:04 [INFO] [Rank 2] Weights loaded.
2026-04-09 09:27:08 [INFO] [Rank 1] Loading weights...
2026-04-09 09:27:13 [INFO] [Rank 1] Weights loaded.
2026-04-09 09:28:36 [INFO] [Rank 0] Loading weights...
2026-04-09 09:28:50 [INFO] [Rank 0] Weights loaded.
2026-04-09 09:32:14 [INFO] [Rank 1] Finished. Latency: 203749 ms
2026-04-09 09:32:14 [INFO] [Rank 2] Finished. Latency: 203749 ms
2026-04-09 09:32:14 [INFO] [Rank 0] Finished. Latency: 203749 ms
2026-04-09 09:32:14 [INFO] [Rank 3] Finished. Latency: 203762 ms
2026-04-09 09:32:18 [INFO] Total latency:     203749 ms
2026-04-09 09:32:18 [INFO] Peak 5GB memory:   4790 MB
2026-04-09 09:32:18 [INFO] Avg  5GB memory:   3421 MB
2026-04-09 09:32:18 [INFO] [165/441] Split [28, 6, 4, 2] | Batch: 16 | Microbatch: 8 | Microbatches: 2
2026-04-09 09:32:18 [INFO] Loading WikiText... (SEQ_LEN=64, BATCH=16)
2026-04-09 09:32:41 [INFO] [Rank 3] Loading weights...
2026-04-09 09:32:44 [INFO] [Rank 2] Loading weights...
2026-04-09 09:32:45 [INFO] [Rank 3] Weights loaded.
2026-04-09 09:32:48 [INFO] [Rank 2] Weights loaded.
2026-04-09 09:32:52 [INFO] [Rank 1] Loading weights...
2026-04-09 09:32:57 [INFO] [Rank 1] Weights loaded.
2026-04-09 09:34:20 [INFO] [Rank 0] Loading weights...
2026-04-09 09:34:34 [INFO] [Rank 0] Weights loaded.
2026-04-09 09:36:22 [INFO] [Rank 2] Finished. Latency: 108031 ms
2026-04-09 09:36:22 [INFO] [Rank 1] Finished. Latency: 108031 ms
2026-04-09 09:36:22 [INFO] [Rank 0] Finished. Latency: 108032 ms
2026-04-09 09:36:22 [INFO] [Rank 3] Finished. Latency: 108045 ms
2026-04-09 09:36:26 [INFO] Total latency:     108032 ms
2026-04-09 09:36:26 [INFO] Peak 5GB memory:   4790 MB
2026-04-09 09:36:26 [INFO] Avg  5GB memory:   3379 MB
2026-04-09 09:36:26 [INFO] [166/441] Split [28, 6, 4, 2] | Batch: 16 | Microbatch: 4 | Microbatches: 4
2026-04-09 09:36:26 [INFO] Loading WikiText... (SEQ_LEN=64, BATCH=16)
2026-04-09 09:36:49 [INFO] [Rank 3] Loading weights...
2026-04-09 09:36:52 [INFO] [Rank 2] Loading weights...
2026-04-09 09:36:53 [INFO] [Rank 3] Weights loaded.
2026-04-09 09:36:56 [INFO] [Rank 2] Weights loaded.
2026-04-09 09:37:01 [INFO] [Rank 1] Loading weights...
2026-04-09 09:37:05 [INFO] [Rank 1] Weights loaded.
2026-04-09 09:38:28 [INFO] [Rank 0] Loading weights...
2026-04-09 09:38:42 [INFO] [Rank 0] Weights loaded.
2026-04-09 09:42:10 [INFO] [Rank 1] Finished. Latency: 207419 ms
2026-04-09 09:42:10 [INFO] [Rank 2] Finished. Latency: 207419 ms
2026-04-09 09:42:10 [INFO] [Rank 0] Finished. Latency: 207419 ms
2026-04-09 09:42:10 [INFO] [Rank 3] Finished. Latency: 207433 ms
2026-04-09 09:42:14 [INFO] Total latency:     207419 ms
2026-04-09 09:42:14 [INFO] Peak 5GB memory:   6070 MB
2026-04-09 09:42:14 [INFO] Avg  5GB memory:   3454 MB
2026-04-09 09:42:14 [INFO] [167/441] Split [28, 6, 4, 2] | Batch: 16 | Microbatch: 2 | Microbatches: 8
2026-04-09 09:42:14 [INFO] Loading WikiText... (SEQ_LEN=64, BATCH=16)
2026-04-09 09:42:36 [INFO] [Rank 3] Loading weights...
2026-04-09 09:42:39 [INFO] [Rank 2] Loading weights...
2026-04-09 09:42:40 [INFO] [Rank 3] Weights loaded.
2026-04-09 09:42:43 [INFO] [Rank 2] Weights loaded.
2026-04-09 09:42:48 [INFO] [Rank 1] Loading weights...
2026-04-09 09:42:52 [INFO] [Rank 1] Weights loaded.
2026-04-09 09:44:16 [INFO] [Rank 0] Loading weights...
2026-04-09 09:44:30 [INFO] [Rank 0] Weights loaded.
2026-04-09 09:51:18 [INFO] [Rank 1] Finished. Latency: 408007 ms
2026-04-09 09:51:18 [INFO] [Rank 2] Finished. Latency: 408007 ms
2026-04-09 09:51:18 [INFO] [Rank 0] Finished. Latency: 408007 ms
2026-04-09 09:51:18 [INFO] [Rank 3] Finished. Latency: 408020 ms
2026-04-09 09:51:22 [INFO] Total latency:     408007 ms
2026-04-09 09:51:22 [INFO] Peak 5GB memory:   6070 MB
2026-04-09 09:51:22 [INFO] Avg  5GB memory:   3517 MB
2026-04-09 09:51:22 [INFO] [168/441] Split [28, 6, 4, 2] | Batch: 32 | Microbatch: 16 | Microbatches: 2
2026-04-09 09:51:22 [INFO] Loading WikiText... (SEQ_LEN=64, BATCH=32)
2026-04-09 09:51:45 [INFO] [Rank 3] Loading weights...
2026-04-09 09:51:48 [INFO] [Rank 2] Loading weights...
2026-04-09 09:51:49 [INFO] [Rank 3] Weights loaded.
2026-04-09 09:51:53 [INFO] [Rank 2] Weights loaded.
2026-04-09 09:51:56 [INFO] [Rank 1] Loading weights...
2026-04-09 09:52:01 [INFO] [Rank 1] Weights loaded.
2026-04-09 09:53:25 [INFO] [Rank 0] Loading weights...
2026-04-09 09:53:39 [INFO] [Rank 0] Weights loaded.
2026-04-09 09:55:34 [INFO] [Rank 1] Finished. Latency: 115448 ms
2026-04-09 09:55:34 [INFO] [Rank 2] Finished. Latency: 115448 ms
2026-04-09 09:55:34 [INFO] [Rank 0] Finished. Latency: 115448 ms
2026-04-09 09:55:34 [INFO] [Rank 3] Finished. Latency: 115464 ms
2026-04-09 09:55:38 [INFO] Total latency:     115448 ms
2026-04-09 09:55:38 [INFO] Peak 5GB memory:   6070 MB
2026-04-09 09:55:38 [INFO] Avg  5GB memory:   3483 MB
2026-04-09 09:55:38 [INFO] [169/441] Split [28, 6, 4, 2] | Batch: 32 | Microbatch: 8 | Microbatches: 4
2026-04-09 09:55:38 [INFO] Loading WikiText... (SEQ_LEN=64, BATCH=32)
2026-04-09 09:56:01 [INFO] [Rank 3] Loading weights...
2026-04-09 09:56:04 [INFO] [Rank 2] Loading weights...
2026-04-09 09:56:04 [INFO] [Rank 3] Weights loaded.
2026-04-09 09:56:08 [INFO] [Rank 2] Weights loaded.
2026-04-09 09:56:12 [INFO] [Rank 1] Loading weights...
2026-04-09 09:56:17 [INFO] [Rank 1] Weights loaded.
2026-04-09 09:57:41 [INFO] [Rank 0] Loading weights...
2026-04-09 09:57:54 [INFO] [Rank 0] Weights loaded.
2026-04-09 10:01:29 [INFO] [Rank 2] Finished. Latency: 214364 ms
2026-04-09 10:01:29 [INFO] [Rank 1] Finished. Latency: 214364 ms
2026-04-09 10:01:29 [INFO] [Rank 0] Finished. Latency: 214364 ms
2026-04-09 10:01:29 [INFO] [Rank 3] Finished. Latency: 214378 ms
2026-04-09 10:01:33 [INFO] Total latency:     214364 ms
2026-04-09 10:01:33 [INFO] Peak 5GB memory:   4790 MB
2026-04-09 10:01:33 [INFO] Avg  5GB memory:   3516 MB
2026-04-09 10:01:33 [INFO] [170/441] Split [28, 6, 4, 2] | Batch: 32 | Microbatch: 4 | Microbatches: 8
2026-04-09 10:01:33 [INFO] Loading WikiText... (SEQ_LEN=64, BATCH=32)
2026-04-09 10:01:56 [INFO] [Rank 3] Loading weights...
2026-04-09 10:01:59 [INFO] [Rank 2] Loading weights...
2026-04-09 10:02:00 [INFO] [Rank 3] Weights loaded.
2026-04-09 10:02:03 [INFO] [Rank 2] Weights loaded.
2026-04-09 10:02:07 [INFO] [Rank 1] Loading weights...
2026-04-09 10:02:12 [INFO] [Rank 1] Weights loaded.
2026-04-09 10:03:35 [INFO] [Rank 0] Loading weights...
2026-04-09 10:03:49 [INFO] [Rank 0] Weights loaded.
2026-04-09 10:10:42 [INFO] [Rank 2] Finished. Latency: 412550 ms
2026-04-09 10:10:42 [INFO] [Rank 1] Finished. Latency: 412551 ms
2026-04-09 10:10:42 [INFO] [Rank 0] Finished. Latency: 412551 ms
2026-04-09 10:10:42 [INFO] [Rank 3] Finished. Latency: 412564 ms
2026-04-09 10:10:46 [INFO] Total latency:     412551 ms
2026-04-09 10:10:46 [INFO] Peak 5GB memory:   6070 MB
2026-04-09 10:10:46 [INFO] Avg  5GB memory:   3567 MB
2026-04-09 10:10:46 [INFO] [171/441] Split [28, 6, 4, 2] | Batch: 32 | Microbatch: 2 | Microbatches: 16
2026-04-09 10:10:46 [INFO] Loading WikiText... (SEQ_LEN=64, BATCH=32)
2026-04-09 10:11:08 [INFO] [Rank 3] Loading weights...
2026-04-09 10:11:11 [INFO] [Rank 2] Loading weights...
2026-04-09 10:11:12 [INFO] [Rank 3] Weights loaded.
2026-04-09 10:11:15 [INFO] [Rank 2] Weights loaded.
2026-04-09 10:11:19 [INFO] [Rank 1] Loading weights...
2026-04-09 10:11:24 [INFO] [Rank 1] Weights loaded.
2026-04-09 10:12:47 [INFO] [Rank 0] Loading weights...
2026-04-09 10:13:01 [INFO] [Rank 0] Weights loaded.
2026-04-09 10:26:28 [INFO] [Rank 2] Finished. Latency: 807335 ms
2026-04-09 10:26:28 [INFO] [Rank 1] Finished. Latency: 807335 ms
2026-04-09 10:26:28 [INFO] [Rank 0] Finished. Latency: 807335 ms
2026-04-09 10:26:28 [INFO] [Rank 3] Finished. Latency: 807348 ms
2026-04-09 10:26:32 [INFO] Total latency:     807335 ms
2026-04-09 10:26:32 [INFO] Peak 5GB memory:   6070 MB
2026-04-09 10:26:32 [INFO] Avg  5GB memory:   3634 MB
2026-04-09 10:26:32 [INFO] [172/441] Split [28, 7, 3, 2] | Batch: 8 | Microbatch: 4 | Microbatches: 2
2026-04-09 10:26:32 [INFO] Loading WikiText... (SEQ_LEN=64, BATCH=8)
2026-04-09 10:26:54 [INFO] [Rank 2] Loading weights...
2026-04-09 10:26:55 [INFO] [Rank 3] Loading weights...
2026-04-09 10:26:57 [INFO] [Rank 2] Weights loaded.
2026-04-09 10:26:58 [INFO] [Rank 3] Weights loaded.
2026-04-09 10:27:09 [INFO] [Rank 1] Loading weights...
2026-04-09 10:27:15 [INFO] [Rank 1] Weights loaded.
2026-04-09 10:28:35 [INFO] [Rank 0] Loading weights...
2026-04-09 10:28:49 [INFO] [Rank 0] Weights loaded.
2026-04-09 10:30:31 [INFO] [Rank 0] Finished. Latency: 102124 ms
2026-04-09 10:30:31 [INFO] [Rank 2] Finished. Latency: 102123 ms
2026-04-09 10:30:31 [INFO] [Rank 1] Finished. Latency: 102124 ms
2026-04-09 10:30:31 [INFO] [Rank 3] Finished. Latency: 102137 ms
2026-04-09 10:30:35 [INFO] Total latency:     102124 ms
2026-04-09 10:30:35 [INFO] Peak 5GB memory:   6070 MB
2026-04-09 10:30:35 [INFO] Avg  5GB memory:   3362 MB
2026-04-09 10:30:35 [INFO] [173/441] Split [28, 7, 3, 2] | Batch: 8 | Microbatch: 2 | Microbatches: 4
2026-04-09 10:30:35 [INFO] Loading WikiText... (SEQ_LEN=64, BATCH=8)
2026-04-09 10:30:36 [WARNING] HTTP Error 503 thrown while requesting HEAD https://huggingface.co/mistralai/Mistral-Small-24B-Base-2501/resolve/main/tokenizer_config.json
2026-04-09 10:30:36 [WARNING] Retrying in 1s [Retry 1/5].
2026-04-09 10:30:37 [WARNING] HTTP Error 503 thrown while requesting HEAD https://huggingface.co/mistralai/Mistral-Small-24B-Base-2501/resolve/main/tokenizer_config.json
2026-04-09 10:30:37 [WARNING] Retrying in 2s [Retry 2/5].
2026-04-09 10:31:05 [INFO] [Rank 2] Loading weights...
2026-04-09 10:31:05 [WARNING] HTTP Error 500 thrown while requesting HEAD https://huggingface.co/mistralai/Mistral-Small-24B-Base-2501/resolve/main/model.safetensors.index.json
2026-04-09 10:31:05 [WARNING] Retrying in 1s [Retry 1/5].
2026-04-09 10:31:06 [INFO] [Rank 3] Loading weights...
2026-04-09 10:31:06 [WARNING] HTTP Error 500 thrown while requesting HEAD https://huggingface.co/mistralai/Mistral-Small-24B-Base-2501/resolve/main/model.safetensors.index.json
2026-04-09 10:31:06 [WARNING] Retrying in 1s [Retry 1/5].
2026-04-09 10:31:06 [WARNING] HTTP Error 500 thrown while requesting HEAD https://huggingface.co/mistralai/Mistral-Small-24B-Base-2501/resolve/main/model.safetensors.index.json
2026-04-09 10:31:06 [WARNING] Retrying in 2s [Retry 2/5].
2026-04-09 10:31:07 [WARNING] HTTP Error 500 thrown while requesting HEAD https://huggingface.co/mistralai/Mistral-Small-24B-Base-2501/resolve/main/model.safetensors.index.json
2026-04-09 10:31:07 [WARNING] Retrying in 2s [Retry 2/5].
2026-04-09 10:31:08 [WARNING] HTTP Error 500 thrown while requesting HEAD https://huggingface.co/mistralai/Mistral-Small-24B-Base-2501/resolve/main/model.safetensors.index.json
2026-04-09 10:31:08 [WARNING] Retrying in 4s [Retry 3/5].
2026-04-09 10:31:09 [WARNING] HTTP Error 500 thrown while requesting HEAD https://huggingface.co/mistralai/Mistral-Small-24B-Base-2501/resolve/main/model.safetensors.index.json
2026-04-09 10:31:09 [WARNING] Retrying in 4s [Retry 3/5].
2026-04-09 10:31:17 [INFO] [Rank 2] Weights loaded.
2026-04-09 10:31:20 [INFO] [Rank 1] Loading weights...
2026-04-09 10:31:23 [WARNING] '(ReadTimeoutError("HTTPSConnectionPool(host='huggingface.co', port=443): Read timed out. (read timeout=10)"), '(Request ID: 54d812fc-2b9a-4439-870a-6114cd8795fc)')' thrown while requesting HEAD https://huggingface.co/mistralai/Mistral-Small-24B-Base-2501/resolve/main/model.safetensors.index.json
2026-04-09 10:31:23 [WARNING] Retrying in 8s [Retry 4/5].
2026-04-09 10:31:26 [INFO] [Rank 1] Weights loaded.
2026-04-09 10:31:41 [WARNING] '(ReadTimeoutError("HTTPSConnectionPool(host='huggingface.co', port=443): Read timed out. (read timeout=10)"), '(Request ID: 9519682b-28d7-4b33-a5d9-7af627fd08fd)')' thrown while requesting HEAD https://huggingface.co/mistralai/Mistral-Small-24B-Base-2501/resolve/main/model.safetensors.index.json
2026-04-09 10:31:41 [WARNING] Retrying in 8s [Retry 5/5].
2026-04-09 10:31:53 [INFO] [Rank 3] Weights loaded.
2026-04-09 10:32:41 [INFO] [Rank 0] Loading weights...
2026-04-09 10:32:55 [INFO] [Rank 0] Weights loaded.
2026-04-09 10:36:14 [INFO] [Rank 1] Finished. Latency: 198716 ms
2026-04-09 10:36:14 [INFO] [Rank 2] Finished. Latency: 198716 ms
2026-04-09 10:36:14 [INFO] [Rank 0] Finished. Latency: 198716 ms
2026-04-09 10:36:14 [INFO] [Rank 3] Finished. Latency: 198730 ms
2026-04-09 10:36:18 [INFO] Total latency:     198716 ms
2026-04-09 10:36:18 [INFO] Peak 5GB memory:   6070 MB
2026-04-09 10:36:18 [INFO] Avg  5GB memory:   3685 MB
2026-04-09 10:36:18 [INFO] [174/441] Split [28, 7, 3, 2] | Batch: 16 | Microbatch: 8 | Microbatches: 2
2026-04-09 10:36:18 [INFO] Loading WikiText... (SEQ_LEN=64, BATCH=16)
2026-04-09 10:36:18 [WARNING] HTTP Error 503 thrown while requesting HEAD https://huggingface.co/datasets/Salesforce/wikitext/resolve/main/README.md
2026-04-09 10:36:18 [WARNING] Retrying in 1s [Retry 1/5].
2026-04-09 10:36:19 [WARNING] HTTP Error 503 thrown while requesting HEAD https://huggingface.co/datasets/Salesforce/wikitext/resolve/main/README.md
2026-04-09 10:36:19 [WARNING] Retrying in 2s [Retry 2/5].
2026-04-09 10:36:21 [WARNING] HTTP Error 503 thrown while requesting HEAD https://huggingface.co/datasets/Salesforce/wikitext/resolve/main/README.md
2026-04-09 10:36:21 [WARNING] Retrying in 4s [Retry 3/5].
2026-04-09 10:36:25 [WARNING] HTTP Error 503 thrown while requesting HEAD https://huggingface.co/datasets/Salesforce/wikitext/resolve/main/README.md
2026-04-09 10:36:25 [WARNING] Retrying in 8s [Retry 4/5].
2026-04-09 10:36:43 [WARNING] '(ReadTimeoutError("HTTPSConnectionPool(host='huggingface.co', port=443): Read timed out. (read timeout=10)"), '(Request ID: 28fcf292-0627-42bf-9d99-8b4d56f265b1)')' thrown while requesting HEAD https://huggingface.co/datasets/Salesforce/wikitext/resolve/main/README.md
2026-04-09 10:36:43 [WARNING] Retrying in 8s [Retry 5/5].
2026-04-09 10:36:51 [WARNING] HTTP Error 503 thrown while requesting HEAD https://huggingface.co/datasets/Salesforce/wikitext/resolve/main/README.md
2026-04-09 10:36:51 [WARNING] HTTP Error 503 thrown while requesting HEAD https://huggingface.co/datasets/Salesforce/wikitext/resolve/b08601e04326c79dfdd32d625aee71d232d685c3/wikitext.py
2026-04-09 10:36:51 [WARNING] Retrying in 1s [Retry 1/5].
2026-04-09 10:36:52 [WARNING] HTTP Error 503 thrown while requesting HEAD https://huggingface.co/datasets/Salesforce/wikitext/resolve/b08601e04326c79dfdd32d625aee71d232d685c3/wikitext.py
2026-04-09 10:36:52 [WARNING] Retrying in 2s [Retry 2/5].
2026-04-09 10:36:55 [WARNING] HTTP Error 503 thrown while requesting HEAD https://huggingface.co/datasets/Salesforce/wikitext/resolve/b08601e04326c79dfdd32d625aee71d232d685c3/.huggingface.yaml
2026-04-09 10:36:55 [WARNING] Retrying in 1s [Retry 1/5].
2026-04-09 10:36:56 [WARNING] HTTP Error 503 thrown while requesting HEAD https://huggingface.co/datasets/Salesforce/wikitext/resolve/b08601e04326c79dfdd32d625aee71d232d685c3/dataset_infos.json
2026-04-09 10:36:56 [WARNING] Retrying in 1s [Retry 1/5].
2026-04-09 10:36:57 [WARNING] HTTP Error 503 thrown while requesting HEAD https://huggingface.co/datasets/Salesforce/wikitext/resolve/b08601e04326c79dfdd32d625aee71d232d685c3/dataset_infos.json
2026-04-09 10:36:57 [WARNING] Retrying in 2s [Retry 2/5].
2026-04-09 10:36:59 [WARNING] HTTP Error 503 thrown while requesting HEAD https://huggingface.co/datasets/Salesforce/wikitext/resolve/b08601e04326c79dfdd32d625aee71d232d685c3/dataset_infos.json
2026-04-09 10:36:59 [WARNING] Retrying in 4s [Retry 3/5].
2026-04-09 10:37:03 [WARNING] HTTP Error 503 thrown while requesting HEAD https://huggingface.co/datasets/Salesforce/wikitext/resolve/b08601e04326c79dfdd32d625aee71d232d685c3/dataset_infos.json
2026-04-09 10:37:03 [WARNING] Retrying in 8s [Retry 4/5].
2026-04-09 10:37:32 [INFO] [Rank 2] Loading weights...
2026-04-09 10:37:33 [INFO] [Rank 3] Loading weights...
2026-04-09 10:37:36 [INFO] [Rank 2] Weights loaded.
2026-04-09 10:37:37 [INFO] [Rank 3] Weights loaded.
2026-04-09 10:37:48 [INFO] [Rank 1] Loading weights...
2026-04-09 10:37:54 [INFO] [Rank 1] Weights loaded.
2026-04-09 10:39:13 [INFO] [Rank 0] Loading weights...
2026-04-09 10:39:27 [INFO] [Rank 0] Weights loaded.
2026-04-09 10:41:12 [INFO] [Rank 1] Finished. Latency: 105543 ms
2026-04-09 10:41:12 [INFO] [Rank 2] Finished. Latency: 105543 ms
2026-04-09 10:41:12 [INFO] [Rank 0] Finished. Latency: 105543 ms
2026-04-09 10:41:12 [INFO] [Rank 3] Finished. Latency: 105557 ms
2026-04-09 10:41:16 [INFO] Total latency:     105543 ms
2026-04-09 10:41:16 [INFO] Peak 5GB memory:   4790 MB
2026-04-09 10:41:16 [INFO] Avg  5GB memory:   3377 MB
2026-04-09 10:41:16 [INFO] [175/441] Split [28, 7, 3, 2] | Batch: 16 | Microbatch: 4 | Microbatches: 4
2026-04-09 10:41:16 [INFO] Loading WikiText... (SEQ_LEN=64, BATCH=16)
2026-04-09 10:41:38 [INFO] [Rank 2] Loading weights...
2026-04-09 10:41:39 [INFO] [Rank 3] Loading weights...
2026-04-09 10:41:42 [INFO] [Rank 2] Weights loaded.
2026-04-09 10:41:43 [INFO] [Rank 3] Weights loaded.
2026-04-09 10:41:54 [INFO] [Rank 1] Loading weights...
2026-04-09 10:42:00 [INFO] [Rank 1] Weights loaded.
2026-04-09 10:43:19 [INFO] [Rank 0] Loading weights...
2026-04-09 10:43:33 [INFO] [Rank 0] Weights loaded.
2026-04-09 10:46:56 [INFO] [Rank 2] Finished. Latency: 202504 ms
2026-04-09 10:46:56 [INFO] [Rank 1] Finished. Latency: 202504 ms
2026-04-09 10:46:56 [INFO] [Rank 0] Finished. Latency: 202504 ms
2026-04-09 10:46:56 [INFO] [Rank 3] Finished. Latency: 202518 ms
2026-04-09 10:47:00 [INFO] Total latency:     202504 ms
2026-04-09 10:47:00 [INFO] Peak 5GB memory:   4790 MB
2026-04-09 10:47:00 [INFO] Avg  5GB memory:   3439 MB
2026-04-09 10:47:00 [INFO] [176/441] Split [28, 7, 3, 2] | Batch: 16 | Microbatch: 2 | Microbatches: 8
2026-04-09 10:47:00 [INFO] Loading WikiText... (SEQ_LEN=64, BATCH=16)
2026-04-09 10:47:22 [INFO] [Rank 2] Loading weights...
2026-04-09 10:47:23 [INFO] [Rank 3] Loading weights...
2026-04-09 10:47:25 [INFO] [Rank 2] Weights loaded.
2026-04-09 10:47:26 [INFO] [Rank 3] Weights loaded.
2026-04-09 10:47:38 [INFO] [Rank 1] Loading weights...
2026-04-09 10:47:43 [INFO] [Rank 1] Weights loaded.
2026-04-09 10:49:02 [INFO] [Rank 0] Loading weights...
2026-04-09 10:49:16 [INFO] [Rank 0] Weights loaded.
2026-04-09 10:55:51 [INFO] [Rank 2] Finished. Latency: 394914 ms
2026-04-09 10:55:51 [INFO] [Rank 1] Finished. Latency: 394914 ms
2026-04-09 10:55:51 [INFO] [Rank 0] Finished. Latency: 394914 ms
2026-04-09 10:55:51 [INFO] [Rank 3] Finished. Latency: 394927 ms
2026-04-09 10:55:55 [INFO] Total latency:     394914 ms
2026-04-09 10:55:55 [INFO] Peak 5GB memory:   4790 MB
2026-04-09 10:55:55 [INFO] Avg  5GB memory:   3511 MB
2026-04-09 10:55:55 [INFO] [177/441] Split [28, 7, 3, 2] | Batch: 32 | Microbatch: 16 | Microbatches: 2
2026-04-09 10:55:55 [INFO] Loading WikiText... (SEQ_LEN=64, BATCH=32)
2026-04-09 10:56:16 [INFO] [Rank 2] Loading weights...
2026-04-09 10:56:17 [INFO] [Rank 3] Loading weights...
2026-04-09 10:56:20 [INFO] [Rank 2] Weights loaded.
2026-04-09 10:56:21 [INFO] [Rank 3] Weights loaded.
2026-04-09 10:56:32 [INFO] [Rank 1] Loading weights...
2026-04-09 10:56:38 [INFO] [Rank 1] Weights loaded.
2026-04-09 10:57:58 [INFO] [Rank 0] Loading weights...
2026-04-09 10:58:11 [INFO] [Rank 0] Weights loaded.
2026-04-09 11:00:04 [INFO] [Rank 2] Finished. Latency: 112561 ms
2026-04-09 11:00:04 [INFO] [Rank 1] Finished. Latency: 112561 ms
2026-04-09 11:00:04 [INFO] [Rank 0] Finished. Latency: 112561 ms
2026-04-09 11:00:04 [INFO] [Rank 3] Finished. Latency: 112576 ms
2026-04-09 11:00:08 [INFO] Total latency:     112561 ms
2026-04-09 11:00:08 [INFO] Peak 5GB memory:   6070 MB
2026-04-09 11:00:08 [INFO] Avg  5GB memory:   3493 MB
2026-04-09 11:00:08 [INFO] [178/441] Split [28, 7, 3, 2] | Batch: 32 | Microbatch: 8 | Microbatches: 4
2026-04-09 11:00:08 [INFO] Loading WikiText... (SEQ_LEN=64, BATCH=32)
2026-04-09 11:00:30 [INFO] [Rank 2] Loading weights...
2026-04-09 11:00:31 [INFO] [Rank 3] Loading weights...
2026-04-09 11:00:33 [INFO] [Rank 2] Weights loaded.
2026-04-09 11:00:34 [INFO] [Rank 3] Weights loaded.
2026-04-09 11:00:46 [INFO] [Rank 1] Loading weights...
2026-04-09 11:00:51 [INFO] [Rank 1] Weights loaded.
2026-04-09 11:02:10 [INFO] [Rank 0] Loading weights...
2026-04-09 11:02:24 [INFO] [Rank 0] Weights loaded.
2026-04-09 11:05:54 [INFO] [Rank 2] Finished. Latency: 209297 ms
2026-04-09 11:05:54 [INFO] [Rank 0] Finished. Latency: 209297 ms
2026-04-09 11:05:54 [INFO] [Rank 1] Finished. Latency: 209297 ms
2026-04-09 11:05:54 [INFO] [Rank 3] Finished. Latency: 209311 ms
2026-04-09 11:05:58 [INFO] Total latency:     209297 ms
2026-04-09 11:05:58 [INFO] Peak 5GB memory:   6070 MB
2026-04-09 11:05:58 [INFO] Avg  5GB memory:   3510 MB
2026-04-09 11:05:58 [INFO] [179/441] Split [28, 7, 3, 2] | Batch: 32 | Microbatch: 4 | Microbatches: 8
2026-04-09 11:05:58 [INFO] Loading WikiText... (SEQ_LEN=64, BATCH=32)
2026-04-09 11:06:19 [INFO] [Rank 2] Loading weights...
2026-04-09 11:06:20 [INFO] [Rank 3] Loading weights...
2026-04-09 11:06:23 [INFO] [Rank 2] Weights loaded.
2026-04-09 11:06:24 [INFO] [Rank 3] Weights loaded.
2026-04-09 11:06:35 [INFO] [Rank 1] Loading weights...
2026-04-09 11:06:41 [INFO] [Rank 1] Weights loaded.
2026-04-09 11:08:01 [INFO] [Rank 0] Loading weights...
2026-04-09 11:08:15 [INFO] [Rank 0] Weights loaded.
2026-04-09 11:14:57 [INFO] [Rank 2] Finished. Latency: 402436 ms
2026-04-09 11:14:57 [INFO] [Rank 1] Finished. Latency: 402436 ms
2026-04-09 11:14:57 [INFO] [Rank 0] Finished. Latency: 402436 ms
2026-04-09 11:14:57 [INFO] [Rank 3] Finished. Latency: 402450 ms
2026-04-09 11:15:01 [INFO] Total latency:     402436 ms
2026-04-09 11:15:01 [INFO] Peak 5GB memory:   4790 MB
2026-04-09 11:15:01 [INFO] Avg  5GB memory:   3566 MB
2026-04-09 11:15:01 [INFO] [180/441] Split [28, 7, 3, 2] | Batch: 32 | Microbatch: 2 | Microbatches: 16
2026-04-09 11:15:01 [INFO] Loading WikiText... (SEQ_LEN=64, BATCH=32)
2026-04-09 11:15:23 [INFO] [Rank 2] Loading weights...
2026-04-09 11:15:24 [INFO] [Rank 3] Loading weights...
2026-04-09 11:15:27 [INFO] [Rank 2] Weights loaded.
2026-04-09 11:15:27 [INFO] [Rank 3] Weights loaded.
2026-04-09 11:15:39 [INFO] [Rank 1] Loading weights...
2026-04-09 11:15:44 [INFO] [Rank 1] Weights loaded.
2026-04-09 11:17:04 [INFO] [Rank 0] Loading weights...
2026-04-09 11:17:17 [INFO] [Rank 0] Weights loaded.
2026-04-09 11:30:24 [INFO] [Rank 2] Finished. Latency: 787005 ms
2026-04-09 11:30:24 [INFO] [Rank 0] Finished. Latency: 787005 ms
2026-04-09 11:30:24 [INFO] [Rank 1] Finished. Latency: 787005 ms
2026-04-09 11:30:24 [INFO] [Rank 3] Finished. Latency: 787018 ms
2026-04-09 11:30:28 [INFO] Total latency:     787005 ms
2026-04-09 11:30:28 [INFO] Peak 5GB memory:   6070 MB
2026-04-09 11:30:28 [INFO] Avg  5GB memory:   3632 MB
2026-04-09 11:30:28 [INFO] [181/441] Split [28, 7, 4, 1] | Batch: 8 | Microbatch: 4 | Microbatches: 2
2026-04-09 11:30:28 [INFO] Loading WikiText... (SEQ_LEN=64, BATCH=8)
2026-04-09 11:30:47 [INFO] [Rank 3] Loading weights...
2026-04-09 11:30:50 [INFO] [Rank 3] Weights loaded.
2026-04-09 11:30:54 [INFO] [Rank 2] Loading weights...
2026-04-09 11:30:58 [INFO] [Rank 2] Weights loaded.
2026-04-09 11:31:06 [INFO] [Rank 1] Loading weights...
2026-04-09 11:31:11 [INFO] [Rank 1] Weights loaded.
2026-04-09 11:32:31 [INFO] [Rank 0] Loading weights...
2026-04-09 11:32:45 [INFO] [Rank 0] Weights loaded.
2026-04-09 11:34:27 [INFO] [Rank 0] Finished. Latency: 102149 ms
2026-04-09 11:34:27 [INFO] [Rank 2] Finished. Latency: 102149 ms
2026-04-09 11:34:27 [INFO] [Rank 1] Finished. Latency: 102149 ms
2026-04-09 11:34:27 [INFO] [Rank 3] Finished. Latency: 102158 ms
2026-04-09 11:34:31 [INFO] Total latency:     102149 ms
2026-04-09 11:34:31 [INFO] Peak 5GB memory:   5010 MB
2026-04-09 11:34:31 [INFO] Avg  5GB memory:   2380 MB
2026-04-09 11:34:31 [INFO] [182/441] Split [28, 7, 4, 1] | Batch: 8 | Microbatch: 2 | Microbatches: 4
2026-04-09 11:34:31 [INFO] Loading WikiText... (SEQ_LEN=64, BATCH=8)
2026-04-09 11:34:49 [INFO] [Rank 3] Loading weights...
2026-04-09 11:34:53 [INFO] [Rank 3] Weights loaded.
2026-04-09 11:34:57 [INFO] [Rank 2] Loading weights...
2026-04-09 11:35:00 [INFO] [Rank 2] Weights loaded.
2026-04-09 11:35:09 [INFO] [Rank 1] Loading weights...
2026-04-09 11:35:14 [INFO] [Rank 1] Weights loaded.
2026-04-09 11:36:33 [INFO] [Rank 0] Loading weights...
2026-04-09 11:36:47 [INFO] [Rank 0] Weights loaded.
2026-04-09 11:40:06 [INFO] [Rank 1] Finished. Latency: 198757 ms
2026-04-09 11:40:06 [INFO] [Rank 2] Finished. Latency: 198757 ms
2026-04-09 11:40:06 [INFO] [Rank 0] Finished. Latency: 198757 ms
2026-04-09 11:40:06 [INFO] [Rank 3] Finished. Latency: 198766 ms
2026-04-09 11:40:10 [INFO] Total latency:     198757 ms
2026-04-09 11:40:10 [INFO] Peak 5GB memory:   5010 MB
2026-04-09 11:40:10 [INFO] Avg  5GB memory:   2422 MB
2026-04-09 11:40:10 [INFO] [183/441] Split [28, 7, 4, 1] | Batch: 16 | Microbatch: 8 | Microbatches: 2
2026-04-09 11:40:10 [INFO] Loading WikiText... (SEQ_LEN=64, BATCH=16)
2026-04-09 11:40:28 [INFO] [Rank 3] Loading weights...
2026-04-09 11:40:31 [INFO] [Rank 3] Weights loaded.
2026-04-09 11:40:35 [INFO] [Rank 2] Loading weights...
2026-04-09 11:40:39 [INFO] [Rank 2] Weights loaded.
2026-04-09 11:40:47 [INFO] [Rank 1] Loading weights...
2026-04-09 11:40:53 [INFO] [Rank 1] Weights loaded.
2026-04-09 11:42:12 [INFO] [Rank 0] Loading weights...
2026-04-09 11:42:26 [INFO] [Rank 0] Weights loaded.
2026-04-09 11:44:12 [INFO] [Rank 0] Finished. Latency: 105514 ms
2026-04-09 11:44:12 [INFO] [Rank 1] Finished. Latency: 105513 ms
2026-04-09 11:44:12 [INFO] [Rank 2] Finished. Latency: 105513 ms
2026-04-09 11:44:12 [INFO] [Rank 3] Finished. Latency: 105523 ms
2026-04-09 11:44:16 [INFO] Total latency:     105514 ms
2026-04-09 11:44:16 [INFO] Peak 5GB memory:   3730 MB
2026-04-09 11:44:16 [INFO] Avg  5GB memory:   2409 MB
2026-04-09 11:44:16 [INFO] [184/441] Split [28, 7, 4, 1] | Batch: 16 | Microbatch: 4 | Microbatches: 4
2026-04-09 11:44:16 [INFO] Loading WikiText... (SEQ_LEN=64, BATCH=16)
2026-04-09 11:44:34 [INFO] [Rank 3] Loading weights...
2026-04-09 11:44:37 [INFO] [Rank 3] Weights loaded.
2026-04-09 11:44:41 [INFO] [Rank 2] Loading weights...
2026-04-09 11:44:45 [INFO] [Rank 2] Weights loaded.
2026-04-09 11:44:54 [INFO] [Rank 1] Loading weights...
2026-04-09 11:44:59 [INFO] [Rank 1] Weights loaded.
2026-04-09 11:46:18 [INFO] [Rank 0] Loading weights...
2026-04-09 11:46:32 [INFO] [Rank 0] Weights loaded.
2026-04-09 11:49:55 [INFO] [Rank 2] Finished. Latency: 202571 ms
2026-04-09 11:49:55 [INFO] [Rank 1] Finished. Latency: 202571 ms
2026-04-09 11:49:55 [INFO] [Rank 0] Finished. Latency: 202571 ms
2026-04-09 11:49:55 [INFO] [Rank 3] Finished. Latency: 202581 ms
2026-04-09 11:49:59 [INFO] Total latency:     202571 ms
2026-04-09 11:49:59 [INFO] Peak 5GB memory:   5010 MB
2026-04-09 11:49:59 [INFO] Avg  5GB memory:   2438 MB
2026-04-09 11:49:59 [INFO] [185/441] Split [28, 7, 4, 1] | Batch: 16 | Microbatch: 2 | Microbatches: 8
2026-04-09 11:49:59 [INFO] Loading WikiText... (SEQ_LEN=64, BATCH=16)
2026-04-09 11:50:17 [INFO] [Rank 3] Loading weights...
2026-04-09 11:50:20 [INFO] [Rank 3] Weights loaded.
2026-04-09 11:50:24 [INFO] [Rank 2] Loading weights...
2026-04-09 11:50:28 [INFO] [Rank 2] Weights loaded.
2026-04-09 11:50:36 [INFO] [Rank 1] Loading weights...
2026-04-09 11:50:41 [INFO] [Rank 1] Weights loaded.
2026-04-09 11:52:00 [INFO] [Rank 0] Loading weights...
2026-04-09 11:52:14 [INFO] [Rank 0] Weights loaded.
2026-04-09 11:58:49 [INFO] [Rank 1] Finished. Latency: 394894 ms
2026-04-09 11:58:49 [INFO] [Rank 2] Finished. Latency: 394894 ms
2026-04-09 11:58:49 [INFO] [Rank 0] Finished. Latency: 394894 ms
2026-04-09 11:58:49 [INFO] [Rank 3] Finished. Latency: 394903 ms
2026-04-09 11:58:53 [INFO] Total latency:     394894 ms
2026-04-09 11:58:53 [INFO] Peak 5GB memory:   5010 MB
2026-04-09 11:58:53 [INFO] Avg  5GB memory:   2470 MB
2026-04-09 11:58:53 [INFO] [186/441] Split [28, 7, 4, 1] | Batch: 32 | Microbatch: 16 | Microbatches: 2
2026-04-09 11:58:53 [INFO] Loading WikiText... (SEQ_LEN=64, BATCH=32)
2026-04-09 11:59:12 [INFO] [Rank 3] Loading weights...
2026-04-09 11:59:15 [INFO] [Rank 3] Weights loaded.
2026-04-09 11:59:19 [INFO] [Rank 2] Loading weights...
2026-04-09 11:59:23 [INFO] [Rank 2] Weights loaded.
2026-04-09 11:59:31 [INFO] [Rank 1] Loading weights...
2026-04-09 11:59:36 [INFO] [Rank 1] Weights loaded.
2026-04-09 12:00:56 [INFO] [Rank 0] Loading weights...
2026-04-09 12:01:09 [INFO] [Rank 0] Weights loaded.
2026-04-09 12:03:02 [INFO] [Rank 2] Finished. Latency: 112541 ms
2026-04-09 12:03:02 [INFO] [Rank 1] Finished. Latency: 112541 ms
2026-04-09 12:03:02 [INFO] [Rank 0] Finished. Latency: 112541 ms
2026-04-09 12:03:02 [INFO] [Rank 3] Finished. Latency: 112552 ms
2026-04-09 12:03:06 [INFO] Total latency:     112541 ms
2026-04-09 12:03:06 [INFO] Peak 5GB memory:   5010 MB
2026-04-09 12:03:06 [INFO] Avg  5GB memory:   2512 MB
2026-04-09 12:03:06 [INFO] [187/441] Split [28, 7, 4, 1] | Batch: 32 | Microbatch: 8 | Microbatches: 4
2026-04-09 12:03:06 [INFO] Loading WikiText... (SEQ_LEN=64, BATCH=32)
2026-04-09 12:03:25 [INFO] [Rank 3] Loading weights...
2026-04-09 12:03:28 [INFO] [Rank 3] Weights loaded.
2026-04-09 12:03:32 [INFO] [Rank 2] Loading weights...
2026-04-09 12:03:36 [INFO] [Rank 2] Weights loaded.
2026-04-09 12:03:44 [INFO] [Rank 1] Loading weights...
2026-04-09 12:03:49 [INFO] [Rank 1] Weights loaded.
2026-04-09 12:05:08 [INFO] [Rank 0] Loading weights...
2026-04-09 12:05:22 [INFO] [Rank 0] Weights loaded.
2026-04-09 12:08:51 [INFO] [Rank 1] Finished. Latency: 209153 ms
2026-04-09 12:08:51 [INFO] [Rank 2] Finished. Latency: 209153 ms
2026-04-09 12:08:51 [INFO] [Rank 0] Finished. Latency: 209153 ms
2026-04-09 12:08:51 [INFO] [Rank 3] Finished. Latency: 209162 ms
2026-04-09 12:08:55 [INFO] Total latency:     209153 ms
2026-04-09 12:08:55 [INFO] Peak 5GB memory:   5010 MB
2026-04-09 12:08:55 [INFO] Avg  5GB memory:   2487 MB
2026-04-09 12:08:55 [INFO] [188/441] Split [28, 7, 4, 1] | Batch: 32 | Microbatch: 4 | Microbatches: 8
2026-04-09 12:08:55 [INFO] Loading WikiText... (SEQ_LEN=64, BATCH=32)
2026-04-09 12:09:13 [INFO] [Rank 3] Loading weights...
2026-04-09 12:09:16 [INFO] [Rank 3] Weights loaded.
2026-04-09 12:09:20 [INFO] [Rank 2] Loading weights...
2026-04-09 12:09:24 [INFO] [Rank 2] Weights loaded.
2026-04-09 12:09:32 [INFO] [Rank 1] Loading weights...
2026-04-09 12:09:37 [INFO] [Rank 1] Weights loaded.
2026-04-09 12:10:57 [INFO] [Rank 0] Loading weights...
2026-04-09 12:11:11 [INFO] [Rank 0] Weights loaded.
2026-04-09 12:17:54 [INFO] [Rank 2] Finished. Latency: 402902 ms
2026-04-09 12:17:54 [INFO] [Rank 1] Finished. Latency: 402902 ms
2026-04-09 12:17:54 [INFO] [Rank 0] Finished. Latency: 402902 ms
2026-04-09 12:17:54 [INFO] [Rank 3] Finished. Latency: 402911 ms
2026-04-09 12:17:58 [INFO] Total latency:     402902 ms
2026-04-09 12:17:58 [INFO] Peak 5GB memory:   5010 MB
2026-04-09 12:17:58 [INFO] Avg  5GB memory:   2514 MB
2026-04-09 12:17:58 [INFO] [189/441] Split [28, 7, 4, 1] | Batch: 32 | Microbatch: 2 | Microbatches: 16
2026-04-09 12:17:58 [INFO] Loading WikiText... (SEQ_LEN=64, BATCH=32)
2026-04-09 12:18:16 [INFO] [Rank 3] Loading weights...
2026-04-09 12:18:20 [INFO] [Rank 3] Weights loaded.
2026-04-09 12:18:23 [INFO] [Rank 2] Loading weights...
2026-04-09 12:18:27 [INFO] [Rank 2] Weights loaded.
2026-04-09 12:18:35 [INFO] [Rank 1] Loading weights...
2026-04-09 12:18:41 [INFO] [Rank 1] Weights loaded.
2026-04-09 12:20:00 [INFO] [Rank 0] Loading weights...
2026-04-09 12:20:14 [INFO] [Rank 0] Weights loaded.
2026-04-09 12:33:23 [INFO] [Rank 1] Finished. Latency: 788169 ms
2026-04-09 12:33:23 [INFO] [Rank 2] Finished. Latency: 788169 ms
2026-04-09 12:33:23 [INFO] [Rank 0] Finished. Latency: 788169 ms
2026-04-09 12:33:23 [INFO] [Rank 3] Finished. Latency: 788179 ms
2026-04-09 12:33:26 [INFO] Total latency:     788169 ms
2026-04-09 12:33:26 [INFO] Peak 5GB memory:   5010 MB
2026-04-09 12:33:26 [INFO] Avg  5GB memory:   2545 MB
2026-04-09 12:33:26 [INFO] [190/441] Split [28, 8, 2, 2] | Batch: 8 | Microbatch: 4 | Microbatches: 2
2026-04-09 12:33:26 [INFO] Loading WikiText... (SEQ_LEN=64, BATCH=8)
2026-04-09 12:33:44 [INFO] [Rank 2] Loading weights...
2026-04-09 12:33:47 [INFO] [Rank 2] Weights loaded.
2026-04-09 12:33:49 [INFO] [Rank 3] Loading weights...
2026-04-09 12:33:53 [INFO] [Rank 3] Weights loaded.
2026-04-09 12:34:08 [INFO] [Rank 1] Loading weights...
2026-04-09 12:34:13 [INFO] [Rank 1] Weights loaded.
2026-04-09 12:35:29 [INFO] [Rank 0] Loading weights...
2026-04-09 12:35:43 [INFO] [Rank 0] Weights loaded.
2026-04-09 12:37:23 [INFO] [Rank 1] Finished. Latency: 99714 ms
2026-04-09 12:37:23 [INFO] [Rank 2] Finished. Latency: 99714 ms
2026-04-09 12:37:23 [INFO] [Rank 0] Finished. Latency: 99714 ms
2026-04-09 12:37:23 [INFO] [Rank 3] Finished. Latency: 99727 ms
2026-04-09 12:37:27 [INFO] Total latency:     99714 ms
2026-04-09 12:37:27 [INFO] Peak 5GB memory:   6070 MB
2026-04-09 12:37:27 [INFO] Avg  5GB memory:   3351 MB
2026-04-09 12:37:27 [INFO] [191/441] Split [28, 8, 2, 2] | Batch: 8 | Microbatch: 2 | Microbatches: 4
2026-04-09 12:37:27 [INFO] Loading WikiText... (SEQ_LEN=64, BATCH=8)
2026-04-09 12:37:43 [INFO] [Rank 2] Loading weights...
2026-04-09 12:37:46 [INFO] [Rank 2] Weights loaded.
2026-04-09 12:37:48 [INFO] [Rank 3] Loading weights...
2026-04-09 12:37:52 [INFO] [Rank 3] Weights loaded.
2026-04-09 12:38:07 [INFO] [Rank 1] Loading weights...
2026-04-09 12:38:13 [INFO] [Rank 1] Weights loaded.
2026-04-09 12:39:28 [INFO] [Rank 0] Loading weights...
2026-04-09 12:39:42 [INFO] [Rank 0] Weights loaded.
2026-04-09 12:42:56 [INFO] [Rank 2] Finished. Latency: 193918 ms
2026-04-09 12:42:56 [INFO] [Rank 1] Finished. Latency: 193918 ms
2026-04-09 12:42:56 [INFO] [Rank 0] Finished. Latency: 193918 ms
2026-04-09 12:42:56 [INFO] [Rank 3] Finished. Latency: 193931 ms
2026-04-09 12:43:00 [INFO] Total latency:     193918 ms
2026-04-09 12:43:00 [INFO] Peak 5GB memory:   6070 MB
2026-04-09 12:43:00 [INFO] Avg  5GB memory:   3422 MB
2026-04-09 12:43:00 [INFO] [192/441] Split [28, 8, 2, 2] | Batch: 16 | Microbatch: 8 | Microbatches: 2
2026-04-09 12:43:00 [INFO] Loading WikiText... (SEQ_LEN=64, BATCH=16)
2026-04-09 12:43:18 [INFO] [Rank 2] Loading weights...
2026-04-09 12:43:21 [INFO] [Rank 2] Weights loaded.
2026-04-09 12:43:23 [INFO] [Rank 3] Loading weights...
2026-04-09 12:43:26 [INFO] [Rank 3] Weights loaded.
2026-04-09 12:43:41 [INFO] [Rank 1] Loading weights...
2026-04-09 12:43:47 [INFO] [Rank 1] Weights loaded.
2026-04-09 12:45:03 [INFO] [Rank 0] Loading weights...
2026-04-09 12:45:16 [INFO] [Rank 0] Weights loaded.
2026-04-09 12:47:00 [INFO] [Rank 1] Finished. Latency: 102981 ms
2026-04-09 12:47:00 [INFO] [Rank 2] Finished. Latency: 102981 ms
2026-04-09 12:47:00 [INFO] [Rank 0] Finished. Latency: 102981 ms
2026-04-09 12:47:00 [INFO] [Rank 3] Finished. Latency: 102995 ms
2026-04-09 12:47:03 [INFO] Total latency:     102981 ms
2026-04-09 12:47:03 [INFO] Peak 5GB memory:   4790 MB
2026-04-09 12:47:03 [INFO] Avg  5GB memory:   3374 MB
2026-04-09 12:47:03 [INFO] [193/441] Split [28, 8, 2, 2] | Batch: 16 | Microbatch: 4 | Microbatches: 4
2026-04-09 12:47:03 [INFO] Loading WikiText... (SEQ_LEN=64, BATCH=16)
2026-04-09 12:47:21 [INFO] [Rank 2] Loading weights...
2026-04-09 12:47:24 [INFO] [Rank 2] Weights loaded.
2026-04-09 12:47:26 [INFO] [Rank 3] Loading weights...
2026-04-09 12:47:29 [INFO] [Rank 3] Weights loaded.
2026-04-09 12:47:45 [INFO] [Rank 1] Loading weights...
2026-04-09 12:47:51 [INFO] [Rank 1] Weights loaded.
2026-04-09 12:49:06 [INFO] [Rank 0] Loading weights...
2026-04-09 12:49:20 [INFO] [Rank 0] Weights loaded.
2026-04-09 12:52:37 [INFO] [Rank 2] Finished. Latency: 197601 ms
2026-04-09 12:52:37 [INFO] [Rank 0] Finished. Latency: 197602 ms
2026-04-09 12:52:37 [INFO] [Rank 1] Finished. Latency: 197602 ms
2026-04-09 12:52:37 [INFO] [Rank 3] Finished. Latency: 197615 ms
2026-04-09 12:52:41 [INFO] Total latency:     197602 ms
2026-04-09 12:52:41 [INFO] Peak 5GB memory:   6070 MB
2026-04-09 12:52:41 [INFO] Avg  5GB memory:   3444 MB
2026-04-09 12:52:41 [INFO] [194/441] Split [28, 8, 2, 2] | Batch: 16 | Microbatch: 2 | Microbatches: 8
2026-04-09 12:52:41 [INFO] Loading WikiText... (SEQ_LEN=64, BATCH=16)
2026-04-09 12:52:59 [INFO] [Rank 2] Loading weights...
2026-04-09 12:53:02 [INFO] [Rank 2] Weights loaded.
2026-04-09 12:53:04 [INFO] [Rank 3] Loading weights...
2026-04-09 12:53:07 [INFO] [Rank 3] Weights loaded.
2026-04-09 12:53:23 [INFO] [Rank 1] Loading weights...
2026-04-09 12:53:29 [INFO] [Rank 1] Weights loaded.
2026-04-09 12:54:43 [INFO] [Rank 0] Loading weights...
2026-04-09 12:54:57 [INFO] [Rank 0] Weights loaded.
2026-04-09 13:01:23 [INFO] [Rank 2] Finished. Latency: 385769 ms
2026-04-09 13:01:23 [INFO] [Rank 1] Finished. Latency: 385769 ms
2026-04-09 13:01:23 [INFO] [Rank 0] Finished. Latency: 385769 ms
2026-04-09 13:01:23 [INFO] [Rank 3] Finished. Latency: 385782 ms
2026-04-09 13:01:27 [INFO] Total latency:     385769 ms
2026-04-09 13:01:27 [INFO] Peak 5GB memory:   6070 MB
2026-04-09 13:01:27 [INFO] Avg  5GB memory:   3514 MB
2026-04-09 13:01:27 [INFO] [195/441] Split [28, 8, 2, 2] | Batch: 32 | Microbatch: 16 | Microbatches: 2
2026-04-09 13:01:27 [INFO] Loading WikiText... (SEQ_LEN=64, BATCH=32)
2026-04-09 13:01:45 [INFO] [Rank 2] Loading weights...
2026-04-09 13:01:48 [INFO] [Rank 2] Weights loaded.
2026-04-09 13:01:50 [INFO] [Rank 3] Loading weights...
2026-04-09 13:01:53 [INFO] [Rank 3] Weights loaded.
2026-04-09 13:02:09 [INFO] [Rank 1] Loading weights...
2026-04-09 13:02:15 [INFO] [Rank 1] Weights loaded.
2026-04-09 13:03:29 [INFO] [Rank 0] Loading weights...
2026-04-09 13:03:43 [INFO] [Rank 0] Weights loaded.
2026-04-09 13:05:33 [INFO] [Rank 2] Finished. Latency: 109996 ms
2026-04-09 13:05:33 [INFO] [Rank 1] Finished. Latency: 109996 ms
2026-04-09 13:05:33 [INFO] [Rank 0] Finished. Latency: 109996 ms
2026-04-09 13:05:33 [INFO] [Rank 3] Finished. Latency: 110011 ms
2026-04-09 13:05:37 [INFO] Total latency:     109996 ms
2026-04-09 13:05:37 [INFO] Peak 5GB memory:   4790 MB
2026-04-09 13:05:37 [INFO] Avg  5GB memory:   3465 MB
2026-04-09 13:05:37 [INFO] [196/441] Split [28, 8, 2, 2] | Batch: 32 | Microbatch: 8 | Microbatches: 4
2026-04-09 13:05:37 [INFO] Loading WikiText... (SEQ_LEN=64, BATCH=32)
2026-04-09 13:05:56 [INFO] [Rank 2] Loading weights...
2026-04-09 13:05:58 [INFO] [Rank 2] Weights loaded.
2026-04-09 13:06:00 [INFO] [Rank 3] Loading weights...
2026-04-09 13:06:04 [INFO] [Rank 3] Weights loaded.
2026-04-09 13:06:19 [INFO] [Rank 1] Loading weights...
2026-04-09 13:06:25 [INFO] [Rank 1] Weights loaded.
2026-04-09 13:07:40 [INFO] [Rank 0] Loading weights...
2026-04-09 13:07:54 [INFO] [Rank 0] Weights loaded.
2026-04-09 13:11:18 [INFO] [Rank 2] Finished. Latency: 204202 ms
2026-04-09 13:11:18 [INFO] [Rank 1] Finished. Latency: 204202 ms
2026-04-09 13:11:18 [INFO] [Rank 0] Finished. Latency: 204202 ms
2026-04-09 13:11:18 [INFO] [Rank 3] Finished. Latency: 204216 ms
2026-04-09 13:11:22 [INFO] Total latency:     204202 ms
2026-04-09 13:11:22 [INFO] Peak 5GB memory:   6070 MB
2026-04-09 13:11:22 [INFO] Avg  5GB memory:   3510 MB
2026-04-09 13:11:22 [INFO] [197/441] Split [28, 8, 2, 2] | Batch: 32 | Microbatch: 4 | Microbatches: 8
2026-04-09 13:11:22 [INFO] Loading WikiText... (SEQ_LEN=64, BATCH=32)
2026-04-09 13:11:40 [INFO] [Rank 2] Loading weights...
2026-04-09 13:11:43 [INFO] [Rank 2] Weights loaded.
2026-04-09 13:11:45 [INFO] [Rank 3] Loading weights...
2026-04-09 13:11:48 [INFO] [Rank 3] Weights loaded.
2026-04-09 13:12:03 [INFO] [Rank 1] Loading weights...
2026-04-09 13:12:09 [INFO] [Rank 1] Weights loaded.
2026-04-09 13:13:25 [INFO] [Rank 0] Loading weights...
2026-04-09 13:13:39 [INFO] [Rank 0] Weights loaded.
2026-04-09 13:20:12 [INFO] [Rank 2] Finished. Latency: 392784 ms
2026-04-09 13:20:12 [INFO] [Rank 1] Finished. Latency: 392784 ms
2026-04-09 13:20:12 [INFO] [Rank 0] Finished. Latency: 392784 ms
2026-04-09 13:20:12 [INFO] [Rank 3] Finished. Latency: 392798 ms
2026-04-09 13:20:16 [INFO] Total latency:     392784 ms
2026-04-09 13:20:16 [INFO] Peak 5GB memory:   4790 MB
2026-04-09 13:20:16 [INFO] Avg  5GB memory:   3560 MB
2026-04-09 13:20:16 [INFO] [198/441] Split [28, 8, 2, 2] | Batch: 32 | Microbatch: 2 | Microbatches: 16
2026-04-09 13:20:16 [INFO] Loading WikiText... (SEQ_LEN=64, BATCH=32)
2026-04-09 13:20:33 [INFO] [Rank 2] Loading weights...
2026-04-09 13:20:36 [INFO] [Rank 2] Weights loaded.
2026-04-09 13:20:38 [INFO] [Rank 3] Loading weights...
2026-04-09 13:20:42 [INFO] [Rank 3] Weights loaded.
2026-04-09 13:20:57 [INFO] [Rank 1] Loading weights...
2026-04-09 13:21:03 [INFO] [Rank 1] Weights loaded.
2026-04-09 13:22:18 [INFO] [Rank 0] Loading weights...
2026-04-09 13:22:32 [INFO] [Rank 0] Weights loaded.
2026-04-09 13:35:21 [INFO] [Rank 2] Finished. Latency: 769322 ms
2026-04-09 13:35:21 [INFO] [Rank 1] Finished. Latency: 769322 ms
2026-04-09 13:35:21 [INFO] [Rank 0] Finished. Latency: 769323 ms
2026-04-09 13:35:21 [INFO] [Rank 3] Finished. Latency: 769336 ms
2026-04-09 13:35:25 [INFO] Total latency:     769323 ms
2026-04-09 13:35:25 [INFO] Peak 5GB memory:   6070 MB
2026-04-09 13:35:25 [INFO] Avg  5GB memory:   3633 MB
2026-04-09 13:35:25 [INFO] [199/441] Split [28, 8, 3, 1] | Batch: 8 | Microbatch: 4 | Microbatches: 2
2026-04-09 13:35:25 [INFO] Loading WikiText... (SEQ_LEN=64, BATCH=8)
2026-04-09 13:35:44 [INFO] [Rank 3] Loading weights...
2026-04-09 13:35:47 [INFO] [Rank 2] Loading weights...
2026-04-09 13:35:47 [INFO] [Rank 3] Weights loaded.
2026-04-09 13:35:50 [INFO] [Rank 2] Weights loaded.
2026-04-09 13:36:07 [INFO] [Rank 1] Loading weights...
2026-04-09 13:36:13 [INFO] [Rank 1] Weights loaded.
2026-04-09 13:37:28 [INFO] [Rank 0] Loading weights...
2026-04-09 13:37:41 [INFO] [Rank 0] Weights loaded.
2026-04-09 13:39:22 [INFO] [Rank 1] Finished. Latency: 100001 ms
2026-04-09 13:39:22 [INFO] [Rank 2] Finished. Latency: 100001 ms
2026-04-09 13:39:22 [INFO] [Rank 0] Finished. Latency: 100001 ms
2026-04-09 13:39:22 [INFO] [Rank 3] Finished. Latency: 100010 ms
2026-04-09 13:39:26 [INFO] Total latency:     100001 ms
2026-04-09 13:39:26 [INFO] Peak 5GB memory:   5010 MB
2026-04-09 13:39:26 [INFO] Avg  5GB memory:   2379 MB
2026-04-09 13:39:26 [INFO] [200/441] Split [28, 8, 3, 1] | Batch: 8 | Microbatch: 2 | Microbatches: 4
2026-04-09 13:39:26 [INFO] Loading WikiText... (SEQ_LEN=64, BATCH=8)
2026-04-09 13:39:44 [INFO] [Rank 3] Loading weights...
2026-04-09 13:39:47 [INFO] [Rank 3] Weights loaded.
2026-04-09 13:39:47 [INFO] [Rank 2] Loading weights...
2026-04-09 13:39:51 [INFO] [Rank 2] Weights loaded.
2026-04-09 13:40:07 [INFO] [Rank 1] Loading weights...
2026-04-09 13:40:13 [INFO] [Rank 1] Weights loaded.
2026-04-09 13:41:28 [INFO] [Rank 0] Loading weights...
2026-04-09 13:41:42 [INFO] [Rank 0] Weights loaded.
2026-04-09 13:44:56 [INFO] [Rank 1] Finished. Latency: 194368 ms
2026-04-09 13:44:56 [INFO] [Rank 2] Finished. Latency: 194368 ms
2026-04-09 13:44:56 [INFO] [Rank 0] Finished. Latency: 194368 ms
2026-04-09 13:44:56 [INFO] [Rank 3] Finished. Latency: 194378 ms
2026-04-09 13:45:00 [INFO] Total latency:     194368 ms
2026-04-09 13:45:00 [INFO] Peak 5GB memory:   3730 MB
2026-04-09 13:45:00 [INFO] Avg  5GB memory:   2406 MB
2026-04-09 13:45:00 [INFO] [201/441] Split [28, 8, 3, 1] | Batch: 16 | Microbatch: 8 | Microbatches: 2
2026-04-09 13:45:00 [INFO] Loading WikiText... (SEQ_LEN=64, BATCH=16)
2026-04-09 13:45:18 [INFO] [Rank 3] Loading weights...
2026-04-09 13:45:22 [INFO] [Rank 3] Weights loaded.
2026-04-09 13:45:22 [INFO] [Rank 2] Loading weights...
2026-04-09 13:45:25 [INFO] [Rank 2] Weights loaded.
2026-04-09 13:45:41 [INFO] [Rank 1] Loading weights...
2026-04-09 13:45:47 [INFO] [Rank 1] Weights loaded.
2026-04-09 13:47:03 [INFO] [Rank 0] Loading weights...
2026-04-09 13:47:17 [INFO] [Rank 0] Weights loaded.
2026-04-09 13:49:00 [INFO] [Rank 2] Finished. Latency: 103123 ms
2026-04-09 13:49:00 [INFO] [Rank 1] Finished. Latency: 103123 ms
2026-04-09 13:49:00 [INFO] [Rank 0] Finished. Latency: 103123 ms
2026-04-09 13:49:00 [INFO] [Rank 3] Finished. Latency: 103133 ms
2026-04-09 13:49:04 [INFO] Total latency:     103123 ms
2026-04-09 13:49:04 [INFO] Peak 5GB memory:   3730 MB
2026-04-09 13:49:04 [INFO] Avg  5GB memory:   2412 MB
2026-04-09 13:49:04 [INFO] [202/441] Split [28, 8, 3, 1] | Batch: 16 | Microbatch: 4 | Microbatches: 4
2026-04-09 13:49:04 [INFO] Loading WikiText... (SEQ_LEN=64, BATCH=16)
2026-04-09 13:49:23 [INFO] [Rank 3] Loading weights...
2026-04-09 13:49:26 [INFO] [Rank 3] Weights loaded.
2026-04-09 13:49:26 [INFO] [Rank 2] Loading weights...
2026-04-09 13:49:30 [INFO] [Rank 2] Weights loaded.
2026-04-09 13:49:46 [INFO] [Rank 1] Loading weights...
2026-04-09 13:49:52 [INFO] [Rank 1] Weights loaded.
2026-04-09 13:51:07 [INFO] [Rank 0] Loading weights...
2026-04-09 13:51:21 [INFO] [Rank 0] Weights loaded.
2026-04-09 13:54:39 [INFO] [Rank 1] Finished. Latency: 198056 ms
2026-04-09 13:54:39 [INFO] [Rank 2] Finished. Latency: 198056 ms
2026-04-09 13:54:39 [INFO] [Rank 0] Finished. Latency: 198056 ms
2026-04-09 13:54:39 [INFO] [Rank 3] Finished. Latency: 198065 ms
2026-04-09 13:54:43 [INFO] Total latency:     198056 ms
2026-04-09 13:54:43 [INFO] Peak 5GB memory:   3730 MB
2026-04-09 13:54:43 [INFO] Avg  5GB memory:   2433 MB
2026-04-09 13:54:43 [INFO] [203/441] Split [28, 8, 3, 1] | Batch: 16 | Microbatch: 2 | Microbatches: 8
2026-04-09 13:54:43 [INFO] Loading WikiText... (SEQ_LEN=64, BATCH=16)
2026-04-09 13:55:02 [INFO] [Rank 3] Loading weights...
2026-04-09 13:55:05 [INFO] [Rank 3] Weights loaded.
2026-04-09 13:55:05 [INFO] [Rank 2] Loading weights...
2026-04-09 13:55:08 [INFO] [Rank 2] Weights loaded.
2026-04-09 13:55:24 [INFO] [Rank 1] Loading weights...
2026-04-09 13:55:30 [INFO] [Rank 1] Weights loaded.
2026-04-09 13:56:45 [INFO] [Rank 0] Loading weights...
2026-04-09 13:56:59 [INFO] [Rank 0] Weights loaded.
2026-04-09 14:03:25 [INFO] [Rank 2] Finished. Latency: 386005 ms
2026-04-09 14:03:25 [INFO] [Rank 0] Finished. Latency: 386005 ms
2026-04-09 14:03:25 [INFO] [Rank 1] Finished. Latency: 386005 ms
2026-04-09 14:03:25 [INFO] [Rank 3] Finished. Latency: 386014 ms
2026-04-09 14:03:29 [INFO] Total latency:     386005 ms
2026-04-09 14:03:29 [INFO] Peak 5GB memory:   3730 MB
2026-04-09 14:03:29 [INFO] Avg  5GB memory:   2465 MB
2026-04-09 14:03:29 [INFO] [204/441] Split [28, 8, 3, 1] | Batch: 32 | Microbatch: 16 | Microbatches: 2
2026-04-09 14:03:29 [INFO] Loading WikiText... (SEQ_LEN=64, BATCH=32)
2026-04-09 14:03:48 [INFO] [Rank 3] Loading weights...
2026-04-09 14:03:51 [INFO] [Rank 3] Weights loaded.
2026-04-09 14:03:51 [INFO] [Rank 2] Loading weights...
2026-04-09 14:03:55 [INFO] [Rank 2] Weights loaded.
2026-04-09 14:04:11 [INFO] [Rank 1] Loading weights...
2026-04-09 14:04:16 [INFO] [Rank 1] Weights loaded.
2026-04-09 14:05:32 [INFO] [Rank 0] Loading weights...
2026-04-09 14:05:46 [INFO] [Rank 0] Weights loaded.
2026-04-09 14:07:36 [INFO] [Rank 2] Finished. Latency: 109974 ms
2026-04-09 14:07:36 [INFO] [Rank 1] Finished. Latency: 109974 ms
2026-04-09 14:07:36 [INFO] [Rank 0] Finished. Latency: 109974 ms
2026-04-09 14:07:36 [INFO] [Rank 3] Finished. Latency: 109985 ms
2026-04-09 14:07:40 [INFO] Total latency:     109974 ms
2026-04-09 14:07:40 [INFO] Peak 5GB memory:   3730 MB
2026-04-09 14:07:40 [INFO] Avg  5GB memory:   2499 MB
2026-04-09 14:07:40 [INFO] [205/441] Split [28, 8, 3, 1] | Batch: 32 | Microbatch: 8 | Microbatches: 4
2026-04-09 14:07:40 [INFO] Loading WikiText... (SEQ_LEN=64, BATCH=32)
2026-04-09 14:07:59 [INFO] [Rank 3] Loading weights...
2026-04-09 14:08:02 [INFO] [Rank 3] Weights loaded.
2026-04-09 14:08:02 [INFO] [Rank 2] Loading weights...
2026-04-09 14:08:05 [INFO] [Rank 2] Weights loaded.
2026-04-09 14:08:21 [INFO] [Rank 1] Loading weights...
2026-04-09 14:08:27 [INFO] [Rank 1] Weights loaded.
2026-04-09 14:09:43 [INFO] [Rank 0] Loading weights...
2026-04-09 14:09:56 [INFO] [Rank 0] Weights loaded.
2026-04-09 14:13:21 [INFO] [Rank 1] Finished. Latency: 204545 ms
2026-04-09 14:13:21 [INFO] [Rank 2] Finished. Latency: 204545 ms
2026-04-09 14:13:21 [INFO] [Rank 0] Finished. Latency: 204545 ms
2026-04-09 14:13:21 [INFO] [Rank 3] Finished. Latency: 204555 ms
2026-04-09 14:13:25 [INFO] Total latency:     204545 ms
2026-04-09 14:13:25 [INFO] Peak 5GB memory:   5010 MB
2026-04-09 14:13:25 [INFO] Avg  5GB memory:   2488 MB
2026-04-09 14:13:25 [INFO] [206/441] Split [28, 8, 3, 1] | Batch: 32 | Microbatch: 4 | Microbatches: 8
2026-04-09 14:13:25 [INFO] Loading WikiText... (SEQ_LEN=64, BATCH=32)
2026-04-09 14:13:44 [INFO] [Rank 3] Loading weights...
2026-04-09 14:13:47 [INFO] [Rank 2] Loading weights...
2026-04-09 14:13:47 [INFO] [Rank 3] Weights loaded.
2026-04-09 14:13:50 [INFO] [Rank 2] Weights loaded.
2026-04-09 14:14:06 [INFO] [Rank 1] Loading weights...
2026-04-09 14:14:12 [INFO] [Rank 1] Weights loaded.
2026-04-09 14:15:27 [INFO] [Rank 0] Loading weights...
2026-04-09 14:15:41 [INFO] [Rank 0] Weights loaded.
2026-04-09 14:22:14 [INFO] [Rank 1] Finished. Latency: 393484 ms
2026-04-09 14:22:14 [INFO] [Rank 2] Finished. Latency: 393484 ms
2026-04-09 14:22:14 [INFO] [Rank 0] Finished. Latency: 393484 ms
2026-04-09 14:22:14 [INFO] [Rank 3] Finished. Latency: 393493 ms
2026-04-09 14:22:18 [INFO] Total latency:     393484 ms
2026-04-09 14:22:18 [INFO] Peak 5GB memory:   3730 MB
2026-04-09 14:22:18 [INFO] Avg  5GB memory:   2509 MB
2026-04-09 14:22:18 [INFO] [207/441] Split [28, 8, 3, 1] | Batch: 32 | Microbatch: 2 | Microbatches: 16
2026-04-09 14:22:18 [INFO] Loading WikiText... (SEQ_LEN=64, BATCH=32)
2026-04-09 14:22:37 [INFO] [Rank 3] Loading weights...
2026-04-09 14:22:40 [INFO] [Rank 3] Weights loaded.
2026-04-09 14:22:40 [INFO] [Rank 2] Loading weights...
2026-04-09 14:22:43 [INFO] [Rank 2] Weights loaded.
2026-04-09 14:22:59 [INFO] [Rank 1] Loading weights...
2026-04-09 14:23:05 [INFO] [Rank 1] Weights loaded.
2026-04-09 14:24:21 [INFO] [Rank 0] Loading weights...
2026-04-09 14:24:35 [INFO] [Rank 0] Weights loaded.
2026-04-09 14:37:25 [INFO] [Rank 2] Finished. Latency: 770471 ms
2026-04-09 14:37:25 [INFO] [Rank 1] Finished. Latency: 770471 ms
2026-04-09 14:37:25 [INFO] [Rank 0] Finished. Latency: 770471 ms
2026-04-09 14:37:25 [INFO] [Rank 3] Finished. Latency: 770480 ms
2026-04-09 14:37:29 [INFO] Total latency:     770471 ms
2026-04-09 14:37:29 [INFO] Peak 5GB memory:   5010 MB
2026-04-09 14:37:29 [INFO] Avg  5GB memory:   2543 MB
2026-04-09 14:37:29 [INFO] [208/441] Split [28, 8, 4, 0] | Batch: 8 | Microbatch: 4 | Microbatches: 2
2026-04-09 14:37:29 [INFO] Loading WikiText... (SEQ_LEN=64, BATCH=8)
2026-04-09 14:37:44 [INFO] [Rank 3] Loading weights...
2026-04-09 14:37:47 [INFO] [Rank 3] Weights loaded.
2026-04-09 14:37:55 [INFO] [Rank 2] Loading weights...
2026-04-09 14:37:59 [INFO] [Rank 2] Weights loaded.
2026-04-09 14:38:11 [INFO] [Rank 1] Loading weights...
2026-04-09 14:38:17 [INFO] [Rank 1] Weights loaded.
2026-04-09 14:39:31 [INFO] [Rank 0] Loading weights...
2026-04-09 14:39:45 [INFO] [Rank 0] Weights loaded.
2026-04-09 14:41:25 [INFO] [Rank 2] Finished. Latency: 99958 ms
2026-04-09 14:41:25 [INFO] [Rank 1] Finished. Latency: 99958 ms
2026-04-09 14:41:25 [INFO] [Rank 0] Finished. Latency: 99958 ms
2026-04-09 14:41:25 [INFO] [Rank 3] Finished. Latency: 99963 ms
2026-04-09 14:41:29 [INFO] Total latency:     99958 ms
2026-04-09 14:41:29 [INFO] Peak 5GB memory:   3950 MB
2026-04-09 14:41:29 [INFO] Avg  5GB memory:   1365 MB
2026-04-09 14:41:29 [INFO] [209/441] Split [28, 8, 4, 0] | Batch: 8 | Microbatch: 2 | Microbatches: 4
2026-04-09 14:41:29 [INFO] Loading WikiText... (SEQ_LEN=64, BATCH=8)
2026-04-09 14:41:44 [INFO] [Rank 3] Loading weights...
2026-04-09 14:41:46 [INFO] [Rank 3] Weights loaded.
2026-04-09 14:41:56 [INFO] [Rank 2] Loading weights...
2026-04-09 14:42:00 [INFO] [Rank 2] Weights loaded.
2026-04-09 14:42:10 [INFO] [Rank 1] Loading weights...
2026-04-09 14:42:16 [INFO] [Rank 1] Weights loaded.
2026-04-09 14:43:32 [INFO] [Rank 0] Loading weights...
2026-04-09 14:43:46 [INFO] [Rank 0] Weights loaded.
2026-04-09 14:47:01 [INFO] [Rank 2] Finished. Latency: 194055 ms
2026-04-09 14:47:01 [INFO] [Rank 1] Finished. Latency: 194055 ms
2026-04-09 14:47:01 [INFO] [Rank 0] Finished. Latency: 194055 ms
2026-04-09 14:47:01 [INFO] [Rank 3] Finished. Latency: 194060 ms
2026-04-09 14:47:04 [INFO] Total latency:     194055 ms
2026-04-09 14:47:04 [INFO] Peak 5GB memory:   3950 MB
2026-04-09 14:47:04 [INFO] Avg  5GB memory:   1390 MB
2026-04-09 14:47:05 [INFO] [210/441] Split [28, 8, 4, 0] | Batch: 16 | Microbatch: 8 | Microbatches: 2
2026-04-09 14:47:05 [INFO] Loading WikiText... (SEQ_LEN=64, BATCH=16)
2026-04-09 14:47:19 [INFO] [Rank 3] Loading weights...
2026-04-09 14:47:22 [INFO] [Rank 3] Weights loaded.
2026-04-09 14:47:30 [INFO] [Rank 2] Loading weights...
2026-04-09 14:47:34 [INFO] [Rank 2] Weights loaded.
2026-04-09 14:47:46 [INFO] [Rank 1] Loading weights...
2026-04-09 14:47:52 [INFO] [Rank 1] Weights loaded.
2026-04-09 14:49:08 [INFO] [Rank 0] Loading weights...
2026-04-09 14:49:22 [INFO] [Rank 0] Weights loaded.
2026-04-09 14:51:05 [INFO] [Rank 2] Finished. Latency: 103161 ms
2026-04-09 14:51:05 [INFO] [Rank 1] Finished. Latency: 103161 ms
2026-04-09 14:51:05 [INFO] [Rank 0] Finished. Latency: 103161 ms
2026-04-09 14:51:05 [INFO] [Rank 3] Finished. Latency: 103166 ms
2026-04-09 14:51:09 [INFO] Total latency:     103161 ms
2026-04-09 14:51:09 [INFO] Peak 5GB memory:   3950 MB
2026-04-09 14:51:09 [INFO] Avg  5GB memory:   1372 MB
2026-04-09 14:51:09 [INFO] [211/441] Split [28, 8, 4, 0] | Batch: 16 | Microbatch: 4 | Microbatches: 4
2026-04-09 14:51:09 [INFO] Loading WikiText... (SEQ_LEN=64, BATCH=16)
2026-04-09 14:51:24 [INFO] [Rank 3] Loading weights...
2026-04-09 14:51:26 [INFO] [Rank 3] Weights loaded.
2026-04-09 14:51:35 [INFO] [Rank 2] Loading weights...
2026-04-09 14:51:39 [INFO] [Rank 2] Weights loaded.
2026-04-09 14:51:50 [INFO] [Rank 1] Loading weights...
2026-04-09 14:51:56 [INFO] [Rank 1] Weights loaded.
2026-04-09 14:53:12 [INFO] [Rank 0] Loading weights...
2026-04-09 14:53:25 [INFO] [Rank 0] Weights loaded.
2026-04-09 14:56:46 [INFO] [Rank 1] Finished. Latency: 200824 ms
2026-04-09 14:56:46 [INFO] [Rank 0] Finished. Latency: 200824 ms
2026-04-09 14:56:46 [INFO] [Rank 2] Finished. Latency: 200824 ms
2026-04-09 14:56:46 [INFO] [Rank 3] Finished. Latency: 200829 ms
2026-04-09 14:56:50 [INFO] Total latency:     200824 ms
2026-04-09 14:56:50 [INFO] Peak 5GB memory:   3950 MB
2026-04-09 14:56:50 [INFO] Avg  5GB memory:   1392 MB
2026-04-09 14:56:50 [INFO] [212/441] Split [28, 8, 4, 0] | Batch: 16 | Microbatch: 2 | Microbatches: 8
2026-04-09 14:56:50 [INFO] Loading WikiText... (SEQ_LEN=64, BATCH=16)
2026-04-09 14:57:09 [INFO] [Rank 3] Loading weights...
2026-04-09 14:57:11 [INFO] [Rank 3] Weights loaded.
2026-04-09 14:57:19 [INFO] [Rank 2] Loading weights...
2026-04-09 14:57:23 [INFO] [Rank 2] Weights loaded.
2026-04-09 14:57:35 [INFO] [Rank 1] Loading weights...
2026-04-09 14:57:41 [INFO] [Rank 1] Weights loaded.
2026-04-09 14:58:56 [INFO] [Rank 0] Loading weights...
2026-04-09 14:59:10 [INFO] [Rank 0] Weights loaded.
2026-04-09 15:05:37 [INFO] [Rank 2] Finished. Latency: 386280 ms
2026-04-09 15:05:37 [INFO] [Rank 1] Finished. Latency: 386280 ms
2026-04-09 15:05:37 [INFO] [Rank 0] Finished. Latency: 386280 ms
2026-04-09 15:05:37 [INFO] [Rank 3] Finished. Latency: 386285 ms
2026-04-09 15:05:41 [INFO] Total latency:     386280 ms
2026-04-09 15:05:41 [INFO] Peak 5GB memory:   2670 MB
2026-04-09 15:05:41 [INFO] Avg  5GB memory:   1407 MB
2026-04-09 15:05:41 [INFO] [213/441] Split [28, 8, 4, 0] | Batch: 32 | Microbatch: 16 | Microbatches: 2
2026-04-09 15:05:41 [INFO] Loading WikiText... (SEQ_LEN=64, BATCH=32)
2026-04-09 15:05:55 [INFO] [Rank 3] Loading weights...
2026-04-09 15:05:58 [INFO] [Rank 3] Weights loaded.
2026-04-09 15:06:06 [INFO] [Rank 2] Loading weights...
2026-04-09 15:06:10 [INFO] [Rank 2] Weights loaded.
2026-04-09 15:06:22 [INFO] [Rank 1] Loading weights...
2026-04-09 15:06:27 [INFO] [Rank 1] Weights loaded.
2026-04-09 15:07:43 [INFO] [Rank 0] Loading weights...
2026-04-09 15:07:57 [INFO] [Rank 0] Weights loaded.
2026-04-09 15:09:47 [INFO] [Rank 2] Finished. Latency: 110156 ms
2026-04-09 15:09:47 [INFO] [Rank 1] Finished. Latency: 110156 ms
2026-04-09 15:09:47 [INFO] [Rank 0] Finished. Latency: 110156 ms
2026-04-09 15:09:47 [INFO] [Rank 3] Finished. Latency: 110161 ms
2026-04-09 15:09:51 [INFO] Total latency:     110156 ms
2026-04-09 15:09:51 [INFO] Peak 5GB memory:   3950 MB
2026-04-09 15:09:51 [INFO] Avg  5GB memory:   1392 MB
2026-04-09 15:09:51 [INFO] [214/441] Split [28, 8, 4, 0] | Batch: 32 | Microbatch: 8 | Microbatches: 4
2026-04-09 15:09:51 [INFO] Loading WikiText... (SEQ_LEN=64, BATCH=32)
2026-04-09 15:10:06 [INFO] [Rank 3] Loading weights...
2026-04-09 15:10:09 [INFO] [Rank 3] Weights loaded.
2026-04-09 15:10:17 [INFO] [Rank 2] Loading weights...
2026-04-09 15:10:21 [INFO] [Rank 2] Weights loaded.
2026-04-09 15:10:33 [INFO] [Rank 1] Loading weights...
2026-04-09 15:10:39 [INFO] [Rank 1] Weights loaded.
2026-04-09 15:11:54 [INFO] [Rank 0] Loading weights...
2026-04-09 15:12:08 [INFO] [Rank 0] Weights loaded.
2026-04-09 15:15:33 [INFO] [Rank 2] Finished. Latency: 204631 ms
2026-04-09 15:15:33 [INFO] [Rank 0] Finished. Latency: 204631 ms
2026-04-09 15:15:33 [INFO] [Rank 1] Finished. Latency: 204631 ms
2026-04-09 15:15:33 [INFO] [Rank 3] Finished. Latency: 204636 ms
2026-04-09 15:15:37 [INFO] Total latency:     204631 ms
2026-04-09 15:15:37 [INFO] Peak 5GB memory:   2670 MB
2026-04-09 15:15:37 [INFO] Avg  5GB memory:   1401 MB
2026-04-09 15:15:37 [INFO] [215/441] Split [28, 8, 4, 0] | Batch: 32 | Microbatch: 4 | Microbatches: 8
2026-04-09 15:15:37 [INFO] Loading WikiText... (SEQ_LEN=64, BATCH=32)
2026-04-09 15:15:52 [INFO] [Rank 3] Loading weights...
2026-04-09 15:15:55 [INFO] [Rank 3] Weights loaded.
2026-04-09 15:16:03 [INFO] [Rank 2] Loading weights...
2026-04-09 15:16:07 [INFO] [Rank 2] Weights loaded.
2026-04-09 15:16:19 [INFO] [Rank 1] Loading weights...
2026-04-09 15:16:25 [INFO] [Rank 1] Weights loaded.
2026-04-09 15:17:40 [INFO] [Rank 0] Loading weights...
2026-04-09 15:17:54 [INFO] [Rank 0] Weights loaded.
2026-04-09 15:24:28 [INFO] [Rank 2] Finished. Latency: 393871 ms
2026-04-09 15:24:28 [INFO] [Rank 1] Finished. Latency: 393871 ms
2026-04-09 15:24:28 [INFO] [Rank 0] Finished. Latency: 393871 ms
2026-04-09 15:24:28 [INFO] [Rank 3] Finished. Latency: 393876 ms
2026-04-09 15:24:32 [INFO] Total latency:     393871 ms
2026-04-09 15:24:32 [INFO] Peak 5GB memory:   3950 MB
2026-04-09 15:24:32 [INFO] Avg  5GB memory:   1426 MB
2026-04-09 15:24:32 [INFO] [216/441] Split [28, 8, 4, 0] | Batch: 32 | Microbatch: 2 | Microbatches: 16
2026-04-09 15:24:32 [INFO] Loading WikiText... (SEQ_LEN=64, BATCH=32)
2026-04-09 15:24:46 [INFO] [Rank 3] Loading weights...
2026-04-09 15:24:48 [INFO] [Rank 3] Weights loaded.
2026-04-09 15:24:57 [INFO] [Rank 2] Loading weights...
2026-04-09 15:25:01 [INFO] [Rank 2] Weights loaded.
2026-04-09 15:25:12 [INFO] [Rank 1] Loading weights...
2026-04-09 15:25:18 [INFO] [Rank 1] Weights loaded.
2026-04-09 15:26:34 [INFO] [Rank 0] Loading weights...
2026-04-09 15:26:48 [INFO] [Rank 0] Weights loaded.
2026-04-09 15:39:38 [INFO] [Rank 1] Finished. Latency: 769893 ms
2026-04-09 15:39:38 [INFO] [Rank 2] Finished. Latency: 769893 ms
2026-04-09 15:39:38 [INFO] [Rank 0] Finished. Latency: 769893 ms
2026-04-09 15:39:38 [INFO] [Rank 3] Finished. Latency: 769898 ms
2026-04-09 15:39:42 [INFO] Total latency:     769893 ms
2026-04-09 15:39:42 [INFO] Peak 5GB memory:   3950 MB
2026-04-09 15:39:42 [INFO] Avg  5GB memory:   1426 MB
2026-04-09 15:39:42 [INFO] [217/441] Split [28, 9, 2, 1] | Batch: 8 | Microbatch: 4 | Microbatches: 2
2026-04-09 15:39:42 [INFO] Loading WikiText... (SEQ_LEN=64, BATCH=8)
2026-04-09 15:40:00 [INFO] [Rank 2] Loading weights...
2026-04-09 15:40:01 [INFO] [Rank 3] Loading weights...
2026-04-09 15:40:03 [INFO] [Rank 2] Weights loaded.
2026-04-09 15:40:04 [INFO] [Rank 3] Weights loaded.
2026-04-09 15:40:27 [INFO] [Rank 1] Loading weights...
2026-04-09 15:40:34 [INFO] [Rank 1] Weights loaded.
2026-04-09 15:41:44 [INFO] [Rank 0] Loading weights...
2026-04-09 15:41:58 [INFO] [Rank 0] Weights loaded.
2026-04-09 15:43:36 [INFO] [Rank 1] Finished. Latency: 97546 ms
2026-04-09 15:43:36 [INFO] [Rank 2] Finished. Latency: 97546 ms
2026-04-09 15:43:36 [INFO] [Rank 0] Finished. Latency: 97546 ms
2026-04-09 15:43:36 [INFO] [Rank 3] Finished. Latency: 97555 ms
2026-04-09 15:43:40 [INFO] Total latency:     97546 ms
2026-04-09 15:43:40 [INFO] Peak 5GB memory:   3730 MB
2026-04-09 15:43:40 [INFO] Avg  5GB memory:   2374 MB
2026-04-09 15:43:40 [INFO] [218/441] Split [28, 9, 2, 1] | Batch: 8 | Microbatch: 2 | Microbatches: 4
2026-04-09 15:43:40 [INFO] Loading WikiText... (SEQ_LEN=64, BATCH=8)
2026-04-09 15:43:58 [INFO] [Rank 2] Loading weights...
2026-04-09 15:43:59 [INFO] [Rank 3] Loading weights...
2026-04-09 15:44:01 [INFO] [Rank 2] Weights loaded.
2026-04-09 15:44:02 [INFO] [Rank 3] Weights loaded.
2026-04-09 15:44:25 [INFO] [Rank 1] Loading weights...
2026-04-09 15:44:32 [INFO] [Rank 1] Weights loaded.
2026-04-09 15:45:42 [INFO] [Rank 0] Loading weights...
2026-04-09 15:45:56 [INFO] [Rank 0] Weights loaded.
2026-04-09 15:49:06 [INFO] [Rank 2] Finished. Latency: 189623 ms
2026-04-09 15:49:06 [INFO] [Rank 1] Finished. Latency: 189623 ms
2026-04-09 15:49:06 [INFO] [Rank 0] Finished. Latency: 189623 ms
2026-04-09 15:49:06 [INFO] [Rank 3] Finished. Latency: 189632 ms
2026-04-09 15:49:10 [INFO] Total latency:     189623 ms
2026-04-09 15:49:10 [INFO] Peak 5GB memory:   3730 MB
2026-04-09 15:49:10 [INFO] Avg  5GB memory:   2416 MB
2026-04-09 15:49:10 [INFO] [219/441] Split [28, 9, 2, 1] | Batch: 16 | Microbatch: 8 | Microbatches: 2
2026-04-09 15:49:10 [INFO] Loading WikiText... (SEQ_LEN=64, BATCH=16)
2026-04-09 15:49:27 [INFO] [Rank 2] Loading weights...
2026-04-09 15:49:28 [INFO] [Rank 3] Loading weights...
2026-04-09 15:49:30 [INFO] [Rank 2] Weights loaded.
2026-04-09 15:49:31 [INFO] [Rank 3] Weights loaded.
2026-04-09 15:49:55 [INFO] [Rank 1] Loading weights...
2026-04-09 15:50:01 [INFO] [Rank 1] Weights loaded.
2026-04-09 15:51:12 [INFO] [Rank 0] Loading weights...
2026-04-09 15:51:26 [INFO] [Rank 0] Weights loaded.
2026-04-09 15:53:07 [INFO] [Rank 0] Finished. Latency: 100659 ms
2026-04-09 15:53:07 [INFO] [Rank 2] Finished. Latency: 100659 ms
2026-04-09 15:53:07 [INFO] [Rank 1] Finished. Latency: 100659 ms
2026-04-09 15:53:07 [INFO] [Rank 3] Finished. Latency: 100669 ms
2026-04-09 15:53:11 [INFO] Total latency:     100659 ms
2026-04-09 15:53:11 [INFO] Peak 5GB memory:   5010 MB
2026-04-09 15:53:11 [INFO] Avg  5GB memory:   2413 MB
2026-04-09 15:53:11 [INFO] [220/441] Split [28, 9, 2, 1] | Batch: 16 | Microbatch: 4 | Microbatches: 4
2026-04-09 15:53:11 [INFO] Loading WikiText... (SEQ_LEN=64, BATCH=16)
2026-04-09 15:53:29 [INFO] [Rank 2] Loading weights...
2026-04-09 15:53:30 [INFO] [Rank 3] Loading weights...
2026-04-09 15:53:32 [INFO] [Rank 2] Weights loaded.
2026-04-09 15:53:33 [INFO] [Rank 3] Weights loaded.
2026-04-09 15:53:57 [INFO] [Rank 1] Loading weights...
2026-04-09 15:54:03 [INFO] [Rank 1] Weights loaded.
2026-04-09 15:55:14 [INFO] [Rank 0] Loading weights...
2026-04-09 15:55:28 [INFO] [Rank 0] Weights loaded.
2026-04-09 15:58:41 [INFO] [Rank 1] Finished. Latency: 193059 ms
2026-04-09 15:58:41 [INFO] [Rank 2] Finished. Latency: 193059 ms
2026-04-09 15:58:41 [INFO] [Rank 0] Finished. Latency: 193059 ms
2026-04-09 15:58:41 [INFO] [Rank 3] Finished. Latency: 193068 ms
2026-04-09 15:58:45 [INFO] Total latency:     193059 ms
2026-04-09 15:58:45 [INFO] Peak 5GB memory:   5010 MB
2026-04-09 15:58:45 [INFO] Avg  5GB memory:   2427 MB
2026-04-09 15:58:45 [INFO] [221/441] Split [28, 9, 2, 1] | Batch: 16 | Microbatch: 2 | Microbatches: 8
2026-04-09 15:58:45 [INFO] Loading WikiText... (SEQ_LEN=64, BATCH=16)
2026-04-09 15:59:03 [INFO] [Rank 2] Loading weights...
2026-04-09 15:59:04 [INFO] [Rank 3] Loading weights...
2026-04-09 15:59:06 [INFO] [Rank 2] Weights loaded.
2026-04-09 15:59:07 [INFO] [Rank 3] Weights loaded.
2026-04-09 15:59:30 [INFO] [Rank 1] Loading weights...
2026-04-09 15:59:37 [INFO] [Rank 1] Weights loaded.
2026-04-09 16:00:47 [INFO] [Rank 0] Loading weights...
2026-04-09 16:01:01 [INFO] [Rank 0] Weights loaded.
2026-04-09 16:07:18 [INFO] [Rank 2] Finished. Latency: 376944 ms
2026-04-09 16:07:18 [INFO] [Rank 1] Finished. Latency: 376944 ms
2026-04-09 16:07:18 [INFO] [Rank 0] Finished. Latency: 376944 ms
2026-04-09 16:07:18 [INFO] [Rank 3] Finished. Latency: 376953 ms
2026-04-09 16:07:22 [INFO] Total latency:     376944 ms
2026-04-09 16:07:22 [INFO] Peak 5GB memory:   5010 MB
2026-04-09 16:07:22 [INFO] Avg  5GB memory:   2467 MB
2026-04-09 16:07:22 [INFO] [222/441] Split [28, 9, 2, 1] | Batch: 32 | Microbatch: 16 | Microbatches: 2
2026-04-09 16:07:22 [INFO] Loading WikiText... (SEQ_LEN=64, BATCH=32)
2026-04-09 16:07:40 [INFO] [Rank 2] Loading weights...
2026-04-09 16:07:41 [INFO] [Rank 3] Loading weights...
2026-04-09 16:07:43 [INFO] [Rank 2] Weights loaded.
2026-04-09 16:07:45 [INFO] [Rank 3] Weights loaded.
2026-04-09 16:08:08 [INFO] [Rank 1] Loading weights...
2026-04-09 16:08:15 [INFO] [Rank 1] Weights loaded.
2026-04-09 16:09:25 [INFO] [Rank 0] Loading weights...
2026-04-09 16:09:39 [INFO] [Rank 0] Weights loaded.
2026-04-09 16:11:26 [INFO] [Rank 2] Finished. Latency: 107380 ms
2026-04-09 16:11:26 [INFO] [Rank 1] Finished. Latency: 107380 ms
2026-04-09 16:11:26 [INFO] [Rank 0] Finished. Latency: 107380 ms
2026-04-09 16:11:26 [INFO] [Rank 3] Finished. Latency: 107390 ms
2026-04-09 16:11:30 [INFO] Total latency:     107380 ms
2026-04-09 16:11:30 [INFO] Peak 5GB memory:   3730 MB
2026-04-09 16:11:30 [INFO] Avg  5GB memory:   2500 MB
2026-04-09 16:11:30 [INFO] [223/441] Split [28, 9, 2, 1] | Batch: 32 | Microbatch: 8 | Microbatches: 4
2026-04-09 16:11:30 [INFO] Loading WikiText... (SEQ_LEN=64, BATCH=32)
2026-04-09 16:11:47 [INFO] [Rank 2] Loading weights...
2026-04-09 16:11:49 [INFO] [Rank 3] Loading weights...
2026-04-09 16:11:50 [INFO] [Rank 2] Weights loaded.
2026-04-09 16:11:52 [INFO] [Rank 3] Weights loaded.
2026-04-09 16:12:16 [INFO] [Rank 1] Loading weights...
2026-04-09 16:12:22 [INFO] [Rank 1] Weights loaded.
2026-04-09 16:13:33 [INFO] [Rank 0] Loading weights...
2026-04-09 16:13:47 [INFO] [Rank 0] Weights loaded.
2026-04-09 16:17:06 [INFO] [Rank 2] Finished. Latency: 199684 ms
2026-04-09 16:17:06 [INFO] [Rank 0] Finished. Latency: 199684 ms
2026-04-09 16:17:06 [INFO] [Rank 1] Finished. Latency: 199686 ms
2026-04-09 16:17:06 [INFO] [Rank 3] Finished. Latency: 199694 ms
2026-04-09 16:17:10 [INFO] Total latency:     199684 ms
2026-04-09 16:17:10 [INFO] Peak 5GB memory:   5010 MB
2026-04-09 16:17:10 [INFO] Avg  5GB memory:   2483 MB
2026-04-09 16:17:10 [INFO] [224/441] Split [28, 9, 2, 1] | Batch: 32 | Microbatch: 4 | Microbatches: 8
2026-04-09 16:17:10 [INFO] Loading WikiText... (SEQ_LEN=64, BATCH=32)
2026-04-09 16:17:28 [INFO] [Rank 2] Loading weights...
2026-04-09 16:17:29 [INFO] [Rank 3] Loading weights...
2026-04-09 16:17:31 [INFO] [Rank 2] Weights loaded.
2026-04-09 16:17:32 [INFO] [Rank 3] Weights loaded.
2026-04-09 16:17:56 [INFO] [Rank 1] Loading weights...
2026-04-09 16:18:02 [INFO] [Rank 1] Weights loaded.
2026-04-09 16:19:13 [INFO] [Rank 0] Loading weights...
2026-04-09 16:19:27 [INFO] [Rank 0] Weights loaded.
2026-04-09 16:25:51 [INFO] [Rank 2] Finished. Latency: 384081 ms
2026-04-09 16:25:51 [INFO] [Rank 1] Finished. Latency: 384081 ms
2026-04-09 16:25:51 [INFO] [Rank 0] Finished. Latency: 384081 ms
2026-04-09 16:25:51 [INFO] [Rank 3] Finished. Latency: 384090 ms
2026-04-09 16:25:55 [INFO] Total latency:     384081 ms
2026-04-09 16:25:55 [INFO] Peak 5GB memory:   5010 MB
2026-04-09 16:25:55 [INFO] Avg  5GB memory:   2506 MB
2026-04-09 16:25:55 [INFO] [225/441] Split [28, 9, 2, 1] | Batch: 32 | Microbatch: 2 | Microbatches: 16
2026-04-09 16:25:55 [INFO] Loading WikiText... (SEQ_LEN=64, BATCH=32)
2026-04-09 16:26:12 [INFO] [Rank 2] Loading weights...
2026-04-09 16:26:13 [INFO] [Rank 3] Loading weights...
2026-04-09 16:26:15 [INFO] [Rank 2] Weights loaded.
2026-04-09 16:26:17 [INFO] [Rank 3] Weights loaded.
2026-04-09 16:26:40 [INFO] [Rank 1] Loading weights...
2026-04-09 16:26:47 [INFO] [Rank 1] Weights loaded.
2026-04-09 16:27:57 [INFO] [Rank 0] Loading weights...
2026-04-09 16:28:11 [INFO] [Rank 0] Weights loaded.
2026-04-09 16:40:42 [INFO] [Rank 1] Finished. Latency: 751339 ms
2026-04-09 16:40:42 [INFO] [Rank 0] Finished. Latency: 751339 ms
2026-04-09 16:40:42 [INFO] [Rank 2] Finished. Latency: 751339 ms
2026-04-09 16:40:42 [INFO] [Rank 3] Finished. Latency: 751348 ms
2026-04-09 16:40:46 [INFO] Total latency:     751339 ms
2026-04-09 16:40:46 [INFO] Peak 5GB memory:   5010 MB
2026-04-09 16:40:46 [INFO] Avg  5GB memory:   2542 MB
2026-04-09 16:40:46 [INFO] [226/441] Split [28, 9, 3, 0] | Batch: 8 | Microbatch: 4 | Microbatches: 2
2026-04-09 16:40:46 [INFO] Loading WikiText... (SEQ_LEN=64, BATCH=8)
2026-04-09 16:41:01 [INFO] [Rank 3] Loading weights...
2026-04-09 16:41:04 [INFO] [Rank 3] Weights loaded.
2026-04-09 16:41:08 [INFO] [Rank 2] Loading weights...
2026-04-09 16:41:12 [INFO] [Rank 2] Weights loaded.
2026-04-09 16:41:32 [INFO] [Rank 1] Loading weights...
2026-04-09 16:41:38 [INFO] [Rank 1] Weights loaded.
2026-04-09 16:42:49 [INFO] [Rank 0] Loading weights...
2026-04-09 16:43:03 [INFO] [Rank 0] Weights loaded.
2026-04-09 16:44:41 [INFO] [Rank 2] Finished. Latency: 97529 ms
2026-04-09 16:44:41 [INFO] [Rank 1] Finished. Latency: 97529 ms
2026-04-09 16:44:41 [INFO] [Rank 0] Finished. Latency: 97529 ms
2026-04-09 16:44:41 [INFO] [Rank 3] Finished. Latency: 97534 ms
2026-04-09 16:44:44 [INFO] Total latency:     97529 ms
2026-04-09 16:44:44 [INFO] Peak 5GB memory:   3950 MB
2026-04-09 16:44:44 [INFO] Avg  5GB memory:   1367 MB
2026-04-09 16:44:45 [INFO] [227/441] Split [28, 9, 3, 0] | Batch: 8 | Microbatch: 2 | Microbatches: 4
2026-04-09 16:44:45 [INFO] Loading WikiText... (SEQ_LEN=64, BATCH=8)
2026-04-09 16:44:59 [INFO] [Rank 3] Loading weights...
2026-04-09 16:45:01 [INFO] [Rank 3] Weights loaded.
2026-04-09 16:45:06 [INFO] [Rank 2] Loading weights...
2026-04-09 16:45:09 [INFO] [Rank 2] Weights loaded.
2026-04-09 16:45:29 [INFO] [Rank 1] Loading weights...
2026-04-09 16:45:36 [INFO] [Rank 1] Weights loaded.
2026-04-09 16:46:47 [INFO] [Rank 0] Loading weights...
2026-04-09 16:47:01 [INFO] [Rank 0] Weights loaded.
2026-04-09 16:50:10 [INFO] [Rank 2] Finished. Latency: 189273 ms
2026-04-09 16:50:10 [INFO] [Rank 1] Finished. Latency: 189273 ms
2026-04-09 16:50:10 [INFO] [Rank 0] Finished. Latency: 189273 ms
2026-04-09 16:50:10 [INFO] [Rank 3] Finished. Latency: 189279 ms
2026-04-09 16:50:14 [INFO] Total latency:     189273 ms
2026-04-09 16:50:14 [INFO] Peak 5GB memory:   3950 MB
2026-04-09 16:50:14 [INFO] Avg  5GB memory:   1389 MB
2026-04-09 16:50:14 [INFO] [228/441] Split [28, 9, 3, 0] | Batch: 16 | Microbatch: 8 | Microbatches: 2
2026-04-09 16:50:14 [INFO] Loading WikiText... (SEQ_LEN=64, BATCH=16)
2026-04-09 16:50:29 [INFO] [Rank 3] Loading weights...
2026-04-09 16:50:31 [INFO] [Rank 3] Weights loaded.
2026-04-09 16:50:36 [INFO] [Rank 2] Loading weights...
2026-04-09 16:50:39 [INFO] [Rank 2] Weights loaded.
2026-04-09 16:50:59 [INFO] [Rank 1] Loading weights...
2026-04-09 16:51:05 [INFO] [Rank 1] Weights loaded.
2026-04-09 16:52:17 [INFO] [Rank 0] Loading weights...
2026-04-09 16:52:31 [INFO] [Rank 0] Weights loaded.
2026-04-09 16:54:12 [INFO] [Rank 1] Finished. Latency: 100818 ms
2026-04-09 16:54:12 [INFO] [Rank 2] Finished. Latency: 100818 ms
2026-04-09 16:54:12 [INFO] [Rank 0] Finished. Latency: 100818 ms
2026-04-09 16:54:12 [INFO] [Rank 3] Finished. Latency: 100823 ms
2026-04-09 16:54:16 [INFO] Total latency:     100818 ms
2026-04-09 16:54:16 [INFO] Peak 5GB memory:   3950 MB
2026-04-09 16:54:16 [INFO] Avg  5GB memory:   1368 MB
2026-04-09 16:54:16 [INFO] [229/441] Split [28, 9, 3, 0] | Batch: 16 | Microbatch: 4 | Microbatches: 4
2026-04-09 16:54:16 [INFO] Loading WikiText... (SEQ_LEN=64, BATCH=16)
2026-04-09 16:54:31 [INFO] [Rank 3] Loading weights...
2026-04-09 16:54:33 [INFO] [Rank 3] Weights loaded.
2026-04-09 16:54:38 [INFO] [Rank 2] Loading weights...
2026-04-09 16:54:41 [INFO] [Rank 2] Weights loaded.
2026-04-09 16:55:01 [INFO] [Rank 1] Loading weights...
2026-04-09 16:55:07 [INFO] [Rank 1] Weights loaded.
2026-04-09 16:56:19 [INFO] [Rank 0] Loading weights...
2026-04-09 16:56:33 [INFO] [Rank 0] Weights loaded.
2026-04-09 16:59:46 [INFO] [Rank 2] Finished. Latency: 192873 ms
2026-04-09 16:59:46 [INFO] [Rank 1] Finished. Latency: 192873 ms
2026-04-09 16:59:46 [INFO] [Rank 0] Finished. Latency: 192873 ms
2026-04-09 16:59:46 [INFO] [Rank 3] Finished. Latency: 192878 ms
2026-04-09 16:59:50 [INFO] Total latency:     192873 ms
2026-04-09 16:59:50 [INFO] Peak 5GB memory:   3950 MB
2026-04-09 16:59:50 [INFO] Avg  5GB memory:   1390 MB
2026-04-09 16:59:50 [INFO] [230/441] Split [28, 9, 3, 0] | Batch: 16 | Microbatch: 2 | Microbatches: 8
2026-04-09 16:59:50 [INFO] Loading WikiText... (SEQ_LEN=64, BATCH=16)
2026-04-09 17:00:04 [INFO] [Rank 3] Loading weights...
2026-04-09 17:00:06 [INFO] [Rank 3] Weights loaded.
2026-04-09 17:00:11 [INFO] [Rank 2] Loading weights...
2026-04-09 17:00:14 [INFO] [Rank 2] Weights loaded.
2026-04-09 17:00:34 [INFO] [Rank 1] Loading weights...
2026-04-09 17:00:40 [INFO] [Rank 1] Weights loaded.
2026-04-09 17:01:52 [INFO] [Rank 0] Loading weights...
2026-04-09 17:02:06 [INFO] [Rank 0] Weights loaded.
2026-04-09 17:08:22 [INFO] [Rank 2] Finished. Latency: 376214 ms
2026-04-09 17:08:22 [INFO] [Rank 0] Finished. Latency: 376214 ms
2026-04-09 17:08:22 [INFO] [Rank 1] Finished. Latency: 376214 ms
2026-04-09 17:08:22 [INFO] [Rank 3] Finished. Latency: 376219 ms
2026-04-09 17:08:26 [INFO] Total latency:     376214 ms
2026-04-09 17:08:26 [INFO] Peak 5GB memory:   3950 MB
2026-04-09 17:08:26 [INFO] Avg  5GB memory:   1410 MB
2026-04-09 17:08:26 [INFO] [231/441] Split [28, 9, 3, 0] | Batch: 32 | Microbatch: 16 | Microbatches: 2
2026-04-09 17:08:26 [INFO] Loading WikiText... (SEQ_LEN=64, BATCH=32)
2026-04-09 17:08:41 [INFO] [Rank 3] Loading weights...
2026-04-09 17:08:44 [INFO] [Rank 3] Weights loaded.
2026-04-09 17:08:48 [INFO] [Rank 2] Loading weights...
2026-04-09 17:08:52 [INFO] [Rank 2] Weights loaded.
2026-04-09 17:09:11 [INFO] [Rank 1] Loading weights...
2026-04-09 17:09:18 [INFO] [Rank 1] Weights loaded.
2026-04-09 17:10:29 [INFO] [Rank 0] Loading weights...
2026-04-09 17:10:43 [INFO] [Rank 0] Weights loaded.
2026-04-09 17:12:30 [INFO] [Rank 1] Finished. Latency: 107272 ms
2026-04-09 17:12:30 [INFO] [Rank 2] Finished. Latency: 107272 ms
2026-04-09 17:12:30 [INFO] [Rank 0] Finished. Latency: 107272 ms
2026-04-09 17:12:30 [INFO] [Rank 3] Finished. Latency: 107277 ms
2026-04-09 17:12:34 [INFO] Total latency:     107272 ms
2026-04-09 17:12:34 [INFO] Peak 5GB memory:   2670 MB
2026-04-09 17:12:34 [INFO] Avg  5GB memory:   1385 MB
2026-04-09 17:12:34 [INFO] [232/441] Split [28, 9, 3, 0] | Batch: 32 | Microbatch: 8 | Microbatches: 4
2026-04-09 17:12:34 [INFO] Loading WikiText... (SEQ_LEN=64, BATCH=32)
2026-04-09 17:12:49 [INFO] [Rank 3] Loading weights...
2026-04-09 17:12:51 [INFO] [Rank 3] Weights loaded.
2026-04-09 17:12:55 [INFO] [Rank 2] Loading weights...
2026-04-09 17:12:59 [INFO] [Rank 2] Weights loaded.
2026-04-09 17:13:19 [INFO] [Rank 1] Loading weights...
2026-04-09 17:13:26 [INFO] [Rank 1] Weights loaded.
2026-04-09 17:14:36 [INFO] [Rank 0] Loading weights...
2026-04-09 17:14:50 [INFO] [Rank 0] Weights loaded.
2026-04-09 17:18:09 [INFO] [Rank 2] Finished. Latency: 199425 ms
2026-04-09 17:18:09 [INFO] [Rank 1] Finished. Latency: 199425 ms
2026-04-09 17:18:09 [INFO] [Rank 0] Finished. Latency: 199425 ms
2026-04-09 17:18:09 [INFO] [Rank 3] Finished. Latency: 199431 ms
2026-04-09 17:18:13 [INFO] Total latency:     199425 ms
2026-04-09 17:18:13 [INFO] Peak 5GB memory:   3950 MB
2026-04-09 17:18:13 [INFO] Avg  5GB memory:   1404 MB
2026-04-09 17:18:13 [INFO] [233/441] Split [28, 9, 3, 0] | Batch: 32 | Microbatch: 4 | Microbatches: 8
2026-04-09 17:18:13 [INFO] Loading WikiText... (SEQ_LEN=64, BATCH=32)
2026-04-09 17:18:28 [INFO] [Rank 3] Loading weights...
2026-04-09 17:18:30 [INFO] [Rank 3] Weights loaded.
2026-04-09 17:18:35 [INFO] [Rank 2] Loading weights...
2026-04-09 17:18:38 [INFO] [Rank 2] Weights loaded.
2026-04-09 17:18:58 [INFO] [Rank 1] Loading weights...
2026-04-09 17:19:05 [INFO] [Rank 1] Weights loaded.
2026-04-09 17:20:17 [INFO] [Rank 0] Loading weights...
2026-04-09 17:20:30 [INFO] [Rank 0] Weights loaded.
2026-04-09 17:26:54 [INFO] [Rank 1] Finished. Latency: 383374 ms
2026-04-09 17:26:54 [INFO] [Rank 2] Finished. Latency: 383374 ms
2026-04-09 17:26:54 [INFO] [Rank 0] Finished. Latency: 383374 ms
2026-04-09 17:26:54 [INFO] [Rank 3] Finished. Latency: 383379 ms
2026-04-09 17:26:58 [INFO] Total latency:     383374 ms
2026-04-09 17:26:58 [INFO] Peak 5GB memory:   3950 MB
2026-04-09 17:26:58 [INFO] Avg  5GB memory:   1425 MB
2026-04-09 17:26:58 [INFO] [234/441] Split [28, 9, 3, 0] | Batch: 32 | Microbatch: 2 | Microbatches: 16
2026-04-09 17:26:58 [INFO] Loading WikiText... (SEQ_LEN=64, BATCH=32)
2026-04-09 17:27:12 [INFO] [Rank 3] Loading weights...
2026-04-09 17:27:15 [INFO] [Rank 3] Weights loaded.
2026-04-09 17:27:19 [INFO] [Rank 2] Loading weights...
2026-04-09 17:27:23 [INFO] [Rank 2] Weights loaded.
2026-04-09 17:27:43 [INFO] [Rank 1] Loading weights...
2026-04-09 17:27:49 [INFO] [Rank 1] Weights loaded.
2026-04-09 17:29:00 [INFO] [Rank 0] Loading weights...
2026-04-09 17:29:14 [INFO] [Rank 0] Weights loaded.
2026-04-09 17:41:45 [INFO] [Rank 2] Finished. Latency: 750606 ms
2026-04-09 17:41:45 [INFO] [Rank 1] Finished. Latency: 750606 ms
2026-04-09 17:41:45 [INFO] [Rank 0] Finished. Latency: 750606 ms
2026-04-09 17:41:45 [INFO] [Rank 3] Finished. Latency: 750611 ms
2026-04-09 17:41:49 [INFO] Total latency:     750606 ms
2026-04-09 17:41:49 [INFO] Peak 5GB memory:   3950 MB
2026-04-09 17:41:49 [INFO] Avg  5GB memory:   1425 MB
2026-04-09 17:41:49 [INFO] [235/441] Split [28, 10, 1, 1] | Batch: 8 | Microbatch: 4 | Microbatches: 2
2026-04-09 17:41:49 [INFO] Loading WikiText... (SEQ_LEN=64, BATCH=8)
2026-04-09 17:42:02 [INFO] [Rank 2] Loading weights...
2026-04-09 17:42:05 [INFO] [Rank 2] Weights loaded.
2026-04-09 17:42:07 [INFO] [Rank 3] Loading weights...
2026-04-09 17:42:10 [INFO] [Rank 3] Weights loaded.
2026-04-09 17:42:42 [INFO] [Rank 1] Loading weights...
2026-04-09 17:42:49 [INFO] [Rank 1] Weights loaded.
2026-04-09 17:43:51 [INFO] [Rank 0] Loading weights...
2026-04-09 17:44:05 [INFO] [Rank 0] Weights loaded.
2026-04-09 17:45:40 [INFO] [Rank 2] Finished. Latency: 94985 ms
2026-04-09 17:45:40 [INFO] [Rank 0] Finished. Latency: 94985 ms
2026-04-09 17:45:40 [INFO] [Rank 1] Finished. Latency: 94985 ms
2026-04-09 17:45:40 [INFO] [Rank 3] Finished. Latency: 94994 ms
2026-04-09 17:45:44 [INFO] Total latency:     94985 ms
2026-04-09 17:45:44 [INFO] Peak 5GB memory:   5010 MB
2026-04-09 17:45:44 [INFO] Avg  5GB memory:   2381 MB
2026-04-09 17:45:44 [INFO] [236/441] Split [28, 10, 1, 1] | Batch: 8 | Microbatch: 2 | Microbatches: 4
2026-04-09 17:45:44 [INFO] Loading WikiText... (SEQ_LEN=64, BATCH=8)
2026-04-09 17:45:58 [INFO] [Rank 2] Loading weights...
2026-04-09 17:46:00 [INFO] [Rank 2] Weights loaded.
2026-04-09 17:46:03 [INFO] [Rank 3] Loading weights...
2026-04-09 17:46:06 [INFO] [Rank 3] Weights loaded.
2026-04-09 17:46:33 [INFO] [Rank 1] Loading weights...
2026-04-09 17:46:40 [INFO] [Rank 1] Weights loaded.
2026-04-09 17:47:46 [INFO] [Rank 0] Loading weights...
2026-04-09 17:48:00 [INFO] [Rank 0] Weights loaded.
2026-04-09 17:51:05 [INFO] [Rank 1] Finished. Latency: 184943 ms
2026-04-09 17:51:05 [INFO] [Rank 2] Finished. Latency: 184943 ms
2026-04-09 17:51:05 [INFO] [Rank 0] Finished. Latency: 184943 ms
2026-04-09 17:51:05 [INFO] [Rank 3] Finished. Latency: 184952 ms
2026-04-09 17:51:09 [INFO] Total latency:     184943 ms
2026-04-09 17:51:09 [INFO] Peak 5GB memory:   5010 MB
2026-04-09 17:51:09 [INFO] Avg  5GB memory:   2413 MB
2026-04-09 17:51:09 [INFO] [237/441] Split [28, 10, 1, 1] | Batch: 16 | Microbatch: 8 | Microbatches: 2
2026-04-09 17:51:09 [INFO] Loading WikiText... (SEQ_LEN=64, BATCH=16)
2026-04-09 17:51:23 [INFO] [Rank 2] Loading weights...
2026-04-09 17:51:25 [INFO] [Rank 2] Weights loaded.
2026-04-09 17:51:28 [INFO] [Rank 3] Loading weights...
2026-04-09 17:51:31 [INFO] [Rank 3] Weights loaded.
2026-04-09 17:51:57 [INFO] [Rank 1] Loading weights...
2026-04-09 17:52:05 [INFO] [Rank 1] Weights loaded.
2026-04-09 17:53:12 [INFO] [Rank 0] Loading weights...
2026-04-09 17:53:26 [INFO] [Rank 0] Weights loaded.
2026-04-09 17:55:04 [INFO] [Rank 2] Finished. Latency: 98350 ms
2026-04-09 17:55:04 [INFO] [Rank 0] Finished. Latency: 98350 ms
2026-04-09 17:55:04 [INFO] [Rank 1] Finished. Latency: 98350 ms
2026-04-09 17:55:04 [INFO] [Rank 3] Finished. Latency: 98359 ms
2026-04-09 17:55:08 [INFO] Total latency:     98350 ms
2026-04-09 17:55:08 [INFO] Peak 5GB memory:   5010 MB
2026-04-09 17:55:08 [INFO] Avg  5GB memory:   2401 MB
2026-04-09 17:55:08 [INFO] [238/441] Split [28, 10, 1, 1] | Batch: 16 | Microbatch: 4 | Microbatches: 4
2026-04-09 17:55:08 [INFO] Loading WikiText... (SEQ_LEN=64, BATCH=16)
2026-04-09 17:55:21 [INFO] [Rank 2] Loading weights...
2026-04-09 17:55:24 [INFO] [Rank 2] Weights loaded.
2026-04-09 17:55:26 [INFO] [Rank 3] Loading weights...
2026-04-09 17:55:29 [INFO] [Rank 3] Weights loaded.
2026-04-09 17:55:56 [INFO] [Rank 1] Loading weights...
2026-04-09 17:56:03 [INFO] [Rank 1] Weights loaded.
2026-04-09 17:57:10 [INFO] [Rank 0] Loading weights...
2026-04-09 17:57:24 [INFO] [Rank 0] Weights loaded.
2026-04-09 18:00:33 [INFO] [Rank 2] Finished. Latency: 188451 ms
2026-04-09 18:00:33 [INFO] [Rank 1] Finished. Latency: 188451 ms
2026-04-09 18:00:33 [INFO] [Rank 0] Finished. Latency: 188451 ms
2026-04-09 18:00:33 [INFO] [Rank 3] Finished. Latency: 188460 ms
2026-04-09 18:00:37 [INFO] Total latency:     188451 ms
2026-04-09 18:00:37 [INFO] Peak 5GB memory:   3730 MB
2026-04-09 18:00:37 [INFO] Avg  5GB memory:   2430 MB
2026-04-09 18:00:37 [INFO] [239/441] Split [28, 10, 1, 1] | Batch: 16 | Microbatch: 2 | Microbatches: 8
2026-04-09 18:00:37 [INFO] Loading WikiText... (SEQ_LEN=64, BATCH=16)
2026-04-09 18:00:50 [INFO] [Rank 2] Loading weights...
2026-04-09 18:00:53 [INFO] [Rank 2] Weights loaded.
2026-04-09 18:00:55 [INFO] [Rank 3] Loading weights...
2026-04-09 18:00:58 [INFO] [Rank 3] Weights loaded.
2026-04-09 18:01:25 [INFO] [Rank 1] Loading weights...
2026-04-09 18:01:32 [INFO] [Rank 1] Weights loaded.
2026-04-09 18:02:39 [INFO] [Rank 0] Loading weights...
2026-04-09 18:02:53 [INFO] [Rank 0] Weights loaded.
2026-04-09 18:09:00 [INFO] [Rank 2] Finished. Latency: 367096 ms
2026-04-09 18:09:00 [INFO] [Rank 1] Finished. Latency: 367095 ms
2026-04-09 18:09:00 [INFO] [Rank 0] Finished. Latency: 367096 ms
2026-04-09 18:09:00 [INFO] [Rank 3] Finished. Latency: 367105 ms
2026-04-09 18:09:04 [INFO] Total latency:     367096 ms
2026-04-09 18:09:04 [INFO] Peak 5GB memory:   5010 MB
2026-04-09 18:09:04 [INFO] Avg  5GB memory:   2466 MB
2026-04-09 18:09:04 [INFO] [240/441] Split [28, 10, 1, 1] | Batch: 32 | Microbatch: 16 | Microbatches: 2
2026-04-09 18:09:04 [INFO] Loading WikiText... (SEQ_LEN=64, BATCH=32)
2026-04-09 18:09:17 [INFO] [Rank 2] Loading weights...
2026-04-09 18:09:20 [INFO] [Rank 2] Weights loaded.
2026-04-09 18:09:22 [INFO] [Rank 3] Loading weights...
2026-04-09 18:09:25 [INFO] [Rank 3] Weights loaded.
2026-04-09 18:09:52 [INFO] [Rank 1] Loading weights...
2026-04-09 18:09:59 [INFO] [Rank 1] Weights loaded.
2026-04-09 18:11:06 [INFO] [Rank 0] Loading weights...
2026-04-09 18:11:19 [INFO] [Rank 0] Weights loaded.
2026-04-09 18:13:04 [INFO] [Rank 2] Finished. Latency: 104579 ms
2026-04-09 18:13:04 [INFO] [Rank 1] Finished. Latency: 104579 ms
2026-04-09 18:13:04 [INFO] [Rank 0] Finished. Latency: 104579 ms
2026-04-09 18:13:04 [INFO] [Rank 3] Finished. Latency: 104589 ms
2026-04-09 18:13:08 [INFO] Total latency:     104579 ms
2026-04-09 18:13:08 [INFO] Peak 5GB memory:   5010 MB
2026-04-09 18:13:08 [INFO] Avg  5GB memory:   2501 MB
2026-04-09 18:13:08 [INFO] [241/441] Split [28, 10, 1, 1] | Batch: 32 | Microbatch: 8 | Microbatches: 4
2026-04-09 18:13:08 [INFO] Loading WikiText... (SEQ_LEN=64, BATCH=32)
2026-04-09 18:13:22 [INFO] [Rank 2] Loading weights...
2026-04-09 18:13:24 [INFO] [Rank 2] Weights loaded.
2026-04-09 18:13:27 [INFO] [Rank 3] Loading weights...
2026-04-09 18:13:30 [INFO] [Rank 3] Weights loaded.
2026-04-09 18:13:57 [INFO] [Rank 1] Loading weights...
2026-04-09 18:14:04 [INFO] [Rank 1] Weights loaded.
2026-04-09 18:15:10 [INFO] [Rank 0] Loading weights...
2026-04-09 18:15:24 [INFO] [Rank 0] Weights loaded.
2026-04-09 18:18:39 [INFO] [Rank 1] Finished. Latency: 194418 ms
2026-04-09 18:18:39 [INFO] [Rank 2] Finished. Latency: 194418 ms
2026-04-09 18:18:39 [INFO] [Rank 0] Finished. Latency: 194418 ms
2026-04-09 18:18:39 [INFO] [Rank 3] Finished. Latency: 194428 ms
2026-04-09 18:18:43 [INFO] Total latency:     194418 ms
2026-04-09 18:18:43 [INFO] Peak 5GB memory:   5010 MB
2026-04-09 18:18:43 [INFO] Avg  5GB memory:   2480 MB
2026-04-09 18:18:43 [INFO] [242/441] Split [28, 10, 1, 1] | Batch: 32 | Microbatch: 4 | Microbatches: 8
2026-04-09 18:18:43 [INFO] Loading WikiText... (SEQ_LEN=64, BATCH=32)
2026-04-09 18:18:57 [INFO] [Rank 2] Loading weights...
2026-04-09 18:18:59 [INFO] [Rank 2] Weights loaded.
2026-04-09 18:19:02 [INFO] [Rank 3] Loading weights...
2026-04-09 18:19:05 [INFO] [Rank 3] Weights loaded.
2026-04-09 18:19:32 [INFO] [Rank 1] Loading weights...
2026-04-09 18:19:39 [INFO] [Rank 1] Weights loaded.
2026-04-09 18:20:46 [INFO] [Rank 0] Loading weights...
2026-04-09 18:20:59 [INFO] [Rank 0] Weights loaded.
2026-04-09 18:27:14 [INFO] [Rank 1] Finished. Latency: 374000 ms
2026-04-09 18:27:14 [INFO] [Rank 2] Finished. Latency: 374000 ms
2026-04-09 18:27:14 [INFO] [Rank 0] Finished. Latency: 374000 ms
2026-04-09 18:27:14 [INFO] [Rank 3] Finished. Latency: 374010 ms
2026-04-09 18:27:18 [INFO] Total latency:     374000 ms
2026-04-09 18:27:18 [INFO] Peak 5GB memory:   5010 MB
2026-04-09 18:27:18 [INFO] Avg  5GB memory:   2505 MB
2026-04-09 18:27:18 [INFO] [243/441] Split [28, 10, 1, 1] | Batch: 32 | Microbatch: 2 | Microbatches: 16
2026-04-09 18:27:18 [INFO] Loading WikiText... (SEQ_LEN=64, BATCH=32)
2026-04-09 18:27:32 [INFO] [Rank 2] Loading weights...
2026-04-09 18:27:34 [INFO] [Rank 2] Weights loaded.
2026-04-09 18:27:37 [INFO] [Rank 3] Loading weights...
2026-04-09 18:27:40 [INFO] [Rank 3] Weights loaded.
2026-04-09 18:28:07 [INFO] [Rank 1] Loading weights...
2026-04-09 18:28:14 [INFO] [Rank 1] Weights loaded.
2026-04-09 18:29:20 [INFO] [Rank 0] Loading weights...
2026-04-09 18:29:34 [INFO] [Rank 0] Weights loaded.
2026-04-09 18:41:46 [INFO] [Rank 2] Finished. Latency: 731388 ms
2026-04-09 18:41:46 [INFO] [Rank 0] Finished. Latency: 731388 ms
2026-04-09 18:41:46 [INFO] [Rank 1] Finished. Latency: 731388 ms
2026-04-09 18:41:46 [INFO] [Rank 3] Finished. Latency: 731397 ms
2026-04-09 18:41:50 [INFO] Total latency:     731388 ms
2026-04-09 18:41:50 [INFO] Peak 5GB memory:   5010 MB
2026-04-09 18:41:50 [INFO] Avg  5GB memory:   2540 MB
2026-04-09 18:41:50 [INFO] [244/441] Split [28, 10, 2, 0] | Batch: 8 | Microbatch: 4 | Microbatches: 2
2026-04-09 18:41:50 [INFO] Loading WikiText... (SEQ_LEN=64, BATCH=8)
2026-04-09 18:42:05 [INFO] [Rank 3] Loading weights...
2026-04-09 18:42:07 [INFO] [Rank 3] Weights loaded.
2026-04-09 18:42:08 [INFO] [Rank 2] Loading weights...
2026-04-09 18:42:11 [INFO] [Rank 2] Weights loaded.
2026-04-09 18:42:39 [INFO] [Rank 1] Loading weights...
2026-04-09 18:42:46 [INFO] [Rank 1] Weights loaded.
2026-04-09 18:43:52 [INFO] [Rank 0] Loading weights...
2026-04-09 18:44:06 [INFO] [Rank 0] Weights loaded.
2026-04-09 18:45:41 [INFO] [Rank 2] Finished. Latency: 94845 ms
2026-04-09 18:45:41 [INFO] [Rank 1] Finished. Latency: 94845 ms
2026-04-09 18:45:41 [INFO] [Rank 0] Finished. Latency: 94845 ms
2026-04-09 18:45:41 [INFO] [Rank 3] Finished. Latency: 94850 ms
2026-04-09 18:45:45 [INFO] Total latency:     94845 ms
2026-04-09 18:45:45 [INFO] Peak 5GB memory:   3950 MB
2026-04-09 18:45:45 [INFO] Avg  5GB memory:   1366 MB
2026-04-09 18:45:45 [INFO] [245/441] Split [28, 10, 2, 0] | Batch: 8 | Microbatch: 2 | Microbatches: 4
2026-04-09 18:45:45 [INFO] Loading WikiText... (SEQ_LEN=64, BATCH=8)
2026-04-09 18:45:46 [WARNING] '(ProtocolError('Connection aborted.', ConnectionResetError(104, 'Connection reset by peer')), '(Request ID: 6d6372f0-c93b-489f-992f-d22994940d3b)')' thrown while requesting GET https://huggingface.co/datasets/wikitext/resolve/b08601e04326c79dfdd32d625aee71d232d685c3/wikitext-2-raw-v1/test-00000-of-00001.parquet
2026-04-09 18:45:46 [WARNING] Retrying in 1s [Retry 1/5].
2026-04-09 18:46:00 [INFO] [Rank 3] Loading weights...
2026-04-09 18:46:03 [INFO] [Rank 3] Weights loaded.
2026-04-09 18:46:03 [INFO] [Rank 2] Loading weights...
2026-04-09 18:46:06 [INFO] [Rank 2] Weights loaded.
2026-04-09 18:46:34 [INFO] [Rank 1] Loading weights...
2026-04-09 18:46:41 [INFO] [Rank 1] Weights loaded.
2026-04-09 18:47:49 [INFO] [Rank 0] Loading weights...
2026-04-09 18:48:02 [INFO] [Rank 0] Weights loaded.
2026-04-09 18:51:07 [INFO] [Rank 2] Finished. Latency: 184357 ms
2026-04-09 18:51:07 [INFO] [Rank 0] Finished. Latency: 184357 ms
2026-04-09 18:51:07 [INFO] [Rank 1] Finished. Latency: 184357 ms
2026-04-09 18:51:07 [INFO] [Rank 3] Finished. Latency: 184362 ms
2026-04-09 18:51:11 [INFO] Total latency:     184357 ms
2026-04-09 18:51:11 [INFO] Peak 5GB memory:   2670 MB
2026-04-09 18:51:11 [INFO] Avg  5GB memory:   1386 MB
2026-04-09 18:51:11 [INFO] [246/441] Split [28, 10, 2, 0] | Batch: 16 | Microbatch: 8 | Microbatches: 2
2026-04-09 18:51:11 [INFO] Loading WikiText... (SEQ_LEN=64, BATCH=16)
2026-04-09 18:51:25 [INFO] [Rank 3] Loading weights...
2026-04-09 18:51:28 [INFO] [Rank 3] Weights loaded.
2026-04-09 18:51:28 [INFO] [Rank 2] Loading weights...
2026-04-09 18:51:31 [INFO] [Rank 2] Weights loaded.
2026-04-09 18:51:59 [INFO] [Rank 1] Loading weights...
2026-04-09 18:52:06 [INFO] [Rank 1] Weights loaded.
2026-04-09 18:53:13 [INFO] [Rank 0] Loading weights...
2026-04-09 18:53:27 [INFO] [Rank 0] Weights loaded.
2026-04-09 18:55:06 [INFO] [Rank 1] Finished. Latency: 98046 ms
2026-04-09 18:55:06 [INFO] [Rank 2] Finished. Latency: 98046 ms
2026-04-09 18:55:06 [INFO] [Rank 0] Finished. Latency: 98046 ms
2026-04-09 18:55:06 [INFO] [Rank 3] Finished. Latency: 98051 ms
2026-04-09 18:55:09 [INFO] Total latency:     98046 ms
2026-04-09 18:55:09 [INFO] Peak 5GB memory:   3950 MB
2026-04-09 18:55:09 [INFO] Avg  5GB memory:   1374 MB
2026-04-09 18:55:09 [INFO] [247/441] Split [28, 10, 2, 0] | Batch: 16 | Microbatch: 4 | Microbatches: 4
2026-04-09 18:55:09 [INFO] Loading WikiText... (SEQ_LEN=64, BATCH=16)
2026-04-09 18:55:24 [INFO] [Rank 3] Loading weights...
2026-04-09 18:55:26 [INFO] [Rank 3] Weights loaded.
2026-04-09 18:55:27 [INFO] [Rank 2] Loading weights...
2026-04-09 18:55:30 [INFO] [Rank 2] Weights loaded.
2026-04-09 18:55:58 [INFO] [Rank 1] Loading weights...
2026-04-09 18:56:05 [INFO] [Rank 1] Weights loaded.
2026-04-09 18:57:12 [INFO] [Rank 0] Loading weights...
2026-04-09 18:57:26 [INFO] [Rank 0] Weights loaded.
2026-04-09 19:00:34 [INFO] [Rank 2] Finished. Latency: 187965 ms
2026-04-09 19:00:34 [INFO] [Rank 1] Finished. Latency: 187965 ms
2026-04-09 19:00:34 [INFO] [Rank 0] Finished. Latency: 187965 ms
2026-04-09 19:00:34 [INFO] [Rank 3] Finished. Latency: 187970 ms
2026-04-09 19:00:38 [INFO] Total latency:     187965 ms
2026-04-09 19:00:38 [INFO] Peak 5GB memory:   2670 MB
2026-04-09 19:00:38 [INFO] Avg  5GB memory:   1387 MB
2026-04-09 19:00:38 [INFO] [248/441] Split [28, 10, 2, 0] | Batch: 16 | Microbatch: 2 | Microbatches: 8
2026-04-09 19:00:38 [INFO] Loading WikiText... (SEQ_LEN=64, BATCH=16)
2026-04-09 19:00:52 [INFO] [Rank 3] Loading weights...
2026-04-09 19:00:55 [INFO] [Rank 3] Weights loaded.
2026-04-09 19:00:55 [INFO] [Rank 2] Loading weights...
2026-04-09 19:00:58 [INFO] [Rank 2] Weights loaded.
2026-04-09 19:01:27 [INFO] [Rank 1] Loading weights...
2026-04-09 19:01:34 [INFO] [Rank 1] Weights loaded.
2026-04-09 19:02:40 [INFO] [Rank 0] Loading weights...
2026-04-09 19:02:54 [INFO] [Rank 0] Weights loaded.
2026-04-09 19:09:01 [INFO] [Rank 2] Finished. Latency: 366660 ms
2026-04-09 19:09:01 [INFO] [Rank 1] Finished. Latency: 366660 ms
2026-04-09 19:09:01 [INFO] [Rank 0] Finished. Latency: 366660 ms
2026-04-09 19:09:01 [INFO] [Rank 3] Finished. Latency: 366665 ms
2026-04-09 19:09:05 [INFO] Total latency:     366660 ms
2026-04-09 19:09:05 [INFO] Peak 5GB memory:   3950 MB
2026-04-09 19:09:05 [INFO] Avg  5GB memory:   1409 MB
2026-04-09 19:09:05 [INFO] [249/441] Split [28, 10, 2, 0] | Batch: 32 | Microbatch: 16 | Microbatches: 2
2026-04-09 19:09:05 [INFO] Loading WikiText... (SEQ_LEN=64, BATCH=32)
2026-04-09 19:09:20 [INFO] [Rank 3] Loading weights...
2026-04-09 19:09:22 [INFO] [Rank 3] Weights loaded.
2026-04-09 19:09:23 [INFO] [Rank 2] Loading weights...
2026-04-09 19:09:26 [INFO] [Rank 2] Weights loaded.
2026-04-09 19:09:54 [INFO] [Rank 1] Loading weights...
2026-04-09 19:10:01 [INFO] [Rank 1] Weights loaded.
2026-04-09 19:11:08 [INFO] [Rank 0] Loading weights...
2026-04-09 19:11:22 [INFO] [Rank 0] Weights loaded.
2026-04-09 19:13:06 [INFO] [Rank 1] Finished. Latency: 104587 ms
2026-04-09 19:13:06 [INFO] [Rank 2] Finished. Latency: 104587 ms
2026-04-09 19:13:06 [INFO] [Rank 0] Finished. Latency: 104587 ms
2026-04-09 19:13:06 [INFO] [Rank 3] Finished. Latency: 104592 ms
2026-04-09 19:13:10 [INFO] Total latency:     104587 ms
2026-04-09 19:13:10 [INFO] Peak 5GB memory:   3950 MB
2026-04-09 19:13:10 [INFO] Avg  5GB memory:   1387 MB
2026-04-09 19:13:10 [INFO] [250/441] Split [28, 10, 2, 0] | Batch: 32 | Microbatch: 8 | Microbatches: 4
2026-04-09 19:13:10 [INFO] Loading WikiText... (SEQ_LEN=64, BATCH=32)
2026-04-09 19:13:25 [INFO] [Rank 3] Loading weights...
2026-04-09 19:13:27 [INFO] [Rank 3] Weights loaded.
2026-04-09 19:13:28 [INFO] [Rank 2] Loading weights...
2026-04-09 19:13:31 [INFO] [Rank 2] Weights loaded.
2026-04-09 19:13:59 [INFO] [Rank 1] Loading weights...
2026-04-09 19:14:06 [INFO] [Rank 1] Weights loaded.
2026-04-09 19:15:13 [INFO] [Rank 0] Loading weights...
2026-04-09 19:15:27 [INFO] [Rank 0] Weights loaded.
2026-04-09 19:18:42 [INFO] [Rank 1] Finished. Latency: 194360 ms
2026-04-09 19:18:42 [INFO] [Rank 2] Finished. Latency: 194360 ms
2026-04-09 19:18:42 [INFO] [Rank 0] Finished. Latency: 194360 ms
2026-04-09 19:18:42 [INFO] [Rank 3] Finished. Latency: 194365 ms
2026-04-09 19:18:46 [INFO] Total latency:     194360 ms
2026-04-09 19:18:46 [INFO] Peak 5GB memory:   3950 MB
2026-04-09 19:18:46 [INFO] Avg  5GB memory:   1401 MB
2026-04-09 19:18:46 [INFO] [251/441] Split [28, 10, 2, 0] | Batch: 32 | Microbatch: 4 | Microbatches: 8
2026-04-09 19:18:46 [INFO] Loading WikiText... (SEQ_LEN=64, BATCH=32)
2026-04-09 19:19:00 [INFO] [Rank 3] Loading weights...
2026-04-09 19:19:02 [INFO] [Rank 3] Weights loaded.
2026-04-09 19:19:03 [INFO] [Rank 2] Loading weights...
2026-04-09 19:19:06 [INFO] [Rank 2] Weights loaded.
2026-04-09 19:19:34 [INFO] [Rank 1] Loading weights...
2026-04-09 19:19:41 [INFO] [Rank 1] Weights loaded.
2026-04-09 19:20:48 [INFO] [Rank 0] Loading weights...
2026-04-09 19:21:02 [INFO] [Rank 0] Weights loaded.
2026-04-09 19:27:16 [INFO] [Rank 2] Finished. Latency: 373418 ms
2026-04-09 19:27:16 [INFO] [Rank 1] Finished. Latency: 373419 ms
2026-04-09 19:27:16 [INFO] [Rank 0] Finished. Latency: 373419 ms
2026-04-09 19:27:16 [INFO] [Rank 3] Finished. Latency: 373424 ms
2026-04-09 19:27:20 [INFO] Total latency:     373419 ms
2026-04-09 19:27:20 [INFO] Peak 5GB memory:   3950 MB
2026-04-09 19:27:20 [INFO] Avg  5GB memory:   1427 MB
2026-04-09 19:27:20 [INFO] [252/441] Split [28, 10, 2, 0] | Batch: 32 | Microbatch: 2 | Microbatches: 16
2026-04-09 19:27:20 [INFO] Loading WikiText... (SEQ_LEN=64, BATCH=32)
2026-04-09 19:27:35 [INFO] [Rank 3] Loading weights...
2026-04-09 19:27:37 [INFO] [Rank 3] Weights loaded.
2026-04-09 19:27:38 [INFO] [Rank 2] Loading weights...
2026-04-09 19:27:41 [INFO] [Rank 2] Weights loaded.
2026-04-09 19:28:09 [INFO] [Rank 1] Loading weights...
2026-04-09 19:28:16 [INFO] [Rank 1] Weights loaded.
2026-04-09 19:29:22 [INFO] [Rank 0] Loading weights...
2026-04-09 19:29:36 [INFO] [Rank 0] Weights loaded.
2026-04-09 19:41:47 [INFO] [Rank 2] Finished. Latency: 730475 ms
2026-04-09 19:41:47 [INFO] [Rank 1] Finished. Latency: 730475 ms
2026-04-09 19:41:47 [INFO] [Rank 0] Finished. Latency: 730475 ms
2026-04-09 19:41:47 [INFO] [Rank 3] Finished. Latency: 730481 ms
2026-04-09 19:41:51 [INFO] Total latency:     730475 ms
2026-04-09 19:41:51 [INFO] Peak 5GB memory:   2670 MB
2026-04-09 19:41:51 [INFO] Avg  5GB memory:   1424 MB
2026-04-09 19:41:51 [INFO] [253/441] Split [29, 5, 4, 2] | Batch: 8 | Microbatch: 4 | Microbatches: 2
2026-04-09 19:41:51 [INFO] Loading WikiText... (SEQ_LEN=64, BATCH=8)
2026-04-09 19:42:14 [INFO] [Rank 3] Loading weights...
2026-04-09 19:42:17 [INFO] [Rank 2] Loading weights...
2026-04-09 19:42:17 [INFO] [Rank 3] Weights loaded.
2026-04-09 19:42:21 [INFO] [Rank 2] Weights loaded.
2026-04-09 19:42:21 [INFO] [Rank 1] Loading weights...
2026-04-09 19:42:25 [INFO] [Rank 1] Weights loaded.
2026-04-09 19:43:57 [INFO] [Rank 0] Loading weights...
2026-04-09 19:44:12 [INFO] [Rank 0] Weights loaded.
2026-04-09 19:45:55 [INFO] [Rank 2] Finished. Latency: 103796 ms
2026-04-09 19:45:55 [INFO] [Rank 0] Finished. Latency: 103796 ms
2026-04-09 19:45:55 [INFO] [Rank 1] Finished. Latency: 103796 ms
2026-04-09 19:45:55 [INFO] [Rank 3] Finished. Latency: 103809 ms
2026-04-09 19:45:59 [INFO] Total latency:     103796 ms
2026-04-09 19:45:59 [INFO] Peak 5GB memory:   6070 MB
2026-04-09 19:45:59 [INFO] Avg  5GB memory:   3352 MB
2026-04-09 19:45:59 [INFO] [254/441] Split [29, 5, 4, 2] | Batch: 8 | Microbatch: 2 | Microbatches: 4
2026-04-09 19:45:59 [INFO] Loading WikiText... (SEQ_LEN=64, BATCH=8)
2026-04-09 19:46:22 [INFO] [Rank 3] Loading weights...
2026-04-09 19:46:25 [INFO] [Rank 2] Loading weights...
2026-04-09 19:46:26 [INFO] [Rank 3] Weights loaded.
2026-04-09 19:46:29 [INFO] [Rank 1] Loading weights...
2026-04-09 19:46:29 [INFO] [Rank 2] Weights loaded.
2026-04-09 19:46:34 [INFO] [Rank 1] Weights loaded.
2026-04-09 19:48:06 [INFO] [Rank 0] Loading weights...
2026-04-09 19:48:20 [INFO] [Rank 0] Weights loaded.
2026-04-09 19:51:42 [INFO] [Rank 2] Finished. Latency: 201671 ms
2026-04-09 19:51:42 [INFO] [Rank 1] Finished. Latency: 201671 ms
2026-04-09 19:51:42 [INFO] [Rank 0] Finished. Latency: 201671 ms
2026-04-09 19:51:42 [INFO] [Rank 3] Finished. Latency: 201684 ms
2026-04-09 19:51:46 [INFO] Total latency:     201671 ms
2026-04-09 19:51:46 [INFO] Peak 5GB memory:   6070 MB
2026-04-09 19:51:46 [INFO] Avg  5GB memory:   3419 MB
2026-04-09 19:51:46 [INFO] [255/441] Split [29, 5, 4, 2] | Batch: 16 | Microbatch: 8 | Microbatches: 2
2026-04-09 19:51:46 [INFO] Loading WikiText... (SEQ_LEN=64, BATCH=16)
2026-04-09 19:52:09 [INFO] [Rank 3] Loading weights...
2026-04-09 19:52:12 [INFO] [Rank 2] Loading weights...
2026-04-09 19:52:13 [INFO] [Rank 3] Weights loaded.
2026-04-09 19:52:16 [INFO] [Rank 1] Loading weights...
2026-04-09 19:52:17 [INFO] [Rank 2] Weights loaded.
2026-04-09 19:52:21 [INFO] [Rank 1] Weights loaded.
2026-04-09 19:53:53 [INFO] [Rank 0] Loading weights...
2026-04-09 19:54:07 [INFO] [Rank 0] Weights loaded.
2026-04-09 19:55:55 [INFO] [Rank 2] Finished. Latency: 107151 ms
2026-04-09 19:55:55 [INFO] [Rank 1] Finished. Latency: 107151 ms
2026-04-09 19:55:55 [INFO] [Rank 0] Finished. Latency: 107152 ms
2026-04-09 19:55:55 [INFO] [Rank 3] Finished. Latency: 107166 ms
2026-04-09 19:55:58 [INFO] Total latency:     107152 ms
2026-04-09 19:55:58 [INFO] Peak 5GB memory:   6070 MB
2026-04-09 19:55:58 [INFO] Avg  5GB memory:   3399 MB
2026-04-09 19:55:58 [INFO] [256/441] Split [29, 5, 4, 2] | Batch: 16 | Microbatch: 4 | Microbatches: 4
2026-04-09 19:55:58 [INFO] Loading WikiText... (SEQ_LEN=64, BATCH=16)
2026-04-09 19:56:21 [INFO] [Rank 3] Loading weights...
2026-04-09 19:56:24 [INFO] [Rank 2] Loading weights...
2026-04-09 19:56:24 [INFO] [Rank 3] Weights loaded.
2026-04-09 19:56:28 [INFO] [Rank 2] Weights loaded.
2026-04-09 19:56:28 [INFO] [Rank 1] Loading weights...
2026-04-09 19:56:33 [INFO] [Rank 1] Weights loaded.
2026-04-09 19:58:04 [INFO] [Rank 0] Loading weights...
2026-04-09 19:58:18 [INFO] [Rank 0] Weights loaded.
2026-04-09 20:01:44 [INFO] [Rank 2] Finished. Latency: 205685 ms
2026-04-09 20:01:44 [INFO] [Rank 0] Finished. Latency: 205685 ms
2026-04-09 20:01:44 [INFO] [Rank 1] Finished. Latency: 205685 ms
2026-04-09 20:01:44 [INFO] [Rank 3] Finished. Latency: 205698 ms
2026-04-09 20:01:48 [INFO] Total latency:     205685 ms
2026-04-09 20:01:48 [INFO] Peak 5GB memory:   6070 MB
2026-04-09 20:01:48 [INFO] Avg  5GB memory:   3450 MB
2026-04-09 20:01:48 [INFO] [257/441] Split [29, 5, 4, 2] | Batch: 16 | Microbatch: 2 | Microbatches: 8
2026-04-09 20:01:48 [INFO] Loading WikiText... (SEQ_LEN=64, BATCH=16)
2026-04-09 20:02:11 [INFO] [Rank 3] Loading weights...
2026-04-09 20:02:15 [INFO] [Rank 2] Loading weights...
2026-04-09 20:02:15 [INFO] [Rank 3] Weights loaded.
2026-04-09 20:02:19 [INFO] [Rank 2] Weights loaded.
2026-04-09 20:02:19 [INFO] [Rank 1] Loading weights...
2026-04-09 20:02:23 [INFO] [Rank 1] Weights loaded.
2026-04-09 20:03:55 [INFO] [Rank 0] Loading weights...
2026-04-09 20:04:09 [INFO] [Rank 0] Weights loaded.
2026-04-09 20:10:52 [INFO] [Rank 2] Finished. Latency: 402273 ms
2026-04-09 20:10:52 [INFO] [Rank 1] Finished. Latency: 402273 ms
2026-04-09 20:10:52 [INFO] [Rank 0] Finished. Latency: 402273 ms
2026-04-09 20:10:52 [INFO] [Rank 3] Finished. Latency: 402286 ms
2026-04-09 20:10:56 [INFO] Total latency:     402273 ms
2026-04-09 20:10:56 [INFO] Peak 5GB memory:   6070 MB
2026-04-09 20:10:56 [INFO] Avg  5GB memory:   3512 MB
2026-04-09 20:10:56 [INFO] [258/441] Split [29, 5, 4, 2] | Batch: 32 | Microbatch: 16 | Microbatches: 2
2026-04-09 20:10:56 [INFO] Loading WikiText... (SEQ_LEN=64, BATCH=32)
2026-04-09 20:11:19 [INFO] [Rank 3] Loading weights...
2026-04-09 20:11:22 [INFO] [Rank 2] Loading weights...
2026-04-09 20:11:22 [INFO] [Rank 3] Weights loaded.
2026-04-09 20:11:26 [INFO] [Rank 2] Weights loaded.
2026-04-09 20:11:26 [INFO] [Rank 1] Loading weights...
2026-04-09 20:11:30 [INFO] [Rank 1] Weights loaded.
2026-04-09 20:13:02 [INFO] [Rank 0] Loading weights...
2026-04-09 20:13:17 [INFO] [Rank 0] Weights loaded.
2026-04-09 20:15:11 [INFO] [Rank 1] Finished. Latency: 114434 ms
2026-04-09 20:15:11 [INFO] [Rank 2] Finished. Latency: 114434 ms
2026-04-09 20:15:11 [INFO] [Rank 0] Finished. Latency: 114434 ms
2026-04-09 20:15:11 [INFO] [Rank 3] Finished. Latency: 114449 ms
2026-04-09 20:15:15 [INFO] Total latency:     114434 ms
2026-04-09 20:15:15 [INFO] Peak 5GB memory:   4790 MB
2026-04-09 20:15:15 [INFO] Avg  5GB memory:   3480 MB
2026-04-09 20:15:15 [INFO] [259/441] Split [29, 5, 4, 2] | Batch: 32 | Microbatch: 8 | Microbatches: 4
2026-04-09 20:15:15 [INFO] Loading WikiText... (SEQ_LEN=64, BATCH=32)
2026-04-09 20:15:38 [INFO] [Rank 3] Loading weights...
2026-04-09 20:15:41 [INFO] [Rank 2] Loading weights...
2026-04-09 20:15:42 [INFO] [Rank 3] Weights loaded.
2026-04-09 20:15:45 [INFO] [Rank 2] Weights loaded.
2026-04-09 20:15:45 [INFO] [Rank 1] Loading weights...
2026-04-09 20:15:50 [INFO] [Rank 1] Weights loaded.
2026-04-09 20:17:22 [INFO] [Rank 0] Loading weights...
2026-04-09 20:17:36 [INFO] [Rank 0] Weights loaded.
2026-04-09 20:21:09 [INFO] [Rank 1] Finished. Latency: 212622 ms
2026-04-09 20:21:09 [INFO] [Rank 2] Finished. Latency: 212622 ms
2026-04-09 20:21:09 [INFO] [Rank 0] Finished. Latency: 212622 ms
2026-04-09 20:21:09 [INFO] [Rank 3] Finished. Latency: 212636 ms
2026-04-09 20:21:13 [INFO] Total latency:     212622 ms
2026-04-09 20:21:13 [INFO] Peak 5GB memory:   6070 MB
2026-04-09 20:21:13 [INFO] Avg  5GB memory:   3512 MB
2026-04-09 20:21:13 [INFO] [260/441] Split [29, 5, 4, 2] | Batch: 32 | Microbatch: 4 | Microbatches: 8
2026-04-09 20:21:13 [INFO] Loading WikiText... (SEQ_LEN=64, BATCH=32)
2026-04-09 20:21:36 [INFO] [Rank 3] Loading weights...
2026-04-09 20:21:39 [INFO] [Rank 2] Loading weights...
2026-04-09 20:21:39 [INFO] [Rank 3] Weights loaded.
2026-04-09 20:21:43 [INFO] [Rank 1] Loading weights...
2026-04-09 20:21:43 [INFO] [Rank 2] Weights loaded.
2026-04-09 20:21:47 [INFO] [Rank 1] Weights loaded.
2026-04-09 20:23:19 [INFO] [Rank 0] Loading weights...
2026-04-09 20:23:34 [INFO] [Rank 0] Weights loaded.
2026-04-09 20:30:23 [INFO] [Rank 2] Finished. Latency: 409183 ms
2026-04-09 20:30:23 [INFO] [Rank 0] Finished. Latency: 409183 ms
2026-04-09 20:30:23 [INFO] [Rank 1] Finished. Latency: 409183 ms
2026-04-09 20:30:23 [INFO] [Rank 3] Finished. Latency: 409197 ms
2026-04-09 20:30:27 [INFO] Total latency:     409183 ms
2026-04-09 20:30:27 [INFO] Peak 5GB memory:   6070 MB
2026-04-09 20:30:27 [INFO] Avg  5GB memory:   3567 MB
2026-04-09 20:30:27 [INFO] [261/441] Split [29, 5, 4, 2] | Batch: 32 | Microbatch: 2 | Microbatches: 16
2026-04-09 20:30:27 [INFO] Loading WikiText... (SEQ_LEN=64, BATCH=32)
2026-04-09 20:30:50 [INFO] [Rank 3] Loading weights...
2026-04-09 20:30:53 [INFO] [Rank 2] Loading weights...
2026-04-09 20:30:53 [INFO] [Rank 3] Weights loaded.
2026-04-09 20:30:57 [INFO] [Rank 1] Loading weights...
2026-04-09 20:30:57 [INFO] [Rank 2] Weights loaded.
2026-04-09 20:31:01 [INFO] [Rank 1] Weights loaded.
2026-04-09 20:32:33 [INFO] [Rank 0] Loading weights...
2026-04-09 20:32:48 [INFO] [Rank 0] Weights loaded.
2026-04-09 20:46:08 [INFO] [Rank 1] Finished. Latency: 800178 ms
2026-04-09 20:46:08 [INFO] [Rank 2] Finished. Latency: 800178 ms
2026-04-09 20:46:08 [INFO] [Rank 0] Finished. Latency: 800178 ms
2026-04-09 20:46:08 [INFO] [Rank 3] Finished. Latency: 800191 ms
2026-04-09 20:46:12 [INFO] Total latency:     800178 ms
2026-04-09 20:46:12 [INFO] Peak 5GB memory:   6070 MB
2026-04-09 20:46:12 [INFO] Avg  5GB memory:   3633 MB
2026-04-09 20:46:12 [INFO] [262/441] Split [29, 6, 3, 2] | Batch: 8 | Microbatch: 4 | Microbatches: 2
2026-04-09 20:46:12 [INFO] Loading WikiText... (SEQ_LEN=64, BATCH=8)
2026-04-09 20:46:34 [INFO] [Rank 2] Loading weights...
2026-04-09 20:46:35 [INFO] [Rank 3] Loading weights...
2026-04-09 20:46:37 [INFO] [Rank 2] Weights loaded.
2026-04-09 20:46:39 [INFO] [Rank 3] Weights loaded.
2026-04-09 20:46:46 [INFO] [Rank 1] Loading weights...
2026-04-09 20:46:51 [INFO] [Rank 1] Weights loaded.
2026-04-09 20:48:18 [INFO] [Rank 0] Loading weights...
2026-04-09 20:48:33 [INFO] [Rank 0] Weights loaded.
2026-04-09 20:50:14 [INFO] [Rank 2] Finished. Latency: 101200 ms
2026-04-09 20:50:14 [INFO] [Rank 1] Finished. Latency: 101199 ms
2026-04-09 20:50:14 [INFO] [Rank 0] Finished. Latency: 101200 ms
2026-04-09 20:50:14 [INFO] [Rank 3] Finished. Latency: 101213 ms
2026-04-09 20:50:18 [INFO] Total latency:     101200 ms
2026-04-09 20:50:18 [INFO] Peak 5GB memory:   6070 MB
2026-04-09 20:50:18 [INFO] Avg  5GB memory:   3349 MB
2026-04-09 20:50:18 [INFO] [263/441] Split [29, 6, 3, 2] | Batch: 8 | Microbatch: 2 | Microbatches: 4
2026-04-09 20:50:18 [INFO] Loading WikiText... (SEQ_LEN=64, BATCH=8)
2026-04-09 20:50:39 [INFO] [Rank 2] Loading weights...
2026-04-09 20:50:40 [INFO] [Rank 3] Loading weights...
2026-04-09 20:50:43 [INFO] [Rank 2] Weights loaded.
2026-04-09 20:50:44 [INFO] [Rank 3] Weights loaded.
2026-04-09 20:50:52 [INFO] [Rank 1] Loading weights...
2026-04-09 20:50:57 [INFO] [Rank 1] Weights loaded.
2026-04-09 20:52:26 [INFO] [Rank 0] Loading weights...
2026-04-09 20:52:40 [INFO] [Rank 0] Weights loaded.
2026-04-09 20:55:57 [INFO] [Rank 2] Finished. Latency: 196758 ms
2026-04-09 20:55:57 [INFO] [Rank 1] Finished. Latency: 196758 ms
2026-04-09 20:55:57 [INFO] [Rank 0] Finished. Latency: 196758 ms
2026-04-09 20:55:57 [INFO] [Rank 3] Finished. Latency: 196771 ms
2026-04-09 20:56:01 [INFO] Total latency:     196758 ms
2026-04-09 20:56:01 [INFO] Peak 5GB memory:   4790 MB
2026-04-09 20:56:01 [INFO] Avg  5GB memory:   3424 MB
2026-04-09 20:56:01 [INFO] [264/441] Split [29, 6, 3, 2] | Batch: 16 | Microbatch: 8 | Microbatches: 2
2026-04-09 20:56:01 [INFO] Loading WikiText... (SEQ_LEN=64, BATCH=16)
2026-04-09 20:56:23 [INFO] [Rank 2] Loading weights...
2026-04-09 20:56:24 [INFO] [Rank 3] Loading weights...
2026-04-09 20:56:27 [INFO] [Rank 2] Weights loaded.
2026-04-09 20:56:28 [INFO] [Rank 3] Weights loaded.
2026-04-09 20:56:35 [INFO] [Rank 1] Loading weights...
2026-04-09 20:56:40 [INFO] [Rank 1] Weights loaded.
2026-04-09 20:58:08 [INFO] [Rank 0] Loading weights...
2026-04-09 20:58:22 [INFO] [Rank 0] Weights loaded.
2026-04-09 21:00:07 [INFO] [Rank 2] Finished. Latency: 104550 ms
2026-04-09 21:00:07 [INFO] [Rank 1] Finished. Latency: 104550 ms
2026-04-09 21:00:07 [INFO] [Rank 0] Finished. Latency: 104550 ms
2026-04-09 21:00:07 [INFO] [Rank 3] Finished. Latency: 104564 ms
2026-04-09 21:00:11 [INFO] Total latency:     104550 ms
2026-04-09 21:00:11 [INFO] Peak 5GB memory:   6070 MB
2026-04-09 21:00:11 [INFO] Avg  5GB memory:   3391 MB
2026-04-09 21:00:11 [INFO] [265/441] Split [29, 6, 3, 2] | Batch: 16 | Microbatch: 4 | Microbatches: 4
2026-04-09 21:00:11 [INFO] Loading WikiText... (SEQ_LEN=64, BATCH=16)
2026-04-09 21:00:33 [INFO] [Rank 2] Loading weights...
2026-04-09 21:00:34 [INFO] [Rank 3] Loading weights...
2026-04-09 21:00:37 [INFO] [Rank 2] Weights loaded.
2026-04-09 21:00:38 [INFO] [Rank 3] Weights loaded.
2026-04-09 21:00:45 [INFO] [Rank 1] Loading weights...
2026-04-09 21:00:50 [INFO] [Rank 1] Weights loaded.
2026-04-09 21:02:17 [INFO] [Rank 0] Loading weights...
2026-04-09 21:02:31 [INFO] [Rank 0] Weights loaded.
2026-04-09 21:05:52 [INFO] [Rank 1] Finished. Latency: 200645 ms
2026-04-09 21:05:52 [INFO] [Rank 2] Finished. Latency: 200645 ms
2026-04-09 21:05:52 [INFO] [Rank 0] Finished. Latency: 200646 ms
2026-04-09 21:05:52 [INFO] [Rank 3] Finished. Latency: 200659 ms
2026-04-09 21:05:56 [INFO] Total latency:     200646 ms
2026-04-09 21:05:56 [INFO] Peak 5GB memory:   6070 MB
2026-04-09 21:05:56 [INFO] Avg  5GB memory:   3442 MB
2026-04-09 21:05:56 [INFO] [266/441] Split [29, 6, 3, 2] | Batch: 16 | Microbatch: 2 | Microbatches: 8
2026-04-09 21:05:56 [INFO] Loading WikiText... (SEQ_LEN=64, BATCH=16)
2026-04-09 21:06:18 [INFO] [Rank 2] Loading weights...
2026-04-09 21:06:19 [INFO] [Rank 3] Loading weights...
2026-04-09 21:06:22 [INFO] [Rank 2] Weights loaded.
2026-04-09 21:06:23 [INFO] [Rank 3] Weights loaded.
2026-04-09 21:06:30 [INFO] [Rank 1] Loading weights...
2026-04-09 21:06:35 [INFO] [Rank 1] Weights loaded.
2026-04-09 21:08:03 [INFO] [Rank 0] Loading weights...
2026-04-09 21:08:17 [INFO] [Rank 0] Weights loaded.
2026-04-09 21:14:48 [INFO] [Rank 1] Finished. Latency: 391370 ms
2026-04-09 21:14:48 [INFO] [Rank 0] Finished. Latency: 391370 ms
2026-04-09 21:14:48 [INFO] [Rank 2] Finished. Latency: 391370 ms
2026-04-09 21:14:48 [INFO] [Rank 3] Finished. Latency: 391383 ms
2026-04-09 21:14:52 [INFO] Total latency:     391370 ms
2026-04-09 21:14:52 [INFO] Peak 5GB memory:   6070 MB
2026-04-09 21:14:52 [INFO] Avg  5GB memory:   3513 MB
2026-04-09 21:14:52 [INFO] [267/441] Split [29, 6, 3, 2] | Batch: 32 | Microbatch: 16 | Microbatches: 2
2026-04-09 21:14:52 [INFO] Loading WikiText... (SEQ_LEN=64, BATCH=32)
2026-04-09 21:15:14 [INFO] [Rank 2] Loading weights...
2026-04-09 21:15:15 [INFO] [Rank 3] Loading weights...
2026-04-09 21:15:17 [INFO] [Rank 2] Weights loaded.
2026-04-09 21:15:18 [INFO] [Rank 3] Weights loaded.
2026-04-09 21:15:26 [INFO] [Rank 1] Loading weights...
2026-04-09 21:15:31 [INFO] [Rank 1] Weights loaded.
2026-04-09 21:16:58 [INFO] [Rank 0] Loading weights...
2026-04-09 21:17:13 [INFO] [Rank 0] Weights loaded.
2026-04-09 21:19:04 [INFO] [Rank 1] Finished. Latency: 111543 ms
2026-04-09 21:19:04 [INFO] [Rank 0] Finished. Latency: 111543 ms
2026-04-09 21:19:04 [INFO] [Rank 2] Finished. Latency: 111543 ms
2026-04-09 21:19:04 [INFO] [Rank 3] Finished. Latency: 111558 ms
2026-04-09 21:19:08 [INFO] Total latency:     111543 ms
2026-04-09 21:19:08 [INFO] Peak 5GB memory:   6070 MB
2026-04-09 21:19:08 [INFO] Avg  5GB memory:   3485 MB
2026-04-09 21:19:08 [INFO] [268/441] Split [29, 6, 3, 2] | Batch: 32 | Microbatch: 8 | Microbatches: 4
2026-04-09 21:19:08 [INFO] Loading WikiText... (SEQ_LEN=64, BATCH=32)
2026-04-09 21:19:31 [INFO] [Rank 2] Loading weights...
2026-04-09 21:19:32 [INFO] [Rank 3] Loading weights...
2026-04-09 21:19:34 [INFO] [Rank 2] Weights loaded.
2026-04-09 21:19:35 [INFO] [Rank 3] Weights loaded.
2026-04-09 21:19:43 [INFO] [Rank 1] Loading weights...
2026-04-09 21:19:48 [INFO] [Rank 1] Weights loaded.
2026-04-09 21:21:15 [INFO] [Rank 0] Loading weights...
2026-04-09 21:21:29 [INFO] [Rank 0] Weights loaded.
2026-04-09 21:24:56 [INFO] [Rank 2] Finished. Latency: 207032 ms
2026-04-09 21:24:56 [INFO] [Rank 0] Finished. Latency: 207032 ms
2026-04-09 21:24:56 [INFO] [Rank 1] Finished. Latency: 207032 ms
2026-04-09 21:24:56 [INFO] [Rank 3] Finished. Latency: 207046 ms
2026-04-09 21:25:00 [INFO] Total latency:     207032 ms
2026-04-09 21:25:00 [INFO] Peak 5GB memory:   6070 MB
2026-04-09 21:25:00 [INFO] Avg  5GB memory:   3510 MB
2026-04-09 21:25:00 [INFO] [269/441] Split [29, 6, 3, 2] | Batch: 32 | Microbatch: 4 | Microbatches: 8
2026-04-09 21:25:00 [INFO] Loading WikiText... (SEQ_LEN=64, BATCH=32)
2026-04-09 21:25:23 [INFO] [Rank 2] Loading weights...
2026-04-09 21:25:24 [INFO] [Rank 3] Loading weights...
2026-04-09 21:25:26 [INFO] [Rank 2] Weights loaded.
2026-04-09 21:25:27 [INFO] [Rank 3] Weights loaded.
2026-04-09 21:25:35 [INFO] [Rank 1] Loading weights...
2026-04-09 21:25:40 [INFO] [Rank 1] Weights loaded.
2026-04-09 21:27:07 [INFO] [Rank 0] Loading weights...
2026-04-09 21:27:21 [INFO] [Rank 0] Weights loaded.
2026-04-09 21:34:00 [INFO] [Rank 2] Finished. Latency: 398765 ms
2026-04-09 21:34:00 [INFO] [Rank 1] Finished. Latency: 398765 ms
2026-04-09 21:34:00 [INFO] [Rank 0] Finished. Latency: 398765 ms
2026-04-09 21:34:00 [INFO] [Rank 3] Finished. Latency: 398778 ms
2026-04-09 21:34:04 [INFO] Total latency:     398765 ms
2026-04-09 21:34:04 [INFO] Peak 5GB memory:   4790 MB
2026-04-09 21:34:04 [INFO] Avg  5GB memory:   3561 MB
2026-04-09 21:34:04 [INFO] [270/441] Split [29, 6, 3, 2] | Batch: 32 | Microbatch: 2 | Microbatches: 16
2026-04-09 21:34:04 [INFO] Loading WikiText... (SEQ_LEN=64, BATCH=32)
2026-04-09 21:34:26 [INFO] [Rank 2] Loading weights...
2026-04-09 21:34:27 [INFO] [Rank 3] Loading weights...
2026-04-09 21:34:30 [INFO] [Rank 2] Weights loaded.
2026-04-09 21:34:31 [INFO] [Rank 3] Weights loaded.
2026-04-09 21:34:38 [INFO] [Rank 1] Loading weights...
2026-04-09 21:34:43 [INFO] [Rank 1] Weights loaded.
2026-04-09 21:36:10 [INFO] [Rank 0] Loading weights...
2026-04-09 21:36:25 [INFO] [Rank 0] Weights loaded.
2026-04-09 21:49:29 [INFO] [Rank 1] Finished. Latency: 784103 ms
2026-04-09 21:49:29 [INFO] [Rank 2] Finished. Latency: 784103 ms
2026-04-09 21:49:29 [INFO] [Rank 0] Finished. Latency: 784103 ms
2026-04-09 21:49:29 [INFO] [Rank 3] Finished. Latency: 784116 ms
2026-04-09 21:49:33 [INFO] Total latency:     784103 ms
2026-04-09 21:49:33 [INFO] Peak 5GB memory:   6070 MB
2026-04-09 21:49:33 [INFO] Avg  5GB memory:   3630 MB
2026-04-09 21:49:33 [INFO] [271/441] Split [29, 6, 4, 1] | Batch: 8 | Microbatch: 4 | Microbatches: 2
2026-04-09 21:49:33 [INFO] Loading WikiText... (SEQ_LEN=64, BATCH=8)
2026-04-09 21:49:52 [INFO] [Rank 3] Loading weights...
2026-04-09 21:49:55 [INFO] [Rank 3] Weights loaded.
2026-04-09 21:49:59 [INFO] [Rank 2] Loading weights...
2026-04-09 21:50:03 [INFO] [Rank 2] Weights loaded.
2026-04-09 21:50:07 [INFO] [Rank 1] Loading weights...
2026-04-09 21:50:12 [INFO] [Rank 1] Weights loaded.
2026-04-09 21:51:39 [INFO] [Rank 0] Loading weights...
2026-04-09 21:51:53 [INFO] [Rank 0] Weights loaded.
2026-04-09 21:53:35 [INFO] [Rank 1] Finished. Latency: 101329 ms
2026-04-09 21:53:35 [INFO] [Rank 2] Finished. Latency: 101329 ms
2026-04-09 21:53:35 [INFO] [Rank 0] Finished. Latency: 101329 ms
2026-04-09 21:53:35 [INFO] [Rank 3] Finished. Latency: 101338 ms
2026-04-09 21:53:39 [INFO] Total latency:     101329 ms
2026-04-09 21:53:39 [INFO] Peak 5GB memory:   3730 MB
2026-04-09 21:53:39 [INFO] Avg  5GB memory:   2379 MB
2026-04-09 21:53:39 [INFO] [272/441] Split [29, 6, 4, 1] | Batch: 8 | Microbatch: 2 | Microbatches: 4
2026-04-09 21:53:39 [INFO] Loading WikiText... (SEQ_LEN=64, BATCH=8)
2026-04-09 21:53:58 [INFO] [Rank 3] Loading weights...
2026-04-09 21:54:01 [INFO] [Rank 3] Weights loaded.
2026-04-09 21:54:05 [INFO] [Rank 2] Loading weights...
2026-04-09 21:54:08 [INFO] [Rank 2] Weights loaded.
2026-04-09 21:54:13 [INFO] [Rank 1] Loading weights...
2026-04-09 21:54:18 [INFO] [Rank 1] Weights loaded.
2026-04-09 21:55:45 [INFO] [Rank 0] Loading weights...
2026-04-09 21:55:59 [INFO] [Rank 0] Weights loaded.
2026-04-09 21:59:16 [INFO] [Rank 2] Finished. Latency: 196773 ms
2026-04-09 21:59:16 [INFO] [Rank 1] Finished. Latency: 196773 ms
2026-04-09 21:59:16 [INFO] [Rank 0] Finished. Latency: 196773 ms
2026-04-09 21:59:16 [INFO] [Rank 3] Finished. Latency: 196783 ms
2026-04-09 21:59:20 [INFO] Total latency:     196773 ms
2026-04-09 21:59:20 [INFO] Peak 5GB memory:   3730 MB
2026-04-09 21:59:20 [INFO] Avg  5GB memory:   2416 MB
2026-04-09 21:59:20 [INFO] [273/441] Split [29, 6, 4, 1] | Batch: 16 | Microbatch: 8 | Microbatches: 2
2026-04-09 21:59:20 [INFO] Loading WikiText... (SEQ_LEN=64, BATCH=16)
2026-04-09 21:59:39 [INFO] [Rank 3] Loading weights...
2026-04-09 21:59:42 [INFO] [Rank 3] Weights loaded.
2026-04-09 21:59:46 [INFO] [Rank 2] Loading weights...
2026-04-09 21:59:50 [INFO] [Rank 2] Weights loaded.
2026-04-09 21:59:54 [INFO] [Rank 1] Loading weights...
2026-04-09 21:59:59 [INFO] [Rank 1] Weights loaded.
2026-04-09 22:01:26 [INFO] [Rank 0] Loading weights...
2026-04-09 22:01:41 [INFO] [Rank 0] Weights loaded.
2026-04-09 22:03:26 [INFO] [Rank 1] Finished. Latency: 104662 ms
2026-04-09 22:03:26 [INFO] [Rank 2] Finished. Latency: 104661 ms
2026-04-09 22:03:26 [INFO] [Rank 0] Finished. Latency: 104662 ms
2026-04-09 22:03:26 [INFO] [Rank 3] Finished. Latency: 104671 ms
2026-04-09 22:03:30 [INFO] Total latency:     104662 ms
2026-04-09 22:03:30 [INFO] Peak 5GB memory:   5010 MB
2026-04-09 22:03:30 [INFO] Avg  5GB memory:   2414 MB
2026-04-09 22:03:30 [INFO] [274/441] Split [29, 6, 4, 1] | Batch: 16 | Microbatch: 4 | Microbatches: 4
2026-04-09 22:03:30 [INFO] Loading WikiText... (SEQ_LEN=64, BATCH=16)
2026-04-09 22:03:49 [INFO] [Rank 3] Loading weights...
2026-04-09 22:03:52 [INFO] [Rank 3] Weights loaded.
2026-04-09 22:03:56 [INFO] [Rank 2] Loading weights...
2026-04-09 22:04:00 [INFO] [Rank 2] Weights loaded.
2026-04-09 22:04:04 [INFO] [Rank 1] Loading weights...
2026-04-09 22:04:09 [INFO] [Rank 1] Weights loaded.
2026-04-09 22:05:37 [INFO] [Rank 0] Loading weights...
2026-04-09 22:05:51 [INFO] [Rank 0] Weights loaded.
2026-04-09 22:09:12 [INFO] [Rank 2] Finished. Latency: 200533 ms
2026-04-09 22:09:12 [INFO] [Rank 0] Finished. Latency: 200533 ms
2026-04-09 22:09:12 [INFO] [Rank 1] Finished. Latency: 200533 ms
2026-04-09 22:09:12 [INFO] [Rank 3] Finished. Latency: 200542 ms
2026-04-09 22:09:16 [INFO] Total latency:     200533 ms
2026-04-09 22:09:16 [INFO] Peak 5GB memory:   5010 MB
2026-04-09 22:09:16 [INFO] Avg  5GB memory:   2434 MB
2026-04-09 22:09:16 [INFO] [275/441] Split [29, 6, 4, 1] | Batch: 16 | Microbatch: 2 | Microbatches: 8
2026-04-09 22:09:16 [INFO] Loading WikiText... (SEQ_LEN=64, BATCH=16)
2026-04-09 22:09:35 [INFO] [Rank 3] Loading weights...
2026-04-09 22:09:38 [INFO] [Rank 3] Weights loaded.
2026-04-09 22:09:42 [INFO] [Rank 2] Loading weights...
2026-04-09 22:09:46 [INFO] [Rank 2] Weights loaded.
2026-04-09 22:09:50 [INFO] [Rank 1] Loading weights...
2026-04-09 22:09:55 [INFO] [Rank 1] Weights loaded.
2026-04-09 22:11:22 [INFO] [Rank 0] Loading weights...
2026-04-09 22:11:37 [INFO] [Rank 0] Weights loaded.
2026-04-09 22:18:08 [INFO] [Rank 1] Finished. Latency: 391205 ms
2026-04-09 22:18:08 [INFO] [Rank 2] Finished. Latency: 391205 ms
2026-04-09 22:18:08 [INFO] [Rank 0] Finished. Latency: 391205 ms
2026-04-09 22:18:08 [INFO] [Rank 3] Finished. Latency: 391214 ms
2026-04-09 22:18:12 [INFO] Total latency:     391205 ms
2026-04-09 22:18:12 [INFO] Peak 5GB memory:   5010 MB
2026-04-09 22:18:12 [INFO] Avg  5GB memory:   2470 MB
2026-04-09 22:18:12 [INFO] [276/441] Split [29, 6, 4, 1] | Batch: 32 | Microbatch: 16 | Microbatches: 2
2026-04-09 22:18:12 [INFO] Loading WikiText... (SEQ_LEN=64, BATCH=32)
2026-04-09 22:18:31 [INFO] [Rank 3] Loading weights...
2026-04-09 22:18:34 [INFO] [Rank 3] Weights loaded.
2026-04-09 22:18:38 [INFO] [Rank 2] Loading weights...
2026-04-09 22:18:42 [INFO] [Rank 2] Weights loaded.
2026-04-09 22:18:45 [INFO] [Rank 1] Loading weights...
2026-04-09 22:18:50 [INFO] [Rank 1] Weights loaded.
2026-04-09 22:20:18 [INFO] [Rank 0] Loading weights...
2026-04-09 22:20:32 [INFO] [Rank 0] Weights loaded.
2026-04-09 22:22:24 [INFO] [Rank 2] Finished. Latency: 111440 ms
2026-04-09 22:22:24 [INFO] [Rank 1] Finished. Latency: 111440 ms
2026-04-09 22:22:24 [INFO] [Rank 0] Finished. Latency: 111440 ms
2026-04-09 22:22:24 [INFO] [Rank 3] Finished. Latency: 111450 ms
2026-04-09 22:22:28 [INFO] Total latency:     111440 ms
2026-04-09 22:22:28 [INFO] Peak 5GB memory:   5010 MB
2026-04-09 22:22:28 [INFO] Avg  5GB memory:   2514 MB
2026-04-09 22:22:28 [INFO] [277/441] Split [29, 6, 4, 1] | Batch: 32 | Microbatch: 8 | Microbatches: 4
2026-04-09 22:22:28 [INFO] Loading WikiText... (SEQ_LEN=64, BATCH=32)
2026-04-09 22:22:46 [INFO] [Rank 3] Loading weights...
2026-04-09 22:22:49 [INFO] [Rank 3] Weights loaded.
2026-04-09 22:22:53 [INFO] [Rank 2] Loading weights...
2026-04-09 22:22:57 [INFO] [Rank 2] Weights loaded.
2026-04-09 22:23:01 [INFO] [Rank 1] Loading weights...
2026-04-09 22:23:06 [INFO] [Rank 1] Weights loaded.
2026-04-09 22:24:34 [INFO] [Rank 0] Loading weights...
2026-04-09 22:24:48 [INFO] [Rank 0] Weights loaded.
2026-04-09 22:28:15 [INFO] [Rank 2] Finished. Latency: 206899 ms
2026-04-09 22:28:15 [INFO] [Rank 1] Finished. Latency: 206899 ms
2026-04-09 22:28:15 [INFO] [Rank 0] Finished. Latency: 206899 ms
2026-04-09 22:28:15 [INFO] [Rank 3] Finished. Latency: 206908 ms
2026-04-09 22:28:19 [INFO] Total latency:     206899 ms
2026-04-09 22:28:19 [INFO] Peak 5GB memory:   5010 MB
2026-04-09 22:28:19 [INFO] Avg  5GB memory:   2490 MB
2026-04-09 22:28:19 [INFO] [278/441] Split [29, 6, 4, 1] | Batch: 32 | Microbatch: 4 | Microbatches: 8
2026-04-09 22:28:19 [INFO] Loading WikiText... (SEQ_LEN=64, BATCH=32)
2026-04-09 22:28:38 [INFO] [Rank 3] Loading weights...
2026-04-09 22:28:41 [INFO] [Rank 3] Weights loaded.
2026-04-09 22:28:45 [INFO] [Rank 2] Loading weights...
2026-04-09 22:28:49 [INFO] [Rank 2] Weights loaded.
2026-04-09 22:28:53 [INFO] [Rank 1] Loading weights...
2026-04-09 22:28:58 [INFO] [Rank 1] Weights loaded.
2026-04-09 22:30:26 [INFO] [Rank 0] Loading weights...
2026-04-09 22:30:40 [INFO] [Rank 0] Weights loaded.
2026-04-09 22:37:18 [INFO] [Rank 1] Finished. Latency: 398343 ms
2026-04-09 22:37:18 [INFO] [Rank 2] Finished. Latency: 398343 ms
2026-04-09 22:37:18 [INFO] [Rank 0] Finished. Latency: 398343 ms
2026-04-09 22:37:19 [INFO] [Rank 3] Finished. Latency: 398352 ms
2026-04-09 22:37:22 [INFO] Total latency:     398343 ms
2026-04-09 22:37:22 [INFO] Peak 5GB memory:   5010 MB
2026-04-09 22:37:22 [INFO] Avg  5GB memory:   2506 MB
2026-04-09 22:37:22 [INFO] [279/441] Split [29, 6, 4, 1] | Batch: 32 | Microbatch: 2 | Microbatches: 16
2026-04-09 22:37:22 [INFO] Loading WikiText... (SEQ_LEN=64, BATCH=32)
2026-04-09 22:37:41 [INFO] [Rank 3] Loading weights...
2026-04-09 22:37:44 [INFO] [Rank 3] Weights loaded.
2026-04-09 22:37:48 [INFO] [Rank 2] Loading weights...
2026-04-09 22:37:52 [INFO] [Rank 2] Weights loaded.
2026-04-09 22:37:57 [INFO] [Rank 1] Loading weights...
2026-04-09 22:38:02 [INFO] [Rank 1] Weights loaded.
2026-04-09 22:39:29 [INFO] [Rank 0] Loading weights...
2026-04-09 22:39:43 [INFO] [Rank 0] Weights loaded.
2026-04-09 22:52:43 [INFO] [Rank 1] Finished. Latency: 779342 ms
2026-04-09 22:52:43 [INFO] [Rank 2] Finished. Latency: 779342 ms
2026-04-09 22:52:43 [INFO] [Rank 0] Finished. Latency: 779342 ms
2026-04-09 22:52:43 [INFO] [Rank 3] Finished. Latency: 779351 ms
2026-04-09 22:52:47 [INFO] Total latency:     779342 ms
2026-04-09 22:52:47 [INFO] Peak 5GB memory:   3730 MB
2026-04-09 22:52:47 [INFO] Avg  5GB memory:   2540 MB
2026-04-09 22:52:47 [INFO] [280/441] Split [29, 7, 2, 2] | Batch: 8 | Microbatch: 4 | Microbatches: 2
2026-04-09 22:52:47 [INFO] Loading WikiText... (SEQ_LEN=64, BATCH=8)
2026-04-09 22:53:05 [INFO] [Rank 2] Loading weights...
2026-04-09 22:53:08 [INFO] [Rank 2] Weights loaded.
2026-04-09 22:53:10 [INFO] [Rank 3] Loading weights...
2026-04-09 22:53:13 [INFO] [Rank 3] Weights loaded.
2026-04-09 22:53:25 [INFO] [Rank 1] Loading weights...
2026-04-09 22:53:30 [INFO] [Rank 1] Weights loaded.
2026-04-09 22:54:53 [INFO] [Rank 0] Loading weights...
2026-04-09 22:55:07 [INFO] [Rank 0] Weights loaded.
2026-04-09 22:56:46 [INFO] [Rank 2] Finished. Latency: 98532 ms
2026-04-09 22:56:46 [INFO] [Rank 1] Finished. Latency: 98532 ms
2026-04-09 22:56:46 [INFO] [Rank 0] Finished. Latency: 98532 ms
2026-04-09 22:56:46 [INFO] [Rank 3] Finished. Latency: 98545 ms
2026-04-09 22:56:50 [INFO] Total latency:     98532 ms
2026-04-09 22:56:50 [INFO] Peak 5GB memory:   4790 MB
2026-04-09 22:56:50 [INFO] Avg  5GB memory:   3342 MB
2026-04-09 22:56:50 [INFO] [281/441] Split [29, 7, 2, 2] | Batch: 8 | Microbatch: 2 | Microbatches: 4
2026-04-09 22:56:50 [INFO] Loading WikiText... (SEQ_LEN=64, BATCH=8)
2026-04-09 22:57:07 [INFO] [Rank 2] Loading weights...
2026-04-09 22:57:10 [INFO] [Rank 2] Weights loaded.
2026-04-09 22:57:12 [INFO] [Rank 3] Loading weights...
2026-04-09 22:57:16 [INFO] [Rank 3] Weights loaded.
2026-04-09 22:57:27 [INFO] [Rank 1] Loading weights...
2026-04-09 22:57:32 [INFO] [Rank 1] Weights loaded.
2026-04-09 22:58:56 [INFO] [Rank 0] Loading weights...
2026-04-09 22:59:10 [INFO] [Rank 0] Weights loaded.
2026-04-09 23:02:22 [INFO] [Rank 1] Finished. Latency: 191504 ms
2026-04-09 23:02:22 [INFO] [Rank 2] Finished. Latency: 191504 ms
2026-04-09 23:02:22 [INFO] [Rank 0] Finished. Latency: 191504 ms
2026-04-09 23:02:22 [INFO] [Rank 3] Finished. Latency: 191517 ms
2026-04-09 23:02:26 [INFO] Total latency:     191504 ms
2026-04-09 23:02:26 [INFO] Peak 5GB memory:   6070 MB
2026-04-09 23:02:26 [INFO] Avg  5GB memory:   3417 MB
2026-04-09 23:02:26 [INFO] [282/441] Split [29, 7, 2, 2] | Batch: 16 | Microbatch: 8 | Microbatches: 2
2026-04-09 23:02:26 [INFO] Loading WikiText... (SEQ_LEN=64, BATCH=16)
2026-04-09 23:02:44 [INFO] [Rank 2] Loading weights...
2026-04-09 23:02:47 [INFO] [Rank 2] Weights loaded.
2026-04-09 23:02:49 [INFO] [Rank 3] Loading weights...
2026-04-09 23:02:52 [INFO] [Rank 3] Weights loaded.
2026-04-09 23:03:03 [INFO] [Rank 1] Loading weights...
2026-04-09 23:03:09 [INFO] [Rank 1] Weights loaded.
2026-04-09 23:04:32 [INFO] [Rank 0] Loading weights...
2026-04-09 23:04:46 [INFO] [Rank 0] Weights loaded.
2026-04-09 23:06:28 [INFO] [Rank 1] Finished. Latency: 101855 ms
2026-04-09 23:06:28 [INFO] [Rank 2] Finished. Latency: 101855 ms
2026-04-09 23:06:28 [INFO] [Rank 0] Finished. Latency: 101855 ms
2026-04-09 23:06:28 [INFO] [Rank 3] Finished. Latency: 101869 ms
2026-04-09 23:06:32 [INFO] Total latency:     101855 ms
2026-04-09 23:06:32 [INFO] Peak 5GB memory:   4790 MB
2026-04-09 23:06:32 [INFO] Avg  5GB memory:   3382 MB
2026-04-09 23:06:32 [INFO] [283/441] Split [29, 7, 2, 2] | Batch: 16 | Microbatch: 4 | Microbatches: 4
2026-04-09 23:06:32 [INFO] Loading WikiText... (SEQ_LEN=64, BATCH=16)
2026-04-09 23:06:50 [INFO] [Rank 2] Loading weights...
2026-04-09 23:06:53 [INFO] [Rank 2] Weights loaded.
2026-04-09 23:06:55 [INFO] [Rank 3] Loading weights...
2026-04-09 23:06:58 [INFO] [Rank 3] Weights loaded.
2026-04-09 23:07:10 [INFO] [Rank 1] Loading weights...
2026-04-09 23:07:15 [INFO] [Rank 1] Weights loaded.
2026-04-09 23:08:39 [INFO] [Rank 0] Loading weights...
2026-04-09 23:08:53 [INFO] [Rank 0] Weights loaded.
2026-04-09 23:12:09 [INFO] [Rank 1] Finished. Latency: 195091 ms
2026-04-09 23:12:09 [INFO] [Rank 2] Finished. Latency: 195091 ms
2026-04-09 23:12:09 [INFO] [Rank 0] Finished. Latency: 195091 ms
2026-04-09 23:12:09 [INFO] [Rank 3] Finished. Latency: 195105 ms
2026-04-09 23:12:13 [INFO] Total latency:     195091 ms
2026-04-09 23:12:13 [INFO] Peak 5GB memory:   6070 MB
2026-04-09 23:12:13 [INFO] Avg  5GB memory:   3438 MB
2026-04-09 23:12:13 [INFO] [284/441] Split [29, 7, 2, 2] | Batch: 16 | Microbatch: 2 | Microbatches: 8
2026-04-09 23:12:13 [INFO] Loading WikiText... (SEQ_LEN=64, BATCH=16)
2026-04-09 23:12:30 [INFO] [Rank 2] Loading weights...
2026-04-09 23:12:33 [INFO] [Rank 2] Weights loaded.
2026-04-09 23:12:35 [INFO] [Rank 3] Loading weights...
2026-04-09 23:12:38 [INFO] [Rank 3] Weights loaded.
2026-04-09 23:12:50 [INFO] [Rank 1] Loading weights...
2026-04-09 23:12:55 [INFO] [Rank 1] Weights loaded.
2026-04-09 23:14:18 [INFO] [Rank 0] Loading weights...
2026-04-09 23:14:33 [INFO] [Rank 0] Weights loaded.
2026-04-09 23:20:54 [INFO] [Rank 2] Finished. Latency: 381307 ms
2026-04-09 23:20:54 [INFO] [Rank 1] Finished. Latency: 381307 ms
2026-04-09 23:20:54 [INFO] [Rank 0] Finished. Latency: 381307 ms
2026-04-09 23:20:54 [INFO] [Rank 3] Finished. Latency: 381320 ms
2026-04-09 23:20:58 [INFO] Total latency:     381307 ms
2026-04-09 23:20:58 [INFO] Peak 5GB memory:   6070 MB
2026-04-09 23:20:58 [INFO] Avg  5GB memory:   3514 MB
2026-04-09 23:20:58 [INFO] [285/441] Split [29, 7, 2, 2] | Batch: 32 | Microbatch: 16 | Microbatches: 2
2026-04-09 23:20:58 [INFO] Loading WikiText... (SEQ_LEN=64, BATCH=32)
2026-04-09 23:21:16 [INFO] [Rank 2] Loading weights...
2026-04-09 23:21:19 [INFO] [Rank 2] Weights loaded.
2026-04-09 23:21:21 [INFO] [Rank 3] Loading weights...
2026-04-09 23:21:24 [INFO] [Rank 3] Weights loaded.
2026-04-09 23:21:35 [INFO] [Rank 1] Loading weights...
2026-04-09 23:21:41 [INFO] [Rank 1] Weights loaded.
2026-04-09 23:23:04 [INFO] [Rank 0] Loading weights...
2026-04-09 23:23:18 [INFO] [Rank 0] Weights loaded.
2026-04-09 23:25:07 [INFO] [Rank 2] Finished. Latency: 108611 ms
2026-04-09 23:25:07 [INFO] [Rank 1] Finished. Latency: 108611 ms
2026-04-09 23:25:07 [INFO] [Rank 0] Finished. Latency: 108611 ms
2026-04-09 23:25:07 [INFO] [Rank 3] Finished. Latency: 108626 ms
2026-04-09 23:25:11 [INFO] Total latency:     108611 ms
2026-04-09 23:25:11 [INFO] Peak 5GB memory:   6070 MB
2026-04-09 23:25:11 [INFO] Avg  5GB memory:   3473 MB
2026-04-09 23:25:11 [INFO] [286/441] Split [29, 7, 2, 2] | Batch: 32 | Microbatch: 8 | Microbatches: 4
2026-04-09 23:25:11 [INFO] Loading WikiText... (SEQ_LEN=64, BATCH=32)
2026-04-09 23:25:29 [INFO] [Rank 2] Loading weights...
2026-04-09 23:25:32 [INFO] [Rank 2] Weights loaded.
2026-04-09 23:25:34 [INFO] [Rank 3] Loading weights...
2026-04-09 23:25:37 [INFO] [Rank 3] Weights loaded.
2026-04-09 23:25:48 [INFO] [Rank 1] Loading weights...
2026-04-09 23:25:54 [INFO] [Rank 1] Weights loaded.
2026-04-09 23:27:17 [INFO] [Rank 0] Loading weights...
2026-04-09 23:27:32 [INFO] [Rank 0] Weights loaded.
2026-04-09 23:30:54 [INFO] [Rank 1] Finished. Latency: 201752 ms
2026-04-09 23:30:54 [INFO] [Rank 2] Finished. Latency: 201752 ms
2026-04-09 23:30:54 [INFO] [Rank 0] Finished. Latency: 201752 ms
2026-04-09 23:30:54 [INFO] [Rank 3] Finished. Latency: 201766 ms
2026-04-09 23:30:58 [INFO] Total latency:     201752 ms
2026-04-09 23:30:58 [INFO] Peak 5GB memory:   6070 MB
2026-04-09 23:30:58 [INFO] Avg  5GB memory:   3505 MB
2026-04-09 23:30:58 [INFO] [287/441] Split [29, 7, 2, 2] | Batch: 32 | Microbatch: 4 | Microbatches: 8
2026-04-09 23:30:58 [INFO] Loading WikiText... (SEQ_LEN=64, BATCH=32)
2026-04-09 23:31:15 [INFO] [Rank 2] Loading weights...
2026-04-09 23:31:18 [INFO] [Rank 2] Weights loaded.
2026-04-09 23:31:20 [INFO] [Rank 3] Loading weights...
2026-04-09 23:31:24 [INFO] [Rank 3] Weights loaded.
2026-04-09 23:31:34 [INFO] [Rank 1] Loading weights...
2026-04-09 23:31:40 [INFO] [Rank 1] Weights loaded.
2026-04-09 23:33:04 [INFO] [Rank 0] Loading weights...
2026-04-09 23:33:18 [INFO] [Rank 0] Weights loaded.
2026-04-09 23:39:46 [INFO] [Rank 2] Finished. Latency: 388348 ms
2026-04-09 23:39:46 [INFO] [Rank 1] Finished. Latency: 388348 ms
2026-04-09 23:39:46 [INFO] [Rank 0] Finished. Latency: 388348 ms
2026-04-09 23:39:46 [INFO] [Rank 3] Finished. Latency: 388361 ms
2026-04-09 23:39:50 [INFO] Total latency:     388348 ms
2026-04-09 23:39:50 [INFO] Peak 5GB memory:   6070 MB
2026-04-09 23:39:50 [INFO] Avg  5GB memory:   3567 MB
2026-04-09 23:39:50 [INFO] [288/441] Split [29, 7, 2, 2] | Batch: 32 | Microbatch: 2 | Microbatches: 16
2026-04-09 23:39:50 [INFO] Loading WikiText... (SEQ_LEN=64, BATCH=32)
2026-04-09 23:40:08 [INFO] [Rank 2] Loading weights...
2026-04-09 23:40:11 [INFO] [Rank 2] Weights loaded.
2026-04-09 23:40:13 [INFO] [Rank 3] Loading weights...
2026-04-09 23:40:16 [INFO] [Rank 3] Weights loaded.
2026-04-09 23:40:28 [INFO] [Rank 1] Loading weights...
2026-04-09 23:40:33 [INFO] [Rank 1] Weights loaded.
2026-04-09 23:41:56 [INFO] [Rank 0] Loading weights...
2026-04-09 23:42:11 [INFO] [Rank 0] Weights loaded.
2026-04-09 23:54:50 [INFO] [Rank 2] Finished. Latency: 759226 ms
2026-04-09 23:54:50 [INFO] [Rank 0] Finished. Latency: 759226 ms
2026-04-09 23:54:50 [INFO] [Rank 1] Finished. Latency: 759226 ms
2026-04-09 23:54:50 [INFO] [Rank 3] Finished. Latency: 759239 ms
2026-04-09 23:54:54 [INFO] Total latency:     759226 ms
2026-04-09 23:54:54 [INFO] Peak 5GB memory:   6070 MB
2026-04-09 23:54:54 [INFO] Avg  5GB memory:   3630 MB
2026-04-09 23:54:54 [INFO] [289/441] Split [29, 7, 3, 1] | Batch: 8 | Microbatch: 4 | Microbatches: 2
2026-04-09 23:54:54 [INFO] Loading WikiText... (SEQ_LEN=64, BATCH=8)
2026-04-09 23:55:13 [INFO] [Rank 3] Loading weights...
2026-04-09 23:55:16 [INFO] [Rank 2] Loading weights...
2026-04-09 23:55:16 [INFO] [Rank 3] Weights loaded.
2026-04-09 23:55:19 [INFO] [Rank 2] Weights loaded.
2026-04-09 23:55:31 [INFO] [Rank 1] Loading weights...
2026-04-09 23:55:37 [INFO] [Rank 1] Weights loaded.
2026-04-09 23:57:00 [INFO] [Rank 0] Loading weights...
2026-04-09 23:57:14 [INFO] [Rank 0] Weights loaded.
2026-04-09 23:58:53 [INFO] [Rank 2] Finished. Latency: 98542 ms
2026-04-09 23:58:53 [INFO] [Rank 1] Finished. Latency: 98543 ms
2026-04-09 23:58:53 [INFO] [Rank 0] Finished. Latency: 98543 ms
2026-04-09 23:58:53 [INFO] [Rank 3] Finished. Latency: 98552 ms
2026-04-09 23:58:57 [INFO] Total latency:     98543 ms
2026-04-09 23:58:57 [INFO] Peak 5GB memory:   5010 MB
2026-04-09 23:58:57 [INFO] Avg  5GB memory:   2380 MB
2026-04-09 23:58:57 [INFO] [290/441] Split [29, 7, 3, 1] | Batch: 8 | Microbatch: 2 | Microbatches: 4
2026-04-09 23:58:57 [INFO] Loading WikiText... (SEQ_LEN=64, BATCH=8)
2026-04-09 23:59:15 [INFO] [Rank 3] Loading weights...
2026-04-09 23:59:18 [INFO] [Rank 3] Weights loaded.
2026-04-09 23:59:18 [INFO] [Rank 2] Loading weights...
2026-04-09 23:59:22 [INFO] [Rank 2] Weights loaded.
2026-04-09 23:59:34 [INFO] [Rank 1] Loading weights...
2026-04-09 23:59:40 [INFO] [Rank 1] Weights loaded.
2026-04-10 00:01:03 [INFO] [Rank 0] Loading weights...
2026-04-10 00:01:17 [INFO] [Rank 0] Weights loaded.
2026-04-10 00:04:29 [INFO] [Rank 1] Finished. Latency: 191508 ms
2026-04-10 00:04:29 [INFO] [Rank 2] Finished. Latency: 191508 ms
2026-04-10 00:04:29 [INFO] [Rank 0] Finished. Latency: 191508 ms
2026-04-10 00:04:29 [INFO] [Rank 3] Finished. Latency: 191517 ms
2026-04-10 00:04:33 [INFO] Total latency:     191508 ms
2026-04-10 00:04:33 [INFO] Peak 5GB memory:   5010 MB
2026-04-10 00:04:33 [INFO] Avg  5GB memory:   2416 MB
2026-04-10 00:04:33 [INFO] [291/441] Split [29, 7, 3, 1] | Batch: 16 | Microbatch: 8 | Microbatches: 2
2026-04-10 00:04:33 [INFO] Loading WikiText... (SEQ_LEN=64, BATCH=16)
2026-04-10 00:04:51 [INFO] [Rank 3] Loading weights...
2026-04-10 00:04:54 [INFO] [Rank 2] Loading weights...
2026-04-10 00:04:54 [INFO] [Rank 3] Weights loaded.
2026-04-10 00:04:58 [INFO] [Rank 2] Weights loaded.
2026-04-10 00:05:10 [INFO] [Rank 1] Loading weights...
2026-04-10 00:05:15 [INFO] [Rank 1] Weights loaded.
2026-04-10 00:06:38 [INFO] [Rank 0] Loading weights...
2026-04-10 00:06:53 [INFO] [Rank 0] Weights loaded.
2026-04-10 00:08:34 [INFO] [Rank 2] Finished. Latency: 101723 ms
2026-04-10 00:08:34 [INFO] [Rank 1] Finished. Latency: 101723 ms
2026-04-10 00:08:34 [INFO] [Rank 0] Finished. Latency: 101723 ms
2026-04-10 00:08:34 [INFO] [Rank 3] Finished. Latency: 101732 ms
2026-04-10 00:08:38 [INFO] Total latency:     101723 ms
2026-04-10 00:08:38 [INFO] Peak 5GB memory:   3730 MB
2026-04-10 00:08:38 [INFO] Avg  5GB memory:   2412 MB
2026-04-10 00:08:38 [INFO] [292/441] Split [29, 7, 3, 1] | Batch: 16 | Microbatch: 4 | Microbatches: 4
2026-04-10 00:08:38 [INFO] Loading WikiText... (SEQ_LEN=64, BATCH=16)
2026-04-10 00:08:57 [INFO] [Rank 3] Loading weights...
2026-04-10 00:09:00 [INFO] [Rank 2] Loading weights...
2026-04-10 00:09:01 [INFO] [Rank 3] Weights loaded.
2026-04-10 00:09:04 [INFO] [Rank 2] Weights loaded.
2026-04-10 00:09:16 [INFO] [Rank 1] Loading weights...
2026-04-10 00:09:21 [INFO] [Rank 1] Weights loaded.
2026-04-10 00:10:45 [INFO] [Rank 0] Loading weights...
2026-04-10 00:10:59 [INFO] [Rank 0] Weights loaded.
2026-04-10 00:14:14 [INFO] [Rank 2] Finished. Latency: 195186 ms
2026-04-10 00:14:14 [INFO] [Rank 0] Finished. Latency: 195186 ms
2026-04-10 00:14:14 [INFO] [Rank 1] Finished. Latency: 195186 ms
2026-04-10 00:14:14 [INFO] [Rank 3] Finished. Latency: 195196 ms
2026-04-10 00:14:18 [INFO] Total latency:     195186 ms
2026-04-10 00:14:18 [INFO] Peak 5GB memory:   3730 MB
2026-04-10 00:14:18 [INFO] Avg  5GB memory:   2429 MB
2026-04-10 00:14:18 [INFO] [293/441] Split [29, 7, 3, 1] | Batch: 16 | Microbatch: 2 | Microbatches: 8
2026-04-10 00:14:18 [INFO] Loading WikiText... (SEQ_LEN=64, BATCH=16)
2026-04-10 00:14:37 [INFO] [Rank 3] Loading weights...
2026-04-10 00:14:40 [INFO] [Rank 2] Loading weights...
2026-04-10 00:14:40 [INFO] [Rank 3] Weights loaded.
2026-04-10 00:14:44 [INFO] [Rank 2] Weights loaded.
2026-04-10 00:14:56 [INFO] [Rank 1] Loading weights...
2026-04-10 00:15:02 [INFO] [Rank 1] Weights loaded.
2026-04-10 00:16:25 [INFO] [Rank 0] Loading weights...
2026-04-10 00:16:39 [INFO] [Rank 0] Weights loaded.
2026-04-10 00:23:00 [INFO] [Rank 2] Finished. Latency: 380798 ms
2026-04-10 00:23:00 [INFO] [Rank 1] Finished. Latency: 380798 ms
2026-04-10 00:23:00 [INFO] [Rank 0] Finished. Latency: 380799 ms
2026-04-10 00:23:00 [INFO] [Rank 3] Finished. Latency: 380808 ms
2026-04-10 00:23:04 [INFO] Total latency:     380799 ms
2026-04-10 00:23:04 [INFO] Peak 5GB memory:   5010 MB
2026-04-10 00:23:04 [INFO] Avg  5GB memory:   2468 MB
2026-04-10 00:23:04 [INFO] [294/441] Split [29, 7, 3, 1] | Batch: 32 | Microbatch: 16 | Microbatches: 2
2026-04-10 00:23:04 [INFO] Loading WikiText... (SEQ_LEN=64, BATCH=32)
2026-04-10 00:23:22 [INFO] [Rank 3] Loading weights...
2026-04-10 00:23:26 [INFO] [Rank 3] Weights loaded.
2026-04-10 00:23:26 [INFO] [Rank 2] Loading weights...
2026-04-10 00:23:29 [INFO] [Rank 2] Weights loaded.
2026-04-10 00:23:41 [INFO] [Rank 1] Loading weights...
2026-04-10 00:23:46 [INFO] [Rank 1] Weights loaded.
2026-04-10 00:25:10 [INFO] [Rank 0] Loading weights...
2026-04-10 00:25:24 [INFO] [Rank 0] Weights loaded.
2026-04-10 00:27:13 [INFO] [Rank 1] Finished. Latency: 108846 ms
2026-04-10 00:27:13 [INFO] [Rank 2] Finished. Latency: 108846 ms
2026-04-10 00:27:13 [INFO] [Rank 0] Finished. Latency: 108846 ms
2026-04-10 00:27:13 [INFO] [Rank 3] Finished. Latency: 108856 ms
2026-04-10 00:27:17 [INFO] Total latency:     108846 ms
2026-04-10 00:27:17 [INFO] Peak 5GB memory:   3730 MB
2026-04-10 00:27:17 [INFO] Avg  5GB memory:   2497 MB
2026-04-10 00:27:17 [INFO] [295/441] Split [29, 7, 3, 1] | Batch: 32 | Microbatch: 8 | Microbatches: 4
2026-04-10 00:27:17 [INFO] Loading WikiText... (SEQ_LEN=64, BATCH=32)
2026-04-10 00:27:36 [INFO] [Rank 3] Loading weights...
2026-04-10 00:27:39 [INFO] [Rank 2] Loading weights...
2026-04-10 00:27:39 [INFO] [Rank 3] Weights loaded.
2026-04-10 00:27:43 [INFO] [Rank 2] Weights loaded.
2026-04-10 00:27:55 [INFO] [Rank 1] Loading weights...
2026-04-10 00:28:00 [INFO] [Rank 1] Weights loaded.
2026-04-10 00:29:24 [INFO] [Rank 0] Loading weights...
2026-04-10 00:29:38 [INFO] [Rank 0] Weights loaded.
2026-04-10 00:33:02 [INFO] [Rank 1] Finished. Latency: 203336 ms
2026-04-10 00:33:02 [INFO] [Rank 2] Finished. Latency: 203336 ms
2026-04-10 00:33:02 [INFO] [Rank 0] Finished. Latency: 203336 ms
2026-04-10 00:33:02 [INFO] [Rank 3] Finished. Latency: 203346 ms
2026-04-10 00:33:06 [INFO] Total latency:     203336 ms
2026-04-10 00:33:06 [INFO] Peak 5GB memory:   3730 MB
2026-04-10 00:33:06 [INFO] Avg  5GB memory:   2482 MB
2026-04-10 00:33:06 [INFO] [296/441] Split [29, 7, 3, 1] | Batch: 32 | Microbatch: 4 | Microbatches: 8
2026-04-10 00:33:06 [INFO] Loading WikiText... (SEQ_LEN=64, BATCH=32)
2026-04-10 00:33:24 [INFO] [Rank 3] Loading weights...
2026-04-10 00:33:27 [INFO] [Rank 3] Weights loaded.
2026-04-10 00:33:27 [INFO] [Rank 2] Loading weights...
2026-04-10 00:33:31 [INFO] [Rank 2] Weights loaded.
2026-04-10 00:33:43 [INFO] [Rank 1] Loading weights...
2026-04-10 00:33:48 [INFO] [Rank 1] Weights loaded.
2026-04-10 00:35:11 [INFO] [Rank 0] Loading weights...
2026-04-10 00:35:26 [INFO] [Rank 0] Weights loaded.
2026-04-10 00:41:56 [INFO] [Rank 1] Finished. Latency: 389777 ms
2026-04-10 00:41:56 [INFO] [Rank 2] Finished. Latency: 389777 ms
2026-04-10 00:41:56 [INFO] [Rank 0] Finished. Latency: 389777 ms
2026-04-10 00:41:56 [INFO] [Rank 3] Finished. Latency: 389786 ms
2026-04-10 00:42:00 [INFO] Total latency:     389777 ms
2026-04-10 00:42:00 [INFO] Peak 5GB memory:   5010 MB
2026-04-10 00:42:00 [INFO] Avg  5GB memory:   2509 MB
2026-04-10 00:42:00 [INFO] [297/441] Split [29, 7, 3, 1] | Batch: 32 | Microbatch: 2 | Microbatches: 16
2026-04-10 00:42:00 [INFO] Loading WikiText... (SEQ_LEN=64, BATCH=32)
2026-04-10 00:42:19 [INFO] [Rank 3] Loading weights...
2026-04-10 00:42:22 [INFO] [Rank 2] Loading weights...
2026-04-10 00:42:22 [INFO] [Rank 3] Weights loaded.
2026-04-10 00:42:25 [INFO] [Rank 2] Weights loaded.
2026-04-10 00:42:38 [INFO] [Rank 1] Loading weights...
2026-04-10 00:42:43 [INFO] [Rank 1] Weights loaded.
2026-04-10 00:44:07 [INFO] [Rank 0] Loading weights...
2026-04-10 00:44:21 [INFO] [Rank 0] Weights loaded.
2026-04-10 00:57:03 [INFO] [Rank 1] Finished. Latency: 762013 ms
2026-04-10 00:57:03 [INFO] [Rank 2] Finished. Latency: 762013 ms
2026-04-10 00:57:03 [INFO] [Rank 0] Finished. Latency: 762013 ms
2026-04-10 00:57:03 [INFO] [Rank 3] Finished. Latency: 762022 ms
2026-04-10 00:57:07 [INFO] Total latency:     762013 ms
2026-04-10 00:57:07 [INFO] Peak 5GB memory:   3730 MB
2026-04-10 00:57:07 [INFO] Avg  5GB memory:   2542 MB
2026-04-10 00:57:07 [INFO] [298/441] Split [29, 7, 4, 0] | Batch: 8 | Microbatch: 4 | Microbatches: 2
2026-04-10 00:57:07 [INFO] Loading WikiText... (SEQ_LEN=64, BATCH=8)
2026-04-10 00:57:22 [INFO] [Rank 3] Loading weights...
2026-04-10 00:57:24 [INFO] [Rank 3] Weights loaded.
2026-04-10 00:57:33 [INFO] [Rank 2] Loading weights...
2026-04-10 00:57:37 [INFO] [Rank 2] Weights loaded.
2026-04-10 00:57:45 [INFO] [Rank 1] Loading weights...
2026-04-10 00:57:50 [INFO] [Rank 1] Weights loaded.
2026-04-10 00:59:13 [INFO] [Rank 0] Loading weights...
2026-04-10 00:59:27 [INFO] [Rank 0] Weights loaded.
2026-04-10 01:01:07 [INFO] [Rank 2] Finished. Latency: 99037 ms
2026-04-10 01:01:07 [INFO] [Rank 1] Finished. Latency: 99037 ms
2026-04-10 01:01:07 [INFO] [Rank 0] Finished. Latency: 99037 ms
2026-04-10 01:01:07 [INFO] [Rank 3] Finished. Latency: 99042 ms
2026-04-10 01:01:11 [INFO] Total latency:     99037 ms
2026-04-10 01:01:11 [INFO] Peak 5GB memory:   3950 MB
2026-04-10 01:01:11 [INFO] Avg  5GB memory:   1368 MB
2026-04-10 01:01:11 [INFO] [299/441] Split [29, 7, 4, 0] | Batch: 8 | Microbatch: 2 | Microbatches: 4
2026-04-10 01:01:11 [INFO] Loading WikiText... (SEQ_LEN=64, BATCH=8)
2026-04-10 01:01:25 [INFO] [Rank 3] Loading weights...
2026-04-10 01:01:28 [INFO] [Rank 3] Weights loaded.
2026-04-10 01:01:36 [INFO] [Rank 2] Loading weights...
2026-04-10 01:01:40 [INFO] [Rank 2] Weights loaded.
2026-04-10 01:01:47 [INFO] [Rank 1] Loading weights...
2026-04-10 01:01:53 [INFO] [Rank 1] Weights loaded.
2026-04-10 01:03:16 [INFO] [Rank 0] Loading weights...
2026-04-10 01:03:31 [INFO] [Rank 0] Weights loaded.
2026-04-10 01:06:43 [INFO] [Rank 2] Finished. Latency: 192059 ms
2026-04-10 01:06:43 [INFO] [Rank 0] Finished. Latency: 192059 ms
2026-04-10 01:06:43 [INFO] [Rank 1] Finished. Latency: 192059 ms
2026-04-10 01:06:43 [INFO] [Rank 3] Finished. Latency: 192065 ms
2026-04-10 01:06:47 [INFO] Total latency:     192059 ms
2026-04-10 01:06:47 [INFO] Peak 5GB memory:   3950 MB
2026-04-10 01:06:47 [INFO] Avg  5GB memory:   1389 MB
2026-04-10 01:06:47 [INFO] [300/441] Split [29, 7, 4, 0] | Batch: 16 | Microbatch: 8 | Microbatches: 2
2026-04-10 01:06:47 [INFO] Loading WikiText... (SEQ_LEN=64, BATCH=16)
2026-04-10 01:07:02 [INFO] [Rank 3] Loading weights...
2026-04-10 01:07:04 [INFO] [Rank 3] Weights loaded.
2026-04-10 01:07:13 [INFO] [Rank 2] Loading weights...
2026-04-10 01:07:16 [INFO] [Rank 2] Weights loaded.
2026-04-10 01:07:25 [INFO] [Rank 1] Loading weights...
2026-04-10 01:07:30 [INFO] [Rank 1] Weights loaded.
2026-04-10 01:08:53 [INFO] [Rank 0] Loading weights...
2026-04-10 01:09:07 [INFO] [Rank 0] Weights loaded.
2026-04-10 01:10:50 [INFO] [Rank 1] Finished. Latency: 102163 ms
2026-04-10 01:10:50 [INFO] [Rank 2] Finished. Latency: 102163 ms
2026-04-10 01:10:50 [INFO] [Rank 0] Finished. Latency: 102163 ms
2026-04-10 01:10:50 [INFO] [Rank 3] Finished. Latency: 102168 ms
2026-04-10 01:10:54 [INFO] Total latency:     102163 ms
2026-04-10 01:10:54 [INFO] Peak 5GB memory:   3950 MB
2026-04-10 01:10:54 [INFO] Avg  5GB memory:   1372 MB
2026-04-10 01:10:54 [INFO] [301/441] Split [29, 7, 4, 0] | Batch: 16 | Microbatch: 4 | Microbatches: 4
2026-04-10 01:10:54 [INFO] Loading WikiText... (SEQ_LEN=64, BATCH=16)
2026-04-10 01:11:08 [INFO] [Rank 3] Loading weights...
2026-04-10 01:11:11 [INFO] [Rank 3] Weights loaded.
2026-04-10 01:11:19 [INFO] [Rank 2] Loading weights...
2026-04-10 01:11:23 [INFO] [Rank 2] Weights loaded.
2026-04-10 01:11:31 [INFO] [Rank 1] Loading weights...
2026-04-10 01:11:36 [INFO] [Rank 1] Weights loaded.
2026-04-10 01:13:00 [INFO] [Rank 0] Loading weights...
2026-04-10 01:13:14 [INFO] [Rank 0] Weights loaded.
2026-04-10 01:16:30 [INFO] [Rank 2] Finished. Latency: 195838 ms
2026-04-10 01:16:30 [INFO] [Rank 0] Finished. Latency: 195838 ms
2026-04-10 01:16:30 [INFO] [Rank 1] Finished. Latency: 195838 ms
2026-04-10 01:16:30 [INFO] [Rank 3] Finished. Latency: 195843 ms
2026-04-10 01:16:34 [INFO] Total latency:     195838 ms
2026-04-10 01:16:34 [INFO] Peak 5GB memory:   3950 MB
2026-04-10 01:16:34 [INFO] Avg  5GB memory:   1393 MB
2026-04-10 01:16:34 [INFO] [302/441] Split [29, 7, 4, 0] | Batch: 16 | Microbatch: 2 | Microbatches: 8
2026-04-10 01:16:34 [INFO] Loading WikiText... (SEQ_LEN=64, BATCH=16)
2026-04-10 01:16:49 [INFO] [Rank 3] Loading weights...
2026-04-10 01:16:52 [INFO] [Rank 3] Weights loaded.
2026-04-10 01:17:01 [INFO] [Rank 2] Loading weights...
2026-04-10 01:17:05 [INFO] [Rank 2] Weights loaded.
2026-04-10 01:17:12 [INFO] [Rank 1] Loading weights...
2026-04-10 01:17:17 [INFO] [Rank 1] Weights loaded.
2026-04-10 01:18:41 [INFO] [Rank 0] Loading weights...
2026-04-10 01:18:55 [INFO] [Rank 0] Weights loaded.
2026-04-10 01:25:17 [INFO] [Rank 2] Finished. Latency: 381618 ms
2026-04-10 01:25:17 [INFO] [Rank 1] Finished. Latency: 381618 ms
2026-04-10 01:25:17 [INFO] [Rank 0] Finished. Latency: 381618 ms
2026-04-10 01:25:17 [INFO] [Rank 3] Finished. Latency: 381623 ms
2026-04-10 01:25:21 [INFO] Total latency:     381618 ms
2026-04-10 01:25:21 [INFO] Peak 5GB memory:   3950 MB
2026-04-10 01:25:21 [INFO] Avg  5GB memory:   1409 MB
2026-04-10 01:25:21 [INFO] [303/441] Split [29, 7, 4, 0] | Batch: 32 | Microbatch: 16 | Microbatches: 2
2026-04-10 01:25:21 [INFO] Loading WikiText... (SEQ_LEN=64, BATCH=32)
2026-04-10 01:25:36 [INFO] [Rank 3] Loading weights...
2026-04-10 01:25:39 [INFO] [Rank 3] Weights loaded.
2026-04-10 01:25:47 [INFO] [Rank 2] Loading weights...
2026-04-10 01:25:51 [INFO] [Rank 2] Weights loaded.
2026-04-10 01:25:59 [INFO] [Rank 1] Loading weights...
2026-04-10 01:26:04 [INFO] [Rank 1] Weights loaded.
2026-04-10 01:27:27 [INFO] [Rank 0] Loading weights...
2026-04-10 01:27:42 [INFO] [Rank 0] Weights loaded.
2026-04-10 01:29:31 [INFO] [Rank 1] Finished. Latency: 109080 ms
2026-04-10 01:29:31 [INFO] [Rank 2] Finished. Latency: 109080 ms
2026-04-10 01:29:31 [INFO] [Rank 0] Finished. Latency: 109080 ms
2026-04-10 01:29:31 [INFO] [Rank 3] Finished. Latency: 109085 ms
2026-04-10 01:29:35 [INFO] Total latency:     109080 ms
2026-04-10 01:29:35 [INFO] Peak 5GB memory:   3950 MB
2026-04-10 01:29:35 [INFO] Avg  5GB memory:   1389 MB
2026-04-10 01:29:35 [INFO] [304/441] Split [29, 7, 4, 0] | Batch: 32 | Microbatch: 8 | Microbatches: 4
2026-04-10 01:29:35 [INFO] Loading WikiText... (SEQ_LEN=64, BATCH=32)
2026-04-10 01:29:50 [INFO] [Rank 3] Loading weights...
2026-04-10 01:29:52 [INFO] [Rank 3] Weights loaded.
2026-04-10 01:30:01 [INFO] [Rank 2] Loading weights...
2026-04-10 01:30:05 [INFO] [Rank 2] Weights loaded.
2026-04-10 01:30:13 [INFO] [Rank 1] Loading weights...
2026-04-10 01:30:18 [INFO] [Rank 1] Weights loaded.
2026-04-10 01:31:40 [INFO] [Rank 0] Loading weights...
2026-04-10 01:31:55 [INFO] [Rank 0] Weights loaded.
2026-04-10 01:35:17 [INFO] [Rank 2] Finished. Latency: 202330 ms
2026-04-10 01:35:17 [INFO] [Rank 0] Finished. Latency: 202330 ms
2026-04-10 01:35:17 [INFO] [Rank 1] Finished. Latency: 202331 ms
2026-04-10 01:35:17 [INFO] [Rank 3] Finished. Latency: 202336 ms
2026-04-10 01:35:21 [INFO] Total latency:     202330 ms
2026-04-10 01:35:21 [INFO] Peak 5GB memory:   3950 MB
2026-04-10 01:35:21 [INFO] Avg  5GB memory:   1403 MB
2026-04-10 01:35:21 [INFO] [305/441] Split [29, 7, 4, 0] | Batch: 32 | Microbatch: 4 | Microbatches: 8
2026-04-10 01:35:21 [INFO] Loading WikiText... (SEQ_LEN=64, BATCH=32)
2026-04-10 01:35:36 [INFO] [Rank 3] Loading weights...
2026-04-10 01:35:39 [INFO] [Rank 3] Weights loaded.
2026-04-10 01:35:47 [INFO] [Rank 2] Loading weights...
2026-04-10 01:35:51 [INFO] [Rank 2] Weights loaded.
2026-04-10 01:35:59 [INFO] [Rank 1] Loading weights...
2026-04-10 01:36:04 [INFO] [Rank 1] Weights loaded.
2026-04-10 01:37:28 [INFO] [Rank 0] Loading weights...
2026-04-10 01:37:43 [INFO] [Rank 0] Weights loaded.
2026-04-10 01:44:12 [INFO] [Rank 1] Finished. Latency: 389124 ms
2026-04-10 01:44:12 [INFO] [Rank 2] Finished. Latency: 389124 ms
2026-04-10 01:44:12 [INFO] [Rank 0] Finished. Latency: 389124 ms
2026-04-10 01:44:12 [INFO] [Rank 3] Finished. Latency: 389129 ms
2026-04-10 01:44:16 [INFO] Total latency:     389124 ms
2026-04-10 01:44:16 [INFO] Peak 5GB memory:   2670 MB
2026-04-10 01:44:16 [INFO] Avg  5GB memory:   1424 MB
2026-04-10 01:44:16 [INFO] [306/441] Split [29, 7, 4, 0] | Batch: 32 | Microbatch: 2 | Microbatches: 16
2026-04-10 01:44:16 [INFO] Loading WikiText... (SEQ_LEN=64, BATCH=32)
2026-04-10 01:44:31 [INFO] [Rank 3] Loading weights...
2026-04-10 01:44:33 [INFO] [Rank 3] Weights loaded.
2026-04-10 01:44:42 [INFO] [Rank 2] Loading weights...
2026-04-10 01:44:46 [INFO] [Rank 2] Weights loaded.
2026-04-10 01:44:54 [INFO] [Rank 1] Loading weights...
2026-04-10 01:44:59 [INFO] [Rank 1] Weights loaded.
2026-04-10 01:46:22 [INFO] [Rank 0] Loading weights...
2026-04-10 01:46:36 [INFO] [Rank 0] Weights loaded.
2026-04-10 01:59:17 [INFO] [Rank 2] Finished. Latency: 760761 ms
2026-04-10 01:59:17 [INFO] [Rank 1] Finished. Latency: 760761 ms
2026-04-10 01:59:17 [INFO] [Rank 0] Finished. Latency: 760761 ms
2026-04-10 01:59:17 [INFO] [Rank 3] Finished. Latency: 760766 ms
2026-04-10 01:59:21 [INFO] Total latency:     760761 ms
2026-04-10 01:59:21 [INFO] Peak 5GB memory:   3950 MB
2026-04-10 01:59:21 [INFO] Avg  5GB memory:   1424 MB
2026-04-10 01:59:21 [INFO] [307/441] Split [29, 8, 2, 1] | Batch: 8 | Microbatch: 4 | Microbatches: 2
2026-04-10 01:59:21 [INFO] Loading WikiText... (SEQ_LEN=64, BATCH=8)
2026-04-10 01:59:39 [INFO] [Rank 2] Loading weights...
2026-04-10 01:59:40 [INFO] [Rank 3] Loading weights...
2026-04-10 01:59:42 [INFO] [Rank 2] Weights loaded.
2026-04-10 01:59:43 [INFO] [Rank 3] Weights loaded.
2026-04-10 02:00:03 [INFO] [Rank 1] Loading weights...
2026-04-10 02:00:09 [INFO] [Rank 1] Weights loaded.
2026-04-10 02:01:28 [INFO] [Rank 0] Loading weights...
2026-04-10 02:01:43 [INFO] [Rank 0] Weights loaded.
2026-04-10 02:03:19 [INFO] [Rank 2] Finished. Latency: 96512 ms
2026-04-10 02:03:19 [INFO] [Rank 1] Finished. Latency: 96512 ms
2026-04-10 02:03:19 [INFO] [Rank 0] Finished. Latency: 96512 ms
2026-04-10 02:03:19 [INFO] [Rank 3] Finished. Latency: 96521 ms
2026-04-10 02:03:23 [INFO] Total latency:     96512 ms
2026-04-10 02:03:23 [INFO] Peak 5GB memory:   5010 MB
2026-04-10 02:03:23 [INFO] Avg  5GB memory:   2373 MB
2026-04-10 02:03:23 [INFO] [308/441] Split [29, 8, 2, 1] | Batch: 8 | Microbatch: 2 | Microbatches: 4
2026-04-10 02:03:23 [INFO] Loading WikiText... (SEQ_LEN=64, BATCH=8)
2026-04-10 02:03:40 [INFO] [Rank 2] Loading weights...
2026-04-10 02:03:41 [INFO] [Rank 3] Loading weights...
2026-04-10 02:03:43 [INFO] [Rank 2] Weights loaded.
2026-04-10 02:03:44 [INFO] [Rank 3] Weights loaded.
2026-04-10 02:04:05 [INFO] [Rank 1] Loading weights...
2026-04-10 02:04:11 [INFO] [Rank 1] Weights loaded.
2026-04-10 02:05:28 [INFO] [Rank 0] Loading weights...
2026-04-10 02:05:43 [INFO] [Rank 0] Weights loaded.
2026-04-10 02:08:51 [INFO] [Rank 2] Finished. Latency: 187456 ms
2026-04-10 02:08:51 [INFO] [Rank 0] Finished. Latency: 187456 ms
2026-04-10 02:08:51 [INFO] [Rank 1] Finished. Latency: 187456 ms
2026-04-10 02:08:51 [INFO] [Rank 3] Finished. Latency: 187465 ms
2026-04-10 02:08:55 [INFO] Total latency:     187456 ms
2026-04-10 02:08:55 [INFO] Peak 5GB memory:   5010 MB
2026-04-10 02:08:55 [INFO] Avg  5GB memory:   2419 MB
2026-04-10 02:08:55 [INFO] [309/441] Split [29, 8, 2, 1] | Batch: 16 | Microbatch: 8 | Microbatches: 2
2026-04-10 02:08:55 [INFO] Loading WikiText... (SEQ_LEN=64, BATCH=16)
2026-04-10 02:09:13 [INFO] [Rank 2] Loading weights...
2026-04-10 02:09:14 [INFO] [Rank 3] Loading weights...
2026-04-10 02:09:16 [INFO] [Rank 2] Weights loaded.
2026-04-10 02:09:17 [INFO] [Rank 3] Weights loaded.
2026-04-10 02:09:36 [INFO] [Rank 1] Loading weights...
2026-04-10 02:09:42 [INFO] [Rank 1] Weights loaded.
2026-04-10 02:11:01 [INFO] [Rank 0] Loading weights...
2026-04-10 02:11:15 [INFO] [Rank 0] Weights loaded.
2026-04-10 02:12:55 [INFO] [Rank 1] Finished. Latency: 99608 ms
2026-04-10 02:12:55 [INFO] [Rank 2] Finished. Latency: 99608 ms
2026-04-10 02:12:55 [INFO] [Rank 0] Finished. Latency: 99608 ms
2026-04-10 02:12:55 [INFO] [Rank 3] Finished. Latency: 99617 ms
2026-04-10 02:12:59 [INFO] Total latency:     99608 ms
2026-04-10 02:12:59 [INFO] Peak 5GB memory:   3730 MB
2026-04-10 02:12:59 [INFO] Avg  5GB memory:   2400 MB
2026-04-10 02:12:59 [INFO] [310/441] Split [29, 8, 2, 1] | Batch: 16 | Microbatch: 4 | Microbatches: 4
2026-04-10 02:12:59 [INFO] Loading WikiText... (SEQ_LEN=64, BATCH=16)
2026-04-10 02:13:16 [INFO] [Rank 2] Loading weights...
2026-04-10 02:13:17 [INFO] [Rank 3] Loading weights...
2026-04-10 02:13:19 [INFO] [Rank 2] Weights loaded.
2026-04-10 02:13:20 [INFO] [Rank 3] Weights loaded.
2026-04-10 02:13:40 [INFO] [Rank 1] Loading weights...
2026-04-10 02:13:46 [INFO] [Rank 1] Weights loaded.
2026-04-10 02:15:05 [INFO] [Rank 0] Loading weights...
2026-04-10 02:15:19 [INFO] [Rank 0] Weights loaded.
2026-04-10 02:18:30 [INFO] [Rank 2] Finished. Latency: 190848 ms
2026-04-10 02:18:30 [INFO] [Rank 1] Finished. Latency: 190848 ms
2026-04-10 02:18:30 [INFO] [Rank 0] Finished. Latency: 190848 ms
2026-04-10 02:18:30 [INFO] [Rank 3] Finished. Latency: 190858 ms
2026-04-10 02:18:34 [INFO] Total latency:     190848 ms
2026-04-10 02:18:34 [INFO] Peak 5GB memory:   3730 MB
2026-04-10 02:18:34 [INFO] Avg  5GB memory:   2431 MB
2026-04-10 02:18:34 [INFO] [311/441] Split [29, 8, 2, 1] | Batch: 16 | Microbatch: 2 | Microbatches: 8
2026-04-10 02:18:34 [INFO] Loading WikiText... (SEQ_LEN=64, BATCH=16)
2026-04-10 02:18:37 [WARNING] '('Connection broken: IncompleteRead(0 bytes read, 65536 more expected)', IncompleteRead(0 bytes read, 65536 more expected))' thrown while requesting GET https://huggingface.co/datasets/wikitext/resolve/b08601e04326c79dfdd32d625aee71d232d685c3/wikitext-2-raw-v1/test-00000-of-00001.parquet
2026-04-10 02:18:37 [WARNING] Retrying in 1s [Retry 1/5].
2026-04-10 02:18:55 [INFO] [Rank 2] Loading weights...
2026-04-10 02:18:56 [INFO] [Rank 3] Loading weights...
2026-04-10 02:18:58 [INFO] [Rank 2] Weights loaded.
2026-04-10 02:18:59 [INFO] [Rank 3] Weights loaded.
2026-04-10 02:19:18 [INFO] [Rank 1] Loading weights...
2026-04-10 02:19:24 [INFO] [Rank 1] Weights loaded.
2026-04-10 02:20:43 [INFO] [Rank 0] Loading weights...
2026-04-10 02:20:58 [INFO] [Rank 0] Weights loaded.
2026-04-10 02:27:10 [INFO] [Rank 1] Finished. Latency: 371927 ms
2026-04-10 02:27:10 [INFO] [Rank 2] Finished. Latency: 371928 ms
2026-04-10 02:27:10 [INFO] [Rank 0] Finished. Latency: 371928 ms
2026-04-10 02:27:10 [INFO] [Rank 3] Finished. Latency: 371937 ms
2026-04-10 02:27:14 [INFO] Total latency:     371928 ms
2026-04-10 02:27:14 [INFO] Peak 5GB memory:   3730 MB
2026-04-10 02:27:14 [INFO] Avg  5GB memory:   2462 MB
2026-04-10 02:27:14 [INFO] [312/441] Split [29, 8, 2, 1] | Batch: 32 | Microbatch: 16 | Microbatches: 2
2026-04-10 02:27:14 [INFO] Loading WikiText... (SEQ_LEN=64, BATCH=32)
2026-04-10 02:27:31 [INFO] [Rank 2] Loading weights...
2026-04-10 02:27:33 [INFO] [Rank 3] Loading weights...
2026-04-10 02:27:34 [INFO] [Rank 2] Weights loaded.
2026-04-10 02:27:36 [INFO] [Rank 3] Weights loaded.
2026-04-10 02:27:55 [INFO] [Rank 1] Loading weights...
2026-04-10 02:28:01 [INFO] [Rank 1] Weights loaded.
2026-04-10 02:29:20 [INFO] [Rank 0] Loading weights...
2026-04-10 02:29:35 [INFO] [Rank 0] Weights loaded.
2026-04-10 02:31:21 [INFO] [Rank 2] Finished. Latency: 106283 ms
2026-04-10 02:31:21 [INFO] [Rank 1] Finished. Latency: 106283 ms
2026-04-10 02:31:21 [INFO] [Rank 0] Finished. Latency: 106283 ms
2026-04-10 02:31:21 [INFO] [Rank 3] Finished. Latency: 106293 ms
2026-04-10 02:31:25 [INFO] Total latency:     106283 ms
2026-04-10 02:31:25 [INFO] Peak 5GB memory:   5010 MB
2026-04-10 02:31:25 [INFO] Avg  5GB memory:   2503 MB
2026-04-10 02:31:25 [INFO] [313/441] Split [29, 8, 2, 1] | Batch: 32 | Microbatch: 8 | Microbatches: 4
2026-04-10 02:31:25 [INFO] Loading WikiText... (SEQ_LEN=64, BATCH=32)
2026-04-10 02:31:43 [INFO] [Rank 2] Loading weights...
2026-04-10 02:31:44 [INFO] [Rank 3] Loading weights...
2026-04-10 02:31:46 [INFO] [Rank 2] Weights loaded.
2026-04-10 02:31:47 [INFO] [Rank 3] Weights loaded.
2026-04-10 02:32:07 [INFO] [Rank 1] Loading weights...
2026-04-10 02:32:13 [INFO] [Rank 1] Weights loaded.
2026-04-10 02:33:32 [INFO] [Rank 0] Loading weights...
2026-04-10 02:33:47 [INFO] [Rank 0] Weights loaded.
2026-04-10 02:37:04 [INFO] [Rank 1] Finished. Latency: 197111 ms
2026-04-10 02:37:04 [INFO] [Rank 2] Finished. Latency: 197111 ms
2026-04-10 02:37:04 [INFO] [Rank 0] Finished. Latency: 197111 ms
2026-04-10 02:37:04 [INFO] [Rank 3] Finished. Latency: 197121 ms
2026-04-10 02:37:08 [INFO] Total latency:     197111 ms
2026-04-10 02:37:08 [INFO] Peak 5GB memory:   3730 MB
2026-04-10 02:37:08 [INFO] Avg  5GB memory:   2475 MB
2026-04-10 02:37:08 [INFO] [314/441] Split [29, 8, 2, 1] | Batch: 32 | Microbatch: 4 | Microbatches: 8
2026-04-10 02:37:08 [INFO] Loading WikiText... (SEQ_LEN=64, BATCH=32)
2026-04-10 02:37:25 [INFO] [Rank 2] Loading weights...
2026-04-10 02:37:26 [INFO] [Rank 3] Loading weights...
2026-04-10 02:37:28 [INFO] [Rank 2] Weights loaded.
2026-04-10 02:37:29 [INFO] [Rank 3] Weights loaded.
2026-04-10 02:37:49 [INFO] [Rank 1] Loading weights...
2026-04-10 02:37:55 [INFO] [Rank 1] Weights loaded.
2026-04-10 02:39:14 [INFO] [Rank 0] Loading weights...
2026-04-10 02:39:28 [INFO] [Rank 0] Weights loaded.
2026-04-10 02:45:47 [INFO] [Rank 2] Finished. Latency: 379414 ms
2026-04-10 02:45:47 [INFO] [Rank 1] Finished. Latency: 379414 ms
2026-04-10 02:45:47 [INFO] [Rank 0] Finished. Latency: 379414 ms
2026-04-10 02:45:47 [INFO] [Rank 3] Finished. Latency: 379424 ms
2026-04-10 02:45:51 [INFO] Total latency:     379414 ms
2026-04-10 02:45:51 [INFO] Peak 5GB memory:   5010 MB
2026-04-10 02:45:51 [INFO] Avg  5GB memory:   2510 MB
2026-04-10 02:45:51 [INFO] [315/441] Split [29, 8, 2, 1] | Batch: 32 | Microbatch: 2 | Microbatches: 16
2026-04-10 02:45:51 [INFO] Loading WikiText... (SEQ_LEN=64, BATCH=32)
2026-04-10 02:46:09 [INFO] [Rank 2] Loading weights...
2026-04-10 02:46:10 [INFO] [Rank 3] Loading weights...
2026-04-10 02:46:12 [INFO] [Rank 2] Weights loaded.
2026-04-10 02:46:13 [INFO] [Rank 3] Weights loaded.
2026-04-10 02:46:33 [INFO] [Rank 1] Loading weights...
2026-04-10 02:46:39 [INFO] [Rank 1] Weights loaded.
2026-04-10 02:47:58 [INFO] [Rank 0] Loading weights...
2026-04-10 02:48:12 [INFO] [Rank 0] Weights loaded.
2026-04-10 03:00:37 [INFO] [Rank 2] Finished. Latency: 744772 ms
2026-04-10 03:00:37 [INFO] [Rank 1] Finished. Latency: 744772 ms
2026-04-10 03:00:37 [INFO] [Rank 0] Finished. Latency: 744772 ms
2026-04-10 03:00:37 [INFO] [Rank 3] Finished. Latency: 744781 ms
2026-04-10 03:00:41 [INFO] Total latency:     744772 ms
2026-04-10 03:00:41 [INFO] Peak 5GB memory:   3730 MB
2026-04-10 03:00:41 [INFO] Avg  5GB memory:   2540 MB
2026-04-10 03:00:41 [INFO] [316/441] Split [29, 8, 3, 0] | Batch: 8 | Microbatch: 4 | Microbatches: 2
2026-04-10 03:00:41 [INFO] Loading WikiText... (SEQ_LEN=64, BATCH=8)
2026-04-10 03:00:56 [INFO] [Rank 3] Loading weights...
2026-04-10 03:00:58 [INFO] [Rank 3] Weights loaded.
2026-04-10 03:01:03 [INFO] [Rank 2] Loading weights...
2026-04-10 03:01:06 [INFO] [Rank 2] Weights loaded.
2026-04-10 03:01:22 [INFO] [Rank 1] Loading weights...
2026-04-10 03:01:28 [INFO] [Rank 1] Weights loaded.
2026-04-10 03:02:47 [INFO] [Rank 0] Loading weights...
2026-04-10 03:03:01 [INFO] [Rank 0] Weights loaded.
2026-04-10 03:04:38 [INFO] [Rank 2] Finished. Latency: 96424 ms
2026-04-10 03:04:38 [INFO] [Rank 0] Finished. Latency: 96424 ms
2026-04-10 03:04:38 [INFO] [Rank 1] Finished. Latency: 96424 ms
2026-04-10 03:04:38 [INFO] [Rank 3] Finished. Latency: 96429 ms
2026-04-10 03:04:42 [INFO] Total latency:     96424 ms
2026-04-10 03:04:42 [INFO] Peak 5GB memory:   3950 MB
2026-04-10 03:04:42 [INFO] Avg  5GB memory:   1367 MB
2026-04-10 03:04:42 [INFO] [317/441] Split [29, 8, 3, 0] | Batch: 8 | Microbatch: 2 | Microbatches: 4
2026-04-10 03:04:42 [INFO] Loading WikiText... (SEQ_LEN=64, BATCH=8)
2026-04-10 03:04:57 [INFO] [Rank 3] Loading weights...
2026-04-10 03:04:59 [INFO] [Rank 3] Weights loaded.
2026-04-10 03:05:04 [INFO] [Rank 2] Loading weights...
2026-04-10 03:05:07 [INFO] [Rank 2] Weights loaded.
2026-04-10 03:05:23 [INFO] [Rank 1] Loading weights...
2026-04-10 03:05:29 [INFO] [Rank 1] Weights loaded.
2026-04-10 03:06:49 [INFO] [Rank 0] Loading weights...
2026-04-10 03:07:03 [INFO] [Rank 0] Weights loaded.
2026-04-10 03:10:10 [INFO] [Rank 2] Finished. Latency: 187066 ms
2026-04-10 03:10:10 [INFO] [Rank 1] Finished. Latency: 187066 ms
2026-04-10 03:10:10 [INFO] [Rank 0] Finished. Latency: 187066 ms
2026-04-10 03:10:10 [INFO] [Rank 3] Finished. Latency: 187071 ms
2026-04-10 03:10:14 [INFO] Total latency:     187066 ms
2026-04-10 03:10:14 [INFO] Peak 5GB memory:   3950 MB
2026-04-10 03:10:14 [INFO] Avg  5GB memory:   1387 MB
2026-04-10 03:10:14 [INFO] [318/441] Split [29, 8, 3, 0] | Batch: 16 | Microbatch: 8 | Microbatches: 2
2026-04-10 03:10:14 [INFO] Loading WikiText... (SEQ_LEN=64, BATCH=16)
2026-04-10 03:10:17 [WARNING] '('Connection broken: IncompleteRead(0 bytes read, 65536 more expected)', IncompleteRead(0 bytes read, 65536 more expected))' thrown while requesting GET https://huggingface.co/datasets/wikitext/resolve/b08601e04326c79dfdd32d625aee71d232d685c3/wikitext-2-raw-v1/test-00000-of-00001.parquet
2026-04-10 03:10:17 [WARNING] Retrying in 1s [Retry 1/5].
2026-04-10 03:10:31 [INFO] [Rank 3] Loading weights...
2026-04-10 03:10:34 [INFO] [Rank 3] Weights loaded.
2026-04-10 03:10:38 [INFO] [Rank 2] Loading weights...
2026-04-10 03:10:42 [INFO] [Rank 2] Weights loaded.
2026-04-10 03:10:58 [INFO] [Rank 1] Loading weights...
2026-04-10 03:11:04 [INFO] [Rank 1] Weights loaded.
2026-04-10 03:12:23 [INFO] [Rank 0] Loading weights...
2026-04-10 03:12:37 [INFO] [Rank 0] Weights loaded.
2026-04-10 03:14:17 [INFO] [Rank 2] Finished. Latency: 99665 ms
2026-04-10 03:14:17 [INFO] [Rank 1] Finished. Latency: 99665 ms
2026-04-10 03:14:17 [INFO] [Rank 0] Finished. Latency: 99665 ms
2026-04-10 03:14:17 [INFO] [Rank 3] Finished. Latency: 99670 ms
2026-04-10 03:14:21 [INFO] Total latency:     99665 ms
2026-04-10 03:14:21 [INFO] Peak 5GB memory:   2670 MB
2026-04-10 03:14:21 [INFO] Avg  5GB memory:   1372 MB
2026-04-10 03:14:21 [INFO] [319/441] Split [29, 8, 3, 0] | Batch: 16 | Microbatch: 4 | Microbatches: 4
2026-04-10 03:14:21 [INFO] Loading WikiText... (SEQ_LEN=64, BATCH=16)
2026-04-10 03:14:36 [INFO] [Rank 3] Loading weights...
2026-04-10 03:14:38 [INFO] [Rank 3] Weights loaded.
2026-04-10 03:14:43 [INFO] [Rank 2] Loading weights...
2026-04-10 03:14:46 [INFO] [Rank 2] Weights loaded.
2026-04-10 03:15:03 [INFO] [Rank 1] Loading weights...
2026-04-10 03:15:08 [INFO] [Rank 1] Weights loaded.
2026-04-10 03:16:28 [INFO] [Rank 0] Loading weights...
2026-04-10 03:16:42 [INFO] [Rank 0] Weights loaded.
2026-04-10 03:19:53 [INFO] [Rank 2] Finished. Latency: 190638 ms
2026-04-10 03:19:53 [INFO] [Rank 1] Finished. Latency: 190638 ms
2026-04-10 03:19:53 [INFO] [Rank 0] Finished. Latency: 190638 ms
2026-04-10 03:19:53 [INFO] [Rank 3] Finished. Latency: 190643 ms
2026-04-10 03:19:57 [INFO] Total latency:     190638 ms
2026-04-10 03:19:57 [INFO] Peak 5GB memory:   3950 MB
2026-04-10 03:19:57 [INFO] Avg  5GB memory:   1390 MB
2026-04-10 03:19:57 [INFO] [320/441] Split [29, 8, 3, 0] | Batch: 16 | Microbatch: 2 | Microbatches: 8
2026-04-10 03:19:57 [INFO] Loading WikiText... (SEQ_LEN=64, BATCH=16)
2026-04-10 03:20:12 [INFO] [Rank 3] Loading weights...
2026-04-10 03:20:14 [INFO] [Rank 3] Weights loaded.
2026-04-10 03:20:19 [INFO] [Rank 2] Loading weights...
2026-04-10 03:20:22 [INFO] [Rank 2] Weights loaded.
2026-04-10 03:20:38 [INFO] [Rank 1] Loading weights...
2026-04-10 03:20:44 [INFO] [Rank 1] Weights loaded.
2026-04-10 03:22:03 [INFO] [Rank 0] Loading weights...
2026-04-10 03:22:17 [INFO] [Rank 0] Weights loaded.
2026-04-10 03:28:29 [INFO] [Rank 1] Finished. Latency: 371824 ms
2026-04-10 03:28:29 [INFO] [Rank 2] Finished. Latency: 371824 ms
2026-04-10 03:28:29 [INFO] [Rank 0] Finished. Latency: 371824 ms
2026-04-10 03:28:29 [INFO] [Rank 3] Finished. Latency: 371829 ms
2026-04-10 03:28:33 [INFO] Total latency:     371824 ms
2026-04-10 03:28:33 [INFO] Peak 5GB memory:   3950 MB
2026-04-10 03:28:33 [INFO] Avg  5GB memory:   1409 MB
2026-04-10 03:28:33 [INFO] [321/441] Split [29, 8, 3, 0] | Batch: 32 | Microbatch: 16 | Microbatches: 2
2026-04-10 03:28:33 [INFO] Loading WikiText... (SEQ_LEN=64, BATCH=32)
2026-04-10 03:28:48 [INFO] [Rank 3] Loading weights...
2026-04-10 03:28:51 [INFO] [Rank 3] Weights loaded.
2026-04-10 03:28:55 [INFO] [Rank 2] Loading weights...
2026-04-10 03:28:59 [INFO] [Rank 2] Weights loaded.
2026-04-10 03:29:15 [INFO] [Rank 1] Loading weights...
2026-04-10 03:29:21 [INFO] [Rank 1] Weights loaded.
2026-04-10 03:30:39 [INFO] [Rank 0] Loading weights...
2026-04-10 03:30:54 [INFO] [Rank 0] Weights loaded.
2026-04-10 03:32:40 [INFO] [Rank 2] Finished. Latency: 106287 ms
2026-04-10 03:32:40 [INFO] [Rank 1] Finished. Latency: 106287 ms
2026-04-10 03:32:40 [INFO] [Rank 0] Finished. Latency: 106287 ms
2026-04-10 03:32:40 [INFO] [Rank 3] Finished. Latency: 106293 ms
2026-04-10 03:32:44 [INFO] Total latency:     106287 ms
2026-04-10 03:32:44 [INFO] Peak 5GB memory:   3950 MB
2026-04-10 03:32:44 [INFO] Avg  5GB memory:   1388 MB
2026-04-10 03:32:44 [INFO] [322/441] Split [29, 8, 3, 0] | Batch: 32 | Microbatch: 8 | Microbatches: 4
2026-04-10 03:32:44 [INFO] Loading WikiText... (SEQ_LEN=64, BATCH=32)
2026-04-10 03:32:58 [INFO] [Rank 3] Loading weights...
2026-04-10 03:33:01 [INFO] [Rank 3] Weights loaded.
2026-04-10 03:33:05 [INFO] [Rank 2] Loading weights...
2026-04-10 03:33:08 [INFO] [Rank 2] Weights loaded.
2026-04-10 03:33:25 [INFO] [Rank 1] Loading weights...
2026-04-10 03:33:31 [INFO] [Rank 1] Weights loaded.
2026-04-10 03:34:50 [INFO] [Rank 0] Loading weights...
2026-04-10 03:35:04 [INFO] [Rank 0] Weights loaded.
2026-04-10 03:38:22 [INFO] [Rank 1] Finished. Latency: 197128 ms
2026-04-10 03:38:22 [INFO] [Rank 2] Finished. Latency: 197128 ms
2026-04-10 03:38:22 [INFO] [Rank 0] Finished. Latency: 197128 ms
2026-04-10 03:38:22 [INFO] [Rank 3] Finished. Latency: 197133 ms
2026-04-10 03:38:26 [INFO] Total latency:     197128 ms
2026-04-10 03:38:26 [INFO] Peak 5GB memory:   3950 MB
2026-04-10 03:38:26 [INFO] Avg  5GB memory:   1404 MB
2026-04-10 03:38:26 [INFO] [323/441] Split [29, 8, 3, 0] | Batch: 32 | Microbatch: 4 | Microbatches: 8
2026-04-10 03:38:26 [INFO] Loading WikiText... (SEQ_LEN=64, BATCH=32)
2026-04-10 03:38:40 [INFO] [Rank 3] Loading weights...
2026-04-10 03:38:43 [INFO] [Rank 3] Weights loaded.
2026-04-10 03:38:47 [INFO] [Rank 2] Loading weights...
2026-04-10 03:38:51 [INFO] [Rank 2] Weights loaded.
2026-04-10 03:39:06 [INFO] [Rank 1] Loading weights...
2026-04-10 03:39:12 [INFO] [Rank 1] Weights loaded.
2026-04-10 03:40:32 [INFO] [Rank 0] Loading weights...
2026-04-10 03:40:46 [INFO] [Rank 0] Weights loaded.
2026-04-10 03:47:06 [INFO] [Rank 1] Finished. Latency: 379087 ms
2026-04-10 03:47:06 [INFO] [Rank 2] Finished. Latency: 379087 ms
2026-04-10 03:47:06 [INFO] [Rank 0] Finished. Latency: 379087 ms
2026-04-10 03:47:06 [INFO] [Rank 3] Finished. Latency: 379092 ms
2026-04-10 03:47:10 [INFO] Total latency:     379087 ms
2026-04-10 03:47:10 [INFO] Peak 5GB memory:   3950 MB
2026-04-10 03:47:10 [INFO] Avg  5GB memory:   1424 MB
2026-04-10 03:47:10 [INFO] [324/441] Split [29, 8, 3, 0] | Batch: 32 | Microbatch: 2 | Microbatches: 16
2026-04-10 03:47:10 [INFO] Loading WikiText... (SEQ_LEN=64, BATCH=32)
2026-04-10 03:47:24 [INFO] [Rank 3] Loading weights...
2026-04-10 03:47:27 [INFO] [Rank 3] Weights loaded.
2026-04-10 03:47:31 [INFO] [Rank 2] Loading weights...
2026-04-10 03:47:35 [INFO] [Rank 2] Weights loaded.
2026-04-10 03:47:51 [INFO] [Rank 1] Loading weights...
2026-04-10 03:47:56 [INFO] [Rank 1] Weights loaded.
2026-04-10 03:49:16 [INFO] [Rank 0] Loading weights...
2026-04-10 03:49:30 [INFO] [Rank 0] Weights loaded.
2026-04-10 04:01:51 [INFO] [Rank 1] Finished. Latency: 740354 ms
2026-04-10 04:01:51 [INFO] [Rank 2] Finished. Latency: 740354 ms
2026-04-10 04:01:51 [INFO] [Rank 0] Finished. Latency: 740355 ms
2026-04-10 04:01:51 [INFO] [Rank 3] Finished. Latency: 740360 ms
2026-04-10 04:01:55 [INFO] Total latency:     740355 ms
2026-04-10 04:01:55 [INFO] Peak 5GB memory:   3950 MB
2026-04-10 04:01:55 [INFO] Avg  5GB memory:   1425 MB
2026-04-10 04:01:55 [INFO] [325/441] Split [29, 9, 1, 1] | Batch: 8 | Microbatch: 4 | Microbatches: 2
2026-04-10 04:01:55 [INFO] Loading WikiText... (SEQ_LEN=64, BATCH=8)
2026-04-10 04:02:08 [INFO] [Rank 2] Loading weights...
2026-04-10 04:02:10 [INFO] [Rank 2] Weights loaded.
2026-04-10 04:02:13 [INFO] [Rank 3] Loading weights...
2026-04-10 04:02:16 [INFO] [Rank 3] Weights loaded.
2026-04-10 04:02:39 [INFO] [Rank 1] Loading weights...
2026-04-10 04:02:45 [INFO] [Rank 1] Weights loaded.
2026-04-10 04:04:01 [INFO] [Rank 0] Loading weights...
2026-04-10 04:04:15 [INFO] [Rank 0] Weights loaded.
2026-04-10 04:05:50 [INFO] [Rank 1] Finished. Latency: 94194 ms
2026-04-10 04:05:50 [INFO] [Rank 2] Finished. Latency: 94194 ms
2026-04-10 04:05:50 [INFO] [Rank 0] Finished. Latency: 94194 ms
2026-04-10 04:05:50 [INFO] [Rank 3] Finished. Latency: 94203 ms
2026-04-10 04:05:54 [INFO] Total latency:     94194 ms
2026-04-10 04:05:54 [INFO] Peak 5GB memory:   5010 MB
2026-04-10 04:05:54 [INFO] Avg  5GB memory:   2382 MB
2026-04-10 04:05:54 [INFO] [326/441] Split [29, 9, 1, 1] | Batch: 8 | Microbatch: 2 | Microbatches: 4
2026-04-10 04:05:54 [INFO] Loading WikiText... (SEQ_LEN=64, BATCH=8)
2026-04-10 04:06:06 [INFO] [Rank 2] Loading weights...
2026-04-10 04:06:09 [INFO] [Rank 2] Weights loaded.
2026-04-10 04:06:11 [INFO] [Rank 3] Loading weights...
2026-04-10 04:06:14 [INFO] [Rank 3] Weights loaded.
2026-04-10 04:06:38 [INFO] [Rank 1] Loading weights...
2026-04-10 04:06:44 [INFO] [Rank 1] Weights loaded.
2026-04-10 04:07:59 [INFO] [Rank 0] Loading weights...
2026-04-10 04:08:14 [INFO] [Rank 0] Weights loaded.
2026-04-10 04:11:16 [INFO] [Rank 2] Finished. Latency: 182493 ms
2026-04-10 04:11:16 [INFO] [Rank 1] Finished. Latency: 182493 ms
2026-04-10 04:11:16 [INFO] [Rank 0] Finished. Latency: 182493 ms
2026-04-10 04:11:16 [INFO] [Rank 3] Finished. Latency: 182502 ms
2026-04-10 04:11:20 [INFO] Total latency:     182493 ms
2026-04-10 04:11:20 [INFO] Peak 5GB memory:   5010 MB
2026-04-10 04:11:20 [INFO] Avg  5GB memory:   2413 MB
2026-04-10 04:11:20 [INFO] [327/441] Split [29, 9, 1, 1] | Batch: 16 | Microbatch: 8 | Microbatches: 2
2026-04-10 04:11:20 [INFO] Loading WikiText... (SEQ_LEN=64, BATCH=16)
2026-04-10 04:11:34 [INFO] [Rank 2] Loading weights...
2026-04-10 04:11:37 [INFO] [Rank 2] Weights loaded.
2026-04-10 04:11:39 [INFO] [Rank 3] Loading weights...
2026-04-10 04:11:42 [INFO] [Rank 3] Weights loaded.
2026-04-10 04:12:06 [INFO] [Rank 1] Loading weights...
2026-04-10 04:12:12 [INFO] [Rank 1] Weights loaded.
2026-04-10 04:13:27 [INFO] [Rank 0] Loading weights...
2026-04-10 04:13:41 [INFO] [Rank 0] Weights loaded.
2026-04-10 04:15:18 [INFO] [Rank 2] Finished. Latency: 97055 ms
2026-04-10 04:15:18 [INFO] [Rank 1] Finished. Latency: 97055 ms
2026-04-10 04:15:18 [INFO] [Rank 0] Finished. Latency: 97055 ms
2026-04-10 04:15:18 [INFO] [Rank 3] Finished. Latency: 97064 ms
2026-04-10 04:15:22 [INFO] Total latency:     97055 ms
2026-04-10 04:15:22 [INFO] Peak 5GB memory:   5010 MB
2026-04-10 04:15:22 [INFO] Avg  5GB memory:   2402 MB
2026-04-10 04:15:22 [INFO] [328/441] Split [29, 9, 1, 1] | Batch: 16 | Microbatch: 4 | Microbatches: 4
2026-04-10 04:15:22 [INFO] Loading WikiText... (SEQ_LEN=64, BATCH=16)
2026-04-10 04:15:36 [INFO] [Rank 2] Loading weights...
2026-04-10 04:15:38 [INFO] [Rank 2] Weights loaded.
2026-04-10 04:15:41 [INFO] [Rank 3] Loading weights...
2026-04-10 04:15:44 [INFO] [Rank 3] Weights loaded.
2026-04-10 04:16:07 [INFO] [Rank 1] Loading weights...
2026-04-10 04:16:13 [INFO] [Rank 1] Weights loaded.
2026-04-10 04:17:28 [INFO] [Rank 0] Loading weights...
2026-04-10 04:17:43 [INFO] [Rank 0] Weights loaded.
2026-04-10 04:20:48 [INFO] [Rank 2] Finished. Latency: 185783 ms
2026-04-10 04:20:48 [INFO] [Rank 0] Finished. Latency: 185783 ms
2026-04-10 04:20:48 [INFO] [Rank 1] Finished. Latency: 185783 ms
2026-04-10 04:20:48 [INFO] [Rank 3] Finished. Latency: 185793 ms
2026-04-10 04:20:52 [INFO] Total latency:     185783 ms
2026-04-10 04:20:52 [INFO] Peak 5GB memory:   5010 MB
2026-04-10 04:20:52 [INFO] Avg  5GB memory:   2428 MB
2026-04-10 04:20:52 [INFO] [329/441] Split [29, 9, 1, 1] | Batch: 16 | Microbatch: 2 | Microbatches: 8
2026-04-10 04:20:52 [INFO] Loading WikiText... (SEQ_LEN=64, BATCH=16)
2026-04-10 04:20:56 [WARNING] '('Connection broken: IncompleteRead(0 bytes read, 732606 more expected)', IncompleteRead(0 bytes read, 732606 more expected))' thrown while requesting GET https://huggingface.co/datasets/wikitext/resolve/b08601e04326c79dfdd32d625aee71d232d685c3/wikitext-2-raw-v1/test-00000-of-00001.parquet
2026-04-10 04:20:56 [WARNING] Retrying in 1s [Retry 1/5].
2026-04-10 04:21:08 [INFO] [Rank 2] Loading weights...
2026-04-10 04:21:11 [INFO] [Rank 2] Weights loaded.
2026-04-10 04:21:13 [INFO] [Rank 3] Loading weights...
2026-04-10 04:21:16 [INFO] [Rank 3] Weights loaded.
2026-04-10 04:21:39 [INFO] [Rank 1] Loading weights...
2026-04-10 04:21:46 [INFO] [Rank 1] Weights loaded.
2026-04-10 04:23:01 [INFO] [Rank 0] Loading weights...
2026-04-10 04:23:15 [INFO] [Rank 0] Weights loaded.
2026-04-10 04:29:21 [INFO] [Rank 2] Finished. Latency: 365990 ms
2026-04-10 04:29:21 [INFO] [Rank 1] Finished. Latency: 365990 ms
2026-04-10 04:29:21 [INFO] [Rank 0] Finished. Latency: 365990 ms
2026-04-10 04:29:21 [INFO] [Rank 3] Finished. Latency: 365999 ms
2026-04-10 04:29:25 [INFO] Total latency:     365990 ms
2026-04-10 04:29:25 [INFO] Peak 5GB memory:   3730 MB
2026-04-10 04:29:25 [INFO] Avg  5GB memory:   2465 MB
2026-04-10 04:29:25 [INFO] [330/441] Split [29, 9, 1, 1] | Batch: 32 | Microbatch: 16 | Microbatches: 2
2026-04-10 04:29:25 [INFO] Loading WikiText... (SEQ_LEN=64, BATCH=32)
2026-04-10 04:29:28 [WARNING] '('Connection broken: IncompleteRead(0 bytes read, 65536 more expected)', IncompleteRead(0 bytes read, 65536 more expected))' thrown while requesting GET https://huggingface.co/datasets/wikitext/resolve/b08601e04326c79dfdd32d625aee71d232d685c3/wikitext-2-raw-v1/test-00000-of-00001.parquet
2026-04-10 04:29:28 [WARNING] Retrying in 1s [Retry 1/5].
2026-04-10 04:29:30 [WARNING] '('Connection broken: IncompleteRead(0 bytes read, 65536 more expected)', IncompleteRead(0 bytes read, 65536 more expected))' thrown while requesting GET https://huggingface.co/datasets/wikitext/resolve/b08601e04326c79dfdd32d625aee71d232d685c3/wikitext-2-raw-v1/test-00000-of-00001.parquet
2026-04-10 04:29:30 [WARNING] Retrying in 2s [Retry 2/5].
2026-04-10 04:29:45 [INFO] [Rank 2] Loading weights...
2026-04-10 04:29:47 [INFO] [Rank 2] Weights loaded.
2026-04-10 04:29:50 [INFO] [Rank 3] Loading weights...
2026-04-10 04:29:53 [INFO] [Rank 3] Weights loaded.
2026-04-10 04:30:16 [INFO] [Rank 1] Loading weights...
2026-04-10 04:30:23 [INFO] [Rank 1] Weights loaded.
2026-04-10 04:31:38 [INFO] [Rank 0] Loading weights...
2026-04-10 04:31:52 [INFO] [Rank 0] Weights loaded.
2026-04-10 04:33:36 [INFO] [Rank 2] Finished. Latency: 103752 ms
2026-04-10 04:33:36 [INFO] [Rank 0] Finished. Latency: 103753 ms
2026-04-10 04:33:36 [INFO] [Rank 1] Finished. Latency: 103753 ms
2026-04-10 04:33:36 [INFO] [Rank 3] Finished. Latency: 103763 ms
2026-04-10 04:33:40 [INFO] Total latency:     103753 ms
2026-04-10 04:33:40 [INFO] Peak 5GB memory:   5010 MB
2026-04-10 04:33:40 [INFO] Avg  5GB memory:   2489 MB
2026-04-10 04:33:40 [INFO] [331/441] Split [29, 9, 1, 1] | Batch: 32 | Microbatch: 8 | Microbatches: 4
2026-04-10 04:33:40 [INFO] Loading WikiText... (SEQ_LEN=64, BATCH=32)
2026-04-10 04:33:54 [INFO] [Rank 2] Loading weights...
2026-04-10 04:33:56 [INFO] [Rank 2] Weights loaded.
2026-04-10 04:33:59 [INFO] [Rank 3] Loading weights...
2026-04-10 04:34:02 [INFO] [Rank 3] Weights loaded.
2026-04-10 04:34:25 [INFO] [Rank 1] Loading weights...
2026-04-10 04:34:32 [INFO] [Rank 1] Weights loaded.
2026-04-10 04:35:46 [INFO] [Rank 0] Loading weights...
2026-04-10 04:36:01 [INFO] [Rank 0] Weights loaded.
2026-04-10 04:39:13 [INFO] [Rank 2] Finished. Latency: 192322 ms
2026-04-10 04:39:13 [INFO] [Rank 0] Finished. Latency: 192322 ms
2026-04-10 04:39:13 [INFO] [Rank 1] Finished. Latency: 192322 ms
2026-04-10 04:39:13 [INFO] [Rank 3] Finished. Latency: 192331 ms
2026-04-10 04:39:17 [INFO] Total latency:     192322 ms
2026-04-10 04:39:17 [INFO] Peak 5GB memory:   3730 MB
2026-04-10 04:39:17 [INFO] Avg  5GB memory:   2472 MB
2026-04-10 04:39:17 [INFO] [332/441] Split [29, 9, 1, 1] | Batch: 32 | Microbatch: 4 | Microbatches: 8
2026-04-10 04:39:17 [INFO] Loading WikiText... (SEQ_LEN=64, BATCH=32)
2026-04-10 04:39:32 [INFO] [Rank 2] Loading weights...
2026-04-10 04:39:34 [INFO] [Rank 2] Weights loaded.
2026-04-10 04:39:36 [INFO] [Rank 3] Loading weights...
2026-04-10 04:39:40 [INFO] [Rank 3] Weights loaded.
2026-04-10 04:40:03 [INFO] [Rank 1] Loading weights...
2026-04-10 04:40:09 [INFO] [Rank 1] Weights loaded.
2026-04-10 04:41:24 [INFO] [Rank 0] Loading weights...
2026-04-10 04:41:39 [INFO] [Rank 0] Weights loaded.
2026-04-10 04:47:48 [INFO] [Rank 2] Finished. Latency: 369501 ms
2026-04-10 04:47:48 [INFO] [Rank 1] Finished. Latency: 369501 ms
2026-04-10 04:47:48 [INFO] [Rank 0] Finished. Latency: 369501 ms
2026-04-10 04:47:48 [INFO] [Rank 3] Finished. Latency: 369510 ms
2026-04-10 04:47:52 [INFO] Total latency:     369501 ms
2026-04-10 04:47:52 [INFO] Peak 5GB memory:   5010 MB
2026-04-10 04:47:52 [INFO] Avg  5GB memory:   2500 MB
2026-04-10 04:47:52 [INFO] [333/441] Split [29, 9, 1, 1] | Batch: 32 | Microbatch: 2 | Microbatches: 16
2026-04-10 04:47:52 [INFO] Loading WikiText... (SEQ_LEN=64, BATCH=32)
2026-04-10 04:47:55 [WARNING] '('Connection broken: IncompleteRead(0 bytes read, 732606 more expected)', IncompleteRead(0 bytes read, 732606 more expected))' thrown while requesting GET https://huggingface.co/datasets/wikitext/resolve/b08601e04326c79dfdd32d625aee71d232d685c3/wikitext-2-raw-v1/test-00000-of-00001.parquet
2026-04-10 04:47:55 [WARNING] Retrying in 1s [Retry 1/5].
2026-04-10 04:48:08 [INFO] [Rank 2] Loading weights...
2026-04-10 04:48:11 [INFO] [Rank 2] Weights loaded.
2026-04-10 04:48:13 [INFO] [Rank 3] Loading weights...
2026-04-10 04:48:16 [INFO] [Rank 3] Weights loaded.
2026-04-10 04:48:40 [INFO] [Rank 1] Loading weights...
2026-04-10 04:48:46 [INFO] [Rank 1] Weights loaded.
2026-04-10 04:50:00 [INFO] [Rank 0] Loading weights...
2026-04-10 04:50:15 [INFO] [Rank 0] Weights loaded.
2026-04-10 05:02:19 [INFO] [Rank 2] Finished. Latency: 723685 ms
2026-04-10 05:02:19 [INFO] [Rank 1] Finished. Latency: 723685 ms
2026-04-10 05:02:19 [INFO] [Rank 0] Finished. Latency: 723685 ms
2026-04-10 05:02:19 [INFO] [Rank 3] Finished. Latency: 723694 ms
2026-04-10 05:02:23 [INFO] Total latency:     723685 ms
2026-04-10 05:02:23 [INFO] Peak 5GB memory:   3730 MB
2026-04-10 05:02:23 [INFO] Avg  5GB memory:   2539 MB
2026-04-10 05:02:23 [INFO] [334/441] Split [29, 9, 2, 0] | Batch: 8 | Microbatch: 4 | Microbatches: 2
2026-04-10 05:02:23 [INFO] Loading WikiText... (SEQ_LEN=64, BATCH=8)
2026-04-10 05:02:38 [INFO] [Rank 3] Loading weights...
2026-04-10 05:02:40 [INFO] [Rank 3] Weights loaded.
2026-04-10 05:02:41 [INFO] [Rank 2] Loading weights...
2026-04-10 05:02:44 [INFO] [Rank 2] Weights loaded.
2026-04-10 05:03:08 [INFO] [Rank 1] Loading weights...
2026-04-10 05:03:14 [INFO] [Rank 1] Weights loaded.
2026-04-10 05:04:29 [INFO] [Rank 0] Loading weights...
2026-04-10 05:04:43 [INFO] [Rank 0] Weights loaded.
2026-04-10 05:06:18 [INFO] [Rank 2] Finished. Latency: 94235 ms
2026-04-10 05:06:18 [INFO] [Rank 1] Finished. Latency: 94236 ms
2026-04-10 05:06:18 [INFO] [Rank 0] Finished. Latency: 94236 ms
2026-04-10 05:06:18 [INFO] [Rank 3] Finished. Latency: 94241 ms
2026-04-10 05:06:22 [INFO] Total latency:     94236 ms
2026-04-10 05:06:22 [INFO] Peak 5GB memory:   2670 MB
2026-04-10 05:06:22 [INFO] Avg  5GB memory:   1364 MB
2026-04-10 05:06:22 [INFO] [335/441] Split [29, 9, 2, 0] | Batch: 8 | Microbatch: 2 | Microbatches: 4
2026-04-10 05:06:22 [INFO] Loading WikiText... (SEQ_LEN=64, BATCH=8)
2026-04-10 05:06:36 [INFO] [Rank 3] Loading weights...
2026-04-10 05:06:38 [INFO] [Rank 3] Weights loaded.
2026-04-10 05:06:39 [INFO] [Rank 2] Loading weights...
2026-04-10 05:06:42 [INFO] [Rank 2] Weights loaded.
2026-04-10 05:07:06 [INFO] [Rank 1] Loading weights...
2026-04-10 05:07:12 [INFO] [Rank 1] Weights loaded.
2026-04-10 05:08:27 [INFO] [Rank 0] Loading weights...
2026-04-10 05:08:42 [INFO] [Rank 0] Weights loaded.
2026-04-10 05:11:44 [INFO] [Rank 2] Finished. Latency: 182364 ms
2026-04-10 05:11:44 [INFO] [Rank 1] Finished. Latency: 182364 ms
2026-04-10 05:11:44 [INFO] [Rank 0] Finished. Latency: 182364 ms
2026-04-10 05:11:44 [INFO] [Rank 3] Finished. Latency: 182369 ms
2026-04-10 05:11:48 [INFO] Total latency:     182364 ms
2026-04-10 05:11:48 [INFO] Peak 5GB memory:   3950 MB
2026-04-10 05:11:48 [INFO] Avg  5GB memory:   1390 MB
2026-04-10 05:11:48 [INFO] [336/441] Split [29, 9, 2, 0] | Batch: 16 | Microbatch: 8 | Microbatches: 2
2026-04-10 05:11:48 [INFO] Loading WikiText... (SEQ_LEN=64, BATCH=16)
2026-04-10 05:12:03 [INFO] [Rank 3] Loading weights...
2026-04-10 05:12:06 [INFO] [Rank 3] Weights loaded.
2026-04-10 05:12:06 [INFO] [Rank 2] Loading weights...
2026-04-10 05:12:09 [INFO] [Rank 2] Weights loaded.
2026-04-10 05:12:33 [INFO] [Rank 1] Loading weights...
2026-04-10 05:12:40 [INFO] [Rank 1] Weights loaded.
2026-04-10 05:13:55 [INFO] [Rank 0] Loading weights...
2026-04-10 05:14:10 [INFO] [Rank 0] Weights loaded.
2026-04-10 05:15:47 [INFO] [Rank 2] Finished. Latency: 97150 ms
2026-04-10 05:15:47 [INFO] [Rank 1] Finished. Latency: 97150 ms
2026-04-10 05:15:47 [INFO] [Rank 0] Finished. Latency: 97150 ms
2026-04-10 05:15:47 [INFO] [Rank 3] Finished. Latency: 97155 ms
2026-04-10 05:15:51 [INFO] Total latency:     97150 ms
2026-04-10 05:15:51 [INFO] Peak 5GB memory:   2670 MB
2026-04-10 05:15:51 [INFO] Avg  5GB memory:   1365 MB
2026-04-10 05:15:51 [INFO] [337/441] Split [29, 9, 2, 0] | Batch: 16 | Microbatch: 4 | Microbatches: 4
2026-04-10 05:15:51 [INFO] Loading WikiText... (SEQ_LEN=64, BATCH=16)
2026-04-10 05:16:06 [INFO] [Rank 3] Loading weights...
2026-04-10 05:16:09 [INFO] [Rank 3] Weights loaded.
2026-04-10 05:16:09 [INFO] [Rank 2] Loading weights...
2026-04-10 05:16:12 [INFO] [Rank 2] Weights loaded.
2026-04-10 05:16:36 [INFO] [Rank 1] Loading weights...
2026-04-10 05:16:43 [INFO] [Rank 1] Weights loaded.
2026-04-10 05:17:57 [INFO] [Rank 0] Loading weights...
2026-04-10 05:18:12 [INFO] [Rank 0] Weights loaded.
2026-04-10 05:21:18 [INFO] [Rank 2] Finished. Latency: 185957 ms
2026-04-10 05:21:18 [INFO] [Rank 1] Finished. Latency: 185957 ms
2026-04-10 05:21:18 [INFO] [Rank 0] Finished. Latency: 185957 ms
2026-04-10 05:21:18 [INFO] [Rank 3] Finished. Latency: 185963 ms
2026-04-10 05:21:22 [INFO] Total latency:     185957 ms
2026-04-10 05:21:22 [INFO] Peak 5GB memory:   3950 MB
2026-04-10 05:21:22 [INFO] Avg  5GB memory:   1388 MB
2026-04-10 05:21:22 [INFO] [338/441] Split [29, 9, 2, 0] | Batch: 16 | Microbatch: 2 | Microbatches: 8
2026-04-10 05:21:22 [INFO] Loading WikiText... (SEQ_LEN=64, BATCH=16)
2026-04-10 05:21:37 [INFO] [Rank 3] Loading weights...
2026-04-10 05:21:39 [INFO] [Rank 3] Weights loaded.
2026-04-10 05:21:40 [INFO] [Rank 2] Loading weights...
2026-04-10 05:21:43 [INFO] [Rank 2] Weights loaded.
2026-04-10 05:22:07 [INFO] [Rank 1] Loading weights...
2026-04-10 05:22:14 [INFO] [Rank 1] Weights loaded.
2026-04-10 05:23:28 [INFO] [Rank 0] Loading weights...
2026-04-10 05:23:43 [INFO] [Rank 0] Weights loaded.
2026-04-10 05:29:46 [INFO] [Rank 2] Finished. Latency: 362612 ms
2026-04-10 05:29:46 [INFO] [Rank 1] Finished. Latency: 362612 ms
2026-04-10 05:29:46 [INFO] [Rank 0] Finished. Latency: 362612 ms
2026-04-10 05:29:46 [INFO] [Rank 3] Finished. Latency: 362617 ms
2026-04-10 05:29:50 [INFO] Total latency:     362612 ms
2026-04-10 05:29:50 [INFO] Peak 5GB memory:   2670 MB
2026-04-10 05:29:50 [INFO] Avg  5GB memory:   1407 MB
2026-04-10 05:29:50 [INFO] [339/441] Split [29, 9, 2, 0] | Batch: 32 | Microbatch: 16 | Microbatches: 2
2026-04-10 05:29:50 [INFO] Loading WikiText... (SEQ_LEN=64, BATCH=32)
2026-04-10 05:30:04 [INFO] [Rank 3] Loading weights...
2026-04-10 05:30:07 [INFO] [Rank 3] Weights loaded.
2026-04-10 05:30:07 [INFO] [Rank 2] Loading weights...
2026-04-10 05:30:10 [INFO] [Rank 2] Weights loaded.
2026-04-10 05:30:34 [INFO] [Rank 1] Loading weights...
2026-04-10 05:30:41 [INFO] [Rank 1] Weights loaded.
2026-04-10 05:31:56 [INFO] [Rank 0] Loading weights...
2026-04-10 05:32:11 [INFO] [Rank 0] Weights loaded.
2026-04-10 05:33:54 [INFO] [Rank 1] Finished. Latency: 103654 ms
2026-04-10 05:33:54 [INFO] [Rank 2] Finished. Latency: 103654 ms
2026-04-10 05:33:54 [INFO] [Rank 0] Finished. Latency: 103654 ms
2026-04-10 05:33:54 [INFO] [Rank 3] Finished. Latency: 103659 ms
2026-04-10 05:33:58 [INFO] Total latency:     103654 ms
2026-04-10 05:33:58 [INFO] Peak 5GB memory:   3950 MB
2026-04-10 05:33:58 [INFO] Avg  5GB memory:   1393 MB
2026-04-10 05:33:58 [INFO] [340/441] Split [29, 9, 2, 0] | Batch: 32 | Microbatch: 8 | Microbatches: 4
2026-04-10 05:33:58 [INFO] Loading WikiText... (SEQ_LEN=64, BATCH=32)
2026-04-10 05:34:13 [INFO] [Rank 3] Loading weights...
2026-04-10 05:34:15 [INFO] [Rank 3] Weights loaded.
2026-04-10 05:34:16 [INFO] [Rank 2] Loading weights...
2026-04-10 05:34:19 [INFO] [Rank 2] Weights loaded.
2026-04-10 05:34:43 [INFO] [Rank 1] Loading weights...
2026-04-10 05:34:50 [INFO] [Rank 1] Weights loaded.
2026-04-10 05:36:04 [INFO] [Rank 0] Loading weights...
2026-04-10 05:36:19 [INFO] [Rank 0] Weights loaded.
2026-04-10 05:39:31 [INFO] [Rank 2] Finished. Latency: 192374 ms
2026-04-10 05:39:31 [INFO] [Rank 1] Finished. Latency: 192374 ms
2026-04-10 05:39:31 [INFO] [Rank 0] Finished. Latency: 192374 ms
2026-04-10 05:39:31 [INFO] [Rank 3] Finished. Latency: 192379 ms
2026-04-10 05:39:35 [INFO] Total latency:     192374 ms
2026-04-10 05:39:35 [INFO] Peak 5GB memory:   3950 MB
2026-04-10 05:39:35 [INFO] Avg  5GB memory:   1401 MB
2026-04-10 05:39:35 [INFO] [341/441] Split [29, 9, 2, 0] | Batch: 32 | Microbatch: 4 | Microbatches: 8
2026-04-10 05:39:35 [INFO] Loading WikiText... (SEQ_LEN=64, BATCH=32)
2026-04-10 05:39:38 [WARNING] '('Connection broken: IncompleteRead(0 bytes read, 65536 more expected)', IncompleteRead(0 bytes read, 65536 more expected))' thrown while requesting GET https://huggingface.co/datasets/wikitext/resolve/b08601e04326c79dfdd32d625aee71d232d685c3/wikitext-2-raw-v1/test-00000-of-00001.parquet
2026-04-10 05:39:38 [WARNING] Retrying in 1s [Retry 1/5].
2026-04-10 05:39:40 [WARNING] '('Connection broken: IncompleteRead(0 bytes read, 65536 more expected)', IncompleteRead(0 bytes read, 65536 more expected))' thrown while requesting GET https://huggingface.co/datasets/wikitext/resolve/b08601e04326c79dfdd32d625aee71d232d685c3/wikitext-2-raw-v1/test-00000-of-00001.parquet
2026-04-10 05:39:40 [WARNING] Retrying in 2s [Retry 2/5].
2026-04-10 05:39:55 [INFO] [Rank 3] Loading weights...
2026-04-10 05:39:57 [INFO] [Rank 3] Weights loaded.
2026-04-10 05:39:58 [INFO] [Rank 2] Loading weights...
2026-04-10 05:40:01 [INFO] [Rank 2] Weights loaded.
2026-04-10 05:40:25 [INFO] [Rank 1] Loading weights...
2026-04-10 05:40:31 [INFO] [Rank 1] Weights loaded.
2026-04-10 05:41:47 [INFO] [Rank 0] Loading weights...
2026-04-10 05:42:02 [INFO] [Rank 0] Weights loaded.
2026-04-10 05:48:12 [INFO] [Rank 2] Finished. Latency: 369659 ms
2026-04-10 05:48:12 [INFO] [Rank 1] Finished. Latency: 369659 ms
2026-04-10 05:48:12 [INFO] [Rank 0] Finished. Latency: 369659 ms
2026-04-10 05:48:12 [INFO] [Rank 3] Finished. Latency: 369664 ms
2026-04-10 05:48:16 [INFO] Total latency:     369659 ms
2026-04-10 05:48:16 [INFO] Peak 5GB memory:   3950 MB
2026-04-10 05:48:16 [INFO] Avg  5GB memory:   1425 MB
2026-04-10 05:48:16 [INFO] [342/441] Split [29, 9, 2, 0] | Batch: 32 | Microbatch: 2 | Microbatches: 16
2026-04-10 05:48:16 [INFO] Loading WikiText... (SEQ_LEN=64, BATCH=32)
2026-04-10 05:48:31 [INFO] [Rank 3] Loading weights...
2026-04-10 05:48:33 [INFO] [Rank 3] Weights loaded.
2026-04-10 05:48:34 [INFO] [Rank 2] Loading weights...
2026-04-10 05:48:37 [INFO] [Rank 2] Weights loaded.
2026-04-10 05:49:01 [INFO] [Rank 1] Loading weights...
2026-04-10 05:49:08 [INFO] [Rank 1] Weights loaded.
2026-04-10 05:50:22 [INFO] [Rank 0] Loading weights...
2026-04-10 05:50:36 [INFO] [Rank 0] Weights loaded.
2026-04-10 06:02:38 [INFO] [Rank 2] Finished. Latency: 722036 ms
2026-04-10 06:02:38 [INFO] [Rank 1] Finished. Latency: 722036 ms
2026-04-10 06:02:38 [INFO] [Rank 0] Finished. Latency: 722036 ms
2026-04-10 06:02:38 [INFO] [Rank 3] Finished. Latency: 722041 ms
2026-04-10 06:02:42 [INFO] Total latency:     722036 ms
2026-04-10 06:02:42 [INFO] Peak 5GB memory:   3950 MB
2026-04-10 06:02:42 [INFO] Avg  5GB memory:   1423 MB
2026-04-10 06:02:42 [INFO] [343/441] Split [29, 10, 1, 0] | Batch: 8 | Microbatch: 4 | Microbatches: 2
2026-04-10 06:02:42 [INFO] Loading WikiText... (SEQ_LEN=64, BATCH=8)
2026-04-10 06:02:56 [INFO] [Rank 2] Loading weights...
2026-04-10 06:02:57 [INFO] [Rank 3] Loading weights...
2026-04-10 06:02:59 [INFO] [Rank 2] Weights loaded.
2026-04-10 06:03:00 [INFO] [Rank 3] Weights loaded.
2026-04-10 06:03:31 [INFO] [Rank 1] Loading weights...
2026-04-10 06:03:38 [INFO] [Rank 1] Weights loaded.
2026-04-10 06:04:50 [INFO] [Rank 0] Loading weights...
2026-04-10 06:05:04 [INFO] [Rank 0] Weights loaded.
2026-04-10 06:06:36 [INFO] [Rank 1] Finished. Latency: 91700 ms
2026-04-10 06:06:36 [INFO] [Rank 2] Finished. Latency: 91700 ms
2026-04-10 06:06:36 [INFO] [Rank 0] Finished. Latency: 91700 ms
2026-04-10 06:06:36 [INFO] [Rank 3] Finished. Latency: 91705 ms
2026-04-10 06:06:40 [INFO] Total latency:     91700 ms
2026-04-10 06:06:40 [INFO] Peak 5GB memory:   3950 MB
2026-04-10 06:06:40 [INFO] Avg  5GB memory:   1363 MB
2026-04-10 06:06:40 [INFO] [344/441] Split [29, 10, 1, 0] | Batch: 8 | Microbatch: 2 | Microbatches: 4
2026-04-10 06:06:40 [INFO] Loading WikiText... (SEQ_LEN=64, BATCH=8)
2026-04-10 06:06:53 [INFO] [Rank 2] Loading weights...
2026-04-10 06:06:54 [INFO] [Rank 3] Loading weights...
2026-04-10 06:06:56 [INFO] [Rank 2] Weights loaded.
2026-04-10 06:06:57 [INFO] [Rank 3] Weights loaded.
2026-04-10 06:07:28 [INFO] [Rank 1] Loading weights...
2026-04-10 06:07:36 [INFO] [Rank 1] Weights loaded.
2026-04-10 06:08:46 [INFO] [Rank 0] Loading weights...
2026-04-10 06:09:00 [INFO] [Rank 0] Weights loaded.
2026-04-10 06:11:58 [INFO] [Rank 2] Finished. Latency: 177608 ms
2026-04-10 06:11:58 [INFO] [Rank 1] Finished. Latency: 177608 ms
2026-04-10 06:11:58 [INFO] [Rank 0] Finished. Latency: 177608 ms
2026-04-10 06:11:58 [INFO] [Rank 3] Finished. Latency: 177613 ms
2026-04-10 06:12:02 [INFO] Total latency:     177608 ms
2026-04-10 06:12:02 [INFO] Peak 5GB memory:   3950 MB
2026-04-10 06:12:02 [INFO] Avg  5GB memory:   1385 MB
2026-04-10 06:12:02 [INFO] [345/441] Split [29, 10, 1, 0] | Batch: 16 | Microbatch: 8 | Microbatches: 2
2026-04-10 06:12:02 [INFO] Loading WikiText... (SEQ_LEN=64, BATCH=16)
2026-04-10 06:12:16 [INFO] [Rank 2] Loading weights...
2026-04-10 06:12:17 [INFO] [Rank 3] Loading weights...
2026-04-10 06:12:18 [INFO] [Rank 2] Weights loaded.
2026-04-10 06:12:19 [INFO] [Rank 3] Weights loaded.
2026-04-10 06:12:51 [INFO] [Rank 1] Loading weights...
2026-04-10 06:12:58 [INFO] [Rank 1] Weights loaded.
2026-04-10 06:14:09 [INFO] [Rank 0] Loading weights...
2026-04-10 06:14:23 [INFO] [Rank 0] Weights loaded.
2026-04-10 06:15:58 [INFO] [Rank 2] Finished. Latency: 94561 ms
2026-04-10 06:15:58 [INFO] [Rank 1] Finished. Latency: 94561 ms
2026-04-10 06:15:58 [INFO] [Rank 0] Finished. Latency: 94561 ms
2026-04-10 06:15:58 [INFO] [Rank 3] Finished. Latency: 94566 ms
2026-04-10 06:16:02 [INFO] Total latency:     94561 ms
2026-04-10 06:16:02 [INFO] Peak 5GB memory:   2670 MB
2026-04-10 06:16:02 [INFO] Avg  5GB memory:   1362 MB
2026-04-10 06:16:02 [INFO] [346/441] Split [29, 10, 1, 0] | Batch: 16 | Microbatch: 4 | Microbatches: 4
2026-04-10 06:16:02 [INFO] Loading WikiText... (SEQ_LEN=64, BATCH=16)
2026-04-10 06:16:05 [WARNING] '('Connection broken: IncompleteRead(0 bytes read, 732606 more expected)', IncompleteRead(0 bytes read, 732606 more expected))' thrown while requesting GET https://huggingface.co/datasets/wikitext/resolve/b08601e04326c79dfdd32d625aee71d232d685c3/wikitext-2-raw-v1/test-00000-of-00001.parquet
2026-04-10 06:16:05 [WARNING] Retrying in 1s [Retry 1/5].
2026-04-10 06:16:18 [INFO] [Rank 2] Loading weights...
2026-04-10 06:16:19 [INFO] [Rank 3] Loading weights...
2026-04-10 06:16:20 [INFO] [Rank 2] Weights loaded.
2026-04-10 06:16:21 [INFO] [Rank 3] Weights loaded.
2026-04-10 06:16:53 [INFO] [Rank 1] Loading weights...
2026-04-10 06:17:00 [INFO] [Rank 1] Weights loaded.
2026-04-10 06:18:10 [INFO] [Rank 0] Loading weights...
2026-04-10 06:18:24 [INFO] [Rank 0] Weights loaded.
2026-04-10 06:21:26 [INFO] [Rank 1] Finished. Latency: 180972 ms
2026-04-10 06:21:26 [INFO] [Rank 2] Finished. Latency: 180972 ms
2026-04-10 06:21:26 [INFO] [Rank 0] Finished. Latency: 180972 ms
2026-04-10 06:21:26 [INFO] [Rank 3] Finished. Latency: 180978 ms
2026-04-10 06:21:30 [INFO] Total latency:     180972 ms
2026-04-10 06:21:30 [INFO] Peak 5GB memory:   3950 MB
2026-04-10 06:21:30 [INFO] Avg  5GB memory:   1386 MB
2026-04-10 06:21:30 [INFO] [347/441] Split [29, 10, 1, 0] | Batch: 16 | Microbatch: 2 | Microbatches: 8
2026-04-10 06:21:30 [INFO] Loading WikiText... (SEQ_LEN=64, BATCH=16)
2026-04-10 06:21:33 [WARNING] '('Connection broken: IncompleteRead(0 bytes read, 732606 more expected)', IncompleteRead(0 bytes read, 732606 more expected))' thrown while requesting GET https://huggingface.co/datasets/wikitext/resolve/b08601e04326c79dfdd32d625aee71d232d685c3/wikitext-2-raw-v1/test-00000-of-00001.parquet
2026-04-10 06:21:33 [WARNING] Retrying in 1s [Retry 1/5].
2026-04-10 06:21:35 [WARNING] '('Connection broken: IncompleteRead(0 bytes read, 732606 more expected)', IncompleteRead(0 bytes read, 732606 more expected))' thrown while requesting GET https://huggingface.co/datasets/wikitext/resolve/b08601e04326c79dfdd32d625aee71d232d685c3/wikitext-2-raw-v1/test-00000-of-00001.parquet
2026-04-10 06:21:35 [WARNING] Retrying in 2s [Retry 2/5].
2026-04-10 06:21:49 [INFO] [Rank 2] Loading weights...
2026-04-10 06:21:50 [INFO] [Rank 3] Loading weights...
2026-04-10 06:21:51 [INFO] [Rank 2] Weights loaded.
2026-04-10 06:21:52 [INFO] [Rank 3] Weights loaded.
2026-04-10 06:22:24 [INFO] [Rank 1] Loading weights...
2026-04-10 06:22:31 [INFO] [Rank 1] Weights loaded.
2026-04-10 06:23:42 [INFO] [Rank 0] Loading weights...
2026-04-10 06:23:56 [INFO] [Rank 0] Weights loaded.
2026-04-10 06:29:49 [INFO] [Rank 1] Finished. Latency: 352678 ms
2026-04-10 06:29:49 [INFO] [Rank 0] Finished. Latency: 352678 ms
2026-04-10 06:29:49 [INFO] [Rank 2] Finished. Latency: 352678 ms
2026-04-10 06:29:49 [INFO] [Rank 3] Finished. Latency: 352683 ms
2026-04-10 06:29:53 [INFO] Total latency:     352678 ms
2026-04-10 06:29:53 [INFO] Peak 5GB memory:   2670 MB
2026-04-10 06:29:53 [INFO] Avg  5GB memory:   1405 MB
2026-04-10 06:29:53 [INFO] [348/441] Split [29, 10, 1, 0] | Batch: 32 | Microbatch: 16 | Microbatches: 2
2026-04-10 06:29:53 [INFO] Loading WikiText... (SEQ_LEN=64, BATCH=32)
2026-04-10 06:30:07 [INFO] [Rank 2] Loading weights...
2026-04-10 06:30:08 [INFO] [Rank 3] Loading weights...
2026-04-10 06:30:09 [INFO] [Rank 2] Weights loaded.
2026-04-10 06:30:11 [INFO] [Rank 3] Weights loaded.
2026-04-10 06:30:42 [INFO] [Rank 1] Loading weights...
2026-04-10 06:30:49 [INFO] [Rank 1] Weights loaded.
2026-04-10 06:31:59 [INFO] [Rank 0] Loading weights...
2026-04-10 06:32:14 [INFO] [Rank 0] Weights loaded.
2026-04-10 06:33:55 [INFO] [Rank 1] Finished. Latency: 100851 ms
2026-04-10 06:33:55 [INFO] [Rank 2] Finished. Latency: 100851 ms
2026-04-10 06:33:55 [INFO] [Rank 0] Finished. Latency: 100851 ms
2026-04-10 06:33:55 [INFO] [Rank 3] Finished. Latency: 100856 ms
2026-04-10 06:33:59 [INFO] Total latency:     100851 ms
2026-04-10 06:33:59 [INFO] Peak 5GB memory:   2670 MB
2026-04-10 06:33:59 [INFO] Avg  5GB memory:   1386 MB
2026-04-10 06:33:59 [INFO] [349/441] Split [29, 10, 1, 0] | Batch: 32 | Microbatch: 8 | Microbatches: 4
2026-04-10 06:33:59 [INFO] Loading WikiText... (SEQ_LEN=64, BATCH=32)
2026-04-10 06:34:13 [INFO] [Rank 2] Loading weights...
2026-04-10 06:34:14 [INFO] [Rank 3] Loading weights...
2026-04-10 06:34:15 [INFO] [Rank 2] Weights loaded.
2026-04-10 06:34:17 [INFO] [Rank 3] Weights loaded.
2026-04-10 06:34:49 [INFO] [Rank 1] Loading weights...
2026-04-10 06:34:56 [INFO] [Rank 1] Weights loaded.
2026-04-10 06:36:05 [INFO] [Rank 0] Loading weights...
2026-04-10 06:36:20 [INFO] [Rank 0] Weights loaded.
2026-04-10 06:39:27 [INFO] [Rank 2] Finished. Latency: 186869 ms
2026-04-10 06:39:27 [INFO] [Rank 1] Finished. Latency: 186869 ms
2026-04-10 06:39:27 [INFO] [Rank 0] Finished. Latency: 186869 ms
2026-04-10 06:39:27 [INFO] [Rank 3] Finished. Latency: 186874 ms
2026-04-10 06:39:31 [INFO] Total latency:     186869 ms
2026-04-10 06:39:31 [INFO] Peak 5GB memory:   3950 MB
2026-04-10 06:39:31 [INFO] Avg  5GB memory:   1396 MB
2026-04-10 06:39:31 [INFO] [350/441] Split [29, 10, 1, 0] | Batch: 32 | Microbatch: 4 | Microbatches: 8
2026-04-10 06:39:31 [INFO] Loading WikiText... (SEQ_LEN=64, BATCH=32)
2026-04-10 06:39:33 [WARNING] '('Connection broken: IncompleteRead(0 bytes read, 65536 more expected)', IncompleteRead(0 bytes read, 65536 more expected))' thrown while requesting GET https://huggingface.co/datasets/wikitext/resolve/b08601e04326c79dfdd32d625aee71d232d685c3/wikitext-2-raw-v1/test-00000-of-00001.parquet
2026-04-10 06:39:33 [WARNING] Retrying in 1s [Retry 1/5].
2026-04-10 06:39:46 [INFO] [Rank 2] Loading weights...
2026-04-10 06:39:47 [INFO] [Rank 3] Loading weights...
2026-04-10 06:39:48 [INFO] [Rank 2] Weights loaded.
2026-04-10 06:39:50 [INFO] [Rank 3] Weights loaded.
2026-04-10 06:40:21 [INFO] [Rank 1] Loading weights...
2026-04-10 06:40:28 [INFO] [Rank 1] Weights loaded.
2026-04-10 06:41:39 [INFO] [Rank 0] Loading weights...
2026-04-10 06:41:53 [INFO] [Rank 0] Weights loaded.
2026-04-10 06:47:53 [INFO] [Rank 2] Finished. Latency: 359643 ms
2026-04-10 06:47:53 [INFO] [Rank 1] Finished. Latency: 359643 ms
2026-04-10 06:47:53 [INFO] [Rank 0] Finished. Latency: 359643 ms
2026-04-10 06:47:53 [INFO] [Rank 3] Finished. Latency: 359648 ms
2026-04-10 06:47:57 [INFO] Total latency:     359643 ms
2026-04-10 06:47:57 [INFO] Peak 5GB memory:   2670 MB
2026-04-10 06:47:57 [INFO] Avg  5GB memory:   1423 MB
2026-04-10 06:47:57 [INFO] [351/441] Split [29, 10, 1, 0] | Batch: 32 | Microbatch: 2 | Microbatches: 16
2026-04-10 06:47:57 [INFO] Loading WikiText... (SEQ_LEN=64, BATCH=32)
2026-04-10 06:48:11 [INFO] [Rank 2] Loading weights...
2026-04-10 06:48:12 [INFO] [Rank 3] Loading weights...
2026-04-10 06:48:14 [INFO] [Rank 2] Weights loaded.
2026-04-10 06:48:15 [INFO] [Rank 3] Weights loaded.
2026-04-10 06:48:46 [INFO] [Rank 1] Loading weights...
2026-04-10 06:48:53 [INFO] [Rank 1] Weights loaded.
2026-04-10 06:50:04 [INFO] [Rank 0] Loading weights...
2026-04-10 06:50:18 [INFO] [Rank 0] Weights loaded.
2026-04-10 07:02:01 [INFO] [Rank 2] Finished. Latency: 702970 ms
2026-04-10 07:02:01 [INFO] [Rank 1] Finished. Latency: 702970 ms
2026-04-10 07:02:01 [INFO] [Rank 0] Finished. Latency: 702970 ms
2026-04-10 07:02:01 [INFO] [Rank 3] Finished. Latency: 702975 ms
2026-04-10 07:02:05 [INFO] Total latency:     702970 ms
2026-04-10 07:02:05 [INFO] Peak 5GB memory:   2670 MB
2026-04-10 07:02:05 [INFO] Avg  5GB memory:   1423 MB
2026-04-10 07:02:05 [INFO] [352/441] Split [30, 5, 3, 2] | Batch: 8 | Microbatch: 4 | Microbatches: 2
2026-04-10 07:02:05 [INFO] Loading WikiText... (SEQ_LEN=64, BATCH=8)
2026-04-10 07:02:27 [INFO] [Rank 2] Loading weights...
2026-04-10 07:02:28 [INFO] [Rank 3] Loading weights...
2026-04-10 07:02:30 [INFO] [Rank 2] Weights loaded.
2026-04-10 07:02:31 [INFO] [Rank 3] Weights loaded.
2026-04-10 07:02:35 [INFO] [Rank 1] Loading weights...
2026-04-10 07:02:39 [INFO] [Rank 1] Weights loaded.
2026-04-10 07:04:15 [INFO] [Rank 0] Loading weights...
2026-04-10 07:04:30 [INFO] [Rank 0] Weights loaded.
2026-04-10 07:06:11 [INFO] [Rank 2] Finished. Latency: 100621 ms
2026-04-10 07:06:11 [INFO] [Rank 0] Finished. Latency: 100621 ms
2026-04-10 07:06:11 [INFO] [Rank 1] Finished. Latency: 100621 ms
2026-04-10 07:06:11 [INFO] [Rank 3] Finished. Latency: 100635 ms
2026-04-10 07:06:15 [INFO] Total latency:     100621 ms
2026-04-10 07:06:15 [INFO] Peak 5GB memory:   4790 MB
2026-04-10 07:06:15 [INFO] Avg  5GB memory:   3362 MB
2026-04-10 07:06:15 [INFO] [353/441] Split [30, 5, 3, 2] | Batch: 8 | Microbatch: 2 | Microbatches: 4
2026-04-10 07:06:15 [INFO] Loading WikiText... (SEQ_LEN=64, BATCH=8)
2026-04-10 07:06:36 [INFO] [Rank 2] Loading weights...
2026-04-10 07:06:37 [INFO] [Rank 3] Loading weights...
2026-04-10 07:06:40 [INFO] [Rank 2] Weights loaded.
2026-04-10 07:06:41 [INFO] [Rank 3] Weights loaded.
2026-04-10 07:06:45 [INFO] [Rank 1] Loading weights...
2026-04-10 07:06:49 [INFO] [Rank 1] Weights loaded.
2026-04-10 07:08:24 [INFO] [Rank 0] Loading weights...
2026-04-10 07:08:39 [INFO] [Rank 0] Weights loaded.
2026-04-10 07:11:54 [INFO] [Rank 1] Finished. Latency: 194953 ms
2026-04-10 07:11:54 [INFO] [Rank 2] Finished. Latency: 194953 ms
2026-04-10 07:11:54 [INFO] [Rank 0] Finished. Latency: 194953 ms
2026-04-10 07:11:55 [INFO] [Rank 3] Finished. Latency: 194966 ms
2026-04-10 07:11:58 [INFO] Total latency:     194953 ms
2026-04-10 07:11:58 [INFO] Peak 5GB memory:   4790 MB
2026-04-10 07:11:58 [INFO] Avg  5GB memory:   3418 MB
2026-04-10 07:11:59 [INFO] [354/441] Split [30, 5, 3, 2] | Batch: 16 | Microbatch: 8 | Microbatches: 2
2026-04-10 07:11:59 [INFO] Loading WikiText... (SEQ_LEN=64, BATCH=16)
2026-04-10 07:12:20 [INFO] [Rank 2] Loading weights...
2026-04-10 07:12:21 [INFO] [Rank 3] Loading weights...
2026-04-10 07:12:24 [INFO] [Rank 2] Weights loaded.
2026-04-10 07:12:25 [INFO] [Rank 3] Weights loaded.
2026-04-10 07:12:29 [INFO] [Rank 1] Loading weights...
2026-04-10 07:12:33 [INFO] [Rank 1] Weights loaded.
2026-04-10 07:14:09 [INFO] [Rank 0] Loading weights...
2026-04-10 07:14:23 [INFO] [Rank 0] Weights loaded.
2026-04-10 07:16:07 [INFO] [Rank 2] Finished. Latency: 103820 ms
2026-04-10 07:16:07 [INFO] [Rank 1] Finished. Latency: 103820 ms
2026-04-10 07:16:07 [INFO] [Rank 0] Finished. Latency: 103820 ms
2026-04-10 07:16:07 [INFO] [Rank 3] Finished. Latency: 103834 ms
2026-04-10 07:16:11 [INFO] Total latency:     103820 ms
2026-04-10 07:16:11 [INFO] Peak 5GB memory:   4790 MB
2026-04-10 07:16:11 [INFO] Avg  5GB memory:   3385 MB
2026-04-10 07:16:11 [INFO] [355/441] Split [30, 5, 3, 2] | Batch: 16 | Microbatch: 4 | Microbatches: 4
2026-04-10 07:16:11 [INFO] Loading WikiText... (SEQ_LEN=64, BATCH=16)
2026-04-10 07:16:33 [INFO] [Rank 2] Loading weights...
2026-04-10 07:16:34 [INFO] [Rank 3] Loading weights...
2026-04-10 07:16:37 [INFO] [Rank 2] Weights loaded.
2026-04-10 07:16:37 [INFO] [Rank 3] Weights loaded.
2026-04-10 07:16:41 [INFO] [Rank 1] Loading weights...
2026-04-10 07:16:45 [INFO] [Rank 1] Weights loaded.
2026-04-10 07:18:21 [INFO] [Rank 0] Loading weights...
2026-04-10 07:18:36 [INFO] [Rank 0] Weights loaded.
2026-04-10 07:21:55 [INFO] [Rank 2] Finished. Latency: 198994 ms
2026-04-10 07:21:55 [INFO] [Rank 1] Finished. Latency: 198994 ms
2026-04-10 07:21:55 [INFO] [Rank 0] Finished. Latency: 198994 ms
2026-04-10 07:21:55 [INFO] [Rank 3] Finished. Latency: 199008 ms
2026-04-10 07:21:59 [INFO] Total latency:     198994 ms
2026-04-10 07:21:59 [INFO] Peak 5GB memory:   4790 MB
2026-04-10 07:21:59 [INFO] Avg  5GB memory:   3439 MB
2026-04-10 07:21:59 [INFO] [356/441] Split [30, 5, 3, 2] | Batch: 16 | Microbatch: 2 | Microbatches: 8
2026-04-10 07:21:59 [INFO] Loading WikiText... (SEQ_LEN=64, BATCH=16)
2026-04-10 07:22:20 [INFO] [Rank 2] Loading weights...
2026-04-10 07:22:21 [INFO] [Rank 3] Loading weights...
2026-04-10 07:22:24 [INFO] [Rank 2] Weights loaded.
2026-04-10 07:22:25 [INFO] [Rank 3] Weights loaded.
2026-04-10 07:22:28 [INFO] [Rank 1] Loading weights...
2026-04-10 07:22:33 [INFO] [Rank 1] Weights loaded.
2026-04-10 07:24:08 [INFO] [Rank 0] Loading weights...
2026-04-10 07:24:23 [INFO] [Rank 0] Weights loaded.
2026-04-10 07:30:51 [INFO] [Rank 1] Finished. Latency: 387365 ms
2026-04-10 07:30:51 [INFO] [Rank 0] Finished. Latency: 387365 ms
2026-04-10 07:30:51 [INFO] [Rank 2] Finished. Latency: 387365 ms
2026-04-10 07:30:51 [INFO] [Rank 3] Finished. Latency: 387378 ms
2026-04-10 07:30:55 [INFO] Total latency:     387365 ms
2026-04-10 07:30:55 [INFO] Peak 5GB memory:   6070 MB
2026-04-10 07:30:55 [INFO] Avg  5GB memory:   3515 MB
2026-04-10 07:30:55 [INFO] [357/441] Split [30, 5, 3, 2] | Batch: 32 | Microbatch: 16 | Microbatches: 2
2026-04-10 07:30:55 [INFO] Loading WikiText... (SEQ_LEN=64, BATCH=32)
2026-04-10 07:31:16 [INFO] [Rank 2] Loading weights...
2026-04-10 07:31:17 [INFO] [Rank 3] Loading weights...
2026-04-10 07:31:20 [INFO] [Rank 2] Weights loaded.
2026-04-10 07:31:21 [INFO] [Rank 3] Weights loaded.
2026-04-10 07:31:25 [INFO] [Rank 1] Loading weights...
2026-04-10 07:31:29 [INFO] [Rank 1] Weights loaded.
2026-04-10 07:33:05 [INFO] [Rank 0] Loading weights...
2026-04-10 07:33:19 [INFO] [Rank 0] Weights loaded.
2026-04-10 07:35:10 [INFO] [Rank 0] Finished. Latency: 110705 ms
2026-04-10 07:35:10 [INFO] [Rank 2] Finished. Latency: 110705 ms
2026-04-10 07:35:10 [INFO] [Rank 1] Finished. Latency: 110705 ms
2026-04-10 07:35:10 [INFO] [Rank 3] Finished. Latency: 110720 ms
2026-04-10 07:35:14 [INFO] Total latency:     110705 ms
2026-04-10 07:35:14 [INFO] Peak 5GB memory:   4790 MB
2026-04-10 07:35:14 [INFO] Avg  5GB memory:   3487 MB
2026-04-10 07:35:14 [INFO] [358/441] Split [30, 5, 3, 2] | Batch: 32 | Microbatch: 8 | Microbatches: 4
2026-04-10 07:35:14 [INFO] Loading WikiText... (SEQ_LEN=64, BATCH=32)
2026-04-10 07:35:36 [INFO] [Rank 2] Loading weights...
2026-04-10 07:35:37 [INFO] [Rank 3] Loading weights...
2026-04-10 07:35:40 [INFO] [Rank 2] Weights loaded.
2026-04-10 07:35:41 [INFO] [Rank 3] Weights loaded.
2026-04-10 07:35:44 [INFO] [Rank 1] Loading weights...
2026-04-10 07:35:49 [INFO] [Rank 1] Weights loaded.
2026-04-10 07:37:25 [INFO] [Rank 0] Loading weights...
2026-04-10 07:37:40 [INFO] [Rank 0] Weights loaded.
2026-04-10 07:41:05 [INFO] [Rank 2] Finished. Latency: 205468 ms
2026-04-10 07:41:05 [INFO] [Rank 1] Finished. Latency: 205468 ms
2026-04-10 07:41:05 [INFO] [Rank 0] Finished. Latency: 205468 ms
2026-04-10 07:41:06 [INFO] [Rank 3] Finished. Latency: 205482 ms
2026-04-10 07:41:10 [INFO] Total latency:     205468 ms
2026-04-10 07:41:10 [INFO] Peak 5GB memory:   6070 MB
2026-04-10 07:41:10 [INFO] Avg  5GB memory:   3508 MB
2026-04-10 07:41:10 [INFO] [359/441] Split [30, 5, 3, 2] | Batch: 32 | Microbatch: 4 | Microbatches: 8
2026-04-10 07:41:10 [INFO] Loading WikiText... (SEQ_LEN=64, BATCH=32)
2026-04-10 07:41:31 [INFO] [Rank 2] Loading weights...
2026-04-10 07:41:32 [INFO] [Rank 3] Loading weights...
2026-04-10 07:41:35 [INFO] [Rank 2] Weights loaded.
2026-04-10 07:41:36 [INFO] [Rank 3] Weights loaded.
2026-04-10 07:41:40 [INFO] [Rank 1] Loading weights...
2026-04-10 07:41:44 [INFO] [Rank 1] Weights loaded.
2026-04-10 07:43:19 [INFO] [Rank 0] Loading weights...
2026-04-10 07:43:35 [INFO] [Rank 0] Weights loaded.
2026-04-10 07:50:10 [INFO] [Rank 2] Finished. Latency: 395230 ms
2026-04-10 07:50:10 [INFO] [Rank 1] Finished. Latency: 395230 ms
2026-04-10 07:50:10 [INFO] [Rank 0] Finished. Latency: 395230 ms
2026-04-10 07:50:10 [INFO] [Rank 3] Finished. Latency: 395244 ms
2026-04-10 07:50:14 [INFO] Total latency:     395230 ms
2026-04-10 07:50:14 [INFO] Peak 5GB memory:   4790 MB
2026-04-10 07:50:14 [INFO] Avg  5GB memory:   3563 MB
2026-04-10 07:50:14 [INFO] [360/441] Split [30, 5, 3, 2] | Batch: 32 | Microbatch: 2 | Microbatches: 16
2026-04-10 07:50:14 [INFO] Loading WikiText... (SEQ_LEN=64, BATCH=32)
2026-04-10 07:50:36 [INFO] [Rank 2] Loading weights...
2026-04-10 07:50:37 [INFO] [Rank 3] Loading weights...
2026-04-10 07:50:40 [INFO] [Rank 2] Weights loaded.
2026-04-10 07:50:41 [INFO] [Rank 3] Weights loaded.
2026-04-10 07:50:44 [INFO] [Rank 1] Loading weights...
2026-04-10 07:50:49 [INFO] [Rank 1] Weights loaded.
2026-04-10 07:52:25 [INFO] [Rank 0] Loading weights...
2026-04-10 07:52:40 [INFO] [Rank 0] Weights loaded.
2026-04-10 08:05:35 [INFO] [Rank 2] Finished. Latency: 775190 ms
2026-04-10 08:05:35 [INFO] [Rank 1] Finished. Latency: 775190 ms
2026-04-10 08:05:35 [INFO] [Rank 0] Finished. Latency: 775190 ms
2026-04-10 08:05:35 [INFO] [Rank 3] Finished. Latency: 775203 ms
2026-04-10 08:05:39 [INFO] Total latency:     775190 ms
2026-04-10 08:05:39 [INFO] Peak 5GB memory:   6070 MB
2026-04-10 08:05:39 [INFO] Avg  5GB memory:   3629 MB
2026-04-10 08:05:39 [INFO] [361/441] Split [30, 5, 4, 1] | Batch: 8 | Microbatch: 4 | Microbatches: 2
2026-04-10 08:05:39 [INFO] Loading WikiText... (SEQ_LEN=64, BATCH=8)
2026-04-10 08:05:58 [INFO] [Rank 3] Loading weights...
2026-04-10 08:06:02 [INFO] [Rank 3] Weights loaded.
2026-04-10 08:06:06 [INFO] [Rank 2] Loading weights...
2026-04-10 08:06:10 [INFO] [Rank 1] Loading weights...
2026-04-10 08:06:10 [INFO] [Rank 2] Weights loaded.
2026-04-10 08:06:14 [INFO] [Rank 1] Weights loaded.
2026-04-10 08:07:50 [INFO] [Rank 0] Loading weights...
2026-04-10 08:08:05 [INFO] [Rank 0] Weights loaded.
2026-04-10 08:09:45 [INFO] [Rank 2] Finished. Latency: 100458 ms
2026-04-10 08:09:45 [INFO] [Rank 1] Finished. Latency: 100458 ms
2026-04-10 08:09:45 [INFO] [Rank 0] Finished. Latency: 100458 ms
2026-04-10 08:09:46 [INFO] [Rank 3] Finished. Latency: 100467 ms
2026-04-10 08:09:49 [INFO] Total latency:     100458 ms
2026-04-10 08:09:49 [INFO] Peak 5GB memory:   5010 MB
2026-04-10 08:09:49 [INFO] Avg  5GB memory:   2379 MB
2026-04-10 08:09:49 [INFO] [362/441] Split [30, 5, 4, 1] | Batch: 8 | Microbatch: 2 | Microbatches: 4
2026-04-10 08:09:49 [INFO] Loading WikiText... (SEQ_LEN=64, BATCH=8)
2026-04-10 08:10:08 [INFO] [Rank 3] Loading weights...
2026-04-10 08:10:11 [INFO] [Rank 3] Weights loaded.
2026-04-10 08:10:15 [INFO] [Rank 2] Loading weights...
2026-04-10 08:10:19 [INFO] [Rank 1] Loading weights...
2026-04-10 08:10:19 [INFO] [Rank 2] Weights loaded.
2026-04-10 08:10:23 [INFO] [Rank 1] Weights loaded.
2026-04-10 08:12:00 [INFO] [Rank 0] Loading weights...
2026-04-10 08:12:14 [INFO] [Rank 0] Weights loaded.
2026-04-10 08:15:30 [INFO] [Rank 2] Finished. Latency: 195400 ms
2026-04-10 08:15:30 [INFO] [Rank 1] Finished. Latency: 195400 ms
2026-04-10 08:15:30 [INFO] [Rank 0] Finished. Latency: 195400 ms
2026-04-10 08:15:30 [INFO] [Rank 3] Finished. Latency: 195409 ms
2026-04-10 08:15:34 [INFO] Total latency:     195400 ms
2026-04-10 08:15:34 [INFO] Peak 5GB memory:   3730 MB
2026-04-10 08:15:34 [INFO] Avg  5GB memory:   2416 MB
2026-04-10 08:15:34 [INFO] [363/441] Split [30, 5, 4, 1] | Batch: 16 | Microbatch: 8 | Microbatches: 2
2026-04-10 08:15:34 [INFO] Loading WikiText... (SEQ_LEN=64, BATCH=16)
2026-04-10 08:15:37 [WARNING] '('Connection broken: IncompleteRead(0 bytes read, 732606 more expected)', IncompleteRead(0 bytes read, 732606 more expected))' thrown while requesting GET https://huggingface.co/datasets/wikitext/resolve/b08601e04326c79dfdd32d625aee71d232d685c3/wikitext-2-raw-v1/test-00000-of-00001.parquet
2026-04-10 08:15:37 [WARNING] Retrying in 1s [Retry 1/5].
2026-04-10 08:15:55 [INFO] [Rank 3] Loading weights...
2026-04-10 08:15:58 [INFO] [Rank 3] Weights loaded.
2026-04-10 08:16:02 [INFO] [Rank 2] Loading weights...
2026-04-10 08:16:06 [INFO] [Rank 1] Loading weights...
2026-04-10 08:16:06 [INFO] [Rank 2] Weights loaded.
2026-04-10 08:16:10 [INFO] [Rank 1] Weights loaded.
2026-04-10 08:17:46 [INFO] [Rank 0] Loading weights...
2026-04-10 08:18:01 [INFO] [Rank 0] Weights loaded.
2026-04-10 08:19:45 [INFO] [Rank 2] Finished. Latency: 103841 ms
2026-04-10 08:19:45 [INFO] [Rank 1] Finished. Latency: 103841 ms
2026-04-10 08:19:45 [INFO] [Rank 0] Finished. Latency: 103841 ms
2026-04-10 08:19:45 [INFO] [Rank 3] Finished. Latency: 103851 ms
2026-04-10 08:19:49 [INFO] Total latency:     103841 ms
2026-04-10 08:19:49 [INFO] Peak 5GB memory:   3730 MB
2026-04-10 08:19:49 [INFO] Avg  5GB memory:   2415 MB
2026-04-10 08:19:49 [INFO] [364/441] Split [30, 5, 4, 1] | Batch: 16 | Microbatch: 4 | Microbatches: 4
2026-04-10 08:19:49 [INFO] Loading WikiText... (SEQ_LEN=64, BATCH=16)
2026-04-10 08:20:08 [INFO] [Rank 3] Loading weights...
2026-04-10 08:20:11 [INFO] [Rank 3] Weights loaded.
2026-04-10 08:20:15 [INFO] [Rank 2] Loading weights...
2026-04-10 08:20:19 [INFO] [Rank 1] Loading weights...
2026-04-10 08:20:19 [INFO] [Rank 2] Weights loaded.
2026-04-10 08:20:23 [INFO] [Rank 1] Weights loaded.
2026-04-10 08:21:59 [INFO] [Rank 0] Loading weights...
2026-04-10 08:22:13 [INFO] [Rank 0] Weights loaded.
2026-04-10 08:25:32 [INFO] [Rank 2] Finished. Latency: 198875 ms
2026-04-10 08:25:32 [INFO] [Rank 1] Finished. Latency: 198875 ms
2026-04-10 08:25:32 [INFO] [Rank 0] Finished. Latency: 198875 ms
2026-04-10 08:25:32 [INFO] [Rank 3] Finished. Latency: 198885 ms
2026-04-10 08:25:36 [INFO] Total latency:     198875 ms
2026-04-10 08:25:36 [INFO] Peak 5GB memory:   5010 MB
2026-04-10 08:25:36 [INFO] Avg  5GB memory:   2437 MB
2026-04-10 08:25:36 [INFO] [365/441] Split [30, 5, 4, 1] | Batch: 16 | Microbatch: 2 | Microbatches: 8
2026-04-10 08:25:36 [INFO] Loading WikiText... (SEQ_LEN=64, BATCH=16)
2026-04-10 08:25:55 [INFO] [Rank 3] Loading weights...
2026-04-10 08:25:58 [INFO] [Rank 3] Weights loaded.
2026-04-10 08:26:02 [INFO] [Rank 2] Loading weights...
2026-04-10 08:26:06 [INFO] [Rank 1] Loading weights...
2026-04-10 08:26:06 [INFO] [Rank 2] Weights loaded.
2026-04-10 08:26:10 [INFO] [Rank 1] Weights loaded.
2026-04-10 08:27:46 [INFO] [Rank 0] Loading weights...
2026-04-10 08:28:01 [INFO] [Rank 0] Weights loaded.
2026-04-10 08:34:29 [INFO] [Rank 2] Finished. Latency: 387722 ms
2026-04-10 08:34:29 [INFO] [Rank 1] Finished. Latency: 387722 ms
2026-04-10 08:34:29 [INFO] [Rank 0] Finished. Latency: 387722 ms
2026-04-10 08:34:29 [INFO] [Rank 3] Finished. Latency: 387731 ms
2026-04-10 08:34:33 [INFO] Total latency:     387722 ms
2026-04-10 08:34:33 [INFO] Peak 5GB memory:   3730 MB
2026-04-10 08:34:33 [INFO] Avg  5GB memory:   2465 MB
2026-04-10 08:34:33 [INFO] [366/441] Split [30, 5, 4, 1] | Batch: 32 | Microbatch: 16 | Microbatches: 2
2026-04-10 08:34:33 [INFO] Loading WikiText... (SEQ_LEN=64, BATCH=32)
2026-04-10 08:34:51 [INFO] [Rank 3] Loading weights...
2026-04-10 08:34:54 [INFO] [Rank 3] Weights loaded.
2026-04-10 08:34:59 [INFO] [Rank 2] Loading weights...
2026-04-10 08:35:02 [INFO] [Rank 1] Loading weights...
2026-04-10 08:35:03 [INFO] [Rank 2] Weights loaded.
2026-04-10 08:35:07 [INFO] [Rank 1] Weights loaded.
2026-04-10 08:36:43 [INFO] [Rank 0] Loading weights...
2026-04-10 08:36:58 [INFO] [Rank 0] Weights loaded.
2026-04-10 08:38:49 [INFO] [Rank 2] Finished. Latency: 110872 ms
2026-04-10 08:38:49 [INFO] [Rank 0] Finished. Latency: 110872 ms
2026-04-10 08:38:49 [INFO] [Rank 1] Finished. Latency: 110872 ms
2026-04-10 08:38:49 [INFO] [Rank 3] Finished. Latency: 110882 ms
2026-04-10 08:38:53 [INFO] Total latency:     110872 ms
2026-04-10 08:38:53 [INFO] Peak 5GB memory:   5010 MB
2026-04-10 08:38:53 [INFO] Avg  5GB memory:   2512 MB
2026-04-10 08:38:53 [INFO] [367/441] Split [30, 5, 4, 1] | Batch: 32 | Microbatch: 8 | Microbatches: 4
2026-04-10 08:38:53 [INFO] Loading WikiText... (SEQ_LEN=64, BATCH=32)
2026-04-10 08:39:12 [INFO] [Rank 3] Loading weights...
2026-04-10 08:39:15 [INFO] [Rank 3] Weights loaded.
2026-04-10 08:39:19 [INFO] [Rank 2] Loading weights...
2026-04-10 08:39:23 [INFO] [Rank 2] Weights loaded.
2026-04-10 08:39:23 [INFO] [Rank 1] Loading weights...
2026-04-10 08:39:27 [INFO] [Rank 1] Weights loaded.
2026-04-10 08:41:03 [INFO] [Rank 0] Loading weights...
2026-04-10 08:41:18 [INFO] [Rank 0] Weights loaded.
2026-04-10 08:44:44 [INFO] [Rank 1] Finished. Latency: 205594 ms
2026-04-10 08:44:44 [INFO] [Rank 2] Finished. Latency: 205594 ms
2026-04-10 08:44:44 [INFO] [Rank 0] Finished. Latency: 205594 ms
2026-04-10 08:44:44 [INFO] [Rank 3] Finished. Latency: 205604 ms
2026-04-10 08:44:48 [INFO] Total latency:     205594 ms
2026-04-10 08:44:48 [INFO] Peak 5GB memory:   3730 MB
2026-04-10 08:44:48 [INFO] Avg  5GB memory:   2479 MB
2026-04-10 08:44:48 [INFO] [368/441] Split [30, 5, 4, 1] | Batch: 32 | Microbatch: 4 | Microbatches: 8
2026-04-10 08:44:48 [INFO] Loading WikiText... (SEQ_LEN=64, BATCH=32)
2026-04-10 08:45:06 [INFO] [Rank 3] Loading weights...
2026-04-10 08:45:09 [INFO] [Rank 3] Weights loaded.
2026-04-10 08:45:13 [INFO] [Rank 2] Loading weights...
2026-04-10 08:45:17 [INFO] [Rank 1] Loading weights...
2026-04-10 08:45:17 [INFO] [Rank 2] Weights loaded.
2026-04-10 08:45:21 [INFO] [Rank 1] Weights loaded.
2026-04-10 08:46:58 [INFO] [Rank 0] Loading weights...
2026-04-10 08:47:13 [INFO] [Rank 0] Weights loaded.
2026-04-10 08:53:48 [INFO] [Rank 1] Finished. Latency: 395193 ms
2026-04-10 08:53:48 [INFO] [Rank 2] Finished. Latency: 395193 ms
2026-04-10 08:53:48 [INFO] [Rank 0] Finished. Latency: 395192 ms
2026-04-10 08:53:48 [INFO] [Rank 3] Finished. Latency: 395202 ms
2026-04-10 08:53:52 [INFO] Total latency:     395192 ms
2026-04-10 08:53:52 [INFO] Peak 5GB memory:   3730 MB
2026-04-10 08:53:52 [INFO] Avg  5GB memory:   2510 MB
2026-04-10 08:53:52 [INFO] [369/441] Split [30, 5, 4, 1] | Batch: 32 | Microbatch: 2 | Microbatches: 16
2026-04-10 08:53:52 [INFO] Loading WikiText... (SEQ_LEN=64, BATCH=32)
2026-04-10 08:54:11 [INFO] [Rank 3] Loading weights...
2026-04-10 08:54:14 [INFO] [Rank 3] Weights loaded.
2026-04-10 08:54:18 [INFO] [Rank 2] Loading weights...
2026-04-10 08:54:22 [INFO] [Rank 1] Loading weights...
2026-04-10 08:54:22 [INFO] [Rank 2] Weights loaded.
2026-04-10 08:54:27 [INFO] [Rank 1] Weights loaded.
2026-04-10 08:56:02 [INFO] [Rank 0] Loading weights...
2026-04-10 08:56:17 [INFO] [Rank 0] Weights loaded.
2026-04-10 09:09:10 [INFO] [Rank 0] Finished. Latency: 772897 ms
2026-04-10 09:09:10 [INFO] [Rank 2] Finished. Latency: 772897 ms
2026-04-10 09:09:10 [INFO] [Rank 1] Finished. Latency: 772897 ms
2026-04-10 09:09:10 [INFO] [Rank 3] Finished. Latency: 772906 ms
2026-04-10 09:09:14 [INFO] Total latency:     772897 ms
2026-04-10 09:09:14 [INFO] Peak 5GB memory:   5010 MB
2026-04-10 09:09:14 [INFO] Avg  5GB memory:   2541 MB
2026-04-10 09:09:14 [INFO] [370/441] Split [30, 6, 2, 2] | Batch: 8 | Microbatch: 4 | Microbatches: 2
2026-04-10 09:09:14 [INFO] Loading WikiText... (SEQ_LEN=64, BATCH=8)
2026-04-10 09:09:32 [INFO] [Rank 2] Loading weights...
2026-04-10 09:09:35 [INFO] [Rank 2] Weights loaded.
2026-04-10 09:09:37 [INFO] [Rank 3] Loading weights...
2026-04-10 09:09:40 [INFO] [Rank 3] Weights loaded.
2026-04-10 09:09:48 [INFO] [Rank 1] Loading weights...
2026-04-10 09:09:53 [INFO] [Rank 1] Weights loaded.
2026-04-10 09:11:24 [INFO] [Rank 0] Loading weights...
2026-04-10 09:11:39 [INFO] [Rank 0] Weights loaded.
2026-04-10 09:13:17 [INFO] [Rank 1] Finished. Latency: 98025 ms
2026-04-10 09:13:17 [INFO] [Rank 2] Finished. Latency: 98025 ms
2026-04-10 09:13:17 [INFO] [Rank 0] Finished. Latency: 98026 ms
2026-04-10 09:13:17 [INFO] [Rank 3] Finished. Latency: 98039 ms
2026-04-10 09:13:21 [INFO] Total latency:     98026 ms
2026-04-10 09:13:21 [INFO] Peak 5GB memory:   6070 MB
2026-04-10 09:13:21 [INFO] Avg  5GB memory:   3353 MB
2026-04-10 09:13:21 [INFO] [371/441] Split [30, 6, 2, 2] | Batch: 8 | Microbatch: 2 | Microbatches: 4
2026-04-10 09:13:21 [INFO] Loading WikiText... (SEQ_LEN=64, BATCH=8)
2026-04-10 09:13:39 [INFO] [Rank 2] Loading weights...
2026-04-10 09:13:42 [INFO] [Rank 2] Weights loaded.
2026-04-10 09:13:44 [INFO] [Rank 3] Loading weights...
2026-04-10 09:13:48 [INFO] [Rank 3] Weights loaded.
2026-04-10 09:13:54 [INFO] [Rank 1] Loading weights...
2026-04-10 09:13:59 [INFO] [Rank 1] Weights loaded.
2026-04-10 09:15:31 [INFO] [Rank 0] Loading weights...
2026-04-10 09:15:46 [INFO] [Rank 0] Weights loaded.
2026-04-10 09:18:57 [INFO] [Rank 2] Finished. Latency: 190292 ms
2026-04-10 09:18:57 [INFO] [Rank 1] Finished. Latency: 190292 ms
2026-04-10 09:18:57 [INFO] [Rank 0] Finished. Latency: 190292 ms
2026-04-10 09:18:57 [INFO] [Rank 3] Finished. Latency: 190305 ms
2026-04-10 09:19:01 [INFO] Total latency:     190292 ms
2026-04-10 09:19:01 [INFO] Peak 5GB memory:   6070 MB
2026-04-10 09:19:01 [INFO] Avg  5GB memory:   3410 MB
2026-04-10 09:19:01 [INFO] [372/441] Split [30, 6, 2, 2] | Batch: 16 | Microbatch: 8 | Microbatches: 2
2026-04-10 09:19:01 [INFO] Loading WikiText... (SEQ_LEN=64, BATCH=16)
2026-04-10 09:19:18 [INFO] [Rank 2] Loading weights...
2026-04-10 09:19:21 [INFO] [Rank 2] Weights loaded.
2026-04-10 09:19:23 [INFO] [Rank 3] Loading weights...
2026-04-10 09:19:27 [INFO] [Rank 3] Weights loaded.
2026-04-10 09:19:34 [INFO] [Rank 1] Loading weights...
2026-04-10 09:19:39 [INFO] [Rank 1] Weights loaded.
2026-04-10 09:21:11 [INFO] [Rank 0] Loading weights...
2026-04-10 09:21:26 [INFO] [Rank 0] Weights loaded.
2026-04-10 09:23:07 [INFO] [Rank 2] Finished. Latency: 101134 ms
2026-04-10 09:23:07 [INFO] [Rank 1] Finished. Latency: 101134 ms
2026-04-10 09:23:07 [INFO] [Rank 0] Finished. Latency: 101134 ms
2026-04-10 09:23:07 [INFO] [Rank 3] Finished. Latency: 101148 ms
2026-04-10 09:23:11 [INFO] Total latency:     101134 ms
2026-04-10 09:23:11 [INFO] Peak 5GB memory:   6070 MB
2026-04-10 09:23:11 [INFO] Avg  5GB memory:   3391 MB
2026-04-10 09:23:11 [INFO] [373/441] Split [30, 6, 2, 2] | Batch: 16 | Microbatch: 4 | Microbatches: 4
2026-04-10 09:23:11 [INFO] Loading WikiText... (SEQ_LEN=64, BATCH=16)
2026-04-10 09:23:29 [INFO] [Rank 2] Loading weights...
2026-04-10 09:23:32 [INFO] [Rank 2] Weights loaded.
2026-04-10 09:23:34 [INFO] [Rank 3] Loading weights...
2026-04-10 09:23:37 [INFO] [Rank 3] Weights loaded.
2026-04-10 09:23:44 [INFO] [Rank 1] Loading weights...
2026-04-10 09:23:49 [INFO] [Rank 1] Weights loaded.
2026-04-10 09:25:21 [INFO] [Rank 0] Loading weights...
2026-04-10 09:25:36 [INFO] [Rank 0] Weights loaded.
2026-04-10 09:28:50 [INFO] [Rank 1] Finished. Latency: 193817 ms
2026-04-10 09:28:50 [INFO] [Rank 2] Finished. Latency: 193817 ms
2026-04-10 09:28:50 [INFO] [Rank 0] Finished. Latency: 193817 ms
2026-04-10 09:28:50 [INFO] [Rank 3] Finished. Latency: 193831 ms
2026-04-10 09:28:54 [INFO] Total latency:     193817 ms
2026-04-10 09:28:54 [INFO] Peak 5GB memory:   4790 MB
2026-04-10 09:28:54 [INFO] Avg  5GB memory:   3442 MB
2026-04-10 09:28:54 [INFO] [374/441] Split [30, 6, 2, 2] | Batch: 16 | Microbatch: 2 | Microbatches: 8
2026-04-10 09:28:54 [INFO] Loading WikiText... (SEQ_LEN=64, BATCH=16)
2026-04-10 09:29:12 [INFO] [Rank 2] Loading weights...
2026-04-10 09:29:15 [INFO] [Rank 2] Weights loaded.
2026-04-10 09:29:17 [INFO] [Rank 3] Loading weights...
2026-04-10 09:29:20 [INFO] [Rank 3] Weights loaded.
2026-04-10 09:29:28 [INFO] [Rank 1] Loading weights...
2026-04-10 09:29:32 [INFO] [Rank 1] Weights loaded.
2026-04-10 09:31:05 [INFO] [Rank 0] Loading weights...
2026-04-10 09:31:19 [INFO] [Rank 0] Weights loaded.
2026-04-10 09:37:37 [INFO] [Rank 0] Finished. Latency: 377557 ms
2026-04-10 09:37:37 [INFO] [Rank 1] Finished. Latency: 377557 ms
2026-04-10 09:37:37 [INFO] [Rank 2] Finished. Latency: 377557 ms
2026-04-10 09:37:37 [INFO] [Rank 3] Finished. Latency: 377570 ms
2026-04-10 09:37:41 [INFO] Total latency:     377557 ms
2026-04-10 09:37:41 [INFO] Peak 5GB memory:   6070 MB
2026-04-10 09:37:41 [INFO] Avg  5GB memory:   3506 MB
2026-04-10 09:37:41 [INFO] [375/441] Split [30, 6, 2, 2] | Batch: 32 | Microbatch: 16 | Microbatches: 2
2026-04-10 09:37:41 [INFO] Loading WikiText... (SEQ_LEN=64, BATCH=32)
2026-04-10 09:37:44 [WARNING] '('Connection broken: IncompleteRead(0 bytes read, 65536 more expected)', IncompleteRead(0 bytes read, 65536 more expected))' thrown while requesting GET https://huggingface.co/datasets/wikitext/resolve/b08601e04326c79dfdd32d625aee71d232d685c3/wikitext-2-raw-v1/test-00000-of-00001.parquet
2026-04-10 09:37:44 [WARNING] Retrying in 1s [Retry 1/5].
2026-04-10 09:38:01 [INFO] [Rank 2] Loading weights...
2026-04-10 09:38:04 [INFO] [Rank 2] Weights loaded.
2026-04-10 09:38:06 [INFO] [Rank 3] Loading weights...
2026-04-10 09:38:10 [INFO] [Rank 3] Weights loaded.
2026-04-10 09:38:17 [INFO] [Rank 1] Loading weights...
2026-04-10 09:38:22 [INFO] [Rank 1] Weights loaded.
2026-04-10 09:39:54 [INFO] [Rank 0] Loading weights...
2026-04-10 09:40:09 [INFO] [Rank 0] Weights loaded.
2026-04-10 09:41:57 [INFO] [Rank 2] Finished. Latency: 108130 ms
2026-04-10 09:41:57 [INFO] [Rank 0] Finished. Latency: 108130 ms
2026-04-10 09:41:57 [INFO] [Rank 1] Finished. Latency: 108130 ms
2026-04-10 09:41:57 [INFO] [Rank 3] Finished. Latency: 108145 ms
2026-04-10 09:42:01 [INFO] Total latency:     108130 ms
2026-04-10 09:42:01 [INFO] Peak 5GB memory:   6070 MB
2026-04-10 09:42:01 [INFO] Avg  5GB memory:   3477 MB
2026-04-10 09:42:01 [INFO] [376/441] Split [30, 6, 2, 2] | Batch: 32 | Microbatch: 8 | Microbatches: 4
2026-04-10 09:42:01 [INFO] Loading WikiText... (SEQ_LEN=64, BATCH=32)
2026-04-10 09:42:19 [INFO] [Rank 2] Loading weights...
2026-04-10 09:42:22 [INFO] [Rank 2] Weights loaded.
2026-04-10 09:42:24 [INFO] [Rank 3] Loading weights...
2026-04-10 09:42:28 [INFO] [Rank 3] Weights loaded.
2026-04-10 09:42:35 [INFO] [Rank 1] Loading weights...
2026-04-10 09:42:40 [INFO] [Rank 1] Weights loaded.
2026-04-10 09:44:11 [INFO] [Rank 0] Loading weights...
2026-04-10 09:44:26 [INFO] [Rank 0] Weights loaded.
2026-04-10 09:47:47 [INFO] [Rank 2] Finished. Latency: 200265 ms
2026-04-10 09:47:47 [INFO] [Rank 1] Finished. Latency: 200265 ms
2026-04-10 09:47:47 [INFO] [Rank 0] Finished. Latency: 200266 ms
2026-04-10 09:47:47 [INFO] [Rank 3] Finished. Latency: 200280 ms
2026-04-10 09:47:51 [INFO] Total latency:     200266 ms
2026-04-10 09:47:51 [INFO] Peak 5GB memory:   6070 MB
2026-04-10 09:47:51 [INFO] Avg  5GB memory:   3499 MB
2026-04-10 09:47:51 [INFO] [377/441] Split [30, 6, 2, 2] | Batch: 32 | Microbatch: 4 | Microbatches: 8
2026-04-10 09:47:51 [INFO] Loading WikiText... (SEQ_LEN=64, BATCH=32)
2026-04-10 09:48:09 [INFO] [Rank 2] Loading weights...
2026-04-10 09:48:12 [INFO] [Rank 2] Weights loaded.
2026-04-10 09:48:14 [INFO] [Rank 3] Loading weights...
2026-04-10 09:48:17 [INFO] [Rank 3] Weights loaded.
2026-04-10 09:48:24 [INFO] [Rank 1] Loading weights...
2026-04-10 09:48:29 [INFO] [Rank 1] Weights loaded.
2026-04-10 09:50:01 [INFO] [Rank 0] Loading weights...
2026-04-10 09:50:16 [INFO] [Rank 0] Weights loaded.
2026-04-10 09:56:41 [INFO] [Rank 2] Finished. Latency: 385209 ms
2026-04-10 09:56:41 [INFO] [Rank 1] Finished. Latency: 385209 ms
2026-04-10 09:56:41 [INFO] [Rank 0] Finished. Latency: 385209 ms
2026-04-10 09:56:41 [INFO] [Rank 3] Finished. Latency: 385223 ms
2026-04-10 09:56:45 [INFO] Total latency:     385209 ms
2026-04-10 09:56:45 [INFO] Peak 5GB memory:   4790 MB
2026-04-10 09:56:45 [INFO] Avg  5GB memory:   3559 MB
2026-04-10 09:56:45 [INFO] [378/441] Split [30, 6, 2, 2] | Batch: 32 | Microbatch: 2 | Microbatches: 16
2026-04-10 09:56:45 [INFO] Loading WikiText... (SEQ_LEN=64, BATCH=32)
2026-04-10 09:57:04 [INFO] [Rank 2] Loading weights...
2026-04-10 09:57:07 [INFO] [Rank 2] Weights loaded.
2026-04-10 09:57:09 [INFO] [Rank 3] Loading weights...
2026-04-10 09:57:13 [INFO] [Rank 3] Weights loaded.
2026-04-10 09:57:20 [INFO] [Rank 1] Loading weights...
2026-04-10 09:57:25 [INFO] [Rank 1] Weights loaded.
2026-04-10 09:58:56 [INFO] [Rank 0] Loading weights...
2026-04-10 09:59:11 [INFO] [Rank 0] Weights loaded.
2026-04-10 10:11:44 [INFO] [Rank 1] Finished. Latency: 752800 ms
2026-04-10 10:11:44 [INFO] [Rank 2] Finished. Latency: 752800 ms
2026-04-10 10:11:44 [INFO] [Rank 0] Finished. Latency: 752800 ms
2026-04-10 10:11:44 [INFO] [Rank 3] Finished. Latency: 752813 ms
2026-04-10 10:11:48 [INFO] Total latency:     752800 ms
2026-04-10 10:11:48 [INFO] Peak 5GB memory:   6070 MB
2026-04-10 10:11:48 [INFO] Avg  5GB memory:   3626 MB
2026-04-10 10:11:48 [INFO] [379/441] Split [30, 6, 3, 1] | Batch: 8 | Microbatch: 4 | Microbatches: 2
2026-04-10 10:11:48 [INFO] Loading WikiText... (SEQ_LEN=64, BATCH=8)
2026-04-10 10:12:07 [INFO] [Rank 3] Loading weights...
2026-04-10 10:12:10 [INFO] [Rank 2] Loading weights...
2026-04-10 10:12:10 [INFO] [Rank 3] Weights loaded.
2026-04-10 10:12:14 [INFO] [Rank 2] Weights loaded.
2026-04-10 10:12:22 [INFO] [Rank 1] Loading weights...
2026-04-10 10:12:27 [INFO] [Rank 1] Weights loaded.
2026-04-10 10:13:59 [INFO] [Rank 0] Loading weights...
2026-04-10 10:14:13 [INFO] [Rank 0] Weights loaded.
2026-04-10 10:15:51 [INFO] [Rank 1] Finished. Latency: 97939 ms
2026-04-10 10:15:51 [INFO] [Rank 2] Finished. Latency: 97939 ms
2026-04-10 10:15:51 [INFO] [Rank 0] Finished. Latency: 97939 ms
2026-04-10 10:15:52 [INFO] [Rank 3] Finished. Latency: 97949 ms
2026-04-10 10:15:56 [INFO] Total latency:     97939 ms
2026-04-10 10:15:56 [INFO] Peak 5GB memory:   5010 MB
2026-04-10 10:15:56 [INFO] Avg  5GB memory:   2371 MB
2026-04-10 10:15:56 [INFO] [380/441] Split [30, 6, 3, 1] | Batch: 8 | Microbatch: 2 | Microbatches: 4
2026-04-10 10:15:56 [INFO] Loading WikiText... (SEQ_LEN=64, BATCH=8)
2026-04-10 10:15:59 [WARNING] '('Connection broken: IncompleteRead(0 bytes read, 65536 more expected)', IncompleteRead(0 bytes read, 65536 more expected))' thrown while requesting GET https://huggingface.co/datasets/wikitext/resolve/b08601e04326c79dfdd32d625aee71d232d685c3/wikitext-2-raw-v1/test-00000-of-00001.parquet
2026-04-10 10:15:59 [WARNING] Retrying in 1s [Retry 1/5].
2026-04-10 10:16:17 [INFO] [Rank 3] Loading weights...
2026-04-10 10:16:20 [INFO] [Rank 2] Loading weights...
2026-04-10 10:16:20 [INFO] [Rank 3] Weights loaded.
2026-04-10 10:16:24 [INFO] [Rank 2] Weights loaded.
2026-04-10 10:16:32 [INFO] [Rank 1] Loading weights...
2026-04-10 10:16:37 [INFO] [Rank 1] Weights loaded.
2026-04-10 10:18:08 [INFO] [Rank 0] Loading weights...
2026-04-10 10:18:23 [INFO] [Rank 0] Weights loaded.
2026-04-10 10:21:33 [INFO] [Rank 2] Finished. Latency: 190114 ms
2026-04-10 10:21:33 [INFO] [Rank 1] Finished. Latency: 190114 ms
2026-04-10 10:21:33 [INFO] [Rank 0] Finished. Latency: 190114 ms
2026-04-10 10:21:33 [INFO] [Rank 3] Finished. Latency: 190123 ms
2026-04-10 10:21:37 [INFO] Total latency:     190114 ms
2026-04-10 10:21:37 [INFO] Peak 5GB memory:   5010 MB
2026-04-10 10:21:37 [INFO] Avg  5GB memory:   2413 MB
2026-04-10 10:21:37 [INFO] [381/441] Split [30, 6, 3, 1] | Batch: 16 | Microbatch: 8 | Microbatches: 2
2026-04-10 10:21:37 [INFO] Loading WikiText... (SEQ_LEN=64, BATCH=16)
2026-04-10 10:21:56 [INFO] [Rank 3] Loading weights...
2026-04-10 10:21:59 [INFO] [Rank 3] Weights loaded.
2026-04-10 10:21:59 [INFO] [Rank 2] Loading weights...
2026-04-10 10:22:03 [INFO] [Rank 2] Weights loaded.
2026-04-10 10:22:11 [INFO] [Rank 1] Loading weights...
2026-04-10 10:22:16 [INFO] [Rank 1] Weights loaded.
2026-04-10 10:23:47 [INFO] [Rank 0] Loading weights...
2026-04-10 10:24:02 [INFO] [Rank 0] Weights loaded.
2026-04-10 10:25:44 [INFO] [Rank 1] Finished. Latency: 101175 ms
2026-04-10 10:25:44 [INFO] [Rank 2] Finished. Latency: 101175 ms
2026-04-10 10:25:44 [INFO] [Rank 0] Finished. Latency: 101175 ms
2026-04-10 10:25:44 [INFO] [Rank 3] Finished. Latency: 101185 ms
2026-04-10 10:25:48 [INFO] Total latency:     101175 ms
2026-04-10 10:25:48 [INFO] Peak 5GB memory:   5010 MB
2026-04-10 10:25:48 [INFO] Avg  5GB memory:   2407 MB
2026-04-10 10:25:48 [INFO] [382/441] Split [30, 6, 3, 1] | Batch: 16 | Microbatch: 4 | Microbatches: 4
2026-04-10 10:25:48 [INFO] Loading WikiText... (SEQ_LEN=64, BATCH=16)
2026-04-10 10:26:06 [INFO] [Rank 3] Loading weights...
2026-04-10 10:26:09 [INFO] [Rank 3] Weights loaded.
2026-04-10 10:26:10 [INFO] [Rank 2] Loading weights...
2026-04-10 10:26:13 [INFO] [Rank 2] Weights loaded.
2026-04-10 10:26:21 [INFO] [Rank 1] Loading weights...
2026-04-10 10:26:26 [INFO] [Rank 1] Weights loaded.
2026-04-10 10:27:58 [INFO] [Rank 0] Loading weights...
2026-04-10 10:28:13 [INFO] [Rank 0] Weights loaded.
2026-04-10 10:31:27 [INFO] [Rank 0] Finished. Latency: 193899 ms
2026-04-10 10:31:27 [INFO] [Rank 1] Finished. Latency: 193899 ms
2026-04-10 10:31:27 [INFO] [Rank 2] Finished. Latency: 193899 ms
2026-04-10 10:31:27 [INFO] [Rank 3] Finished. Latency: 193909 ms
2026-04-10 10:31:31 [INFO] Total latency:     193899 ms
2026-04-10 10:31:31 [INFO] Peak 5GB memory:   3730 MB
2026-04-10 10:31:31 [INFO] Avg  5GB memory:   2429 MB
2026-04-10 10:31:31 [INFO] [383/441] Split [30, 6, 3, 1] | Batch: 16 | Microbatch: 2 | Microbatches: 8
2026-04-10 10:31:31 [INFO] Loading WikiText... (SEQ_LEN=64, BATCH=16)
2026-04-10 10:31:34 [WARNING] '('Connection broken: IncompleteRead(0 bytes read, 65536 more expected)', IncompleteRead(0 bytes read, 65536 more expected))' thrown while requesting GET https://huggingface.co/datasets/wikitext/resolve/b08601e04326c79dfdd32d625aee71d232d685c3/wikitext-2-raw-v1/test-00000-of-00001.parquet
2026-04-10 10:31:34 [WARNING] Retrying in 1s [Retry 1/5].
2026-04-10 10:31:52 [INFO] [Rank 3] Loading weights...
2026-04-10 10:31:55 [INFO] [Rank 3] Weights loaded.
2026-04-10 10:31:55 [INFO] [Rank 2] Loading weights...
2026-04-10 10:31:58 [INFO] [Rank 2] Weights loaded.
2026-04-10 10:32:07 [INFO] [Rank 1] Loading weights...
2026-04-10 10:32:12 [INFO] [Rank 1] Weights loaded.
2026-04-10 10:33:43 [INFO] [Rank 0] Loading weights...
2026-04-10 10:33:58 [INFO] [Rank 0] Weights loaded.
2026-04-10 10:40:16 [INFO] [Rank 2] Finished. Latency: 377700 ms
2026-04-10 10:40:16 [INFO] [Rank 1] Finished. Latency: 377700 ms
2026-04-10 10:40:16 [INFO] [Rank 0] Finished. Latency: 377700 ms
2026-04-10 10:40:16 [INFO] [Rank 3] Finished. Latency: 377709 ms
2026-04-10 10:40:20 [INFO] Total latency:     377700 ms
2026-04-10 10:40:20 [INFO] Peak 5GB memory:   5010 MB
2026-04-10 10:40:20 [INFO] Avg  5GB memory:   2465 MB
2026-04-10 10:40:20 [INFO] [384/441] Split [30, 6, 3, 1] | Batch: 32 | Microbatch: 16 | Microbatches: 2
2026-04-10 10:40:20 [INFO] Loading WikiText... (SEQ_LEN=64, BATCH=32)
2026-04-10 10:40:39 [INFO] [Rank 3] Loading weights...
2026-04-10 10:40:42 [INFO] [Rank 2] Loading weights...
2026-04-10 10:40:42 [INFO] [Rank 3] Weights loaded.
2026-04-10 10:40:45 [INFO] [Rank 2] Weights loaded.
2026-04-10 10:40:54 [INFO] [Rank 1] Loading weights...
2026-04-10 10:40:59 [INFO] [Rank 1] Weights loaded.
2026-04-10 10:42:30 [INFO] [Rank 0] Loading weights...
2026-04-10 10:42:45 [INFO] [Rank 0] Weights loaded.
2026-04-10 10:44:33 [INFO] [Rank 2] Finished. Latency: 108015 ms
2026-04-10 10:44:33 [INFO] [Rank 0] Finished. Latency: 108015 ms
2026-04-10 10:44:33 [INFO] [Rank 1] Finished. Latency: 108015 ms
2026-04-10 10:44:33 [INFO] [Rank 3] Finished. Latency: 108026 ms
2026-04-10 10:44:37 [INFO] Total latency:     108015 ms
2026-04-10 10:44:37 [INFO] Peak 5GB memory:   5010 MB
2026-04-10 10:44:37 [INFO] Avg  5GB memory:   2494 MB
2026-04-10 10:44:37 [INFO] [385/441] Split [30, 6, 3, 1] | Batch: 32 | Microbatch: 8 | Microbatches: 4
2026-04-10 10:44:37 [INFO] Loading WikiText... (SEQ_LEN=64, BATCH=32)
2026-04-10 10:44:40 [WARNING] '('Connection broken: IncompleteRead(0 bytes read, 732606 more expected)', IncompleteRead(0 bytes read, 732606 more expected))' thrown while requesting GET https://huggingface.co/datasets/wikitext/resolve/b08601e04326c79dfdd32d625aee71d232d685c3/wikitext-2-raw-v1/test-00000-of-00001.parquet
2026-04-10 10:44:40 [WARNING] Retrying in 1s [Retry 1/5].
2026-04-10 10:44:58 [INFO] [Rank 3] Loading weights...
2026-04-10 10:45:01 [INFO] [Rank 2] Loading weights...
2026-04-10 10:45:02 [INFO] [Rank 3] Weights loaded.
2026-04-10 10:45:05 [INFO] [Rank 2] Weights loaded.
2026-04-10 10:45:13 [INFO] [Rank 1] Loading weights...
2026-04-10 10:45:18 [INFO] [Rank 1] Weights loaded.
2026-04-10 10:46:50 [INFO] [Rank 0] Loading weights...
2026-04-10 10:47:05 [INFO] [Rank 0] Weights loaded.
2026-04-10 10:50:25 [INFO] [Rank 2] Finished. Latency: 200218 ms
2026-04-10 10:50:25 [INFO] [Rank 0] Finished. Latency: 200218 ms
2026-04-10 10:50:25 [INFO] [Rank 1] Finished. Latency: 200218 ms
2026-04-10 10:50:25 [INFO] [Rank 3] Finished. Latency: 200228 ms
2026-04-10 10:50:29 [INFO] Total latency:     200218 ms
2026-04-10 10:50:29 [INFO] Peak 5GB memory:   5010 MB
2026-04-10 10:50:29 [INFO] Avg  5GB memory:   2479 MB
2026-04-10 10:50:29 [INFO] [386/441] Split [30, 6, 3, 1] | Batch: 32 | Microbatch: 4 | Microbatches: 8
2026-04-10 10:50:29 [INFO] Loading WikiText... (SEQ_LEN=64, BATCH=32)
2026-04-10 10:50:32 [WARNING] '('Connection broken: IncompleteRead(0 bytes read, 65536 more expected)', IncompleteRead(0 bytes read, 65536 more expected))' thrown while requesting GET https://huggingface.co/datasets/wikitext/resolve/b08601e04326c79dfdd32d625aee71d232d685c3/wikitext-2-raw-v1/test-00000-of-00001.parquet
2026-04-10 10:50:32 [WARNING] Retrying in 1s [Retry 1/5].
2026-04-10 10:50:50 [INFO] [Rank 3] Loading weights...
2026-04-10 10:50:53 [INFO] [Rank 2] Loading weights...
2026-04-10 10:50:54 [INFO] [Rank 3] Weights loaded.
2026-04-10 10:50:57 [INFO] [Rank 2] Weights loaded.
2026-04-10 10:51:05 [INFO] [Rank 1] Loading weights...
2026-04-10 10:51:10 [INFO] [Rank 1] Weights loaded.
2026-04-10 10:52:41 [INFO] [Rank 0] Loading weights...
2026-04-10 10:52:56 [INFO] [Rank 0] Weights loaded.
2026-04-10 10:59:22 [INFO] [Rank 2] Finished. Latency: 385213 ms
2026-04-10 10:59:22 [INFO] [Rank 1] Finished. Latency: 385213 ms
2026-04-10 10:59:22 [INFO] [Rank 0] Finished. Latency: 385213 ms
2026-04-10 10:59:22 [INFO] [Rank 3] Finished. Latency: 385222 ms
2026-04-10 10:59:26 [INFO] Total latency:     385213 ms
2026-04-10 10:59:26 [INFO] Peak 5GB memory:   3730 MB
2026-04-10 10:59:26 [INFO] Avg  5GB memory:   2507 MB
2026-04-10 10:59:26 [INFO] [387/441] Split [30, 6, 3, 1] | Batch: 32 | Microbatch: 2 | Microbatches: 16
2026-04-10 10:59:26 [INFO] Loading WikiText... (SEQ_LEN=64, BATCH=32)
2026-04-10 10:59:45 [INFO] [Rank 3] Loading weights...
2026-04-10 10:59:48 [INFO] [Rank 2] Loading weights...
2026-04-10 10:59:48 [INFO] [Rank 3] Weights loaded.
2026-04-10 10:59:51 [INFO] [Rank 2] Weights loaded.
2026-04-10 11:00:00 [INFO] [Rank 1] Loading weights...
2026-04-10 11:00:05 [INFO] [Rank 1] Weights loaded.
2026-04-10 11:01:36 [INFO] [Rank 0] Loading weights...
2026-04-10 11:01:51 [INFO] [Rank 0] Weights loaded.
2026-04-10 11:14:25 [INFO] [Rank 2] Finished. Latency: 753312 ms
2026-04-10 11:14:25 [INFO] [Rank 1] Finished. Latency: 753312 ms
2026-04-10 11:14:25 [INFO] [Rank 0] Finished. Latency: 753312 ms
2026-04-10 11:14:25 [INFO] [Rank 3] Finished. Latency: 753321 ms
2026-04-10 11:14:29 [INFO] Total latency:     753312 ms
2026-04-10 11:14:29 [INFO] Peak 5GB memory:   5010 MB
2026-04-10 11:14:29 [INFO] Avg  5GB memory:   2538 MB
2026-04-10 11:14:29 [INFO] [388/441] Split [30, 6, 4, 0] | Batch: 8 | Microbatch: 4 | Microbatches: 2
2026-04-10 11:14:29 [INFO] Loading WikiText... (SEQ_LEN=64, BATCH=8)
2026-04-10 11:14:32 [WARNING] '('Connection broken: IncompleteRead(0 bytes read, 732606 more expected)', IncompleteRead(0 bytes read, 732606 more expected))' thrown while requesting GET https://huggingface.co/datasets/wikitext/resolve/b08601e04326c79dfdd32d625aee71d232d685c3/wikitext-2-raw-v1/test-00000-of-00001.parquet
2026-04-10 11:14:32 [WARNING] Retrying in 1s [Retry 1/5].
2026-04-10 11:14:46 [INFO] [Rank 3] Loading weights...
2026-04-10 11:14:49 [INFO] [Rank 3] Weights loaded.
2026-04-10 11:14:57 [INFO] [Rank 2] Loading weights...
2026-04-10 11:15:01 [INFO] [Rank 2] Weights loaded.
2026-04-10 11:15:05 [INFO] [Rank 1] Loading weights...
2026-04-10 11:15:10 [INFO] [Rank 1] Weights loaded.
2026-04-10 11:16:41 [INFO] [Rank 0] Loading weights...
2026-04-10 11:16:56 [INFO] [Rank 0] Weights loaded.
2026-04-10 11:18:34 [INFO] [Rank 1] Finished. Latency: 98069 ms
2026-04-10 11:18:34 [INFO] [Rank 2] Finished. Latency: 98069 ms
2026-04-10 11:18:34 [INFO] [Rank 0] Finished. Latency: 98069 ms
2026-04-10 11:18:34 [INFO] [Rank 3] Finished. Latency: 98074 ms
2026-04-10 11:18:38 [INFO] Total latency:     98069 ms
2026-04-10 11:18:38 [INFO] Peak 5GB memory:   3950 MB
2026-04-10 11:18:38 [INFO] Avg  5GB memory:   1363 MB
2026-04-10 11:18:38 [INFO] [389/441] Split [30, 6, 4, 0] | Batch: 8 | Microbatch: 2 | Microbatches: 4
2026-04-10 11:18:38 [INFO] Loading WikiText... (SEQ_LEN=64, BATCH=8)
2026-04-10 11:18:53 [INFO] [Rank 3] Loading weights...
2026-04-10 11:18:56 [INFO] [Rank 3] Weights loaded.
2026-04-10 11:19:04 [INFO] [Rank 2] Loading weights...
2026-04-10 11:19:09 [INFO] [Rank 2] Weights loaded.
2026-04-10 11:19:12 [INFO] [Rank 1] Loading weights...
2026-04-10 11:19:17 [INFO] [Rank 1] Weights loaded.
2026-04-10 11:20:48 [INFO] [Rank 0] Loading weights...
2026-04-10 11:21:03 [INFO] [Rank 0] Weights loaded.
2026-04-10 11:24:14 [INFO] [Rank 1] Finished. Latency: 190059 ms
2026-04-10 11:24:14 [INFO] [Rank 2] Finished. Latency: 190059 ms
2026-04-10 11:24:14 [INFO] [Rank 0] Finished. Latency: 190059 ms
2026-04-10 11:24:14 [INFO] [Rank 3] Finished. Latency: 190064 ms
2026-04-10 11:24:18 [INFO] Total latency:     190059 ms
2026-04-10 11:24:18 [INFO] Peak 5GB memory:   3950 MB
2026-04-10 11:24:18 [INFO] Avg  5GB memory:   1387 MB
2026-04-10 11:24:18 [INFO] [390/441] Split [30, 6, 4, 0] | Batch: 16 | Microbatch: 8 | Microbatches: 2
2026-04-10 11:24:18 [INFO] Loading WikiText... (SEQ_LEN=64, BATCH=16)
2026-04-10 11:24:20 [WARNING] '('Connection broken: IncompleteRead(0 bytes read, 65536 more expected)', IncompleteRead(0 bytes read, 65536 more expected))' thrown while requesting GET https://huggingface.co/datasets/wikitext/resolve/b08601e04326c79dfdd32d625aee71d232d685c3/wikitext-2-raw-v1/test-00000-of-00001.parquet
2026-04-10 11:24:20 [WARNING] Retrying in 1s [Retry 1/5].
2026-04-10 11:24:23 [WARNING] '('Connection broken: IncompleteRead(0 bytes read, 732606 more expected)', IncompleteRead(0 bytes read, 732606 more expected))' thrown while requesting GET https://huggingface.co/datasets/wikitext/resolve/b08601e04326c79dfdd32d625aee71d232d685c3/wikitext-2-raw-v1/test-00000-of-00001.parquet
2026-04-10 11:24:23 [WARNING] Retrying in 1s [Retry 1/5].
2026-04-10 11:24:37 [INFO] [Rank 3] Loading weights...
2026-04-10 11:24:39 [INFO] [Rank 3] Weights loaded.
2026-04-10 11:24:48 [INFO] [Rank 2] Loading weights...
2026-04-10 11:24:52 [INFO] [Rank 2] Weights loaded.
2026-04-10 11:24:56 [INFO] [Rank 1] Loading weights...
2026-04-10 11:25:01 [INFO] [Rank 1] Weights loaded.
2026-04-10 11:26:32 [INFO] [Rank 0] Loading weights...
2026-04-10 11:26:47 [INFO] [Rank 0] Weights loaded.
2026-04-10 11:28:28 [INFO] [Rank 1] Finished. Latency: 101215 ms
2026-04-10 11:28:28 [INFO] [Rank 2] Finished. Latency: 101215 ms
2026-04-10 11:28:28 [INFO] [Rank 0] Finished. Latency: 101215 ms
2026-04-10 11:28:28 [INFO] [Rank 3] Finished. Latency: 101220 ms
2026-04-10 11:28:32 [INFO] Total latency:     101215 ms
2026-04-10 11:28:32 [INFO] Peak 5GB memory:   3950 MB
2026-04-10 11:28:32 [INFO] Avg  5GB memory:   1370 MB
2026-04-10 11:28:32 [INFO] [391/441] Split [30, 6, 4, 0] | Batch: 16 | Microbatch: 4 | Microbatches: 4
2026-04-10 11:28:32 [INFO] Loading WikiText... (SEQ_LEN=64, BATCH=16)
2026-04-10 11:28:47 [INFO] [Rank 3] Loading weights...
2026-04-10 11:28:49 [INFO] [Rank 3] Weights loaded.
2026-04-10 11:28:57 [INFO] [Rank 2] Loading weights...
2026-04-10 11:29:01 [INFO] [Rank 2] Weights loaded.
2026-04-10 11:29:06 [INFO] [Rank 1] Loading weights...
2026-04-10 11:29:11 [INFO] [Rank 1] Weights loaded.
2026-04-10 11:30:42 [INFO] [Rank 0] Loading weights...
2026-04-10 11:30:57 [INFO] [Rank 0] Weights loaded.
2026-04-10 11:34:11 [INFO] [Rank 2] Finished. Latency: 193838 ms
2026-04-10 11:34:11 [INFO] [Rank 0] Finished. Latency: 193838 ms
2026-04-10 11:34:11 [INFO] [Rank 1] Finished. Latency: 193838 ms
2026-04-10 11:34:11 [INFO] [Rank 3] Finished. Latency: 193843 ms
2026-04-10 11:34:15 [INFO] Total latency:     193838 ms
2026-04-10 11:34:15 [INFO] Peak 5GB memory:   3950 MB
2026-04-10 11:34:15 [INFO] Avg  5GB memory:   1393 MB
2026-04-10 11:34:15 [INFO] [392/441] Split [30, 6, 4, 0] | Batch: 16 | Microbatch: 2 | Microbatches: 8
2026-04-10 11:34:15 [INFO] Loading WikiText... (SEQ_LEN=64, BATCH=16)
2026-04-10 11:34:30 [INFO] [Rank 3] Loading weights...
2026-04-10 11:34:32 [INFO] [Rank 3] Weights loaded.
2026-04-10 11:34:41 [INFO] [Rank 2] Loading weights...
2026-04-10 11:34:45 [INFO] [Rank 2] Weights loaded.
2026-04-10 11:34:49 [INFO] [Rank 1] Loading weights...
2026-04-10 11:34:54 [INFO] [Rank 1] Weights loaded.
2026-04-10 11:36:25 [INFO] [Rank 0] Loading weights...
2026-04-10 11:36:40 [INFO] [Rank 0] Weights loaded.
2026-04-10 11:42:58 [INFO] [Rank 1] Finished. Latency: 377626 ms
2026-04-10 11:42:58 [INFO] [Rank 2] Finished. Latency: 377626 ms
2026-04-10 11:42:58 [INFO] [Rank 0] Finished. Latency: 377627 ms
2026-04-10 11:42:58 [INFO] [Rank 3] Finished. Latency: 377632 ms
2026-04-10 11:43:02 [INFO] Total latency:     377627 ms
2026-04-10 11:43:02 [INFO] Peak 5GB memory:   3950 MB
2026-04-10 11:43:02 [INFO] Avg  5GB memory:   1410 MB
2026-04-10 11:43:02 [INFO] [393/441] Split [30, 6, 4, 0] | Batch: 32 | Microbatch: 16 | Microbatches: 2
2026-04-10 11:43:02 [INFO] Loading WikiText... (SEQ_LEN=64, BATCH=32)
2026-04-10 11:43:05 [WARNING] '('Connection broken: IncompleteRead(0 bytes read, 65536 more expected)', IncompleteRead(0 bytes read, 65536 more expected))' thrown while requesting GET https://huggingface.co/datasets/wikitext/resolve/b08601e04326c79dfdd32d625aee71d232d685c3/wikitext-2-raw-v1/test-00000-of-00001.parquet
2026-04-10 11:43:05 [WARNING] Retrying in 1s [Retry 1/5].
2026-04-10 11:43:07 [WARNING] '('Connection broken: IncompleteRead(0 bytes read, 732606 more expected)', IncompleteRead(0 bytes read, 732606 more expected))' thrown while requesting GET https://huggingface.co/datasets/wikitext/resolve/b08601e04326c79dfdd32d625aee71d232d685c3/wikitext-2-raw-v1/test-00000-of-00001.parquet
2026-04-10 11:43:07 [WARNING] Retrying in 1s [Retry 1/5].
2026-04-10 11:43:21 [INFO] [Rank 3] Loading weights...
2026-04-10 11:43:24 [INFO] [Rank 3] Weights loaded.
2026-04-10 11:43:32 [INFO] [Rank 2] Loading weights...
2026-04-10 11:43:36 [INFO] [Rank 2] Weights loaded.
2026-04-10 11:43:40 [INFO] [Rank 1] Loading weights...
2026-04-10 11:43:45 [INFO] [Rank 1] Weights loaded.
2026-04-10 11:45:16 [INFO] [Rank 0] Loading weights...
2026-04-10 11:45:31 [INFO] [Rank 0] Weights loaded.
2026-04-10 11:47:20 [INFO] [Rank 1] Finished. Latency: 107969 ms
2026-04-10 11:47:20 [INFO] [Rank 2] Finished. Latency: 107969 ms
2026-04-10 11:47:20 [INFO] [Rank 0] Finished. Latency: 107969 ms
2026-04-10 11:47:20 [INFO] [Rank 3] Finished. Latency: 107975 ms
2026-04-10 11:47:24 [INFO] Total latency:     107969 ms
2026-04-10 11:47:24 [INFO] Peak 5GB memory:   3950 MB
2026-04-10 11:47:24 [INFO] Avg  5GB memory:   1392 MB
2026-04-10 11:47:24 [INFO] [394/441] Split [30, 6, 4, 0] | Batch: 32 | Microbatch: 8 | Microbatches: 4
2026-04-10 11:47:24 [INFO] Loading WikiText... (SEQ_LEN=64, BATCH=32)
2026-04-10 11:47:26 [WARNING] '('Connection broken: IncompleteRead(0 bytes read, 65536 more expected)', IncompleteRead(0 bytes read, 65536 more expected))' thrown while requesting GET https://huggingface.co/datasets/wikitext/resolve/b08601e04326c79dfdd32d625aee71d232d685c3/wikitext-2-raw-v1/test-00000-of-00001.parquet
2026-04-10 11:47:26 [WARNING] Retrying in 1s [Retry 1/5].
2026-04-10 11:47:40 [INFO] [Rank 3] Loading weights...
2026-04-10 11:47:43 [INFO] [Rank 3] Weights loaded.
2026-04-10 11:47:52 [INFO] [Rank 2] Loading weights...
2026-04-10 11:47:56 [INFO] [Rank 2] Weights loaded.
2026-04-10 11:47:59 [INFO] [Rank 1] Loading weights...
2026-04-10 11:48:04 [INFO] [Rank 1] Weights loaded.
2026-04-10 11:49:36 [INFO] [Rank 0] Loading weights...
2026-04-10 11:49:51 [INFO] [Rank 0] Weights loaded.
2026-04-10 11:53:12 [INFO] [Rank 2] Finished. Latency: 200147 ms
2026-04-10 11:53:12 [INFO] [Rank 0] Finished. Latency: 200147 ms
2026-04-10 11:53:12 [INFO] [Rank 1] Finished. Latency: 200147 ms
2026-04-10 11:53:12 [INFO] [Rank 3] Finished. Latency: 200152 ms
2026-04-10 11:53:16 [INFO] Total latency:     200147 ms
2026-04-10 11:53:16 [INFO] Peak 5GB memory:   3950 MB
2026-04-10 11:53:16 [INFO] Avg  5GB memory:   1400 MB
2026-04-10 11:53:16 [INFO] [395/441] Split [30, 6, 4, 0] | Batch: 32 | Microbatch: 4 | Microbatches: 8
2026-04-10 11:53:16 [INFO] Loading WikiText... (SEQ_LEN=64, BATCH=32)
2026-04-10 11:53:30 [INFO] [Rank 3] Loading weights...
2026-04-10 11:53:33 [INFO] [Rank 3] Weights loaded.
2026-04-10 11:53:41 [INFO] [Rank 2] Loading weights...
2026-04-10 11:53:45 [INFO] [Rank 2] Weights loaded.
2026-04-10 11:53:49 [INFO] [Rank 1] Loading weights...
2026-04-10 11:53:54 [INFO] [Rank 1] Weights loaded.
2026-04-10 11:55:26 [INFO] [Rank 0] Loading weights...
2026-04-10 11:55:41 [INFO] [Rank 0] Weights loaded.
2026-04-10 12:02:05 [INFO] [Rank 1] Finished. Latency: 384515 ms
2026-04-10 12:02:05 [INFO] [Rank 2] Finished. Latency: 384515 ms
2026-04-10 12:02:05 [INFO] [Rank 0] Finished. Latency: 384515 ms
2026-04-10 12:02:05 [INFO] [Rank 3] Finished. Latency: 384520 ms
2026-04-10 12:02:09 [INFO] Total latency:     384515 ms
2026-04-10 12:02:09 [INFO] Peak 5GB memory:   2670 MB
2026-04-10 12:02:09 [INFO] Avg  5GB memory:   1424 MB
2026-04-10 12:02:09 [INFO] [396/441] Split [30, 6, 4, 0] | Batch: 32 | Microbatch: 2 | Microbatches: 16
2026-04-10 12:02:09 [INFO] Loading WikiText... (SEQ_LEN=64, BATCH=32)
2026-04-10 12:02:23 [INFO] [Rank 3] Loading weights...
2026-04-10 12:02:26 [INFO] [Rank 3] Weights loaded.
2026-04-10 12:02:34 [INFO] [Rank 2] Loading weights...
2026-04-10 12:02:38 [INFO] [Rank 2] Weights loaded.
2026-04-10 12:02:42 [INFO] [Rank 1] Loading weights...
2026-04-10 12:02:47 [INFO] [Rank 1] Weights loaded.
2026-04-10 12:04:19 [INFO] [Rank 0] Loading weights...
2026-04-10 12:04:34 [INFO] [Rank 0] Weights loaded.
2026-04-10 12:17:07 [INFO] [Rank 2] Finished. Latency: 752708 ms
2026-04-10 12:17:07 [INFO] [Rank 1] Finished. Latency: 752708 ms
2026-04-10 12:17:07 [INFO] [Rank 0] Finished. Latency: 752708 ms
2026-04-10 12:17:07 [INFO] [Rank 3] Finished. Latency: 752713 ms
2026-04-10 12:17:11 [INFO] Total latency:     752708 ms
2026-04-10 12:17:11 [INFO] Peak 5GB memory:   3950 MB
2026-04-10 12:17:11 [INFO] Avg  5GB memory:   1426 MB
2026-04-10 12:17:11 [INFO] [397/441] Split [30, 7, 2, 1] | Batch: 8 | Microbatch: 4 | Microbatches: 2
2026-04-10 12:17:11 [INFO] Loading WikiText... (SEQ_LEN=64, BATCH=8)
2026-04-10 12:17:29 [INFO] [Rank 2] Loading weights...
2026-04-10 12:17:30 [INFO] [Rank 3] Loading weights...
2026-04-10 12:17:32 [INFO] [Rank 2] Weights loaded.
2026-04-10 12:17:34 [INFO] [Rank 3] Weights loaded.
2026-04-10 12:17:49 [INFO] [Rank 1] Loading weights...
2026-04-10 12:17:55 [INFO] [Rank 1] Weights loaded.
2026-04-10 12:19:22 [INFO] [Rank 0] Loading weights...
2026-04-10 12:19:37 [INFO] [Rank 0] Weights loaded.
2026-04-10 12:21:13 [INFO] [Rank 2] Finished. Latency: 95584 ms
2026-04-10 12:21:13 [INFO] [Rank 1] Finished. Latency: 95584 ms
2026-04-10 12:21:13 [INFO] [Rank 0] Finished. Latency: 95584 ms
2026-04-10 12:21:13 [INFO] [Rank 3] Finished. Latency: 95594 ms
2026-04-10 12:21:17 [INFO] Total latency:     95584 ms
2026-04-10 12:21:17 [INFO] Peak 5GB memory:   5010 MB
2026-04-10 12:21:17 [INFO] Avg  5GB memory:   2370 MB
2026-04-10 12:21:17 [INFO] [398/441] Split [30, 7, 2, 1] | Batch: 8 | Microbatch: 2 | Microbatches: 4
2026-04-10 12:21:17 [INFO] Loading WikiText... (SEQ_LEN=64, BATCH=8)
2026-04-10 12:21:20 [WARNING] '('Connection broken: IncompleteRead(0 bytes read, 65536 more expected)', IncompleteRead(0 bytes read, 65536 more expected))' thrown while requesting GET https://huggingface.co/datasets/wikitext/resolve/b08601e04326c79dfdd32d625aee71d232d685c3/wikitext-2-raw-v1/test-00000-of-00001.parquet
2026-04-10 12:21:20 [WARNING] Retrying in 1s [Retry 1/5].
2026-04-10 12:21:37 [INFO] [Rank 2] Loading weights...
2026-04-10 12:21:38 [INFO] [Rank 3] Loading weights...
2026-04-10 12:21:40 [INFO] [Rank 2] Weights loaded.
2026-04-10 12:21:41 [INFO] [Rank 3] Weights loaded.
2026-04-10 12:21:56 [INFO] [Rank 1] Loading weights...
2026-04-10 12:22:02 [INFO] [Rank 1] Weights loaded.
2026-04-10 12:23:29 [INFO] [Rank 0] Loading weights...
2026-04-10 12:23:44 [INFO] [Rank 0] Weights loaded.
2026-04-10 12:26:50 [INFO] [Rank 2] Finished. Latency: 185461 ms
2026-04-10 12:26:50 [INFO] [Rank 1] Finished. Latency: 185461 ms
2026-04-10 12:26:50 [INFO] [Rank 0] Finished. Latency: 185461 ms
2026-04-10 12:26:50 [INFO] [Rank 3] Finished. Latency: 185470 ms
2026-04-10 12:26:54 [INFO] Total latency:     185461 ms
2026-04-10 12:26:54 [INFO] Peak 5GB memory:   5010 MB
2026-04-10 12:26:54 [INFO] Avg  5GB memory:   2415 MB
2026-04-10 12:26:54 [INFO] [399/441] Split [30, 7, 2, 1] | Batch: 16 | Microbatch: 8 | Microbatches: 2
2026-04-10 12:26:54 [INFO] Loading WikiText... (SEQ_LEN=64, BATCH=16)
2026-04-10 12:27:12 [INFO] [Rank 2] Loading weights...
2026-04-10 12:27:13 [INFO] [Rank 3] Loading weights...
2026-04-10 12:27:15 [INFO] [Rank 2] Weights loaded.
2026-04-10 12:27:16 [INFO] [Rank 3] Weights loaded.
2026-04-10 12:27:31 [INFO] [Rank 1] Loading weights...
2026-04-10 12:27:37 [INFO] [Rank 1] Weights loaded.
2026-04-10 12:29:04 [INFO] [Rank 0] Loading weights...
2026-04-10 12:29:19 [INFO] [Rank 0] Weights loaded.
2026-04-10 12:30:58 [INFO] [Rank 2] Finished. Latency: 98717 ms
2026-04-10 12:30:58 [INFO] [Rank 1] Finished. Latency: 98717 ms
2026-04-10 12:30:58 [INFO] [Rank 0] Finished. Latency: 98717 ms
2026-04-10 12:30:58 [INFO] [Rank 3] Finished. Latency: 98726 ms
2026-04-10 12:31:02 [INFO] Total latency:     98717 ms
2026-04-10 12:31:02 [INFO] Peak 5GB memory:   5010 MB
2026-04-10 12:31:02 [INFO] Avg  5GB memory:   2409 MB
2026-04-10 12:31:02 [INFO] [400/441] Split [30, 7, 2, 1] | Batch: 16 | Microbatch: 4 | Microbatches: 4
2026-04-10 12:31:02 [INFO] Loading WikiText... (SEQ_LEN=64, BATCH=16)
2026-04-10 12:31:20 [INFO] [Rank 2] Loading weights...
2026-04-10 12:31:21 [INFO] [Rank 3] Loading weights...
2026-04-10 12:31:23 [INFO] [Rank 2] Weights loaded.
2026-04-10 12:31:24 [INFO] [Rank 3] Weights loaded.
2026-04-10 12:31:40 [INFO] [Rank 1] Loading weights...
2026-04-10 12:31:45 [INFO] [Rank 1] Weights loaded.
2026-04-10 12:33:12 [INFO] [Rank 0] Loading weights...
2026-04-10 12:33:27 [INFO] [Rank 0] Weights loaded.
2026-04-10 12:36:36 [INFO] [Rank 2] Finished. Latency: 188845 ms
2026-04-10 12:36:36 [INFO] [Rank 1] Finished. Latency: 188845 ms
2026-04-10 12:36:36 [INFO] [Rank 0] Finished. Latency: 188845 ms
2026-04-10 12:36:36 [INFO] [Rank 3] Finished. Latency: 188854 ms
2026-04-10 12:36:40 [INFO] Total latency:     188845 ms
2026-04-10 12:36:40 [INFO] Peak 5GB memory:   3730 MB
2026-04-10 12:36:40 [INFO] Avg  5GB memory:   2423 MB
2026-04-10 12:36:40 [INFO] [401/441] Split [30, 7, 2, 1] | Batch: 16 | Microbatch: 2 | Microbatches: 8
2026-04-10 12:36:40 [INFO] Loading WikiText... (SEQ_LEN=64, BATCH=16)
2026-04-10 12:36:43 [WARNING] '('Connection broken: IncompleteRead(0 bytes read, 732606 more expected)', IncompleteRead(0 bytes read, 732606 more expected))' thrown while requesting GET https://huggingface.co/datasets/wikitext/resolve/b08601e04326c79dfdd32d625aee71d232d685c3/wikitext-2-raw-v1/test-00000-of-00001.parquet
2026-04-10 12:36:43 [WARNING] Retrying in 1s [Retry 1/5].
2026-04-10 12:37:00 [INFO] [Rank 2] Loading weights...
2026-04-10 12:37:01 [INFO] [Rank 3] Loading weights...
2026-04-10 12:37:03 [INFO] [Rank 2] Weights loaded.
2026-04-10 12:37:04 [INFO] [Rank 3] Weights loaded.
2026-04-10 12:37:20 [INFO] [Rank 1] Loading weights...
2026-04-10 12:37:25 [INFO] [Rank 1] Weights loaded.
2026-04-10 12:38:52 [INFO] [Rank 0] Loading weights...
2026-04-10 12:39:07 [INFO] [Rank 0] Weights loaded.
2026-04-10 12:45:16 [INFO] [Rank 2] Finished. Latency: 368700 ms
2026-04-10 12:45:16 [INFO] [Rank 1] Finished. Latency: 368700 ms
2026-04-10 12:45:16 [INFO] [Rank 0] Finished. Latency: 368700 ms
2026-04-10 12:45:16 [INFO] [Rank 3] Finished. Latency: 368709 ms
2026-04-10 12:45:20 [INFO] Total latency:     368700 ms
2026-04-10 12:45:20 [INFO] Peak 5GB memory:   5010 MB
2026-04-10 12:45:20 [INFO] Avg  5GB memory:   2466 MB
2026-04-10 12:45:20 [INFO] [402/441] Split [30, 7, 2, 1] | Batch: 32 | Microbatch: 16 | Microbatches: 2
2026-04-10 12:45:20 [INFO] Loading WikiText... (SEQ_LEN=64, BATCH=32)
2026-04-10 12:45:38 [INFO] [Rank 2] Loading weights...
2026-04-10 12:45:39 [INFO] [Rank 3] Loading weights...
2026-04-10 12:45:41 [INFO] [Rank 2] Weights loaded.
2026-04-10 12:45:42 [INFO] [Rank 3] Weights loaded.
2026-04-10 12:45:58 [INFO] [Rank 1] Loading weights...
2026-04-10 12:46:03 [INFO] [Rank 1] Weights loaded.
2026-04-10 12:47:30 [INFO] [Rank 0] Loading weights...
2026-04-10 12:47:45 [INFO] [Rank 0] Weights loaded.
2026-04-10 12:49:31 [INFO] [Rank 1] Finished. Latency: 105273 ms
2026-04-10 12:49:31 [INFO] [Rank 2] Finished. Latency: 105273 ms
2026-04-10 12:49:31 [INFO] [Rank 0] Finished. Latency: 105273 ms
2026-04-10 12:49:31 [INFO] [Rank 3] Finished. Latency: 105284 ms
2026-04-10 12:49:35 [INFO] Total latency:     105273 ms
2026-04-10 12:49:35 [INFO] Peak 5GB memory:   3730 MB
2026-04-10 12:49:35 [INFO] Avg  5GB memory:   2492 MB
2026-04-10 12:49:35 [INFO] [403/441] Split [30, 7, 2, 1] | Batch: 32 | Microbatch: 8 | Microbatches: 4
2026-04-10 12:49:35 [INFO] Loading WikiText... (SEQ_LEN=64, BATCH=32)
2026-04-10 12:49:53 [INFO] [Rank 2] Loading weights...
2026-04-10 12:49:54 [INFO] [Rank 3] Loading weights...
2026-04-10 12:49:56 [INFO] [Rank 2] Weights loaded.
2026-04-10 12:49:57 [INFO] [Rank 3] Weights loaded.
2026-04-10 12:50:13 [INFO] [Rank 1] Loading weights...
2026-04-10 12:50:18 [INFO] [Rank 1] Weights loaded.
2026-04-10 12:51:46 [INFO] [Rank 0] Loading weights...
2026-04-10 12:52:00 [INFO] [Rank 0] Weights loaded.
2026-04-10 12:55:16 [INFO] [Rank 2] Finished. Latency: 195435 ms
2026-04-10 12:55:16 [INFO] [Rank 0] Finished. Latency: 195435 ms
2026-04-10 12:55:16 [INFO] [Rank 1] Finished. Latency: 195435 ms
2026-04-10 12:55:16 [INFO] [Rank 3] Finished. Latency: 195445 ms
2026-04-10 12:55:20 [INFO] Total latency:     195435 ms
2026-04-10 12:55:20 [INFO] Peak 5GB memory:   5010 MB
2026-04-10 12:55:20 [INFO] Avg  5GB memory:   2477 MB
2026-04-10 12:55:20 [INFO] [404/441] Split [30, 7, 2, 1] | Batch: 32 | Microbatch: 4 | Microbatches: 8
2026-04-10 12:55:20 [INFO] Loading WikiText... (SEQ_LEN=64, BATCH=32)
2026-04-10 12:55:37 [INFO] [Rank 2] Loading weights...
2026-04-10 12:55:38 [INFO] [Rank 3] Loading weights...
2026-04-10 12:55:41 [INFO] [Rank 2] Weights loaded.
2026-04-10 12:55:42 [INFO] [Rank 3] Weights loaded.
2026-04-10 12:55:57 [INFO] [Rank 1] Loading weights...
2026-04-10 12:56:03 [INFO] [Rank 1] Weights loaded.
2026-04-10 12:57:29 [INFO] [Rank 0] Loading weights...
2026-04-10 12:57:44 [INFO] [Rank 0] Weights loaded.
2026-04-10 13:04:00 [INFO] [Rank 2] Finished. Latency: 375375 ms
2026-04-10 13:04:00 [INFO] [Rank 1] Finished. Latency: 375375 ms
2026-04-10 13:04:00 [INFO] [Rank 0] Finished. Latency: 375375 ms
2026-04-10 13:04:00 [INFO] [Rank 3] Finished. Latency: 375385 ms
2026-04-10 13:04:04 [INFO] Total latency:     375375 ms
2026-04-10 13:04:04 [INFO] Peak 5GB memory:   3730 MB
2026-04-10 13:04:04 [INFO] Avg  5GB memory:   2507 MB
2026-04-10 13:04:04 [INFO] [405/441] Split [30, 7, 2, 1] | Batch: 32 | Microbatch: 2 | Microbatches: 16
2026-04-10 13:04:04 [INFO] Loading WikiText... (SEQ_LEN=64, BATCH=32)
2026-04-10 13:04:22 [INFO] [Rank 2] Loading weights...
2026-04-10 13:04:23 [INFO] [Rank 3] Loading weights...
2026-04-10 13:04:25 [INFO] [Rank 2] Weights loaded.
2026-04-10 13:04:26 [INFO] [Rank 3] Weights loaded.
2026-04-10 13:04:42 [INFO] [Rank 1] Loading weights...
2026-04-10 13:04:47 [INFO] [Rank 1] Weights loaded.
2026-04-10 13:06:14 [INFO] [Rank 0] Loading weights...
2026-04-10 13:06:29 [INFO] [Rank 0] Weights loaded.
2026-04-10 13:18:47 [INFO] [Rank 1] Finished. Latency: 738239 ms
2026-04-10 13:18:47 [INFO] [Rank 2] Finished. Latency: 738239 ms
2026-04-10 13:18:47 [INFO] [Rank 0] Finished. Latency: 738239 ms
2026-04-10 13:18:47 [INFO] [Rank 3] Finished. Latency: 738248 ms
2026-04-10 13:18:51 [INFO] Total latency:     738239 ms
2026-04-10 13:18:51 [INFO] Peak 5GB memory:   3730 MB
2026-04-10 13:18:51 [INFO] Avg  5GB memory:   2539 MB
2026-04-10 13:18:51 [INFO] [406/441] Split [30, 7, 3, 0] | Batch: 8 | Microbatch: 4 | Microbatches: 2
2026-04-10 13:18:51 [INFO] Loading WikiText... (SEQ_LEN=64, BATCH=8)
2026-04-10 13:18:55 [WARNING] '('Connection broken: IncompleteRead(0 bytes read, 732606 more expected)', IncompleteRead(0 bytes read, 732606 more expected))' thrown while requesting GET https://huggingface.co/datasets/wikitext/resolve/b08601e04326c79dfdd32d625aee71d232d685c3/wikitext-2-raw-v1/test-00000-of-00001.parquet
2026-04-10 13:18:55 [WARNING] Retrying in 1s [Retry 1/5].
2026-04-10 13:19:09 [INFO] [Rank 3] Loading weights...
2026-04-10 13:19:11 [INFO] [Rank 3] Weights loaded.
2026-04-10 13:19:16 [INFO] [Rank 2] Loading weights...
2026-04-10 13:19:19 [INFO] [Rank 2] Weights loaded.
2026-04-10 13:19:32 [INFO] [Rank 1] Loading weights...
2026-04-10 13:19:37 [INFO] [Rank 1] Weights loaded.
2026-04-10 13:21:05 [INFO] [Rank 0] Loading weights...
2026-04-10 13:21:20 [INFO] [Rank 0] Weights loaded.
2026-04-10 13:22:56 [INFO] [Rank 2] Finished. Latency: 95862 ms
2026-04-10 13:22:56 [INFO] [Rank 1] Finished. Latency: 95862 ms
2026-04-10 13:22:56 [INFO] [Rank 0] Finished. Latency: 95862 ms
2026-04-10 13:22:56 [INFO] [Rank 3] Finished. Latency: 95867 ms
2026-04-10 13:23:00 [INFO] Total latency:     95862 ms
2026-04-10 13:23:00 [INFO] Peak 5GB memory:   3950 MB
2026-04-10 13:23:00 [INFO] Avg  5GB memory:   1365 MB
2026-04-10 13:23:00 [INFO] [407/441] Split [30, 7, 3, 0] | Batch: 8 | Microbatch: 2 | Microbatches: 4
2026-04-10 13:23:00 [INFO] Loading WikiText... (SEQ_LEN=64, BATCH=8)
2026-04-10 13:23:14 [INFO] [Rank 3] Loading weights...
2026-04-10 13:23:17 [INFO] [Rank 3] Weights loaded.
2026-04-10 13:23:21 [INFO] [Rank 2] Loading weights...
2026-04-10 13:23:25 [INFO] [Rank 2] Weights loaded.
2026-04-10 13:23:38 [INFO] [Rank 1] Loading weights...
2026-04-10 13:23:43 [INFO] [Rank 1] Weights loaded.
2026-04-10 13:25:10 [INFO] [Rank 0] Loading weights...
2026-04-10 13:25:24 [INFO] [Rank 0] Weights loaded.
2026-04-10 13:28:30 [INFO] [Rank 2] Finished. Latency: 185587 ms
2026-04-10 13:28:30 [INFO] [Rank 0] Finished. Latency: 185587 ms
2026-04-10 13:28:30 [INFO] [Rank 1] Finished. Latency: 185587 ms
2026-04-10 13:28:30 [INFO] [Rank 3] Finished. Latency: 185592 ms
2026-04-10 13:28:34 [INFO] Total latency:     185587 ms
2026-04-10 13:28:34 [INFO] Peak 5GB memory:   3950 MB
2026-04-10 13:28:34 [INFO] Avg  5GB memory:   1389 MB
2026-04-10 13:28:34 [INFO] [408/441] Split [30, 7, 3, 0] | Batch: 16 | Microbatch: 8 | Microbatches: 2
2026-04-10 13:28:34 [INFO] Loading WikiText... (SEQ_LEN=64, BATCH=16)
2026-04-10 13:28:49 [INFO] [Rank 3] Loading weights...
2026-04-10 13:28:52 [INFO] [Rank 3] Weights loaded.
2026-04-10 13:28:56 [INFO] [Rank 2] Loading weights...
2026-04-10 13:29:00 [INFO] [Rank 2] Weights loaded.
2026-04-10 13:29:12 [INFO] [Rank 1] Loading weights...
2026-04-10 13:29:18 [INFO] [Rank 1] Weights loaded.
2026-04-10 13:30:44 [INFO] [Rank 0] Loading weights...
2026-04-10 13:30:59 [INFO] [Rank 0] Weights loaded.
2026-04-10 13:32:38 [INFO] [Rank 2] Finished. Latency: 98711 ms
2026-04-10 13:32:38 [INFO] [Rank 1] Finished. Latency: 98711 ms
2026-04-10 13:32:38 [INFO] [Rank 0] Finished. Latency: 98711 ms
2026-04-10 13:32:38 [INFO] [Rank 3] Finished. Latency: 98716 ms
2026-04-10 13:32:42 [INFO] Total latency:     98711 ms
2026-04-10 13:32:42 [INFO] Peak 5GB memory:   2670 MB
2026-04-10 13:32:42 [INFO] Avg  5GB memory:   1361 MB
2026-04-10 13:32:42 [INFO] [409/441] Split [30, 7, 3, 0] | Batch: 16 | Microbatch: 4 | Microbatches: 4
2026-04-10 13:32:42 [INFO] Loading WikiText... (SEQ_LEN=64, BATCH=16)
2026-04-10 13:32:45 [WARNING] '('Connection broken: IncompleteRead(0 bytes read, 732606 more expected)', IncompleteRead(0 bytes read, 732606 more expected))' thrown while requesting GET https://huggingface.co/datasets/wikitext/resolve/b08601e04326c79dfdd32d625aee71d232d685c3/wikitext-2-raw-v1/test-00000-of-00001.parquet
2026-04-10 13:32:45 [WARNING] Retrying in 1s [Retry 1/5].
2026-04-10 13:33:00 [INFO] [Rank 3] Loading weights...
2026-04-10 13:33:02 [INFO] [Rank 3] Weights loaded.
2026-04-10 13:33:06 [INFO] [Rank 2] Loading weights...
2026-04-10 13:33:10 [INFO] [Rank 2] Weights loaded.
2026-04-10 13:33:22 [INFO] [Rank 1] Loading weights...
2026-04-10 13:33:28 [INFO] [Rank 1] Weights loaded.
2026-04-10 13:34:55 [INFO] [Rank 0] Loading weights...
2026-04-10 13:35:10 [INFO] [Rank 0] Weights loaded.
2026-04-10 13:38:19 [INFO] [Rank 2] Finished. Latency: 188999 ms
2026-04-10 13:38:19 [INFO] [Rank 1] Finished. Latency: 188999 ms
2026-04-10 13:38:19 [INFO] [Rank 0] Finished. Latency: 188999 ms
2026-04-10 13:38:19 [INFO] [Rank 3] Finished. Latency: 189004 ms
2026-04-10 13:38:23 [INFO] Total latency:     188999 ms
2026-04-10 13:38:23 [INFO] Peak 5GB memory:   2670 MB
2026-04-10 13:38:23 [INFO] Avg  5GB memory:   1386 MB
2026-04-10 13:38:23 [INFO] [410/441] Split [30, 7, 3, 0] | Batch: 16 | Microbatch: 2 | Microbatches: 8
2026-04-10 13:38:23 [INFO] Loading WikiText... (SEQ_LEN=64, BATCH=16)
2026-04-10 13:38:38 [INFO] [Rank 3] Loading weights...
2026-04-10 13:38:40 [INFO] [Rank 3] Weights loaded.
2026-04-10 13:38:45 [INFO] [Rank 2] Loading weights...
2026-04-10 13:38:48 [INFO] [Rank 2] Weights loaded.
2026-04-10 13:39:00 [INFO] [Rank 1] Loading weights...
2026-04-10 13:39:06 [INFO] [Rank 1] Weights loaded.
2026-04-10 13:40:33 [INFO] [Rank 0] Loading weights...
2026-04-10 13:40:49 [INFO] [Rank 0] Weights loaded.
2026-04-10 13:46:57 [INFO] [Rank 1] Finished. Latency: 368083 ms
2026-04-10 13:46:57 [INFO] [Rank 2] Finished. Latency: 368083 ms
2026-04-10 13:46:57 [INFO] [Rank 0] Finished. Latency: 368083 ms
2026-04-10 13:46:57 [INFO] [Rank 3] Finished. Latency: 368088 ms
2026-04-10 13:47:01 [INFO] Total latency:     368083 ms
2026-04-10 13:47:01 [INFO] Peak 5GB memory:   3950 MB
2026-04-10 13:47:01 [INFO] Avg  5GB memory:   1408 MB
2026-04-10 13:47:01 [INFO] [411/441] Split [30, 7, 3, 0] | Batch: 32 | Microbatch: 16 | Microbatches: 2
2026-04-10 13:47:01 [INFO] Loading WikiText... (SEQ_LEN=64, BATCH=32)
2026-04-10 13:47:15 [INFO] [Rank 3] Loading weights...
2026-04-10 13:47:18 [INFO] [Rank 3] Weights loaded.
2026-04-10 13:47:22 [INFO] [Rank 2] Loading weights...
2026-04-10 13:47:26 [INFO] [Rank 2] Weights loaded.
2026-04-10 13:47:38 [INFO] [Rank 1] Loading weights...
2026-04-10 13:47:44 [INFO] [Rank 1] Weights loaded.
2026-04-10 13:49:11 [INFO] [Rank 0] Loading weights...
2026-04-10 13:49:26 [INFO] [Rank 0] Weights loaded.
2026-04-10 13:51:11 [INFO] [Rank 1] Finished. Latency: 105405 ms
2026-04-10 13:51:11 [INFO] [Rank 0] Finished. Latency: 105405 ms
2026-04-10 13:51:11 [INFO] [Rank 2] Finished. Latency: 105405 ms
2026-04-10 13:51:11 [INFO] [Rank 3] Finished. Latency: 105410 ms
2026-04-10 13:51:15 [INFO] Total latency:     105405 ms
2026-04-10 13:51:15 [INFO] Peak 5GB memory:   2670 MB
2026-04-10 13:51:15 [INFO] Avg  5GB memory:   1388 MB
2026-04-10 13:51:15 [INFO] [412/441] Split [30, 7, 3, 0] | Batch: 32 | Microbatch: 8 | Microbatches: 4
2026-04-10 13:51:15 [INFO] Loading WikiText... (SEQ_LEN=64, BATCH=32)
2026-04-10 13:51:19 [WARNING] '('Connection broken: IncompleteRead(0 bytes read, 732606 more expected)', IncompleteRead(0 bytes read, 732606 more expected))' thrown while requesting GET https://huggingface.co/datasets/wikitext/resolve/b08601e04326c79dfdd32d625aee71d232d685c3/wikitext-2-raw-v1/test-00000-of-00001.parquet
2026-04-10 13:51:19 [WARNING] Retrying in 1s [Retry 1/5].
2026-04-10 13:51:32 [INFO] [Rank 3] Loading weights...
2026-04-10 13:51:35 [INFO] [Rank 3] Weights loaded.
2026-04-10 13:51:39 [INFO] [Rank 2] Loading weights...
2026-04-10 13:51:43 [INFO] [Rank 2] Weights loaded.
2026-04-10 13:51:55 [INFO] [Rank 1] Loading weights...
2026-04-10 13:52:00 [INFO] [Rank 1] Weights loaded.
2026-04-10 13:53:27 [INFO] [Rank 0] Loading weights...
2026-04-10 13:53:42 [INFO] [Rank 0] Weights loaded.
2026-04-10 13:56:58 [INFO] [Rank 1] Finished. Latency: 195527 ms
2026-04-10 13:56:58 [INFO] [Rank 2] Finished. Latency: 195527 ms
2026-04-10 13:56:58 [INFO] [Rank 0] Finished. Latency: 195527 ms
2026-04-10 13:56:58 [INFO] [Rank 3] Finished. Latency: 195531 ms
2026-04-10 13:57:02 [INFO] Total latency:     195527 ms
2026-04-10 13:57:02 [INFO] Peak 5GB memory:   2670 MB
2026-04-10 13:57:02 [INFO] Avg  5GB memory:   1402 MB
2026-04-10 13:57:02 [INFO] [413/441] Split [30, 7, 3, 0] | Batch: 32 | Microbatch: 4 | Microbatches: 8
2026-04-10 13:57:02 [INFO] Loading WikiText... (SEQ_LEN=64, BATCH=32)
2026-04-10 13:57:17 [INFO] [Rank 3] Loading weights...
2026-04-10 13:57:19 [INFO] [Rank 3] Weights loaded.
2026-04-10 13:57:24 [INFO] [Rank 2] Loading weights...
2026-04-10 13:57:27 [INFO] [Rank 2] Weights loaded.
2026-04-10 13:57:39 [INFO] [Rank 1] Loading weights...
2026-04-10 13:57:45 [INFO] [Rank 1] Weights loaded.
2026-04-10 13:59:12 [INFO] [Rank 0] Loading weights...
2026-04-10 13:59:27 [INFO] [Rank 0] Weights loaded.
2026-04-10 14:05:43 [INFO] [Rank 2] Finished. Latency: 375858 ms
2026-04-10 14:05:43 [INFO] [Rank 1] Finished. Latency: 375858 ms
2026-04-10 14:05:43 [INFO] [Rank 0] Finished. Latency: 375858 ms
2026-04-10 14:05:43 [INFO] [Rank 3] Finished. Latency: 375863 ms
2026-04-10 14:05:47 [INFO] Total latency:     375858 ms
2026-04-10 14:05:47 [INFO] Peak 5GB memory:   2670 MB
2026-04-10 14:05:47 [INFO] Avg  5GB memory:   1425 MB
2026-04-10 14:05:47 [INFO] [414/441] Split [30, 7, 3, 0] | Batch: 32 | Microbatch: 2 | Microbatches: 16
2026-04-10 14:05:47 [INFO] Loading WikiText... (SEQ_LEN=64, BATCH=32)
2026-04-10 14:06:05 [INFO] [Rank 3] Loading weights...
2026-04-10 14:06:08 [INFO] [Rank 3] Weights loaded.
2026-04-10 14:06:12 [INFO] [Rank 2] Loading weights...
2026-04-10 14:06:16 [INFO] [Rank 2] Weights loaded.
2026-04-10 14:06:28 [INFO] [Rank 1] Loading weights...
2026-04-10 14:06:33 [INFO] [Rank 1] Weights loaded.
2026-04-10 14:08:01 [INFO] [Rank 0] Loading weights...
2026-04-10 14:08:16 [INFO] [Rank 0] Weights loaded.
2026-04-10 14:20:31 [INFO] [Rank 2] Finished. Latency: 734372 ms
2026-04-10 14:20:31 [INFO] [Rank 0] Finished. Latency: 734372 ms
2026-04-10 14:20:31 [INFO] [Rank 1] Finished. Latency: 734372 ms
2026-04-10 14:20:31 [INFO] [Rank 3] Finished. Latency: 734378 ms
2026-04-10 14:20:35 [INFO] Total latency:     734372 ms
2026-04-10 14:20:35 [INFO] Peak 5GB memory:   2670 MB
2026-04-10 14:20:35 [INFO] Avg  5GB memory:   1424 MB
2026-04-10 14:20:35 [INFO] [415/441] Split [30, 8, 1, 1] | Batch: 8 | Microbatch: 4 | Microbatches: 2
2026-04-10 14:20:35 [INFO] Loading WikiText... (SEQ_LEN=64, BATCH=8)
2026-04-10 14:20:50 [INFO] [Rank 2] Loading weights...
2026-04-10 14:20:53 [INFO] [Rank 2] Weights loaded.
2026-04-10 14:20:55 [INFO] [Rank 3] Loading weights...
2026-04-10 14:20:58 [INFO] [Rank 3] Weights loaded.
2026-04-10 14:21:18 [INFO] [Rank 1] Loading weights...
2026-04-10 14:21:24 [INFO] [Rank 1] Weights loaded.
2026-04-10 14:22:47 [INFO] [Rank 0] Loading weights...
2026-04-10 14:23:02 [INFO] [Rank 0] Weights loaded.
2026-04-10 14:24:35 [INFO] [Rank 2] Finished. Latency: 93191 ms
2026-04-10 14:24:35 [INFO] [Rank 1] Finished. Latency: 93191 ms
2026-04-10 14:24:35 [INFO] [Rank 0] Finished. Latency: 93191 ms
2026-04-10 14:24:35 [INFO] [Rank 3] Finished. Latency: 93201 ms
2026-04-10 14:24:39 [INFO] Total latency:     93191 ms
2026-04-10 14:24:39 [INFO] Peak 5GB memory:   3730 MB
2026-04-10 14:24:39 [INFO] Avg  5GB memory:   2374 MB
2026-04-10 14:24:39 [INFO] [416/441] Split [30, 8, 1, 1] | Batch: 8 | Microbatch: 2 | Microbatches: 4
2026-04-10 14:24:39 [INFO] Loading WikiText... (SEQ_LEN=64, BATCH=8)
2026-04-10 14:24:53 [INFO] [Rank 2] Loading weights...
2026-04-10 14:24:56 [INFO] [Rank 2] Weights loaded.
2026-04-10 14:24:58 [INFO] [Rank 3] Loading weights...
2026-04-10 14:25:01 [INFO] [Rank 3] Weights loaded.
2026-04-10 14:25:21 [INFO] [Rank 1] Loading weights...
2026-04-10 14:25:27 [INFO] [Rank 1] Weights loaded.
2026-04-10 14:26:51 [INFO] [Rank 0] Loading weights...
2026-04-10 14:27:06 [INFO] [Rank 0] Weights loaded.
2026-04-10 14:30:07 [INFO] [Rank 2] Finished. Latency: 181079 ms
2026-04-10 14:30:07 [INFO] [Rank 1] Finished. Latency: 181079 ms
2026-04-10 14:30:07 [INFO] [Rank 0] Finished. Latency: 181079 ms
2026-04-10 14:30:07 [INFO] [Rank 3] Finished. Latency: 181088 ms
2026-04-10 14:30:11 [INFO] Total latency:     181079 ms
2026-04-10 14:30:11 [INFO] Peak 5GB memory:   3730 MB
2026-04-10 14:30:11 [INFO] Avg  5GB memory:   2406 MB
2026-04-10 14:30:11 [INFO] [417/441] Split [30, 8, 1, 1] | Batch: 16 | Microbatch: 8 | Microbatches: 2
2026-04-10 14:30:11 [INFO] Loading WikiText... (SEQ_LEN=64, BATCH=16)
2026-04-10 14:30:25 [INFO] [Rank 2] Loading weights...
2026-04-10 14:30:27 [INFO] [Rank 2] Weights loaded.
2026-04-10 14:30:30 [INFO] [Rank 3] Loading weights...
2026-04-10 14:30:33 [INFO] [Rank 3] Weights loaded.
2026-04-10 14:30:52 [INFO] [Rank 1] Loading weights...
2026-04-10 14:30:59 [INFO] [Rank 1] Weights loaded.
2026-04-10 14:32:21 [INFO] [Rank 0] Loading weights...
2026-04-10 14:32:36 [INFO] [Rank 0] Weights loaded.
2026-04-10 14:34:13 [INFO] [Rank 2] Finished. Latency: 96234 ms
2026-04-10 14:34:13 [INFO] [Rank 0] Finished. Latency: 96234 ms
2026-04-10 14:34:13 [INFO] [Rank 1] Finished. Latency: 96234 ms
2026-04-10 14:34:13 [INFO] [Rank 3] Finished. Latency: 96244 ms
2026-04-10 14:34:17 [INFO] Total latency:     96234 ms
2026-04-10 14:34:17 [INFO] Peak 5GB memory:   5010 MB
2026-04-10 14:34:17 [INFO] Avg  5GB memory:   2411 MB
2026-04-10 14:34:17 [INFO] [418/441] Split [30, 8, 1, 1] | Batch: 16 | Microbatch: 4 | Microbatches: 4
2026-04-10 14:34:17 [INFO] Loading WikiText... (SEQ_LEN=64, BATCH=16)
2026-04-10 14:34:31 [INFO] [Rank 2] Loading weights...
2026-04-10 14:34:33 [INFO] [Rank 2] Weights loaded.
2026-04-10 14:34:36 [INFO] [Rank 3] Loading weights...
2026-04-10 14:34:39 [INFO] [Rank 3] Weights loaded.
2026-04-10 14:34:58 [INFO] [Rank 1] Loading weights...
2026-04-10 14:35:04 [INFO] [Rank 1] Weights loaded.
2026-04-10 14:36:27 [INFO] [Rank 0] Loading weights...
2026-04-10 14:36:42 [INFO] [Rank 0] Weights loaded.
2026-04-10 14:39:47 [INFO] [Rank 2] Finished. Latency: 184198 ms
2026-04-10 14:39:47 [INFO] [Rank 1] Finished. Latency: 184198 ms
2026-04-10 14:39:47 [INFO] [Rank 0] Finished. Latency: 184198 ms
2026-04-10 14:39:47 [INFO] [Rank 3] Finished. Latency: 184207 ms
2026-04-10 14:39:51 [INFO] Total latency:     184198 ms
2026-04-10 14:39:51 [INFO] Peak 5GB memory:   3730 MB
2026-04-10 14:39:51 [INFO] Avg  5GB memory:   2428 MB
2026-04-10 14:39:51 [INFO] [419/441] Split [30, 8, 1, 1] | Batch: 16 | Microbatch: 2 | Microbatches: 8
2026-04-10 14:39:51 [INFO] Loading WikiText... (SEQ_LEN=64, BATCH=16)
2026-04-10 14:40:05 [INFO] [Rank 2] Loading weights...
2026-04-10 14:40:07 [INFO] [Rank 2] Weights loaded.
2026-04-10 14:40:10 [INFO] [Rank 3] Loading weights...
2026-04-10 14:40:13 [INFO] [Rank 3] Weights loaded.
2026-04-10 14:40:32 [INFO] [Rank 1] Loading weights...
2026-04-10 14:40:38 [INFO] [Rank 1] Weights loaded.
2026-04-10 14:42:01 [INFO] [Rank 0] Loading weights...
2026-04-10 14:42:16 [INFO] [Rank 0] Weights loaded.
2026-04-10 14:48:15 [INFO] [Rank 1] Finished. Latency: 359268 ms
2026-04-10 14:48:15 [INFO] [Rank 0] Finished. Latency: 359268 ms
2026-04-10 14:48:15 [INFO] [Rank 2] Finished. Latency: 359268 ms
2026-04-10 14:48:15 [INFO] [Rank 3] Finished. Latency: 359277 ms
2026-04-10 14:48:19 [INFO] Total latency:     359268 ms
2026-04-10 14:48:19 [INFO] Peak 5GB memory:   3730 MB
2026-04-10 14:48:19 [INFO] Avg  5GB memory:   2461 MB
2026-04-10 14:48:19 [INFO] [420/441] Split [30, 8, 1, 1] | Batch: 32 | Microbatch: 16 | Microbatches: 2
2026-04-10 14:48:19 [INFO] Loading WikiText... (SEQ_LEN=64, BATCH=32)
2026-04-10 14:48:23 [WARNING] '('Connection broken: IncompleteRead(0 bytes read, 65536 more expected)', IncompleteRead(0 bytes read, 65536 more expected))' thrown while requesting GET https://huggingface.co/datasets/wikitext/resolve/b08601e04326c79dfdd32d625aee71d232d685c3/wikitext-2-raw-v1/test-00000-of-00001.parquet
2026-04-10 14:48:23 [WARNING] Retrying in 1s [Retry 1/5].
2026-04-10 14:48:36 [INFO] [Rank 2] Loading weights...
2026-04-10 14:48:38 [INFO] [Rank 2] Weights loaded.
2026-04-10 14:48:41 [INFO] [Rank 3] Loading weights...
2026-04-10 14:48:44 [INFO] [Rank 3] Weights loaded.
2026-04-10 14:49:04 [INFO] [Rank 1] Loading weights...
2026-04-10 14:49:10 [INFO] [Rank 1] Weights loaded.
2026-04-10 14:50:32 [INFO] [Rank 0] Loading weights...
2026-04-10 14:50:47 [INFO] [Rank 0] Weights loaded.
2026-04-10 14:52:30 [INFO] [Rank 1] Finished. Latency: 102645 ms
2026-04-10 14:52:30 [INFO] [Rank 2] Finished. Latency: 102645 ms
2026-04-10 14:52:30 [INFO] [Rank 0] Finished. Latency: 102646 ms
2026-04-10 14:52:30 [INFO] [Rank 3] Finished. Latency: 102656 ms
2026-04-10 14:52:34 [INFO] Total latency:     102646 ms
2026-04-10 14:52:34 [INFO] Peak 5GB memory:   5010 MB
2026-04-10 14:52:34 [INFO] Avg  5GB memory:   2487 MB
2026-04-10 14:52:34 [INFO] [421/441] Split [30, 8, 1, 1] | Batch: 32 | Microbatch: 8 | Microbatches: 4
2026-04-10 14:52:34 [INFO] Loading WikiText... (SEQ_LEN=64, BATCH=32)
2026-04-10 14:52:48 [INFO] [Rank 2] Loading weights...
2026-04-10 14:52:50 [INFO] [Rank 2] Weights loaded.
2026-04-10 14:52:53 [INFO] [Rank 3] Loading weights...
2026-04-10 14:52:56 [INFO] [Rank 3] Weights loaded.
2026-04-10 14:53:16 [INFO] [Rank 1] Loading weights...
2026-04-10 14:53:22 [INFO] [Rank 1] Weights loaded.
2026-04-10 14:54:43 [INFO] [Rank 0] Loading weights...
2026-04-10 14:54:58 [INFO] [Rank 0] Weights loaded.
2026-04-10 14:58:09 [INFO] [Rank 2] Finished. Latency: 190376 ms
2026-04-10 14:58:09 [INFO] [Rank 0] Finished. Latency: 190376 ms
2026-04-10 14:58:09 [INFO] [Rank 1] Finished. Latency: 190376 ms
2026-04-10 14:58:09 [INFO] [Rank 3] Finished. Latency: 190385 ms
2026-04-10 14:58:13 [INFO] Total latency:     190376 ms
2026-04-10 14:58:13 [INFO] Peak 5GB memory:   3730 MB
2026-04-10 14:58:13 [INFO] Avg  5GB memory:   2472 MB
2026-04-10 14:58:13 [INFO] [422/441] Split [30, 8, 1, 1] | Batch: 32 | Microbatch: 4 | Microbatches: 8
2026-04-10 14:58:13 [INFO] Loading WikiText... (SEQ_LEN=64, BATCH=32)
2026-04-10 14:58:27 [INFO] [Rank 2] Loading weights...
2026-04-10 14:58:30 [INFO] [Rank 2] Weights loaded.
2026-04-10 14:58:32 [INFO] [Rank 3] Loading weights...
2026-04-10 14:58:36 [INFO] [Rank 3] Weights loaded.
2026-04-10 14:58:55 [INFO] [Rank 1] Loading weights...
2026-04-10 14:59:01 [INFO] [Rank 1] Weights loaded.
2026-04-10 15:00:24 [INFO] [Rank 0] Loading weights...
2026-04-10 15:00:39 [INFO] [Rank 0] Weights loaded.
2026-04-10 15:06:46 [INFO] [Rank 0] Finished. Latency: 366307 ms
2026-04-10 15:06:46 [INFO] [Rank 1] Finished. Latency: 366307 ms
2026-04-10 15:06:46 [INFO] [Rank 2] Finished. Latency: 366307 ms
2026-04-10 15:06:46 [INFO] [Rank 3] Finished. Latency: 366317 ms
2026-04-10 15:06:50 [INFO] Total latency:     366307 ms
2026-04-10 15:06:50 [INFO] Peak 5GB memory:   5010 MB
2026-04-10 15:06:50 [INFO] Avg  5GB memory:   2502 MB
2026-04-10 15:06:50 [INFO] [423/441] Split [30, 8, 1, 1] | Batch: 32 | Microbatch: 2 | Microbatches: 16
2026-04-10 15:06:50 [INFO] Loading WikiText... (SEQ_LEN=64, BATCH=32)
2026-04-10 15:06:53 [WARNING] '('Connection broken: IncompleteRead(0 bytes read, 732606 more expected)', IncompleteRead(0 bytes read, 732606 more expected))' thrown while requesting GET https://huggingface.co/datasets/wikitext/resolve/b08601e04326c79dfdd32d625aee71d232d685c3/wikitext-2-raw-v1/test-00000-of-00001.parquet
2026-04-10 15:06:53 [WARNING] Retrying in 1s [Retry 1/5].
2026-04-10 15:07:06 [INFO] [Rank 2] Loading weights...
2026-04-10 15:07:08 [INFO] [Rank 2] Weights loaded.
2026-04-10 15:07:11 [INFO] [Rank 3] Loading weights...
2026-04-10 15:07:14 [INFO] [Rank 3] Weights loaded.
2026-04-10 15:07:33 [INFO] [Rank 1] Loading weights...
2026-04-10 15:07:39 [INFO] [Rank 1] Weights loaded.
2026-04-10 15:09:02 [INFO] [Rank 0] Loading weights...
2026-04-10 15:09:17 [INFO] [Rank 0] Weights loaded.
2026-04-10 15:21:13 [INFO] [Rank 2] Finished. Latency: 715410 ms
2026-04-10 15:21:13 [INFO] [Rank 1] Finished. Latency: 715410 ms
2026-04-10 15:21:13 [INFO] [Rank 0] Finished. Latency: 715410 ms
2026-04-10 15:21:13 [INFO] [Rank 3] Finished. Latency: 715419 ms
2026-04-10 15:21:17 [INFO] Total latency:     715410 ms
2026-04-10 15:21:17 [INFO] Peak 5GB memory:   3730 MB
2026-04-10 15:21:17 [INFO] Avg  5GB memory:   2539 MB
2026-04-10 15:21:17 [INFO] [424/441] Split [30, 8, 2, 0] | Batch: 8 | Microbatch: 4 | Microbatches: 2
2026-04-10 15:21:17 [INFO] Loading WikiText... (SEQ_LEN=64, BATCH=8)
2026-04-10 15:21:31 [INFO] [Rank 3] Loading weights...
2026-04-10 15:21:34 [INFO] [Rank 3] Weights loaded.
2026-04-10 15:21:34 [INFO] [Rank 2] Loading weights...
2026-04-10 15:21:37 [INFO] [Rank 2] Weights loaded.
2026-04-10 15:21:58 [INFO] [Rank 1] Loading weights...
2026-04-10 15:22:04 [INFO] [Rank 1] Weights loaded.
2026-04-10 15:23:26 [INFO] [Rank 0] Loading weights...
2026-04-10 15:23:42 [INFO] [Rank 0] Weights loaded.
2026-04-10 15:25:15 [INFO] [Rank 2] Finished. Latency: 93253 ms
2026-04-10 15:25:15 [INFO] [Rank 1] Finished. Latency: 93253 ms
2026-04-10 15:25:15 [INFO] [Rank 0] Finished. Latency: 93253 ms
2026-04-10 15:25:15 [INFO] [Rank 3] Finished. Latency: 93258 ms
2026-04-10 15:25:19 [INFO] Total latency:     93253 ms
2026-04-10 15:25:19 [INFO] Peak 5GB memory:   3950 MB
2026-04-10 15:25:19 [INFO] Avg  5GB memory:   1364 MB
2026-04-10 15:25:19 [INFO] [425/441] Split [30, 8, 2, 0] | Batch: 8 | Microbatch: 2 | Microbatches: 4
2026-04-10 15:25:19 [INFO] Loading WikiText... (SEQ_LEN=64, BATCH=8)
2026-04-10 15:25:34 [INFO] [Rank 3] Loading weights...
2026-04-10 15:25:37 [INFO] [Rank 3] Weights loaded.
2026-04-10 15:25:37 [INFO] [Rank 2] Loading weights...
2026-04-10 15:25:40 [INFO] [Rank 2] Weights loaded.
2026-04-10 15:26:01 [INFO] [Rank 1] Loading weights...
2026-04-10 15:26:07 [INFO] [Rank 1] Weights loaded.
2026-04-10 15:27:29 [INFO] [Rank 0] Loading weights...
2026-04-10 15:27:44 [INFO] [Rank 0] Weights loaded.
2026-04-10 15:30:45 [INFO] [Rank 2] Finished. Latency: 180709 ms
2026-04-10 15:30:45 [INFO] [Rank 1] Finished. Latency: 180709 ms
2026-04-10 15:30:45 [INFO] [Rank 0] Finished. Latency: 180709 ms
2026-04-10 15:30:45 [INFO] [Rank 3] Finished. Latency: 180714 ms
2026-04-10 15:30:49 [INFO] Total latency:     180709 ms
2026-04-10 15:30:49 [INFO] Peak 5GB memory:   2670 MB
2026-04-10 15:30:49 [INFO] Avg  5GB memory:   1384 MB
2026-04-10 15:30:49 [INFO] [426/441] Split [30, 8, 2, 0] | Batch: 16 | Microbatch: 8 | Microbatches: 2
2026-04-10 15:30:49 [INFO] Loading WikiText... (SEQ_LEN=64, BATCH=16)
2026-04-10 15:31:04 [INFO] [Rank 3] Loading weights...
2026-04-10 15:31:07 [INFO] [Rank 3] Weights loaded.
2026-04-10 15:31:07 [INFO] [Rank 2] Loading weights...
2026-04-10 15:31:10 [INFO] [Rank 2] Weights loaded.
2026-04-10 15:31:31 [INFO] [Rank 1] Loading weights...
2026-04-10 15:31:37 [INFO] [Rank 1] Weights loaded.
2026-04-10 15:33:00 [INFO] [Rank 0] Loading weights...
2026-04-10 15:33:15 [INFO] [Rank 0] Weights loaded.
2026-04-10 15:34:51 [INFO] [Rank 2] Finished. Latency: 96270 ms
2026-04-10 15:34:51 [INFO] [Rank 1] Finished. Latency: 96270 ms
2026-04-10 15:34:51 [INFO] [Rank 0] Finished. Latency: 96270 ms
2026-04-10 15:34:51 [INFO] [Rank 3] Finished. Latency: 96275 ms
2026-04-10 15:34:55 [INFO] Total latency:     96270 ms
2026-04-10 15:34:55 [INFO] Peak 5GB memory:   3950 MB
2026-04-10 15:34:55 [INFO] Avg  5GB memory:   1369 MB
2026-04-10 15:34:55 [INFO] [427/441] Split [30, 8, 2, 0] | Batch: 16 | Microbatch: 4 | Microbatches: 4
2026-04-10 15:34:55 [INFO] Loading WikiText... (SEQ_LEN=64, BATCH=16)
2026-04-10 15:34:58 [WARNING] '('Connection broken: IncompleteRead(0 bytes read, 732606 more expected)', IncompleteRead(0 bytes read, 732606 more expected))' thrown while requesting GET https://huggingface.co/datasets/wikitext/resolve/b08601e04326c79dfdd32d625aee71d232d685c3/wikitext-2-raw-v1/test-00000-of-00001.parquet
2026-04-10 15:34:58 [WARNING] Retrying in 1s [Retry 1/5].
2026-04-10 15:35:01 [WARNING] '('Connection broken: IncompleteRead(0 bytes read, 732606 more expected)', IncompleteRead(0 bytes read, 732606 more expected))' thrown while requesting GET https://huggingface.co/datasets/wikitext/resolve/b08601e04326c79dfdd32d625aee71d232d685c3/wikitext-2-raw-v1/test-00000-of-00001.parquet
2026-04-10 15:35:01 [WARNING] Retrying in 2s [Retry 2/5].
2026-04-10 15:35:04 [WARNING] '('Connection broken: IncompleteRead(0 bytes read, 732606 more expected)', IncompleteRead(0 bytes read, 732606 more expected))' thrown while requesting GET https://huggingface.co/datasets/wikitext/resolve/b08601e04326c79dfdd32d625aee71d232d685c3/wikitext-2-raw-v1/test-00000-of-00001.parquet
2026-04-10 15:35:04 [WARNING] Retrying in 4s [Retry 3/5].
2026-04-10 15:35:20 [INFO] [Rank 3] Loading weights...
2026-04-10 15:35:23 [INFO] [Rank 3] Weights loaded.
2026-04-10 15:35:24 [INFO] [Rank 2] Loading weights...
2026-04-10 15:35:27 [INFO] [Rank 2] Weights loaded.
2026-04-10 15:35:47 [INFO] [Rank 1] Loading weights...
2026-04-10 15:35:53 [INFO] [Rank 1] Weights loaded.
2026-04-10 15:37:15 [INFO] [Rank 0] Loading weights...
2026-04-10 15:37:30 [INFO] [Rank 0] Weights loaded.
2026-04-10 15:40:35 [INFO] [Rank 2] Finished. Latency: 184164 ms
2026-04-10 15:40:35 [INFO] [Rank 0] Finished. Latency: 184164 ms
2026-04-10 15:40:35 [INFO] [Rank 1] Finished. Latency: 184164 ms
2026-04-10 15:40:35 [INFO] [Rank 3] Finished. Latency: 184169 ms
2026-04-10 15:40:39 [INFO] Total latency:     184164 ms
2026-04-10 15:40:39 [INFO] Peak 5GB memory:   3950 MB
2026-04-10 15:40:39 [INFO] Avg  5GB memory:   1389 MB
2026-04-10 15:40:39 [INFO] [428/441] Split [30, 8, 2, 0] | Batch: 16 | Microbatch: 2 | Microbatches: 8
2026-04-10 15:40:39 [INFO] Loading WikiText... (SEQ_LEN=64, BATCH=16)
2026-04-10 15:40:54 [INFO] [Rank 3] Loading weights...
2026-04-10 15:40:56 [INFO] [Rank 3] Weights loaded.
2026-04-10 15:40:57 [INFO] [Rank 2] Loading weights...
2026-04-10 15:41:00 [INFO] [Rank 2] Weights loaded.
2026-04-10 15:41:20 [INFO] [Rank 1] Loading weights...
2026-04-10 15:41:26 [INFO] [Rank 1] Weights loaded.
2026-04-10 15:42:49 [INFO] [Rank 0] Loading weights...
2026-04-10 15:43:04 [INFO] [Rank 0] Weights loaded.
2026-04-10 15:49:03 [INFO] [Rank 1] Finished. Latency: 358621 ms
2026-04-10 15:49:03 [INFO] [Rank 2] Finished. Latency: 358621 ms
2026-04-10 15:49:03 [INFO] [Rank 0] Finished. Latency: 358621 ms
2026-04-10 15:49:03 [INFO] [Rank 3] Finished. Latency: 358626 ms
2026-04-10 15:49:07 [INFO] Total latency:     358621 ms
2026-04-10 15:49:07 [INFO] Peak 5GB memory:   3950 MB
2026-04-10 15:49:07 [INFO] Avg  5GB memory:   1408 MB
2026-04-10 15:49:07 [INFO] [429/441] Split [30, 8, 2, 0] | Batch: 32 | Microbatch: 16 | Microbatches: 2
2026-04-10 15:49:07 [INFO] Loading WikiText... (SEQ_LEN=64, BATCH=32)
2026-04-10 15:49:10 [WARNING] '('Connection broken: IncompleteRead(0 bytes read, 65536 more expected)', IncompleteRead(0 bytes read, 65536 more expected))' thrown while requesting GET https://huggingface.co/datasets/wikitext/resolve/b08601e04326c79dfdd32d625aee71d232d685c3/wikitext-2-raw-v1/test-00000-of-00001.parquet
2026-04-10 15:49:10 [WARNING] Retrying in 1s [Retry 1/5].
2026-04-10 15:49:23 [INFO] [Rank 3] Loading weights...
2026-04-10 15:49:26 [INFO] [Rank 3] Weights loaded.
2026-04-10 15:49:26 [INFO] [Rank 2] Loading weights...
2026-04-10 15:49:29 [INFO] [Rank 2] Weights loaded.
2026-04-10 15:49:50 [INFO] [Rank 1] Loading weights...
2026-04-10 15:49:56 [INFO] [Rank 1] Weights loaded.
2026-04-10 15:51:19 [INFO] [Rank 0] Loading weights...
2026-04-10 15:51:34 [INFO] [Rank 0] Weights loaded.
2026-04-10 15:53:17 [INFO] [Rank 2] Finished. Latency: 102725 ms
2026-04-10 15:53:17 [INFO] [Rank 1] Finished. Latency: 102725 ms
2026-04-10 15:53:17 [INFO] [Rank 0] Finished. Latency: 102725 ms
2026-04-10 15:53:17 [INFO] [Rank 3] Finished. Latency: 102731 ms
2026-04-10 15:53:21 [INFO] Total latency:     102725 ms
2026-04-10 15:53:21 [INFO] Peak 5GB memory:   3950 MB
2026-04-10 15:53:21 [INFO] Avg  5GB memory:   1393 MB
2026-04-10 15:53:21 [INFO] [430/441] Split [30, 8, 2, 0] | Batch: 32 | Microbatch: 8 | Microbatches: 4
2026-04-10 15:53:21 [INFO] Loading WikiText... (SEQ_LEN=64, BATCH=32)
2026-04-10 15:53:36 [INFO] [Rank 3] Loading weights...
2026-04-10 15:53:38 [INFO] [Rank 3] Weights loaded.
2026-04-10 15:53:39 [INFO] [Rank 2] Loading weights...
2026-04-10 15:53:42 [INFO] [Rank 2] Weights loaded.
2026-04-10 15:54:02 [INFO] [Rank 1] Loading weights...
2026-04-10 15:54:08 [INFO] [Rank 1] Weights loaded.
2026-04-10 15:55:31 [INFO] [Rank 0] Loading weights...
2026-04-10 15:55:46 [INFO] [Rank 0] Weights loaded.
2026-04-10 15:58:57 [INFO] [Rank 2] Finished. Latency: 190278 ms
2026-04-10 15:58:57 [INFO] [Rank 1] Finished. Latency: 190278 ms
2026-04-10 15:58:57 [INFO] [Rank 0] Finished. Latency: 190278 ms
2026-04-10 15:58:57 [INFO] [Rank 3] Finished. Latency: 190283 ms
2026-04-10 15:59:01 [INFO] Total latency:     190278 ms
2026-04-10 15:59:01 [INFO] Peak 5GB memory:   2670 MB
2026-04-10 15:59:01 [INFO] Avg  5GB memory:   1397 MB
2026-04-10 15:59:01 [INFO] [431/441] Split [30, 8, 2, 0] | Batch: 32 | Microbatch: 4 | Microbatches: 8
2026-04-10 15:59:01 [INFO] Loading WikiText... (SEQ_LEN=64, BATCH=32)
2026-04-10 15:59:15 [INFO] [Rank 3] Loading weights...
2026-04-10 15:59:18 [INFO] [Rank 3] Weights loaded.
2026-04-10 15:59:18 [INFO] [Rank 2] Loading weights...
2026-04-10 15:59:21 [INFO] [Rank 2] Weights loaded.
2026-04-10 15:59:42 [INFO] [Rank 1] Loading weights...
2026-04-10 15:59:48 [INFO] [Rank 1] Weights loaded.
2026-04-10 16:01:11 [INFO] [Rank 0] Loading weights...
2026-04-10 16:01:25 [INFO] [Rank 0] Weights loaded.
2026-04-10 16:07:32 [INFO] [Rank 2] Finished. Latency: 366124 ms
2026-04-10 16:07:32 [INFO] [Rank 1] Finished. Latency: 366124 ms
2026-04-10 16:07:32 [INFO] [Rank 0] Finished. Latency: 366124 ms
2026-04-10 16:07:32 [INFO] [Rank 3] Finished. Latency: 366129 ms
2026-04-10 16:07:36 [INFO] Total latency:     366124 ms
2026-04-10 16:07:36 [INFO] Peak 5GB memory:   3950 MB
2026-04-10 16:07:36 [INFO] Avg  5GB memory:   1423 MB
2026-04-10 16:07:36 [INFO] [432/441] Split [30, 8, 2, 0] | Batch: 32 | Microbatch: 2 | Microbatches: 16
2026-04-10 16:07:36 [INFO] Loading WikiText... (SEQ_LEN=64, BATCH=32)
2026-04-10 16:07:39 [WARNING] '('Connection broken: IncompleteRead(0 bytes read, 65536 more expected)', IncompleteRead(0 bytes read, 65536 more expected))' thrown while requesting GET https://huggingface.co/datasets/wikitext/resolve/b08601e04326c79dfdd32d625aee71d232d685c3/wikitext-2-raw-v1/test-00000-of-00001.parquet
2026-04-10 16:07:39 [WARNING] Retrying in 1s [Retry 1/5].
2026-04-10 16:07:53 [INFO] [Rank 3] Loading weights...
2026-04-10 16:07:56 [INFO] [Rank 3] Weights loaded.
2026-04-10 16:07:56 [INFO] [Rank 2] Loading weights...
2026-04-10 16:07:59 [INFO] [Rank 2] Weights loaded.
2026-04-10 16:08:19 [INFO] [Rank 1] Loading weights...
2026-04-10 16:08:25 [INFO] [Rank 1] Weights loaded.
2026-04-10 16:09:49 [INFO] [Rank 0] Loading weights...
2026-04-10 16:10:04 [INFO] [Rank 0] Weights loaded.
2026-04-10 16:21:59 [INFO] [Rank 2] Finished. Latency: 714801 ms
2026-04-10 16:21:59 [INFO] [Rank 0] Finished. Latency: 714801 ms
2026-04-10 16:21:59 [INFO] [Rank 1] Finished. Latency: 714801 ms
2026-04-10 16:21:59 [INFO] [Rank 3] Finished. Latency: 714806 ms
2026-04-10 16:22:03 [INFO] Total latency:     714801 ms
2026-04-10 16:22:03 [INFO] Peak 5GB memory:   3950 MB
2026-04-10 16:22:03 [INFO] Avg  5GB memory:   1423 MB
2026-04-10 16:22:03 [INFO] [433/441] Split [30, 9, 1, 0] | Batch: 8 | Microbatch: 4 | Microbatches: 2
2026-04-10 16:22:03 [INFO] Loading WikiText... (SEQ_LEN=64, BATCH=8)
2026-04-10 16:22:16 [INFO] [Rank 2] Loading weights...
2026-04-10 16:22:17 [INFO] [Rank 3] Loading weights...
2026-04-10 16:22:19 [INFO] [Rank 2] Weights loaded.
2026-04-10 16:22:20 [INFO] [Rank 3] Weights loaded.
2026-04-10 16:22:47 [INFO] [Rank 1] Loading weights...
2026-04-10 16:22:54 [INFO] [Rank 1] Weights loaded.
2026-04-10 16:24:13 [INFO] [Rank 0] Loading weights...
2026-04-10 16:24:28 [INFO] [Rank 0] Weights loaded.
2026-04-10 16:25:59 [INFO] [Rank 1] Finished. Latency: 90701 ms
2026-04-10 16:25:59 [INFO] [Rank 2] Finished. Latency: 90701 ms
2026-04-10 16:25:59 [INFO] [Rank 0] Finished. Latency: 90701 ms
2026-04-10 16:25:59 [INFO] [Rank 3] Finished. Latency: 90706 ms
2026-04-10 16:26:03 [INFO] Total latency:     90701 ms
2026-04-10 16:26:03 [INFO] Peak 5GB memory:   2670 MB
2026-04-10 16:26:03 [INFO] Avg  5GB memory:   1364 MB
2026-04-10 16:26:03 [INFO] [434/441] Split [30, 9, 1, 0] | Batch: 8 | Microbatch: 2 | Microbatches: 4
2026-04-10 16:26:03 [INFO] Loading WikiText... (SEQ_LEN=64, BATCH=8)
2026-04-10 16:26:15 [INFO] [Rank 2] Loading weights...
2026-04-10 16:26:16 [INFO] [Rank 3] Loading weights...
2026-04-10 16:26:18 [INFO] [Rank 2] Weights loaded.
2026-04-10 16:26:19 [INFO] [Rank 3] Weights loaded.
2026-04-10 16:26:47 [INFO] [Rank 1] Loading weights...
2026-04-10 16:26:53 [INFO] [Rank 1] Weights loaded.
2026-04-10 16:28:12 [INFO] [Rank 0] Loading weights...
2026-04-10 16:28:27 [INFO] [Rank 0] Weights loaded.
2026-04-10 16:31:23 [INFO] [Rank 1] Finished. Latency: 175842 ms
2026-04-10 16:31:23 [INFO] [Rank 2] Finished. Latency: 175842 ms
2026-04-10 16:31:23 [INFO] [Rank 0] Finished. Latency: 175842 ms
2026-04-10 16:31:23 [INFO] [Rank 3] Finished. Latency: 175847 ms
2026-04-10 16:31:27 [INFO] Total latency:     175842 ms
2026-04-10 16:31:27 [INFO] Peak 5GB memory:   3950 MB
2026-04-10 16:31:27 [INFO] Avg  5GB memory:   1387 MB
2026-04-10 16:31:27 [INFO] [435/441] Split [30, 9, 1, 0] | Batch: 16 | Microbatch: 8 | Microbatches: 2
2026-04-10 16:31:27 [INFO] Loading WikiText... (SEQ_LEN=64, BATCH=16)
2026-04-10 16:31:31 [WARNING] '('Connection broken: IncompleteRead(0 bytes read, 732606 more expected)', IncompleteRead(0 bytes read, 732606 more expected))' thrown while requesting GET https://huggingface.co/datasets/wikitext/resolve/b08601e04326c79dfdd32d625aee71d232d685c3/wikitext-2-raw-v1/test-00000-of-00001.parquet
2026-04-10 16:31:31 [WARNING] Retrying in 1s [Retry 1/5].
2026-04-10 16:31:44 [INFO] [Rank 2] Loading weights...
2026-04-10 16:31:45 [INFO] [Rank 3] Loading weights...
2026-04-10 16:31:46 [INFO] [Rank 2] Weights loaded.
2026-04-10 16:31:47 [INFO] [Rank 3] Weights loaded.
2026-04-10 16:32:15 [INFO] [Rank 1] Loading weights...
2026-04-10 16:32:21 [INFO] [Rank 1] Weights loaded.
2026-04-10 16:33:40 [INFO] [Rank 0] Loading weights...
2026-04-10 16:33:55 [INFO] [Rank 0] Weights loaded.
2026-04-10 16:35:29 [INFO] [Rank 2] Finished. Latency: 93554 ms
2026-04-10 16:35:29 [INFO] [Rank 1] Finished. Latency: 93554 ms
2026-04-10 16:35:29 [INFO] [Rank 0] Finished. Latency: 93554 ms
2026-04-10 16:35:29 [INFO] [Rank 3] Finished. Latency: 93559 ms
2026-04-10 16:35:33 [INFO] Total latency:     93554 ms
2026-04-10 16:35:33 [INFO] Peak 5GB memory:   2670 MB
2026-04-10 16:35:33 [INFO] Avg  5GB memory:   1362 MB
2026-04-10 16:35:33 [INFO] [436/441] Split [30, 9, 1, 0] | Batch: 16 | Microbatch: 4 | Microbatches: 4
2026-04-10 16:35:33 [INFO] Loading WikiText... (SEQ_LEN=64, BATCH=16)
2026-04-10 16:35:47 [INFO] [Rank 2] Loading weights...
2026-04-10 16:35:48 [INFO] [Rank 3] Loading weights...
2026-04-10 16:35:49 [INFO] [Rank 2] Weights loaded.
2026-04-10 16:35:50 [INFO] [Rank 3] Weights loaded.
2026-04-10 16:36:18 [INFO] [Rank 1] Loading weights...
2026-04-10 16:36:24 [INFO] [Rank 1] Weights loaded.
2026-04-10 16:37:43 [INFO] [Rank 0] Loading weights...
2026-04-10 16:37:58 [INFO] [Rank 0] Weights loaded.
2026-04-10 16:40:57 [INFO] [Rank 1] Finished. Latency: 179084 ms
2026-04-10 16:40:57 [INFO] [Rank 2] Finished. Latency: 179084 ms
2026-04-10 16:40:57 [INFO] [Rank 0] Finished. Latency: 179085 ms
2026-04-10 16:40:57 [INFO] [Rank 3] Finished. Latency: 179090 ms
2026-04-10 16:41:01 [INFO] Total latency:     179085 ms
2026-04-10 16:41:01 [INFO] Peak 5GB memory:   3950 MB
2026-04-10 16:41:01 [INFO] Avg  5GB memory:   1386 MB
2026-04-10 16:41:01 [INFO] [437/441] Split [30, 9, 1, 0] | Batch: 16 | Microbatch: 2 | Microbatches: 8
2026-04-10 16:41:01 [INFO] Loading WikiText... (SEQ_LEN=64, BATCH=16)
2026-04-10 16:41:15 [INFO] [Rank 2] Loading weights...
2026-04-10 16:41:16 [INFO] [Rank 3] Loading weights...
2026-04-10 16:41:18 [INFO] [Rank 2] Weights loaded.
2026-04-10 16:41:19 [INFO] [Rank 3] Weights loaded.
2026-04-10 16:41:46 [INFO] [Rank 1] Loading weights...
2026-04-10 16:41:53 [INFO] [Rank 1] Weights loaded.
2026-04-10 16:43:11 [INFO] [Rank 0] Loading weights...
2026-04-10 16:43:26 [INFO] [Rank 0] Weights loaded.
2026-04-10 16:49:15 [INFO] [Rank 2] Finished. Latency: 348898 ms
2026-04-10 16:49:15 [INFO] [Rank 1] Finished. Latency: 348898 ms
2026-04-10 16:49:15 [INFO] [Rank 0] Finished. Latency: 348898 ms
2026-04-10 16:49:15 [INFO] [Rank 3] Finished. Latency: 348903 ms
2026-04-10 16:49:19 [INFO] Total latency:     348898 ms
2026-04-10 16:49:19 [INFO] Peak 5GB memory:   2670 MB
2026-04-10 16:49:19 [INFO] Avg  5GB memory:   1406 MB
2026-04-10 16:49:19 [INFO] [438/441] Split [30, 9, 1, 0] | Batch: 32 | Microbatch: 16 | Microbatches: 2
2026-04-10 16:49:19 [INFO] Loading WikiText... (SEQ_LEN=64, BATCH=32)
2026-04-10 16:49:22 [WARNING] '('Connection broken: IncompleteRead(0 bytes read, 732606 more expected)', IncompleteRead(0 bytes read, 732606 more expected))' thrown while requesting GET https://huggingface.co/datasets/wikitext/resolve/b08601e04326c79dfdd32d625aee71d232d685c3/wikitext-2-raw-v1/test-00000-of-00001.parquet
2026-04-10 16:49:22 [WARNING] Retrying in 1s [Retry 1/5].
2026-04-10 16:49:35 [INFO] [Rank 2] Loading weights...
2026-04-10 16:49:36 [INFO] [Rank 3] Loading weights...
2026-04-10 16:49:37 [INFO] [Rank 2] Weights loaded.
2026-04-10 16:49:38 [INFO] [Rank 3] Weights loaded.
2026-04-10 16:50:06 [INFO] [Rank 1] Loading weights...
2026-04-10 16:50:13 [INFO] [Rank 1] Weights loaded.
2026-04-10 16:51:31 [INFO] [Rank 0] Loading weights...
2026-04-10 16:51:46 [INFO] [Rank 0] Weights loaded.
2026-04-10 16:53:26 [INFO] [Rank 2] Finished. Latency: 99820 ms
2026-04-10 16:53:26 [INFO] [Rank 1] Finished. Latency: 99820 ms
2026-04-10 16:53:26 [INFO] [Rank 0] Finished. Latency: 99820 ms
2026-04-10 16:53:26 [INFO] [Rank 3] Finished. Latency: 99825 ms
2026-04-10 16:53:30 [INFO] Total latency:     99820 ms
2026-04-10 16:53:30 [INFO] Peak 5GB memory:   3950 MB
2026-04-10 16:53:30 [INFO] Avg  5GB memory:   1391 MB
2026-04-10 16:53:30 [INFO] [439/441] Split [30, 9, 1, 0] | Batch: 32 | Microbatch: 8 | Microbatches: 4
2026-04-10 16:53:30 [INFO] Loading WikiText... (SEQ_LEN=64, BATCH=32)
2026-04-10 16:53:33 [WARNING] '('Connection broken: IncompleteRead(0 bytes read, 65536 more expected)', IncompleteRead(0 bytes read, 65536 more expected))' thrown while requesting GET https://huggingface.co/datasets/wikitext/resolve/b08601e04326c79dfdd32d625aee71d232d685c3/wikitext-2-raw-v1/test-00000-of-00001.parquet
2026-04-10 16:53:33 [WARNING] Retrying in 1s [Retry 1/5].
2026-04-10 16:53:46 [INFO] [Rank 2] Loading weights...
2026-04-10 16:53:47 [INFO] [Rank 3] Loading weights...
2026-04-10 16:53:49 [INFO] [Rank 2] Weights loaded.
2026-04-10 16:53:50 [INFO] [Rank 3] Weights loaded.
2026-04-10 16:54:17 [INFO] [Rank 1] Loading weights...
2026-04-10 16:54:24 [INFO] [Rank 1] Weights loaded.
2026-04-10 16:55:42 [INFO] [Rank 0] Loading weights...
2026-04-10 16:55:57 [INFO] [Rank 0] Weights loaded.
2026-04-10 16:59:03 [INFO] [Rank 2] Finished. Latency: 184968 ms
2026-04-10 16:59:03 [INFO] [Rank 0] Finished. Latency: 184968 ms
2026-04-10 16:59:03 [INFO] [Rank 1] Finished. Latency: 184968 ms
2026-04-10 16:59:03 [INFO] [Rank 3] Finished. Latency: 184973 ms
2026-04-10 16:59:07 [INFO] Total latency:     184968 ms
2026-04-10 16:59:07 [INFO] Peak 5GB memory:   2670 MB
2026-04-10 16:59:07 [INFO] Avg  5GB memory:   1392 MB
2026-04-10 16:59:07 [INFO] [440/441] Split [30, 9, 1, 0] | Batch: 32 | Microbatch: 4 | Microbatches: 8
2026-04-10 16:59:07 [INFO] Loading WikiText... (SEQ_LEN=64, BATCH=32)
2026-04-10 16:59:10 [WARNING] '('Connection broken: IncompleteRead(0 bytes read, 732606 more expected)', IncompleteRead(0 bytes read, 732606 more expected))' thrown while requesting GET https://huggingface.co/datasets/wikitext/resolve/b08601e04326c79dfdd32d625aee71d232d685c3/wikitext-2-raw-v1/test-00000-of-00001.parquet
2026-04-10 16:59:10 [WARNING] Retrying in 1s [Retry 1/5].
2026-04-10 16:59:23 [INFO] [Rank 2] Loading weights...
2026-04-10 16:59:24 [INFO] [Rank 3] Loading weights...
2026-04-10 16:59:25 [INFO] [Rank 2] Weights loaded.
2026-04-10 16:59:27 [INFO] [Rank 3] Weights loaded.
2026-04-10 16:59:54 [INFO] [Rank 1] Loading weights...
2026-04-10 17:00:00 [INFO] [Rank 1] Weights loaded.
2026-04-10 17:01:20 [INFO] [Rank 0] Loading weights...
2026-04-10 17:01:35 [INFO] [Rank 0] Weights loaded.
2026-04-10 17:07:31 [INFO] [Rank 2] Finished. Latency: 356023 ms
2026-04-10 17:07:31 [INFO] [Rank 1] Finished. Latency: 356023 ms
2026-04-10 17:07:31 [INFO] [Rank 0] Finished. Latency: 356023 ms
2026-04-10 17:07:31 [INFO] [Rank 3] Finished. Latency: 356028 ms
2026-04-10 17:07:35 [INFO] Total latency:     356023 ms
2026-04-10 17:07:35 [INFO] Peak 5GB memory:   3950 MB
2026-04-10 17:07:35 [INFO] Avg  5GB memory:   1421 MB
2026-04-10 17:07:35 [INFO] [441/441] Split [30, 9, 1, 0] | Batch: 32 | Microbatch: 2 | Microbatches: 16
2026-04-10 17:07:35 [INFO] Loading WikiText... (SEQ_LEN=64, BATCH=32)
2026-04-10 17:07:48 [INFO] [Rank 2] Loading weights...
2026-04-10 17:07:49 [INFO] [Rank 3] Loading weights...
2026-04-10 17:07:51 [INFO] [Rank 2] Weights loaded.
2026-04-10 17:07:52 [INFO] [Rank 3] Weights loaded.
2026-04-10 17:08:19 [INFO] [Rank 1] Loading weights...
2026-04-10 17:08:26 [INFO] [Rank 1] Weights loaded.
2026-04-10 17:09:45 [INFO] [Rank 0] Loading weights...
2026-04-10 17:10:00 [INFO] [Rank 0] Weights loaded.
2026-04-10 17:21:35 [INFO] [Rank 1] Finished. Latency: 694685 ms
2026-04-10 17:21:35 [INFO] [Rank 2] Finished. Latency: 694685 ms
2026-04-10 17:21:35 [INFO] [Rank 0] Finished. Latency: 694686 ms
2026-04-10 17:21:35 [INFO] [Rank 3] Finished. Latency: 694690 ms
2026-04-10 17:21:39 [INFO] Total latency:     694686 ms
2026-04-10 17:21:39 [INFO] Peak 5GB memory:   3950 MB
2026-04-10 17:21:39 [INFO] Avg  5GB memory:   1423 MB
2026-04-10 17:21:39 [INFO] --- Best by Latency ---
2026-04-10 17:21:39 [INFO] Split: [30, 9, 1, 0] | Batch: 8 | MB: 4 | Latency: 90701 ms | Peak R2: 1282 MB | Peak R3: 2670 MB
2026-04-10 17:21:39 [INFO] --- Most Memory Efficient (lowest peak 5GB at batch=64) ---
2026-04-10 17:21:39 [INFO] 0 configurations skipped due to OOM
2026-04-10 17:21:39 [INFO] Done.
2026-04-10 17:21:39 [INFO] Benchmark results → mig_benchmark_results.csv
2026-04-10 17:21:39 [INFO] Memory trace      → mig_memory_trace.csv
