2026-04-10 19:35:13 [INFO] Setting up DCGM monitor group...
2026-04-10 19:35:14 [INFO] [1/245] Split [24, 10, 4, 2] | Batch: 64 | Microbatch: 32 | Microbatches: 2
2026-04-10 19:35:14 [INFO] Loading WikiText... (SEQ_LEN=64, BATCH=64)
2026-04-10 19:35:37 [INFO] [Rank 3] Loading weights...
2026-04-10 19:35:41 [INFO] [Rank 2] Loading weights...
2026-04-10 19:35:41 [INFO] [Rank 3] Weights loaded.
2026-04-10 19:35:45 [INFO] [Rank 2] Weights loaded.
2026-04-10 19:36:05 [INFO] [Rank 1] Loading weights...
2026-04-10 19:36:12 [INFO] [Rank 1] Weights loaded.
2026-04-10 19:37:03 [INFO] [Rank 0] Loading weights...
2026-04-10 19:37:16 [INFO] [Rank 0] Weights loaded.
2026-04-10 19:39:35 [INFO] [Rank 2] Finished. Latency: 138989 ms
2026-04-10 19:39:35 [INFO] [Rank 1] Finished. Latency: 138989 ms
2026-04-10 19:39:35 [INFO] [Rank 0] Finished. Latency: 138989 ms
2026-04-10 19:39:35 [INFO] [Rank 3] Finished. Latency: 139008 ms
2026-04-10 19:39:39 [INFO] Total latency:     138989 ms
2026-04-10 19:39:39 [INFO] Peak 5GB memory:   4790 MB
2026-04-10 19:39:39 [INFO] Avg  5GB memory:   3709 MB
2026-04-10 19:39:39 [INFO] [2/245] Split [24, 10, 4, 2] | Batch: 64 | Microbatch: 16 | Microbatches: 4
2026-04-10 19:39:39 [INFO] Loading WikiText... (SEQ_LEN=64, BATCH=64)
2026-04-10 19:40:02 [INFO] [Rank 3] Loading weights...
2026-04-10 19:40:05 [INFO] [Rank 2] Loading weights...
2026-04-10 19:40:05 [INFO] [Rank 3] Weights loaded.
2026-04-10 19:40:09 [INFO] [Rank 2] Weights loaded.
2026-04-10 19:40:29 [INFO] [Rank 1] Loading weights...
2026-04-10 19:40:36 [INFO] [Rank 1] Weights loaded.
2026-04-10 19:41:27 [INFO] [Rank 0] Loading weights...
2026-04-10 19:41:39 [INFO] [Rank 0] Weights loaded.
2026-04-10 19:45:41 [INFO] [Rank 2] Finished. Latency: 241811 ms
2026-04-10 19:45:41 [INFO] [Rank 1] Finished. Latency: 241811 ms
2026-04-10 19:45:41 [INFO] [Rank 0] Finished. Latency: 241811 ms
2026-04-10 19:45:41 [INFO] [Rank 3] Finished. Latency: 241826 ms
2026-04-10 19:45:45 [INFO] Total latency:     241811 ms
2026-04-10 19:45:45 [INFO] Peak 5GB memory:   6070 MB
2026-04-10 19:45:45 [INFO] Avg  5GB memory:   3653 MB
2026-04-10 19:45:45 [INFO] [3/245] Split [24, 10, 4, 2] | Batch: 64 | Microbatch: 8 | Microbatches: 8
2026-04-10 19:45:45 [INFO] Loading WikiText... (SEQ_LEN=64, BATCH=64)
2026-04-10 19:46:08 [INFO] [Rank 3] Loading weights...
2026-04-10 19:46:11 [INFO] [Rank 2] Loading weights...
2026-04-10 19:46:12 [INFO] [Rank 3] Weights loaded.
2026-04-10 19:46:16 [INFO] [Rank 2] Weights loaded.
2026-04-10 19:46:36 [INFO] [Rank 1] Loading weights...
2026-04-10 19:46:43 [INFO] [Rank 1] Weights loaded.
2026-04-10 19:47:34 [INFO] [Rank 0] Loading weights...
2026-04-10 19:47:46 [INFO] [Rank 0] Weights loaded.
2026-04-10 19:55:17 [INFO] [Rank 1] Finished. Latency: 450983 ms
2026-04-10 19:55:17 [INFO] [Rank 2] Finished. Latency: 450983 ms
2026-04-10 19:55:17 [INFO] [Rank 0] Finished. Latency: 450983 ms
2026-04-10 19:55:17 [INFO] [Rank 3] Finished. Latency: 450997 ms
2026-04-10 19:55:21 [INFO] Total latency:     450983 ms
2026-04-10 19:55:21 [INFO] Peak 5GB memory:   6070 MB
2026-04-10 19:55:21 [INFO] Avg  5GB memory:   3696 MB
2026-04-10 19:55:21 [INFO] [4/245] Split [24, 10, 4, 2] | Batch: 64 | Microbatch: 4 | Microbatches: 16
2026-04-10 19:55:21 [INFO] Loading WikiText... (SEQ_LEN=64, BATCH=64)
2026-04-10 19:55:44 [INFO] [Rank 3] Loading weights...
2026-04-10 19:55:48 [INFO] [Rank 2] Loading weights...
2026-04-10 19:55:48 [INFO] [Rank 3] Weights loaded.
2026-04-10 19:55:52 [INFO] [Rank 2] Weights loaded.
2026-04-10 19:56:11 [INFO] [Rank 1] Loading weights...
2026-04-10 19:56:18 [INFO] [Rank 1] Weights loaded.
2026-04-10 19:57:10 [INFO] [Rank 0] Loading weights...
2026-04-10 19:57:22 [INFO] [Rank 0] Weights loaded.
2026-04-10 20:11:53 [INFO] [Rank 2] Finished. Latency: 870314 ms
2026-04-10 20:11:53 [INFO] [Rank 0] Finished. Latency: 870314 ms
2026-04-10 20:11:53 [INFO] [Rank 1] Finished. Latency: 870314 ms
2026-04-10 20:11:53 [INFO] [Rank 3] Finished. Latency: 870327 ms
2026-04-10 20:11:57 [INFO] Total latency:     870314 ms
2026-04-10 20:11:57 [INFO] Peak 5GB memory:   6070 MB
2026-04-10 20:11:57 [INFO] Avg  5GB memory:   3764 MB
2026-04-10 20:11:57 [INFO] [5/245] Split [24, 10, 4, 2] | Batch: 64 | Microbatch: 2 | Microbatches: 32
2026-04-10 20:11:57 [INFO] Loading WikiText... (SEQ_LEN=64, BATCH=64)
2026-04-10 20:12:00 [WARNING] '('Connection broken: IncompleteRead(0 bytes read, 65536 more expected)', IncompleteRead(0 bytes read, 65536 more expected))' thrown while requesting GET https://huggingface.co/datasets/wikitext/resolve/b08601e04326c79dfdd32d625aee71d232d685c3/wikitext-2-raw-v1/test-00000-of-00001.parquet
2026-04-10 20:12:00 [WARNING] Retrying in 1s [Retry 1/5].
2026-04-10 20:12:22 [INFO] [Rank 3] Loading weights...
2026-04-10 20:12:25 [INFO] [Rank 2] Loading weights...
2026-04-10 20:12:26 [INFO] [Rank 3] Weights loaded.
2026-04-10 20:12:29 [INFO] [Rank 2] Weights loaded.
2026-04-10 20:12:49 [INFO] [Rank 1] Loading weights...
2026-04-10 20:12:56 [INFO] [Rank 1] Weights loaded.
2026-04-10 20:13:47 [INFO] [Rank 0] Loading weights...
2026-04-10 20:14:00 [INFO] [Rank 0] Weights loaded.
2026-04-10 20:42:24 [INFO] [Rank 2] Finished. Latency: 1703614 ms
2026-04-10 20:42:24 [INFO] [Rank 0] Finished. Latency: 1703614 ms
2026-04-10 20:42:24 [INFO] [Rank 1] Finished. Latency: 1703614 ms
2026-04-10 20:42:24 [INFO] [Rank 3] Finished. Latency: 1703627 ms
2026-04-10 20:42:27 [INFO] Total latency:     1703614 ms
2026-04-10 20:42:27 [INFO] Peak 5GB memory:   4790 MB
2026-04-10 20:42:27 [INFO] Avg  5GB memory:   3814 MB
2026-04-10 20:42:28 [INFO] [6/245] Split [25, 9, 4, 2] | Batch: 64 | Microbatch: 32 | Microbatches: 2
2026-04-10 20:42:28 [INFO] Loading WikiText... (SEQ_LEN=64, BATCH=64)
2026-04-10 20:42:50 [INFO] [Rank 3] Loading weights...
2026-04-10 20:42:54 [INFO] [Rank 2] Loading weights...
2026-04-10 20:42:54 [INFO] [Rank 3] Weights loaded.
2026-04-10 20:42:58 [INFO] [Rank 2] Weights loaded.
2026-04-10 20:43:13 [INFO] [Rank 1] Loading weights...
2026-04-10 20:43:20 [INFO] [Rank 1] Weights loaded.
2026-04-10 20:44:20 [INFO] [Rank 0] Loading weights...
2026-04-10 20:44:33 [INFO] [Rank 0] Weights loaded.
2026-04-10 20:46:50 [INFO] [Rank 2] Finished. Latency: 137250 ms
2026-04-10 20:46:50 [INFO] [Rank 1] Finished. Latency: 137250 ms
2026-04-10 20:46:50 [INFO] [Rank 0] Finished. Latency: 137250 ms
2026-04-10 20:46:50 [INFO] [Rank 3] Finished. Latency: 137268 ms
2026-04-10 20:46:54 [INFO] Total latency:     137250 ms
2026-04-10 20:46:54 [INFO] Peak 5GB memory:   4790 MB
2026-04-10 20:46:54 [INFO] Avg  5GB memory:   3712 MB
2026-04-10 20:46:54 [INFO] [7/245] Split [25, 9, 4, 2] | Batch: 64 | Microbatch: 16 | Microbatches: 4
2026-04-10 20:46:54 [INFO] Loading WikiText... (SEQ_LEN=64, BATCH=64)
2026-04-10 20:47:17 [INFO] [Rank 3] Loading weights...
2026-04-10 20:47:20 [INFO] [Rank 2] Loading weights...
2026-04-10 20:47:20 [INFO] [Rank 3] Weights loaded.
2026-04-10 20:47:24 [INFO] [Rank 2] Weights loaded.
2026-04-10 20:47:40 [INFO] [Rank 1] Loading weights...
2026-04-10 20:47:46 [INFO] [Rank 1] Weights loaded.
2026-04-10 20:48:48 [INFO] [Rank 0] Loading weights...
2026-04-10 20:49:01 [INFO] [Rank 0] Weights loaded.
2026-04-10 20:53:00 [INFO] [Rank 2] Finished. Latency: 238900 ms
2026-04-10 20:53:00 [INFO] [Rank 0] Finished. Latency: 238900 ms
2026-04-10 20:53:00 [INFO] [Rank 1] Finished. Latency: 238900 ms
2026-04-10 20:53:00 [INFO] [Rank 3] Finished. Latency: 238915 ms
2026-04-10 20:53:04 [INFO] Total latency:     238900 ms
2026-04-10 20:53:04 [INFO] Peak 5GB memory:   6070 MB
2026-04-10 20:53:04 [INFO] Avg  5GB memory:   3644 MB
2026-04-10 20:53:04 [INFO] [8/245] Split [25, 9, 4, 2] | Batch: 64 | Microbatch: 8 | Microbatches: 8
2026-04-10 20:53:04 [INFO] Loading WikiText... (SEQ_LEN=64, BATCH=64)
2026-04-10 20:53:27 [INFO] [Rank 3] Loading weights...
2026-04-10 20:53:30 [INFO] [Rank 2] Loading weights...
2026-04-10 20:53:30 [INFO] [Rank 3] Weights loaded.
2026-04-10 20:53:34 [INFO] [Rank 2] Weights loaded.
2026-04-10 20:53:50 [INFO] [Rank 1] Loading weights...
2026-04-10 20:53:56 [INFO] [Rank 1] Weights loaded.
2026-04-10 20:54:56 [INFO] [Rank 0] Loading weights...
2026-04-10 20:55:09 [INFO] [Rank 0] Weights loaded.
2026-04-10 21:02:35 [INFO] [Rank 1] Finished. Latency: 445418 ms
2026-04-10 21:02:35 [INFO] [Rank 0] Finished. Latency: 445418 ms
2026-04-10 21:02:35 [INFO] [Rank 2] Finished. Latency: 445417 ms
2026-04-10 21:02:35 [INFO] [Rank 3] Finished. Latency: 445432 ms
2026-04-10 21:02:39 [INFO] Total latency:     445418 ms
2026-04-10 21:02:39 [INFO] Peak 5GB memory:   6070 MB
2026-04-10 21:02:39 [INFO] Avg  5GB memory:   3693 MB
2026-04-10 21:02:39 [INFO] [9/245] Split [25, 9, 4, 2] | Batch: 64 | Microbatch: 4 | Microbatches: 16
2026-04-10 21:02:39 [INFO] Loading WikiText... (SEQ_LEN=64, BATCH=64)
2026-04-10 21:02:43 [WARNING] '('Connection broken: IncompleteRead(0 bytes read, 65536 more expected)', IncompleteRead(0 bytes read, 65536 more expected))' thrown while requesting GET https://huggingface.co/datasets/wikitext/resolve/b08601e04326c79dfdd32d625aee71d232d685c3/wikitext-2-raw-v1/test-00000-of-00001.parquet
2026-04-10 21:02:43 [WARNING] Retrying in 1s [Retry 1/5].
2026-04-10 21:03:04 [INFO] [Rank 3] Loading weights...
2026-04-10 21:03:08 [INFO] [Rank 2] Loading weights...
2026-04-10 21:03:08 [INFO] [Rank 3] Weights loaded.
2026-04-10 21:03:12 [INFO] [Rank 2] Weights loaded.
2026-04-10 21:03:27 [INFO] [Rank 1] Loading weights...
2026-04-10 21:03:34 [INFO] [Rank 1] Weights loaded.
2026-04-10 21:04:33 [INFO] [Rank 0] Loading weights...
2026-04-10 21:04:46 [INFO] [Rank 0] Weights loaded.
2026-04-10 21:19:06 [INFO] [Rank 2] Finished. Latency: 859388 ms
2026-04-10 21:19:06 [INFO] [Rank 0] Finished. Latency: 859388 ms
2026-04-10 21:19:06 [INFO] [Rank 1] Finished. Latency: 859388 ms
2026-04-10 21:19:06 [INFO] [Rank 3] Finished. Latency: 859402 ms
2026-04-10 21:19:10 [INFO] Total latency:     859388 ms
2026-04-10 21:19:10 [INFO] Peak 5GB memory:   4790 MB
2026-04-10 21:19:10 [INFO] Avg  5GB memory:   3762 MB
2026-04-10 21:19:10 [INFO] [10/245] Split [25, 9, 4, 2] | Batch: 64 | Microbatch: 2 | Microbatches: 32
2026-04-10 21:19:10 [INFO] Loading WikiText... (SEQ_LEN=64, BATCH=64)
2026-04-10 21:19:33 [INFO] [Rank 3] Loading weights...
2026-04-10 21:19:36 [INFO] [Rank 2] Loading weights...
2026-04-10 21:19:37 [INFO] [Rank 3] Weights loaded.
2026-04-10 21:19:40 [INFO] [Rank 2] Weights loaded.
2026-04-10 21:19:56 [INFO] [Rank 1] Loading weights...
2026-04-10 21:20:03 [INFO] [Rank 1] Weights loaded.
2026-04-10 21:21:02 [INFO] [Rank 0] Loading weights...
2026-04-10 21:21:14 [INFO] [Rank 0] Weights loaded.
2026-04-10 21:49:18 [INFO] [Rank 1] Finished. Latency: 1683233 ms
2026-04-10 21:49:18 [INFO] [Rank 2] Finished. Latency: 1683233 ms
2026-04-10 21:49:18 [INFO] [Rank 0] Finished. Latency: 1683233 ms
2026-04-10 21:49:18 [INFO] [Rank 3] Finished. Latency: 1683246 ms
2026-04-10 21:49:22 [INFO] Total latency:     1683233 ms
2026-04-10 21:49:22 [INFO] Peak 5GB memory:   6070 MB
2026-04-10 21:49:22 [INFO] Avg  5GB memory:   3812 MB
2026-04-10 21:49:22 [INFO] [11/245] Split [25, 10, 3, 2] | Batch: 64 | Microbatch: 32 | Microbatches: 2
2026-04-10 21:49:22 [INFO] Loading WikiText... (SEQ_LEN=64, BATCH=64)
2026-04-10 21:49:44 [INFO] [Rank 2] Loading weights...
2026-04-10 21:49:44 [INFO] [Rank 3] Loading weights...
2026-04-10 21:49:47 [INFO] [Rank 2] Weights loaded.
2026-04-10 21:49:48 [INFO] [Rank 3] Weights loaded.
2026-04-10 21:50:11 [INFO] [Rank 1] Loading weights...
2026-04-10 21:50:18 [INFO] [Rank 1] Weights loaded.
2026-04-10 21:51:14 [INFO] [Rank 0] Loading weights...
2026-04-10 21:51:26 [INFO] [Rank 0] Weights loaded.
2026-04-10 21:53:40 [INFO] [Rank 2] Finished. Latency: 133842 ms
2026-04-10 21:53:40 [INFO] [Rank 1] Finished. Latency: 133842 ms
2026-04-10 21:53:40 [INFO] [Rank 0] Finished. Latency: 133842 ms
2026-04-10 21:53:40 [INFO] [Rank 3] Finished. Latency: 133860 ms
2026-04-10 21:53:44 [INFO] Total latency:     133842 ms
2026-04-10 21:53:44 [INFO] Peak 5GB memory:   6070 MB
2026-04-10 21:53:44 [INFO] Avg  5GB memory:   3710 MB
2026-04-10 21:53:44 [INFO] [12/245] Split [25, 10, 3, 2] | Batch: 64 | Microbatch: 16 | Microbatches: 4
2026-04-10 21:53:44 [INFO] Loading WikiText... (SEQ_LEN=64, BATCH=64)
2026-04-10 21:54:06 [INFO] [Rank 2] Loading weights...
2026-04-10 21:54:07 [INFO] [Rank 3] Loading weights...
2026-04-10 21:54:10 [INFO] [Rank 2] Weights loaded.
2026-04-10 21:54:11 [INFO] [Rank 3] Weights loaded.
2026-04-10 21:54:33 [INFO] [Rank 1] Loading weights...
2026-04-10 21:54:40 [INFO] [Rank 1] Weights loaded.
2026-04-10 21:55:36 [INFO] [Rank 0] Loading weights...
2026-04-10 21:55:49 [INFO] [Rank 0] Weights loaded.
2026-04-10 21:59:42 [INFO] [Rank 2] Finished. Latency: 233296 ms
2026-04-10 21:59:42 [INFO] [Rank 0] Finished. Latency: 233296 ms
2026-04-10 21:59:42 [INFO] [Rank 1] Finished. Latency: 233296 ms
2026-04-10 21:59:42 [INFO] [Rank 3] Finished. Latency: 233312 ms
2026-04-10 21:59:46 [INFO] Total latency:     233296 ms
2026-04-10 21:59:46 [INFO] Peak 5GB memory:   4790 MB
2026-04-10 21:59:46 [INFO] Avg  5GB memory:   3647 MB
2026-04-10 21:59:46 [INFO] [13/245] Split [25, 10, 3, 2] | Batch: 64 | Microbatch: 8 | Microbatches: 8
2026-04-10 21:59:46 [INFO] Loading WikiText... (SEQ_LEN=64, BATCH=64)
2026-04-10 21:59:49 [WARNING] '('Connection broken: IncompleteRead(0 bytes read, 65536 more expected)', IncompleteRead(0 bytes read, 65536 more expected))' thrown while requesting GET https://huggingface.co/datasets/wikitext/resolve/b08601e04326c79dfdd32d625aee71d232d685c3/wikitext-2-raw-v1/test-00000-of-00001.parquet
2026-04-10 21:59:49 [WARNING] Retrying in 1s [Retry 1/5].
2026-04-10 22:00:11 [INFO] [Rank 2] Loading weights...
2026-04-10 22:00:12 [INFO] [Rank 3] Loading weights...
2026-04-10 22:00:14 [INFO] [Rank 2] Weights loaded.
2026-04-10 22:00:15 [INFO] [Rank 3] Weights loaded.
2026-04-10 22:00:39 [INFO] [Rank 1] Loading weights...
2026-04-10 22:00:46 [INFO] [Rank 1] Weights loaded.
2026-04-10 22:01:41 [INFO] [Rank 0] Loading weights...
2026-04-10 22:01:54 [INFO] [Rank 0] Weights loaded.
2026-04-10 22:09:09 [INFO] [Rank 1] Finished. Latency: 434922 ms
2026-04-10 22:09:09 [INFO] [Rank 2] Finished. Latency: 434922 ms
2026-04-10 22:09:09 [INFO] [Rank 0] Finished. Latency: 434922 ms
2026-04-10 22:09:09 [INFO] [Rank 3] Finished. Latency: 434936 ms
2026-04-10 22:09:13 [INFO] Total latency:     434922 ms
2026-04-10 22:09:13 [INFO] Peak 5GB memory:   6070 MB
2026-04-10 22:09:13 [INFO] Avg  5GB memory:   3690 MB
2026-04-10 22:09:13 [INFO] [14/245] Split [25, 10, 3, 2] | Batch: 64 | Microbatch: 4 | Microbatches: 16
2026-04-10 22:09:13 [INFO] Loading WikiText... (SEQ_LEN=64, BATCH=64)
2026-04-10 22:09:16 [WARNING] '('Connection broken: IncompleteRead(0 bytes read, 65536 more expected)', IncompleteRead(0 bytes read, 65536 more expected))' thrown while requesting GET https://huggingface.co/datasets/wikitext/resolve/b08601e04326c79dfdd32d625aee71d232d685c3/wikitext-2-raw-v1/test-00000-of-00001.parquet
2026-04-10 22:09:16 [WARNING] Retrying in 1s [Retry 1/5].
2026-04-10 22:09:37 [INFO] [Rank 2] Loading weights...
2026-04-10 22:09:38 [INFO] [Rank 3] Loading weights...
2026-04-10 22:09:41 [INFO] [Rank 2] Weights loaded.
2026-04-10 22:09:42 [INFO] [Rank 3] Weights loaded.
2026-04-10 22:10:05 [INFO] [Rank 1] Loading weights...
2026-04-10 22:10:12 [INFO] [Rank 1] Weights loaded.
2026-04-10 22:11:07 [INFO] [Rank 0] Loading weights...
2026-04-10 22:11:20 [INFO] [Rank 0] Weights loaded.
2026-04-10 22:25:18 [INFO] [Rank 1] Finished. Latency: 838124 ms
2026-04-10 22:25:18 [INFO] [Rank 0] Finished. Latency: 838124 ms
2026-04-10 22:25:18 [INFO] [Rank 2] Finished. Latency: 838124 ms
2026-04-10 22:25:18 [INFO] [Rank 3] Finished. Latency: 838137 ms
2026-04-10 22:25:22 [INFO] Total latency:     838124 ms
2026-04-10 22:25:22 [INFO] Peak 5GB memory:   6070 MB
2026-04-10 22:25:22 [INFO] Avg  5GB memory:   3759 MB
2026-04-10 22:25:22 [INFO] [15/245] Split [25, 10, 3, 2] | Batch: 64 | Microbatch: 2 | Microbatches: 32
2026-04-10 22:25:22 [INFO] Loading WikiText... (SEQ_LEN=64, BATCH=64)
2026-04-10 22:25:44 [INFO] [Rank 2] Loading weights...
2026-04-10 22:25:45 [INFO] [Rank 3] Loading weights...
2026-04-10 22:25:48 [INFO] [Rank 2] Weights loaded.
2026-04-10 22:25:49 [INFO] [Rank 3] Weights loaded.
2026-04-10 22:26:12 [INFO] [Rank 1] Loading weights...
2026-04-10 22:26:19 [INFO] [Rank 1] Weights loaded.
2026-04-10 22:27:14 [INFO] [Rank 0] Loading weights...
2026-04-10 22:27:27 [INFO] [Rank 0] Weights loaded.
2026-04-10 22:54:51 [INFO] [Rank 0] Finished. Latency: 1643732 ms
2026-04-10 22:54:51 [INFO] [Rank 2] Finished. Latency: 1643732 ms
2026-04-10 22:54:51 [INFO] [Rank 1] Finished. Latency: 1643732 ms
2026-04-10 22:54:51 [INFO] [Rank 3] Finished. Latency: 1643745 ms
2026-04-10 22:54:53 [ERROR] Hang detected: ranks still alive after timeout: 0
2026-04-10 22:54:55 [INFO] [16/245] Split [25, 10, 4, 1] | Batch: 64 | Microbatch: 32 | Microbatches: 2
2026-04-10 22:54:55 [INFO] Loading WikiText... (SEQ_LEN=64, BATCH=64)
2026-04-10 22:55:14 [INFO] [Rank 3] Loading weights...
2026-04-10 22:55:17 [INFO] [Rank 3] Weights loaded.
2026-04-10 22:55:21 [INFO] [Rank 2] Loading weights...
2026-04-10 22:55:25 [INFO] [Rank 2] Weights loaded.
2026-04-10 22:55:44 [INFO] [Rank 1] Loading weights...
2026-04-10 22:55:51 [INFO] [Rank 1] Weights loaded.
2026-04-10 22:56:46 [INFO] [Rank 0] Loading weights...
2026-04-10 22:56:59 [INFO] [Rank 0] Weights loaded.
2026-04-10 22:59:13 [INFO] [Rank 2] Finished. Latency: 133733 ms
2026-04-10 22:59:13 [INFO] [Rank 1] Finished. Latency: 133733 ms
2026-04-10 22:59:13 [INFO] [Rank 0] Finished. Latency: 133733 ms
2026-04-10 22:59:13 [INFO] [Rank 3] Finished. Latency: 133745 ms
2026-04-10 22:59:17 [INFO] Total latency:     133733 ms
2026-04-10 22:59:17 [INFO] Peak 5GB memory:   5010 MB
2026-04-10 22:59:17 [INFO] Avg  5GB memory:   2667 MB
2026-04-10 22:59:17 [INFO] [17/245] Split [25, 10, 4, 1] | Batch: 64 | Microbatch: 16 | Microbatches: 4
2026-04-10 22:59:17 [INFO] Loading WikiText... (SEQ_LEN=64, BATCH=64)
2026-04-10 22:59:35 [INFO] [Rank 3] Loading weights...
2026-04-10 22:59:38 [INFO] [Rank 3] Weights loaded.
2026-04-10 22:59:42 [INFO] [Rank 2] Loading weights...
2026-04-10 22:59:46 [INFO] [Rank 2] Weights loaded.
2026-04-10 23:00:06 [INFO] [Rank 1] Loading weights...
2026-04-10 23:00:13 [INFO] [Rank 1] Weights loaded.
2026-04-10 23:01:08 [INFO] [Rank 0] Loading weights...
2026-04-10 23:01:21 [INFO] [Rank 0] Weights loaded.
2026-04-10 23:05:14 [INFO] [Rank 1] Finished. Latency: 233115 ms
2026-04-10 23:05:14 [INFO] [Rank 2] Finished. Latency: 233115 ms
2026-04-10 23:05:14 [INFO] [Rank 0] Finished. Latency: 233115 ms
2026-04-10 23:05:14 [INFO] [Rank 3] Finished. Latency: 233125 ms
2026-04-10 23:05:18 [INFO] Total latency:     233115 ms
2026-04-10 23:05:18 [INFO] Peak 5GB memory:   3730 MB
2026-04-10 23:05:18 [INFO] Avg  5GB memory:   2641 MB
2026-04-10 23:05:18 [INFO] [18/245] Split [25, 10, 4, 1] | Batch: 64 | Microbatch: 8 | Microbatches: 8
2026-04-10 23:05:18 [INFO] Loading WikiText... (SEQ_LEN=64, BATCH=64)
2026-04-10 23:05:37 [INFO] [Rank 3] Loading weights...
2026-04-10 23:05:40 [INFO] [Rank 3] Weights loaded.
2026-04-10 23:05:44 [INFO] [Rank 2] Loading weights...
2026-04-10 23:05:48 [INFO] [Rank 2] Weights loaded.
2026-04-10 23:06:08 [INFO] [Rank 1] Loading weights...
2026-04-10 23:06:15 [INFO] [Rank 1] Weights loaded.
2026-04-10 23:07:10 [INFO] [Rank 0] Loading weights...
2026-04-10 23:07:23 [INFO] [Rank 0] Weights loaded.
2026-04-10 23:14:38 [INFO] [Rank 2] Finished. Latency: 434342 ms
2026-04-10 23:14:38 [INFO] [Rank 1] Finished. Latency: 434342 ms
2026-04-10 23:14:38 [INFO] [Rank 0] Finished. Latency: 434342 ms
2026-04-10 23:14:38 [INFO] [Rank 3] Finished. Latency: 434351 ms
2026-04-10 23:14:42 [INFO] Total latency:     434342 ms
2026-04-10 23:14:42 [INFO] Peak 5GB memory:   3730 MB
2026-04-10 23:14:42 [INFO] Avg  5GB memory:   2585 MB
2026-04-10 23:14:42 [INFO] [19/245] Split [25, 10, 4, 1] | Batch: 64 | Microbatch: 4 | Microbatches: 16
2026-04-10 23:14:42 [INFO] Loading WikiText... (SEQ_LEN=64, BATCH=64)
2026-04-10 23:15:01 [INFO] [Rank 3] Loading weights...
2026-04-10 23:15:04 [INFO] [Rank 3] Weights loaded.
2026-04-10 23:15:08 [INFO] [Rank 2] Loading weights...
2026-04-10 23:15:12 [INFO] [Rank 2] Weights loaded.
2026-04-10 23:15:31 [INFO] [Rank 1] Loading weights...
2026-04-10 23:15:38 [INFO] [Rank 1] Weights loaded.
2026-04-10 23:16:33 [INFO] [Rank 0] Loading weights...
2026-04-10 23:16:46 [INFO] [Rank 0] Weights loaded.
2026-04-10 23:30:44 [INFO] [Rank 2] Finished. Latency: 837741 ms
2026-04-10 23:30:44 [INFO] [Rank 0] Finished. Latency: 837741 ms
2026-04-10 23:30:44 [INFO] [Rank 1] Finished. Latency: 837741 ms
2026-04-10 23:30:44 [INFO] [Rank 3] Finished. Latency: 837750 ms
2026-04-10 23:30:48 [INFO] Total latency:     837741 ms
2026-04-10 23:30:48 [INFO] Peak 5GB memory:   5010 MB
2026-04-10 23:30:48 [INFO] Avg  5GB memory:   2615 MB
2026-04-10 23:30:48 [INFO] [20/245] Split [25, 10, 4, 1] | Batch: 64 | Microbatch: 2 | Microbatches: 32
2026-04-10 23:30:48 [INFO] Loading WikiText... (SEQ_LEN=64, BATCH=64)
2026-04-10 23:30:54 [WARNING] '('Connection broken: IncompleteRead(0 bytes read, 732606 more expected)', IncompleteRead(0 bytes read, 732606 more expected))' thrown while requesting GET https://huggingface.co/datasets/wikitext/resolve/b08601e04326c79dfdd32d625aee71d232d685c3/wikitext-2-raw-v1/test-00000-of-00001.parquet
2026-04-10 23:30:54 [WARNING] Retrying in 1s [Retry 1/5].
2026-04-10 23:31:12 [INFO] [Rank 3] Loading weights...
2026-04-10 23:31:15 [INFO] [Rank 3] Weights loaded.
2026-04-10 23:31:19 [INFO] [Rank 2] Loading weights...
2026-04-10 23:31:23 [INFO] [Rank 2] Weights loaded.
2026-04-10 23:31:42 [INFO] [Rank 1] Loading weights...
2026-04-10 23:31:49 [INFO] [Rank 1] Weights loaded.
2026-04-10 23:32:45 [INFO] [Rank 0] Loading weights...
2026-04-10 23:32:58 [INFO] [Rank 0] Weights loaded.
2026-04-11 00:00:22 [INFO] [Rank 1] Finished. Latency: 1644144 ms
2026-04-11 00:00:22 [INFO] [Rank 2] Finished. Latency: 1644144 ms
2026-04-11 00:00:22 [INFO] [Rank 0] Finished. Latency: 1644144 ms
2026-04-11 00:00:22 [INFO] [Rank 3] Finished. Latency: 1644153 ms
2026-04-11 00:00:24 [ERROR] Hang detected: ranks still alive after timeout: 0
2026-04-11 00:00:26 [INFO] [21/245] Split [26, 8, 4, 2] | Batch: 64 | Microbatch: 32 | Microbatches: 2
2026-04-11 00:00:26 [INFO] Loading WikiText... (SEQ_LEN=64, BATCH=64)
2026-04-11 00:00:49 [INFO] [Rank 3] Loading weights...
2026-04-11 00:00:52 [INFO] [Rank 2] Loading weights...
2026-04-11 00:00:53 [INFO] [Rank 3] Weights loaded.
2026-04-11 00:00:56 [INFO] [Rank 2] Weights loaded.
2026-04-11 00:01:08 [INFO] [Rank 1] Loading weights...
2026-04-11 00:01:14 [INFO] [Rank 1] Weights loaded.
2026-04-11 00:02:23 [INFO] [Rank 0] Loading weights...
2026-04-11 00:02:36 [INFO] [Rank 0] Weights loaded.
2026-04-11 00:04:52 [INFO] [Rank 2] Finished. Latency: 135500 ms
2026-04-11 00:04:52 [INFO] [Rank 1] Finished. Latency: 135500 ms
2026-04-11 00:04:52 [INFO] [Rank 0] Finished. Latency: 135500 ms
2026-04-11 00:04:52 [INFO] [Rank 3] Finished. Latency: 135518 ms
2026-04-11 00:04:56 [INFO] Total latency:     135500 ms
2026-04-11 00:04:56 [INFO] Peak 5GB memory:   4790 MB
2026-04-11 00:04:56 [INFO] Avg  5GB memory:   3705 MB
2026-04-11 00:04:56 [INFO] [22/245] Split [26, 8, 4, 2] | Batch: 64 | Microbatch: 16 | Microbatches: 4
2026-04-11 00:04:56 [INFO] Loading WikiText... (SEQ_LEN=64, BATCH=64)
2026-04-11 00:04:59 [WARNING] '('Connection broken: IncompleteRead(0 bytes read, 732606 more expected)', IncompleteRead(0 bytes read, 732606 more expected))' thrown while requesting GET https://huggingface.co/datasets/wikitext/resolve/b08601e04326c79dfdd32d625aee71d232d685c3/wikitext-2-raw-v1/test-00000-of-00001.parquet
2026-04-11 00:04:59 [WARNING] Retrying in 1s [Retry 1/5].
2026-04-11 00:05:21 [INFO] [Rank 3] Loading weights...
2026-04-11 00:05:24 [INFO] [Rank 2] Loading weights...
2026-04-11 00:05:24 [INFO] [Rank 3] Weights loaded.
2026-04-11 00:05:28 [INFO] [Rank 2] Weights loaded.
2026-04-11 00:05:40 [INFO] [Rank 1] Loading weights...
2026-04-11 00:05:46 [INFO] [Rank 1] Weights loaded.
2026-04-11 00:06:54 [INFO] [Rank 0] Loading weights...
2026-04-11 00:07:07 [INFO] [Rank 0] Weights loaded.
2026-04-11 00:11:04 [INFO] [Rank 2] Finished. Latency: 236131 ms
2026-04-11 00:11:04 [INFO] [Rank 1] Finished. Latency: 236131 ms
2026-04-11 00:11:04 [INFO] [Rank 0] Finished. Latency: 236131 ms
2026-04-11 00:11:04 [INFO] [Rank 3] Finished. Latency: 236146 ms
2026-04-11 00:11:08 [INFO] Total latency:     236131 ms
2026-04-11 00:11:08 [INFO] Peak 5GB memory:   6070 MB
2026-04-11 00:11:08 [INFO] Avg  5GB memory:   3646 MB
2026-04-11 00:11:08 [INFO] [23/245] Split [26, 8, 4, 2] | Batch: 64 | Microbatch: 8 | Microbatches: 8
2026-04-11 00:11:08 [INFO] Loading WikiText... (SEQ_LEN=64, BATCH=64)
2026-04-11 00:11:11 [WARNING] '('Connection broken: IncompleteRead(0 bytes read, 65536 more expected)', IncompleteRead(0 bytes read, 65536 more expected))' thrown while requesting GET https://huggingface.co/datasets/wikitext/resolve/b08601e04326c79dfdd32d625aee71d232d685c3/wikitext-2-raw-v1/test-00000-of-00001.parquet
2026-04-11 00:11:11 [WARNING] Retrying in 1s [Retry 1/5].
2026-04-11 00:11:33 [INFO] [Rank 3] Loading weights...
2026-04-11 00:11:36 [INFO] [Rank 2] Loading weights...
2026-04-11 00:11:37 [INFO] [Rank 3] Weights loaded.
2026-04-11 00:11:40 [INFO] [Rank 2] Weights loaded.
2026-04-11 00:11:52 [INFO] [Rank 1] Loading weights...
2026-04-11 00:11:58 [INFO] [Rank 1] Weights loaded.
2026-04-11 00:13:06 [INFO] [Rank 0] Loading weights...
2026-04-11 00:13:19 [INFO] [Rank 0] Weights loaded.
2026-04-11 00:20:38 [INFO] [Rank 1] Finished. Latency: 439549 ms
2026-04-11 00:20:38 [INFO] [Rank 2] Finished. Latency: 439549 ms
2026-04-11 00:20:38 [INFO] [Rank 0] Finished. Latency: 439549 ms
2026-04-11 00:20:39 [INFO] [Rank 3] Finished. Latency: 439563 ms
2026-04-11 00:20:43 [INFO] Total latency:     439549 ms
2026-04-11 00:20:43 [INFO] Peak 5GB memory:   6070 MB
2026-04-11 00:20:43 [INFO] Avg  5GB memory:   3690 MB
2026-04-11 00:20:43 [INFO] [24/245] Split [26, 8, 4, 2] | Batch: 64 | Microbatch: 4 | Microbatches: 16
2026-04-11 00:20:43 [INFO] Loading WikiText... (SEQ_LEN=64, BATCH=64)
2026-04-11 00:21:06 [INFO] [Rank 3] Loading weights...
2026-04-11 00:21:09 [INFO] [Rank 2] Loading weights...
2026-04-11 00:21:09 [INFO] [Rank 3] Weights loaded.
2026-04-11 00:21:13 [INFO] [Rank 2] Weights loaded.
2026-04-11 00:21:24 [INFO] [Rank 1] Loading weights...
2026-04-11 00:21:30 [INFO] [Rank 1] Weights loaded.
2026-04-11 00:22:38 [INFO] [Rank 0] Loading weights...
2026-04-11 00:22:52 [INFO] [Rank 0] Weights loaded.
2026-04-11 00:37:00 [INFO] [Rank 2] Finished. Latency: 847856 ms
2026-04-11 00:37:00 [INFO] [Rank 1] Finished. Latency: 847856 ms
2026-04-11 00:37:00 [INFO] [Rank 0] Finished. Latency: 847856 ms
2026-04-11 00:37:00 [INFO] [Rank 3] Finished. Latency: 847869 ms
2026-04-11 00:37:04 [INFO] Total latency:     847856 ms
2026-04-11 00:37:04 [INFO] Peak 5GB memory:   6070 MB
2026-04-11 00:37:04 [INFO] Avg  5GB memory:   3759 MB
2026-04-11 00:37:04 [INFO] [25/245] Split [26, 8, 4, 2] | Batch: 64 | Microbatch: 2 | Microbatches: 32
2026-04-11 00:37:04 [INFO] Loading WikiText... (SEQ_LEN=64, BATCH=64)
2026-04-11 00:37:27 [INFO] [Rank 3] Loading weights...
2026-04-11 00:37:30 [INFO] [Rank 2] Loading weights...
2026-04-11 00:37:30 [INFO] [Rank 3] Weights loaded.
2026-04-11 00:37:34 [INFO] [Rank 2] Weights loaded.
2026-04-11 00:37:46 [INFO] [Rank 1] Loading weights...
2026-04-11 00:37:52 [INFO] [Rank 1] Weights loaded.
2026-04-11 00:38:59 [INFO] [Rank 0] Loading weights...
2026-04-11 00:39:12 [INFO] [Rank 0] Weights loaded.
2026-04-11 01:06:53 [INFO] [Rank 0] Finished. Latency: 1660391 ms
2026-04-11 01:06:53 [INFO] [Rank 2] Finished. Latency: 1660391 ms
2026-04-11 01:06:53 [INFO] [Rank 1] Finished. Latency: 1660391 ms
2026-04-11 01:06:53 [INFO] [Rank 3] Finished. Latency: 1660404 ms
2026-04-11 01:06:57 [INFO] Total latency:     1660391 ms
2026-04-11 01:06:57 [INFO] Peak 5GB memory:   4790 MB
2026-04-11 01:06:57 [INFO] Avg  5GB memory:   3811 MB
2026-04-11 01:06:57 [INFO] [26/245] Split [26, 9, 3, 2] | Batch: 64 | Microbatch: 32 | Microbatches: 2
2026-04-11 01:06:57 [INFO] Loading WikiText... (SEQ_LEN=64, BATCH=64)
2026-04-11 01:07:00 [WARNING] '('Connection broken: IncompleteRead(0 bytes read, 65536 more expected)', IncompleteRead(0 bytes read, 65536 more expected))' thrown while requesting GET https://huggingface.co/datasets/wikitext/resolve/b08601e04326c79dfdd32d625aee71d232d685c3/wikitext-2-raw-v1/test-00000-of-00001.parquet
2026-04-11 01:07:00 [WARNING] Retrying in 1s [Retry 1/5].
2026-04-11 01:07:21 [INFO] [Rank 2] Loading weights...
2026-04-11 01:07:22 [INFO] [Rank 3] Loading weights...
2026-04-11 01:07:25 [INFO] [Rank 2] Weights loaded.
2026-04-11 01:07:26 [INFO] [Rank 3] Weights loaded.
2026-04-11 01:07:45 [INFO] [Rank 1] Loading weights...
2026-04-11 01:07:52 [INFO] [Rank 1] Weights loaded.
2026-04-11 01:08:55 [INFO] [Rank 0] Loading weights...
2026-04-11 01:09:08 [INFO] [Rank 0] Weights loaded.
2026-04-11 01:11:20 [INFO] [Rank 2] Finished. Latency: 132043 ms
2026-04-11 01:11:20 [INFO] [Rank 1] Finished. Latency: 132043 ms
2026-04-11 01:11:20 [INFO] [Rank 0] Finished. Latency: 132043 ms
2026-04-11 01:11:20 [INFO] [Rank 3] Finished. Latency: 132062 ms
2026-04-11 01:11:24 [INFO] Total latency:     132043 ms
2026-04-11 01:11:24 [INFO] Peak 5GB memory:   6070 MB
2026-04-11 01:11:24 [INFO] Avg  5GB memory:   3689 MB
2026-04-11 01:11:24 [INFO] [27/245] Split [26, 9, 3, 2] | Batch: 64 | Microbatch: 16 | Microbatches: 4
2026-04-11 01:11:24 [INFO] Loading WikiText... (SEQ_LEN=64, BATCH=64)
2026-04-11 01:11:46 [INFO] [Rank 2] Loading weights...
2026-04-11 01:11:47 [INFO] [Rank 3] Loading weights...
2026-04-11 01:11:49 [INFO] [Rank 2] Weights loaded.
2026-04-11 01:11:50 [INFO] [Rank 3] Weights loaded.
2026-04-11 01:12:10 [INFO] [Rank 1] Loading weights...
2026-04-11 01:12:16 [INFO] [Rank 1] Weights loaded.
2026-04-11 01:13:19 [INFO] [Rank 0] Loading weights...
2026-04-11 01:13:33 [INFO] [Rank 0] Weights loaded.
2026-04-11 01:17:23 [INFO] [Rank 2] Finished. Latency: 230275 ms
2026-04-11 01:17:23 [INFO] [Rank 1] Finished. Latency: 230275 ms
2026-04-11 01:17:23 [INFO] [Rank 0] Finished. Latency: 230275 ms
2026-04-11 01:17:23 [INFO] [Rank 3] Finished. Latency: 230290 ms
2026-04-11 01:17:27 [INFO] Total latency:     230275 ms
2026-04-11 01:17:27 [INFO] Peak 5GB memory:   6070 MB
2026-04-11 01:17:27 [INFO] Avg  5GB memory:   3637 MB
2026-04-11 01:17:27 [INFO] [28/245] Split [26, 9, 3, 2] | Batch: 64 | Microbatch: 8 | Microbatches: 8
2026-04-11 01:17:27 [INFO] Loading WikiText... (SEQ_LEN=64, BATCH=64)
2026-04-11 01:17:49 [INFO] [Rank 2] Loading weights...
2026-04-11 01:17:50 [INFO] [Rank 3] Loading weights...
2026-04-11 01:17:52 [INFO] [Rank 2] Weights loaded.
2026-04-11 01:17:53 [INFO] [Rank 3] Weights loaded.
2026-04-11 01:18:12 [INFO] [Rank 1] Loading weights...
2026-04-11 01:18:19 [INFO] [Rank 1] Weights loaded.
2026-04-11 01:19:23 [INFO] [Rank 0] Loading weights...
2026-04-11 01:19:36 [INFO] [Rank 0] Weights loaded.
2026-04-11 01:26:49 [INFO] [Rank 2] Finished. Latency: 432554 ms
2026-04-11 01:26:49 [INFO] [Rank 1] Finished. Latency: 432554 ms
2026-04-11 01:26:49 [INFO] [Rank 0] Finished. Latency: 432554 ms
2026-04-11 01:26:49 [INFO] [Rank 3] Finished. Latency: 432568 ms
2026-04-11 01:26:53 [INFO] Total latency:     432554 ms
2026-04-11 01:26:53 [INFO] Peak 5GB memory:   6070 MB
2026-04-11 01:26:53 [INFO] Avg  5GB memory:   3689 MB
2026-04-11 01:26:53 [INFO] [29/245] Split [26, 9, 3, 2] | Batch: 64 | Microbatch: 4 | Microbatches: 16
2026-04-11 01:26:53 [INFO] Loading WikiText... (SEQ_LEN=64, BATCH=64)
2026-04-11 01:27:15 [INFO] [Rank 2] Loading weights...
2026-04-11 01:27:15 [INFO] [Rank 3] Loading weights...
2026-04-11 01:27:18 [INFO] [Rank 2] Weights loaded.
2026-04-11 01:27:19 [INFO] [Rank 3] Weights loaded.
2026-04-11 01:27:38 [INFO] [Rank 1] Loading weights...
2026-04-11 01:27:45 [INFO] [Rank 1] Weights loaded.
2026-04-11 01:28:49 [INFO] [Rank 0] Loading weights...
2026-04-11 01:29:02 [INFO] [Rank 0] Weights loaded.
2026-04-11 01:42:50 [INFO] [Rank 2] Finished. Latency: 827477 ms
2026-04-11 01:42:50 [INFO] [Rank 1] Finished. Latency: 827477 ms
2026-04-11 01:42:50 [INFO] [Rank 0] Finished. Latency: 827477 ms
2026-04-11 01:42:50 [INFO] [Rank 3] Finished. Latency: 827490 ms
2026-04-11 01:42:54 [INFO] Total latency:     827477 ms
2026-04-11 01:42:54 [INFO] Peak 5GB memory:   4790 MB
2026-04-11 01:42:54 [INFO] Avg  5GB memory:   3758 MB
2026-04-11 01:42:54 [INFO] [30/245] Split [26, 9, 3, 2] | Batch: 64 | Microbatch: 2 | Microbatches: 32
2026-04-11 01:42:54 [INFO] Loading WikiText... (SEQ_LEN=64, BATCH=64)
2026-04-11 01:43:15 [INFO] [Rank 2] Loading weights...
2026-04-11 01:43:16 [INFO] [Rank 3] Loading weights...
2026-04-11 01:43:19 [INFO] [Rank 2] Weights loaded.
2026-04-11 01:43:20 [INFO] [Rank 3] Weights loaded.
2026-04-11 01:43:39 [INFO] [Rank 1] Loading weights...
2026-04-11 01:43:46 [INFO] [Rank 1] Weights loaded.
2026-04-11 01:44:50 [INFO] [Rank 0] Loading weights...
2026-04-11 01:45:03 [INFO] [Rank 0] Weights loaded.
2026-04-11 02:12:04 [INFO] [Rank 2] Finished. Latency: 1620959 ms
2026-04-11 02:12:04 [INFO] [Rank 1] Finished. Latency: 1620960 ms
2026-04-11 02:12:04 [INFO] [Rank 0] Finished. Latency: 1620960 ms
2026-04-11 02:12:04 [INFO] [Rank 3] Finished. Latency: 1620973 ms
2026-04-11 02:12:06 [ERROR] Hang detected: ranks still alive after timeout: 0
2026-04-11 02:12:08 [INFO] [31/245] Split [26, 9, 4, 1] | Batch: 64 | Microbatch: 32 | Microbatches: 2
2026-04-11 02:12:08 [INFO] Loading WikiText... (SEQ_LEN=64, BATCH=64)
2026-04-11 02:12:27 [INFO] [Rank 3] Loading weights...
2026-04-11 02:12:30 [INFO] [Rank 3] Weights loaded.
2026-04-11 02:12:34 [INFO] [Rank 2] Loading weights...
2026-04-11 02:12:38 [INFO] [Rank 2] Weights loaded.
2026-04-11 02:12:53 [INFO] [Rank 1] Loading weights...
2026-04-11 02:13:00 [INFO] [Rank 1] Weights loaded.
2026-04-11 02:14:03 [INFO] [Rank 0] Loading weights...
2026-04-11 02:14:16 [INFO] [Rank 0] Weights loaded.
2026-04-11 02:16:28 [INFO] [Rank 2] Finished. Latency: 131965 ms
2026-04-11 02:16:28 [INFO] [Rank 1] Finished. Latency: 131965 ms
2026-04-11 02:16:28 [INFO] [Rank 0] Finished. Latency: 131965 ms
2026-04-11 02:16:28 [INFO] [Rank 3] Finished. Latency: 131977 ms
2026-04-11 02:16:32 [INFO] Total latency:     131965 ms
2026-04-11 02:16:32 [INFO] Peak 5GB memory:   5010 MB
2026-04-11 02:16:32 [INFO] Avg  5GB memory:   2660 MB
2026-04-11 02:16:33 [INFO] [32/245] Split [26, 9, 4, 1] | Batch: 64 | Microbatch: 16 | Microbatches: 4
2026-04-11 02:16:33 [INFO] Loading WikiText... (SEQ_LEN=64, BATCH=64)
2026-04-11 02:16:36 [WARNING] '('Connection broken: IncompleteRead(0 bytes read, 732606 more expected)', IncompleteRead(0 bytes read, 732606 more expected))' thrown while requesting GET https://huggingface.co/datasets/wikitext/resolve/b08601e04326c79dfdd32d625aee71d232d685c3/wikitext-2-raw-v1/test-00000-of-00001.parquet
2026-04-11 02:16:36 [WARNING] Retrying in 1s [Retry 1/5].
2026-04-11 02:16:54 [INFO] [Rank 3] Loading weights...
2026-04-11 02:16:57 [INFO] [Rank 3] Weights loaded.
2026-04-11 02:17:01 [INFO] [Rank 2] Loading weights...
2026-04-11 02:17:05 [INFO] [Rank 2] Weights loaded.
2026-04-11 02:17:20 [INFO] [Rank 1] Loading weights...
2026-04-11 02:17:27 [INFO] [Rank 1] Weights loaded.
2026-04-11 02:18:31 [INFO] [Rank 0] Loading weights...
2026-04-11 02:18:44 [INFO] [Rank 0] Weights loaded.
2026-04-11 02:22:35 [INFO] [Rank 2] Finished. Latency: 230200 ms
2026-04-11 02:22:35 [INFO] [Rank 0] Finished. Latency: 230200 ms
2026-04-11 02:22:35 [INFO] [Rank 1] Finished. Latency: 230200 ms
2026-04-11 02:22:35 [INFO] [Rank 3] Finished. Latency: 230210 ms
2026-04-11 02:22:39 [INFO] Total latency:     230200 ms
2026-04-11 02:22:39 [INFO] Peak 5GB memory:   3730 MB
2026-04-11 02:22:39 [INFO] Avg  5GB memory:   2633 MB
2026-04-11 02:22:39 [INFO] [33/245] Split [26, 9, 4, 1] | Batch: 64 | Microbatch: 8 | Microbatches: 8
2026-04-11 02:22:39 [INFO] Loading WikiText... (SEQ_LEN=64, BATCH=64)
2026-04-11 02:22:42 [WARNING] '('Connection broken: IncompleteRead(0 bytes read, 732606 more expected)', IncompleteRead(0 bytes read, 732606 more expected))' thrown while requesting GET https://huggingface.co/datasets/wikitext/resolve/b08601e04326c79dfdd32d625aee71d232d685c3/wikitext-2-raw-v1/test-00000-of-00001.parquet
2026-04-11 02:22:42 [WARNING] Retrying in 1s [Retry 1/5].
2026-04-11 02:23:00 [INFO] [Rank 3] Loading weights...
2026-04-11 02:23:03 [INFO] [Rank 3] Weights loaded.
2026-04-11 02:23:07 [INFO] [Rank 2] Loading weights...
2026-04-11 02:23:11 [INFO] [Rank 2] Weights loaded.
2026-04-11 02:23:27 [INFO] [Rank 1] Loading weights...
2026-04-11 02:23:34 [INFO] [Rank 1] Weights loaded.
2026-04-11 02:24:37 [INFO] [Rank 0] Loading weights...
2026-04-11 02:24:50 [INFO] [Rank 0] Weights loaded.
2026-04-11 02:31:59 [INFO] [Rank 0] Finished. Latency: 428986 ms
2026-04-11 02:31:59 [INFO] [Rank 2] Finished. Latency: 428986 ms
2026-04-11 02:31:59 [INFO] [Rank 1] Finished. Latency: 428986 ms
2026-04-11 02:31:59 [INFO] [Rank 3] Finished. Latency: 428996 ms
2026-04-11 02:32:03 [INFO] Total latency:     428986 ms
2026-04-11 02:32:03 [INFO] Peak 5GB memory:   5010 MB
2026-04-11 02:32:03 [INFO] Avg  5GB memory:   2585 MB
2026-04-11 02:32:03 [INFO] [34/245] Split [26, 9, 4, 1] | Batch: 64 | Microbatch: 4 | Microbatches: 16
2026-04-11 02:32:03 [INFO] Loading WikiText... (SEQ_LEN=64, BATCH=64)
2026-04-11 02:32:22 [INFO] [Rank 3] Loading weights...
2026-04-11 02:32:25 [INFO] [Rank 3] Weights loaded.
2026-04-11 02:32:29 [INFO] [Rank 2] Loading weights...
2026-04-11 02:32:33 [INFO] [Rank 2] Weights loaded.
2026-04-11 02:32:49 [INFO] [Rank 1] Loading weights...
2026-04-11 02:32:55 [INFO] [Rank 1] Weights loaded.
2026-04-11 02:33:58 [INFO] [Rank 0] Loading weights...
2026-04-11 02:34:12 [INFO] [Rank 0] Weights loaded.
2026-04-11 02:47:59 [INFO] [Rank 1] Finished. Latency: 827264 ms
2026-04-11 02:47:59 [INFO] [Rank 2] Finished. Latency: 827264 ms
2026-04-11 02:47:59 [INFO] [Rank 0] Finished. Latency: 827264 ms
2026-04-11 02:47:59 [INFO] [Rank 3] Finished. Latency: 827273 ms
2026-04-11 02:48:03 [INFO] Total latency:     827264 ms
2026-04-11 02:48:03 [INFO] Peak 5GB memory:   3730 MB
2026-04-11 02:48:03 [INFO] Avg  5GB memory:   2612 MB
2026-04-11 02:48:03 [INFO] [35/245] Split [26, 9, 4, 1] | Batch: 64 | Microbatch: 2 | Microbatches: 32
2026-04-11 02:48:03 [INFO] Loading WikiText... (SEQ_LEN=64, BATCH=64)
2026-04-11 02:48:22 [INFO] [Rank 3] Loading weights...
2026-04-11 02:48:25 [INFO] [Rank 3] Weights loaded.
2026-04-11 02:48:29 [INFO] [Rank 2] Loading weights...
2026-04-11 02:48:33 [INFO] [Rank 2] Weights loaded.
2026-04-11 02:48:48 [INFO] [Rank 1] Loading weights...
2026-04-11 02:48:55 [INFO] [Rank 1] Weights loaded.
2026-04-11 02:49:58 [INFO] [Rank 0] Loading weights...
2026-04-11 02:50:11 [INFO] [Rank 0] Weights loaded.
2026-04-11 03:17:13 [INFO] [Rank 2] Finished. Latency: 1621241 ms
2026-04-11 03:17:13 [INFO] [Rank 1] Finished. Latency: 1621241 ms
2026-04-11 03:17:13 [INFO] [Rank 0] Finished. Latency: 1621241 ms
2026-04-11 03:17:13 [INFO] [Rank 3] Finished. Latency: 1621250 ms
2026-04-11 03:17:14 [ERROR] Hang detected: ranks still alive after timeout: 0
2026-04-11 03:17:17 [INFO] [36/245] Split [26, 10, 2, 2] | Batch: 64 | Microbatch: 32 | Microbatches: 2
2026-04-11 03:17:17 [INFO] Loading WikiText... (SEQ_LEN=64, BATCH=64)
2026-04-11 03:17:35 [INFO] [Rank 2] Loading weights...
2026-04-11 03:17:38 [INFO] [Rank 2] Weights loaded.
2026-04-11 03:17:40 [INFO] [Rank 3] Loading weights...
2026-04-11 03:17:43 [INFO] [Rank 3] Weights loaded.
2026-04-11 03:18:06 [INFO] [Rank 1] Loading weights...
2026-04-11 03:18:13 [INFO] [Rank 1] Weights loaded.
2026-04-11 03:19:12 [INFO] [Rank 0] Loading weights...
2026-04-11 03:19:25 [INFO] [Rank 0] Weights loaded.
2026-04-11 03:21:34 [INFO] [Rank 2] Finished. Latency: 128539 ms
2026-04-11 03:21:34 [INFO] [Rank 1] Finished. Latency: 128539 ms
2026-04-11 03:21:34 [INFO] [Rank 0] Finished. Latency: 128539 ms
2026-04-11 03:21:34 [INFO] [Rank 3] Finished. Latency: 128557 ms
2026-04-11 03:21:38 [INFO] Total latency:     128539 ms
2026-04-11 03:21:38 [INFO] Peak 5GB memory:   6070 MB
2026-04-11 03:21:38 [INFO] Avg  5GB memory:   3689 MB
2026-04-11 03:21:38 [INFO] [37/245] Split [26, 10, 2, 2] | Batch: 64 | Microbatch: 16 | Microbatches: 4
2026-04-11 03:21:38 [INFO] Loading WikiText... (SEQ_LEN=64, BATCH=64)
2026-04-11 03:21:56 [INFO] [Rank 2] Loading weights...
2026-04-11 03:21:59 [INFO] [Rank 2] Weights loaded.
2026-04-11 03:22:01 [INFO] [Rank 3] Loading weights...
2026-04-11 03:22:05 [INFO] [Rank 3] Weights loaded.
2026-04-11 03:22:27 [INFO] [Rank 1] Loading weights...
2026-04-11 03:22:34 [INFO] [Rank 1] Weights loaded.
2026-04-11 03:23:33 [INFO] [Rank 0] Loading weights...
2026-04-11 03:23:47 [INFO] [Rank 0] Weights loaded.
2026-04-11 03:27:32 [INFO] [Rank 1] Finished. Latency: 224772 ms
2026-04-11 03:27:32 [INFO] [Rank 2] Finished. Latency: 224772 ms
2026-04-11 03:27:32 [INFO] [Rank 0] Finished. Latency: 224772 ms
2026-04-11 03:27:32 [INFO] [Rank 3] Finished. Latency: 224787 ms
2026-04-11 03:27:36 [INFO] Total latency:     224772 ms
2026-04-11 03:27:36 [INFO] Peak 5GB memory:   6070 MB
2026-04-11 03:27:36 [INFO] Avg  5GB memory:   3631 MB
2026-04-11 03:27:36 [INFO] [38/245] Split [26, 10, 2, 2] | Batch: 64 | Microbatch: 8 | Microbatches: 8
2026-04-11 03:27:36 [INFO] Loading WikiText... (SEQ_LEN=64, BATCH=64)
2026-04-11 03:27:38 [WARNING] '('Connection broken: IncompleteRead(0 bytes read, 65536 more expected)', IncompleteRead(0 bytes read, 65536 more expected))' thrown while requesting GET https://huggingface.co/datasets/wikitext/resolve/b08601e04326c79dfdd32d625aee71d232d685c3/wikitext-2-raw-v1/test-00000-of-00001.parquet
2026-04-11 03:27:38 [WARNING] Retrying in 1s [Retry 1/5].
2026-04-11 03:27:56 [INFO] [Rank 2] Loading weights...
2026-04-11 03:27:59 [INFO] [Rank 2] Weights loaded.
2026-04-11 03:28:01 [INFO] [Rank 3] Loading weights...
2026-04-11 03:28:05 [INFO] [Rank 3] Weights loaded.
2026-04-11 03:28:27 [INFO] [Rank 1] Loading weights...
2026-04-11 03:28:34 [INFO] [Rank 1] Weights loaded.
2026-04-11 03:29:34 [INFO] [Rank 0] Loading weights...
2026-04-11 03:29:47 [INFO] [Rank 0] Weights loaded.
2026-04-11 03:36:46 [INFO] [Rank 2] Finished. Latency: 418515 ms
2026-04-11 03:36:46 [INFO] [Rank 1] Finished. Latency: 418515 ms
2026-04-11 03:36:46 [INFO] [Rank 0] Finished. Latency: 418515 ms
2026-04-11 03:36:46 [INFO] [Rank 3] Finished. Latency: 418529 ms
2026-04-11 03:36:50 [INFO] Total latency:     418515 ms
2026-04-11 03:36:50 [INFO] Peak 5GB memory:   6070 MB
2026-04-11 03:36:50 [INFO] Avg  5GB memory:   3680 MB
2026-04-11 03:36:50 [INFO] [39/245] Split [26, 10, 2, 2] | Batch: 64 | Microbatch: 4 | Microbatches: 16
2026-04-11 03:36:50 [INFO] Loading WikiText... (SEQ_LEN=64, BATCH=64)
2026-04-11 03:37:08 [INFO] [Rank 2] Loading weights...
2026-04-11 03:37:11 [INFO] [Rank 2] Weights loaded.
2026-04-11 03:37:13 [INFO] [Rank 3] Loading weights...
2026-04-11 03:37:16 [INFO] [Rank 3] Weights loaded.
2026-04-11 03:37:39 [INFO] [Rank 1] Loading weights...
2026-04-11 03:37:46 [INFO] [Rank 1] Weights loaded.
2026-04-11 03:38:45 [INFO] [Rank 0] Loading weights...
2026-04-11 03:38:58 [INFO] [Rank 0] Weights loaded.
2026-04-11 03:52:25 [INFO] [Rank 1] Finished. Latency: 806675 ms
2026-04-11 03:52:25 [INFO] [Rank 2] Finished. Latency: 806675 ms
2026-04-11 03:52:25 [INFO] [Rank 0] Finished. Latency: 806675 ms
2026-04-11 03:52:25 [INFO] [Rank 3] Finished. Latency: 806688 ms
2026-04-11 03:52:29 [INFO] Total latency:     806675 ms
2026-04-11 03:52:29 [INFO] Peak 5GB memory:   6070 MB
2026-04-11 03:52:29 [INFO] Avg  5GB memory:   3754 MB
2026-04-11 03:52:29 [INFO] [40/245] Split [26, 10, 2, 2] | Batch: 64 | Microbatch: 2 | Microbatches: 32
2026-04-11 03:52:29 [INFO] Loading WikiText... (SEQ_LEN=64, BATCH=64)
2026-04-11 03:52:47 [INFO] [Rank 2] Loading weights...
2026-04-11 03:52:50 [INFO] [Rank 2] Weights loaded.
2026-04-11 03:52:52 [INFO] [Rank 3] Loading weights...
2026-04-11 03:52:56 [INFO] [Rank 3] Weights loaded.
2026-04-11 03:53:18 [INFO] [Rank 1] Loading weights...
2026-04-11 03:53:25 [INFO] [Rank 1] Weights loaded.
2026-04-11 03:54:25 [INFO] [Rank 0] Loading weights...
2026-04-11 03:54:38 [INFO] [Rank 0] Weights loaded.
2026-04-11 04:20:57 [INFO] [Rank 2] Finished. Latency: 1579274 ms
2026-04-11 04:20:57 [INFO] [Rank 1] Finished. Latency: 1579274 ms
2026-04-11 04:20:57 [INFO] [Rank 0] Finished. Latency: 1579274 ms
2026-04-11 04:20:57 [INFO] [Rank 3] Finished. Latency: 1579288 ms
2026-04-11 04:20:59 [ERROR] Hang detected: ranks still alive after timeout: 0
2026-04-11 04:21:01 [INFO] [41/245] Split [26, 10, 3, 1] | Batch: 64 | Microbatch: 32 | Microbatches: 2
2026-04-11 04:21:01 [INFO] Loading WikiText... (SEQ_LEN=64, BATCH=64)
2026-04-11 04:21:04 [WARNING] '('Connection broken: IncompleteRead(0 bytes read, 732606 more expected)', IncompleteRead(0 bytes read, 732606 more expected))' thrown while requesting GET https://huggingface.co/datasets/wikitext/resolve/b08601e04326c79dfdd32d625aee71d232d685c3/wikitext-2-raw-v1/test-00000-of-00001.parquet
2026-04-11 04:21:04 [WARNING] Retrying in 1s [Retry 1/5].
2026-04-11 04:21:22 [INFO] [Rank 3] Loading weights...
2026-04-11 04:21:26 [INFO] [Rank 2] Loading weights...
2026-04-11 04:21:26 [INFO] [Rank 3] Weights loaded.
2026-04-11 04:21:29 [INFO] [Rank 2] Weights loaded.
2026-04-11 04:21:53 [INFO] [Rank 1] Loading weights...
2026-04-11 04:22:00 [INFO] [Rank 1] Weights loaded.
2026-04-11 04:22:59 [INFO] [Rank 0] Loading weights...
2026-04-11 04:23:13 [INFO] [Rank 0] Weights loaded.
2026-04-11 04:25:21 [INFO] [Rank 2] Finished. Latency: 128607 ms
2026-04-11 04:25:21 [INFO] [Rank 1] Finished. Latency: 128607 ms
2026-04-11 04:25:21 [INFO] [Rank 0] Finished. Latency: 128607 ms
2026-04-11 04:25:21 [INFO] [Rank 3] Finished. Latency: 128619 ms
2026-04-11 04:25:25 [INFO] Total latency:     128607 ms
2026-04-11 04:25:25 [INFO] Peak 5GB memory:   5010 MB
2026-04-11 04:25:25 [INFO] Avg  5GB memory:   2650 MB
2026-04-11 04:25:25 [INFO] [42/245] Split [26, 10, 3, 1] | Batch: 64 | Microbatch: 16 | Microbatches: 4
2026-04-11 04:25:25 [INFO] Loading WikiText... (SEQ_LEN=64, BATCH=64)
2026-04-11 04:25:28 [WARNING] '('Connection broken: IncompleteRead(0 bytes read, 65536 more expected)', IncompleteRead(0 bytes read, 65536 more expected))' thrown while requesting GET https://huggingface.co/datasets/wikitext/resolve/b08601e04326c79dfdd32d625aee71d232d685c3/wikitext-2-raw-v1/test-00000-of-00001.parquet
2026-04-11 04:25:28 [WARNING] Retrying in 1s [Retry 1/5].
2026-04-11 04:25:46 [INFO] [Rank 3] Loading weights...
2026-04-11 04:25:49 [INFO] [Rank 2] Loading weights...
2026-04-11 04:25:49 [INFO] [Rank 3] Weights loaded.
2026-04-11 04:25:53 [INFO] [Rank 2] Weights loaded.
2026-04-11 04:26:17 [INFO] [Rank 1] Loading weights...
2026-04-11 04:26:24 [INFO] [Rank 1] Weights loaded.
2026-04-11 04:27:23 [INFO] [Rank 0] Loading weights...
2026-04-11 04:27:36 [INFO] [Rank 0] Weights loaded.
2026-04-11 04:31:21 [INFO] [Rank 2] Finished. Latency: 224752 ms
2026-04-11 04:31:21 [INFO] [Rank 0] Finished. Latency: 224752 ms
2026-04-11 04:31:21 [INFO] [Rank 1] Finished. Latency: 224752 ms
2026-04-11 04:31:21 [INFO] [Rank 3] Finished. Latency: 224762 ms
2026-04-11 04:31:25 [INFO] Total latency:     224752 ms
2026-04-11 04:31:25 [INFO] Peak 5GB memory:   5010 MB
2026-04-11 04:31:25 [INFO] Avg  5GB memory:   2633 MB
2026-04-11 04:31:25 [INFO] [43/245] Split [26, 10, 3, 1] | Batch: 64 | Microbatch: 8 | Microbatches: 8
2026-04-11 04:31:25 [INFO] Loading WikiText... (SEQ_LEN=64, BATCH=64)
2026-04-11 04:31:44 [INFO] [Rank 3] Loading weights...
2026-04-11 04:31:47 [INFO] [Rank 3] Weights loaded.
2026-04-11 04:31:47 [INFO] [Rank 2] Loading weights...
2026-04-11 04:31:51 [INFO] [Rank 2] Weights loaded.
2026-04-11 04:32:15 [INFO] [Rank 1] Loading weights...
2026-04-11 04:32:22 [INFO] [Rank 1] Weights loaded.
2026-04-11 04:33:20 [INFO] [Rank 0] Loading weights...
2026-04-11 04:33:34 [INFO] [Rank 0] Weights loaded.
2026-04-11 04:40:32 [INFO] [Rank 1] Finished. Latency: 418629 ms
2026-04-11 04:40:32 [INFO] [Rank 2] Finished. Latency: 418629 ms
2026-04-11 04:40:32 [INFO] [Rank 0] Finished. Latency: 418629 ms
2026-04-11 04:40:32 [INFO] [Rank 3] Finished. Latency: 418638 ms
2026-04-11 04:40:36 [INFO] Total latency:     418629 ms
2026-04-11 04:40:36 [INFO] Peak 5GB memory:   5010 MB
2026-04-11 04:40:36 [INFO] Avg  5GB memory:   2582 MB
2026-04-11 04:40:36 [INFO] [44/245] Split [26, 10, 3, 1] | Batch: 64 | Microbatch: 4 | Microbatches: 16
2026-04-11 04:40:36 [INFO] Loading WikiText... (SEQ_LEN=64, BATCH=64)
2026-04-11 04:40:55 [INFO] [Rank 3] Loading weights...
2026-04-11 04:40:58 [INFO] [Rank 3] Weights loaded.
2026-04-11 04:40:58 [INFO] [Rank 2] Loading weights...
2026-04-11 04:41:01 [INFO] [Rank 2] Weights loaded.
2026-04-11 04:41:25 [INFO] [Rank 1] Loading weights...
2026-04-11 04:41:32 [INFO] [Rank 1] Weights loaded.
2026-04-11 04:42:31 [INFO] [Rank 0] Loading weights...
2026-04-11 04:42:45 [INFO] [Rank 0] Weights loaded.
2026-04-11 04:56:11 [INFO] [Rank 2] Finished. Latency: 806264 ms
2026-04-11 04:56:11 [INFO] [Rank 0] Finished. Latency: 806264 ms
2026-04-11 04:56:11 [INFO] [Rank 1] Finished. Latency: 806264 ms
2026-04-11 04:56:11 [INFO] [Rank 3] Finished. Latency: 806273 ms
2026-04-11 04:56:15 [INFO] Total latency:     806264 ms
2026-04-11 04:56:15 [INFO] Peak 5GB memory:   3730 MB
2026-04-11 04:56:15 [INFO] Avg  5GB memory:   2612 MB
2026-04-11 04:56:15 [INFO] [45/245] Split [26, 10, 3, 1] | Batch: 64 | Microbatch: 2 | Microbatches: 32
2026-04-11 04:56:15 [INFO] Loading WikiText... (SEQ_LEN=64, BATCH=64)
2026-04-11 04:56:33 [INFO] [Rank 3] Loading weights...
2026-04-11 04:56:36 [INFO] [Rank 2] Loading weights...
2026-04-11 04:56:36 [INFO] [Rank 3] Weights loaded.
2026-04-11 04:56:40 [INFO] [Rank 2] Weights loaded.
2026-04-11 04:57:04 [INFO] [Rank 1] Loading weights...
2026-04-11 04:57:11 [INFO] [Rank 1] Weights loaded.
2026-04-11 04:58:10 [INFO] [Rank 0] Loading weights...
2026-04-11 04:58:23 [INFO] [Rank 0] Weights loaded.
2026-04-11 05:24:45 [INFO] [Rank 2] Finished. Latency: 1581927 ms
2026-04-11 05:24:45 [INFO] [Rank 1] Finished. Latency: 1581927 ms
2026-04-11 05:24:45 [INFO] [Rank 0] Finished. Latency: 1581927 ms
2026-04-11 05:24:45 [INFO] [Rank 3] Finished. Latency: 1581936 ms
2026-04-11 05:24:47 [ERROR] Hang detected: ranks still alive after timeout: 0
2026-04-11 05:24:49 [INFO] [46/245] Split [26, 10, 4, 0] | Batch: 64 | Microbatch: 32 | Microbatches: 2
2026-04-11 05:24:49 [INFO] Loading WikiText... (SEQ_LEN=64, BATCH=64)
2026-04-11 05:25:04 [INFO] [Rank 3] Loading weights...
2026-04-11 05:25:07 [INFO] [Rank 3] Weights loaded.
2026-04-11 05:25:15 [INFO] [Rank 2] Loading weights...
2026-04-11 05:25:19 [INFO] [Rank 2] Weights loaded.
2026-04-11 05:25:39 [INFO] [Rank 1] Loading weights...
2026-04-11 05:25:46 [INFO] [Rank 1] Weights loaded.
2026-04-11 05:26:44 [INFO] [Rank 0] Loading weights...
2026-04-11 05:26:57 [INFO] [Rank 0] Weights loaded.
2026-04-11 05:29:06 [INFO] [Rank 2] Finished. Latency: 128555 ms
2026-04-11 05:29:06 [INFO] [Rank 1] Finished. Latency: 128555 ms
2026-04-11 05:29:06 [INFO] [Rank 0] Finished. Latency: 128555 ms
2026-04-11 05:29:06 [INFO] [Rank 3] Finished. Latency: 128561 ms
2026-04-11 05:29:10 [INFO] Total latency:     128555 ms
2026-04-11 05:29:10 [INFO] Peak 5GB memory:   3950 MB
2026-04-11 05:29:10 [INFO] Avg  5GB memory:   1453 MB
2026-04-11 05:29:10 [INFO] [47/245] Split [26, 10, 4, 0] | Batch: 64 | Microbatch: 16 | Microbatches: 4
2026-04-11 05:29:10 [INFO] Loading WikiText... (SEQ_LEN=64, BATCH=64)
2026-04-11 05:29:25 [INFO] [Rank 3] Loading weights...
2026-04-11 05:29:27 [INFO] [Rank 3] Weights loaded.
2026-04-11 05:29:36 [INFO] [Rank 2] Loading weights...
2026-04-11 05:29:40 [INFO] [Rank 2] Weights loaded.
2026-04-11 05:30:00 [INFO] [Rank 1] Loading weights...
2026-04-11 05:30:07 [INFO] [Rank 1] Weights loaded.
2026-04-11 05:31:05 [INFO] [Rank 0] Loading weights...
2026-04-11 05:31:19 [INFO] [Rank 0] Weights loaded.
2026-04-11 05:35:03 [INFO] [Rank 2] Finished. Latency: 224572 ms
2026-04-11 05:35:03 [INFO] [Rank 0] Finished. Latency: 224572 ms
2026-04-11 05:35:03 [INFO] [Rank 1] Finished. Latency: 224572 ms
2026-04-11 05:35:03 [INFO] [Rank 3] Finished. Latency: 224577 ms
2026-04-11 05:35:07 [INFO] Total latency:     224572 ms
2026-04-11 05:35:07 [INFO] Peak 5GB memory:   3950 MB
2026-04-11 05:35:07 [INFO] Avg  5GB memory:   1442 MB
2026-04-11 05:35:07 [INFO] [48/245] Split [26, 10, 4, 0] | Batch: 64 | Microbatch: 8 | Microbatches: 8
2026-04-11 05:35:07 [INFO] Loading WikiText... (SEQ_LEN=64, BATCH=64)
2026-04-11 05:35:22 [INFO] [Rank 3] Loading weights...
2026-04-11 05:35:24 [INFO] [Rank 3] Weights loaded.
2026-04-11 05:35:32 [INFO] [Rank 2] Loading weights...
2026-04-11 05:35:37 [INFO] [Rank 2] Weights loaded.
2026-04-11 05:35:57 [INFO] [Rank 1] Loading weights...
2026-04-11 05:36:04 [INFO] [Rank 1] Weights loaded.
2026-04-11 05:37:02 [INFO] [Rank 0] Loading weights...
2026-04-11 05:37:15 [INFO] [Rank 0] Weights loaded.
2026-04-11 05:44:13 [INFO] [Rank 2] Finished. Latency: 418618 ms
2026-04-11 05:44:13 [INFO] [Rank 0] Finished. Latency: 418618 ms
2026-04-11 05:44:13 [INFO] [Rank 1] Finished. Latency: 418618 ms
2026-04-11 05:44:14 [INFO] [Rank 3] Finished. Latency: 418623 ms
2026-04-11 05:44:18 [INFO] Total latency:     418618 ms
2026-04-11 05:44:18 [INFO] Peak 5GB memory:   2670 MB
2026-04-11 05:44:18 [INFO] Avg  5GB memory:   1447 MB
2026-04-11 05:44:18 [INFO] [49/245] Split [26, 10, 4, 0] | Batch: 64 | Microbatch: 4 | Microbatches: 16
2026-04-11 05:44:18 [INFO] Loading WikiText... (SEQ_LEN=64, BATCH=64)
2026-04-11 05:44:32 [INFO] [Rank 3] Loading weights...
2026-04-11 05:44:35 [INFO] [Rank 3] Weights loaded.
2026-04-11 05:44:43 [INFO] [Rank 2] Loading weights...
2026-04-11 05:44:47 [INFO] [Rank 2] Weights loaded.
2026-04-11 05:45:07 [INFO] [Rank 1] Loading weights...
2026-04-11 05:45:14 [INFO] [Rank 1] Weights loaded.
2026-04-11 05:46:13 [INFO] [Rank 0] Loading weights...
2026-04-11 05:46:26 [INFO] [Rank 0] Weights loaded.
2026-04-11 05:59:53 [INFO] [Rank 2] Finished. Latency: 807316 ms
2026-04-11 05:59:53 [INFO] [Rank 1] Finished. Latency: 807316 ms
2026-04-11 05:59:53 [INFO] [Rank 0] Finished. Latency: 807316 ms
2026-04-11 05:59:53 [INFO] [Rank 3] Finished. Latency: 807321 ms
2026-04-11 05:59:57 [INFO] Total latency:     807316 ms
2026-04-11 05:59:57 [INFO] Peak 5GB memory:   3950 MB
2026-04-11 05:59:57 [INFO] Avg  5GB memory:   1464 MB
2026-04-11 05:59:57 [INFO] [50/245] Split [26, 10, 4, 0] | Batch: 64 | Microbatch: 2 | Microbatches: 32
2026-04-11 05:59:57 [INFO] Loading WikiText... (SEQ_LEN=64, BATCH=64)
2026-04-11 06:00:12 [INFO] [Rank 3] Loading weights...
2026-04-11 06:00:15 [INFO] [Rank 3] Weights loaded.
2026-04-11 06:00:23 [INFO] [Rank 2] Loading weights...
2026-04-11 06:00:27 [INFO] [Rank 2] Weights loaded.
2026-04-11 06:00:47 [INFO] [Rank 1] Loading weights...
2026-04-11 06:00:54 [INFO] [Rank 1] Weights loaded.
2026-04-11 06:01:53 [INFO] [Rank 0] Loading weights...
2026-04-11 06:02:06 [INFO] [Rank 0] Weights loaded.
2026-04-11 06:28:26 [INFO] [Rank 2] Finished. Latency: 1579848 ms
2026-04-11 06:28:26 [INFO] [Rank 1] Finished. Latency: 1579848 ms
2026-04-11 06:28:26 [INFO] [Rank 0] Finished. Latency: 1579848 ms
2026-04-11 06:28:26 [INFO] [Rank 3] Finished. Latency: 1579853 ms
2026-04-11 06:28:30 [INFO] Total latency:     1579848 ms
2026-04-11 06:28:30 [INFO] Peak 5GB memory:   3950 MB
2026-04-11 06:28:30 [INFO] Avg  5GB memory:   1455 MB
2026-04-11 06:28:30 [INFO] [51/245] Split [27, 7, 4, 2] | Batch: 64 | Microbatch: 32 | Microbatches: 2
2026-04-11 06:28:30 [INFO] Loading WikiText... (SEQ_LEN=64, BATCH=64)
2026-04-11 06:28:53 [INFO] [Rank 3] Loading weights...
2026-04-11 06:28:56 [INFO] [Rank 2] Loading weights...
2026-04-11 06:28:57 [INFO] [Rank 3] Weights loaded.
2026-04-11 06:29:00 [INFO] [Rank 2] Weights loaded.
2026-04-11 06:29:08 [INFO] [Rank 1] Loading weights...
2026-04-11 06:29:14 [INFO] [Rank 1] Weights loaded.
2026-04-11 06:30:29 [INFO] [Rank 0] Loading weights...
2026-04-11 06:30:43 [INFO] [Rank 0] Weights loaded.
2026-04-11 06:32:57 [INFO] [Rank 1] Finished. Latency: 133854 ms
2026-04-11 06:32:57 [INFO] [Rank 2] Finished. Latency: 133854 ms
2026-04-11 06:32:57 [INFO] [Rank 0] Finished. Latency: 133855 ms
2026-04-11 06:32:57 [INFO] [Rank 3] Finished. Latency: 133873 ms
2026-04-11 06:33:01 [INFO] Total latency:     133855 ms
2026-04-11 06:33:01 [INFO] Peak 5GB memory:   4790 MB
2026-04-11 06:33:01 [INFO] Avg  5GB memory:   3702 MB
2026-04-11 06:33:01 [INFO] [52/245] Split [27, 7, 4, 2] | Batch: 64 | Microbatch: 16 | Microbatches: 4
2026-04-11 06:33:01 [INFO] Loading WikiText... (SEQ_LEN=64, BATCH=64)
2026-04-11 06:33:24 [INFO] [Rank 3] Loading weights...
2026-04-11 06:33:27 [INFO] [Rank 2] Loading weights...
2026-04-11 06:33:28 [INFO] [Rank 3] Weights loaded.
2026-04-11 06:33:31 [INFO] [Rank 2] Weights loaded.
2026-04-11 06:33:39 [INFO] [Rank 1] Loading weights...
2026-04-11 06:33:45 [INFO] [Rank 1] Weights loaded.
2026-04-11 06:35:00 [INFO] [Rank 0] Loading weights...
2026-04-11 06:35:14 [INFO] [Rank 0] Weights loaded.
2026-04-11 06:39:07 [INFO] [Rank 2] Finished. Latency: 233235 ms
2026-04-11 06:39:07 [INFO] [Rank 1] Finished. Latency: 233235 ms
2026-04-11 06:39:07 [INFO] [Rank 0] Finished. Latency: 233235 ms
2026-04-11 06:39:07 [INFO] [Rank 3] Finished. Latency: 233250 ms
2026-04-11 06:39:11 [INFO] Total latency:     233235 ms
2026-04-11 06:39:11 [INFO] Peak 5GB memory:   6070 MB
2026-04-11 06:39:11 [INFO] Avg  5GB memory:   3642 MB
2026-04-11 06:39:11 [INFO] [53/245] Split [27, 7, 4, 2] | Batch: 64 | Microbatch: 8 | Microbatches: 8
2026-04-11 06:39:11 [INFO] Loading WikiText... (SEQ_LEN=64, BATCH=64)
2026-04-11 06:39:34 [INFO] [Rank 3] Loading weights...
2026-04-11 06:39:37 [INFO] [Rank 2] Loading weights...
2026-04-11 06:39:37 [INFO] [Rank 3] Weights loaded.
2026-04-11 06:39:41 [INFO] [Rank 2] Weights loaded.
2026-04-11 06:39:48 [INFO] [Rank 1] Loading weights...
2026-04-11 06:39:54 [INFO] [Rank 1] Weights loaded.
2026-04-11 06:41:10 [INFO] [Rank 0] Loading weights...
2026-04-11 06:41:24 [INFO] [Rank 0] Weights loaded.
2026-04-11 06:48:42 [INFO] [Rank 1] Finished. Latency: 437174 ms
2026-04-11 06:48:42 [INFO] [Rank 2] Finished. Latency: 437174 ms
2026-04-11 06:48:42 [INFO] [Rank 0] Finished. Latency: 437174 ms
2026-04-11 06:48:42 [INFO] [Rank 3] Finished. Latency: 437188 ms
2026-04-11 06:48:46 [INFO] Total latency:     437174 ms
2026-04-11 06:48:46 [INFO] Peak 5GB memory:   4790 MB
2026-04-11 06:48:46 [INFO] Avg  5GB memory:   3692 MB
2026-04-11 06:48:46 [INFO] [54/245] Split [27, 7, 4, 2] | Batch: 64 | Microbatch: 4 | Microbatches: 16
2026-04-11 06:48:46 [INFO] Loading WikiText... (SEQ_LEN=64, BATCH=64)
2026-04-11 06:49:08 [INFO] [Rank 3] Loading weights...
2026-04-11 06:49:11 [INFO] [Rank 2] Loading weights...
2026-04-11 06:49:12 [INFO] [Rank 3] Weights loaded.
2026-04-11 06:49:16 [INFO] [Rank 2] Weights loaded.
2026-04-11 06:49:23 [INFO] [Rank 1] Loading weights...
2026-04-11 06:49:28 [INFO] [Rank 1] Weights loaded.
2026-04-11 06:50:44 [INFO] [Rank 0] Loading weights...
2026-04-11 06:50:58 [INFO] [Rank 0] Weights loaded.
2026-04-11 07:04:56 [INFO] [Rank 1] Finished. Latency: 837406 ms
2026-04-11 07:04:56 [INFO] [Rank 2] Finished. Latency: 837406 ms
2026-04-11 07:04:56 [INFO] [Rank 0] Finished. Latency: 837406 ms
2026-04-11 07:04:56 [INFO] [Rank 3] Finished. Latency: 837420 ms
2026-04-11 07:05:00 [INFO] Total latency:     837406 ms
2026-04-11 07:05:00 [INFO] Peak 5GB memory:   4790 MB
2026-04-11 07:05:00 [INFO] Avg  5GB memory:   3758 MB
2026-04-11 07:05:00 [INFO] [55/245] Split [27, 7, 4, 2] | Batch: 64 | Microbatch: 2 | Microbatches: 32
2026-04-11 07:05:00 [INFO] Loading WikiText... (SEQ_LEN=64, BATCH=64)
2026-04-11 07:05:03 [WARNING] '('Connection broken: IncompleteRead(0 bytes read, 732606 more expected)', IncompleteRead(0 bytes read, 732606 more expected))' thrown while requesting GET https://huggingface.co/datasets/wikitext/resolve/b08601e04326c79dfdd32d625aee71d232d685c3/wikitext-2-raw-v1/test-00000-of-00001.parquet
2026-04-11 07:05:03 [WARNING] Retrying in 1s [Retry 1/5].
2026-04-11 07:05:05 [WARNING] '('Connection broken: IncompleteRead(0 bytes read, 732606 more expected)', IncompleteRead(0 bytes read, 732606 more expected))' thrown while requesting GET https://huggingface.co/datasets/wikitext/resolve/b08601e04326c79dfdd32d625aee71d232d685c3/wikitext-2-raw-v1/test-00000-of-00001.parquet
2026-04-11 07:05:05 [WARNING] Retrying in 2s [Retry 2/5].
2026-04-11 07:05:28 [INFO] [Rank 3] Loading weights...
2026-04-11 07:05:31 [INFO] [Rank 2] Loading weights...
2026-04-11 07:05:32 [INFO] [Rank 3] Weights loaded.
2026-04-11 07:05:35 [INFO] [Rank 2] Weights loaded.
2026-04-11 07:05:43 [INFO] [Rank 1] Loading weights...
2026-04-11 07:05:49 [INFO] [Rank 1] Weights loaded.
2026-04-11 07:07:04 [INFO] [Rank 0] Loading weights...
2026-04-11 07:07:18 [INFO] [Rank 0] Weights loaded.
2026-04-11 07:34:41 [INFO] [Rank 2] Finished. Latency: 1642698 ms
2026-04-11 07:34:41 [INFO] [Rank 1] Finished. Latency: 1642698 ms
2026-04-11 07:34:41 [INFO] [Rank 0] Finished. Latency: 1642699 ms
2026-04-11 07:34:41 [INFO] [Rank 3] Finished. Latency: 1642712 ms
2026-04-11 07:34:42 [ERROR] Hang detected: ranks still alive after timeout: 0
2026-04-11 07:34:45 [INFO] [56/245] Split [27, 8, 3, 2] | Batch: 64 | Microbatch: 32 | Microbatches: 2
2026-04-11 07:34:45 [INFO] Loading WikiText... (SEQ_LEN=64, BATCH=64)
2026-04-11 07:34:47 [WARNING] '('Connection broken: IncompleteRead(0 bytes read, 65536 more expected)', IncompleteRead(0 bytes read, 65536 more expected))' thrown while requesting GET https://huggingface.co/datasets/wikitext/resolve/b08601e04326c79dfdd32d625aee71d232d685c3/wikitext-2-raw-v1/test-00000-of-00001.parquet
2026-04-11 07:34:47 [WARNING] Retrying in 1s [Retry 1/5].
2026-04-11 07:35:09 [INFO] [Rank 2] Loading weights...
2026-04-11 07:35:10 [INFO] [Rank 3] Loading weights...
2026-04-11 07:35:13 [INFO] [Rank 2] Weights loaded.
2026-04-11 07:35:14 [INFO] [Rank 3] Weights loaded.
2026-04-11 07:35:29 [INFO] [Rank 1] Loading weights...
2026-04-11 07:35:35 [INFO] [Rank 1] Weights loaded.
2026-04-11 07:36:46 [INFO] [Rank 0] Loading weights...
2026-04-11 07:37:00 [INFO] [Rank 0] Weights loaded.
2026-04-11 07:39:11 [INFO] [Rank 2] Finished. Latency: 130368 ms
2026-04-11 07:39:11 [INFO] [Rank 1] Finished. Latency: 130368 ms
2026-04-11 07:39:11 [INFO] [Rank 0] Finished. Latency: 130368 ms
2026-04-11 07:39:11 [INFO] [Rank 3] Finished. Latency: 130386 ms
2026-04-11 07:39:15 [INFO] Total latency:     130368 ms
2026-04-11 07:39:15 [INFO] Peak 5GB memory:   6070 MB
2026-04-11 07:39:15 [INFO] Avg  5GB memory:   3685 MB
2026-04-11 07:39:15 [INFO] [57/245] Split [27, 8, 3, 2] | Batch: 64 | Microbatch: 16 | Microbatches: 4
2026-04-11 07:39:15 [INFO] Loading WikiText... (SEQ_LEN=64, BATCH=64)
2026-04-11 07:39:37 [INFO] [Rank 2] Loading weights...
2026-04-11 07:39:37 [INFO] [Rank 3] Loading weights...
2026-04-11 07:39:40 [INFO] [Rank 2] Weights loaded.
2026-04-11 07:39:41 [INFO] [Rank 3] Weights loaded.
2026-04-11 07:39:56 [INFO] [Rank 1] Loading weights...
2026-04-11 07:40:02 [INFO] [Rank 1] Weights loaded.
2026-04-11 07:41:14 [INFO] [Rank 0] Loading weights...
2026-04-11 07:41:27 [INFO] [Rank 0] Weights loaded.
2026-04-11 07:45:15 [INFO] [Rank 2] Finished. Latency: 227727 ms
2026-04-11 07:45:15 [INFO] [Rank 1] Finished. Latency: 227727 ms
2026-04-11 07:45:15 [INFO] [Rank 0] Finished. Latency: 227727 ms
2026-04-11 07:45:15 [INFO] [Rank 3] Finished. Latency: 227742 ms
2026-04-11 07:45:19 [INFO] Total latency:     227727 ms
2026-04-11 07:45:19 [INFO] Peak 5GB memory:   6070 MB
2026-04-11 07:45:19 [INFO] Avg  5GB memory:   3634 MB
2026-04-11 07:45:19 [INFO] [58/245] Split [27, 8, 3, 2] | Batch: 64 | Microbatch: 8 | Microbatches: 8
2026-04-11 07:45:19 [INFO] Loading WikiText... (SEQ_LEN=64, BATCH=64)
2026-04-11 07:45:41 [INFO] [Rank 2] Loading weights...
2026-04-11 07:45:42 [INFO] [Rank 3] Loading weights...
2026-04-11 07:45:45 [INFO] [Rank 2] Weights loaded.
2026-04-11 07:45:46 [INFO] [Rank 3] Weights loaded.
2026-04-11 07:46:01 [INFO] [Rank 1] Loading weights...
2026-04-11 07:46:07 [INFO] [Rank 1] Weights loaded.
2026-04-11 07:47:18 [INFO] [Rank 0] Loading weights...
2026-04-11 07:47:32 [INFO] [Rank 0] Weights loaded.
2026-04-11 07:54:36 [INFO] [Rank 1] Finished. Latency: 423747 ms
2026-04-11 07:54:36 [INFO] [Rank 0] Finished. Latency: 423747 ms
2026-04-11 07:54:36 [INFO] [Rank 2] Finished. Latency: 423747 ms
2026-04-11 07:54:36 [INFO] [Rank 3] Finished. Latency: 423761 ms
2026-04-11 07:54:40 [INFO] Total latency:     423747 ms
2026-04-11 07:54:40 [INFO] Peak 5GB memory:   6070 MB
2026-04-11 07:54:40 [INFO] Avg  5GB memory:   3685 MB
2026-04-11 07:54:40 [INFO] [59/245] Split [27, 8, 3, 2] | Batch: 64 | Microbatch: 4 | Microbatches: 16
2026-04-11 07:54:40 [INFO] Loading WikiText... (SEQ_LEN=64, BATCH=64)
2026-04-11 07:55:02 [INFO] [Rank 2] Loading weights...
2026-04-11 07:55:02 [INFO] [Rank 3] Loading weights...
2026-04-11 07:55:05 [INFO] [Rank 2] Weights loaded.
2026-04-11 07:55:06 [INFO] [Rank 3] Weights loaded.
2026-04-11 07:55:22 [INFO] [Rank 1] Loading weights...
2026-04-11 07:55:28 [INFO] [Rank 1] Weights loaded.
2026-04-11 07:56:38 [INFO] [Rank 0] Loading weights...
2026-04-11 07:56:52 [INFO] [Rank 0] Weights loaded.
2026-04-11 08:10:30 [INFO] [Rank 1] Finished. Latency: 817300 ms
2026-04-11 08:10:30 [INFO] [Rank 2] Finished. Latency: 817300 ms
2026-04-11 08:10:30 [INFO] [Rank 0] Finished. Latency: 817300 ms
2026-04-11 08:10:30 [INFO] [Rank 3] Finished. Latency: 817314 ms
2026-04-11 08:10:34 [INFO] Total latency:     817300 ms
2026-04-11 08:10:34 [INFO] Peak 5GB memory:   6070 MB
2026-04-11 08:10:34 [INFO] Avg  5GB memory:   3755 MB
2026-04-11 08:10:34 [INFO] [60/245] Split [27, 8, 3, 2] | Batch: 64 | Microbatch: 2 | Microbatches: 32
2026-04-11 08:10:34 [INFO] Loading WikiText... (SEQ_LEN=64, BATCH=64)
2026-04-11 08:10:55 [INFO] [Rank 2] Loading weights...
2026-04-11 08:10:56 [INFO] [Rank 3] Loading weights...
2026-04-11 08:10:59 [INFO] [Rank 2] Weights loaded.
2026-04-11 08:11:00 [INFO] [Rank 3] Weights loaded.
2026-04-11 08:11:15 [INFO] [Rank 1] Loading weights...
2026-04-11 08:11:21 [INFO] [Rank 1] Weights loaded.
2026-04-11 08:12:33 [INFO] [Rank 0] Loading weights...
2026-04-11 08:12:46 [INFO] [Rank 0] Weights loaded.
2026-04-11 08:39:28 [INFO] [Rank 2] Finished. Latency: 1601053 ms
2026-04-11 08:39:28 [INFO] [Rank 1] Finished. Latency: 1601053 ms
2026-04-11 08:39:28 [INFO] [Rank 0] Finished. Latency: 1601053 ms
2026-04-11 08:39:28 [INFO] [Rank 3] Finished. Latency: 1601066 ms
2026-04-11 08:39:29 [ERROR] Hang detected: ranks still alive after timeout: 0
2026-04-11 08:39:32 [INFO] [61/245] Split [27, 8, 4, 1] | Batch: 64 | Microbatch: 32 | Microbatches: 2
2026-04-11 08:39:32 [INFO] Loading WikiText... (SEQ_LEN=64, BATCH=64)
2026-04-11 08:39:35 [WARNING] '('Connection broken: IncompleteRead(0 bytes read, 732606 more expected)', IncompleteRead(0 bytes read, 732606 more expected))' thrown while requesting GET https://huggingface.co/datasets/wikitext/resolve/b08601e04326c79dfdd32d625aee71d232d685c3/wikitext-2-raw-v1/test-00000-of-00001.parquet
2026-04-11 08:39:35 [WARNING] Retrying in 1s [Retry 1/5].
2026-04-11 08:39:52 [INFO] [Rank 3] Loading weights...
2026-04-11 08:39:56 [INFO] [Rank 3] Weights loaded.
2026-04-11 08:40:00 [INFO] [Rank 2] Loading weights...
2026-04-11 08:40:04 [INFO] [Rank 2] Weights loaded.
2026-04-11 08:40:15 [INFO] [Rank 1] Loading weights...
2026-04-11 08:40:21 [INFO] [Rank 1] Weights loaded.
2026-04-11 08:41:32 [INFO] [Rank 0] Loading weights...
2026-04-11 08:41:46 [INFO] [Rank 0] Weights loaded.
2026-04-11 08:43:57 [INFO] [Rank 2] Finished. Latency: 130362 ms
2026-04-11 08:43:57 [INFO] [Rank 1] Finished. Latency: 130362 ms
2026-04-11 08:43:57 [INFO] [Rank 0] Finished. Latency: 130362 ms
2026-04-11 08:43:57 [INFO] [Rank 3] Finished. Latency: 130374 ms
2026-04-11 08:44:01 [INFO] Total latency:     130362 ms
2026-04-11 08:44:01 [INFO] Peak 5GB memory:   5010 MB
2026-04-11 08:44:01 [INFO] Avg  5GB memory:   2658 MB
2026-04-11 08:44:01 [INFO] [62/245] Split [27, 8, 4, 1] | Batch: 64 | Microbatch: 16 | Microbatches: 4
2026-04-11 08:44:01 [INFO] Loading WikiText... (SEQ_LEN=64, BATCH=64)
2026-04-11 08:44:19 [INFO] [Rank 3] Loading weights...
2026-04-11 08:44:22 [INFO] [Rank 3] Weights loaded.
2026-04-11 08:44:26 [INFO] [Rank 2] Loading weights...
2026-04-11 08:44:31 [INFO] [Rank 2] Weights loaded.
2026-04-11 08:44:42 [INFO] [Rank 1] Loading weights...
2026-04-11 08:44:48 [INFO] [Rank 1] Weights loaded.
2026-04-11 08:46:01 [INFO] [Rank 0] Loading weights...
2026-04-11 08:46:14 [INFO] [Rank 0] Weights loaded.
2026-04-11 08:50:02 [INFO] [Rank 2] Finished. Latency: 227672 ms
2026-04-11 08:50:02 [INFO] [Rank 1] Finished. Latency: 227672 ms
2026-04-11 08:50:02 [INFO] [Rank 0] Finished. Latency: 227672 ms
2026-04-11 08:50:02 [INFO] [Rank 3] Finished. Latency: 227682 ms
2026-04-11 08:50:06 [INFO] Total latency:     227672 ms
2026-04-11 08:50:06 [INFO] Peak 5GB memory:   5010 MB
2026-04-11 08:50:06 [INFO] Avg  5GB memory:   2633 MB
2026-04-11 08:50:06 [INFO] [63/245] Split [27, 8, 4, 1] | Batch: 64 | Microbatch: 8 | Microbatches: 8
2026-04-11 08:50:06 [INFO] Loading WikiText... (SEQ_LEN=64, BATCH=64)
2026-04-11 08:50:24 [INFO] [Rank 3] Loading weights...
2026-04-11 08:50:28 [INFO] [Rank 3] Weights loaded.
2026-04-11 08:50:32 [INFO] [Rank 2] Loading weights...
2026-04-11 08:50:36 [INFO] [Rank 2] Weights loaded.
2026-04-11 08:50:48 [INFO] [Rank 1] Loading weights...
2026-04-11 08:50:54 [INFO] [Rank 1] Weights loaded.
2026-04-11 08:52:05 [INFO] [Rank 0] Loading weights...
2026-04-11 08:52:18 [INFO] [Rank 0] Weights loaded.
2026-04-11 08:59:23 [INFO] [Rank 2] Finished. Latency: 424152 ms
2026-04-11 08:59:23 [INFO] [Rank 0] Finished. Latency: 424152 ms
2026-04-11 08:59:23 [INFO] [Rank 1] Finished. Latency: 424152 ms
2026-04-11 08:59:23 [INFO] [Rank 3] Finished. Latency: 424161 ms
2026-04-11 08:59:27 [INFO] Total latency:     424152 ms
2026-04-11 08:59:27 [INFO] Peak 5GB memory:   3730 MB
2026-04-11 08:59:27 [INFO] Avg  5GB memory:   2586 MB
2026-04-11 08:59:27 [INFO] [64/245] Split [27, 8, 4, 1] | Batch: 64 | Microbatch: 4 | Microbatches: 16
2026-04-11 08:59:27 [INFO] Loading WikiText... (SEQ_LEN=64, BATCH=64)
2026-04-11 08:59:46 [INFO] [Rank 3] Loading weights...
2026-04-11 08:59:49 [INFO] [Rank 3] Weights loaded.
2026-04-11 08:59:53 [INFO] [Rank 2] Loading weights...
2026-04-11 08:59:57 [INFO] [Rank 2] Weights loaded.
2026-04-11 09:00:08 [INFO] [Rank 1] Loading weights...
2026-04-11 09:00:14 [INFO] [Rank 1] Weights loaded.
2026-04-11 09:01:26 [INFO] [Rank 0] Loading weights...
2026-04-11 09:01:40 [INFO] [Rank 0] Weights loaded.
2026-04-11 09:15:17 [INFO] [Rank 1] Finished. Latency: 817489 ms
2026-04-11 09:15:17 [INFO] [Rank 2] Finished. Latency: 817489 ms
2026-04-11 09:15:17 [INFO] [Rank 0] Finished. Latency: 817489 ms
2026-04-11 09:15:17 [INFO] [Rank 3] Finished. Latency: 817498 ms
2026-04-11 09:15:21 [INFO] Total latency:     817489 ms
2026-04-11 09:15:21 [INFO] Peak 5GB memory:   5010 MB
2026-04-11 09:15:21 [INFO] Avg  5GB memory:   2612 MB
2026-04-11 09:15:21 [INFO] [65/245] Split [27, 8, 4, 1] | Batch: 64 | Microbatch: 2 | Microbatches: 32
2026-04-11 09:15:21 [INFO] Loading WikiText... (SEQ_LEN=64, BATCH=64)
2026-04-11 09:15:40 [INFO] [Rank 3] Loading weights...
2026-04-11 09:15:44 [INFO] [Rank 3] Weights loaded.
2026-04-11 09:15:47 [INFO] [Rank 2] Loading weights...
2026-04-11 09:15:52 [INFO] [Rank 2] Weights loaded.
2026-04-11 09:16:03 [INFO] [Rank 1] Loading weights...
2026-04-11 09:16:09 [INFO] [Rank 1] Weights loaded.
2026-04-11 09:17:21 [INFO] [Rank 0] Loading weights...
2026-04-11 09:17:34 [INFO] [Rank 0] Weights loaded.
2026-04-11 09:44:15 [INFO] [Rank 2] Finished. Latency: 1600870 ms
2026-04-11 09:44:15 [INFO] [Rank 1] Finished. Latency: 1600870 ms
2026-04-11 09:44:15 [INFO] [Rank 0] Finished. Latency: 1600870 ms
2026-04-11 09:44:15 [INFO] [Rank 3] Finished. Latency: 1600879 ms
2026-04-11 09:44:17 [ERROR] Hang detected: ranks still alive after timeout: 0
2026-04-11 09:44:19 [INFO] [66/245] Split [27, 9, 2, 2] | Batch: 64 | Microbatch: 32 | Microbatches: 2
2026-04-11 09:44:19 [INFO] Loading WikiText... (SEQ_LEN=64, BATCH=64)
2026-04-11 09:44:37 [INFO] [Rank 2] Loading weights...
2026-04-11 09:44:40 [INFO] [Rank 2] Weights loaded.
2026-04-11 09:44:42 [INFO] [Rank 3] Loading weights...
2026-04-11 09:44:46 [INFO] [Rank 3] Weights loaded.
2026-04-11 09:45:05 [INFO] [Rank 1] Loading weights...
2026-04-11 09:45:11 [INFO] [Rank 1] Weights loaded.
2026-04-11 09:46:18 [INFO] [Rank 0] Loading weights...
2026-04-11 09:46:32 [INFO] [Rank 0] Weights loaded.
2026-04-11 09:48:39 [INFO] [Rank 2] Finished. Latency: 127134 ms
2026-04-11 09:48:39 [INFO] [Rank 1] Finished. Latency: 127134 ms
2026-04-11 09:48:39 [INFO] [Rank 0] Finished. Latency: 127134 ms
2026-04-11 09:48:39 [INFO] [Rank 3] Finished. Latency: 127152 ms
2026-04-11 09:48:43 [INFO] Total latency:     127134 ms
2026-04-11 09:48:43 [INFO] Peak 5GB memory:   6070 MB
2026-04-11 09:48:43 [INFO] Avg  5GB memory:   3678 MB
2026-04-11 09:48:43 [INFO] [67/245] Split [27, 9, 2, 2] | Batch: 64 | Microbatch: 16 | Microbatches: 4
2026-04-11 09:48:43 [INFO] Loading WikiText... (SEQ_LEN=64, BATCH=64)
2026-04-11 09:49:01 [INFO] [Rank 2] Loading weights...
2026-04-11 09:49:04 [INFO] [Rank 2] Weights loaded.
2026-04-11 09:49:06 [INFO] [Rank 3] Loading weights...
2026-04-11 09:49:10 [INFO] [Rank 3] Weights loaded.
2026-04-11 09:49:29 [INFO] [Rank 1] Loading weights...
2026-04-11 09:49:35 [INFO] [Rank 1] Weights loaded.
2026-04-11 09:50:43 [INFO] [Rank 0] Loading weights...
2026-04-11 09:50:56 [INFO] [Rank 0] Weights loaded.
2026-04-11 09:54:39 [INFO] [Rank 2] Finished. Latency: 222093 ms
2026-04-11 09:54:39 [INFO] [Rank 1] Finished. Latency: 222093 ms
2026-04-11 09:54:39 [INFO] [Rank 0] Finished. Latency: 222093 ms
2026-04-11 09:54:39 [INFO] [Rank 3] Finished. Latency: 222108 ms
2026-04-11 09:54:43 [INFO] Total latency:     222093 ms
2026-04-11 09:54:43 [INFO] Peak 5GB memory:   6070 MB
2026-04-11 09:54:43 [INFO] Avg  5GB memory:   3630 MB
2026-04-11 09:54:43 [INFO] [68/245] Split [27, 9, 2, 2] | Batch: 64 | Microbatch: 8 | Microbatches: 8
2026-04-11 09:54:43 [INFO] Loading WikiText... (SEQ_LEN=64, BATCH=64)
2026-04-11 09:54:46 [WARNING] '('Connection broken: IncompleteRead(0 bytes read, 732606 more expected)', IncompleteRead(0 bytes read, 732606 more expected))' thrown while requesting GET https://huggingface.co/datasets/wikitext/resolve/b08601e04326c79dfdd32d625aee71d232d685c3/wikitext-2-raw-v1/test-00000-of-00001.parquet
2026-04-11 09:54:46 [WARNING] Retrying in 1s [Retry 1/5].
2026-04-11 09:55:02 [INFO] [Rank 2] Loading weights...
2026-04-11 09:55:06 [INFO] [Rank 2] Weights loaded.
2026-04-11 09:55:07 [INFO] [Rank 3] Loading weights...
2026-04-11 09:55:11 [INFO] [Rank 3] Weights loaded.
2026-04-11 09:55:30 [INFO] [Rank 1] Loading weights...
2026-04-11 09:55:37 [INFO] [Rank 1] Weights loaded.
2026-04-11 09:56:44 [INFO] [Rank 0] Loading weights...
2026-04-11 09:56:57 [INFO] [Rank 0] Weights loaded.
2026-04-11 10:03:51 [INFO] [Rank 1] Finished. Latency: 413561 ms
2026-04-11 10:03:51 [INFO] [Rank 2] Finished. Latency: 413561 ms
2026-04-11 10:03:51 [INFO] [Rank 0] Finished. Latency: 413561 ms
2026-04-11 10:03:51 [INFO] [Rank 3] Finished. Latency: 413575 ms
2026-04-11 10:03:55 [INFO] Total latency:     413561 ms
2026-04-11 10:03:55 [INFO] Peak 5GB memory:   6070 MB
2026-04-11 10:03:55 [INFO] Avg  5GB memory:   3682 MB
2026-04-11 10:03:55 [INFO] [69/245] Split [27, 9, 2, 2] | Batch: 64 | Microbatch: 4 | Microbatches: 16
2026-04-11 10:03:55 [INFO] Loading WikiText... (SEQ_LEN=64, BATCH=64)
2026-04-11 10:04:13 [INFO] [Rank 2] Loading weights...
2026-04-11 10:04:16 [INFO] [Rank 2] Weights loaded.
2026-04-11 10:04:18 [INFO] [Rank 3] Loading weights...
2026-04-11 10:04:22 [INFO] [Rank 3] Weights loaded.
2026-04-11 10:04:41 [INFO] [Rank 1] Loading weights...
2026-04-11 10:04:47 [INFO] [Rank 1] Weights loaded.
2026-04-11 10:05:54 [INFO] [Rank 0] Loading weights...
2026-04-11 10:06:08 [INFO] [Rank 0] Weights loaded.
2026-04-11 10:19:25 [INFO] [Rank 2] Finished. Latency: 796997 ms
2026-04-11 10:19:25 [INFO] [Rank 0] Finished. Latency: 796997 ms
2026-04-11 10:19:25 [INFO] [Rank 1] Finished. Latency: 796997 ms
2026-04-11 10:19:25 [INFO] [Rank 3] Finished. Latency: 797010 ms
2026-04-11 10:19:29 [INFO] Total latency:     796997 ms
2026-04-11 10:19:29 [INFO] Peak 5GB memory:   6070 MB
2026-04-11 10:19:29 [INFO] Avg  5GB memory:   3753 MB
2026-04-11 10:19:29 [INFO] [70/245] Split [27, 9, 2, 2] | Batch: 64 | Microbatch: 2 | Microbatches: 32
2026-04-11 10:19:29 [INFO] Loading WikiText... (SEQ_LEN=64, BATCH=64)
2026-04-11 10:19:32 [WARNING] '('Connection broken: IncompleteRead(0 bytes read, 65536 more expected)', IncompleteRead(0 bytes read, 65536 more expected))' thrown while requesting GET https://huggingface.co/datasets/wikitext/resolve/b08601e04326c79dfdd32d625aee71d232d685c3/wikitext-2-raw-v1/test-00000-of-00001.parquet
2026-04-11 10:19:32 [WARNING] Retrying in 1s [Retry 1/5].
2026-04-11 10:19:49 [INFO] [Rank 2] Loading weights...
2026-04-11 10:19:52 [INFO] [Rank 2] Weights loaded.
2026-04-11 10:19:54 [INFO] [Rank 3] Loading weights...
2026-04-11 10:19:58 [INFO] [Rank 3] Weights loaded.
2026-04-11 10:20:16 [INFO] [Rank 1] Loading weights...
2026-04-11 10:20:23 [INFO] [Rank 1] Weights loaded.
2026-04-11 10:21:30 [INFO] [Rank 0] Loading weights...
2026-04-11 10:21:44 [INFO] [Rank 0] Weights loaded.
2026-04-11 10:47:46 [INFO] [Rank 1] Finished. Latency: 1562247 ms
2026-04-11 10:47:46 [INFO] [Rank 0] Finished. Latency: 1562247 ms
2026-04-11 10:47:46 [INFO] [Rank 2] Finished. Latency: 1562247 ms
2026-04-11 10:47:46 [INFO] [Rank 3] Finished. Latency: 1562260 ms
2026-04-11 10:47:50 [INFO] Total latency:     1562247 ms
2026-04-11 10:47:50 [INFO] Peak 5GB memory:   4790 MB
2026-04-11 10:47:50 [INFO] Avg  5GB memory:   3807 MB
2026-04-11 10:47:50 [INFO] [71/245] Split [27, 9, 3, 1] | Batch: 64 | Microbatch: 32 | Microbatches: 2
2026-04-11 10:47:50 [INFO] Loading WikiText... (SEQ_LEN=64, BATCH=64)
2026-04-11 10:48:09 [INFO] [Rank 3] Loading weights...
2026-04-11 10:48:12 [INFO] [Rank 2] Loading weights...
2026-04-11 10:48:13 [INFO] [Rank 3] Weights loaded.
2026-04-11 10:48:16 [INFO] [Rank 2] Weights loaded.
2026-04-11 10:48:36 [INFO] [Rank 1] Loading weights...
2026-04-11 10:48:42 [INFO] [Rank 1] Weights loaded.
2026-04-11 10:49:50 [INFO] [Rank 0] Loading weights...
2026-04-11 10:50:03 [INFO] [Rank 0] Weights loaded.
2026-04-11 10:52:11 [INFO] [Rank 2] Finished. Latency: 126917 ms
2026-04-11 10:52:11 [INFO] [Rank 1] Finished. Latency: 126918 ms
2026-04-11 10:52:11 [INFO] [Rank 0] Finished. Latency: 126918 ms
2026-04-11 10:52:11 [INFO] [Rank 3] Finished. Latency: 126930 ms
2026-04-11 10:52:15 [INFO] Total latency:     126918 ms
2026-04-11 10:52:15 [INFO] Peak 5GB memory:   5010 MB
2026-04-11 10:52:15 [INFO] Avg  5GB memory:   2640 MB
2026-04-11 10:52:15 [INFO] [72/245] Split [27, 9, 3, 1] | Batch: 64 | Microbatch: 16 | Microbatches: 4
2026-04-11 10:52:15 [INFO] Loading WikiText... (SEQ_LEN=64, BATCH=64)
2026-04-11 10:52:33 [INFO] [Rank 3] Loading weights...
2026-04-11 10:52:36 [INFO] [Rank 3] Weights loaded.
2026-04-11 10:52:36 [INFO] [Rank 2] Loading weights...
2026-04-11 10:52:40 [INFO] [Rank 2] Weights loaded.
2026-04-11 10:53:00 [INFO] [Rank 1] Loading weights...
2026-04-11 10:53:06 [INFO] [Rank 1] Weights loaded.
2026-04-11 10:54:13 [INFO] [Rank 0] Loading weights...
2026-04-11 10:54:27 [INFO] [Rank 0] Weights loaded.
2026-04-11 10:58:09 [INFO] [Rank 1] Finished. Latency: 222031 ms
2026-04-11 10:58:09 [INFO] [Rank 2] Finished. Latency: 222031 ms
2026-04-11 10:58:09 [INFO] [Rank 0] Finished. Latency: 222031 ms
2026-04-11 10:58:09 [INFO] [Rank 3] Finished. Latency: 222041 ms
2026-04-11 10:58:13 [INFO] Total latency:     222031 ms
2026-04-11 10:58:13 [INFO] Peak 5GB memory:   5010 MB
2026-04-11 10:58:13 [INFO] Avg  5GB memory:   2630 MB
2026-04-11 10:58:13 [INFO] [73/245] Split [27, 9, 3, 1] | Batch: 64 | Microbatch: 8 | Microbatches: 8
2026-04-11 10:58:13 [INFO] Loading WikiText... (SEQ_LEN=64, BATCH=64)
2026-04-11 10:58:32 [INFO] [Rank 3] Loading weights...
2026-04-11 10:58:35 [INFO] [Rank 3] Weights loaded.
2026-04-11 10:58:35 [INFO] [Rank 2] Loading weights...
2026-04-11 10:58:39 [INFO] [Rank 2] Weights loaded.
2026-04-11 10:58:59 [INFO] [Rank 1] Loading weights...
2026-04-11 10:59:05 [INFO] [Rank 1] Weights loaded.
2026-04-11 11:00:12 [INFO] [Rank 0] Loading weights...
2026-04-11 11:00:25 [INFO] [Rank 0] Weights loaded.
2026-04-11 11:07:19 [INFO] [Rank 1] Finished. Latency: 413819 ms
2026-04-11 11:07:19 [INFO] [Rank 2] Finished. Latency: 413819 ms
2026-04-11 11:07:19 [INFO] [Rank 0] Finished. Latency: 413819 ms
2026-04-11 11:07:19 [INFO] [Rank 3] Finished. Latency: 413828 ms
2026-04-11 11:07:23 [INFO] Total latency:     413819 ms
2026-04-11 11:07:23 [INFO] Peak 5GB memory:   5010 MB
2026-04-11 11:07:23 [INFO] Avg  5GB memory:   2581 MB
2026-04-11 11:07:23 [INFO] [74/245] Split [27, 9, 3, 1] | Batch: 64 | Microbatch: 4 | Microbatches: 16
2026-04-11 11:07:23 [INFO] Loading WikiText... (SEQ_LEN=64, BATCH=64)
2026-04-11 11:07:42 [INFO] [Rank 3] Loading weights...
2026-04-11 11:07:45 [INFO] [Rank 3] Weights loaded.
2026-04-11 11:07:45 [INFO] [Rank 2] Loading weights...
2026-04-11 11:07:49 [INFO] [Rank 2] Weights loaded.
2026-04-11 11:08:09 [INFO] [Rank 1] Loading weights...
2026-04-11 11:08:16 [INFO] [Rank 1] Weights loaded.
2026-04-11 11:09:22 [INFO] [Rank 0] Loading weights...
2026-04-11 11:09:36 [INFO] [Rank 0] Weights loaded.
2026-04-11 11:22:53 [INFO] [Rank 1] Finished. Latency: 797161 ms
2026-04-11 11:22:53 [INFO] [Rank 2] Finished. Latency: 797161 ms
2026-04-11 11:22:53 [INFO] [Rank 0] Finished. Latency: 797161 ms
2026-04-11 11:22:53 [INFO] [Rank 3] Finished. Latency: 797170 ms
2026-04-11 11:22:57 [INFO] Total latency:     797161 ms
2026-04-11 11:22:57 [INFO] Peak 5GB memory:   5010 MB
2026-04-11 11:22:57 [INFO] Avg  5GB memory:   2611 MB
2026-04-11 11:22:57 [INFO] [75/245] Split [27, 9, 3, 1] | Batch: 64 | Microbatch: 2 | Microbatches: 32
2026-04-11 11:22:57 [INFO] Loading WikiText... (SEQ_LEN=64, BATCH=64)
2026-04-11 11:23:16 [INFO] [Rank 3] Loading weights...
2026-04-11 11:23:19 [INFO] [Rank 3] Weights loaded.
2026-04-11 11:23:19 [INFO] [Rank 2] Loading weights...
2026-04-11 11:23:23 [INFO] [Rank 2] Weights loaded.
2026-04-11 11:23:43 [INFO] [Rank 1] Loading weights...
2026-04-11 11:23:50 [INFO] [Rank 1] Weights loaded.
2026-04-11 11:24:56 [INFO] [Rank 0] Loading weights...
2026-04-11 11:25:10 [INFO] [Rank 0] Weights loaded.
2026-04-11 11:51:14 [INFO] [Rank 2] Finished. Latency: 1563389 ms
2026-04-11 11:51:14 [INFO] [Rank 0] Finished. Latency: 1563389 ms
2026-04-11 11:51:14 [INFO] [Rank 1] Finished. Latency: 1563389 ms
2026-04-11 11:51:14 [INFO] [Rank 3] Finished. Latency: 1563398 ms
2026-04-11 11:51:15 [ERROR] Hang detected: ranks still alive after timeout: 0
2026-04-11 11:51:18 [INFO] [76/245] Split [27, 9, 4, 0] | Batch: 64 | Microbatch: 32 | Microbatches: 2
2026-04-11 11:51:18 [INFO] Loading WikiText... (SEQ_LEN=64, BATCH=64)
2026-04-11 11:51:33 [INFO] [Rank 3] Loading weights...
2026-04-11 11:51:35 [INFO] [Rank 3] Weights loaded.
2026-04-11 11:51:44 [INFO] [Rank 2] Loading weights...
2026-04-11 11:51:48 [INFO] [Rank 2] Weights loaded.
2026-04-11 11:52:04 [INFO] [Rank 1] Loading weights...
2026-04-11 11:52:10 [INFO] [Rank 1] Weights loaded.
2026-04-11 11:53:17 [INFO] [Rank 0] Loading weights...
2026-04-11 11:53:31 [INFO] [Rank 0] Weights loaded.
2026-04-11 11:55:38 [INFO] [Rank 2] Finished. Latency: 126943 ms
2026-04-11 11:55:38 [INFO] [Rank 1] Finished. Latency: 126943 ms
2026-04-11 11:55:38 [INFO] [Rank 0] Finished. Latency: 126943 ms
2026-04-11 11:55:38 [INFO] [Rank 3] Finished. Latency: 126949 ms
2026-04-11 11:55:42 [INFO] Total latency:     126943 ms
2026-04-11 11:55:42 [INFO] Peak 5GB memory:   3950 MB
2026-04-11 11:55:42 [INFO] Avg  5GB memory:   1447 MB
2026-04-11 11:55:42 [INFO] [77/245] Split [27, 9, 4, 0] | Batch: 64 | Microbatch: 16 | Microbatches: 4
2026-04-11 11:55:42 [INFO] Loading WikiText... (SEQ_LEN=64, BATCH=64)
2026-04-11 11:55:45 [WARNING] '('Connection broken: IncompleteRead(0 bytes read, 65536 more expected)', IncompleteRead(0 bytes read, 65536 more expected))' thrown while requesting GET https://huggingface.co/datasets/wikitext/resolve/b08601e04326c79dfdd32d625aee71d232d685c3/wikitext-2-raw-v1/test-00000-of-00001.parquet
2026-04-11 11:55:45 [WARNING] Retrying in 1s [Retry 1/5].
2026-04-11 11:55:59 [INFO] [Rank 3] Loading weights...
2026-04-11 11:56:02 [INFO] [Rank 3] Weights loaded.
2026-04-11 11:56:10 [INFO] [Rank 2] Loading weights...
2026-04-11 11:56:14 [INFO] [Rank 2] Weights loaded.
2026-04-11 11:56:29 [INFO] [Rank 1] Loading weights...
2026-04-11 11:56:36 [INFO] [Rank 1] Weights loaded.
2026-04-11 11:57:44 [INFO] [Rank 0] Loading weights...
2026-04-11 11:57:57 [INFO] [Rank 0] Weights loaded.
2026-04-11 12:01:40 [INFO] [Rank 2] Finished. Latency: 222535 ms
2026-04-11 12:01:40 [INFO] [Rank 1] Finished. Latency: 222535 ms
2026-04-11 12:01:40 [INFO] [Rank 0] Finished. Latency: 222536 ms
2026-04-11 12:01:40 [INFO] [Rank 3] Finished. Latency: 222540 ms
2026-04-11 12:01:44 [INFO] Total latency:     222536 ms
2026-04-11 12:01:44 [INFO] Peak 5GB memory:   2670 MB
2026-04-11 12:01:44 [INFO] Avg  5GB memory:   1442 MB
2026-04-11 12:01:44 [INFO] [78/245] Split [27, 9, 4, 0] | Batch: 64 | Microbatch: 8 | Microbatches: 8
2026-04-11 12:01:44 [INFO] Loading WikiText... (SEQ_LEN=64, BATCH=64)
2026-04-11 12:01:59 [INFO] [Rank 3] Loading weights...
2026-04-11 12:02:02 [INFO] [Rank 3] Weights loaded.
2026-04-11 12:02:11 [INFO] [Rank 2] Loading weights...
2026-04-11 12:02:15 [INFO] [Rank 2] Weights loaded.
2026-04-11 12:02:30 [INFO] [Rank 1] Loading weights...
2026-04-11 12:02:37 [INFO] [Rank 1] Weights loaded.
2026-04-11 12:03:44 [INFO] [Rank 0] Loading weights...
2026-04-11 12:03:58 [INFO] [Rank 0] Weights loaded.
2026-04-11 12:10:52 [INFO] [Rank 1] Finished. Latency: 413233 ms
2026-04-11 12:10:52 [INFO] [Rank 2] Finished. Latency: 413233 ms
2026-04-11 12:10:52 [INFO] [Rank 0] Finished. Latency: 413233 ms
2026-04-11 12:10:52 [INFO] [Rank 3] Finished. Latency: 413238 ms
2026-04-11 12:10:56 [INFO] Total latency:     413233 ms
2026-04-11 12:10:56 [INFO] Peak 5GB memory:   3950 MB
2026-04-11 12:10:56 [INFO] Avg  5GB memory:   1445 MB
2026-04-11 12:10:56 [INFO] [79/245] Split [27, 9, 4, 0] | Batch: 64 | Microbatch: 4 | Microbatches: 16
2026-04-11 12:10:56 [INFO] Loading WikiText... (SEQ_LEN=64, BATCH=64)
2026-04-11 12:10:59 [WARNING] '('Connection broken: IncompleteRead(0 bytes read, 732606 more expected)', IncompleteRead(0 bytes read, 732606 more expected))' thrown while requesting GET https://huggingface.co/datasets/wikitext/resolve/b08601e04326c79dfdd32d625aee71d232d685c3/wikitext-2-raw-v1/test-00000-of-00001.parquet
2026-04-11 12:10:59 [WARNING] Retrying in 1s [Retry 1/5].
2026-04-11 12:11:12 [INFO] [Rank 3] Loading weights...
2026-04-11 12:11:15 [INFO] [Rank 3] Weights loaded.
2026-04-11 12:11:23 [INFO] [Rank 2] Loading weights...
2026-04-11 12:11:27 [INFO] [Rank 2] Weights loaded.
2026-04-11 12:11:43 [INFO] [Rank 1] Loading weights...
2026-04-11 12:11:49 [INFO] [Rank 1] Weights loaded.
2026-04-11 12:12:57 [INFO] [Rank 0] Loading weights...
2026-04-11 12:13:11 [INFO] [Rank 0] Weights loaded.
2026-04-11 12:26:28 [INFO] [Rank 1] Finished. Latency: 796798 ms
2026-04-11 12:26:28 [INFO] [Rank 2] Finished. Latency: 796798 ms
2026-04-11 12:26:28 [INFO] [Rank 0] Finished. Latency: 796798 ms
2026-04-11 12:26:28 [INFO] [Rank 3] Finished. Latency: 796803 ms
2026-04-11 12:26:31 [INFO] Total latency:     796798 ms
2026-04-11 12:26:31 [INFO] Peak 5GB memory:   2670 MB
2026-04-11 12:26:31 [INFO] Avg  5GB memory:   1464 MB
2026-04-11 12:26:32 [INFO] [80/245] Split [27, 9, 4, 0] | Batch: 64 | Microbatch: 2 | Microbatches: 32
2026-04-11 12:26:32 [INFO] Loading WikiText... (SEQ_LEN=64, BATCH=64)
2026-04-11 12:26:35 [WARNING] '('Connection broken: IncompleteRead(0 bytes read, 732606 more expected)', IncompleteRead(0 bytes read, 732606 more expected))' thrown while requesting GET https://huggingface.co/datasets/wikitext/resolve/b08601e04326c79dfdd32d625aee71d232d685c3/wikitext-2-raw-v1/test-00000-of-00001.parquet
2026-04-11 12:26:35 [WARNING] Retrying in 1s [Retry 1/5].
2026-04-11 12:26:49 [INFO] [Rank 3] Loading weights...
2026-04-11 12:26:51 [INFO] [Rank 3] Weights loaded.
2026-04-11 12:27:00 [INFO] [Rank 2] Loading weights...
2026-04-11 12:27:04 [INFO] [Rank 2] Weights loaded.
2026-04-11 12:27:19 [INFO] [Rank 1] Loading weights...
2026-04-11 12:27:26 [INFO] [Rank 1] Weights loaded.
2026-04-11 12:28:33 [INFO] [Rank 0] Loading weights...
2026-04-11 12:28:46 [INFO] [Rank 0] Weights loaded.
2026-04-11 12:54:49 [INFO] [Rank 2] Finished. Latency: 1562870 ms
2026-04-11 12:54:49 [INFO] [Rank 1] Finished. Latency: 1562870 ms
2026-04-11 12:54:49 [INFO] [Rank 0] Finished. Latency: 1562870 ms
2026-04-11 12:54:49 [INFO] [Rank 3] Finished. Latency: 1562876 ms
2026-04-11 12:54:51 [ERROR] Hang detected: ranks still alive after timeout: 0
2026-04-11 12:54:53 [INFO] [81/245] Split [27, 10, 2, 1] | Batch: 64 | Microbatch: 32 | Microbatches: 2
2026-04-11 12:54:53 [INFO] Loading WikiText... (SEQ_LEN=64, BATCH=64)
2026-04-11 12:55:12 [INFO] [Rank 2] Loading weights...
2026-04-11 12:55:13 [INFO] [Rank 3] Loading weights...
2026-04-11 12:55:15 [INFO] [Rank 2] Weights loaded.
2026-04-11 12:55:16 [INFO] [Rank 3] Weights loaded.
2026-04-11 12:55:43 [INFO] [Rank 1] Loading weights...
2026-04-11 12:55:50 [INFO] [Rank 1] Weights loaded.
2026-04-11 12:56:53 [INFO] [Rank 0] Loading weights...
2026-04-11 12:57:07 [INFO] [Rank 0] Weights loaded.
2026-04-11 12:59:11 [INFO] [Rank 1] Finished. Latency: 123632 ms
2026-04-11 12:59:11 [INFO] [Rank 2] Finished. Latency: 123632 ms
2026-04-11 12:59:11 [INFO] [Rank 0] Finished. Latency: 123632 ms
2026-04-11 12:59:11 [INFO] [Rank 3] Finished. Latency: 123644 ms
2026-04-11 12:59:15 [INFO] Total latency:     123632 ms
2026-04-11 12:59:15 [INFO] Peak 5GB memory:   5010 MB
2026-04-11 12:59:15 [INFO] Avg  5GB memory:   2641 MB
2026-04-11 12:59:15 [INFO] [82/245] Split [27, 10, 2, 1] | Batch: 64 | Microbatch: 16 | Microbatches: 4
2026-04-11 12:59:15 [INFO] Loading WikiText... (SEQ_LEN=64, BATCH=64)
2026-04-11 12:59:17 [WARNING] '('Connection broken: IncompleteRead(0 bytes read, 65536 more expected)', IncompleteRead(0 bytes read, 65536 more expected))' thrown while requesting GET https://huggingface.co/datasets/wikitext/resolve/b08601e04326c79dfdd32d625aee71d232d685c3/wikitext-2-raw-v1/test-00000-of-00001.parquet
2026-04-11 12:59:17 [WARNING] Retrying in 1s [Retry 1/5].
2026-04-11 12:59:35 [INFO] [Rank 2] Loading weights...
2026-04-11 12:59:36 [INFO] [Rank 3] Loading weights...
2026-04-11 12:59:38 [INFO] [Rank 2] Weights loaded.
2026-04-11 12:59:39 [INFO] [Rank 3] Weights loaded.
2026-04-11 13:00:06 [INFO] [Rank 1] Loading weights...
2026-04-11 13:00:13 [INFO] [Rank 1] Weights loaded.
2026-04-11 13:01:16 [INFO] [Rank 0] Loading weights...
2026-04-11 13:01:30 [INFO] [Rank 0] Weights loaded.
2026-04-11 13:05:07 [INFO] [Rank 1] Finished. Latency: 216640 ms
2026-04-11 13:05:07 [INFO] [Rank 2] Finished. Latency: 216640 ms
2026-04-11 13:05:07 [INFO] [Rank 0] Finished. Latency: 216640 ms
2026-04-11 13:05:07 [INFO] [Rank 3] Finished. Latency: 216651 ms
2026-04-11 13:05:11 [INFO] Total latency:     216640 ms
2026-04-11 13:05:11 [INFO] Peak 5GB memory:   5010 MB
2026-04-11 13:05:11 [INFO] Avg  5GB memory:   2623 MB
2026-04-11 13:05:11 [INFO] [83/245] Split [27, 10, 2, 1] | Batch: 64 | Microbatch: 8 | Microbatches: 8
2026-04-11 13:05:11 [INFO] Loading WikiText... (SEQ_LEN=64, BATCH=64)
2026-04-11 13:05:28 [INFO] [Rank 2] Loading weights...
2026-04-11 13:05:29 [INFO] [Rank 3] Loading weights...
2026-04-11 13:05:31 [INFO] [Rank 2] Weights loaded.
2026-04-11 13:05:32 [INFO] [Rank 3] Weights loaded.
2026-04-11 13:06:00 [INFO] [Rank 1] Loading weights...
2026-04-11 13:06:07 [INFO] [Rank 1] Weights loaded.
2026-04-11 13:07:10 [INFO] [Rank 0] Loading weights...
2026-04-11 13:07:24 [INFO] [Rank 0] Weights loaded.
2026-04-11 13:14:07 [INFO] [Rank 2] Finished. Latency: 402988 ms
2026-04-11 13:14:07 [INFO] [Rank 0] Finished. Latency: 402989 ms
2026-04-11 13:14:07 [INFO] [Rank 1] Finished. Latency: 402988 ms
2026-04-11 13:14:07 [INFO] [Rank 3] Finished. Latency: 402998 ms
2026-04-11 13:14:11 [INFO] Total latency:     402989 ms
2026-04-11 13:14:11 [INFO] Peak 5GB memory:   3730 MB
2026-04-11 13:14:11 [INFO] Avg  5GB memory:   2581 MB
2026-04-11 13:14:11 [INFO] [84/245] Split [27, 10, 2, 1] | Batch: 64 | Microbatch: 4 | Microbatches: 16
2026-04-11 13:14:11 [INFO] Loading WikiText... (SEQ_LEN=64, BATCH=64)
2026-04-11 13:14:29 [INFO] [Rank 2] Loading weights...
2026-04-11 13:14:30 [INFO] [Rank 3] Loading weights...
2026-04-11 13:14:32 [INFO] [Rank 2] Weights loaded.
2026-04-11 13:14:33 [INFO] [Rank 3] Weights loaded.
2026-04-11 13:15:00 [INFO] [Rank 1] Loading weights...
2026-04-11 13:15:07 [INFO] [Rank 1] Weights loaded.
2026-04-11 13:16:10 [INFO] [Rank 0] Loading weights...
2026-04-11 13:16:24 [INFO] [Rank 0] Weights loaded.
2026-04-11 13:29:21 [INFO] [Rank 2] Finished. Latency: 777272 ms
2026-04-11 13:29:21 [INFO] [Rank 1] Finished. Latency: 777272 ms
2026-04-11 13:29:21 [INFO] [Rank 0] Finished. Latency: 777272 ms
2026-04-11 13:29:21 [INFO] [Rank 3] Finished. Latency: 777281 ms
2026-04-11 13:29:25 [INFO] Total latency:     777272 ms
2026-04-11 13:29:25 [INFO] Peak 5GB memory:   5010 MB
2026-04-11 13:29:25 [INFO] Avg  5GB memory:   2609 MB
2026-04-11 13:29:25 [INFO] [85/245] Split [27, 10, 2, 1] | Batch: 64 | Microbatch: 2 | Microbatches: 32
2026-04-11 13:29:25 [INFO] Loading WikiText... (SEQ_LEN=64, BATCH=64)
2026-04-11 13:29:28 [WARNING] '('Connection broken: IncompleteRead(0 bytes read, 65536 more expected)', IncompleteRead(0 bytes read, 65536 more expected))' thrown while requesting GET https://huggingface.co/datasets/wikitext/resolve/b08601e04326c79dfdd32d625aee71d232d685c3/wikitext-2-raw-v1/test-00000-of-00001.parquet
2026-04-11 13:29:28 [WARNING] Retrying in 1s [Retry 1/5].
2026-04-11 13:29:45 [INFO] [Rank 2] Loading weights...
2026-04-11 13:29:46 [INFO] [Rank 3] Loading weights...
2026-04-11 13:29:49 [INFO] [Rank 2] Weights loaded.
2026-04-11 13:29:49 [INFO] [Rank 3] Weights loaded.
2026-04-11 13:30:17 [INFO] [Rank 1] Loading weights...
2026-04-11 13:30:24 [INFO] [Rank 1] Weights loaded.
2026-04-11 13:31:26 [INFO] [Rank 0] Loading weights...
2026-04-11 13:31:40 [INFO] [Rank 0] Weights loaded.
2026-04-11 13:57:05 [INFO] [Rank 2] Finished. Latency: 1525167 ms
2026-04-11 13:57:05 [INFO] [Rank 0] Finished. Latency: 1525167 ms
2026-04-11 13:57:05 [INFO] [Rank 1] Finished. Latency: 1525167 ms
2026-04-11 13:57:05 [INFO] [Rank 3] Finished. Latency: 1525176 ms
2026-04-11 13:57:07 [ERROR] Hang detected: ranks still alive after timeout: 0
2026-04-11 13:57:09 [INFO] [86/245] Split [27, 10, 3, 0] | Batch: 64 | Microbatch: 32 | Microbatches: 2
2026-04-11 13:57:09 [INFO] Loading WikiText... (SEQ_LEN=64, BATCH=64)
2026-04-11 13:57:12 [WARNING] '('Connection broken: IncompleteRead(0 bytes read, 65536 more expected)', IncompleteRead(0 bytes read, 65536 more expected))' thrown while requesting GET https://huggingface.co/datasets/wikitext/resolve/b08601e04326c79dfdd32d625aee71d232d685c3/wikitext-2-raw-v1/test-00000-of-00001.parquet
2026-04-11 13:57:12 [WARNING] Retrying in 1s [Retry 1/5].
2026-04-11 13:57:26 [INFO] [Rank 3] Loading weights...
2026-04-11 13:57:29 [INFO] [Rank 3] Weights loaded.
2026-04-11 13:57:33 [INFO] [Rank 2] Loading weights...
2026-04-11 13:57:37 [INFO] [Rank 2] Weights loaded.
2026-04-11 13:58:01 [INFO] [Rank 1] Loading weights...
2026-04-11 13:58:08 [INFO] [Rank 1] Weights loaded.
2026-04-11 13:59:11 [INFO] [Rank 0] Loading weights...
2026-04-11 13:59:25 [INFO] [Rank 0] Weights loaded.
2026-04-11 14:01:28 [INFO] [Rank 2] Finished. Latency: 123725 ms
2026-04-11 14:01:28 [INFO] [Rank 1] Finished. Latency: 123725 ms
2026-04-11 14:01:28 [INFO] [Rank 0] Finished. Latency: 123725 ms
2026-04-11 14:01:28 [INFO] [Rank 3] Finished. Latency: 123731 ms
2026-04-11 14:01:32 [INFO] Total latency:     123725 ms
2026-04-11 14:01:32 [INFO] Peak 5GB memory:   3950 MB
2026-04-11 14:01:32 [INFO] Avg  5GB memory:   1447 MB
2026-04-11 14:01:32 [INFO] [87/245] Split [27, 10, 3, 0] | Batch: 64 | Microbatch: 16 | Microbatches: 4
2026-04-11 14:01:32 [INFO] Loading WikiText... (SEQ_LEN=64, BATCH=64)
2026-04-11 14:01:47 [INFO] [Rank 3] Loading weights...
2026-04-11 14:01:49 [INFO] [Rank 3] Weights loaded.
2026-04-11 14:01:54 [INFO] [Rank 2] Loading weights...
2026-04-11 14:01:57 [INFO] [Rank 2] Weights loaded.
2026-04-11 14:02:21 [INFO] [Rank 1] Loading weights...
2026-04-11 14:02:28 [INFO] [Rank 1] Weights loaded.
2026-04-11 14:03:33 [INFO] [Rank 0] Loading weights...
2026-04-11 14:03:46 [INFO] [Rank 0] Weights loaded.
2026-04-11 14:07:22 [INFO] [Rank 2] Finished. Latency: 216114 ms
2026-04-11 14:07:22 [INFO] [Rank 1] Finished. Latency: 216114 ms
2026-04-11 14:07:22 [INFO] [Rank 0] Finished. Latency: 216114 ms
2026-04-11 14:07:22 [INFO] [Rank 3] Finished. Latency: 216119 ms
2026-04-11 14:07:26 [INFO] Total latency:     216114 ms
2026-04-11 14:07:26 [INFO] Peak 5GB memory:   2670 MB
2026-04-11 14:07:26 [INFO] Avg  5GB memory:   1443 MB
2026-04-11 14:07:27 [INFO] [88/245] Split [27, 10, 3, 0] | Batch: 64 | Microbatch: 8 | Microbatches: 8
2026-04-11 14:07:27 [INFO] Loading WikiText... (SEQ_LEN=64, BATCH=64)
2026-04-11 14:07:29 [WARNING] '('Connection broken: IncompleteRead(0 bytes read, 65536 more expected)', IncompleteRead(0 bytes read, 65536 more expected))' thrown while requesting GET https://huggingface.co/datasets/wikitext/resolve/b08601e04326c79dfdd32d625aee71d232d685c3/wikitext-2-raw-v1/test-00000-of-00001.parquet
2026-04-11 14:07:29 [WARNING] Retrying in 1s [Retry 1/5].
2026-04-11 14:07:44 [INFO] [Rank 3] Loading weights...
2026-04-11 14:07:46 [INFO] [Rank 3] Weights loaded.
2026-04-11 14:07:51 [INFO] [Rank 2] Loading weights...
2026-04-11 14:07:54 [INFO] [Rank 2] Weights loaded.
2026-04-11 14:08:18 [INFO] [Rank 1] Loading weights...
2026-04-11 14:08:25 [INFO] [Rank 1] Weights loaded.
2026-04-11 14:09:28 [INFO] [Rank 0] Loading weights...
2026-04-11 14:09:42 [INFO] [Rank 0] Weights loaded.
2026-04-11 14:16:25 [INFO] [Rank 2] Finished. Latency: 403232 ms
2026-04-11 14:16:25 [INFO] [Rank 0] Finished. Latency: 403232 ms
2026-04-11 14:16:25 [INFO] [Rank 1] Finished. Latency: 403232 ms
2026-04-11 14:16:25 [INFO] [Rank 3] Finished. Latency: 403237 ms
2026-04-11 14:16:29 [INFO] Total latency:     403232 ms
2026-04-11 14:16:29 [INFO] Peak 5GB memory:   3950 MB
2026-04-11 14:16:29 [INFO] Avg  5GB memory:   1443 MB
2026-04-11 14:16:29 [INFO] [89/245] Split [27, 10, 3, 0] | Batch: 64 | Microbatch: 4 | Microbatches: 16
2026-04-11 14:16:29 [INFO] Loading WikiText... (SEQ_LEN=64, BATCH=64)
2026-04-11 14:16:44 [INFO] [Rank 3] Loading weights...
2026-04-11 14:16:47 [INFO] [Rank 3] Weights loaded.
2026-04-11 14:16:51 [INFO] [Rank 2] Loading weights...
2026-04-11 14:16:54 [INFO] [Rank 2] Weights loaded.
2026-04-11 14:17:18 [INFO] [Rank 1] Loading weights...
2026-04-11 14:17:26 [INFO] [Rank 1] Weights loaded.
2026-04-11 14:18:28 [INFO] [Rank 0] Loading weights...
2026-04-11 14:18:42 [INFO] [Rank 0] Weights loaded.
2026-04-11 14:31:38 [INFO] [Rank 0] Finished. Latency: 775772 ms
2026-04-11 14:31:38 [INFO] [Rank 2] Finished. Latency: 775772 ms
2026-04-11 14:31:38 [INFO] [Rank 1] Finished. Latency: 775772 ms
2026-04-11 14:31:38 [INFO] [Rank 3] Finished. Latency: 775778 ms
2026-04-11 14:31:42 [INFO] Total latency:     775772 ms
2026-04-11 14:31:42 [INFO] Peak 5GB memory:   2670 MB
2026-04-11 14:31:42 [INFO] Avg  5GB memory:   1463 MB
2026-04-11 14:31:42 [INFO] [90/245] Split [27, 10, 3, 0] | Batch: 64 | Microbatch: 2 | Microbatches: 32
2026-04-11 14:31:42 [INFO] Loading WikiText... (SEQ_LEN=64, BATCH=64)
2026-04-11 14:31:56 [INFO] [Rank 3] Loading weights...
2026-04-11 14:31:59 [INFO] [Rank 3] Weights loaded.
2026-04-11 14:32:03 [INFO] [Rank 2] Loading weights...
2026-04-11 14:32:07 [INFO] [Rank 2] Weights loaded.
2026-04-11 14:32:31 [INFO] [Rank 1] Loading weights...
2026-04-11 14:32:38 [INFO] [Rank 1] Weights loaded.
2026-04-11 14:33:40 [INFO] [Rank 0] Loading weights...
2026-04-11 14:33:54 [INFO] [Rank 0] Weights loaded.
2026-04-11 14:59:15 [INFO] [Rank 1] Finished. Latency: 1520320 ms
2026-04-11 14:59:15 [INFO] [Rank 2] Finished. Latency: 1520320 ms
2026-04-11 14:59:15 [INFO] [Rank 0] Finished. Latency: 1520320 ms
2026-04-11 14:59:15 [INFO] [Rank 3] Finished. Latency: 1520325 ms
2026-04-11 14:59:19 [INFO] Total latency:     1520320 ms
2026-04-11 14:59:19 [INFO] Peak 5GB memory:   2670 MB
2026-04-11 14:59:19 [INFO] Avg  5GB memory:   1454 MB
2026-04-11 14:59:19 [INFO] [91/245] Split [28, 6, 4, 2] | Batch: 64 | Microbatch: 32 | Microbatches: 2
2026-04-11 14:59:19 [INFO] Loading WikiText... (SEQ_LEN=64, BATCH=64)
2026-04-11 14:59:41 [INFO] [Rank 3] Loading weights...
2026-04-11 14:59:44 [INFO] [Rank 2] Loading weights...
2026-04-11 14:59:45 [INFO] [Rank 3] Weights loaded.
2026-04-11 14:59:48 [INFO] [Rank 2] Weights loaded.
2026-04-11 14:59:52 [INFO] [Rank 1] Loading weights...
2026-04-11 14:59:57 [INFO] [Rank 1] Weights loaded.
2026-04-11 15:01:21 [INFO] [Rank 0] Loading weights...
2026-04-11 15:01:35 [INFO] [Rank 0] Weights loaded.
2026-04-11 15:03:47 [INFO] [Rank 2] Finished. Latency: 132111 ms
2026-04-11 15:03:47 [INFO] [Rank 1] Finished. Latency: 132111 ms
2026-04-11 15:03:47 [INFO] [Rank 0] Finished. Latency: 132111 ms
2026-04-11 15:03:47 [INFO] [Rank 3] Finished. Latency: 132129 ms
2026-04-11 15:03:51 [INFO] Total latency:     132111 ms
2026-04-11 15:03:51 [INFO] Peak 5GB memory:   6070 MB
2026-04-11 15:03:51 [INFO] Avg  5GB memory:   3705 MB
2026-04-11 15:03:51 [INFO] [92/245] Split [28, 6, 4, 2] | Batch: 64 | Microbatch: 16 | Microbatches: 4
2026-04-11 15:03:51 [INFO] Loading WikiText... (SEQ_LEN=64, BATCH=64)
2026-04-11 15:04:15 [INFO] [Rank 3] Loading weights...
2026-04-11 15:04:18 [INFO] [Rank 2] Loading weights...
2026-04-11 15:04:19 [INFO] [Rank 3] Weights loaded.
2026-04-11 15:04:22 [INFO] [Rank 2] Weights loaded.
2026-04-11 15:04:26 [INFO] [Rank 1] Loading weights...
2026-04-11 15:04:31 [INFO] [Rank 1] Weights loaded.
2026-04-11 15:05:55 [INFO] [Rank 0] Loading weights...
2026-04-11 15:06:10 [INFO] [Rank 0] Weights loaded.
2026-04-11 15:10:00 [INFO] [Rank 2] Finished. Latency: 230563 ms
2026-04-11 15:10:00 [INFO] [Rank 1] Finished. Latency: 230563 ms
2026-04-11 15:10:00 [INFO] [Rank 0] Finished. Latency: 230563 ms
2026-04-11 15:10:00 [INFO] [Rank 3] Finished. Latency: 230578 ms
2026-04-11 15:10:04 [INFO] Total latency:     230563 ms
2026-04-11 15:10:04 [INFO] Peak 5GB memory:   6070 MB
2026-04-11 15:10:04 [INFO] Avg  5GB memory:   3630 MB
2026-04-11 15:10:04 [INFO] [93/245] Split [28, 6, 4, 2] | Batch: 64 | Microbatch: 8 | Microbatches: 8
2026-04-11 15:10:04 [INFO] Loading WikiText... (SEQ_LEN=64, BATCH=64)
2026-04-11 15:10:27 [INFO] [Rank 3] Loading weights...
2026-04-11 15:10:30 [INFO] [Rank 2] Loading weights...
2026-04-11 15:10:31 [INFO] [Rank 3] Weights loaded.
2026-04-11 15:10:34 [INFO] [Rank 2] Weights loaded.
2026-04-11 15:10:38 [INFO] [Rank 1] Loading weights...
2026-04-11 15:10:44 [INFO] [Rank 1] Weights loaded.
2026-04-11 15:12:07 [INFO] [Rank 0] Loading weights...
2026-04-11 15:12:21 [INFO] [Rank 0] Weights loaded.
2026-04-11 15:19:33 [INFO] [Rank 1] Finished. Latency: 432047 ms
2026-04-11 15:19:33 [INFO] [Rank 0] Finished. Latency: 432047 ms
2026-04-11 15:19:33 [INFO] [Rank 2] Finished. Latency: 432047 ms
2026-04-11 15:19:33 [INFO] [Rank 3] Finished. Latency: 432061 ms
2026-04-11 15:19:37 [INFO] Total latency:     432047 ms
2026-04-11 15:19:37 [INFO] Peak 5GB memory:   6070 MB
2026-04-11 15:19:37 [INFO] Avg  5GB memory:   3690 MB
2026-04-11 15:19:37 [INFO] [94/245] Split [28, 6, 4, 2] | Batch: 64 | Microbatch: 4 | Microbatches: 16
2026-04-11 15:19:37 [INFO] Loading WikiText... (SEQ_LEN=64, BATCH=64)
2026-04-11 15:20:00 [INFO] [Rank 3] Loading weights...
2026-04-11 15:20:03 [INFO] [Rank 2] Loading weights...
2026-04-11 15:20:04 [INFO] [Rank 3] Weights loaded.
2026-04-11 15:20:07 [INFO] [Rank 2] Weights loaded.
2026-04-11 15:20:12 [INFO] [Rank 1] Loading weights...
2026-04-11 15:20:17 [INFO] [Rank 1] Weights loaded.
2026-04-11 15:21:40 [INFO] [Rank 0] Loading weights...
2026-04-11 15:21:54 [INFO] [Rank 0] Weights loaded.
2026-04-11 15:35:49 [INFO] [Rank 2] Finished. Latency: 834564 ms
2026-04-11 15:35:49 [INFO] [Rank 1] Finished. Latency: 834564 ms
2026-04-11 15:35:49 [INFO] [Rank 0] Finished. Latency: 834564 ms
2026-04-11 15:35:49 [INFO] [Rank 3] Finished. Latency: 834577 ms
2026-04-11 15:35:53 [INFO] Total latency:     834564 ms
2026-04-11 15:35:53 [INFO] Peak 5GB memory:   4790 MB
2026-04-11 15:35:53 [INFO] Avg  5GB memory:   3755 MB
2026-04-11 15:35:53 [INFO] [95/245] Split [28, 6, 4, 2] | Batch: 64 | Microbatch: 2 | Microbatches: 32
2026-04-11 15:35:53 [INFO] Loading WikiText... (SEQ_LEN=64, BATCH=64)
2026-04-11 15:36:16 [INFO] [Rank 3] Loading weights...
2026-04-11 15:36:19 [INFO] [Rank 2] Loading weights...
2026-04-11 15:36:20 [INFO] [Rank 3] Weights loaded.
2026-04-11 15:36:23 [INFO] [Rank 2] Weights loaded.
2026-04-11 15:36:27 [INFO] [Rank 1] Loading weights...
2026-04-11 15:36:33 [INFO] [Rank 1] Weights loaded.
2026-04-11 15:37:56 [INFO] [Rank 0] Loading weights...
2026-04-11 15:38:10 [INFO] [Rank 0] Weights loaded.
2026-04-11 16:05:27 [INFO] [Rank 2] Finished. Latency: 1636343 ms
2026-04-11 16:05:27 [INFO] [Rank 1] Finished. Latency: 1636344 ms
2026-04-11 16:05:27 [INFO] [Rank 0] Finished. Latency: 1636343 ms
2026-04-11 16:05:27 [INFO] [Rank 3] Finished. Latency: 1636357 ms
2026-04-11 16:05:31 [INFO] Total latency:     1636343 ms
2026-04-11 16:05:31 [INFO] Peak 5GB memory:   6070 MB
2026-04-11 16:05:31 [INFO] Avg  5GB memory:   3810 MB
2026-04-11 16:05:31 [INFO] [96/245] Split [28, 7, 3, 2] | Batch: 64 | Microbatch: 32 | Microbatches: 2
2026-04-11 16:05:31 [INFO] Loading WikiText... (SEQ_LEN=64, BATCH=64)
2026-04-11 16:05:53 [INFO] [Rank 2] Loading weights...
2026-04-11 16:05:54 [INFO] [Rank 3] Loading weights...
2026-04-11 16:05:57 [INFO] [Rank 2] Weights loaded.
2026-04-11 16:05:58 [INFO] [Rank 3] Weights loaded.
2026-04-11 16:06:09 [INFO] [Rank 1] Loading weights...
2026-04-11 16:06:15 [INFO] [Rank 1] Weights loaded.
2026-04-11 16:07:35 [INFO] [Rank 0] Loading weights...
2026-04-11 16:07:49 [INFO] [Rank 0] Weights loaded.
2026-04-11 16:09:59 [INFO] [Rank 2] Finished. Latency: 129626 ms
2026-04-11 16:09:59 [INFO] [Rank 1] Finished. Latency: 129626 ms
2026-04-11 16:09:59 [INFO] [Rank 0] Finished. Latency: 129626 ms
2026-04-11 16:09:59 [INFO] [Rank 3] Finished. Latency: 129644 ms
2026-04-11 16:10:03 [INFO] Total latency:     129626 ms
2026-04-11 16:10:03 [INFO] Peak 5GB memory:   4790 MB
2026-04-11 16:10:03 [INFO] Avg  5GB memory:   3684 MB
2026-04-11 16:10:03 [INFO] [97/245] Split [28, 7, 3, 2] | Batch: 64 | Microbatch: 16 | Microbatches: 4
2026-04-11 16:10:03 [INFO] Loading WikiText... (SEQ_LEN=64, BATCH=64)
2026-04-11 16:10:25 [INFO] [Rank 2] Loading weights...
2026-04-11 16:10:26 [INFO] [Rank 3] Loading weights...
2026-04-11 16:10:29 [INFO] [Rank 2] Weights loaded.
2026-04-11 16:10:30 [INFO] [Rank 3] Weights loaded.
2026-04-11 16:10:42 [INFO] [Rank 1] Loading weights...
2026-04-11 16:10:47 [INFO] [Rank 1] Weights loaded.
2026-04-11 16:12:07 [INFO] [Rank 0] Loading weights...
2026-04-11 16:12:21 [INFO] [Rank 0] Weights loaded.
2026-04-11 16:16:08 [INFO] [Rank 2] Finished. Latency: 226669 ms
2026-04-11 16:16:08 [INFO] [Rank 1] Finished. Latency: 226669 ms
2026-04-11 16:16:08 [INFO] [Rank 0] Finished. Latency: 226669 ms
2026-04-11 16:16:08 [INFO] [Rank 3] Finished. Latency: 226683 ms
2026-04-11 16:16:12 [INFO] Total latency:     226669 ms
2026-04-11 16:16:12 [INFO] Peak 5GB memory:   6070 MB
2026-04-11 16:16:12 [INFO] Avg  5GB memory:   3627 MB
2026-04-11 16:16:12 [INFO] [98/245] Split [28, 7, 3, 2] | Batch: 64 | Microbatch: 8 | Microbatches: 8
2026-04-11 16:16:12 [INFO] Loading WikiText... (SEQ_LEN=64, BATCH=64)
2026-04-11 16:16:34 [INFO] [Rank 2] Loading weights...
2026-04-11 16:16:35 [INFO] [Rank 3] Loading weights...
2026-04-11 16:16:38 [INFO] [Rank 2] Weights loaded.
2026-04-11 16:16:39 [INFO] [Rank 3] Weights loaded.
2026-04-11 16:16:50 [INFO] [Rank 1] Loading weights...
2026-04-11 16:16:56 [INFO] [Rank 1] Weights loaded.
2026-04-11 16:18:16 [INFO] [Rank 0] Loading weights...
2026-04-11 16:18:30 [INFO] [Rank 0] Weights loaded.
2026-04-11 16:25:32 [INFO] [Rank 2] Finished. Latency: 422368 ms
2026-04-11 16:25:32 [INFO] [Rank 1] Finished. Latency: 422368 ms
2026-04-11 16:25:32 [INFO] [Rank 0] Finished. Latency: 422369 ms
2026-04-11 16:25:32 [INFO] [Rank 3] Finished. Latency: 422382 ms
2026-04-11 16:25:37 [INFO] Total latency:     422369 ms
2026-04-11 16:25:37 [INFO] Peak 5GB memory:   4790 MB
2026-04-11 16:25:37 [INFO] Avg  5GB memory:   3682 MB
2026-04-11 16:25:37 [INFO] [99/245] Split [28, 7, 3, 2] | Batch: 64 | Microbatch: 4 | Microbatches: 16
2026-04-11 16:25:37 [INFO] Loading WikiText... (SEQ_LEN=64, BATCH=64)
2026-04-11 16:25:59 [INFO] [Rank 2] Loading weights...
2026-04-11 16:26:00 [INFO] [Rank 3] Loading weights...
2026-04-11 16:26:02 [INFO] [Rank 2] Weights loaded.
2026-04-11 16:26:04 [INFO] [Rank 3] Weights loaded.
2026-04-11 16:26:15 [INFO] [Rank 1] Loading weights...
2026-04-11 16:26:20 [INFO] [Rank 1] Weights loaded.
2026-04-11 16:27:41 [INFO] [Rank 0] Loading weights...
2026-04-11 16:27:55 [INFO] [Rank 0] Weights loaded.
2026-04-11 16:41:30 [INFO] [Rank 2] Finished. Latency: 814502 ms
2026-04-11 16:41:30 [INFO] [Rank 1] Finished. Latency: 814502 ms
2026-04-11 16:41:30 [INFO] [Rank 0] Finished. Latency: 814502 ms
2026-04-11 16:41:30 [INFO] [Rank 3] Finished. Latency: 814515 ms
2026-04-11 16:41:34 [INFO] Total latency:     814502 ms
2026-04-11 16:41:34 [INFO] Peak 5GB memory:   6070 MB
2026-04-11 16:41:34 [INFO] Avg  5GB memory:   3753 MB
2026-04-11 16:41:34 [INFO] [100/245] Split [28, 7, 3, 2] | Batch: 64 | Microbatch: 2 | Microbatches: 32
2026-04-11 16:41:34 [INFO] Loading WikiText... (SEQ_LEN=64, BATCH=64)
2026-04-11 16:41:56 [INFO] [Rank 2] Loading weights...
2026-04-11 16:41:57 [INFO] [Rank 3] Loading weights...
2026-04-11 16:42:00 [INFO] [Rank 2] Weights loaded.
2026-04-11 16:42:01 [INFO] [Rank 3] Weights loaded.
2026-04-11 16:42:12 [INFO] [Rank 1] Loading weights...
2026-04-11 16:42:18 [INFO] [Rank 1] Weights loaded.
2026-04-11 16:43:37 [INFO] [Rank 0] Loading weights...
2026-04-11 16:43:51 [INFO] [Rank 0] Weights loaded.
2026-04-11 17:10:29 [INFO] [Rank 1] Finished. Latency: 1597147 ms
2026-04-11 17:10:29 [INFO] [Rank 2] Finished. Latency: 1597147 ms
2026-04-11 17:10:29 [INFO] [Rank 0] Finished. Latency: 1597147 ms
2026-04-11 17:10:29 [INFO] [Rank 3] Finished. Latency: 1597160 ms
2026-04-11 17:10:31 [ERROR] Hang detected: ranks still alive after timeout: 0
2026-04-11 17:10:33 [INFO] [101/245] Split [28, 7, 4, 1] | Batch: 64 | Microbatch: 32 | Microbatches: 2
2026-04-11 17:10:33 [INFO] Loading WikiText... (SEQ_LEN=64, BATCH=64)
2026-04-11 17:10:36 [WARNING] '('Connection broken: IncompleteRead(0 bytes read, 65536 more expected)', IncompleteRead(0 bytes read, 65536 more expected))' thrown while requesting GET https://huggingface.co/datasets/wikitext/resolve/b08601e04326c79dfdd32d625aee71d232d685c3/wikitext-2-raw-v1/test-00000-of-00001.parquet
2026-04-11 17:10:36 [WARNING] Retrying in 1s [Retry 1/5].
2026-04-11 17:10:54 [INFO] [Rank 3] Loading weights...
2026-04-11 17:10:58 [INFO] [Rank 3] Weights loaded.
2026-04-11 17:11:02 [INFO] [Rank 2] Loading weights...
2026-04-11 17:11:06 [INFO] [Rank 2] Weights loaded.
2026-04-11 17:11:14 [INFO] [Rank 1] Loading weights...
2026-04-11 17:11:19 [INFO] [Rank 1] Weights loaded.
2026-04-11 17:12:40 [INFO] [Rank 0] Loading weights...
2026-04-11 17:12:54 [INFO] [Rank 0] Weights loaded.
2026-04-11 17:15:03 [INFO] [Rank 1] Finished. Latency: 129489 ms
2026-04-11 17:15:03 [INFO] [Rank 2] Finished. Latency: 129489 ms
2026-04-11 17:15:03 [INFO] [Rank 0] Finished. Latency: 129489 ms
2026-04-11 17:15:03 [INFO] [Rank 3] Finished. Latency: 129501 ms
2026-04-11 17:15:08 [INFO] Total latency:     129489 ms
2026-04-11 17:15:08 [INFO] Peak 5GB memory:   5010 MB
2026-04-11 17:15:08 [INFO] Avg  5GB memory:   2647 MB
2026-04-11 17:15:08 [INFO] [102/245] Split [28, 7, 4, 1] | Batch: 64 | Microbatch: 16 | Microbatches: 4
2026-04-11 17:15:08 [INFO] Loading WikiText... (SEQ_LEN=64, BATCH=64)
2026-04-11 17:15:27 [INFO] [Rank 3] Loading weights...
2026-04-11 17:15:30 [INFO] [Rank 3] Weights loaded.
2026-04-11 17:15:34 [INFO] [Rank 2] Loading weights...
2026-04-11 17:15:38 [INFO] [Rank 2] Weights loaded.
2026-04-11 17:15:46 [INFO] [Rank 1] Loading weights...
2026-04-11 17:15:52 [INFO] [Rank 1] Weights loaded.
2026-04-11 17:17:12 [INFO] [Rank 0] Loading weights...
2026-04-11 17:17:26 [INFO] [Rank 0] Weights loaded.
2026-04-11 17:21:13 [INFO] [Rank 1] Finished. Latency: 226674 ms
2026-04-11 17:21:13 [INFO] [Rank 2] Finished. Latency: 226674 ms
2026-04-11 17:21:13 [INFO] [Rank 0] Finished. Latency: 226674 ms
2026-04-11 17:21:13 [INFO] [Rank 3] Finished. Latency: 226684 ms
2026-04-11 17:21:17 [INFO] Total latency:     226674 ms
2026-04-11 17:21:17 [INFO] Peak 5GB memory:   5010 MB
2026-04-11 17:21:17 [INFO] Avg  5GB memory:   2624 MB
2026-04-11 17:21:17 [INFO] [103/245] Split [28, 7, 4, 1] | Batch: 64 | Microbatch: 8 | Microbatches: 8
2026-04-11 17:21:17 [INFO] Loading WikiText... (SEQ_LEN=64, BATCH=64)
2026-04-11 17:21:36 [INFO] [Rank 3] Loading weights...
2026-04-11 17:21:39 [INFO] [Rank 3] Weights loaded.
2026-04-11 17:21:43 [INFO] [Rank 2] Loading weights...
2026-04-11 17:21:47 [INFO] [Rank 2] Weights loaded.
2026-04-11 17:21:55 [INFO] [Rank 1] Loading weights...
2026-04-11 17:22:01 [INFO] [Rank 1] Weights loaded.
2026-04-11 17:23:20 [INFO] [Rank 0] Loading weights...
2026-04-11 17:23:35 [INFO] [Rank 0] Weights loaded.
2026-04-11 17:30:37 [INFO] [Rank 2] Finished. Latency: 422184 ms
2026-04-11 17:30:37 [INFO] [Rank 1] Finished. Latency: 422184 ms
2026-04-11 17:30:37 [INFO] [Rank 0] Finished. Latency: 422184 ms
2026-04-11 17:30:37 [INFO] [Rank 3] Finished. Latency: 422193 ms
2026-04-11 17:30:41 [INFO] Total latency:     422184 ms
2026-04-11 17:30:41 [INFO] Peak 5GB memory:   3730 MB
2026-04-11 17:30:41 [INFO] Avg  5GB memory:   2580 MB
2026-04-11 17:30:41 [INFO] [104/245] Split [28, 7, 4, 1] | Batch: 64 | Microbatch: 4 | Microbatches: 16
2026-04-11 17:30:41 [INFO] Loading WikiText... (SEQ_LEN=64, BATCH=64)
2026-04-11 17:30:44 [WARNING] '('Connection broken: IncompleteRead(0 bytes read, 65536 more expected)', IncompleteRead(0 bytes read, 65536 more expected))' thrown while requesting GET https://huggingface.co/datasets/wikitext/resolve/b08601e04326c79dfdd32d625aee71d232d685c3/wikitext-2-raw-v1/test-00000-of-00001.parquet
2026-04-11 17:30:44 [WARNING] Retrying in 1s [Retry 1/5].
2026-04-11 17:31:03 [INFO] [Rank 3] Loading weights...
2026-04-11 17:31:06 [INFO] [Rank 3] Weights loaded.
2026-04-11 17:31:10 [INFO] [Rank 2] Loading weights...
2026-04-11 17:31:14 [INFO] [Rank 2] Weights loaded.
2026-04-11 17:31:22 [INFO] [Rank 1] Loading weights...
2026-04-11 17:31:27 [INFO] [Rank 1] Weights loaded.
2026-04-11 17:32:47 [INFO] [Rank 0] Loading weights...
2026-04-11 17:33:01 [INFO] [Rank 0] Weights loaded.
2026-04-11 17:46:37 [INFO] [Rank 1] Finished. Latency: 815389 ms
2026-04-11 17:46:37 [INFO] [Rank 0] Finished. Latency: 815389 ms
2026-04-11 17:46:37 [INFO] [Rank 2] Finished. Latency: 815389 ms
2026-04-11 17:46:37 [INFO] [Rank 3] Finished. Latency: 815398 ms
2026-04-11 17:46:41 [INFO] Total latency:     815389 ms
2026-04-11 17:46:41 [INFO] Peak 5GB memory:   5010 MB
2026-04-11 17:46:41 [INFO] Avg  5GB memory:   2611 MB
2026-04-11 17:46:41 [INFO] [105/245] Split [28, 7, 4, 1] | Batch: 64 | Microbatch: 2 | Microbatches: 32
2026-04-11 17:46:41 [INFO] Loading WikiText... (SEQ_LEN=64, BATCH=64)
2026-04-11 17:47:00 [INFO] [Rank 3] Loading weights...
2026-04-11 17:47:03 [INFO] [Rank 3] Weights loaded.
2026-04-11 17:47:07 [INFO] [Rank 2] Loading weights...
2026-04-11 17:47:11 [INFO] [Rank 2] Weights loaded.
2026-04-11 17:47:18 [INFO] [Rank 1] Loading weights...
2026-04-11 17:47:24 [INFO] [Rank 1] Weights loaded.
2026-04-11 17:48:44 [INFO] [Rank 0] Loading weights...
2026-04-11 17:48:58 [INFO] [Rank 0] Weights loaded.
2026-04-11 18:15:35 [INFO] [Rank 2] Finished. Latency: 1596526 ms
2026-04-11 18:15:35 [INFO] [Rank 1] Finished. Latency: 1596526 ms
2026-04-11 18:15:35 [INFO] [Rank 0] Finished. Latency: 1596526 ms
2026-04-11 18:15:35 [INFO] [Rank 3] Finished. Latency: 1596535 ms
2026-04-11 18:15:37 [ERROR] Hang detected: ranks still alive after timeout: 0
2026-04-11 18:15:39 [INFO] [106/245] Split [28, 8, 2, 2] | Batch: 64 | Microbatch: 32 | Microbatches: 2
2026-04-11 18:15:39 [INFO] Loading WikiText... (SEQ_LEN=64, BATCH=64)
2026-04-11 18:15:57 [INFO] [Rank 2] Loading weights...
2026-04-11 18:16:00 [INFO] [Rank 2] Weights loaded.
2026-04-11 18:16:02 [INFO] [Rank 3] Loading weights...
2026-04-11 18:16:05 [INFO] [Rank 3] Weights loaded.
2026-04-11 18:16:21 [INFO] [Rank 1] Loading weights...
2026-04-11 18:16:27 [INFO] [Rank 1] Weights loaded.
2026-04-11 18:17:42 [INFO] [Rank 0] Loading weights...
2026-04-11 18:17:56 [INFO] [Rank 0] Weights loaded.
2026-04-11 18:20:02 [INFO] [Rank 2] Finished. Latency: 126232 ms
2026-04-11 18:20:02 [INFO] [Rank 1] Finished. Latency: 126232 ms
2026-04-11 18:20:02 [INFO] [Rank 0] Finished. Latency: 126232 ms
2026-04-11 18:20:02 [INFO] [Rank 3] Finished. Latency: 126250 ms
2026-04-11 18:20:06 [INFO] Total latency:     126232 ms
2026-04-11 18:20:06 [INFO] Peak 5GB memory:   6070 MB
2026-04-11 18:20:06 [INFO] Avg  5GB memory:   3687 MB
2026-04-11 18:20:06 [INFO] [107/245] Split [28, 8, 2, 2] | Batch: 64 | Microbatch: 16 | Microbatches: 4
2026-04-11 18:20:06 [INFO] Loading WikiText... (SEQ_LEN=64, BATCH=64)
2026-04-11 18:20:24 [INFO] [Rank 2] Loading weights...
2026-04-11 18:20:27 [INFO] [Rank 2] Weights loaded.
2026-04-11 18:20:29 [INFO] [Rank 3] Loading weights...
2026-04-11 18:20:33 [INFO] [Rank 3] Weights loaded.
2026-04-11 18:20:48 [INFO] [Rank 1] Loading weights...
2026-04-11 18:20:54 [INFO] [Rank 1] Weights loaded.
2026-04-11 18:22:10 [INFO] [Rank 0] Loading weights...
2026-04-11 18:22:24 [INFO] [Rank 0] Weights loaded.
2026-04-11 18:26:05 [INFO] [Rank 2] Finished. Latency: 221082 ms
2026-04-11 18:26:05 [INFO] [Rank 1] Finished. Latency: 221082 ms
2026-04-11 18:26:05 [INFO] [Rank 0] Finished. Latency: 221082 ms
2026-04-11 18:26:05 [INFO] [Rank 3] Finished. Latency: 221097 ms
2026-04-11 18:26:09 [INFO] Total latency:     221082 ms
2026-04-11 18:26:09 [INFO] Peak 5GB memory:   4790 MB
2026-04-11 18:26:09 [INFO] Avg  5GB memory:   3622 MB
2026-04-11 18:26:09 [INFO] [108/245] Split [28, 8, 2, 2] | Batch: 64 | Microbatch: 8 | Microbatches: 8
2026-04-11 18:26:09 [INFO] Loading WikiText... (SEQ_LEN=64, BATCH=64)
2026-04-11 18:26:28 [INFO] [Rank 2] Loading weights...
2026-04-11 18:26:31 [INFO] [Rank 2] Weights loaded.
2026-04-11 18:26:33 [INFO] [Rank 3] Loading weights...
2026-04-11 18:26:36 [INFO] [Rank 3] Weights loaded.
2026-04-11 18:26:52 [INFO] [Rank 1] Loading weights...
2026-04-11 18:26:58 [INFO] [Rank 1] Weights loaded.
2026-04-11 18:28:13 [INFO] [Rank 0] Loading weights...
2026-04-11 18:28:27 [INFO] [Rank 0] Weights loaded.
2026-04-11 18:35:19 [INFO] [Rank 2] Finished. Latency: 411708 ms
2026-04-11 18:35:19 [INFO] [Rank 0] Finished. Latency: 411708 ms
2026-04-11 18:35:19 [INFO] [Rank 1] Finished. Latency: 411708 ms
2026-04-11 18:35:19 [INFO] [Rank 3] Finished. Latency: 411722 ms
2026-04-11 18:35:23 [INFO] Total latency:     411708 ms
2026-04-11 18:35:23 [INFO] Peak 5GB memory:   6070 MB
2026-04-11 18:35:23 [INFO] Avg  5GB memory:   3677 MB
2026-04-11 18:35:23 [INFO] [109/245] Split [28, 8, 2, 2] | Batch: 64 | Microbatch: 4 | Microbatches: 16
2026-04-11 18:35:23 [INFO] Loading WikiText... (SEQ_LEN=64, BATCH=64)
2026-04-11 18:35:41 [INFO] [Rank 2] Loading weights...
2026-04-11 18:35:44 [INFO] [Rank 2] Weights loaded.
2026-04-11 18:35:46 [INFO] [Rank 3] Loading weights...
2026-04-11 18:35:50 [INFO] [Rank 3] Weights loaded.
2026-04-11 18:36:05 [INFO] [Rank 1] Loading weights...
2026-04-11 18:36:11 [INFO] [Rank 1] Weights loaded.
2026-04-11 18:37:26 [INFO] [Rank 0] Loading weights...
2026-04-11 18:37:40 [INFO] [Rank 0] Weights loaded.
2026-04-11 18:50:55 [INFO] [Rank 1] Finished. Latency: 794281 ms
2026-04-11 18:50:55 [INFO] [Rank 2] Finished. Latency: 794281 ms
2026-04-11 18:50:55 [INFO] [Rank 0] Finished. Latency: 794281 ms
2026-04-11 18:50:55 [INFO] [Rank 3] Finished. Latency: 794294 ms
2026-04-11 18:50:59 [INFO] Total latency:     794281 ms
2026-04-11 18:50:59 [INFO] Peak 5GB memory:   6070 MB
2026-04-11 18:50:59 [INFO] Avg  5GB memory:   3752 MB
2026-04-11 18:50:59 [INFO] [110/245] Split [28, 8, 2, 2] | Batch: 64 | Microbatch: 2 | Microbatches: 32
2026-04-11 18:50:59 [INFO] Loading WikiText... (SEQ_LEN=64, BATCH=64)
2026-04-11 18:51:02 [WARNING] '('Connection broken: IncompleteRead(0 bytes read, 65536 more expected)', IncompleteRead(0 bytes read, 65536 more expected))' thrown while requesting GET https://huggingface.co/datasets/wikitext/resolve/b08601e04326c79dfdd32d625aee71d232d685c3/wikitext-2-raw-v1/test-00000-of-00001.parquet
2026-04-11 18:51:02 [WARNING] Retrying in 1s [Retry 1/5].
2026-04-11 18:51:19 [INFO] [Rank 2] Loading weights...
2026-04-11 18:51:22 [INFO] [Rank 2] Weights loaded.
2026-04-11 18:51:24 [INFO] [Rank 3] Loading weights...
2026-04-11 18:51:27 [INFO] [Rank 3] Weights loaded.
2026-04-11 18:51:42 [INFO] [Rank 1] Loading weights...
2026-04-11 18:51:49 [INFO] [Rank 1] Weights loaded.
2026-04-11 18:53:04 [INFO] [Rank 0] Loading weights...
2026-04-11 18:53:18 [INFO] [Rank 0] Weights loaded.
2026-04-11 19:19:15 [INFO] [Rank 2] Finished. Latency: 1556331 ms
2026-04-11 19:19:15 [INFO] [Rank 1] Finished. Latency: 1556331 ms
2026-04-11 19:19:15 [INFO] [Rank 0] Finished. Latency: 1556331 ms
2026-04-11 19:19:15 [INFO] [Rank 3] Finished. Latency: 1556344 ms
2026-04-11 19:19:17 [ERROR] Hang detected: ranks still alive after timeout: 0
2026-04-11 19:19:19 [INFO] [111/245] Split [28, 8, 3, 1] | Batch: 64 | Microbatch: 32 | Microbatches: 2
2026-04-11 19:19:19 [INFO] Loading WikiText... (SEQ_LEN=64, BATCH=64)
2026-04-11 19:19:38 [INFO] [Rank 3] Loading weights...
2026-04-11 19:19:41 [INFO] [Rank 2] Loading weights...
2026-04-11 19:19:42 [INFO] [Rank 3] Weights loaded.
2026-04-11 19:19:45 [INFO] [Rank 2] Weights loaded.
2026-04-11 19:20:01 [INFO] [Rank 1] Loading weights...
2026-04-11 19:20:08 [INFO] [Rank 1] Weights loaded.
2026-04-11 19:21:23 [INFO] [Rank 0] Loading weights...
2026-04-11 19:21:37 [INFO] [Rank 0] Weights loaded.
2026-04-11 19:23:43 [INFO] [Rank 2] Finished. Latency: 126117 ms
2026-04-11 19:23:43 [INFO] [Rank 1] Finished. Latency: 126118 ms
2026-04-11 19:23:43 [INFO] [Rank 0] Finished. Latency: 126118 ms
2026-04-11 19:23:43 [INFO] [Rank 3] Finished. Latency: 126130 ms
2026-04-11 19:23:47 [INFO] Total latency:     126118 ms
2026-04-11 19:23:47 [INFO] Peak 5GB memory:   5010 MB
2026-04-11 19:23:47 [INFO] Avg  5GB memory:   2642 MB
2026-04-11 19:23:47 [INFO] [112/245] Split [28, 8, 3, 1] | Batch: 64 | Microbatch: 16 | Microbatches: 4
2026-04-11 19:23:47 [INFO] Loading WikiText... (SEQ_LEN=64, BATCH=64)
2026-04-11 19:24:07 [INFO] [Rank 3] Loading weights...
2026-04-11 19:24:10 [INFO] [Rank 2] Loading weights...
2026-04-11 19:24:10 [INFO] [Rank 3] Weights loaded.
2026-04-11 19:24:14 [INFO] [Rank 2] Weights loaded.
2026-04-11 19:24:29 [INFO] [Rank 1] Loading weights...
2026-04-11 19:24:36 [INFO] [Rank 1] Weights loaded.
2026-04-11 19:25:51 [INFO] [Rank 0] Loading weights...
2026-04-11 19:26:05 [INFO] [Rank 0] Weights loaded.
2026-04-11 19:29:47 [INFO] [Rank 2] Finished. Latency: 220936 ms
2026-04-11 19:29:47 [INFO] [Rank 1] Finished. Latency: 220936 ms
2026-04-11 19:29:47 [INFO] [Rank 0] Finished. Latency: 220936 ms
2026-04-11 19:29:47 [INFO] [Rank 3] Finished. Latency: 220946 ms
2026-04-11 19:29:51 [INFO] Total latency:     220936 ms
2026-04-11 19:29:51 [INFO] Peak 5GB memory:   5010 MB
2026-04-11 19:29:51 [INFO] Avg  5GB memory:   2624 MB
2026-04-11 19:29:51 [INFO] [113/245] Split [28, 8, 3, 1] | Batch: 64 | Microbatch: 8 | Microbatches: 8
2026-04-11 19:29:51 [INFO] Loading WikiText... (SEQ_LEN=64, BATCH=64)
2026-04-11 19:29:54 [WARNING] '('Connection broken: IncompleteRead(0 bytes read, 65536 more expected)', IncompleteRead(0 bytes read, 65536 more expected))' thrown while requesting GET https://huggingface.co/datasets/wikitext/resolve/b08601e04326c79dfdd32d625aee71d232d685c3/wikitext-2-raw-v1/test-00000-of-00001.parquet
2026-04-11 19:29:54 [WARNING] Retrying in 1s [Retry 1/5].
2026-04-11 19:30:12 [INFO] [Rank 3] Loading weights...
2026-04-11 19:30:15 [INFO] [Rank 3] Weights loaded.
2026-04-11 19:30:15 [INFO] [Rank 2] Loading weights...
2026-04-11 19:30:19 [INFO] [Rank 2] Weights loaded.
2026-04-11 19:30:34 [INFO] [Rank 1] Loading weights...
2026-04-11 19:30:41 [INFO] [Rank 1] Weights loaded.
2026-04-11 19:31:56 [INFO] [Rank 0] Loading weights...
2026-04-11 19:32:10 [INFO] [Rank 0] Weights loaded.
2026-04-11 19:39:02 [INFO] [Rank 2] Finished. Latency: 411931 ms
2026-04-11 19:39:02 [INFO] [Rank 1] Finished. Latency: 411931 ms
2026-04-11 19:39:02 [INFO] [Rank 0] Finished. Latency: 411931 ms
2026-04-11 19:39:02 [INFO] [Rank 3] Finished. Latency: 411940 ms
2026-04-11 19:39:06 [INFO] Total latency:     411931 ms
2026-04-11 19:39:06 [INFO] Peak 5GB memory:   5010 MB
2026-04-11 19:39:06 [INFO] Avg  5GB memory:   2582 MB
2026-04-11 19:39:06 [INFO] [114/245] Split [28, 8, 3, 1] | Batch: 64 | Microbatch: 4 | Microbatches: 16
2026-04-11 19:39:06 [INFO] Loading WikiText... (SEQ_LEN=64, BATCH=64)
2026-04-11 19:39:26 [INFO] [Rank 3] Loading weights...
2026-04-11 19:39:29 [INFO] [Rank 2] Loading weights...
2026-04-11 19:39:29 [INFO] [Rank 3] Weights loaded.
2026-04-11 19:39:32 [INFO] [Rank 2] Weights loaded.
2026-04-11 19:39:48 [INFO] [Rank 1] Loading weights...
2026-04-11 19:39:55 [INFO] [Rank 1] Weights loaded.
2026-04-11 19:41:10 [INFO] [Rank 0] Loading weights...
2026-04-11 19:41:24 [INFO] [Rank 0] Weights loaded.
2026-04-11 19:54:39 [INFO] [Rank 2] Finished. Latency: 794394 ms
2026-04-11 19:54:39 [INFO] [Rank 1] Finished. Latency: 794394 ms
2026-04-11 19:54:39 [INFO] [Rank 0] Finished. Latency: 794394 ms
2026-04-11 19:54:39 [INFO] [Rank 3] Finished. Latency: 794403 ms
2026-04-11 19:54:43 [INFO] Total latency:     794394 ms
2026-04-11 19:54:43 [INFO] Peak 5GB memory:   5010 MB
2026-04-11 19:54:43 [INFO] Avg  5GB memory:   2609 MB
2026-04-11 19:54:43 [INFO] [115/245] Split [28, 8, 3, 1] | Batch: 64 | Microbatch: 2 | Microbatches: 32
2026-04-11 19:54:43 [INFO] Loading WikiText... (SEQ_LEN=64, BATCH=64)
2026-04-11 19:55:03 [INFO] [Rank 3] Loading weights...
2026-04-11 19:55:06 [INFO] [Rank 3] Weights loaded.
2026-04-11 19:55:06 [INFO] [Rank 2] Loading weights...
2026-04-11 19:55:09 [INFO] [Rank 2] Weights loaded.
2026-04-11 19:55:25 [INFO] [Rank 1] Loading weights...
2026-04-11 19:55:31 [INFO] [Rank 1] Weights loaded.
2026-04-11 19:56:47 [INFO] [Rank 0] Loading weights...
2026-04-11 19:57:01 [INFO] [Rank 0] Weights loaded.
2026-04-11 20:22:58 [INFO] [Rank 2] Finished. Latency: 1556460 ms
2026-04-11 20:22:58 [INFO] [Rank 1] Finished. Latency: 1556460 ms
2026-04-11 20:22:58 [INFO] [Rank 0] Finished. Latency: 1556460 ms
2026-04-11 20:22:58 [INFO] [Rank 3] Finished. Latency: 1556469 ms
2026-04-11 20:23:02 [INFO] Total latency:     1556460 ms
2026-04-11 20:23:02 [INFO] Peak 5GB memory:   5010 MB
2026-04-11 20:23:02 [INFO] Avg  5GB memory:   2641 MB
2026-04-11 20:23:02 [INFO] [116/245] Split [28, 8, 4, 0] | Batch: 64 | Microbatch: 32 | Microbatches: 2
2026-04-11 20:23:02 [INFO] Loading WikiText... (SEQ_LEN=64, BATCH=64)
2026-04-11 20:23:05 [WARNING] '('Connection broken: IncompleteRead(0 bytes read, 65536 more expected)', IncompleteRead(0 bytes read, 65536 more expected))' thrown while requesting GET https://huggingface.co/datasets/wikitext/resolve/b08601e04326c79dfdd32d625aee71d232d685c3/wikitext-2-raw-v1/test-00000-of-00001.parquet
2026-04-11 20:23:05 [WARNING] Retrying in 1s [Retry 1/5].
2026-04-11 20:23:19 [INFO] [Rank 3] Loading weights...
2026-04-11 20:23:21 [INFO] [Rank 3] Weights loaded.
2026-04-11 20:23:29 [INFO] [Rank 2] Loading weights...
2026-04-11 20:23:33 [INFO] [Rank 2] Weights loaded.
2026-04-11 20:23:45 [INFO] [Rank 1] Loading weights...
2026-04-11 20:23:51 [INFO] [Rank 1] Weights loaded.
2026-04-11 20:25:07 [INFO] [Rank 0] Loading weights...
2026-04-11 20:25:21 [INFO] [Rank 0] Weights loaded.
2026-04-11 20:27:27 [INFO] [Rank 2] Finished. Latency: 126143 ms
2026-04-11 20:27:27 [INFO] [Rank 0] Finished. Latency: 126143 ms
2026-04-11 20:27:27 [INFO] [Rank 1] Finished. Latency: 126143 ms
2026-04-11 20:27:27 [INFO] [Rank 3] Finished. Latency: 126149 ms
2026-04-11 20:27:31 [INFO] Total latency:     126143 ms
2026-04-11 20:27:31 [INFO] Peak 5GB memory:   2670 MB
2026-04-11 20:27:31 [INFO] Avg  5GB memory:   1452 MB
2026-04-11 20:27:31 [INFO] [117/245] Split [28, 8, 4, 0] | Batch: 64 | Microbatch: 16 | Microbatches: 4
2026-04-11 20:27:31 [INFO] Loading WikiText... (SEQ_LEN=64, BATCH=64)
2026-04-11 20:27:46 [INFO] [Rank 3] Loading weights...
2026-04-11 20:27:48 [INFO] [Rank 3] Weights loaded.
2026-04-11 20:27:57 [INFO] [Rank 2] Loading weights...
2026-04-11 20:28:01 [INFO] [Rank 2] Weights loaded.
2026-04-11 20:28:13 [INFO] [Rank 1] Loading weights...
2026-04-11 20:28:19 [INFO] [Rank 1] Weights loaded.
2026-04-11 20:29:34 [INFO] [Rank 0] Loading weights...
2026-04-11 20:29:48 [INFO] [Rank 0] Weights loaded.
2026-04-11 20:33:29 [INFO] [Rank 2] Finished. Latency: 220882 ms
2026-04-11 20:33:29 [INFO] [Rank 1] Finished. Latency: 220882 ms
2026-04-11 20:33:29 [INFO] [Rank 0] Finished. Latency: 220882 ms
2026-04-11 20:33:29 [INFO] [Rank 3] Finished. Latency: 220887 ms
2026-04-11 20:33:33 [INFO] Total latency:     220882 ms
2026-04-11 20:33:33 [INFO] Peak 5GB memory:   2670 MB
2026-04-11 20:33:33 [INFO] Avg  5GB memory:   1440 MB
2026-04-11 20:33:33 [INFO] [118/245] Split [28, 8, 4, 0] | Batch: 64 | Microbatch: 8 | Microbatches: 8
2026-04-11 20:33:33 [INFO] Loading WikiText... (SEQ_LEN=64, BATCH=64)
2026-04-11 20:33:49 [INFO] [Rank 3] Loading weights...
2026-04-11 20:33:52 [INFO] [Rank 3] Weights loaded.
2026-04-11 20:34:00 [INFO] [Rank 2] Loading weights...
2026-04-11 20:34:04 [INFO] [Rank 2] Weights loaded.
2026-04-11 20:34:16 [INFO] [Rank 1] Loading weights...
2026-04-11 20:34:22 [INFO] [Rank 1] Weights loaded.
2026-04-11 20:35:37 [INFO] [Rank 0] Loading weights...
2026-04-11 20:35:51 [INFO] [Rank 0] Weights loaded.
2026-04-11 20:42:43 [INFO] [Rank 2] Finished. Latency: 411719 ms
2026-04-11 20:42:43 [INFO] [Rank 1] Finished. Latency: 411719 ms
2026-04-11 20:42:43 [INFO] [Rank 0] Finished. Latency: 411719 ms
2026-04-11 20:42:43 [INFO] [Rank 3] Finished. Latency: 411724 ms
2026-04-11 20:42:47 [INFO] Total latency:     411719 ms
2026-04-11 20:42:47 [INFO] Peak 5GB memory:   3950 MB
2026-04-11 20:42:47 [INFO] Avg  5GB memory:   1445 MB
2026-04-11 20:42:47 [INFO] [119/245] Split [28, 8, 4, 0] | Batch: 64 | Microbatch: 4 | Microbatches: 16
2026-04-11 20:42:47 [INFO] Loading WikiText... (SEQ_LEN=64, BATCH=64)
2026-04-11 20:42:50 [WARNING] '('Connection broken: IncompleteRead(0 bytes read, 65536 more expected)', IncompleteRead(0 bytes read, 65536 more expected))' thrown while requesting GET https://huggingface.co/datasets/wikitext/resolve/b08601e04326c79dfdd32d625aee71d232d685c3/wikitext-2-raw-v1/test-00000-of-00001.parquet
2026-04-11 20:42:50 [WARNING] Retrying in 1s [Retry 1/5].
2026-04-11 20:43:05 [INFO] [Rank 3] Loading weights...
2026-04-11 20:43:08 [INFO] [Rank 3] Weights loaded.
2026-04-11 20:43:16 [INFO] [Rank 2] Loading weights...
2026-04-11 20:43:20 [INFO] [Rank 2] Weights loaded.
2026-04-11 20:43:32 [INFO] [Rank 1] Loading weights...
2026-04-11 20:43:38 [INFO] [Rank 1] Weights loaded.
2026-04-11 20:44:53 [INFO] [Rank 0] Loading weights...
2026-04-11 20:45:08 [INFO] [Rank 0] Weights loaded.
2026-04-11 20:58:21 [INFO] [Rank 1] Finished. Latency: 793204 ms
2026-04-11 20:58:21 [INFO] [Rank 2] Finished. Latency: 793204 ms
2026-04-11 20:58:21 [INFO] [Rank 0] Finished. Latency: 793204 ms
2026-04-11 20:58:21 [INFO] [Rank 3] Finished. Latency: 793209 ms
2026-04-11 20:58:25 [INFO] Total latency:     793204 ms
2026-04-11 20:58:25 [INFO] Peak 5GB memory:   3950 MB
2026-04-11 20:58:25 [INFO] Avg  5GB memory:   1463 MB
2026-04-11 20:58:25 [INFO] [120/245] Split [28, 8, 4, 0] | Batch: 64 | Microbatch: 2 | Microbatches: 32
2026-04-11 20:58:25 [INFO] Loading WikiText... (SEQ_LEN=64, BATCH=64)
2026-04-11 20:58:40 [INFO] [Rank 3] Loading weights...
2026-04-11 20:58:43 [INFO] [Rank 3] Weights loaded.
2026-04-11 20:58:51 [INFO] [Rank 2] Loading weights...
2026-04-11 20:58:55 [INFO] [Rank 2] Weights loaded.
2026-04-11 20:59:07 [INFO] [Rank 1] Loading weights...
2026-04-11 20:59:13 [INFO] [Rank 1] Weights loaded.
2026-04-11 21:00:28 [INFO] [Rank 0] Loading weights...
2026-04-11 21:00:42 [INFO] [Rank 0] Weights loaded.
2026-04-11 21:26:37 [INFO] [Rank 2] Finished. Latency: 1554470 ms
2026-04-11 21:26:37 [INFO] [Rank 1] Finished. Latency: 1554470 ms
2026-04-11 21:26:37 [INFO] [Rank 0] Finished. Latency: 1554470 ms
2026-04-11 21:26:37 [INFO] [Rank 3] Finished. Latency: 1554475 ms
2026-04-11 21:26:41 [INFO] Total latency:     1554470 ms
2026-04-11 21:26:41 [INFO] Peak 5GB memory:   3950 MB
2026-04-11 21:26:41 [INFO] Avg  5GB memory:   1455 MB
2026-04-11 21:26:41 [INFO] [121/245] Split [28, 9, 2, 1] | Batch: 64 | Microbatch: 32 | Microbatches: 2
2026-04-11 21:26:41 [INFO] Loading WikiText... (SEQ_LEN=64, BATCH=64)
2026-04-11 21:26:59 [INFO] [Rank 2] Loading weights...
2026-04-11 21:27:00 [INFO] [Rank 3] Loading weights...
2026-04-11 21:27:03 [INFO] [Rank 2] Weights loaded.
2026-04-11 21:27:03 [INFO] [Rank 3] Weights loaded.
2026-04-11 21:27:27 [INFO] [Rank 1] Loading weights...
2026-04-11 21:27:34 [INFO] [Rank 1] Weights loaded.
2026-04-11 21:28:45 [INFO] [Rank 0] Loading weights...
2026-04-11 21:28:59 [INFO] [Rank 0] Weights loaded.
2026-04-11 21:31:02 [INFO] [Rank 2] Finished. Latency: 122655 ms
2026-04-11 21:31:02 [INFO] [Rank 1] Finished. Latency: 122655 ms
2026-04-11 21:31:02 [INFO] [Rank 0] Finished. Latency: 122655 ms
2026-04-11 21:31:02 [INFO] [Rank 3] Finished. Latency: 122667 ms
2026-04-11 21:31:06 [INFO] Total latency:     122655 ms
2026-04-11 21:31:06 [INFO] Peak 5GB memory:   3730 MB
2026-04-11 21:31:06 [INFO] Avg  5GB memory:   2637 MB
2026-04-11 21:31:06 [INFO] [122/245] Split [28, 9, 2, 1] | Batch: 64 | Microbatch: 16 | Microbatches: 4
2026-04-11 21:31:06 [INFO] Loading WikiText... (SEQ_LEN=64, BATCH=64)
2026-04-11 21:31:24 [INFO] [Rank 2] Loading weights...
2026-04-11 21:31:25 [INFO] [Rank 3] Loading weights...
2026-04-11 21:31:27 [INFO] [Rank 2] Weights loaded.
2026-04-11 21:31:28 [INFO] [Rank 3] Weights loaded.
2026-04-11 21:31:52 [INFO] [Rank 1] Loading weights...
2026-04-11 21:31:58 [INFO] [Rank 1] Weights loaded.
2026-04-11 21:33:10 [INFO] [Rank 0] Loading weights...
2026-04-11 21:33:24 [INFO] [Rank 0] Weights loaded.
2026-04-11 21:36:59 [INFO] [Rank 2] Finished. Latency: 215241 ms
2026-04-11 21:36:59 [INFO] [Rank 0] Finished. Latency: 215241 ms
2026-04-11 21:36:59 [INFO] [Rank 1] Finished. Latency: 215241 ms
2026-04-11 21:36:59 [INFO] [Rank 3] Finished. Latency: 215251 ms
2026-04-11 21:37:03 [INFO] Total latency:     215241 ms
2026-04-11 21:37:03 [INFO] Peak 5GB memory:   5010 MB
2026-04-11 21:37:03 [INFO] Avg  5GB memory:   2621 MB
2026-04-11 21:37:03 [INFO] [123/245] Split [28, 9, 2, 1] | Batch: 64 | Microbatch: 8 | Microbatches: 8
2026-04-11 21:37:03 [INFO] Loading WikiText... (SEQ_LEN=64, BATCH=64)
2026-04-11 21:37:21 [INFO] [Rank 2] Loading weights...
2026-04-11 21:37:22 [INFO] [Rank 3] Loading weights...
2026-04-11 21:37:25 [INFO] [Rank 2] Weights loaded.
2026-04-11 21:37:26 [INFO] [Rank 3] Weights loaded.
2026-04-11 21:37:49 [INFO] [Rank 1] Loading weights...
2026-04-11 21:37:55 [INFO] [Rank 1] Weights loaded.
2026-04-11 21:39:07 [INFO] [Rank 0] Loading weights...
2026-04-11 21:39:21 [INFO] [Rank 0] Weights loaded.
2026-04-11 21:46:02 [INFO] [Rank 2] Finished. Latency: 400795 ms
2026-04-11 21:46:02 [INFO] [Rank 0] Finished. Latency: 400795 ms
2026-04-11 21:46:02 [INFO] [Rank 1] Finished. Latency: 400795 ms
2026-04-11 21:46:02 [INFO] [Rank 3] Finished. Latency: 400804 ms
2026-04-11 21:46:06 [INFO] Total latency:     400795 ms
2026-04-11 21:46:06 [INFO] Peak 5GB memory:   5010 MB
2026-04-11 21:46:06 [INFO] Avg  5GB memory:   2577 MB
2026-04-11 21:46:06 [INFO] [124/245] Split [28, 9, 2, 1] | Batch: 64 | Microbatch: 4 | Microbatches: 16
2026-04-11 21:46:06 [INFO] Loading WikiText... (SEQ_LEN=64, BATCH=64)
2026-04-11 21:46:25 [INFO] [Rank 2] Loading weights...
2026-04-11 21:46:26 [INFO] [Rank 3] Loading weights...
2026-04-11 21:46:28 [INFO] [Rank 2] Weights loaded.
2026-04-11 21:46:29 [INFO] [Rank 3] Weights loaded.
2026-04-11 21:46:52 [INFO] [Rank 1] Loading weights...
2026-04-11 21:46:59 [INFO] [Rank 1] Weights loaded.
2026-04-11 21:48:10 [INFO] [Rank 0] Loading weights...
2026-04-11 21:48:24 [INFO] [Rank 0] Weights loaded.
2026-04-11 22:01:18 [INFO] [Rank 2] Finished. Latency: 773521 ms
2026-04-11 22:01:18 [INFO] [Rank 1] Finished. Latency: 773521 ms
2026-04-11 22:01:18 [INFO] [Rank 0] Finished. Latency: 773521 ms
2026-04-11 22:01:18 [INFO] [Rank 3] Finished. Latency: 773530 ms
2026-04-11 22:01:22 [INFO] Total latency:     773521 ms
2026-04-11 22:01:22 [INFO] Peak 5GB memory:   5010 MB
2026-04-11 22:01:22 [INFO] Avg  5GB memory:   2609 MB
2026-04-11 22:01:22 [INFO] [125/245] Split [28, 9, 2, 1] | Batch: 64 | Microbatch: 2 | Microbatches: 32
2026-04-11 22:01:22 [INFO] Loading WikiText... (SEQ_LEN=64, BATCH=64)
2026-04-11 22:01:40 [INFO] [Rank 2] Loading weights...
2026-04-11 22:01:41 [INFO] [Rank 3] Loading weights...
2026-04-11 22:01:44 [INFO] [Rank 2] Weights loaded.
2026-04-11 22:01:45 [INFO] [Rank 3] Weights loaded.
2026-04-11 22:02:08 [INFO] [Rank 1] Loading weights...
2026-04-11 22:02:15 [INFO] [Rank 1] Weights loaded.
2026-04-11 22:03:25 [INFO] [Rank 0] Loading weights...
2026-04-11 22:03:40 [INFO] [Rank 0] Weights loaded.
2026-04-11 22:28:56 [INFO] [Rank 2] Finished. Latency: 1516218 ms
2026-04-11 22:28:56 [INFO] [Rank 0] Finished. Latency: 1516218 ms
2026-04-11 22:28:56 [INFO] [Rank 1] Finished. Latency: 1516218 ms
2026-04-11 22:28:56 [INFO] [Rank 3] Finished. Latency: 1516227 ms
2026-04-11 22:28:58 [ERROR] Hang detected: ranks still alive after timeout: 0
2026-04-11 22:29:00 [INFO] [126/245] Split [28, 9, 3, 0] | Batch: 64 | Microbatch: 32 | Microbatches: 2
2026-04-11 22:29:00 [INFO] Loading WikiText... (SEQ_LEN=64, BATCH=64)
2026-04-11 22:29:04 [WARNING] '('Connection broken: IncompleteRead(0 bytes read, 65536 more expected)', IncompleteRead(0 bytes read, 65536 more expected))' thrown while requesting GET https://huggingface.co/datasets/wikitext/resolve/b08601e04326c79dfdd32d625aee71d232d685c3/wikitext-2-raw-v1/test-00000-of-00001.parquet
2026-04-11 22:29:04 [WARNING] Retrying in 1s [Retry 1/5].
2026-04-11 22:29:18 [INFO] [Rank 3] Loading weights...
2026-04-11 22:29:20 [INFO] [Rank 3] Weights loaded.
2026-04-11 22:29:25 [INFO] [Rank 2] Loading weights...
2026-04-11 22:29:28 [INFO] [Rank 2] Weights loaded.
2026-04-11 22:29:48 [INFO] [Rank 1] Loading weights...
2026-04-11 22:29:55 [INFO] [Rank 1] Weights loaded.
2026-04-11 22:31:06 [INFO] [Rank 0] Loading weights...
2026-04-11 22:31:20 [INFO] [Rank 0] Weights loaded.
2026-04-11 22:33:23 [INFO] [Rank 2] Finished. Latency: 122755 ms
2026-04-11 22:33:23 [INFO] [Rank 1] Finished. Latency: 122756 ms
2026-04-11 22:33:23 [INFO] [Rank 0] Finished. Latency: 122756 ms
2026-04-11 22:33:23 [INFO] [Rank 3] Finished. Latency: 122762 ms
2026-04-11 22:33:27 [INFO] Total latency:     122756 ms
2026-04-11 22:33:27 [INFO] Peak 5GB memory:   2670 MB
2026-04-11 22:33:27 [INFO] Avg  5GB memory:   1445 MB
2026-04-11 22:33:27 [INFO] [127/245] Split [28, 9, 3, 0] | Batch: 64 | Microbatch: 16 | Microbatches: 4
2026-04-11 22:33:27 [INFO] Loading WikiText... (SEQ_LEN=64, BATCH=64)
2026-04-11 22:33:42 [INFO] [Rank 3] Loading weights...
2026-04-11 22:33:45 [INFO] [Rank 3] Weights loaded.
2026-04-11 22:33:49 [INFO] [Rank 2] Loading weights...
2026-04-11 22:33:53 [INFO] [Rank 2] Weights loaded.
2026-04-11 22:34:13 [INFO] [Rank 1] Loading weights...
2026-04-11 22:34:20 [INFO] [Rank 1] Weights loaded.
2026-04-11 22:35:31 [INFO] [Rank 0] Loading weights...
2026-04-11 22:35:46 [INFO] [Rank 0] Weights loaded.
2026-04-11 22:39:21 [INFO] [Rank 2] Finished. Latency: 215204 ms
2026-04-11 22:39:21 [INFO] [Rank 1] Finished. Latency: 215204 ms
2026-04-11 22:39:21 [INFO] [Rank 0] Finished. Latency: 215204 ms
2026-04-11 22:39:21 [INFO] [Rank 3] Finished. Latency: 215209 ms
2026-04-11 22:39:25 [INFO] Total latency:     215204 ms
2026-04-11 22:39:25 [INFO] Peak 5GB memory:   3950 MB
2026-04-11 22:39:25 [INFO] Avg  5GB memory:   1438 MB
2026-04-11 22:39:25 [INFO] [128/245] Split [28, 9, 3, 0] | Batch: 64 | Microbatch: 8 | Microbatches: 8
2026-04-11 22:39:25 [INFO] Loading WikiText... (SEQ_LEN=64, BATCH=64)
2026-04-11 22:39:28 [WARNING] '('Connection broken: IncompleteRead(0 bytes read, 65536 more expected)', IncompleteRead(0 bytes read, 65536 more expected))' thrown while requesting GET https://huggingface.co/datasets/wikitext/resolve/b08601e04326c79dfdd32d625aee71d232d685c3/wikitext-2-raw-v1/test-00000-of-00001.parquet
2026-04-11 22:39:28 [WARNING] Retrying in 1s [Retry 1/5].
2026-04-11 22:39:43 [INFO] [Rank 3] Loading weights...
2026-04-11 22:39:45 [INFO] [Rank 3] Weights loaded.
2026-04-11 22:39:50 [INFO] [Rank 2] Loading weights...
2026-04-11 22:39:53 [INFO] [Rank 2] Weights loaded.
2026-04-11 22:40:13 [INFO] [Rank 1] Loading weights...
2026-04-11 22:40:20 [INFO] [Rank 1] Weights loaded.
2026-04-11 22:41:31 [INFO] [Rank 0] Loading weights...
2026-04-11 22:41:45 [INFO] [Rank 0] Weights loaded.
2026-04-11 22:48:26 [INFO] [Rank 2] Finished. Latency: 401178 ms
2026-04-11 22:48:26 [INFO] [Rank 0] Finished. Latency: 401178 ms
2026-04-11 22:48:26 [INFO] [Rank 1] Finished. Latency: 401178 ms
2026-04-11 22:48:26 [INFO] [Rank 3] Finished. Latency: 401183 ms
2026-04-11 22:48:30 [INFO] Total latency:     401178 ms
2026-04-11 22:48:30 [INFO] Peak 5GB memory:   3950 MB
2026-04-11 22:48:30 [INFO] Avg  5GB memory:   1444 MB
2026-04-11 22:48:30 [INFO] [129/245] Split [28, 9, 3, 0] | Batch: 64 | Microbatch: 4 | Microbatches: 16
2026-04-11 22:48:30 [INFO] Loading WikiText... (SEQ_LEN=64, BATCH=64)
2026-04-11 22:48:45 [INFO] [Rank 3] Loading weights...
2026-04-11 22:48:48 [INFO] [Rank 3] Weights loaded.
2026-04-11 22:48:52 [INFO] [Rank 2] Loading weights...
2026-04-11 22:48:55 [INFO] [Rank 2] Weights loaded.
2026-04-11 22:49:16 [INFO] [Rank 1] Loading weights...
2026-04-11 22:49:22 [INFO] [Rank 1] Weights loaded.
2026-04-11 22:50:33 [INFO] [Rank 0] Loading weights...
2026-04-11 22:50:47 [INFO] [Rank 0] Weights loaded.
2026-04-11 23:03:40 [INFO] [Rank 2] Finished. Latency: 772139 ms
2026-04-11 23:03:40 [INFO] [Rank 1] Finished. Latency: 772139 ms
2026-04-11 23:03:40 [INFO] [Rank 0] Finished. Latency: 772139 ms
2026-04-11 23:03:40 [INFO] [Rank 3] Finished. Latency: 772144 ms
2026-04-11 23:03:44 [INFO] Total latency:     772139 ms
2026-04-11 23:03:44 [INFO] Peak 5GB memory:   3950 MB
2026-04-11 23:03:44 [INFO] Avg  5GB memory:   1464 MB
2026-04-11 23:03:44 [INFO] [130/245] Split [28, 9, 3, 0] | Batch: 64 | Microbatch: 2 | Microbatches: 32
2026-04-11 23:03:44 [INFO] Loading WikiText... (SEQ_LEN=64, BATCH=64)
2026-04-11 23:03:59 [INFO] [Rank 3] Loading weights...
2026-04-11 23:04:02 [INFO] [Rank 3] Weights loaded.
2026-04-11 23:04:06 [INFO] [Rank 2] Loading weights...
2026-04-11 23:04:09 [INFO] [Rank 2] Weights loaded.
2026-04-11 23:04:29 [INFO] [Rank 1] Loading weights...
2026-04-11 23:04:36 [INFO] [Rank 1] Weights loaded.
2026-04-11 23:05:48 [INFO] [Rank 0] Loading weights...
2026-04-11 23:06:02 [INFO] [Rank 0] Weights loaded.
2026-04-11 23:31:16 [INFO] [Rank 2] Finished. Latency: 1514241 ms
2026-04-11 23:31:16 [INFO] [Rank 1] Finished. Latency: 1514241 ms
2026-04-11 23:31:16 [INFO] [Rank 0] Finished. Latency: 1514242 ms
2026-04-11 23:31:16 [INFO] [Rank 3] Finished. Latency: 1514246 ms
2026-04-11 23:31:18 [ERROR] Hang detected: ranks still alive after timeout: 0
2026-04-11 23:31:21 [INFO] [131/245] Split [28, 10, 1, 1] | Batch: 64 | Microbatch: 32 | Microbatches: 2
2026-04-11 23:31:21 [INFO] Loading WikiText... (SEQ_LEN=64, BATCH=64)
2026-04-11 23:31:34 [INFO] [Rank 2] Loading weights...
2026-04-11 23:31:37 [INFO] [Rank 2] Weights loaded.
2026-04-11 23:31:39 [INFO] [Rank 3] Loading weights...
2026-04-11 23:31:42 [INFO] [Rank 3] Weights loaded.
2026-04-11 23:32:09 [INFO] [Rank 1] Loading weights...
2026-04-11 23:32:16 [INFO] [Rank 1] Weights loaded.
2026-04-11 23:33:23 [INFO] [Rank 0] Loading weights...
2026-04-11 23:33:37 [INFO] [Rank 0] Weights loaded.
2026-04-11 23:35:37 [INFO] [Rank 1] Finished. Latency: 119310 ms
2026-04-11 23:35:37 [INFO] [Rank 2] Finished. Latency: 119310 ms
2026-04-11 23:35:37 [INFO] [Rank 0] Finished. Latency: 119310 ms
2026-04-11 23:35:37 [INFO] [Rank 3] Finished. Latency: 119322 ms
2026-04-11 23:35:41 [INFO] Total latency:     119310 ms
2026-04-11 23:35:41 [INFO] Peak 5GB memory:   5010 MB
2026-04-11 23:35:41 [INFO] Avg  5GB memory:   2637 MB
2026-04-11 23:35:41 [INFO] [132/245] Split [28, 10, 1, 1] | Batch: 64 | Microbatch: 16 | Microbatches: 4
2026-04-11 23:35:41 [INFO] Loading WikiText... (SEQ_LEN=64, BATCH=64)
2026-04-11 23:35:44 [WARNING] '('Connection broken: IncompleteRead(0 bytes read, 732606 more expected)', IncompleteRead(0 bytes read, 732606 more expected))' thrown while requesting GET https://huggingface.co/datasets/wikitext/resolve/b08601e04326c79dfdd32d625aee71d232d685c3/wikitext-2-raw-v1/test-00000-of-00001.parquet
2026-04-11 23:35:44 [WARNING] Retrying in 1s [Retry 1/5].
2026-04-11 23:35:57 [INFO] [Rank 2] Loading weights...
2026-04-11 23:36:00 [INFO] [Rank 2] Weights loaded.
2026-04-11 23:36:02 [INFO] [Rank 3] Loading weights...
2026-04-11 23:36:05 [INFO] [Rank 3] Weights loaded.
2026-04-11 23:36:32 [INFO] [Rank 1] Loading weights...
2026-04-11 23:36:40 [INFO] [Rank 1] Weights loaded.
2026-04-11 23:37:46 [INFO] [Rank 0] Loading weights...
2026-04-11 23:38:01 [INFO] [Rank 0] Weights loaded.
2026-04-11 23:41:30 [INFO] [Rank 1] Finished. Latency: 209443 ms
2026-04-11 23:41:30 [INFO] [Rank 2] Finished. Latency: 209443 ms
2026-04-11 23:41:30 [INFO] [Rank 0] Finished. Latency: 209444 ms
2026-04-11 23:41:30 [INFO] [Rank 3] Finished. Latency: 209454 ms
2026-04-11 23:41:34 [INFO] Total latency:     209444 ms
2026-04-11 23:41:34 [INFO] Peak 5GB memory:   5010 MB
2026-04-11 23:41:34 [INFO] Avg  5GB memory:   2621 MB
2026-04-11 23:41:34 [INFO] [133/245] Split [28, 10, 1, 1] | Batch: 64 | Microbatch: 8 | Microbatches: 8
2026-04-11 23:41:34 [INFO] Loading WikiText... (SEQ_LEN=64, BATCH=64)
2026-04-11 23:41:49 [INFO] [Rank 2] Loading weights...
2026-04-11 23:41:51 [INFO] [Rank 2] Weights loaded.
2026-04-11 23:41:54 [INFO] [Rank 3] Loading weights...
2026-04-11 23:41:57 [INFO] [Rank 3] Weights loaded.
2026-04-11 23:42:24 [INFO] [Rank 1] Loading weights...
2026-04-11 23:42:31 [INFO] [Rank 1] Weights loaded.
2026-04-11 23:43:38 [INFO] [Rank 0] Loading weights...
2026-04-11 23:43:52 [INFO] [Rank 0] Weights loaded.
2026-04-11 23:50:22 [INFO] [Rank 2] Finished. Latency: 390262 ms
2026-04-11 23:50:22 [INFO] [Rank 1] Finished. Latency: 390262 ms
2026-04-11 23:50:22 [INFO] [Rank 0] Finished. Latency: 390262 ms
2026-04-11 23:50:22 [INFO] [Rank 3] Finished. Latency: 390271 ms
2026-04-11 23:50:26 [INFO] Total latency:     390262 ms
2026-04-11 23:50:26 [INFO] Peak 5GB memory:   5010 MB
2026-04-11 23:50:26 [INFO] Avg  5GB memory:   2573 MB
2026-04-11 23:50:26 [INFO] [134/245] Split [28, 10, 1, 1] | Batch: 64 | Microbatch: 4 | Microbatches: 16
2026-04-11 23:50:26 [INFO] Loading WikiText... (SEQ_LEN=64, BATCH=64)
2026-04-11 23:50:41 [INFO] [Rank 2] Loading weights...
2026-04-11 23:50:43 [INFO] [Rank 2] Weights loaded.
2026-04-11 23:50:46 [INFO] [Rank 3] Loading weights...
2026-04-11 23:50:49 [INFO] [Rank 3] Weights loaded.
2026-04-11 23:51:16 [INFO] [Rank 1] Loading weights...
2026-04-11 23:51:23 [INFO] [Rank 1] Weights loaded.
2026-04-11 23:52:30 [INFO] [Rank 0] Loading weights...
2026-04-11 23:52:44 [INFO] [Rank 0] Weights loaded.
2026-04-12 00:05:17 [INFO] [Rank 2] Finished. Latency: 752799 ms
2026-04-12 00:05:17 [INFO] [Rank 1] Finished. Latency: 752799 ms
2026-04-12 00:05:17 [INFO] [Rank 0] Finished. Latency: 752799 ms
2026-04-12 00:05:17 [INFO] [Rank 3] Finished. Latency: 752808 ms
2026-04-12 00:05:21 [INFO] Total latency:     752799 ms
2026-04-12 00:05:21 [INFO] Peak 5GB memory:   5010 MB
2026-04-12 00:05:21 [INFO] Avg  5GB memory:   2604 MB
2026-04-12 00:05:21 [INFO] [135/245] Split [28, 10, 1, 1] | Batch: 64 | Microbatch: 2 | Microbatches: 32
2026-04-12 00:05:21 [INFO] Loading WikiText... (SEQ_LEN=64, BATCH=64)
2026-04-12 00:05:36 [INFO] [Rank 2] Loading weights...
2026-04-12 00:05:38 [INFO] [Rank 2] Weights loaded.
2026-04-12 00:05:41 [INFO] [Rank 3] Loading weights...
2026-04-12 00:05:44 [INFO] [Rank 3] Weights loaded.
2026-04-12 00:06:11 [INFO] [Rank 1] Loading weights...
2026-04-12 00:06:18 [INFO] [Rank 1] Weights loaded.
2026-04-12 00:07:25 [INFO] [Rank 0] Loading weights...
2026-04-12 00:07:39 [INFO] [Rank 0] Weights loaded.
2026-04-12 00:32:15 [INFO] [Rank 2] Finished. Latency: 1475448 ms
2026-04-12 00:32:15 [INFO] [Rank 1] Finished. Latency: 1475448 ms
2026-04-12 00:32:15 [INFO] [Rank 0] Finished. Latency: 1475448 ms
2026-04-12 00:32:15 [INFO] [Rank 3] Finished. Latency: 1475457 ms
2026-04-12 00:32:17 [ERROR] Hang detected: ranks still alive after timeout: 0
2026-04-12 00:32:19 [INFO] [136/245] Split [28, 10, 2, 0] | Batch: 64 | Microbatch: 32 | Microbatches: 2
2026-04-12 00:32:19 [INFO] Loading WikiText... (SEQ_LEN=64, BATCH=64)
2026-04-12 00:32:34 [INFO] [Rank 3] Loading weights...
2026-04-12 00:32:37 [INFO] [Rank 3] Weights loaded.
2026-04-12 00:32:37 [INFO] [Rank 2] Loading weights...
2026-04-12 00:32:40 [INFO] [Rank 2] Weights loaded.
2026-04-12 00:33:08 [INFO] [Rank 1] Loading weights...
2026-04-12 00:33:15 [INFO] [Rank 1] Weights loaded.
2026-04-12 00:34:23 [INFO] [Rank 0] Loading weights...
2026-04-12 00:34:37 [INFO] [Rank 0] Weights loaded.
2026-04-12 00:36:36 [INFO] [Rank 1] Finished. Latency: 119107 ms
2026-04-12 00:36:36 [INFO] [Rank 0] Finished. Latency: 119107 ms
2026-04-12 00:36:36 [INFO] [Rank 2] Finished. Latency: 119108 ms
2026-04-12 00:36:36 [INFO] [Rank 3] Finished. Latency: 119113 ms
2026-04-12 00:36:40 [INFO] Total latency:     119107 ms
2026-04-12 00:36:40 [INFO] Peak 5GB memory:   3950 MB
2026-04-12 00:36:40 [INFO] Avg  5GB memory:   1445 MB
2026-04-12 00:36:40 [INFO] [137/245] Split [28, 10, 2, 0] | Batch: 64 | Microbatch: 16 | Microbatches: 4
2026-04-12 00:36:40 [INFO] Loading WikiText... (SEQ_LEN=64, BATCH=64)
2026-04-12 00:36:55 [INFO] [Rank 3] Loading weights...
2026-04-12 00:36:58 [INFO] [Rank 3] Weights loaded.
2026-04-12 00:36:58 [INFO] [Rank 2] Loading weights...
2026-04-12 00:37:01 [INFO] [Rank 2] Weights loaded.
2026-04-12 00:37:30 [INFO] [Rank 1] Loading weights...
2026-04-12 00:37:37 [INFO] [Rank 1] Weights loaded.
2026-04-12 00:38:44 [INFO] [Rank 0] Loading weights...
2026-04-12 00:38:59 [INFO] [Rank 0] Weights loaded.
2026-04-12 00:42:28 [INFO] [Rank 1] Finished. Latency: 209283 ms
2026-04-12 00:42:28 [INFO] [Rank 2] Finished. Latency: 209283 ms
2026-04-12 00:42:28 [INFO] [Rank 0] Finished. Latency: 209283 ms
2026-04-12 00:42:28 [INFO] [Rank 3] Finished. Latency: 209289 ms
2026-04-12 00:42:32 [INFO] Total latency:     209283 ms
2026-04-12 00:42:32 [INFO] Peak 5GB memory:   3950 MB
2026-04-12 00:42:32 [INFO] Avg  5GB memory:   1439 MB
2026-04-12 00:42:32 [INFO] [138/245] Split [28, 10, 2, 0] | Batch: 64 | Microbatch: 8 | Microbatches: 8
2026-04-12 00:42:32 [INFO] Loading WikiText... (SEQ_LEN=64, BATCH=64)
2026-04-12 00:42:47 [INFO] [Rank 3] Loading weights...
2026-04-12 00:42:50 [INFO] [Rank 3] Weights loaded.
2026-04-12 00:42:50 [INFO] [Rank 2] Loading weights...
2026-04-12 00:42:53 [INFO] [Rank 2] Weights loaded.
2026-04-12 00:43:21 [INFO] [Rank 1] Loading weights...
2026-04-12 00:43:28 [INFO] [Rank 1] Weights loaded.
2026-04-12 00:44:35 [INFO] [Rank 0] Loading weights...
2026-04-12 00:44:49 [INFO] [Rank 0] Weights loaded.
2026-04-12 00:51:20 [INFO] [Rank 1] Finished. Latency: 390055 ms
2026-04-12 00:51:20 [INFO] [Rank 2] Finished. Latency: 390055 ms
2026-04-12 00:51:20 [INFO] [Rank 0] Finished. Latency: 390055 ms
2026-04-12 00:51:20 [INFO] [Rank 3] Finished. Latency: 390060 ms
2026-04-12 00:51:24 [INFO] Total latency:     390055 ms
2026-04-12 00:51:24 [INFO] Peak 5GB memory:   3950 MB
2026-04-12 00:51:24 [INFO] Avg  5GB memory:   1443 MB
2026-04-12 00:51:24 [INFO] [139/245] Split [28, 10, 2, 0] | Batch: 64 | Microbatch: 4 | Microbatches: 16
2026-04-12 00:51:24 [INFO] Loading WikiText... (SEQ_LEN=64, BATCH=64)
2026-04-12 00:51:39 [INFO] [Rank 3] Loading weights...
2026-04-12 00:51:41 [INFO] [Rank 3] Weights loaded.
2026-04-12 00:51:42 [INFO] [Rank 2] Loading weights...
2026-04-12 00:51:45 [INFO] [Rank 2] Weights loaded.
2026-04-12 00:52:13 [INFO] [Rank 1] Loading weights...
2026-04-12 00:52:20 [INFO] [Rank 1] Weights loaded.
2026-04-12 00:53:27 [INFO] [Rank 0] Loading weights...
2026-04-12 00:53:41 [INFO] [Rank 0] Weights loaded.
2026-04-12 01:06:13 [INFO] [Rank 2] Finished. Latency: 751462 ms
2026-04-12 01:06:13 [INFO] [Rank 1] Finished. Latency: 751462 ms
2026-04-12 01:06:13 [INFO] [Rank 0] Finished. Latency: 751462 ms
2026-04-12 01:06:13 [INFO] [Rank 3] Finished. Latency: 751467 ms
2026-04-12 01:06:17 [INFO] Total latency:     751462 ms
2026-04-12 01:06:17 [INFO] Peak 5GB memory:   3950 MB
2026-04-12 01:06:17 [INFO] Avg  5GB memory:   1462 MB
2026-04-12 01:06:17 [INFO] [140/245] Split [28, 10, 2, 0] | Batch: 64 | Microbatch: 2 | Microbatches: 32
2026-04-12 01:06:17 [INFO] Loading WikiText... (SEQ_LEN=64, BATCH=64)
2026-04-12 01:06:20 [WARNING] '('Connection broken: IncompleteRead(0 bytes read, 65536 more expected)', IncompleteRead(0 bytes read, 65536 more expected))' thrown while requesting GET https://huggingface.co/datasets/wikitext/resolve/b08601e04326c79dfdd32d625aee71d232d685c3/wikitext-2-raw-v1/test-00000-of-00001.parquet
2026-04-12 01:06:20 [WARNING] Retrying in 1s [Retry 1/5].
2026-04-12 01:06:34 [INFO] [Rank 3] Loading weights...
2026-04-12 01:06:37 [INFO] [Rank 3] Weights loaded.
2026-04-12 01:06:37 [INFO] [Rank 2] Loading weights...
2026-04-12 01:06:40 [INFO] [Rank 2] Weights loaded.
2026-04-12 01:07:08 [INFO] [Rank 1] Loading weights...
2026-04-12 01:07:15 [INFO] [Rank 1] Weights loaded.
2026-04-12 01:08:23 [INFO] [Rank 0] Loading weights...
2026-04-12 01:08:37 [INFO] [Rank 0] Weights loaded.
2026-04-12 01:33:10 [INFO] [Rank 1] Finished. Latency: 1473093 ms
2026-04-12 01:33:10 [INFO] [Rank 2] Finished. Latency: 1473093 ms
2026-04-12 01:33:10 [INFO] [Rank 0] Finished. Latency: 1473093 ms
2026-04-12 01:33:10 [INFO] [Rank 3] Finished. Latency: 1473098 ms
2026-04-12 01:33:12 [ERROR] Hang detected: ranks still alive after timeout: 0
2026-04-12 01:33:14 [INFO] [141/245] Split [29, 5, 4, 2] | Batch: 64 | Microbatch: 32 | Microbatches: 2
2026-04-12 01:33:14 [INFO] Loading WikiText... (SEQ_LEN=64, BATCH=64)
2026-04-12 01:33:38 [INFO] [Rank 3] Loading weights...
2026-04-12 01:33:41 [INFO] [Rank 2] Loading weights...
2026-04-12 01:33:41 [INFO] [Rank 3] Weights loaded.
2026-04-12 01:33:45 [INFO] [Rank 1] Loading weights...
2026-04-12 01:33:45 [INFO] [Rank 2] Weights loaded.
2026-04-12 01:33:49 [INFO] [Rank 1] Weights loaded.
2026-04-12 01:35:22 [INFO] [Rank 0] Loading weights...
2026-04-12 01:35:36 [INFO] [Rank 0] Weights loaded.
2026-04-12 01:37:48 [INFO] [Rank 2] Finished. Latency: 131223 ms
2026-04-12 01:37:48 [INFO] [Rank 1] Finished. Latency: 131223 ms
2026-04-12 01:37:48 [INFO] [Rank 0] Finished. Latency: 131223 ms
2026-04-12 01:37:48 [INFO] [Rank 3] Finished. Latency: 131241 ms
2026-04-12 01:37:52 [INFO] Total latency:     131223 ms
2026-04-12 01:37:52 [INFO] Peak 5GB memory:   6070 MB
2026-04-12 01:37:52 [INFO] Avg  5GB memory:   3688 MB
2026-04-12 01:37:52 [INFO] [142/245] Split [29, 5, 4, 2] | Batch: 64 | Microbatch: 16 | Microbatches: 4
2026-04-12 01:37:52 [INFO] Loading WikiText... (SEQ_LEN=64, BATCH=64)
2026-04-12 01:38:15 [INFO] [Rank 3] Loading weights...
2026-04-12 01:38:18 [INFO] [Rank 2] Loading weights...
2026-04-12 01:38:19 [INFO] [Rank 3] Weights loaded.
2026-04-12 01:38:23 [INFO] [Rank 1] Loading weights...
2026-04-12 01:38:23 [INFO] [Rank 2] Weights loaded.
2026-04-12 01:38:27 [INFO] [Rank 1] Weights loaded.
2026-04-12 01:39:59 [INFO] [Rank 0] Loading weights...
2026-04-12 01:40:13 [INFO] [Rank 0] Weights loaded.
2026-04-12 01:44:03 [INFO] [Rank 2] Finished. Latency: 229613 ms
2026-04-12 01:44:03 [INFO] [Rank 1] Finished. Latency: 229613 ms
2026-04-12 01:44:03 [INFO] [Rank 0] Finished. Latency: 229614 ms
2026-04-12 01:44:03 [INFO] [Rank 3] Finished. Latency: 229628 ms
2026-04-12 01:44:07 [INFO] Total latency:     229614 ms
2026-04-12 01:44:07 [INFO] Peak 5GB memory:   6070 MB
2026-04-12 01:44:07 [INFO] Avg  5GB memory:   3631 MB
2026-04-12 01:44:07 [INFO] [143/245] Split [29, 5, 4, 2] | Batch: 64 | Microbatch: 8 | Microbatches: 8
2026-04-12 01:44:07 [INFO] Loading WikiText... (SEQ_LEN=64, BATCH=64)
2026-04-12 01:44:30 [INFO] [Rank 3] Loading weights...
2026-04-12 01:44:33 [INFO] [Rank 2] Loading weights...
2026-04-12 01:44:34 [INFO] [Rank 3] Weights loaded.
2026-04-12 01:44:37 [INFO] [Rank 2] Weights loaded.
2026-04-12 01:44:38 [INFO] [Rank 1] Loading weights...
2026-04-12 01:44:43 [INFO] [Rank 1] Weights loaded.
2026-04-12 01:46:14 [INFO] [Rank 0] Loading weights...
2026-04-12 01:46:29 [INFO] [Rank 0] Weights loaded.
2026-04-12 01:53:36 [INFO] [Rank 2] Finished. Latency: 427411 ms
2026-04-12 01:53:36 [INFO] [Rank 1] Finished. Latency: 427411 ms
2026-04-12 01:53:36 [INFO] [Rank 0] Finished. Latency: 427411 ms
2026-04-12 01:53:36 [INFO] [Rank 3] Finished. Latency: 427425 ms
2026-04-12 01:53:41 [INFO] Total latency:     427411 ms
2026-04-12 01:53:41 [INFO] Peak 5GB memory:   6070 MB
2026-04-12 01:53:41 [INFO] Avg  5GB memory:   3687 MB
2026-04-12 01:53:41 [INFO] [144/245] Split [29, 5, 4, 2] | Batch: 64 | Microbatch: 4 | Microbatches: 16
2026-04-12 01:53:41 [INFO] Loading WikiText... (SEQ_LEN=64, BATCH=64)
2026-04-12 01:54:03 [INFO] [Rank 3] Loading weights...
2026-04-12 01:54:06 [INFO] [Rank 2] Loading weights...
2026-04-12 01:54:07 [INFO] [Rank 3] Weights loaded.
2026-04-12 01:54:11 [INFO] [Rank 2] Weights loaded.
2026-04-12 01:54:11 [INFO] [Rank 1] Loading weights...
2026-04-12 01:54:15 [INFO] [Rank 1] Weights loaded.
2026-04-12 01:55:48 [INFO] [Rank 0] Loading weights...
2026-04-12 01:56:02 [INFO] [Rank 0] Weights loaded.
2026-04-12 02:09:46 [INFO] [Rank 1] Finished. Latency: 824069 ms
2026-04-12 02:09:46 [INFO] [Rank 2] Finished. Latency: 824069 ms
2026-04-12 02:09:46 [INFO] [Rank 0] Finished. Latency: 824069 ms
2026-04-12 02:09:46 [INFO] [Rank 3] Finished. Latency: 824083 ms
2026-04-12 02:09:51 [INFO] Total latency:     824069 ms
2026-04-12 02:09:51 [INFO] Peak 5GB memory:   6070 MB
2026-04-12 02:09:51 [INFO] Avg  5GB memory:   3756 MB
2026-04-12 02:09:51 [INFO] [145/245] Split [29, 5, 4, 2] | Batch: 64 | Microbatch: 2 | Microbatches: 32
2026-04-12 02:09:51 [INFO] Loading WikiText... (SEQ_LEN=64, BATCH=64)
2026-04-12 02:10:14 [INFO] [Rank 3] Loading weights...
2026-04-12 02:10:17 [INFO] [Rank 2] Loading weights...
2026-04-12 02:10:17 [INFO] [Rank 3] Weights loaded.
2026-04-12 02:10:21 [INFO] [Rank 2] Weights loaded.
2026-04-12 02:10:21 [INFO] [Rank 1] Loading weights...
2026-04-12 02:10:26 [INFO] [Rank 1] Weights loaded.
2026-04-12 02:11:57 [INFO] [Rank 0] Loading weights...
2026-04-12 02:12:12 [INFO] [Rank 0] Weights loaded.
2026-04-12 02:39:06 [INFO] [Rank 1] Finished. Latency: 1614127 ms
2026-04-12 02:39:06 [INFO] [Rank 2] Finished. Latency: 1614127 ms
2026-04-12 02:39:06 [INFO] [Rank 0] Finished. Latency: 1614128 ms
2026-04-12 02:39:06 [INFO] [Rank 3] Finished. Latency: 1614140 ms
2026-04-12 02:39:08 [ERROR] Hang detected: ranks still alive after timeout: 0
2026-04-12 02:39:10 [INFO] [146/245] Split [29, 6, 3, 2] | Batch: 64 | Microbatch: 32 | Microbatches: 2
2026-04-12 02:39:10 [INFO] Loading WikiText... (SEQ_LEN=64, BATCH=64)
2026-04-12 02:39:32 [INFO] [Rank 2] Loading weights...
2026-04-12 02:39:33 [INFO] [Rank 3] Loading weights...
2026-04-12 02:39:36 [INFO] [Rank 2] Weights loaded.
2026-04-12 02:39:37 [INFO] [Rank 3] Weights loaded.
2026-04-12 02:39:44 [INFO] [Rank 1] Loading weights...
2026-04-12 02:39:49 [INFO] [Rank 1] Weights loaded.
2026-04-12 02:41:17 [INFO] [Rank 0] Loading weights...
2026-04-12 02:41:31 [INFO] [Rank 0] Weights loaded.
2026-04-12 02:43:39 [INFO] [Rank 2] Finished. Latency: 127935 ms
2026-04-12 02:43:39 [INFO] [Rank 1] Finished. Latency: 127935 ms
2026-04-12 02:43:39 [INFO] [Rank 0] Finished. Latency: 127935 ms
2026-04-12 02:43:39 [INFO] [Rank 3] Finished. Latency: 127953 ms
2026-04-12 02:43:43 [INFO] Total latency:     127935 ms
2026-04-12 02:43:43 [INFO] Peak 5GB memory:   6070 MB
2026-04-12 02:43:43 [INFO] Avg  5GB memory:   3689 MB
2026-04-12 02:43:43 [INFO] [147/245] Split [29, 6, 3, 2] | Batch: 64 | Microbatch: 16 | Microbatches: 4
2026-04-12 02:43:43 [INFO] Loading WikiText... (SEQ_LEN=64, BATCH=64)
2026-04-12 02:44:05 [INFO] [Rank 2] Loading weights...
2026-04-12 02:44:06 [INFO] [Rank 3] Loading weights...
2026-04-12 02:44:09 [INFO] [Rank 2] Weights loaded.
2026-04-12 02:44:10 [INFO] [Rank 3] Weights loaded.
2026-04-12 02:44:18 [INFO] [Rank 1] Loading weights...
2026-04-12 02:44:23 [INFO] [Rank 1] Weights loaded.
2026-04-12 02:45:50 [INFO] [Rank 0] Loading weights...
2026-04-12 02:46:05 [INFO] [Rank 0] Weights loaded.
2026-04-12 02:49:48 [INFO] [Rank 2] Finished. Latency: 223739 ms
2026-04-12 02:49:48 [INFO] [Rank 1] Finished. Latency: 223739 ms
2026-04-12 02:49:48 [INFO] [Rank 0] Finished. Latency: 223739 ms
2026-04-12 02:49:49 [INFO] [Rank 3] Finished. Latency: 223754 ms
2026-04-12 02:49:52 [INFO] Total latency:     223739 ms
2026-04-12 02:49:52 [INFO] Peak 5GB memory:   6070 MB
2026-04-12 02:49:52 [INFO] Avg  5GB memory:   3630 MB
2026-04-12 02:49:53 [INFO] [148/245] Split [29, 6, 3, 2] | Batch: 64 | Microbatch: 8 | Microbatches: 8
2026-04-12 02:49:53 [INFO] Loading WikiText... (SEQ_LEN=64, BATCH=64)
2026-04-12 02:49:56 [WARNING] '('Connection broken: IncompleteRead(0 bytes read, 65536 more expected)', IncompleteRead(0 bytes read, 65536 more expected))' thrown while requesting GET https://huggingface.co/datasets/wikitext/resolve/b08601e04326c79dfdd32d625aee71d232d685c3/wikitext-2-raw-v1/test-00000-of-00001.parquet
2026-04-12 02:49:56 [WARNING] Retrying in 1s [Retry 1/5].
2026-04-12 02:49:58 [WARNING] '('Connection broken: IncompleteRead(0 bytes read, 732606 more expected)', IncompleteRead(0 bytes read, 732606 more expected))' thrown while requesting GET https://huggingface.co/datasets/wikitext/resolve/b08601e04326c79dfdd32d625aee71d232d685c3/wikitext-2-raw-v1/test-00000-of-00001.parquet
2026-04-12 02:49:58 [WARNING] Retrying in 1s [Retry 1/5].
2026-04-12 02:50:20 [INFO] [Rank 2] Loading weights...
2026-04-12 02:50:20 [INFO] [Rank 3] Loading weights...
2026-04-12 02:50:23 [INFO] [Rank 2] Weights loaded.
2026-04-12 02:50:24 [INFO] [Rank 3] Weights loaded.
2026-04-12 02:50:32 [INFO] [Rank 1] Loading weights...
2026-04-12 02:50:37 [INFO] [Rank 1] Weights loaded.
2026-04-12 02:52:05 [INFO] [Rank 0] Loading weights...
2026-04-12 02:52:19 [INFO] [Rank 0] Weights loaded.
2026-04-12 02:59:16 [INFO] [Rank 2] Finished. Latency: 416810 ms
2026-04-12 02:59:16 [INFO] [Rank 1] Finished. Latency: 416810 ms
2026-04-12 02:59:16 [INFO] [Rank 0] Finished. Latency: 416810 ms
2026-04-12 02:59:16 [INFO] [Rank 3] Finished. Latency: 416823 ms
2026-04-12 02:59:20 [INFO] Total latency:     416810 ms
2026-04-12 02:59:20 [INFO] Peak 5GB memory:   6070 MB
2026-04-12 02:59:20 [INFO] Avg  5GB memory:   3683 MB
2026-04-12 02:59:20 [INFO] [149/245] Split [29, 6, 3, 2] | Batch: 64 | Microbatch: 4 | Microbatches: 16
2026-04-12 02:59:20 [INFO] Loading WikiText... (SEQ_LEN=64, BATCH=64)
2026-04-12 02:59:24 [WARNING] '('Connection broken: IncompleteRead(0 bytes read, 65536 more expected)', IncompleteRead(0 bytes read, 65536 more expected))' thrown while requesting GET https://huggingface.co/datasets/wikitext/resolve/b08601e04326c79dfdd32d625aee71d232d685c3/wikitext-2-raw-v1/test-00000-of-00001.parquet
2026-04-12 02:59:24 [WARNING] Retrying in 1s [Retry 1/5].
2026-04-12 02:59:45 [INFO] [Rank 2] Loading weights...
2026-04-12 02:59:46 [INFO] [Rank 3] Loading weights...
2026-04-12 02:59:49 [INFO] [Rank 2] Weights loaded.
2026-04-12 02:59:50 [INFO] [Rank 3] Weights loaded.
2026-04-12 02:59:57 [INFO] [Rank 1] Loading weights...
2026-04-12 03:00:03 [INFO] [Rank 1] Weights loaded.
2026-04-12 03:01:30 [INFO] [Rank 0] Loading weights...
2026-04-12 03:01:45 [INFO] [Rank 0] Weights loaded.
2026-04-12 03:15:09 [INFO] [Rank 2] Finished. Latency: 803478 ms
2026-04-12 03:15:09 [INFO] [Rank 1] Finished. Latency: 803478 ms
2026-04-12 03:15:09 [INFO] [Rank 0] Finished. Latency: 803478 ms
2026-04-12 03:15:09 [INFO] [Rank 3] Finished. Latency: 803491 ms
2026-04-12 03:15:13 [INFO] Total latency:     803478 ms
2026-04-12 03:15:13 [INFO] Peak 5GB memory:   4790 MB
2026-04-12 03:15:13 [INFO] Avg  5GB memory:   3751 MB
2026-04-12 03:15:13 [INFO] [150/245] Split [29, 6, 3, 2] | Batch: 64 | Microbatch: 2 | Microbatches: 32
2026-04-12 03:15:13 [INFO] Loading WikiText... (SEQ_LEN=64, BATCH=64)
2026-04-12 03:15:35 [INFO] [Rank 2] Loading weights...
2026-04-12 03:15:37 [INFO] [Rank 3] Loading weights...
2026-04-12 03:15:39 [INFO] [Rank 2] Weights loaded.
2026-04-12 03:15:40 [INFO] [Rank 3] Weights loaded.
2026-04-12 03:15:47 [INFO] [Rank 1] Loading weights...
2026-04-12 03:15:52 [INFO] [Rank 1] Weights loaded.
2026-04-12 03:17:20 [INFO] [Rank 0] Loading weights...
2026-04-12 03:17:35 [INFO] [Rank 0] Weights loaded.
2026-04-12 03:43:50 [INFO] [Rank 2] Finished. Latency: 1574496 ms
2026-04-12 03:43:50 [INFO] [Rank 1] Finished. Latency: 1574496 ms
2026-04-12 03:43:50 [INFO] [Rank 0] Finished. Latency: 1574496 ms
2026-04-12 03:43:50 [INFO] [Rank 3] Finished. Latency: 1574510 ms
2026-04-12 03:43:51 [ERROR] Hang detected: ranks still alive after timeout: 0
2026-04-12 03:43:54 [INFO] [151/245] Split [29, 6, 4, 1] | Batch: 64 | Microbatch: 32 | Microbatches: 2
2026-04-12 03:43:54 [INFO] Loading WikiText... (SEQ_LEN=64, BATCH=64)
2026-04-12 03:44:13 [INFO] [Rank 3] Loading weights...
2026-04-12 03:44:17 [INFO] [Rank 3] Weights loaded.
2026-04-12 03:44:20 [INFO] [Rank 2] Loading weights...
2026-04-12 03:44:24 [INFO] [Rank 2] Weights loaded.
2026-04-12 03:44:28 [INFO] [Rank 1] Loading weights...
2026-04-12 03:44:33 [INFO] [Rank 1] Weights loaded.
2026-04-12 03:46:01 [INFO] [Rank 0] Loading weights...
2026-04-12 03:46:16 [INFO] [Rank 0] Weights loaded.
2026-04-12 03:48:24 [INFO] [Rank 2] Finished. Latency: 127931 ms
2026-04-12 03:48:24 [INFO] [Rank 0] Finished. Latency: 127931 ms
2026-04-12 03:48:24 [INFO] [Rank 1] Finished. Latency: 127931 ms
2026-04-12 03:48:24 [INFO] [Rank 3] Finished. Latency: 127943 ms
2026-04-12 03:48:28 [INFO] Total latency:     127931 ms
2026-04-12 03:48:28 [INFO] Peak 5GB memory:   3730 MB
2026-04-12 03:48:28 [INFO] Avg  5GB memory:   2640 MB
2026-04-12 03:48:28 [INFO] [152/245] Split [29, 6, 4, 1] | Batch: 64 | Microbatch: 16 | Microbatches: 4
2026-04-12 03:48:28 [INFO] Loading WikiText... (SEQ_LEN=64, BATCH=64)
2026-04-12 03:48:31 [WARNING] '('Connection broken: IncompleteRead(0 bytes read, 65536 more expected)', IncompleteRead(0 bytes read, 65536 more expected))' thrown while requesting GET https://huggingface.co/datasets/wikitext/resolve/b08601e04326c79dfdd32d625aee71d232d685c3/wikitext-2-raw-v1/test-00000-of-00001.parquet
2026-04-12 03:48:31 [WARNING] Retrying in 1s [Retry 1/5].
2026-04-12 03:48:49 [INFO] [Rank 3] Loading weights...
2026-04-12 03:48:53 [INFO] [Rank 3] Weights loaded.
2026-04-12 03:48:56 [INFO] [Rank 2] Loading weights...
2026-04-12 03:49:00 [INFO] [Rank 2] Weights loaded.
2026-04-12 03:49:04 [INFO] [Rank 1] Loading weights...
2026-04-12 03:49:09 [INFO] [Rank 1] Weights loaded.
2026-04-12 03:50:38 [INFO] [Rank 0] Loading weights...
2026-04-12 03:50:52 [INFO] [Rank 0] Weights loaded.
2026-04-12 03:54:37 [INFO] [Rank 2] Finished. Latency: 223913 ms
2026-04-12 03:54:37 [INFO] [Rank 1] Finished. Latency: 223913 ms
2026-04-12 03:54:37 [INFO] [Rank 0] Finished. Latency: 223913 ms
2026-04-12 03:54:37 [INFO] [Rank 3] Finished. Latency: 223923 ms
2026-04-12 03:54:41 [INFO] Total latency:     223913 ms
2026-04-12 03:54:41 [INFO] Peak 5GB memory:   5010 MB
2026-04-12 03:54:41 [INFO] Avg  5GB memory:   2621 MB
2026-04-12 03:54:41 [INFO] [153/245] Split [29, 6, 4, 1] | Batch: 64 | Microbatch: 8 | Microbatches: 8
2026-04-12 03:54:41 [INFO] Loading WikiText... (SEQ_LEN=64, BATCH=64)
2026-04-12 03:55:00 [INFO] [Rank 3] Loading weights...
2026-04-12 03:55:03 [INFO] [Rank 3] Weights loaded.
2026-04-12 03:55:07 [INFO] [Rank 2] Loading weights...
2026-04-12 03:55:11 [INFO] [Rank 2] Weights loaded.
2026-04-12 03:55:15 [INFO] [Rank 1] Loading weights...
2026-04-12 03:55:21 [INFO] [Rank 1] Weights loaded.
2026-04-12 03:56:48 [INFO] [Rank 0] Loading weights...
2026-04-12 03:57:03 [INFO] [Rank 0] Weights loaded.
2026-04-12 04:04:00 [INFO] [Rank 2] Finished. Latency: 416909 ms
2026-04-12 04:04:00 [INFO] [Rank 1] Finished. Latency: 416909 ms
2026-04-12 04:04:00 [INFO] [Rank 0] Finished. Latency: 416909 ms
2026-04-12 04:04:00 [INFO] [Rank 3] Finished. Latency: 416918 ms
2026-04-12 04:04:04 [INFO] Total latency:     416909 ms
2026-04-12 04:04:04 [INFO] Peak 5GB memory:   5010 MB
2026-04-12 04:04:04 [INFO] Avg  5GB memory:   2580 MB
2026-04-12 04:04:04 [INFO] [154/245] Split [29, 6, 4, 1] | Batch: 64 | Microbatch: 4 | Microbatches: 16
2026-04-12 04:04:04 [INFO] Loading WikiText... (SEQ_LEN=64, BATCH=64)
2026-04-12 04:04:23 [INFO] [Rank 3] Loading weights...
2026-04-12 04:04:26 [INFO] [Rank 3] Weights loaded.
2026-04-12 04:04:30 [INFO] [Rank 2] Loading weights...
2026-04-12 04:04:34 [INFO] [Rank 2] Weights loaded.
2026-04-12 04:04:38 [INFO] [Rank 1] Loading weights...
2026-04-12 04:04:43 [INFO] [Rank 1] Weights loaded.
2026-04-12 04:06:11 [INFO] [Rank 0] Loading weights...
2026-04-12 04:06:26 [INFO] [Rank 0] Weights loaded.
2026-04-12 04:19:50 [INFO] [Rank 2] Finished. Latency: 803947 ms
2026-04-12 04:19:50 [INFO] [Rank 1] Finished. Latency: 803947 ms
2026-04-12 04:19:50 [INFO] [Rank 0] Finished. Latency: 803947 ms
2026-04-12 04:19:50 [INFO] [Rank 3] Finished. Latency: 803956 ms
2026-04-12 04:19:54 [INFO] Total latency:     803947 ms
2026-04-12 04:19:54 [INFO] Peak 5GB memory:   5010 MB
2026-04-12 04:19:54 [INFO] Avg  5GB memory:   2612 MB
2026-04-12 04:19:54 [INFO] [155/245] Split [29, 6, 4, 1] | Batch: 64 | Microbatch: 2 | Microbatches: 32
2026-04-12 04:19:54 [INFO] Loading WikiText... (SEQ_LEN=64, BATCH=64)
2026-04-12 04:20:13 [INFO] [Rank 3] Loading weights...
2026-04-12 04:20:16 [INFO] [Rank 3] Weights loaded.
2026-04-12 04:20:20 [INFO] [Rank 2] Loading weights...
2026-04-12 04:20:25 [INFO] [Rank 2] Weights loaded.
2026-04-12 04:20:28 [INFO] [Rank 1] Loading weights...
2026-04-12 04:20:33 [INFO] [Rank 1] Weights loaded.
2026-04-12 04:22:01 [INFO] [Rank 0] Loading weights...
2026-04-12 04:22:15 [INFO] [Rank 0] Weights loaded.
2026-04-12 04:48:30 [INFO] [Rank 2] Finished. Latency: 1574850 ms
2026-04-12 04:48:30 [INFO] [Rank 1] Finished. Latency: 1574850 ms
2026-04-12 04:48:30 [INFO] [Rank 0] Finished. Latency: 1574851 ms
2026-04-12 04:48:30 [INFO] [Rank 3] Finished. Latency: 1574860 ms
2026-04-12 04:48:32 [ERROR] Hang detected: ranks still alive after timeout: 0
2026-04-12 04:48:35 [INFO] [156/245] Split [29, 7, 2, 2] | Batch: 64 | Microbatch: 32 | Microbatches: 2
2026-04-12 04:48:35 [INFO] Loading WikiText... (SEQ_LEN=64, BATCH=64)
2026-04-12 04:48:38 [WARNING] '('Connection broken: IncompleteRead(0 bytes read, 65536 more expected)', IncompleteRead(0 bytes read, 65536 more expected))' thrown while requesting GET https://huggingface.co/datasets/wikitext/resolve/b08601e04326c79dfdd32d625aee71d232d685c3/wikitext-2-raw-v1/test-00000-of-00001.parquet
2026-04-12 04:48:38 [WARNING] Retrying in 1s [Retry 1/5].
2026-04-12 04:48:55 [INFO] [Rank 2] Loading weights...
2026-04-12 04:48:58 [INFO] [Rank 2] Weights loaded.
2026-04-12 04:49:00 [INFO] [Rank 3] Loading weights...
2026-04-12 04:49:04 [INFO] [Rank 3] Weights loaded.
2026-04-12 04:49:14 [INFO] [Rank 1] Loading weights...
2026-04-12 04:49:20 [INFO] [Rank 1] Weights loaded.
2026-04-12 04:50:43 [INFO] [Rank 0] Loading weights...
2026-04-12 04:50:58 [INFO] [Rank 0] Weights loaded.
2026-04-12 04:53:03 [INFO] [Rank 2] Finished. Latency: 124383 ms
2026-04-12 04:53:03 [INFO] [Rank 1] Finished. Latency: 124384 ms
2026-04-12 04:53:03 [INFO] [Rank 0] Finished. Latency: 124384 ms
2026-04-12 04:53:03 [INFO] [Rank 3] Finished. Latency: 124402 ms
2026-04-12 04:53:07 [INFO] Total latency:     124384 ms
2026-04-12 04:53:07 [INFO] Peak 5GB memory:   4790 MB
2026-04-12 04:53:07 [INFO] Avg  5GB memory:   3678 MB
2026-04-12 04:53:07 [INFO] [157/245] Split [29, 7, 2, 2] | Batch: 64 | Microbatch: 16 | Microbatches: 4
2026-04-12 04:53:07 [INFO] Loading WikiText... (SEQ_LEN=64, BATCH=64)
2026-04-12 04:53:25 [INFO] [Rank 2] Loading weights...
2026-04-12 04:53:29 [INFO] [Rank 2] Weights loaded.
2026-04-12 04:53:31 [INFO] [Rank 3] Loading weights...
2026-04-12 04:53:34 [INFO] [Rank 3] Weights loaded.
2026-04-12 04:53:45 [INFO] [Rank 1] Loading weights...
2026-04-12 04:53:51 [INFO] [Rank 1] Weights loaded.
2026-04-12 04:55:14 [INFO] [Rank 0] Loading weights...
2026-04-12 04:55:29 [INFO] [Rank 0] Weights loaded.
2026-04-12 04:59:07 [INFO] [Rank 1] Finished. Latency: 218203 ms
2026-04-12 04:59:07 [INFO] [Rank 2] Finished. Latency: 218203 ms
2026-04-12 04:59:07 [INFO] [Rank 0] Finished. Latency: 218203 ms
2026-04-12 04:59:07 [INFO] [Rank 3] Finished. Latency: 218218 ms
2026-04-12 04:59:12 [INFO] Total latency:     218203 ms
2026-04-12 04:59:12 [INFO] Peak 5GB memory:   6070 MB
2026-04-12 04:59:12 [INFO] Avg  5GB memory:   3619 MB
2026-04-12 04:59:12 [INFO] [158/245] Split [29, 7, 2, 2] | Batch: 64 | Microbatch: 8 | Microbatches: 8
2026-04-12 04:59:12 [INFO] Loading WikiText... (SEQ_LEN=64, BATCH=64)
2026-04-12 04:59:15 [WARNING] '('Connection broken: IncompleteRead(0 bytes read, 65536 more expected)', IncompleteRead(0 bytes read, 65536 more expected))' thrown while requesting GET https://huggingface.co/datasets/wikitext/resolve/b08601e04326c79dfdd32d625aee71d232d685c3/wikitext-2-raw-v1/test-00000-of-00001.parquet
2026-04-12 04:59:15 [WARNING] Retrying in 1s [Retry 1/5].
2026-04-12 04:59:32 [INFO] [Rank 2] Loading weights...
2026-04-12 04:59:35 [INFO] [Rank 2] Weights loaded.
2026-04-12 04:59:37 [INFO] [Rank 3] Loading weights...
2026-04-12 04:59:41 [INFO] [Rank 3] Weights loaded.
2026-04-12 04:59:52 [INFO] [Rank 1] Loading weights...
2026-04-12 04:59:58 [INFO] [Rank 1] Weights loaded.
2026-04-12 05:01:21 [INFO] [Rank 0] Loading weights...
2026-04-12 05:01:35 [INFO] [Rank 0] Weights loaded.
2026-04-12 05:08:22 [INFO] [Rank 2] Finished. Latency: 406382 ms
2026-04-12 05:08:22 [INFO] [Rank 1] Finished. Latency: 406383 ms
2026-04-12 05:08:22 [INFO] [Rank 0] Finished. Latency: 406383 ms
2026-04-12 05:08:22 [INFO] [Rank 3] Finished. Latency: 406396 ms
2026-04-12 05:08:26 [INFO] Total latency:     406383 ms
2026-04-12 05:08:26 [INFO] Peak 5GB memory:   6070 MB
2026-04-12 05:08:26 [INFO] Avg  5GB memory:   3677 MB
2026-04-12 05:08:26 [INFO] [159/245] Split [29, 7, 2, 2] | Batch: 64 | Microbatch: 4 | Microbatches: 16
2026-04-12 05:08:26 [INFO] Loading WikiText... (SEQ_LEN=64, BATCH=64)
2026-04-12 05:08:44 [INFO] [Rank 2] Loading weights...
2026-04-12 05:08:47 [INFO] [Rank 2] Weights loaded.
2026-04-12 05:08:49 [INFO] [Rank 3] Loading weights...
2026-04-12 05:08:53 [INFO] [Rank 3] Weights loaded.
2026-04-12 05:09:04 [INFO] [Rank 1] Loading weights...
2026-04-12 05:09:10 [INFO] [Rank 1] Weights loaded.
2026-04-12 05:10:33 [INFO] [Rank 0] Loading weights...
2026-04-12 05:10:47 [INFO] [Rank 0] Weights loaded.
2026-04-12 05:23:51 [INFO] [Rank 2] Finished. Latency: 783759 ms
2026-04-12 05:23:51 [INFO] [Rank 1] Finished. Latency: 783759 ms
2026-04-12 05:23:51 [INFO] [Rank 0] Finished. Latency: 783759 ms
2026-04-12 05:23:51 [INFO] [Rank 3] Finished. Latency: 783773 ms
2026-04-12 05:23:55 [INFO] Total latency:     783759 ms
2026-04-12 05:23:55 [INFO] Peak 5GB memory:   6070 MB
2026-04-12 05:23:55 [INFO] Avg  5GB memory:   3752 MB
2026-04-12 05:23:56 [INFO] [160/245] Split [29, 7, 2, 2] | Batch: 64 | Microbatch: 2 | Microbatches: 32
2026-04-12 05:23:56 [INFO] Loading WikiText... (SEQ_LEN=64, BATCH=64)
2026-04-12 05:24:14 [INFO] [Rank 2] Loading weights...
2026-04-12 05:24:17 [INFO] [Rank 2] Weights loaded.
2026-04-12 05:24:19 [INFO] [Rank 3] Loading weights...
2026-04-12 05:24:22 [INFO] [Rank 3] Weights loaded.
2026-04-12 05:24:33 [INFO] [Rank 1] Loading weights...
2026-04-12 05:24:39 [INFO] [Rank 1] Weights loaded.
2026-04-12 05:26:02 [INFO] [Rank 0] Loading weights...
2026-04-12 05:26:17 [INFO] [Rank 0] Weights loaded.
2026-04-12 05:51:52 [INFO] [Rank 2] Finished. Latency: 1534520 ms
2026-04-12 05:51:52 [INFO] [Rank 1] Finished. Latency: 1534520 ms
2026-04-12 05:51:52 [INFO] [Rank 0] Finished. Latency: 1534520 ms
2026-04-12 05:51:52 [INFO] [Rank 3] Finished. Latency: 1534533 ms
2026-04-12 05:51:56 [INFO] Total latency:     1534520 ms
2026-04-12 05:51:56 [INFO] Peak 5GB memory:   4790 MB
2026-04-12 05:51:56 [INFO] Avg  5GB memory:   3806 MB
2026-04-12 05:51:56 [INFO] [161/245] Split [29, 7, 3, 1] | Batch: 64 | Microbatch: 32 | Microbatches: 2
2026-04-12 05:51:56 [INFO] Loading WikiText... (SEQ_LEN=64, BATCH=64)
2026-04-12 05:52:14 [INFO] [Rank 3] Loading weights...
2026-04-12 05:52:17 [INFO] [Rank 3] Weights loaded.
2026-04-12 05:52:17 [INFO] [Rank 2] Loading weights...
2026-04-12 05:52:21 [INFO] [Rank 2] Weights loaded.
2026-04-12 05:52:33 [INFO] [Rank 1] Loading weights...
2026-04-12 05:52:39 [INFO] [Rank 1] Weights loaded.
2026-04-12 05:54:03 [INFO] [Rank 0] Loading weights...
2026-04-12 05:54:17 [INFO] [Rank 0] Weights loaded.
2026-04-12 05:56:22 [INFO] [Rank 2] Finished. Latency: 124427 ms
2026-04-12 05:56:22 [INFO] [Rank 1] Finished. Latency: 124428 ms
2026-04-12 05:56:22 [INFO] [Rank 0] Finished. Latency: 124427 ms
2026-04-12 05:56:22 [INFO] [Rank 3] Finished. Latency: 124440 ms
2026-04-12 05:56:26 [INFO] Total latency:     124427 ms
2026-04-12 05:56:26 [INFO] Peak 5GB memory:   3730 MB
2026-04-12 05:56:26 [INFO] Avg  5GB memory:   2638 MB
2026-04-12 05:56:26 [INFO] [162/245] Split [29, 7, 3, 1] | Batch: 64 | Microbatch: 16 | Microbatches: 4
2026-04-12 05:56:26 [INFO] Loading WikiText... (SEQ_LEN=64, BATCH=64)
2026-04-12 05:56:45 [INFO] [Rank 3] Loading weights...
2026-04-12 05:56:48 [INFO] [Rank 2] Loading weights...
2026-04-12 05:56:49 [INFO] [Rank 3] Weights loaded.
2026-04-12 05:56:52 [INFO] [Rank 2] Weights loaded.
2026-04-12 05:57:04 [INFO] [Rank 1] Loading weights...
2026-04-12 05:57:10 [INFO] [Rank 1] Weights loaded.
2026-04-12 05:58:34 [INFO] [Rank 0] Loading weights...
2026-04-12 05:58:48 [INFO] [Rank 0] Weights loaded.
2026-04-12 06:02:27 [INFO] [Rank 1] Finished. Latency: 218142 ms
2026-04-12 06:02:27 [INFO] [Rank 2] Finished. Latency: 218142 ms
2026-04-12 06:02:27 [INFO] [Rank 0] Finished. Latency: 218142 ms
2026-04-12 06:02:27 [INFO] [Rank 3] Finished. Latency: 218152 ms
2026-04-12 06:02:31 [INFO] Total latency:     218142 ms
2026-04-12 06:02:31 [INFO] Peak 5GB memory:   5010 MB
2026-04-12 06:02:31 [INFO] Avg  5GB memory:   2620 MB
2026-04-12 06:02:31 [INFO] [163/245] Split [29, 7, 3, 1] | Batch: 64 | Microbatch: 8 | Microbatches: 8
2026-04-12 06:02:31 [INFO] Loading WikiText... (SEQ_LEN=64, BATCH=64)
2026-04-12 06:02:50 [INFO] [Rank 3] Loading weights...
2026-04-12 06:02:53 [INFO] [Rank 2] Loading weights...
2026-04-12 06:02:53 [INFO] [Rank 3] Weights loaded.
2026-04-12 06:02:56 [INFO] [Rank 2] Weights loaded.
2026-04-12 06:03:09 [INFO] [Rank 1] Loading weights...
2026-04-12 06:03:14 [INFO] [Rank 1] Weights loaded.
2026-04-12 06:04:37 [INFO] [Rank 0] Loading weights...
2026-04-12 06:04:52 [INFO] [Rank 0] Weights loaded.
2026-04-12 06:11:39 [INFO] [Rank 2] Finished. Latency: 406382 ms
2026-04-12 06:11:39 [INFO] [Rank 1] Finished. Latency: 406382 ms
2026-04-12 06:11:39 [INFO] [Rank 0] Finished. Latency: 406382 ms
2026-04-12 06:11:39 [INFO] [Rank 3] Finished. Latency: 406392 ms
2026-04-12 06:11:43 [INFO] Total latency:     406382 ms
2026-04-12 06:11:43 [INFO] Peak 5GB memory:   5010 MB
2026-04-12 06:11:43 [INFO] Avg  5GB memory:   2580 MB
2026-04-12 06:11:43 [INFO] [164/245] Split [29, 7, 3, 1] | Batch: 64 | Microbatch: 4 | Microbatches: 16
2026-04-12 06:11:43 [INFO] Loading WikiText... (SEQ_LEN=64, BATCH=64)
2026-04-12 06:12:01 [INFO] [Rank 3] Loading weights...
2026-04-12 06:12:05 [INFO] [Rank 2] Loading weights...
2026-04-12 06:12:05 [INFO] [Rank 3] Weights loaded.
2026-04-12 06:12:08 [INFO] [Rank 2] Weights loaded.
2026-04-12 06:12:21 [INFO] [Rank 1] Loading weights...
2026-04-12 06:12:26 [INFO] [Rank 1] Weights loaded.
2026-04-12 06:13:50 [INFO] [Rank 0] Loading weights...
2026-04-12 06:14:05 [INFO] [Rank 0] Weights loaded.
2026-04-12 06:27:08 [INFO] [Rank 1] Finished. Latency: 783420 ms
2026-04-12 06:27:08 [INFO] [Rank 2] Finished. Latency: 783420 ms
2026-04-12 06:27:08 [INFO] [Rank 0] Finished. Latency: 783420 ms
2026-04-12 06:27:08 [INFO] [Rank 3] Finished. Latency: 783429 ms
2026-04-12 06:27:12 [INFO] Total latency:     783420 ms
2026-04-12 06:27:12 [INFO] Peak 5GB memory:   5010 MB
2026-04-12 06:27:12 [INFO] Avg  5GB memory:   2610 MB
2026-04-12 06:27:12 [INFO] [165/245] Split [29, 7, 3, 1] | Batch: 64 | Microbatch: 2 | Microbatches: 32
2026-04-12 06:27:12 [INFO] Loading WikiText... (SEQ_LEN=64, BATCH=64)
2026-04-12 06:27:32 [INFO] [Rank 3] Loading weights...
2026-04-12 06:27:35 [INFO] [Rank 3] Weights loaded.
2026-04-12 06:27:35 [INFO] [Rank 2] Loading weights...
2026-04-12 06:27:38 [INFO] [Rank 2] Weights loaded.
2026-04-12 06:27:51 [INFO] [Rank 1] Loading weights...
2026-04-12 06:27:56 [INFO] [Rank 1] Weights loaded.
2026-04-12 06:29:19 [INFO] [Rank 0] Loading weights...
2026-04-12 06:29:34 [INFO] [Rank 0] Weights loaded.
2026-04-12 06:55:10 [INFO] [Rank 1] Finished. Latency: 1535606 ms
2026-04-12 06:55:10 [INFO] [Rank 2] Finished. Latency: 1535606 ms
2026-04-12 06:55:10 [INFO] [Rank 0] Finished. Latency: 1535606 ms
2026-04-12 06:55:10 [INFO] [Rank 3] Finished. Latency: 1535615 ms
2026-04-12 06:55:14 [INFO] Total latency:     1535606 ms
2026-04-12 06:55:14 [INFO] Peak 5GB memory:   5010 MB
2026-04-12 06:55:14 [INFO] Avg  5GB memory:   2641 MB
2026-04-12 06:55:14 [INFO] [166/245] Split [29, 7, 4, 0] | Batch: 64 | Microbatch: 32 | Microbatches: 2
2026-04-12 06:55:14 [INFO] Loading WikiText... (SEQ_LEN=64, BATCH=64)
2026-04-12 06:55:17 [WARNING] '('Connection broken: IncompleteRead(0 bytes read, 732606 more expected)', IncompleteRead(0 bytes read, 732606 more expected))' thrown while requesting GET https://huggingface.co/datasets/wikitext/resolve/b08601e04326c79dfdd32d625aee71d232d685c3/wikitext-2-raw-v1/test-00000-of-00001.parquet
2026-04-12 06:55:17 [WARNING] Retrying in 1s [Retry 1/5].
2026-04-12 06:55:31 [INFO] [Rank 3] Loading weights...
2026-04-12 06:55:34 [INFO] [Rank 3] Weights loaded.
2026-04-12 06:55:42 [INFO] [Rank 2] Loading weights...
2026-04-12 06:55:46 [INFO] [Rank 2] Weights loaded.
2026-04-12 06:55:54 [INFO] [Rank 1] Loading weights...
2026-04-12 06:56:00 [INFO] [Rank 1] Weights loaded.
2026-04-12 06:57:23 [INFO] [Rank 0] Loading weights...
2026-04-12 06:57:38 [INFO] [Rank 0] Weights loaded.
2026-04-12 06:59:42 [INFO] [Rank 2] Finished. Latency: 124409 ms
2026-04-12 06:59:42 [INFO] [Rank 1] Finished. Latency: 124409 ms
2026-04-12 06:59:42 [INFO] [Rank 0] Finished. Latency: 124409 ms
2026-04-12 06:59:42 [INFO] [Rank 3] Finished. Latency: 124415 ms
2026-04-12 06:59:46 [INFO] Total latency:     124409 ms
2026-04-12 06:59:46 [INFO] Peak 5GB memory:   3950 MB
2026-04-12 06:59:46 [INFO] Avg  5GB memory:   1450 MB
2026-04-12 06:59:46 [INFO] [167/245] Split [29, 7, 4, 0] | Batch: 64 | Microbatch: 16 | Microbatches: 4
2026-04-12 06:59:46 [INFO] Loading WikiText... (SEQ_LEN=64, BATCH=64)
2026-04-12 07:00:01 [INFO] [Rank 3] Loading weights...
2026-04-12 07:00:04 [INFO] [Rank 3] Weights loaded.
2026-04-12 07:00:12 [INFO] [Rank 2] Loading weights...
2026-04-12 07:00:16 [INFO] [Rank 2] Weights loaded.
2026-04-12 07:00:24 [INFO] [Rank 1] Loading weights...
2026-04-12 07:00:30 [INFO] [Rank 1] Weights loaded.
2026-04-12 07:01:53 [INFO] [Rank 0] Loading weights...
2026-04-12 07:02:08 [INFO] [Rank 0] Weights loaded.
2026-04-12 07:05:46 [INFO] [Rank 1] Finished. Latency: 218070 ms
2026-04-12 07:05:46 [INFO] [Rank 2] Finished. Latency: 218070 ms
2026-04-12 07:05:46 [INFO] [Rank 0] Finished. Latency: 218070 ms
2026-04-12 07:05:46 [INFO] [Rank 3] Finished. Latency: 218075 ms
2026-04-12 07:05:50 [INFO] Total latency:     218070 ms
2026-04-12 07:05:50 [INFO] Peak 5GB memory:   2670 MB
2026-04-12 07:05:50 [INFO] Avg  5GB memory:   1437 MB
2026-04-12 07:05:50 [INFO] [168/245] Split [29, 7, 4, 0] | Batch: 64 | Microbatch: 8 | Microbatches: 8
2026-04-12 07:05:50 [INFO] Loading WikiText... (SEQ_LEN=64, BATCH=64)
2026-04-12 07:06:05 [INFO] [Rank 3] Loading weights...
2026-04-12 07:06:08 [INFO] [Rank 3] Weights loaded.
2026-04-12 07:06:16 [INFO] [Rank 2] Loading weights...
2026-04-12 07:06:21 [INFO] [Rank 2] Weights loaded.
2026-04-12 07:06:29 [INFO] [Rank 1] Loading weights...
2026-04-12 07:06:34 [INFO] [Rank 1] Weights loaded.
2026-04-12 07:07:57 [INFO] [Rank 0] Loading weights...
2026-04-12 07:08:12 [INFO] [Rank 0] Weights loaded.
2026-04-12 07:14:58 [INFO] [Rank 2] Finished. Latency: 406279 ms
2026-04-12 07:14:58 [INFO] [Rank 1] Finished. Latency: 406279 ms
2026-04-12 07:14:58 [INFO] [Rank 0] Finished. Latency: 406279 ms
2026-04-12 07:14:58 [INFO] [Rank 3] Finished. Latency: 406285 ms
2026-04-12 07:15:02 [INFO] Total latency:     406279 ms
2026-04-12 07:15:02 [INFO] Peak 5GB memory:   3950 MB
2026-04-12 07:15:02 [INFO] Avg  5GB memory:   1443 MB
2026-04-12 07:15:02 [INFO] [169/245] Split [29, 7, 4, 0] | Batch: 64 | Microbatch: 4 | Microbatches: 16
2026-04-12 07:15:02 [INFO] Loading WikiText... (SEQ_LEN=64, BATCH=64)
2026-04-12 07:15:17 [INFO] [Rank 3] Loading weights...
2026-04-12 07:15:20 [INFO] [Rank 3] Weights loaded.
2026-04-12 07:15:28 [INFO] [Rank 2] Loading weights...
2026-04-12 07:15:33 [INFO] [Rank 2] Weights loaded.
2026-04-12 07:15:40 [INFO] [Rank 1] Loading weights...
2026-04-12 07:15:46 [INFO] [Rank 1] Weights loaded.
2026-04-12 07:17:12 [INFO] [Rank 0] Loading weights...
2026-04-12 07:17:27 [INFO] [Rank 0] Weights loaded.
2026-04-12 07:30:30 [INFO] [Rank 1] Finished. Latency: 782538 ms
2026-04-12 07:30:30 [INFO] [Rank 2] Finished. Latency: 782538 ms
2026-04-12 07:30:30 [INFO] [Rank 0] Finished. Latency: 782538 ms
2026-04-12 07:30:30 [INFO] [Rank 3] Finished. Latency: 782543 ms
2026-04-12 07:30:34 [INFO] Total latency:     782538 ms
2026-04-12 07:30:34 [INFO] Peak 5GB memory:   3950 MB
2026-04-12 07:30:34 [INFO] Avg  5GB memory:   1463 MB
2026-04-12 07:30:34 [INFO] [170/245] Split [29, 7, 4, 0] | Batch: 64 | Microbatch: 2 | Microbatches: 32
2026-04-12 07:30:34 [INFO] Loading WikiText... (SEQ_LEN=64, BATCH=64)
2026-04-12 07:30:37 [WARNING] '('Connection broken: IncompleteRead(0 bytes read, 65536 more expected)', IncompleteRead(0 bytes read, 65536 more expected))' thrown while requesting GET https://huggingface.co/datasets/wikitext/resolve/b08601e04326c79dfdd32d625aee71d232d685c3/wikitext-2-raw-v1/test-00000-of-00001.parquet
2026-04-12 07:30:37 [WARNING] Retrying in 1s [Retry 1/5].
2026-04-12 07:30:51 [INFO] [Rank 3] Loading weights...
2026-04-12 07:30:54 [INFO] [Rank 3] Weights loaded.
2026-04-12 07:31:02 [INFO] [Rank 2] Loading weights...
2026-04-12 07:31:06 [INFO] [Rank 2] Weights loaded.
2026-04-12 07:31:14 [INFO] [Rank 1] Loading weights...
2026-04-12 07:31:20 [INFO] [Rank 1] Weights loaded.
2026-04-12 07:32:43 [INFO] [Rank 0] Loading weights...
2026-04-12 07:32:58 [INFO] [Rank 0] Weights loaded.
2026-04-12 07:58:31 [INFO] [Rank 2] Finished. Latency: 1533212 ms
2026-04-12 07:58:31 [INFO] [Rank 1] Finished. Latency: 1533212 ms
2026-04-12 07:58:31 [INFO] [Rank 0] Finished. Latency: 1533212 ms
2026-04-12 07:58:31 [INFO] [Rank 3] Finished. Latency: 1533218 ms
2026-04-12 07:58:35 [INFO] Total latency:     1533212 ms
2026-04-12 07:58:35 [INFO] Peak 5GB memory:   3950 MB
2026-04-12 07:58:35 [INFO] Avg  5GB memory:   1455 MB
2026-04-12 07:58:35 [INFO] [171/245] Split [29, 8, 2, 1] | Batch: 64 | Microbatch: 32 | Microbatches: 2
2026-04-12 07:58:35 [INFO] Loading WikiText... (SEQ_LEN=64, BATCH=64)
2026-04-12 07:58:54 [INFO] [Rank 2] Loading weights...
2026-04-12 07:58:55 [INFO] [Rank 3] Loading weights...
2026-04-12 07:58:57 [INFO] [Rank 2] Weights loaded.
2026-04-12 07:58:58 [INFO] [Rank 3] Weights loaded.
2026-04-12 07:59:17 [INFO] [Rank 1] Loading weights...
2026-04-12 07:59:23 [INFO] [Rank 1] Weights loaded.
2026-04-12 08:00:42 [INFO] [Rank 0] Loading weights...
2026-04-12 08:00:57 [INFO] [Rank 0] Weights loaded.
2026-04-12 08:02:58 [INFO] [Rank 2] Finished. Latency: 121020 ms
2026-04-12 08:02:58 [INFO] [Rank 1] Finished. Latency: 121020 ms
2026-04-12 08:02:58 [INFO] [Rank 0] Finished. Latency: 121020 ms
2026-04-12 08:02:58 [INFO] [Rank 3] Finished. Latency: 121032 ms
2026-04-12 08:03:02 [INFO] Total latency:     121020 ms
2026-04-12 08:03:02 [INFO] Peak 5GB memory:   5010 MB
2026-04-12 08:03:02 [INFO] Avg  5GB memory:   2631 MB
2026-04-12 08:03:02 [INFO] [172/245] Split [29, 8, 2, 1] | Batch: 64 | Microbatch: 16 | Microbatches: 4
2026-04-12 08:03:02 [INFO] Loading WikiText... (SEQ_LEN=64, BATCH=64)
2026-04-12 08:03:20 [INFO] [Rank 2] Loading weights...
2026-04-12 08:03:21 [INFO] [Rank 3] Loading weights...
2026-04-12 08:03:24 [INFO] [Rank 2] Weights loaded.
2026-04-12 08:03:25 [INFO] [Rank 3] Weights loaded.
2026-04-12 08:03:44 [INFO] [Rank 1] Loading weights...
2026-04-12 08:03:50 [INFO] [Rank 1] Weights loaded.
2026-04-12 08:05:09 [INFO] [Rank 0] Loading weights...
2026-04-12 08:05:24 [INFO] [Rank 0] Weights loaded.
2026-04-12 08:08:57 [INFO] [Rank 2] Finished. Latency: 212534 ms
2026-04-12 08:08:57 [INFO] [Rank 1] Finished. Latency: 212534 ms
2026-04-12 08:08:57 [INFO] [Rank 0] Finished. Latency: 212534 ms
2026-04-12 08:08:57 [INFO] [Rank 3] Finished. Latency: 212544 ms
2026-04-12 08:09:01 [INFO] Total latency:     212534 ms
2026-04-12 08:09:01 [INFO] Peak 5GB memory:   5010 MB
2026-04-12 08:09:01 [INFO] Avg  5GB memory:   2617 MB
2026-04-12 08:09:01 [INFO] [173/245] Split [29, 8, 2, 1] | Batch: 64 | Microbatch: 8 | Microbatches: 8
2026-04-12 08:09:01 [INFO] Loading WikiText... (SEQ_LEN=64, BATCH=64)
2026-04-12 08:09:19 [INFO] [Rank 2] Loading weights...
2026-04-12 08:09:20 [INFO] [Rank 3] Loading weights...
2026-04-12 08:09:22 [INFO] [Rank 2] Weights loaded.
2026-04-12 08:09:23 [INFO] [Rank 3] Weights loaded.
2026-04-12 08:09:42 [INFO] [Rank 1] Loading weights...
2026-04-12 08:09:48 [INFO] [Rank 1] Weights loaded.
2026-04-12 08:11:08 [INFO] [Rank 0] Loading weights...
2026-04-12 08:11:22 [INFO] [Rank 0] Weights loaded.
2026-04-12 08:17:58 [INFO] [Rank 1] Finished. Latency: 395808 ms
2026-04-12 08:17:58 [INFO] [Rank 2] Finished. Latency: 395807 ms
2026-04-12 08:17:58 [INFO] [Rank 0] Finished. Latency: 395808 ms
2026-04-12 08:17:58 [INFO] [Rank 3] Finished. Latency: 395817 ms
2026-04-12 08:18:02 [INFO] Total latency:     395808 ms
2026-04-12 08:18:02 [INFO] Peak 5GB memory:   5010 MB
2026-04-12 08:18:02 [INFO] Avg  5GB memory:   2576 MB
2026-04-12 08:18:02 [INFO] [174/245] Split [29, 8, 2, 1] | Batch: 64 | Microbatch: 4 | Microbatches: 16
2026-04-12 08:18:02 [INFO] Loading WikiText... (SEQ_LEN=64, BATCH=64)
2026-04-12 08:18:20 [INFO] [Rank 2] Loading weights...
2026-04-12 08:18:21 [INFO] [Rank 3] Loading weights...
2026-04-12 08:18:23 [INFO] [Rank 2] Weights loaded.
2026-04-12 08:18:24 [INFO] [Rank 3] Weights loaded.
2026-04-12 08:18:44 [INFO] [Rank 1] Loading weights...
2026-04-12 08:18:50 [INFO] [Rank 1] Weights loaded.
2026-04-12 08:20:09 [INFO] [Rank 0] Loading weights...
2026-04-12 08:20:23 [INFO] [Rank 0] Weights loaded.
2026-04-12 08:33:07 [INFO] [Rank 2] Finished. Latency: 762954 ms
2026-04-12 08:33:07 [INFO] [Rank 1] Finished. Latency: 762954 ms
2026-04-12 08:33:07 [INFO] [Rank 0] Finished. Latency: 762954 ms
2026-04-12 08:33:07 [INFO] [Rank 3] Finished. Latency: 762964 ms
2026-04-12 08:33:11 [INFO] Total latency:     762954 ms
2026-04-12 08:33:11 [INFO] Peak 5GB memory:   5010 MB
2026-04-12 08:33:11 [INFO] Avg  5GB memory:   2607 MB
2026-04-12 08:33:11 [INFO] [175/245] Split [29, 8, 2, 1] | Batch: 64 | Microbatch: 2 | Microbatches: 32
2026-04-12 08:33:11 [INFO] Loading WikiText... (SEQ_LEN=64, BATCH=64)
2026-04-12 08:33:31 [INFO] [Rank 2] Loading weights...
2026-04-12 08:33:32 [INFO] [Rank 3] Loading weights...
2026-04-12 08:33:34 [INFO] [Rank 2] Weights loaded.
2026-04-12 08:33:35 [INFO] [Rank 3] Weights loaded.
2026-04-12 08:33:54 [INFO] [Rank 1] Loading weights...
2026-04-12 08:34:00 [INFO] [Rank 1] Weights loaded.
2026-04-12 08:35:19 [INFO] [Rank 0] Loading weights...
2026-04-12 08:35:34 [INFO] [Rank 0] Weights loaded.
2026-04-12 09:00:30 [INFO] [Rank 2] Finished. Latency: 1496244 ms
2026-04-12 09:00:30 [INFO] [Rank 1] Finished. Latency: 1496244 ms
2026-04-12 09:00:30 [INFO] [Rank 0] Finished. Latency: 1496244 ms
2026-04-12 09:00:30 [INFO] [Rank 3] Finished. Latency: 1496253 ms
2026-04-12 09:00:34 [INFO] Total latency:     1496244 ms
2026-04-12 09:00:34 [INFO] Peak 5GB memory:   5010 MB
2026-04-12 09:00:34 [INFO] Avg  5GB memory:   2640 MB
2026-04-12 09:00:35 [INFO] [176/245] Split [29, 8, 3, 0] | Batch: 64 | Microbatch: 32 | Microbatches: 2
2026-04-12 09:00:35 [INFO] Loading WikiText... (SEQ_LEN=64, BATCH=64)
2026-04-12 09:00:50 [INFO] [Rank 3] Loading weights...
2026-04-12 09:00:52 [INFO] [Rank 3] Weights loaded.
2026-04-12 09:00:57 [INFO] [Rank 2] Loading weights...
2026-04-12 09:01:00 [INFO] [Rank 2] Weights loaded.
2026-04-12 09:01:16 [INFO] [Rank 1] Loading weights...
2026-04-12 09:01:23 [INFO] [Rank 1] Weights loaded.
2026-04-12 09:02:41 [INFO] [Rank 0] Loading weights...
2026-04-12 09:02:56 [INFO] [Rank 0] Weights loaded.
2026-04-12 09:04:57 [INFO] [Rank 2] Finished. Latency: 120967 ms
2026-04-12 09:04:57 [INFO] [Rank 1] Finished. Latency: 120967 ms
2026-04-12 09:04:57 [INFO] [Rank 0] Finished. Latency: 120967 ms
2026-04-12 09:04:57 [INFO] [Rank 3] Finished. Latency: 120973 ms
2026-04-12 09:05:01 [INFO] Total latency:     120967 ms
2026-04-12 09:05:01 [INFO] Peak 5GB memory:   2670 MB
2026-04-12 09:05:01 [INFO] Avg  5GB memory:   1446 MB
2026-04-12 09:05:01 [INFO] [177/245] Split [29, 8, 3, 0] | Batch: 64 | Microbatch: 16 | Microbatches: 4
2026-04-12 09:05:01 [INFO] Loading WikiText... (SEQ_LEN=64, BATCH=64)
2026-04-12 09:05:16 [INFO] [Rank 3] Loading weights...
2026-04-12 09:05:19 [INFO] [Rank 3] Weights loaded.
2026-04-12 09:05:23 [INFO] [Rank 2] Loading weights...
2026-04-12 09:05:27 [INFO] [Rank 2] Weights loaded.
2026-04-12 09:05:43 [INFO] [Rank 1] Loading weights...
2026-04-12 09:05:49 [INFO] [Rank 1] Weights loaded.
2026-04-12 09:07:08 [INFO] [Rank 0] Loading weights...
2026-04-12 09:07:23 [INFO] [Rank 0] Weights loaded.
2026-04-12 09:10:56 [INFO] [Rank 2] Finished. Latency: 212341 ms
2026-04-12 09:10:56 [INFO] [Rank 1] Finished. Latency: 212341 ms
2026-04-12 09:10:56 [INFO] [Rank 0] Finished. Latency: 212341 ms
2026-04-12 09:10:56 [INFO] [Rank 3] Finished. Latency: 212346 ms
2026-04-12 09:11:00 [INFO] Total latency:     212341 ms
2026-04-12 09:11:00 [INFO] Peak 5GB memory:   3950 MB
2026-04-12 09:11:00 [INFO] Avg  5GB memory:   1439 MB
2026-04-12 09:11:00 [INFO] [178/245] Split [29, 8, 3, 0] | Batch: 64 | Microbatch: 8 | Microbatches: 8
2026-04-12 09:11:00 [INFO] Loading WikiText... (SEQ_LEN=64, BATCH=64)
2026-04-12 09:11:15 [INFO] [Rank 3] Loading weights...
2026-04-12 09:11:17 [INFO] [Rank 3] Weights loaded.
2026-04-12 09:11:22 [INFO] [Rank 2] Loading weights...
2026-04-12 09:11:25 [INFO] [Rank 2] Weights loaded.
2026-04-12 09:11:41 [INFO] [Rank 1] Loading weights...
2026-04-12 09:11:47 [INFO] [Rank 1] Weights loaded.
2026-04-12 09:13:07 [INFO] [Rank 0] Loading weights...
2026-04-12 09:13:21 [INFO] [Rank 0] Weights loaded.
2026-04-12 09:19:57 [INFO] [Rank 1] Finished. Latency: 395545 ms
2026-04-12 09:19:57 [INFO] [Rank 2] Finished. Latency: 395545 ms
2026-04-12 09:19:57 [INFO] [Rank 0] Finished. Latency: 395545 ms
2026-04-12 09:19:57 [INFO] [Rank 3] Finished. Latency: 395550 ms
2026-04-12 09:20:01 [INFO] Total latency:     395545 ms
2026-04-12 09:20:01 [INFO] Peak 5GB memory:   3950 MB
2026-04-12 09:20:01 [INFO] Avg  5GB memory:   1442 MB
2026-04-12 09:20:01 [INFO] [179/245] Split [29, 8, 3, 0] | Batch: 64 | Microbatch: 4 | Microbatches: 16
2026-04-12 09:20:01 [INFO] Loading WikiText... (SEQ_LEN=64, BATCH=64)
2026-04-12 09:20:16 [INFO] [Rank 3] Loading weights...
2026-04-12 09:20:19 [INFO] [Rank 3] Weights loaded.
2026-04-12 09:20:24 [INFO] [Rank 2] Loading weights...
2026-04-12 09:20:27 [INFO] [Rank 2] Weights loaded.
2026-04-12 09:20:43 [INFO] [Rank 1] Loading weights...
2026-04-12 09:20:49 [INFO] [Rank 1] Weights loaded.
2026-04-12 09:22:09 [INFO] [Rank 0] Loading weights...
2026-04-12 09:22:23 [INFO] [Rank 0] Weights loaded.
2026-04-12 09:35:07 [INFO] [Rank 2] Finished. Latency: 763080 ms
2026-04-12 09:35:07 [INFO] [Rank 1] Finished. Latency: 763080 ms
2026-04-12 09:35:07 [INFO] [Rank 0] Finished. Latency: 763080 ms
2026-04-12 09:35:07 [INFO] [Rank 3] Finished. Latency: 763085 ms
2026-04-12 09:35:11 [INFO] Total latency:     763080 ms
2026-04-12 09:35:11 [INFO] Peak 5GB memory:   3950 MB
2026-04-12 09:35:11 [INFO] Avg  5GB memory:   1462 MB
2026-04-12 09:35:11 [INFO] [180/245] Split [29, 8, 3, 0] | Batch: 64 | Microbatch: 2 | Microbatches: 32
2026-04-12 09:35:11 [INFO] Loading WikiText... (SEQ_LEN=64, BATCH=64)
2026-04-12 09:35:25 [INFO] [Rank 3] Loading weights...
2026-04-12 09:35:28 [INFO] [Rank 3] Weights loaded.
2026-04-12 09:35:32 [INFO] [Rank 2] Loading weights...
2026-04-12 09:35:36 [INFO] [Rank 2] Weights loaded.
2026-04-12 09:35:52 [INFO] [Rank 1] Loading weights...
2026-04-12 09:35:58 [INFO] [Rank 1] Weights loaded.
2026-04-12 09:37:17 [INFO] [Rank 0] Loading weights...
2026-04-12 09:37:32 [INFO] [Rank 0] Weights loaded.
2026-04-12 10:02:26 [INFO] [Rank 2] Finished. Latency: 1494036 ms
2026-04-12 10:02:26 [INFO] [Rank 1] Finished. Latency: 1494036 ms
2026-04-12 10:02:26 [INFO] [Rank 0] Finished. Latency: 1494036 ms
2026-04-12 10:02:26 [INFO] [Rank 3] Finished. Latency: 1494042 ms
2026-04-12 10:02:30 [INFO] Total latency:     1494036 ms
2026-04-12 10:02:30 [INFO] Peak 5GB memory:   2670 MB
2026-04-12 10:02:30 [INFO] Avg  5GB memory:   1453 MB
2026-04-12 10:02:30 [INFO] [181/245] Split [29, 9, 1, 1] | Batch: 64 | Microbatch: 32 | Microbatches: 2
2026-04-12 10:02:30 [INFO] Loading WikiText... (SEQ_LEN=64, BATCH=64)
2026-04-12 10:02:33 [WARNING] '('Connection broken: IncompleteRead(0 bytes read, 65536 more expected)', IncompleteRead(0 bytes read, 65536 more expected))' thrown while requesting GET https://huggingface.co/datasets/wikitext/resolve/b08601e04326c79dfdd32d625aee71d232d685c3/wikitext-2-raw-v1/test-00000-of-00001.parquet
2026-04-12 10:02:33 [WARNING] Retrying in 1s [Retry 1/5].
2026-04-12 10:02:46 [INFO] [Rank 2] Loading weights...
2026-04-12 10:02:49 [INFO] [Rank 2] Weights loaded.
2026-04-12 10:02:51 [INFO] [Rank 3] Loading weights...
2026-04-12 10:02:54 [INFO] [Rank 3] Weights loaded.
2026-04-12 10:03:18 [INFO] [Rank 1] Loading weights...
2026-04-12 10:03:24 [INFO] [Rank 1] Weights loaded.
2026-04-12 10:04:39 [INFO] [Rank 0] Loading weights...
2026-04-12 10:04:54 [INFO] [Rank 0] Weights loaded.
2026-04-12 10:06:52 [INFO] [Rank 2] Finished. Latency: 117633 ms
2026-04-12 10:06:52 [INFO] [Rank 1] Finished. Latency: 117633 ms
2026-04-12 10:06:52 [INFO] [Rank 0] Finished. Latency: 117633 ms
2026-04-12 10:06:52 [INFO] [Rank 3] Finished. Latency: 117646 ms
2026-04-12 10:06:56 [INFO] Total latency:     117633 ms
2026-04-12 10:06:56 [INFO] Peak 5GB memory:   5010 MB
2026-04-12 10:06:56 [INFO] Avg  5GB memory:   2631 MB
2026-04-12 10:06:56 [INFO] [182/245] Split [29, 9, 1, 1] | Batch: 64 | Microbatch: 16 | Microbatches: 4
2026-04-12 10:06:56 [INFO] Loading WikiText... (SEQ_LEN=64, BATCH=64)
2026-04-12 10:06:59 [WARNING] '('Connection broken: IncompleteRead(0 bytes read, 732606 more expected)', IncompleteRead(0 bytes read, 732606 more expected))' thrown while requesting GET https://huggingface.co/datasets/wikitext/resolve/b08601e04326c79dfdd32d625aee71d232d685c3/wikitext-2-raw-v1/test-00000-of-00001.parquet
2026-04-12 10:06:59 [WARNING] Retrying in 1s [Retry 1/5].
2026-04-12 10:07:12 [INFO] [Rank 2] Loading weights...
2026-04-12 10:07:14 [INFO] [Rank 2] Weights loaded.
2026-04-12 10:07:17 [INFO] [Rank 3] Loading weights...
2026-04-12 10:07:20 [INFO] [Rank 3] Weights loaded.
2026-04-12 10:07:43 [INFO] [Rank 1] Loading weights...
2026-04-12 10:07:50 [INFO] [Rank 1] Weights loaded.
2026-04-12 10:09:04 [INFO] [Rank 0] Loading weights...
2026-04-12 10:09:19 [INFO] [Rank 0] Weights loaded.
2026-04-12 10:12:46 [INFO] [Rank 2] Finished. Latency: 206903 ms
2026-04-12 10:12:46 [INFO] [Rank 1] Finished. Latency: 206903 ms
2026-04-12 10:12:46 [INFO] [Rank 0] Finished. Latency: 206903 ms
2026-04-12 10:12:46 [INFO] [Rank 3] Finished. Latency: 206913 ms
2026-04-12 10:12:50 [INFO] Total latency:     206903 ms
2026-04-12 10:12:50 [INFO] Peak 5GB memory:   5010 MB
2026-04-12 10:12:50 [INFO] Avg  5GB memory:   2618 MB
2026-04-12 10:12:50 [INFO] [183/245] Split [29, 9, 1, 1] | Batch: 64 | Microbatch: 8 | Microbatches: 8
2026-04-12 10:12:50 [INFO] Loading WikiText... (SEQ_LEN=64, BATCH=64)
2026-04-12 10:13:04 [INFO] [Rank 2] Loading weights...
2026-04-12 10:13:06 [INFO] [Rank 2] Weights loaded.
2026-04-12 10:13:09 [INFO] [Rank 3] Loading weights...
2026-04-12 10:13:12 [INFO] [Rank 3] Weights loaded.
2026-04-12 10:13:35 [INFO] [Rank 1] Loading weights...
2026-04-12 10:13:42 [INFO] [Rank 1] Weights loaded.
2026-04-12 10:14:57 [INFO] [Rank 0] Loading weights...
2026-04-12 10:15:11 [INFO] [Rank 0] Weights loaded.
2026-04-12 10:21:37 [INFO] [Rank 2] Finished. Latency: 385241 ms
2026-04-12 10:21:37 [INFO] [Rank 1] Finished. Latency: 385241 ms
2026-04-12 10:21:37 [INFO] [Rank 0] Finished. Latency: 385241 ms
2026-04-12 10:21:37 [INFO] [Rank 3] Finished. Latency: 385250 ms
2026-04-12 10:21:41 [INFO] Total latency:     385241 ms
2026-04-12 10:21:41 [INFO] Peak 5GB memory:   5010 MB
2026-04-12 10:21:41 [INFO] Avg  5GB memory:   2574 MB
2026-04-12 10:21:41 [INFO] [184/245] Split [29, 9, 1, 1] | Batch: 64 | Microbatch: 4 | Microbatches: 16
2026-04-12 10:21:41 [INFO] Loading WikiText... (SEQ_LEN=64, BATCH=64)
2026-04-12 10:21:55 [INFO] [Rank 2] Loading weights...
2026-04-12 10:21:57 [INFO] [Rank 2] Weights loaded.
2026-04-12 10:21:59 [INFO] [Rank 3] Loading weights...
2026-04-12 10:22:03 [INFO] [Rank 3] Weights loaded.
2026-04-12 10:22:26 [INFO] [Rank 1] Loading weights...
2026-04-12 10:22:32 [INFO] [Rank 1] Weights loaded.
2026-04-12 10:23:48 [INFO] [Rank 0] Loading weights...
2026-04-12 10:24:03 [INFO] [Rank 0] Weights loaded.
2026-04-12 10:36:26 [INFO] [Rank 1] Finished. Latency: 742683 ms
2026-04-12 10:36:26 [INFO] [Rank 2] Finished. Latency: 742683 ms
2026-04-12 10:36:26 [INFO] [Rank 0] Finished. Latency: 742683 ms
2026-04-12 10:36:26 [INFO] [Rank 3] Finished. Latency: 742692 ms
2026-04-12 10:36:30 [INFO] Total latency:     742683 ms
2026-04-12 10:36:30 [INFO] Peak 5GB memory:   5010 MB
2026-04-12 10:36:30 [INFO] Avg  5GB memory:   2607 MB
2026-04-12 10:36:30 [INFO] [185/245] Split [29, 9, 1, 1] | Batch: 64 | Microbatch: 2 | Microbatches: 32
2026-04-12 10:36:30 [INFO] Loading WikiText... (SEQ_LEN=64, BATCH=64)
2026-04-12 10:36:44 [INFO] [Rank 2] Loading weights...
2026-04-12 10:36:47 [INFO] [Rank 2] Weights loaded.
2026-04-12 10:36:49 [INFO] [Rank 3] Loading weights...
2026-04-12 10:36:52 [INFO] [Rank 3] Weights loaded.
2026-04-12 10:37:16 [INFO] [Rank 1] Loading weights...
2026-04-12 10:37:23 [INFO] [Rank 1] Weights loaded.
2026-04-12 10:38:37 [INFO] [Rank 0] Loading weights...
2026-04-12 10:38:52 [INFO] [Rank 0] Weights loaded.
2026-04-12 11:03:07 [INFO] [Rank 2] Finished. Latency: 1454650 ms
2026-04-12 11:03:07 [INFO] [Rank 1] Finished. Latency: 1454651 ms
2026-04-12 11:03:07 [INFO] [Rank 0] Finished. Latency: 1454651 ms
2026-04-12 11:03:07 [INFO] [Rank 3] Finished. Latency: 1454660 ms
2026-04-12 11:03:08 [ERROR] Hang detected: ranks still alive after timeout: 0
2026-04-12 11:03:11 [INFO] [186/245] Split [29, 9, 2, 0] | Batch: 64 | Microbatch: 32 | Microbatches: 2
2026-04-12 11:03:11 [INFO] Loading WikiText... (SEQ_LEN=64, BATCH=64)
2026-04-12 11:03:26 [INFO] [Rank 3] Loading weights...
2026-04-12 11:03:28 [INFO] [Rank 3] Weights loaded.
2026-04-12 11:03:29 [INFO] [Rank 2] Loading weights...
2026-04-12 11:03:32 [INFO] [Rank 2] Weights loaded.
2026-04-12 11:03:56 [INFO] [Rank 1] Loading weights...
2026-04-12 11:04:03 [INFO] [Rank 1] Weights loaded.
2026-04-12 11:05:18 [INFO] [Rank 0] Loading weights...
2026-04-12 11:05:32 [INFO] [Rank 0] Weights loaded.
2026-04-12 11:07:30 [INFO] [Rank 1] Finished. Latency: 117470 ms
2026-04-12 11:07:30 [INFO] [Rank 2] Finished. Latency: 117470 ms
2026-04-12 11:07:30 [INFO] [Rank 0] Finished. Latency: 117470 ms
2026-04-12 11:07:30 [INFO] [Rank 3] Finished. Latency: 117476 ms
2026-04-12 11:07:34 [INFO] Total latency:     117470 ms
2026-04-12 11:07:34 [INFO] Peak 5GB memory:   3950 MB
2026-04-12 11:07:34 [INFO] Avg  5GB memory:   1441 MB
2026-04-12 11:07:34 [INFO] [187/245] Split [29, 9, 2, 0] | Batch: 64 | Microbatch: 16 | Microbatches: 4
2026-04-12 11:07:34 [INFO] Loading WikiText... (SEQ_LEN=64, BATCH=64)
2026-04-12 11:07:49 [INFO] [Rank 3] Loading weights...
2026-04-12 11:07:52 [INFO] [Rank 3] Weights loaded.
2026-04-12 11:07:52 [INFO] [Rank 2] Loading weights...
2026-04-12 11:07:55 [INFO] [Rank 2] Weights loaded.
2026-04-12 11:08:19 [INFO] [Rank 1] Loading weights...
2026-04-12 11:08:26 [INFO] [Rank 1] Weights loaded.
2026-04-12 11:09:41 [INFO] [Rank 0] Loading weights...
2026-04-12 11:09:55 [INFO] [Rank 0] Weights loaded.
2026-04-12 11:13:22 [INFO] [Rank 1] Finished. Latency: 206710 ms
2026-04-12 11:13:22 [INFO] [Rank 2] Finished. Latency: 206710 ms
2026-04-12 11:13:22 [INFO] [Rank 0] Finished. Latency: 206710 ms
2026-04-12 11:13:22 [INFO] [Rank 3] Finished. Latency: 206716 ms
2026-04-12 11:13:26 [INFO] Total latency:     206710 ms
2026-04-12 11:13:26 [INFO] Peak 5GB memory:   3950 MB
2026-04-12 11:13:26 [INFO] Avg  5GB memory:   1438 MB
2026-04-12 11:13:26 [INFO] [188/245] Split [29, 9, 2, 0] | Batch: 64 | Microbatch: 8 | Microbatches: 8
2026-04-12 11:13:26 [INFO] Loading WikiText... (SEQ_LEN=64, BATCH=64)
2026-04-12 11:13:41 [INFO] [Rank 3] Loading weights...
2026-04-12 11:13:43 [INFO] [Rank 3] Weights loaded.
2026-04-12 11:13:44 [INFO] [Rank 2] Loading weights...
2026-04-12 11:13:47 [INFO] [Rank 2] Weights loaded.
2026-04-12 11:14:11 [INFO] [Rank 1] Loading weights...
2026-04-12 11:14:18 [INFO] [Rank 1] Weights loaded.
2026-04-12 11:15:32 [INFO] [Rank 0] Loading weights...
2026-04-12 11:15:47 [INFO] [Rank 0] Weights loaded.
2026-04-12 11:22:12 [INFO] [Rank 2] Finished. Latency: 385100 ms
2026-04-12 11:22:12 [INFO] [Rank 1] Finished. Latency: 385100 ms
2026-04-12 11:22:12 [INFO] [Rank 0] Finished. Latency: 385100 ms
2026-04-12 11:22:12 [INFO] [Rank 3] Finished. Latency: 385105 ms
2026-04-12 11:22:16 [INFO] Total latency:     385100 ms
2026-04-12 11:22:16 [INFO] Peak 5GB memory:   2670 MB
2026-04-12 11:22:16 [INFO] Avg  5GB memory:   1444 MB
2026-04-12 11:22:16 [INFO] [189/245] Split [29, 9, 2, 0] | Batch: 64 | Microbatch: 4 | Microbatches: 16
2026-04-12 11:22:16 [INFO] Loading WikiText... (SEQ_LEN=64, BATCH=64)
2026-04-12 11:22:32 [INFO] [Rank 3] Loading weights...
2026-04-12 11:22:34 [INFO] [Rank 3] Weights loaded.
2026-04-12 11:22:35 [INFO] [Rank 2] Loading weights...
2026-04-12 11:22:38 [INFO] [Rank 2] Weights loaded.
2026-04-12 11:23:02 [INFO] [Rank 1] Loading weights...
2026-04-12 11:23:09 [INFO] [Rank 1] Weights loaded.
2026-04-12 11:24:23 [INFO] [Rank 0] Loading weights...
2026-04-12 11:24:38 [INFO] [Rank 0] Weights loaded.
2026-04-12 11:37:00 [INFO] [Rank 2] Finished. Latency: 741936 ms
2026-04-12 11:37:00 [INFO] [Rank 1] Finished. Latency: 741936 ms
2026-04-12 11:37:00 [INFO] [Rank 0] Finished. Latency: 741936 ms
2026-04-12 11:37:00 [INFO] [Rank 3] Finished. Latency: 741941 ms
2026-04-12 11:37:04 [INFO] Total latency:     741936 ms
2026-04-12 11:37:04 [INFO] Peak 5GB memory:   3950 MB
2026-04-12 11:37:04 [INFO] Avg  5GB memory:   1462 MB
2026-04-12 11:37:04 [INFO] [190/245] Split [29, 9, 2, 0] | Batch: 64 | Microbatch: 2 | Microbatches: 32
2026-04-12 11:37:04 [INFO] Loading WikiText... (SEQ_LEN=64, BATCH=64)
2026-04-12 11:37:19 [INFO] [Rank 3] Loading weights...
2026-04-12 11:37:22 [INFO] [Rank 3] Weights loaded.
2026-04-12 11:37:23 [INFO] [Rank 2] Loading weights...
2026-04-12 11:37:26 [INFO] [Rank 2] Weights loaded.
2026-04-12 11:37:50 [INFO] [Rank 1] Loading weights...
2026-04-12 11:37:57 [INFO] [Rank 1] Weights loaded.
2026-04-12 11:39:12 [INFO] [Rank 0] Loading weights...
2026-04-12 11:39:26 [INFO] [Rank 0] Weights loaded.
2026-04-12 12:03:39 [INFO] [Rank 1] Finished. Latency: 1453100 ms
2026-04-12 12:03:39 [INFO] [Rank 2] Finished. Latency: 1453100 ms
2026-04-12 12:03:39 [INFO] [Rank 0] Finished. Latency: 1453100 ms
2026-04-12 12:03:39 [INFO] [Rank 3] Finished. Latency: 1453105 ms
2026-04-12 12:03:41 [ERROR] Hang detected: ranks still alive after timeout: 0
2026-04-12 12:03:43 [INFO] [191/245] Split [29, 10, 1, 0] | Batch: 64 | Microbatch: 32 | Microbatches: 2
2026-04-12 12:03:43 [INFO] Loading WikiText... (SEQ_LEN=64, BATCH=64)
2026-04-12 12:03:57 [INFO] [Rank 2] Loading weights...
2026-04-12 12:03:58 [INFO] [Rank 3] Loading weights...
2026-04-12 12:04:00 [INFO] [Rank 2] Weights loaded.
2026-04-12 12:04:01 [INFO] [Rank 3] Weights loaded.
2026-04-12 12:04:32 [INFO] [Rank 1] Loading weights...
2026-04-12 12:04:39 [INFO] [Rank 1] Weights loaded.
2026-04-12 12:05:50 [INFO] [Rank 0] Loading weights...
2026-04-12 12:06:05 [INFO] [Rank 0] Weights loaded.
2026-04-12 12:07:59 [INFO] [Rank 2] Finished. Latency: 114240 ms
2026-04-12 12:07:59 [INFO] [Rank 1] Finished. Latency: 114240 ms
2026-04-12 12:07:59 [INFO] [Rank 0] Finished. Latency: 114240 ms
2026-04-12 12:07:59 [INFO] [Rank 3] Finished. Latency: 114246 ms
2026-04-12 12:08:03 [INFO] Total latency:     114240 ms
2026-04-12 12:08:03 [INFO] Peak 5GB memory:   3950 MB
2026-04-12 12:08:03 [INFO] Avg  5GB memory:   1442 MB
2026-04-12 12:08:03 [INFO] [192/245] Split [29, 10, 1, 0] | Batch: 64 | Microbatch: 16 | Microbatches: 4
2026-04-12 12:08:03 [INFO] Loading WikiText... (SEQ_LEN=64, BATCH=64)
2026-04-12 12:08:07 [WARNING] '('Connection broken: IncompleteRead(0 bytes read, 732606 more expected)', IncompleteRead(0 bytes read, 732606 more expected))' thrown while requesting GET https://huggingface.co/datasets/wikitext/resolve/b08601e04326c79dfdd32d625aee71d232d685c3/wikitext-2-raw-v1/test-00000-of-00001.parquet
2026-04-12 12:08:07 [WARNING] Retrying in 1s [Retry 1/5].
2026-04-12 12:08:20 [INFO] [Rank 2] Loading weights...
2026-04-12 12:08:21 [INFO] [Rank 3] Loading weights...
2026-04-12 12:08:22 [INFO] [Rank 2] Weights loaded.
2026-04-12 12:08:23 [INFO] [Rank 3] Weights loaded.
2026-04-12 12:08:55 [INFO] [Rank 1] Loading weights...
2026-04-12 12:09:02 [INFO] [Rank 1] Weights loaded.
2026-04-12 12:10:14 [INFO] [Rank 0] Loading weights...
2026-04-12 12:10:28 [INFO] [Rank 0] Weights loaded.
2026-04-12 12:13:50 [INFO] [Rank 2] Finished. Latency: 201192 ms
2026-04-12 12:13:50 [INFO] [Rank 1] Finished. Latency: 201192 ms
2026-04-12 12:13:50 [INFO] [Rank 0] Finished. Latency: 201192 ms
2026-04-12 12:13:50 [INFO] [Rank 3] Finished. Latency: 201198 ms
2026-04-12 12:13:54 [INFO] Total latency:     201192 ms
2026-04-12 12:13:54 [INFO] Peak 5GB memory:   2670 MB
2026-04-12 12:13:54 [INFO] Avg  5GB memory:   1437 MB
2026-04-12 12:13:54 [INFO] [193/245] Split [29, 10, 1, 0] | Batch: 64 | Microbatch: 8 | Microbatches: 8
2026-04-12 12:13:54 [INFO] Loading WikiText... (SEQ_LEN=64, BATCH=64)
2026-04-12 12:13:57 [WARNING] '('Connection broken: IncompleteRead(0 bytes read, 732606 more expected)', IncompleteRead(0 bytes read, 732606 more expected))' thrown while requesting GET https://huggingface.co/datasets/wikitext/resolve/b08601e04326c79dfdd32d625aee71d232d685c3/wikitext-2-raw-v1/test-00000-of-00001.parquet
2026-04-12 12:13:57 [WARNING] Retrying in 1s [Retry 1/5].
2026-04-12 12:14:10 [INFO] [Rank 2] Loading weights...
2026-04-12 12:14:11 [INFO] [Rank 3] Loading weights...
2026-04-12 12:14:13 [INFO] [Rank 2] Weights loaded.
2026-04-12 12:14:14 [INFO] [Rank 3] Weights loaded.
2026-04-12 12:14:45 [INFO] [Rank 1] Loading weights...
2026-04-12 12:14:52 [INFO] [Rank 1] Weights loaded.
2026-04-12 12:16:04 [INFO] [Rank 0] Loading weights...
2026-04-12 12:16:19 [INFO] [Rank 0] Weights loaded.
2026-04-12 12:22:33 [INFO] [Rank 2] Finished. Latency: 374216 ms
2026-04-12 12:22:33 [INFO] [Rank 1] Finished. Latency: 374216 ms
2026-04-12 12:22:33 [INFO] [Rank 0] Finished. Latency: 374216 ms
2026-04-12 12:22:33 [INFO] [Rank 3] Finished. Latency: 374221 ms
2026-04-12 12:22:38 [INFO] Total latency:     374216 ms
2026-04-12 12:22:38 [INFO] Peak 5GB memory:   2670 MB
2026-04-12 12:22:38 [INFO] Avg  5GB memory:   1442 MB
2026-04-12 12:22:38 [INFO] [194/245] Split [29, 10, 1, 0] | Batch: 64 | Microbatch: 4 | Microbatches: 16
2026-04-12 12:22:38 [INFO] Loading WikiText... (SEQ_LEN=64, BATCH=64)
2026-04-12 12:22:52 [INFO] [Rank 2] Loading weights...
2026-04-12 12:22:53 [INFO] [Rank 3] Loading weights...
2026-04-12 12:22:55 [INFO] [Rank 2] Weights loaded.
2026-04-12 12:22:56 [INFO] [Rank 3] Weights loaded.
2026-04-12 12:23:27 [INFO] [Rank 1] Loading weights...
2026-04-12 12:23:34 [INFO] [Rank 1] Weights loaded.
2026-04-12 12:24:45 [INFO] [Rank 0] Loading weights...
2026-04-12 12:24:59 [INFO] [Rank 0] Weights loaded.
2026-04-12 12:37:01 [INFO] [Rank 1] Finished. Latency: 721246 ms
2026-04-12 12:37:01 [INFO] [Rank 2] Finished. Latency: 721246 ms
2026-04-12 12:37:01 [INFO] [Rank 0] Finished. Latency: 721246 ms
2026-04-12 12:37:01 [INFO] [Rank 3] Finished. Latency: 721251 ms
2026-04-12 12:37:05 [INFO] Total latency:     721246 ms
2026-04-12 12:37:05 [INFO] Peak 5GB memory:   3950 MB
2026-04-12 12:37:05 [INFO] Avg  5GB memory:   1461 MB
2026-04-12 12:37:05 [INFO] [195/245] Split [29, 10, 1, 0] | Batch: 64 | Microbatch: 2 | Microbatches: 32
2026-04-12 12:37:05 [INFO] Loading WikiText... (SEQ_LEN=64, BATCH=64)
2026-04-12 12:37:19 [INFO] [Rank 2] Loading weights...
2026-04-12 12:37:20 [INFO] [Rank 3] Loading weights...
2026-04-12 12:37:22 [INFO] [Rank 2] Weights loaded.
2026-04-12 12:37:23 [INFO] [Rank 3] Weights loaded.
2026-04-12 12:37:54 [INFO] [Rank 1] Loading weights...
2026-04-12 12:38:01 [INFO] [Rank 1] Weights loaded.
2026-04-12 12:39:13 [INFO] [Rank 0] Loading weights...
2026-04-12 12:39:27 [INFO] [Rank 0] Weights loaded.
2026-04-12 13:03:01 [INFO] [Rank 1] Finished. Latency: 1413315 ms
2026-04-12 13:03:01 [INFO] [Rank 2] Finished. Latency: 1413315 ms
2026-04-12 13:03:01 [INFO] [Rank 0] Finished. Latency: 1413315 ms
2026-04-12 13:03:01 [INFO] [Rank 3] Finished. Latency: 1413320 ms
2026-04-12 13:03:03 [ERROR] Hang detected: ranks still alive after timeout: 0
2026-04-12 13:03:05 [INFO] [196/245] Split [30, 5, 3, 2] | Batch: 64 | Microbatch: 32 | Microbatches: 2
2026-04-12 13:03:05 [INFO] Loading WikiText... (SEQ_LEN=64, BATCH=64)
2026-04-12 13:03:27 [INFO] [Rank 2] Loading weights...
2026-04-12 13:03:28 [INFO] [Rank 3] Loading weights...
2026-04-12 13:03:31 [INFO] [Rank 2] Weights loaded.
2026-04-12 13:03:32 [INFO] [Rank 3] Weights loaded.
2026-04-12 13:03:35 [INFO] [Rank 1] Loading weights...
2026-04-12 13:03:40 [INFO] [Rank 1] Weights loaded.
2026-04-12 13:05:16 [INFO] [Rank 0] Loading weights...
2026-04-12 13:05:31 [INFO] [Rank 0] Weights loaded.
2026-04-12 13:07:37 [INFO] [Rank 2] Finished. Latency: 126220 ms
2026-04-12 13:07:37 [INFO] [Rank 1] Finished. Latency: 126220 ms
2026-04-12 13:07:37 [INFO] [Rank 0] Finished. Latency: 126220 ms
2026-04-12 13:07:37 [INFO] [Rank 3] Finished. Latency: 126238 ms
2026-04-12 13:07:41 [INFO] Total latency:     126220 ms
2026-04-12 13:07:41 [INFO] Peak 5GB memory:   6070 MB
2026-04-12 13:07:41 [INFO] Avg  5GB memory:   3676 MB
2026-04-12 13:07:41 [INFO] [197/245] Split [30, 5, 3, 2] | Batch: 64 | Microbatch: 16 | Microbatches: 4
2026-04-12 13:07:41 [INFO] Loading WikiText... (SEQ_LEN=64, BATCH=64)
2026-04-12 13:08:03 [INFO] [Rank 2] Loading weights...
2026-04-12 13:08:04 [INFO] [Rank 3] Loading weights...
2026-04-12 13:08:07 [INFO] [Rank 2] Weights loaded.
2026-04-12 13:08:08 [INFO] [Rank 3] Weights loaded.
2026-04-12 13:08:11 [INFO] [Rank 1] Loading weights...
2026-04-12 13:08:16 [INFO] [Rank 1] Weights loaded.
2026-04-12 13:09:53 [INFO] [Rank 0] Loading weights...
2026-04-12 13:10:08 [INFO] [Rank 0] Weights loaded.
2026-04-12 13:13:49 [INFO] [Rank 2] Finished. Latency: 220956 ms
2026-04-12 13:13:49 [INFO] [Rank 1] Finished. Latency: 220956 ms
2026-04-12 13:13:49 [INFO] [Rank 0] Finished. Latency: 220956 ms
2026-04-12 13:13:49 [INFO] [Rank 3] Finished. Latency: 220971 ms
2026-04-12 13:13:53 [INFO] Total latency:     220956 ms
2026-04-12 13:13:53 [INFO] Peak 5GB memory:   6070 MB
2026-04-12 13:13:53 [INFO] Avg  5GB memory:   3628 MB
2026-04-12 13:13:53 [INFO] [198/245] Split [30, 5, 3, 2] | Batch: 64 | Microbatch: 8 | Microbatches: 8
2026-04-12 13:13:53 [INFO] Loading WikiText... (SEQ_LEN=64, BATCH=64)
2026-04-12 13:14:15 [INFO] [Rank 2] Loading weights...
2026-04-12 13:14:17 [INFO] [Rank 3] Loading weights...
2026-04-12 13:14:19 [INFO] [Rank 2] Weights loaded.
2026-04-12 13:14:21 [INFO] [Rank 3] Weights loaded.
2026-04-12 13:14:24 [INFO] [Rank 1] Loading weights...
2026-04-12 13:14:29 [INFO] [Rank 1] Weights loaded.
2026-04-12 13:16:04 [INFO] [Rank 0] Loading weights...
2026-04-12 13:16:19 [INFO] [Rank 0] Weights loaded.
2026-04-12 13:23:11 [INFO] [Rank 1] Finished. Latency: 411382 ms
2026-04-12 13:23:11 [INFO] [Rank 2] Finished. Latency: 411382 ms
2026-04-12 13:23:11 [INFO] [Rank 0] Finished. Latency: 411382 ms
2026-04-12 13:23:11 [INFO] [Rank 3] Finished. Latency: 411396 ms
2026-04-12 13:23:15 [INFO] Total latency:     411382 ms
2026-04-12 13:23:15 [INFO] Peak 5GB memory:   6070 MB
2026-04-12 13:23:15 [INFO] Avg  5GB memory:   3674 MB
2026-04-12 13:23:15 [INFO] [199/245] Split [30, 5, 3, 2] | Batch: 64 | Microbatch: 4 | Microbatches: 16
2026-04-12 13:23:15 [INFO] Loading WikiText... (SEQ_LEN=64, BATCH=64)
2026-04-12 13:23:37 [INFO] [Rank 2] Loading weights...
2026-04-12 13:23:38 [INFO] [Rank 3] Loading weights...
2026-04-12 13:23:41 [INFO] [Rank 2] Weights loaded.
2026-04-12 13:23:42 [INFO] [Rank 3] Weights loaded.
2026-04-12 13:23:46 [INFO] [Rank 1] Loading weights...
2026-04-12 13:23:50 [INFO] [Rank 1] Weights loaded.
2026-04-12 13:25:26 [INFO] [Rank 0] Loading weights...
2026-04-12 13:25:41 [INFO] [Rank 0] Weights loaded.
2026-04-12 13:38:54 [INFO] [Rank 2] Finished. Latency: 793442 ms
2026-04-12 13:38:54 [INFO] [Rank 1] Finished. Latency: 793442 ms
2026-04-12 13:38:54 [INFO] [Rank 0] Finished. Latency: 793442 ms
2026-04-12 13:38:54 [INFO] [Rank 3] Finished. Latency: 793456 ms
2026-04-12 13:38:59 [INFO] Total latency:     793442 ms
2026-04-12 13:38:59 [INFO] Peak 5GB memory:   6070 MB
2026-04-12 13:38:59 [INFO] Avg  5GB memory:   3747 MB
2026-04-12 13:38:59 [INFO] [200/245] Split [30, 5, 3, 2] | Batch: 64 | Microbatch: 2 | Microbatches: 32
2026-04-12 13:38:59 [INFO] Loading WikiText... (SEQ_LEN=64, BATCH=64)
2026-04-12 13:39:20 [INFO] [Rank 2] Loading weights...
2026-04-12 13:39:21 [INFO] [Rank 3] Loading weights...
2026-04-12 13:39:24 [INFO] [Rank 2] Weights loaded.
2026-04-12 13:39:25 [INFO] [Rank 3] Weights loaded.
2026-04-12 13:39:28 [INFO] [Rank 1] Loading weights...
2026-04-12 13:39:33 [INFO] [Rank 1] Weights loaded.
2026-04-12 13:41:09 [INFO] [Rank 0] Loading weights...
2026-04-12 13:41:24 [INFO] [Rank 0] Weights loaded.
2026-04-12 14:07:22 [INFO] [Rank 2] Finished. Latency: 1558154 ms
2026-04-12 14:07:22 [INFO] [Rank 0] Finished. Latency: 1558154 ms
2026-04-12 14:07:22 [INFO] [Rank 1] Finished. Latency: 1558154 ms
2026-04-12 14:07:22 [INFO] [Rank 3] Finished. Latency: 1558167 ms
2026-04-12 14:07:26 [INFO] Total latency:     1558154 ms
2026-04-12 14:07:26 [INFO] Peak 5GB memory:   6070 MB
2026-04-12 14:07:26 [INFO] Avg  5GB memory:   3806 MB
2026-04-12 14:07:26 [INFO] [201/245] Split [30, 5, 4, 1] | Batch: 64 | Microbatch: 32 | Microbatches: 2
2026-04-12 14:07:26 [INFO] Loading WikiText... (SEQ_LEN=64, BATCH=64)
2026-04-12 14:07:45 [INFO] [Rank 3] Loading weights...
2026-04-12 14:07:48 [INFO] [Rank 3] Weights loaded.
2026-04-12 14:07:52 [INFO] [Rank 2] Loading weights...
2026-04-12 14:07:56 [INFO] [Rank 1] Loading weights...
2026-04-12 14:07:56 [INFO] [Rank 2] Weights loaded.
2026-04-12 14:08:01 [INFO] [Rank 1] Weights loaded.
2026-04-12 14:09:37 [INFO] [Rank 0] Loading weights...
2026-04-12 14:09:52 [INFO] [Rank 0] Weights loaded.
2026-04-12 14:11:58 [INFO] [Rank 1] Finished. Latency: 126250 ms
2026-04-12 14:11:58 [INFO] [Rank 2] Finished. Latency: 126250 ms
2026-04-12 14:11:58 [INFO] [Rank 0] Finished. Latency: 126250 ms
2026-04-12 14:11:58 [INFO] [Rank 3] Finished. Latency: 126262 ms
2026-04-12 14:12:02 [INFO] Total latency:     126250 ms
2026-04-12 14:12:02 [INFO] Peak 5GB memory:   5010 MB
2026-04-12 14:12:02 [INFO] Avg  5GB memory:   2642 MB
2026-04-12 14:12:03 [INFO] [202/245] Split [30, 5, 4, 1] | Batch: 64 | Microbatch: 16 | Microbatches: 4
2026-04-12 14:12:03 [INFO] Loading WikiText... (SEQ_LEN=64, BATCH=64)
2026-04-12 14:12:06 [WARNING] '('Connection broken: IncompleteRead(0 bytes read, 65536 more expected)', IncompleteRead(0 bytes read, 65536 more expected))' thrown while requesting GET https://huggingface.co/datasets/wikitext/resolve/b08601e04326c79dfdd32d625aee71d232d685c3/wikitext-2-raw-v1/test-00000-of-00001.parquet
2026-04-12 14:12:06 [WARNING] Retrying in 1s [Retry 1/5].
2026-04-12 14:12:24 [INFO] [Rank 3] Loading weights...
2026-04-12 14:12:28 [INFO] [Rank 3] Weights loaded.
2026-04-12 14:12:31 [INFO] [Rank 2] Loading weights...
2026-04-12 14:12:35 [INFO] [Rank 1] Loading weights...
2026-04-12 14:12:36 [INFO] [Rank 2] Weights loaded.
2026-04-12 14:12:40 [INFO] [Rank 1] Weights loaded.
2026-04-12 14:14:16 [INFO] [Rank 0] Loading weights...
2026-04-12 14:14:31 [INFO] [Rank 0] Weights loaded.
2026-04-12 14:18:12 [INFO] [Rank 1] Finished. Latency: 221103 ms
2026-04-12 14:18:12 [INFO] [Rank 2] Finished. Latency: 221103 ms
2026-04-12 14:18:12 [INFO] [Rank 0] Finished. Latency: 221103 ms
2026-04-12 14:18:12 [INFO] [Rank 3] Finished. Latency: 221113 ms
2026-04-12 14:18:16 [INFO] Total latency:     221103 ms
2026-04-12 14:18:16 [INFO] Peak 5GB memory:   5010 MB
2026-04-12 14:18:16 [INFO] Avg  5GB memory:   2618 MB
2026-04-12 14:18:16 [INFO] [203/245] Split [30, 5, 4, 1] | Batch: 64 | Microbatch: 8 | Microbatches: 8
2026-04-12 14:18:16 [INFO] Loading WikiText... (SEQ_LEN=64, BATCH=64)
2026-04-12 14:18:35 [INFO] [Rank 3] Loading weights...
2026-04-12 14:18:38 [INFO] [Rank 3] Weights loaded.
2026-04-12 14:18:42 [INFO] [Rank 2] Loading weights...
2026-04-12 14:18:46 [INFO] [Rank 1] Loading weights...
2026-04-12 14:18:46 [INFO] [Rank 2] Weights loaded.
2026-04-12 14:18:51 [INFO] [Rank 1] Weights loaded.
2026-04-12 14:20:27 [INFO] [Rank 0] Loading weights...
2026-04-12 14:20:42 [INFO] [Rank 0] Weights loaded.
2026-04-12 14:27:33 [INFO] [Rank 2] Finished. Latency: 411518 ms
2026-04-12 14:27:33 [INFO] [Rank 1] Finished. Latency: 411517 ms
2026-04-12 14:27:33 [INFO] [Rank 0] Finished. Latency: 411518 ms
2026-04-12 14:27:33 [INFO] [Rank 3] Finished. Latency: 411527 ms
2026-04-12 14:27:37 [INFO] Total latency:     411518 ms
2026-04-12 14:27:37 [INFO] Peak 5GB memory:   5010 MB
2026-04-12 14:27:37 [INFO] Avg  5GB memory:   2581 MB
2026-04-12 14:27:37 [INFO] [204/245] Split [30, 5, 4, 1] | Batch: 64 | Microbatch: 4 | Microbatches: 16
2026-04-12 14:27:37 [INFO] Loading WikiText... (SEQ_LEN=64, BATCH=64)
2026-04-12 14:27:41 [WARNING] '('Connection broken: IncompleteRead(0 bytes read, 732606 more expected)', IncompleteRead(0 bytes read, 732606 more expected))' thrown while requesting GET https://huggingface.co/datasets/wikitext/resolve/b08601e04326c79dfdd32d625aee71d232d685c3/wikitext-2-raw-v1/test-00000-of-00001.parquet
2026-04-12 14:27:41 [WARNING] Retrying in 1s [Retry 1/5].
2026-04-12 14:27:59 [INFO] [Rank 3] Loading weights...
2026-04-12 14:28:02 [INFO] [Rank 3] Weights loaded.
2026-04-12 14:28:06 [INFO] [Rank 2] Loading weights...
2026-04-12 14:28:10 [INFO] [Rank 1] Loading weights...
2026-04-12 14:28:10 [INFO] [Rank 2] Weights loaded.
2026-04-12 14:28:14 [INFO] [Rank 1] Weights loaded.
2026-04-12 14:29:51 [INFO] [Rank 0] Loading weights...
2026-04-12 14:30:06 [INFO] [Rank 0] Weights loaded.
2026-04-12 14:43:20 [INFO] [Rank 2] Finished. Latency: 794228 ms
2026-04-12 14:43:20 [INFO] [Rank 1] Finished. Latency: 794229 ms
2026-04-12 14:43:20 [INFO] [Rank 0] Finished. Latency: 794229 ms
2026-04-12 14:43:20 [INFO] [Rank 3] Finished. Latency: 794238 ms
2026-04-12 14:43:24 [INFO] Total latency:     794229 ms
2026-04-12 14:43:24 [INFO] Peak 5GB memory:   5010 MB
2026-04-12 14:43:24 [INFO] Avg  5GB memory:   2611 MB
2026-04-12 14:43:24 [INFO] [205/245] Split [30, 5, 4, 1] | Batch: 64 | Microbatch: 2 | Microbatches: 32
2026-04-12 14:43:24 [INFO] Loading WikiText... (SEQ_LEN=64, BATCH=64)
2026-04-12 14:43:44 [INFO] [Rank 3] Loading weights...
2026-04-12 14:43:47 [INFO] [Rank 3] Weights loaded.
2026-04-12 14:43:51 [INFO] [Rank 2] Loading weights...
2026-04-12 14:43:55 [INFO] [Rank 2] Weights loaded.
2026-04-12 14:43:55 [INFO] [Rank 1] Loading weights...
2026-04-12 14:44:00 [INFO] [Rank 1] Weights loaded.
2026-04-12 14:45:35 [INFO] [Rank 0] Loading weights...
2026-04-12 14:45:51 [INFO] [Rank 0] Weights loaded.
2026-04-12 15:11:48 [INFO] [Rank 1] Finished. Latency: 1556982 ms
2026-04-12 15:11:48 [INFO] [Rank 2] Finished. Latency: 1556982 ms
2026-04-12 15:11:48 [INFO] [Rank 0] Finished. Latency: 1556982 ms
2026-04-12 15:11:48 [INFO] [Rank 3] Finished. Latency: 1556991 ms
2026-04-12 15:11:49 [ERROR] Hang detected: ranks still alive after timeout: 0
2026-04-12 15:11:52 [INFO] [206/245] Split [30, 6, 2, 2] | Batch: 64 | Microbatch: 32 | Microbatches: 2
2026-04-12 15:11:52 [INFO] Loading WikiText... (SEQ_LEN=64, BATCH=64)
2026-04-12 15:12:10 [INFO] [Rank 2] Loading weights...
2026-04-12 15:12:13 [INFO] [Rank 2] Weights loaded.
2026-04-12 15:12:15 [INFO] [Rank 3] Loading weights...
2026-04-12 15:12:19 [INFO] [Rank 3] Weights loaded.
2026-04-12 15:12:26 [INFO] [Rank 1] Loading weights...
2026-04-12 15:12:31 [INFO] [Rank 1] Weights loaded.
2026-04-12 15:14:03 [INFO] [Rank 0] Loading weights...
2026-04-12 15:14:18 [INFO] [Rank 0] Weights loaded.
2026-04-12 15:16:21 [INFO] [Rank 2] Finished. Latency: 122751 ms
2026-04-12 15:16:21 [INFO] [Rank 1] Finished. Latency: 122751 ms
2026-04-12 15:16:21 [INFO] [Rank 0] Finished. Latency: 122751 ms
2026-04-12 15:16:21 [INFO] [Rank 3] Finished. Latency: 122769 ms
2026-04-12 15:16:25 [INFO] Total latency:     122751 ms
2026-04-12 15:16:25 [INFO] Peak 5GB memory:   6070 MB
2026-04-12 15:16:25 [INFO] Avg  5GB memory:   3669 MB
2026-04-12 15:16:25 [INFO] [207/245] Split [30, 6, 2, 2] | Batch: 64 | Microbatch: 16 | Microbatches: 4
2026-04-12 15:16:25 [INFO] Loading WikiText... (SEQ_LEN=64, BATCH=64)
2026-04-12 15:16:43 [INFO] [Rank 2] Loading weights...
2026-04-12 15:16:46 [INFO] [Rank 2] Weights loaded.
2026-04-12 15:16:48 [INFO] [Rank 3] Loading weights...
2026-04-12 15:16:52 [INFO] [Rank 3] Weights loaded.
2026-04-12 15:16:59 [INFO] [Rank 1] Loading weights...
2026-04-12 15:17:04 [INFO] [Rank 1] Weights loaded.
2026-04-12 15:18:35 [INFO] [Rank 0] Loading weights...
2026-04-12 15:18:50 [INFO] [Rank 0] Weights loaded.
2026-04-12 15:22:26 [INFO] [Rank 2] Finished. Latency: 215472 ms
2026-04-12 15:22:26 [INFO] [Rank 1] Finished. Latency: 215472 ms
2026-04-12 15:22:26 [INFO] [Rank 0] Finished. Latency: 215472 ms
2026-04-12 15:22:26 [INFO] [Rank 3] Finished. Latency: 215487 ms
2026-04-12 15:22:30 [INFO] Total latency:     215472 ms
2026-04-12 15:22:30 [INFO] Peak 5GB memory:   6070 MB
2026-04-12 15:22:30 [INFO] Avg  5GB memory:   3627 MB
2026-04-12 15:22:30 [INFO] [208/245] Split [30, 6, 2, 2] | Batch: 64 | Microbatch: 8 | Microbatches: 8
2026-04-12 15:22:30 [INFO] Loading WikiText... (SEQ_LEN=64, BATCH=64)
2026-04-12 15:22:48 [INFO] [Rank 2] Loading weights...
2026-04-12 15:22:51 [INFO] [Rank 2] Weights loaded.
2026-04-12 15:22:53 [INFO] [Rank 3] Loading weights...
2026-04-12 15:22:56 [INFO] [Rank 3] Weights loaded.
2026-04-12 15:23:04 [INFO] [Rank 1] Loading weights...
2026-04-12 15:23:09 [INFO] [Rank 1] Weights loaded.
2026-04-12 15:24:41 [INFO] [Rank 0] Loading weights...
2026-04-12 15:24:56 [INFO] [Rank 0] Weights loaded.
2026-04-12 15:31:37 [INFO] [Rank 1] Finished. Latency: 401179 ms
2026-04-12 15:31:37 [INFO] [Rank 2] Finished. Latency: 401179 ms
2026-04-12 15:31:37 [INFO] [Rank 0] Finished. Latency: 401179 ms
2026-04-12 15:31:37 [INFO] [Rank 3] Finished. Latency: 401193 ms
2026-04-12 15:31:41 [INFO] Total latency:     401179 ms
2026-04-12 15:31:41 [INFO] Peak 5GB memory:   6070 MB
2026-04-12 15:31:41 [INFO] Avg  5GB memory:   3679 MB
2026-04-12 15:31:41 [INFO] [209/245] Split [30, 6, 2, 2] | Batch: 64 | Microbatch: 4 | Microbatches: 16
2026-04-12 15:31:41 [INFO] Loading WikiText... (SEQ_LEN=64, BATCH=64)
2026-04-12 15:32:00 [INFO] [Rank 2] Loading weights...
2026-04-12 15:32:03 [INFO] [Rank 2] Weights loaded.
2026-04-12 15:32:05 [INFO] [Rank 3] Loading weights...
2026-04-12 15:32:09 [INFO] [Rank 3] Weights loaded.
2026-04-12 15:32:16 [INFO] [Rank 1] Loading weights...
2026-04-12 15:32:21 [INFO] [Rank 1] Weights loaded.
2026-04-12 15:33:52 [INFO] [Rank 0] Loading weights...
2026-04-12 15:34:07 [INFO] [Rank 0] Weights loaded.
2026-04-12 15:47:01 [INFO] [Rank 2] Finished. Latency: 773676 ms
2026-04-12 15:47:01 [INFO] [Rank 1] Finished. Latency: 773676 ms
2026-04-12 15:47:01 [INFO] [Rank 0] Finished. Latency: 773676 ms
2026-04-12 15:47:01 [INFO] [Rank 3] Finished. Latency: 773690 ms
2026-04-12 15:47:05 [INFO] Total latency:     773676 ms
2026-04-12 15:47:05 [INFO] Peak 5GB memory:   6070 MB
2026-04-12 15:47:05 [INFO] Avg  5GB memory:   3747 MB
2026-04-12 15:47:05 [INFO] [210/245] Split [30, 6, 2, 2] | Batch: 64 | Microbatch: 2 | Microbatches: 32
2026-04-12 15:47:05 [INFO] Loading WikiText... (SEQ_LEN=64, BATCH=64)
2026-04-12 15:47:08 [WARNING] '('Connection broken: IncompleteRead(0 bytes read, 65536 more expected)', IncompleteRead(0 bytes read, 65536 more expected))' thrown while requesting GET https://huggingface.co/datasets/wikitext/resolve/b08601e04326c79dfdd32d625aee71d232d685c3/wikitext-2-raw-v1/test-00000-of-00001.parquet
2026-04-12 15:47:08 [WARNING] Retrying in 1s [Retry 1/5].
2026-04-12 15:47:26 [INFO] [Rank 2] Loading weights...
2026-04-12 15:47:29 [INFO] [Rank 2] Weights loaded.
2026-04-12 15:47:31 [INFO] [Rank 3] Loading weights...
2026-04-12 15:47:35 [INFO] [Rank 3] Weights loaded.
2026-04-12 15:47:42 [INFO] [Rank 1] Loading weights...
2026-04-12 15:47:47 [INFO] [Rank 1] Weights loaded.
2026-04-12 15:49:19 [INFO] [Rank 0] Loading weights...
2026-04-12 15:49:34 [INFO] [Rank 0] Weights loaded.
2026-04-12 16:14:51 [INFO] [Rank 2] Finished. Latency: 1517024 ms
2026-04-12 16:14:51 [INFO] [Rank 0] Finished. Latency: 1517024 ms
2026-04-12 16:14:51 [INFO] [Rank 1] Finished. Latency: 1517024 ms
2026-04-12 16:14:51 [INFO] [Rank 3] Finished. Latency: 1517037 ms
2026-04-12 16:14:55 [INFO] Total latency:     1517024 ms
2026-04-12 16:14:55 [INFO] Peak 5GB memory:   4790 MB
2026-04-12 16:14:55 [INFO] Avg  5GB memory:   3803 MB
2026-04-12 16:14:55 [INFO] [211/245] Split [30, 6, 3, 1] | Batch: 64 | Microbatch: 32 | Microbatches: 2
2026-04-12 16:14:55 [INFO] Loading WikiText... (SEQ_LEN=64, BATCH=64)
2026-04-12 16:15:15 [INFO] [Rank 3] Loading weights...
2026-04-12 16:15:18 [INFO] [Rank 2] Loading weights...
2026-04-12 16:15:18 [INFO] [Rank 3] Weights loaded.
2026-04-12 16:15:22 [INFO] [Rank 2] Weights loaded.
2026-04-12 16:15:30 [INFO] [Rank 1] Loading weights...
2026-04-12 16:15:35 [INFO] [Rank 1] Weights loaded.
2026-04-12 16:17:06 [INFO] [Rank 0] Loading weights...
2026-04-12 16:17:21 [INFO] [Rank 0] Weights loaded.
2026-04-12 16:19:24 [INFO] [Rank 2] Finished. Latency: 122803 ms
2026-04-12 16:19:24 [INFO] [Rank 1] Finished. Latency: 122803 ms
2026-04-12 16:19:24 [INFO] [Rank 0] Finished. Latency: 122803 ms
2026-04-12 16:19:24 [INFO] [Rank 3] Finished. Latency: 122815 ms
2026-04-12 16:19:28 [INFO] Total latency:     122803 ms
2026-04-12 16:19:28 [INFO] Peak 5GB memory:   5010 MB
2026-04-12 16:19:28 [INFO] Avg  5GB memory:   2632 MB
2026-04-12 16:19:28 [INFO] [212/245] Split [30, 6, 3, 1] | Batch: 64 | Microbatch: 16 | Microbatches: 4
2026-04-12 16:19:28 [INFO] Loading WikiText... (SEQ_LEN=64, BATCH=64)
2026-04-12 16:19:49 [INFO] [Rank 3] Loading weights...
2026-04-12 16:19:52 [INFO] [Rank 2] Loading weights...
2026-04-12 16:19:52 [INFO] [Rank 3] Weights loaded.
2026-04-12 16:19:55 [INFO] [Rank 2] Weights loaded.
2026-04-12 16:20:04 [INFO] [Rank 1] Loading weights...
2026-04-12 16:20:09 [INFO] [Rank 1] Weights loaded.
2026-04-12 16:21:40 [INFO] [Rank 0] Loading weights...
2026-04-12 16:21:56 [INFO] [Rank 0] Weights loaded.
2026-04-12 16:25:31 [INFO] [Rank 2] Finished. Latency: 215460 ms
2026-04-12 16:25:31 [INFO] [Rank 1] Finished. Latency: 215460 ms
2026-04-12 16:25:31 [INFO] [Rank 0] Finished. Latency: 215460 ms
2026-04-12 16:25:31 [INFO] [Rank 3] Finished. Latency: 215470 ms
2026-04-12 16:25:35 [INFO] Total latency:     215460 ms
2026-04-12 16:25:35 [INFO] Peak 5GB memory:   5010 MB
2026-04-12 16:25:35 [INFO] Avg  5GB memory:   2617 MB
2026-04-12 16:25:35 [INFO] [213/245] Split [30, 6, 3, 1] | Batch: 64 | Microbatch: 8 | Microbatches: 8
2026-04-12 16:25:35 [INFO] Loading WikiText... (SEQ_LEN=64, BATCH=64)
2026-04-12 16:25:54 [INFO] [Rank 3] Loading weights...
2026-04-12 16:25:57 [INFO] [Rank 3] Weights loaded.
2026-04-12 16:25:57 [INFO] [Rank 2] Loading weights...
2026-04-12 16:26:01 [INFO] [Rank 2] Weights loaded.
2026-04-12 16:26:09 [INFO] [Rank 1] Loading weights...
2026-04-12 16:26:14 [INFO] [Rank 1] Weights loaded.
2026-04-12 16:27:46 [INFO] [Rank 0] Loading weights...
2026-04-12 16:28:01 [INFO] [Rank 0] Weights loaded.
2026-04-12 16:34:42 [INFO] [Rank 2] Finished. Latency: 401048 ms
2026-04-12 16:34:42 [INFO] [Rank 1] Finished. Latency: 401048 ms
2026-04-12 16:34:42 [INFO] [Rank 0] Finished. Latency: 401048 ms
2026-04-12 16:34:42 [INFO] [Rank 3] Finished. Latency: 401057 ms
2026-04-12 16:34:46 [INFO] Total latency:     401048 ms
2026-04-12 16:34:46 [INFO] Peak 5GB memory:   3730 MB
2026-04-12 16:34:46 [INFO] Avg  5GB memory:   2579 MB
2026-04-12 16:34:46 [INFO] [214/245] Split [30, 6, 3, 1] | Batch: 64 | Microbatch: 4 | Microbatches: 16
2026-04-12 16:34:46 [INFO] Loading WikiText... (SEQ_LEN=64, BATCH=64)
2026-04-12 16:35:05 [INFO] [Rank 3] Loading weights...
2026-04-12 16:35:08 [INFO] [Rank 2] Loading weights...
2026-04-12 16:35:08 [INFO] [Rank 3] Weights loaded.
2026-04-12 16:35:12 [INFO] [Rank 2] Weights loaded.
2026-04-12 16:35:20 [INFO] [Rank 1] Loading weights...
2026-04-12 16:35:25 [INFO] [Rank 1] Weights loaded.
2026-04-12 16:36:57 [INFO] [Rank 0] Loading weights...
2026-04-12 16:37:12 [INFO] [Rank 0] Weights loaded.
2026-04-12 16:50:06 [INFO] [Rank 1] Finished. Latency: 773523 ms
2026-04-12 16:50:06 [INFO] [Rank 2] Finished. Latency: 773523 ms
2026-04-12 16:50:06 [INFO] [Rank 0] Finished. Latency: 773523 ms
2026-04-12 16:50:06 [INFO] [Rank 3] Finished. Latency: 773532 ms
2026-04-12 16:50:10 [INFO] Total latency:     773523 ms
2026-04-12 16:50:10 [INFO] Peak 5GB memory:   5010 MB
2026-04-12 16:50:10 [INFO] Avg  5GB memory:   2608 MB
2026-04-12 16:50:10 [INFO] [215/245] Split [30, 6, 3, 1] | Batch: 64 | Microbatch: 2 | Microbatches: 32
2026-04-12 16:50:10 [INFO] Loading WikiText... (SEQ_LEN=64, BATCH=64)
2026-04-12 16:50:29 [INFO] [Rank 3] Loading weights...
2026-04-12 16:50:32 [INFO] [Rank 2] Loading weights...
2026-04-12 16:50:33 [INFO] [Rank 3] Weights loaded.
2026-04-12 16:50:36 [INFO] [Rank 2] Weights loaded.
2026-04-12 16:50:44 [INFO] [Rank 1] Loading weights...
2026-04-12 16:50:49 [INFO] [Rank 1] Weights loaded.
2026-04-12 16:52:21 [INFO] [Rank 0] Loading weights...
2026-04-12 16:52:36 [INFO] [Rank 0] Weights loaded.
2026-04-12 17:17:53 [INFO] [Rank 2] Finished. Latency: 1517227 ms
2026-04-12 17:17:53 [INFO] [Rank 1] Finished. Latency: 1517227 ms
2026-04-12 17:17:53 [INFO] [Rank 0] Finished. Latency: 1517227 ms
2026-04-12 17:17:53 [INFO] [Rank 3] Finished. Latency: 1517236 ms
2026-04-12 17:17:55 [ERROR] Hang detected: ranks still alive after timeout: 0
2026-04-12 17:17:57 [INFO] [216/245] Split [30, 6, 4, 0] | Batch: 64 | Microbatch: 32 | Microbatches: 2
2026-04-12 17:17:57 [INFO] Loading WikiText... (SEQ_LEN=64, BATCH=64)
2026-04-12 17:18:12 [INFO] [Rank 3] Loading weights...
2026-04-12 17:18:15 [INFO] [Rank 3] Weights loaded.
2026-04-12 17:18:23 [INFO] [Rank 2] Loading weights...
2026-04-12 17:18:28 [INFO] [Rank 2] Weights loaded.
2026-04-12 17:18:31 [INFO] [Rank 1] Loading weights...
2026-04-12 17:18:36 [INFO] [Rank 1] Weights loaded.
2026-04-12 17:20:08 [INFO] [Rank 0] Loading weights...
2026-04-12 17:20:23 [INFO] [Rank 0] Weights loaded.
2026-04-12 17:22:26 [INFO] [Rank 2] Finished. Latency: 122572 ms
2026-04-12 17:22:26 [INFO] [Rank 1] Finished. Latency: 122572 ms
2026-04-12 17:22:26 [INFO] [Rank 0] Finished. Latency: 122572 ms
2026-04-12 17:22:26 [INFO] [Rank 3] Finished. Latency: 122578 ms
2026-04-12 17:22:30 [INFO] Total latency:     122572 ms
2026-04-12 17:22:30 [INFO] Peak 5GB memory:   2670 MB
2026-04-12 17:22:30 [INFO] Avg  5GB memory:   1442 MB
2026-04-12 17:22:30 [INFO] [217/245] Split [30, 6, 4, 0] | Batch: 64 | Microbatch: 16 | Microbatches: 4
2026-04-12 17:22:30 [INFO] Loading WikiText... (SEQ_LEN=64, BATCH=64)
2026-04-12 17:22:45 [INFO] [Rank 3] Loading weights...
2026-04-12 17:22:48 [INFO] [Rank 3] Weights loaded.
2026-04-12 17:22:56 [INFO] [Rank 2] Loading weights...
2026-04-12 17:23:00 [INFO] [Rank 2] Weights loaded.
2026-04-12 17:23:04 [INFO] [Rank 1] Loading weights...
2026-04-12 17:23:09 [INFO] [Rank 1] Weights loaded.
2026-04-12 17:24:41 [INFO] [Rank 0] Loading weights...
2026-04-12 17:24:56 [INFO] [Rank 0] Weights loaded.
2026-04-12 17:28:31 [INFO] [Rank 2] Finished. Latency: 214393 ms
2026-04-12 17:28:31 [INFO] [Rank 1] Finished. Latency: 214393 ms
2026-04-12 17:28:31 [INFO] [Rank 0] Finished. Latency: 214393 ms
2026-04-12 17:28:31 [INFO] [Rank 3] Finished. Latency: 214399 ms
2026-04-12 17:28:34 [INFO] Total latency:     214393 ms
2026-04-12 17:28:34 [INFO] Peak 5GB memory:   3950 MB
2026-04-12 17:28:34 [INFO] Avg  5GB memory:   1439 MB
2026-04-12 17:28:35 [INFO] [218/245] Split [30, 6, 4, 0] | Batch: 64 | Microbatch: 8 | Microbatches: 8
2026-04-12 17:28:35 [INFO] Loading WikiText... (SEQ_LEN=64, BATCH=64)
2026-04-12 17:28:50 [INFO] [Rank 3] Loading weights...
2026-04-12 17:28:52 [INFO] [Rank 3] Weights loaded.
2026-04-12 17:29:01 [INFO] [Rank 2] Loading weights...
2026-04-12 17:29:05 [INFO] [Rank 2] Weights loaded.
2026-04-12 17:29:08 [INFO] [Rank 1] Loading weights...
2026-04-12 17:29:13 [INFO] [Rank 1] Weights loaded.
2026-04-12 17:30:45 [INFO] [Rank 0] Loading weights...
2026-04-12 17:31:00 [INFO] [Rank 0] Weights loaded.
2026-04-12 17:37:40 [INFO] [Rank 2] Finished. Latency: 399585 ms
2026-04-12 17:37:40 [INFO] [Rank 1] Finished. Latency: 399585 ms
2026-04-12 17:37:40 [INFO] [Rank 0] Finished. Latency: 399585 ms
2026-04-12 17:37:40 [INFO] [Rank 3] Finished. Latency: 399590 ms
2026-04-12 17:37:44 [INFO] Total latency:     399585 ms
2026-04-12 17:37:44 [INFO] Peak 5GB memory:   3950 MB
2026-04-12 17:37:44 [INFO] Avg  5GB memory:   1444 MB
2026-04-12 17:37:44 [INFO] [219/245] Split [30, 6, 4, 0] | Batch: 64 | Microbatch: 4 | Microbatches: 16
2026-04-12 17:37:44 [INFO] Loading WikiText... (SEQ_LEN=64, BATCH=64)
2026-04-12 17:37:59 [INFO] [Rank 3] Loading weights...
2026-04-12 17:38:01 [INFO] [Rank 3] Weights loaded.
2026-04-12 17:38:10 [INFO] [Rank 2] Loading weights...
2026-04-12 17:38:14 [INFO] [Rank 2] Weights loaded.
2026-04-12 17:38:18 [INFO] [Rank 1] Loading weights...
2026-04-12 17:38:23 [INFO] [Rank 1] Weights loaded.
2026-04-12 17:39:54 [INFO] [Rank 0] Loading weights...
2026-04-12 17:40:09 [INFO] [Rank 0] Weights loaded.
2026-04-12 17:52:59 [INFO] [Rank 2] Finished. Latency: 769675 ms
2026-04-12 17:52:59 [INFO] [Rank 1] Finished. Latency: 769675 ms
2026-04-12 17:52:59 [INFO] [Rank 0] Finished. Latency: 769675 ms
2026-04-12 17:52:59 [INFO] [Rank 3] Finished. Latency: 769680 ms
2026-04-12 17:53:03 [INFO] Total latency:     769675 ms
2026-04-12 17:53:03 [INFO] Peak 5GB memory:   3950 MB
2026-04-12 17:53:03 [INFO] Avg  5GB memory:   1463 MB
2026-04-12 17:53:03 [INFO] [220/245] Split [30, 6, 4, 0] | Batch: 64 | Microbatch: 2 | Microbatches: 32
2026-04-12 17:53:03 [INFO] Loading WikiText... (SEQ_LEN=64, BATCH=64)
2026-04-12 17:53:18 [INFO] [Rank 3] Loading weights...
2026-04-12 17:53:20 [INFO] [Rank 3] Weights loaded.
2026-04-12 17:53:29 [INFO] [Rank 2] Loading weights...
2026-04-12 17:53:33 [INFO] [Rank 2] Weights loaded.
2026-04-12 17:53:36 [INFO] [Rank 1] Loading weights...
2026-04-12 17:53:41 [INFO] [Rank 1] Weights loaded.
2026-04-12 17:55:13 [INFO] [Rank 0] Loading weights...
2026-04-12 17:55:28 [INFO] [Rank 0] Weights loaded.
2026-04-12 18:20:34 [INFO] [Rank 2] Finished. Latency: 1505618 ms
2026-04-12 18:20:34 [INFO] [Rank 0] Finished. Latency: 1505618 ms
2026-04-12 18:20:34 [INFO] [Rank 1] Finished. Latency: 1505618 ms
2026-04-12 18:20:34 [INFO] [Rank 3] Finished. Latency: 1505623 ms
2026-04-12 18:20:36 [ERROR] Hang detected: ranks still alive after timeout: 0
2026-04-12 18:20:38 [INFO] [221/245] Split [30, 7, 2, 1] | Batch: 64 | Microbatch: 32 | Microbatches: 2
2026-04-12 18:20:38 [INFO] Loading WikiText... (SEQ_LEN=64, BATCH=64)
2026-04-12 18:20:56 [INFO] [Rank 2] Loading weights...
2026-04-12 18:20:57 [INFO] [Rank 3] Loading weights...
2026-04-12 18:20:59 [INFO] [Rank 2] Weights loaded.
2026-04-12 18:21:00 [INFO] [Rank 3] Weights loaded.
2026-04-12 18:21:19 [INFO] [Rank 1] Loading weights...
2026-04-12 18:21:24 [INFO] [Rank 1] Weights loaded.
2026-04-12 18:22:49 [INFO] [Rank 0] Loading weights...
2026-04-12 18:23:04 [INFO] [Rank 0] Weights loaded.
2026-04-12 18:25:03 [INFO] [Rank 2] Finished. Latency: 119100 ms
2026-04-12 18:25:03 [INFO] [Rank 1] Finished. Latency: 119100 ms
2026-04-12 18:25:03 [INFO] [Rank 0] Finished. Latency: 119100 ms
2026-04-12 18:25:03 [INFO] [Rank 3] Finished. Latency: 119112 ms
2026-04-12 18:25:07 [INFO] Total latency:     119100 ms
2026-04-12 18:25:07 [INFO] Peak 5GB memory:   5010 MB
2026-04-12 18:25:07 [INFO] Avg  5GB memory:   2621 MB
2026-04-12 18:25:07 [INFO] [222/245] Split [30, 7, 2, 1] | Batch: 64 | Microbatch: 16 | Microbatches: 4
2026-04-12 18:25:07 [INFO] Loading WikiText... (SEQ_LEN=64, BATCH=64)
2026-04-12 18:25:10 [WARNING] '('Connection broken: IncompleteRead(0 bytes read, 65536 more expected)', IncompleteRead(0 bytes read, 65536 more expected))' thrown while requesting GET https://huggingface.co/datasets/wikitext/resolve/b08601e04326c79dfdd32d625aee71d232d685c3/wikitext-2-raw-v1/test-00000-of-00001.parquet
2026-04-12 18:25:10 [WARNING] Retrying in 1s [Retry 1/5].
2026-04-12 18:25:28 [INFO] [Rank 2] Loading weights...
2026-04-12 18:25:29 [INFO] [Rank 3] Loading weights...
2026-04-12 18:25:31 [INFO] [Rank 2] Weights loaded.
2026-04-12 18:25:32 [INFO] [Rank 3] Weights loaded.
2026-04-12 18:25:48 [INFO] [Rank 1] Loading weights...
2026-04-12 18:25:54 [INFO] [Rank 1] Weights loaded.
2026-04-12 18:27:21 [INFO] [Rank 0] Loading weights...
2026-04-12 18:27:36 [INFO] [Rank 0] Weights loaded.
2026-04-12 18:31:05 [INFO] [Rank 2] Finished. Latency: 209211 ms
2026-04-12 18:31:05 [INFO] [Rank 1] Finished. Latency: 209211 ms
2026-04-12 18:31:05 [INFO] [Rank 0] Finished. Latency: 209211 ms
2026-04-12 18:31:05 [INFO] [Rank 3] Finished. Latency: 209221 ms
2026-04-12 18:31:09 [INFO] Total latency:     209211 ms
2026-04-12 18:31:09 [INFO] Peak 5GB memory:   5010 MB
2026-04-12 18:31:09 [INFO] Avg  5GB memory:   2613 MB
2026-04-12 18:31:09 [INFO] [223/245] Split [30, 7, 2, 1] | Batch: 64 | Microbatch: 8 | Microbatches: 8
2026-04-12 18:31:09 [INFO] Loading WikiText... (SEQ_LEN=64, BATCH=64)
2026-04-12 18:31:27 [INFO] [Rank 2] Loading weights...
2026-04-12 18:31:28 [INFO] [Rank 3] Loading weights...
2026-04-12 18:31:30 [INFO] [Rank 2] Weights loaded.
2026-04-12 18:31:31 [INFO] [Rank 3] Weights loaded.
2026-04-12 18:31:47 [INFO] [Rank 1] Loading weights...
2026-04-12 18:31:52 [INFO] [Rank 1] Weights loaded.
2026-04-12 18:33:20 [INFO] [Rank 0] Loading weights...
2026-04-12 18:33:35 [INFO] [Rank 0] Weights loaded.
2026-04-12 18:40:04 [INFO] [Rank 1] Finished. Latency: 389143 ms
2026-04-12 18:40:04 [INFO] [Rank 2] Finished. Latency: 389143 ms
2026-04-12 18:40:04 [INFO] [Rank 0] Finished. Latency: 389143 ms
2026-04-12 18:40:04 [INFO] [Rank 3] Finished. Latency: 389153 ms
2026-04-12 18:40:08 [INFO] Total latency:     389143 ms
2026-04-12 18:40:08 [INFO] Peak 5GB memory:   3730 MB
2026-04-12 18:40:08 [INFO] Avg  5GB memory:   2574 MB
2026-04-12 18:40:08 [INFO] [224/245] Split [30, 7, 2, 1] | Batch: 64 | Microbatch: 4 | Microbatches: 16
2026-04-12 18:40:08 [INFO] Loading WikiText... (SEQ_LEN=64, BATCH=64)
2026-04-12 18:40:11 [WARNING] '('Connection broken: IncompleteRead(0 bytes read, 732606 more expected)', IncompleteRead(0 bytes read, 732606 more expected))' thrown while requesting GET https://huggingface.co/datasets/wikitext/resolve/b08601e04326c79dfdd32d625aee71d232d685c3/wikitext-2-raw-v1/test-00000-of-00001.parquet
2026-04-12 18:40:11 [WARNING] Retrying in 1s [Retry 1/5].
2026-04-12 18:40:29 [INFO] [Rank 2] Loading weights...
2026-04-12 18:40:30 [INFO] [Rank 3] Loading weights...
2026-04-12 18:40:32 [INFO] [Rank 2] Weights loaded.
2026-04-12 18:40:33 [INFO] [Rank 3] Weights loaded.
2026-04-12 18:40:48 [INFO] [Rank 1] Loading weights...
2026-04-12 18:40:54 [INFO] [Rank 1] Weights loaded.
2026-04-12 18:42:22 [INFO] [Rank 0] Loading weights...
2026-04-12 18:42:37 [INFO] [Rank 0] Weights loaded.
2026-04-12 18:55:06 [INFO] [Rank 1] Finished. Latency: 749674 ms
2026-04-12 18:55:06 [INFO] [Rank 2] Finished. Latency: 749674 ms
2026-04-12 18:55:06 [INFO] [Rank 0] Finished. Latency: 749674 ms
2026-04-12 18:55:06 [INFO] [Rank 3] Finished. Latency: 749683 ms
2026-04-12 18:55:10 [INFO] Total latency:     749674 ms
2026-04-12 18:55:10 [INFO] Peak 5GB memory:   5010 MB
2026-04-12 18:55:10 [INFO] Avg  5GB memory:   2606 MB
2026-04-12 18:55:10 [INFO] [225/245] Split [30, 7, 2, 1] | Batch: 64 | Microbatch: 2 | Microbatches: 32
2026-04-12 18:55:10 [INFO] Loading WikiText... (SEQ_LEN=64, BATCH=64)
2026-04-12 18:55:29 [INFO] [Rank 2] Loading weights...
2026-04-12 18:55:30 [INFO] [Rank 3] Loading weights...
2026-04-12 18:55:32 [INFO] [Rank 2] Weights loaded.
2026-04-12 18:55:33 [INFO] [Rank 3] Weights loaded.
2026-04-12 18:55:48 [INFO] [Rank 1] Loading weights...
2026-04-12 18:55:54 [INFO] [Rank 1] Weights loaded.
2026-04-12 18:57:21 [INFO] [Rank 0] Loading weights...
2026-04-12 18:57:36 [INFO] [Rank 0] Weights loaded.
2026-04-12 19:22:06 [INFO] [Rank 2] Finished. Latency: 1469218 ms
2026-04-12 19:22:06 [INFO] [Rank 1] Finished. Latency: 1469218 ms
2026-04-12 19:22:06 [INFO] [Rank 0] Finished. Latency: 1469218 ms
2026-04-12 19:22:06 [INFO] [Rank 3] Finished. Latency: 1469227 ms
2026-04-12 19:22:07 [ERROR] Hang detected: ranks still alive after timeout: 0
2026-04-12 19:22:10 [INFO] [226/245] Split [30, 7, 3, 0] | Batch: 64 | Microbatch: 32 | Microbatches: 2
2026-04-12 19:22:10 [INFO] Loading WikiText... (SEQ_LEN=64, BATCH=64)
2026-04-12 19:22:25 [INFO] [Rank 3] Loading weights...
2026-04-12 19:22:28 [INFO] [Rank 3] Weights loaded.
2026-04-12 19:22:32 [INFO] [Rank 2] Loading weights...
2026-04-12 19:22:36 [INFO] [Rank 2] Weights loaded.
2026-04-12 19:22:48 [INFO] [Rank 1] Loading weights...
2026-04-12 19:22:54 [INFO] [Rank 1] Weights loaded.
2026-04-12 19:24:21 [INFO] [Rank 0] Loading weights...
2026-04-12 19:24:36 [INFO] [Rank 0] Weights loaded.
2026-04-12 19:26:35 [INFO] [Rank 2] Finished. Latency: 118920 ms
2026-04-12 19:26:35 [INFO] [Rank 1] Finished. Latency: 118920 ms
2026-04-12 19:26:35 [INFO] [Rank 0] Finished. Latency: 118920 ms
2026-04-12 19:26:35 [INFO] [Rank 3] Finished. Latency: 118926 ms
2026-04-12 19:26:39 [INFO] Total latency:     118920 ms
2026-04-12 19:26:39 [INFO] Peak 5GB memory:   2670 MB
2026-04-12 19:26:39 [INFO] Avg  5GB memory:   1436 MB
2026-04-12 19:26:39 [INFO] [227/245] Split [30, 7, 3, 0] | Batch: 64 | Microbatch: 16 | Microbatches: 4
2026-04-12 19:26:39 [INFO] Loading WikiText... (SEQ_LEN=64, BATCH=64)
2026-04-12 19:26:54 [INFO] [Rank 3] Loading weights...
2026-04-12 19:26:56 [INFO] [Rank 3] Weights loaded.
2026-04-12 19:27:01 [INFO] [Rank 2] Loading weights...
2026-04-12 19:27:05 [INFO] [Rank 2] Weights loaded.
2026-04-12 19:27:17 [INFO] [Rank 1] Loading weights...
2026-04-12 19:27:22 [INFO] [Rank 1] Weights loaded.
2026-04-12 19:28:50 [INFO] [Rank 0] Loading weights...
2026-04-12 19:29:05 [INFO] [Rank 0] Weights loaded.
2026-04-12 19:32:34 [INFO] [Rank 1] Finished. Latency: 208773 ms
2026-04-12 19:32:34 [INFO] [Rank 2] Finished. Latency: 208773 ms
2026-04-12 19:32:34 [INFO] [Rank 0] Finished. Latency: 208773 ms
2026-04-12 19:32:34 [INFO] [Rank 3] Finished. Latency: 208778 ms
2026-04-12 19:32:38 [INFO] Total latency:     208773 ms
2026-04-12 19:32:38 [INFO] Peak 5GB memory:   3950 MB
2026-04-12 19:32:38 [INFO] Avg  5GB memory:   1439 MB
2026-04-12 19:32:38 [INFO] [228/245] Split [30, 7, 3, 0] | Batch: 64 | Microbatch: 8 | Microbatches: 8
2026-04-12 19:32:38 [INFO] Loading WikiText... (SEQ_LEN=64, BATCH=64)
2026-04-12 19:32:52 [INFO] [Rank 3] Loading weights...
2026-04-12 19:32:55 [INFO] [Rank 3] Weights loaded.
2026-04-12 19:32:59 [INFO] [Rank 2] Loading weights...
2026-04-12 19:33:03 [INFO] [Rank 2] Weights loaded.
2026-04-12 19:33:15 [INFO] [Rank 1] Loading weights...
2026-04-12 19:33:21 [INFO] [Rank 1] Weights loaded.
2026-04-12 19:34:48 [INFO] [Rank 0] Loading weights...
2026-04-12 19:35:03 [INFO] [Rank 0] Weights loaded.
2026-04-12 19:41:32 [INFO] [Rank 2] Finished. Latency: 388790 ms
2026-04-12 19:41:32 [INFO] [Rank 1] Finished. Latency: 388790 ms
2026-04-12 19:41:32 [INFO] [Rank 0] Finished. Latency: 388790 ms
2026-04-12 19:41:32 [INFO] [Rank 3] Finished. Latency: 388795 ms
2026-04-12 19:41:36 [INFO] Total latency:     388790 ms
2026-04-12 19:41:36 [INFO] Peak 5GB memory:   2670 MB
2026-04-12 19:41:36 [INFO] Avg  5GB memory:   1443 MB
2026-04-12 19:41:36 [INFO] [229/245] Split [30, 7, 3, 0] | Batch: 64 | Microbatch: 4 | Microbatches: 16
2026-04-12 19:41:36 [INFO] Loading WikiText... (SEQ_LEN=64, BATCH=64)
2026-04-12 19:41:52 [INFO] [Rank 3] Loading weights...
2026-04-12 19:41:54 [INFO] [Rank 3] Weights loaded.
2026-04-12 19:41:59 [INFO] [Rank 2] Loading weights...
2026-04-12 19:42:02 [INFO] [Rank 2] Weights loaded.
2026-04-12 19:42:14 [INFO] [Rank 1] Loading weights...
2026-04-12 19:42:20 [INFO] [Rank 1] Weights loaded.
2026-04-12 19:43:47 [INFO] [Rank 0] Loading weights...
2026-04-12 19:44:03 [INFO] [Rank 0] Weights loaded.
2026-04-12 19:56:32 [INFO] [Rank 2] Finished. Latency: 749682 ms
2026-04-12 19:56:32 [INFO] [Rank 0] Finished. Latency: 749682 ms
2026-04-12 19:56:32 [INFO] [Rank 1] Finished. Latency: 749682 ms
2026-04-12 19:56:32 [INFO] [Rank 3] Finished. Latency: 749687 ms
2026-04-12 19:56:36 [INFO] Total latency:     749682 ms
2026-04-12 19:56:36 [INFO] Peak 5GB memory:   2670 MB
2026-04-12 19:56:36 [INFO] Avg  5GB memory:   1461 MB
2026-04-12 19:56:36 [INFO] [230/245] Split [30, 7, 3, 0] | Batch: 64 | Microbatch: 2 | Microbatches: 32
2026-04-12 19:56:36 [INFO] Loading WikiText... (SEQ_LEN=64, BATCH=64)
2026-04-12 19:56:51 [INFO] [Rank 3] Loading weights...
2026-04-12 19:56:54 [INFO] [Rank 3] Weights loaded.
2026-04-12 19:56:58 [INFO] [Rank 2] Loading weights...
2026-04-12 19:57:01 [INFO] [Rank 2] Weights loaded.
2026-04-12 19:57:14 [INFO] [Rank 1] Loading weights...
2026-04-12 19:57:19 [INFO] [Rank 1] Weights loaded.
2026-04-12 19:58:47 [INFO] [Rank 0] Loading weights...
2026-04-12 19:59:02 [INFO] [Rank 0] Weights loaded.
2026-04-12 20:23:33 [INFO] [Rank 1] Finished. Latency: 1470967 ms
2026-04-12 20:23:33 [INFO] [Rank 2] Finished. Latency: 1470967 ms
2026-04-12 20:23:33 [INFO] [Rank 0] Finished. Latency: 1470967 ms
2026-04-12 20:23:33 [INFO] [Rank 3] Finished. Latency: 1470972 ms
2026-04-12 20:23:34 [ERROR] Hang detected: ranks still alive after timeout: 0
2026-04-12 20:23:37 [INFO] [231/245] Split [30, 8, 1, 1] | Batch: 64 | Microbatch: 32 | Microbatches: 2
2026-04-12 20:23:37 [INFO] Loading WikiText... (SEQ_LEN=64, BATCH=64)
2026-04-12 20:23:40 [WARNING] '('Connection broken: IncompleteRead(0 bytes read, 65536 more expected)', IncompleteRead(0 bytes read, 65536 more expected))' thrown while requesting GET https://huggingface.co/datasets/wikitext/resolve/b08601e04326c79dfdd32d625aee71d232d685c3/wikitext-2-raw-v1/test-00000-of-00001.parquet
2026-04-12 20:23:40 [WARNING] Retrying in 1s [Retry 1/5].
2026-04-12 20:23:53 [INFO] [Rank 2] Loading weights...
2026-04-12 20:23:56 [INFO] [Rank 2] Weights loaded.
2026-04-12 20:23:58 [INFO] [Rank 3] Loading weights...
2026-04-12 20:24:01 [INFO] [Rank 3] Weights loaded.
2026-04-12 20:24:21 [INFO] [Rank 1] Loading weights...
2026-04-12 20:24:27 [INFO] [Rank 1] Weights loaded.
2026-04-12 20:25:49 [INFO] [Rank 0] Loading weights...
2026-04-12 20:26:04 [INFO] [Rank 0] Weights loaded.
2026-04-12 20:28:00 [INFO] [Rank 2] Finished. Latency: 115341 ms
2026-04-12 20:28:00 [INFO] [Rank 1] Finished. Latency: 115341 ms
2026-04-12 20:28:00 [INFO] [Rank 0] Finished. Latency: 115341 ms
2026-04-12 20:28:00 [INFO] [Rank 3] Finished. Latency: 115353 ms
2026-04-12 20:28:04 [INFO] Total latency:     115341 ms
2026-04-12 20:28:04 [INFO] Peak 5GB memory:   3730 MB
2026-04-12 20:28:04 [INFO] Avg  5GB memory:   2616 MB
2026-04-12 20:28:04 [INFO] [232/245] Split [30, 8, 1, 1] | Batch: 64 | Microbatch: 16 | Microbatches: 4
2026-04-12 20:28:04 [INFO] Loading WikiText... (SEQ_LEN=64, BATCH=64)
2026-04-12 20:28:18 [INFO] [Rank 2] Loading weights...
2026-04-12 20:28:21 [INFO] [Rank 2] Weights loaded.
2026-04-12 20:28:23 [INFO] [Rank 3] Loading weights...
2026-04-12 20:28:26 [INFO] [Rank 3] Weights loaded.
2026-04-12 20:28:46 [INFO] [Rank 1] Loading weights...
2026-04-12 20:28:52 [INFO] [Rank 1] Weights loaded.
2026-04-12 20:30:14 [INFO] [Rank 0] Loading weights...
2026-04-12 20:30:29 [INFO] [Rank 0] Weights loaded.
2026-04-12 20:33:54 [INFO] [Rank 1] Finished. Latency: 204101 ms
2026-04-12 20:33:54 [INFO] [Rank 2] Finished. Latency: 204101 ms
2026-04-12 20:33:54 [INFO] [Rank 0] Finished. Latency: 204101 ms
2026-04-12 20:33:54 [INFO] [Rank 3] Finished. Latency: 204111 ms
2026-04-12 20:33:58 [INFO] Total latency:     204101 ms
2026-04-12 20:33:58 [INFO] Peak 5GB memory:   5010 MB
2026-04-12 20:33:58 [INFO] Avg  5GB memory:   2610 MB
2026-04-12 20:33:58 [INFO] [233/245] Split [30, 8, 1, 1] | Batch: 64 | Microbatch: 8 | Microbatches: 8
2026-04-12 20:33:58 [INFO] Loading WikiText... (SEQ_LEN=64, BATCH=64)
2026-04-12 20:34:12 [INFO] [Rank 2] Loading weights...
2026-04-12 20:34:14 [INFO] [Rank 2] Weights loaded.
2026-04-12 20:34:17 [INFO] [Rank 3] Loading weights...
2026-04-12 20:34:20 [INFO] [Rank 3] Weights loaded.
2026-04-12 20:34:39 [INFO] [Rank 1] Loading weights...
2026-04-12 20:34:45 [INFO] [Rank 1] Weights loaded.
2026-04-12 20:36:08 [INFO] [Rank 0] Loading weights...
2026-04-12 20:36:23 [INFO] [Rank 0] Weights loaded.
2026-04-12 20:42:43 [INFO] [Rank 2] Finished. Latency: 379366 ms
2026-04-12 20:42:43 [INFO] [Rank 0] Finished. Latency: 379366 ms
2026-04-12 20:42:43 [INFO] [Rank 1] Finished. Latency: 379367 ms
2026-04-12 20:42:43 [INFO] [Rank 3] Finished. Latency: 379376 ms
2026-04-12 20:42:47 [INFO] Total latency:     379366 ms
2026-04-12 20:42:47 [INFO] Peak 5GB memory:   5010 MB
2026-04-12 20:42:47 [INFO] Avg  5GB memory:   2574 MB
2026-04-12 20:42:47 [INFO] [234/245] Split [30, 8, 1, 1] | Batch: 64 | Microbatch: 4 | Microbatches: 16
2026-04-12 20:42:47 [INFO] Loading WikiText... (SEQ_LEN=64, BATCH=64)
2026-04-12 20:42:50 [WARNING] '('Connection broken: IncompleteRead(0 bytes read, 732606 more expected)', IncompleteRead(0 bytes read, 732606 more expected))' thrown while requesting GET https://huggingface.co/datasets/wikitext/resolve/b08601e04326c79dfdd32d625aee71d232d685c3/wikitext-2-raw-v1/test-00000-of-00001.parquet
2026-04-12 20:42:50 [WARNING] Retrying in 1s [Retry 1/5].
2026-04-12 20:43:03 [INFO] [Rank 2] Loading weights...
2026-04-12 20:43:06 [INFO] [Rank 2] Weights loaded.
2026-04-12 20:43:08 [INFO] [Rank 3] Loading weights...
2026-04-12 20:43:11 [INFO] [Rank 3] Weights loaded.
2026-04-12 20:43:31 [INFO] [Rank 1] Loading weights...
2026-04-12 20:43:37 [INFO] [Rank 1] Weights loaded.
2026-04-12 20:45:00 [INFO] [Rank 0] Loading weights...
2026-04-12 20:45:15 [INFO] [Rank 0] Weights loaded.
2026-04-12 20:57:29 [INFO] [Rank 2] Finished. Latency: 733449 ms
2026-04-12 20:57:29 [INFO] [Rank 1] Finished. Latency: 733449 ms
2026-04-12 20:57:29 [INFO] [Rank 0] Finished. Latency: 733449 ms
2026-04-12 20:57:29 [INFO] [Rank 3] Finished. Latency: 733458 ms
2026-04-12 20:57:33 [INFO] Total latency:     733449 ms
2026-04-12 20:57:33 [INFO] Peak 5GB memory:   5010 MB
2026-04-12 20:57:33 [INFO] Avg  5GB memory:   2607 MB
2026-04-12 20:57:33 [INFO] [235/245] Split [30, 8, 1, 1] | Batch: 64 | Microbatch: 2 | Microbatches: 32
2026-04-12 20:57:33 [INFO] Loading WikiText... (SEQ_LEN=64, BATCH=64)
2026-04-12 20:57:47 [INFO] [Rank 2] Loading weights...
2026-04-12 20:57:50 [INFO] [Rank 2] Weights loaded.
2026-04-12 20:57:52 [INFO] [Rank 3] Loading weights...
2026-04-12 20:57:55 [INFO] [Rank 3] Weights loaded.
2026-04-12 20:58:15 [INFO] [Rank 1] Loading weights...
2026-04-12 20:58:21 [INFO] [Rank 1] Weights loaded.
2026-04-12 20:59:44 [INFO] [Rank 0] Loading weights...
2026-04-12 20:59:59 [INFO] [Rank 0] Weights loaded.
2026-04-12 21:23:55 [INFO] [Rank 1] Finished. Latency: 1435856 ms
2026-04-12 21:23:55 [INFO] [Rank 2] Finished. Latency: 1435856 ms
2026-04-12 21:23:55 [INFO] [Rank 0] Finished. Latency: 1435856 ms
2026-04-12 21:23:55 [INFO] [Rank 3] Finished. Latency: 1435865 ms
2026-04-12 21:23:57 [ERROR] Hang detected: ranks still alive after timeout: 0
2026-04-12 21:23:59 [INFO] [236/245] Split [30, 8, 2, 0] | Batch: 64 | Microbatch: 32 | Microbatches: 2
2026-04-12 21:23:59 [INFO] Loading WikiText... (SEQ_LEN=64, BATCH=64)
2026-04-12 21:24:15 [INFO] [Rank 3] Loading weights...
2026-04-12 21:24:17 [INFO] [Rank 3] Weights loaded.
2026-04-12 21:24:18 [INFO] [Rank 2] Loading weights...
2026-04-12 21:24:21 [INFO] [Rank 2] Weights loaded.
2026-04-12 21:24:41 [INFO] [Rank 1] Loading weights...
2026-04-12 21:24:47 [INFO] [Rank 1] Weights loaded.
2026-04-12 21:26:10 [INFO] [Rank 0] Loading weights...
2026-04-12 21:26:25 [INFO] [Rank 0] Weights loaded.
2026-04-12 21:28:22 [INFO] [Rank 2] Finished. Latency: 115966 ms
2026-04-12 21:28:22 [INFO] [Rank 1] Finished. Latency: 115965 ms
2026-04-12 21:28:22 [INFO] [Rank 0] Finished. Latency: 115966 ms
2026-04-12 21:28:22 [INFO] [Rank 3] Finished. Latency: 115972 ms
2026-04-12 21:28:26 [INFO] Total latency:     115966 ms
2026-04-12 21:28:26 [INFO] Peak 5GB memory:   3950 MB
2026-04-12 21:28:26 [INFO] Avg  5GB memory:   1443 MB
2026-04-12 21:28:26 [INFO] [237/245] Split [30, 8, 2, 0] | Batch: 64 | Microbatch: 16 | Microbatches: 4
2026-04-12 21:28:26 [INFO] Loading WikiText... (SEQ_LEN=64, BATCH=64)
2026-04-12 21:28:41 [INFO] [Rank 3] Loading weights...
2026-04-12 21:28:43 [INFO] [Rank 3] Weights loaded.
2026-04-12 21:28:44 [INFO] [Rank 2] Loading weights...
2026-04-12 21:28:47 [INFO] [Rank 2] Weights loaded.
2026-04-12 21:29:08 [INFO] [Rank 1] Loading weights...
2026-04-12 21:29:14 [INFO] [Rank 1] Weights loaded.
2026-04-12 21:30:36 [INFO] [Rank 0] Loading weights...
2026-04-12 21:30:52 [INFO] [Rank 0] Weights loaded.
2026-04-12 21:34:16 [INFO] [Rank 2] Finished. Latency: 204232 ms
2026-04-12 21:34:16 [INFO] [Rank 1] Finished. Latency: 204232 ms
2026-04-12 21:34:16 [INFO] [Rank 0] Finished. Latency: 204232 ms
2026-04-12 21:34:16 [INFO] [Rank 3] Finished. Latency: 204237 ms
2026-04-12 21:34:20 [INFO] Total latency:     204232 ms
2026-04-12 21:34:20 [INFO] Peak 5GB memory:   3950 MB
2026-04-12 21:34:20 [INFO] Avg  5GB memory:   1437 MB
2026-04-12 21:34:20 [INFO] [238/245] Split [30, 8, 2, 0] | Batch: 64 | Microbatch: 8 | Microbatches: 8
2026-04-12 21:34:20 [INFO] Loading WikiText... (SEQ_LEN=64, BATCH=64)
2026-04-12 21:34:35 [INFO] [Rank 3] Loading weights...
2026-04-12 21:34:38 [INFO] [Rank 3] Weights loaded.
2026-04-12 21:34:38 [INFO] [Rank 2] Loading weights...
2026-04-12 21:34:41 [INFO] [Rank 2] Weights loaded.
2026-04-12 21:35:02 [INFO] [Rank 1] Loading weights...
2026-04-12 21:35:08 [INFO] [Rank 1] Weights loaded.
2026-04-12 21:36:31 [INFO] [Rank 0] Loading weights...
2026-04-12 21:36:46 [INFO] [Rank 0] Weights loaded.
2026-04-12 21:43:06 [INFO] [Rank 2] Finished. Latency: 380040 ms
2026-04-12 21:43:06 [INFO] [Rank 1] Finished. Latency: 380040 ms
2026-04-12 21:43:06 [INFO] [Rank 0] Finished. Latency: 380040 ms
2026-04-12 21:43:06 [INFO] [Rank 3] Finished. Latency: 380045 ms
2026-04-12 21:43:11 [INFO] Total latency:     380040 ms
2026-04-12 21:43:11 [INFO] Peak 5GB memory:   3950 MB
2026-04-12 21:43:11 [INFO] Avg  5GB memory:   1441 MB
2026-04-12 21:43:11 [INFO] [239/245] Split [30, 8, 2, 0] | Batch: 64 | Microbatch: 4 | Microbatches: 16
2026-04-12 21:43:11 [INFO] Loading WikiText... (SEQ_LEN=64, BATCH=64)
2026-04-12 21:43:26 [INFO] [Rank 3] Loading weights...
2026-04-12 21:43:29 [INFO] [Rank 3] Weights loaded.
2026-04-12 21:43:29 [INFO] [Rank 2] Loading weights...
2026-04-12 21:43:32 [INFO] [Rank 2] Weights loaded.
2026-04-12 21:43:53 [INFO] [Rank 1] Loading weights...
2026-04-12 21:43:59 [INFO] [Rank 1] Weights loaded.
2026-04-12 21:45:22 [INFO] [Rank 0] Loading weights...
2026-04-12 21:45:37 [INFO] [Rank 0] Weights loaded.
2026-04-12 21:57:50 [INFO] [Rank 1] Finished. Latency: 732884 ms
2026-04-12 21:57:50 [INFO] [Rank 2] Finished. Latency: 732883 ms
2026-04-12 21:57:50 [INFO] [Rank 0] Finished. Latency: 732884 ms
2026-04-12 21:57:50 [INFO] [Rank 3] Finished. Latency: 732889 ms
2026-04-12 21:57:54 [INFO] Total latency:     732884 ms
2026-04-12 21:57:54 [INFO] Peak 5GB memory:   3950 MB
2026-04-12 21:57:54 [INFO] Avg  5GB memory:   1462 MB
2026-04-12 21:57:54 [INFO] [240/245] Split [30, 8, 2, 0] | Batch: 64 | Microbatch: 2 | Microbatches: 32
2026-04-12 21:57:54 [INFO] Loading WikiText... (SEQ_LEN=64, BATCH=64)
2026-04-12 21:58:10 [INFO] [Rank 3] Loading weights...
2026-04-12 21:58:12 [INFO] [Rank 3] Weights loaded.
2026-04-12 21:58:13 [INFO] [Rank 2] Loading weights...
2026-04-12 21:58:16 [INFO] [Rank 2] Weights loaded.
2026-04-12 21:58:36 [INFO] [Rank 1] Loading weights...
2026-04-12 21:58:43 [INFO] [Rank 1] Weights loaded.
2026-04-12 22:00:08 [INFO] [Rank 0] Loading weights...
2026-04-12 22:00:23 [INFO] [Rank 0] Weights loaded.
2026-04-12 22:24:18 [INFO] [Rank 0] Finished. Latency: 1434788 ms
2026-04-12 22:24:18 [INFO] [Rank 2] Finished. Latency: 1434788 ms
2026-04-12 22:24:18 [INFO] [Rank 1] Finished. Latency: 1434788 ms
2026-04-12 22:24:18 [INFO] [Rank 3] Finished. Latency: 1434793 ms
2026-04-12 22:24:20 [ERROR] Hang detected: ranks still alive after timeout: 0
2026-04-12 22:24:22 [INFO] [241/245] Split [30, 9, 1, 0] | Batch: 64 | Microbatch: 32 | Microbatches: 2
2026-04-12 22:24:22 [INFO] Loading WikiText... (SEQ_LEN=64, BATCH=64)
2026-04-12 22:24:36 [INFO] [Rank 2] Loading weights...
2026-04-12 22:24:37 [INFO] [Rank 3] Loading weights...
2026-04-12 22:24:39 [INFO] [Rank 2] Weights loaded.
2026-04-12 22:24:39 [INFO] [Rank 3] Weights loaded.
2026-04-12 22:25:07 [INFO] [Rank 1] Loading weights...
2026-04-12 22:25:14 [INFO] [Rank 1] Weights loaded.
2026-04-12 22:26:34 [INFO] [Rank 0] Loading weights...
2026-04-12 22:26:49 [INFO] [Rank 0] Weights loaded.
2026-04-12 22:28:42 [INFO] [Rank 1] Finished. Latency: 112722 ms
2026-04-12 22:28:42 [INFO] [Rank 2] Finished. Latency: 112722 ms
2026-04-12 22:28:42 [INFO] [Rank 0] Finished. Latency: 112722 ms
2026-04-12 22:28:42 [INFO] [Rank 3] Finished. Latency: 112728 ms
2026-04-12 22:28:46 [INFO] Total latency:     112722 ms
2026-04-12 22:28:46 [INFO] Peak 5GB memory:   2670 MB
2026-04-12 22:28:46 [INFO] Avg  5GB memory:   1436 MB
2026-04-12 22:28:46 [INFO] [242/245] Split [30, 9, 1, 0] | Batch: 64 | Microbatch: 16 | Microbatches: 4
2026-04-12 22:28:46 [INFO] Loading WikiText... (SEQ_LEN=64, BATCH=64)
2026-04-12 22:29:00 [INFO] [Rank 2] Loading weights...
2026-04-12 22:29:01 [INFO] [Rank 3] Loading weights...
2026-04-12 22:29:02 [INFO] [Rank 2] Weights loaded.
2026-04-12 22:29:03 [INFO] [Rank 3] Weights loaded.
2026-04-12 22:29:31 [INFO] [Rank 1] Loading weights...
2026-04-12 22:29:37 [INFO] [Rank 1] Weights loaded.
2026-04-12 22:30:57 [INFO] [Rank 0] Loading weights...
2026-04-12 22:31:12 [INFO] [Rank 0] Weights loaded.
2026-04-12 22:34:31 [INFO] [Rank 1] Finished. Latency: 198654 ms
2026-04-12 22:34:31 [INFO] [Rank 2] Finished. Latency: 198654 ms
2026-04-12 22:34:31 [INFO] [Rank 0] Finished. Latency: 198654 ms
2026-04-12 22:34:31 [INFO] [Rank 3] Finished. Latency: 198659 ms
2026-04-12 22:34:35 [INFO] Total latency:     198654 ms
2026-04-12 22:34:35 [INFO] Peak 5GB memory:   3950 MB
2026-04-12 22:34:35 [INFO] Avg  5GB memory:   1438 MB
2026-04-12 22:34:35 [INFO] [243/245] Split [30, 9, 1, 0] | Batch: 64 | Microbatch: 8 | Microbatches: 8
2026-04-12 22:34:35 [INFO] Loading WikiText... (SEQ_LEN=64, BATCH=64)
2026-04-12 22:34:49 [INFO] [Rank 2] Loading weights...
2026-04-12 22:34:50 [INFO] [Rank 3] Loading weights...
2026-04-12 22:34:51 [INFO] [Rank 2] Weights loaded.
2026-04-12 22:34:52 [INFO] [Rank 3] Weights loaded.
2026-04-12 22:35:20 [INFO] [Rank 1] Loading weights...
2026-04-12 22:35:27 [INFO] [Rank 1] Weights loaded.
2026-04-12 22:36:45 [INFO] [Rank 0] Loading weights...
2026-04-12 22:37:00 [INFO] [Rank 0] Weights loaded.
2026-04-12 22:43:10 [INFO] [Rank 1] Finished. Latency: 369468 ms
2026-04-12 22:43:10 [INFO] [Rank 2] Finished. Latency: 369468 ms
2026-04-12 22:43:10 [INFO] [Rank 0] Finished. Latency: 369469 ms
2026-04-12 22:43:10 [INFO] [Rank 3] Finished. Latency: 369474 ms
2026-04-12 22:43:14 [INFO] Total latency:     369469 ms
2026-04-12 22:43:14 [INFO] Peak 5GB memory:   3950 MB
2026-04-12 22:43:14 [INFO] Avg  5GB memory:   1440 MB
2026-04-12 22:43:14 [INFO] [244/245] Split [30, 9, 1, 0] | Batch: 64 | Microbatch: 4 | Microbatches: 16
2026-04-12 22:43:14 [INFO] Loading WikiText... (SEQ_LEN=64, BATCH=64)
2026-04-12 22:43:28 [INFO] [Rank 2] Loading weights...
2026-04-12 22:43:29 [INFO] [Rank 3] Loading weights...
2026-04-12 22:43:30 [INFO] [Rank 2] Weights loaded.
2026-04-12 22:43:32 [INFO] [Rank 3] Weights loaded.
2026-04-12 22:43:59 [INFO] [Rank 1] Loading weights...
2026-04-12 22:44:06 [INFO] [Rank 1] Weights loaded.
2026-04-12 22:45:24 [INFO] [Rank 0] Loading weights...
2026-04-12 22:45:39 [INFO] [Rank 0] Weights loaded.
2026-04-12 22:57:32 [INFO] [Rank 2] Finished. Latency: 712265 ms
2026-04-12 22:57:32 [INFO] [Rank 1] Finished. Latency: 712265 ms
2026-04-12 22:57:32 [INFO] [Rank 0] Finished. Latency: 712265 ms
2026-04-12 22:57:32 [INFO] [Rank 3] Finished. Latency: 712270 ms
2026-04-12 22:57:36 [INFO] Total latency:     712265 ms
2026-04-12 22:57:36 [INFO] Peak 5GB memory:   3950 MB
2026-04-12 22:57:36 [INFO] Avg  5GB memory:   1462 MB
2026-04-12 22:57:36 [INFO] [245/245] Split [30, 9, 1, 0] | Batch: 64 | Microbatch: 2 | Microbatches: 32
2026-04-12 22:57:36 [INFO] Loading WikiText... (SEQ_LEN=64, BATCH=64)
2026-04-12 22:57:50 [INFO] [Rank 2] Loading weights...
2026-04-12 22:57:51 [INFO] [Rank 3] Loading weights...
2026-04-12 22:57:53 [INFO] [Rank 2] Weights loaded.
2026-04-12 22:57:54 [INFO] [Rank 3] Weights loaded.
2026-04-12 22:58:21 [INFO] [Rank 1] Loading weights...
2026-04-12 22:58:28 [INFO] [Rank 1] Weights loaded.
2026-04-12 22:59:46 [INFO] [Rank 0] Loading weights...
2026-04-12 23:00:01 [INFO] [Rank 0] Weights loaded.
2026-04-12 23:23:15 [INFO] [Rank 2] Finished. Latency: 1393997 ms
2026-04-12 23:23:15 [INFO] [Rank 1] Finished. Latency: 1393997 ms
2026-04-12 23:23:15 [INFO] [Rank 0] Finished. Latency: 1393997 ms
2026-04-12 23:23:15 [INFO] [Rank 3] Finished. Latency: 1394002 ms
2026-04-12 23:23:17 [ERROR] Hang detected: ranks still alive after timeout: 0
2026-04-12 23:23:19 [INFO] --- Best by Latency ---
2026-04-12 23:23:19 [INFO] Split: [30, 9, 1, 0] | Batch: 64 | MB: 32 | Latency: 112722 ms | Peak R2: 1790 MB | Peak R3: 2670 MB
2026-04-12 23:23:19 [INFO] --- Most Memory Efficient (lowest peak 5GB at batch=64) ---
2026-04-12 23:23:19 [INFO] Split: [28, 10, 1, 1] | MB: 8 | Latency: 390262 ms | Peak R2: 1454 MB | Peak R3: 5010 MB
2026-04-12 23:23:19 [INFO] 0 configurations skipped due to OOM
2026-04-12 23:23:19 [INFO] Done.
2026-04-12 23:23:19 [INFO] Benchmark results → mig_benchmark_results.csv
2026-04-12 23:23:19 [INFO] Memory trace      → mig_memory_trace.csv
