2026-04-08 03:47:48 [INFO] Setting up DCGM monitor group...
2026-04-08 03:47:48 [INFO] [1/364] Split [14, 9, 5, 4] | Batch: 64 | Microbatch: 32 | Microbatches: 2
2026-04-08 03:47:48 [INFO] Loading WikiText... (SEQ_LEN=64, BATCH=64)
2026-04-08 03:48:06 [INFO] [Rank 3] Loading weights...
2026-04-08 03:48:06 [INFO] [Rank 2] Loading weights...
2026-04-08 03:48:07 [INFO] [Rank 3] Weights loaded.
2026-04-08 03:48:08 [INFO] [Rank 2] Weights loaded.
2026-04-08 03:48:13 [INFO] [Rank 1] Loading weights...
2026-04-08 03:48:15 [INFO] [Rank 1] Weights loaded.
2026-04-08 03:48:21 [INFO] [Rank 0] Loading weights...
2026-04-08 03:48:24 [INFO] [Rank 0] Weights loaded.
2026-04-08 03:49:43 [INFO] [Rank 2] Finished. Latency: 79147 ms
2026-04-08 03:49:43 [INFO] [Rank 1] Finished. Latency: 79147 ms
2026-04-08 03:49:43 [INFO] [Rank 0] Finished. Latency: 79147 ms
2026-04-08 03:49:43 [INFO] [Rank 3] Finished. Latency: 79161 ms
2026-04-08 03:49:47 [INFO] Total latency:     79147 ms
2026-04-08 03:49:47 [INFO] Peak 5GB memory:   4524 MB
2026-04-08 03:49:47 [INFO] Avg  5GB memory:   2543 MB
2026-04-08 03:49:47 [INFO] [2/364] Split [14, 9, 5, 4] | Batch: 64 | Microbatch: 16 | Microbatches: 4
2026-04-08 03:49:47 [INFO] Loading WikiText... (SEQ_LEN=64, BATCH=64)
2026-04-08 03:50:03 [INFO] [Rank 3] Loading weights...
2026-04-08 03:50:04 [INFO] [Rank 2] Loading weights...
2026-04-08 03:50:05 [INFO] [Rank 3] Weights loaded.
2026-04-08 03:50:05 [INFO] [Rank 2] Weights loaded.
2026-04-08 03:50:10 [INFO] [Rank 1] Loading weights...
2026-04-08 03:50:13 [INFO] [Rank 1] Weights loaded.
2026-04-08 03:50:19 [INFO] [Rank 0] Loading weights...
2026-04-08 03:50:22 [INFO] [Rank 0] Weights loaded.
2026-04-08 03:52:40 [INFO] [Rank 2] Finished. Latency: 137290 ms
2026-04-08 03:52:40 [INFO] [Rank 1] Finished. Latency: 137290 ms
2026-04-08 03:52:40 [INFO] [Rank 0] Finished. Latency: 137290 ms
2026-04-08 03:52:40 [INFO] [Rank 3] Finished. Latency: 137301 ms
2026-04-08 03:52:43 [INFO] Total latency:     137290 ms
2026-04-08 03:52:43 [INFO] Peak 5GB memory:   3348 MB
2026-04-08 03:52:43 [INFO] Avg  5GB memory:   2431 MB
2026-04-08 03:52:43 [INFO] [3/364] Split [14, 9, 5, 4] | Batch: 64 | Microbatch: 8 | Microbatches: 8
2026-04-08 03:52:43 [INFO] Loading WikiText... (SEQ_LEN=64, BATCH=64)
2026-04-08 03:53:01 [INFO] [Rank 3] Loading weights...
2026-04-08 03:53:01 [INFO] [Rank 2] Loading weights...
2026-04-08 03:53:02 [INFO] [Rank 3] Weights loaded.
2026-04-08 03:53:03 [INFO] [Rank 2] Weights loaded.
2026-04-08 03:53:08 [INFO] [Rank 1] Loading weights...
2026-04-08 03:53:10 [INFO] [Rank 1] Weights loaded.
2026-04-08 03:53:16 [INFO] [Rank 0] Loading weights...
2026-04-08 03:53:19 [INFO] [Rank 0] Weights loaded.
2026-04-08 03:57:35 [INFO] [Rank 2] Finished. Latency: 256000 ms
2026-04-08 03:57:35 [INFO] [Rank 1] Finished. Latency: 256000 ms
2026-04-08 03:57:35 [INFO] [Rank 0] Finished. Latency: 256000 ms
2026-04-08 03:57:35 [INFO] [Rank 3] Finished. Latency: 256010 ms
2026-04-08 03:57:39 [INFO] Total latency:     256000 ms
2026-04-08 03:57:39 [INFO] Peak 5GB memory:   2848 MB
2026-04-08 03:57:39 [INFO] Avg  5GB memory:   2428 MB
2026-04-08 03:57:39 [INFO] [4/364] Split [14, 9, 5, 4] | Batch: 64 | Microbatch: 4 | Microbatches: 16
2026-04-08 03:57:39 [INFO] Loading WikiText... (SEQ_LEN=64, BATCH=64)
2026-04-08 03:57:56 [INFO] [Rank 3] Loading weights...
2026-04-08 03:57:57 [INFO] [Rank 2] Loading weights...
2026-04-08 03:57:58 [INFO] [Rank 3] Weights loaded.
2026-04-08 03:57:58 [INFO] [Rank 2] Weights loaded.
2026-04-08 03:58:03 [INFO] [Rank 1] Loading weights...
2026-04-08 03:58:05 [INFO] [Rank 1] Weights loaded.
2026-04-08 03:58:11 [INFO] [Rank 0] Loading weights...
2026-04-08 03:58:14 [INFO] [Rank 0] Weights loaded.
2026-04-08 04:06:26 [INFO] [Rank 2] Finished. Latency: 491924 ms
2026-04-08 04:06:26 [INFO] [Rank 1] Finished. Latency: 491924 ms
2026-04-08 04:06:26 [INFO] [Rank 0] Finished. Latency: 491924 ms
2026-04-08 04:06:26 [INFO] [Rank 3] Finished. Latency: 491932 ms
2026-04-08 04:06:30 [INFO] Total latency:     491924 ms
2026-04-08 04:06:30 [INFO] Peak 5GB memory:   2896 MB
2026-04-08 04:06:30 [INFO] Avg  5GB memory:   2504 MB
2026-04-08 04:06:30 [INFO] [5/364] Split [14, 9, 5, 4] | Batch: 64 | Microbatch: 2 | Microbatches: 32
2026-04-08 04:06:30 [INFO] Loading WikiText... (SEQ_LEN=64, BATCH=64)
2026-04-08 04:06:47 [INFO] [Rank 3] Loading weights...
2026-04-08 04:06:47 [INFO] [Rank 2] Loading weights...
2026-04-08 04:06:48 [INFO] [Rank 3] Weights loaded.
2026-04-08 04:06:49 [INFO] [Rank 2] Weights loaded.
2026-04-08 04:06:54 [INFO] [Rank 1] Loading weights...
2026-04-08 04:06:56 [INFO] [Rank 1] Weights loaded.
2026-04-08 04:07:02 [INFO] [Rank 0] Loading weights...
2026-04-08 04:07:05 [INFO] [Rank 0] Weights loaded.
2026-04-08 04:23:06 [INFO] [Rank 2] Finished. Latency: 960035 ms
2026-04-08 04:23:06 [INFO] [Rank 0] Finished. Latency: 960035 ms
2026-04-08 04:23:06 [INFO] [Rank 1] Finished. Latency: 960035 ms
2026-04-08 04:23:06 [INFO] [Rank 3] Finished. Latency: 960043 ms
2026-04-08 04:23:09 [INFO] Total latency:     960035 ms
2026-04-08 04:23:09 [INFO] Peak 5GB memory:   3016 MB
2026-04-08 04:23:09 [INFO] Avg  5GB memory:   2575 MB
2026-04-08 04:23:09 [INFO] [6/364] Split [14, 9, 5, 4] | Batch: 32 | Microbatch: 16 | Microbatches: 2
2026-04-08 04:23:09 [INFO] Loading WikiText... (SEQ_LEN=64, BATCH=32)
2026-04-08 04:23:26 [INFO] [Rank 3] Loading weights...
2026-04-08 04:23:27 [INFO] [Rank 2] Loading weights...
2026-04-08 04:23:27 [INFO] [Rank 3] Weights loaded.
2026-04-08 04:23:28 [INFO] [Rank 2] Weights loaded.
2026-04-08 04:23:33 [INFO] [Rank 1] Loading weights...
2026-04-08 04:23:35 [INFO] [Rank 1] Weights loaded.
2026-04-08 04:23:42 [INFO] [Rank 0] Loading weights...
2026-04-08 04:23:44 [INFO] [Rank 0] Weights loaded.
2026-04-08 04:24:54 [INFO] [Rank 0] Finished. Latency: 69652 ms
2026-04-08 04:24:54 [INFO] [Rank 2] Finished. Latency: 69652 ms
2026-04-08 04:24:54 [INFO] [Rank 1] Finished. Latency: 69652 ms
2026-04-08 04:24:54 [INFO] [Rank 3] Finished. Latency: 69663 ms
2026-04-08 04:24:58 [INFO] Total latency:     69652 ms
2026-04-08 04:24:58 [INFO] Peak 5GB memory:   2706 MB
2026-04-08 04:24:58 [INFO] Avg  5GB memory:   2081 MB
2026-04-08 04:24:58 [INFO] [7/364] Split [14, 9, 5, 4] | Batch: 32 | Microbatch: 8 | Microbatches: 4
2026-04-08 04:24:58 [INFO] Loading WikiText... (SEQ_LEN=64, BATCH=32)
2026-04-08 04:25:15 [INFO] [Rank 3] Loading weights...
2026-04-08 04:25:15 [INFO] [Rank 2] Loading weights...
2026-04-08 04:25:17 [INFO] [Rank 3] Weights loaded.
2026-04-08 04:25:17 [INFO] [Rank 2] Weights loaded.
2026-04-08 04:25:22 [INFO] [Rank 1] Loading weights...
2026-04-08 04:25:24 [INFO] [Rank 1] Weights loaded.
2026-04-08 04:25:30 [INFO] [Rank 0] Loading weights...
2026-04-08 04:25:34 [INFO] [Rank 0] Weights loaded.
2026-04-08 04:27:43 [INFO] [Rank 1] Finished. Latency: 128815 ms
2026-04-08 04:27:43 [INFO] [Rank 0] Finished. Latency: 128815 ms
2026-04-08 04:27:43 [INFO] [Rank 2] Finished. Latency: 128815 ms
2026-04-08 04:27:43 [INFO] [Rank 3] Finished. Latency: 128824 ms
2026-04-08 04:27:47 [INFO] Total latency:     128815 ms
2026-04-08 04:27:47 [INFO] Peak 5GB memory:   2558 MB
2026-04-08 04:27:47 [INFO] Avg  5GB memory:   2127 MB
2026-04-08 04:27:47 [INFO] [8/364] Split [14, 9, 5, 4] | Batch: 32 | Microbatch: 4 | Microbatches: 8
2026-04-08 04:27:47 [INFO] Loading WikiText... (SEQ_LEN=64, BATCH=32)
2026-04-08 04:28:04 [INFO] [Rank 3] Loading weights...
2026-04-08 04:28:04 [INFO] [Rank 2] Loading weights...
2026-04-08 04:28:05 [INFO] [Rank 3] Weights loaded.
2026-04-08 04:28:06 [INFO] [Rank 2] Weights loaded.
2026-04-08 04:28:11 [INFO] [Rank 1] Loading weights...
2026-04-08 04:28:13 [INFO] [Rank 1] Weights loaded.
2026-04-08 04:28:19 [INFO] [Rank 0] Loading weights...
2026-04-08 04:28:22 [INFO] [Rank 0] Weights loaded.
2026-04-08 04:32:30 [INFO] [Rank 2] Finished. Latency: 247780 ms
2026-04-08 04:32:30 [INFO] [Rank 1] Finished. Latency: 247780 ms
2026-04-08 04:32:30 [INFO] [Rank 0] Finished. Latency: 247780 ms
2026-04-08 04:32:30 [INFO] [Rank 3] Finished. Latency: 247788 ms
2026-04-08 04:32:34 [INFO] Total latency:     247780 ms
2026-04-08 04:32:34 [INFO] Peak 5GB memory:   2558 MB
2026-04-08 04:32:34 [INFO] Avg  5GB memory:   2215 MB
2026-04-08 04:32:34 [INFO] [9/364] Split [14, 9, 5, 4] | Batch: 32 | Microbatch: 2 | Microbatches: 16
2026-04-08 04:32:34 [INFO] Loading WikiText... (SEQ_LEN=64, BATCH=32)
2026-04-08 04:32:50 [INFO] [Rank 3] Loading weights...
2026-04-08 04:32:51 [INFO] [Rank 2] Loading weights...
2026-04-08 04:32:52 [INFO] [Rank 3] Weights loaded.
2026-04-08 04:32:52 [INFO] [Rank 2] Weights loaded.
2026-04-08 04:32:57 [INFO] [Rank 1] Loading weights...
2026-04-08 04:32:59 [INFO] [Rank 1] Weights loaded.
2026-04-08 04:33:05 [INFO] [Rank 0] Loading weights...
2026-04-08 04:33:08 [INFO] [Rank 0] Weights loaded.
2026-04-08 04:41:12 [INFO] [Rank 2] Finished. Latency: 483425 ms
2026-04-08 04:41:12 [INFO] [Rank 1] Finished. Latency: 483425 ms
2026-04-08 04:41:12 [INFO] [Rank 0] Finished. Latency: 483425 ms
2026-04-08 04:41:12 [INFO] [Rank 3] Finished. Latency: 483432 ms
2026-04-08 04:41:16 [INFO] Total latency:     483425 ms
2026-04-08 04:41:16 [INFO] Peak 5GB memory:   2558 MB
2026-04-08 04:41:16 [INFO] Avg  5GB memory:   2288 MB
2026-04-08 04:41:16 [INFO] [10/364] Split [14, 9, 5, 4] | Batch: 16 | Microbatch: 8 | Microbatches: 2
2026-04-08 04:41:16 [INFO] Loading WikiText... (SEQ_LEN=64, BATCH=16)
2026-04-08 04:41:33 [INFO] [Rank 3] Loading weights...
2026-04-08 04:41:33 [INFO] [Rank 2] Loading weights...
2026-04-08 04:41:35 [INFO] [Rank 3] Weights loaded.
2026-04-08 04:41:35 [INFO] [Rank 2] Weights loaded.
2026-04-08 04:41:40 [INFO] [Rank 1] Loading weights...
2026-04-08 04:41:43 [INFO] [Rank 1] Weights loaded.
2026-04-08 04:41:49 [INFO] [Rank 0] Loading weights...
2026-04-08 04:41:52 [INFO] [Rank 0] Weights loaded.
2026-04-08 04:42:57 [INFO] [Rank 2] Finished. Latency: 65019 ms
2026-04-08 04:42:57 [INFO] [Rank 1] Finished. Latency: 65019 ms
2026-04-08 04:42:57 [INFO] [Rank 0] Finished. Latency: 65019 ms
2026-04-08 04:42:57 [INFO] [Rank 3] Finished. Latency: 65028 ms
2026-04-08 04:43:00 [INFO] Total latency:     65019 ms
2026-04-08 04:43:00 [INFO] Peak 5GB memory:   2558 MB
2026-04-08 04:43:00 [INFO] Avg  5GB memory:   1925 MB
2026-04-08 04:43:00 [INFO] [11/364] Split [14, 9, 5, 4] | Batch: 16 | Microbatch: 4 | Microbatches: 4
2026-04-08 04:43:00 [INFO] Loading WikiText... (SEQ_LEN=64, BATCH=16)
2026-04-08 04:43:17 [INFO] [Rank 3] Loading weights...
2026-04-08 04:43:17 [INFO] [Rank 2] Loading weights...
2026-04-08 04:43:18 [INFO] [Rank 3] Weights loaded.
2026-04-08 04:43:19 [INFO] [Rank 2] Weights loaded.
2026-04-08 04:43:24 [INFO] [Rank 1] Loading weights...
2026-04-08 04:43:26 [INFO] [Rank 1] Weights loaded.
2026-04-08 04:43:32 [INFO] [Rank 0] Loading weights...
2026-04-08 04:43:35 [INFO] [Rank 0] Weights loaded.
2026-04-08 04:45:40 [INFO] [Rank 1] Finished. Latency: 124419 ms
2026-04-08 04:45:40 [INFO] [Rank 2] Finished. Latency: 124419 ms
2026-04-08 04:45:40 [INFO] [Rank 0] Finished. Latency: 124419 ms
2026-04-08 04:45:40 [INFO] [Rank 3] Finished. Latency: 124427 ms
2026-04-08 04:45:43 [INFO] Total latency:     124419 ms
2026-04-08 04:45:43 [INFO] Peak 5GB memory:   2302 MB
2026-04-08 04:45:43 [INFO] Avg  5GB memory:   2034 MB
2026-04-08 04:45:43 [INFO] [12/364] Split [14, 9, 5, 4] | Batch: 16 | Microbatch: 2 | Microbatches: 8
2026-04-08 04:45:43 [INFO] Loading WikiText... (SEQ_LEN=64, BATCH=16)
2026-04-08 04:46:00 [INFO] [Rank 3] Loading weights...
2026-04-08 04:46:01 [INFO] [Rank 2] Loading weights...
2026-04-08 04:46:01 [INFO] [Rank 3] Weights loaded.
2026-04-08 04:46:02 [INFO] [Rank 2] Weights loaded.
2026-04-08 04:46:07 [INFO] [Rank 1] Loading weights...
2026-04-08 04:46:09 [INFO] [Rank 1] Weights loaded.
2026-04-08 04:46:16 [INFO] [Rank 0] Loading weights...
2026-04-08 04:46:18 [INFO] [Rank 0] Weights loaded.
2026-04-08 04:50:21 [INFO] [Rank 2] Finished. Latency: 241994 ms
2026-04-08 04:50:21 [INFO] [Rank 1] Finished. Latency: 241994 ms
2026-04-08 04:50:21 [INFO] [Rank 0] Finished. Latency: 241994 ms
2026-04-08 04:50:21 [INFO] [Rank 3] Finished. Latency: 242001 ms
2026-04-08 04:50:24 [INFO] Total latency:     241994 ms
2026-04-08 04:50:24 [INFO] Peak 5GB memory:   2558 MB
2026-04-08 04:50:24 [INFO] Avg  5GB memory:   2113 MB
2026-04-08 04:50:24 [INFO] [13/364] Split [14, 9, 5, 4] | Batch: 8 | Microbatch: 4 | Microbatches: 2
2026-04-08 04:50:24 [INFO] Loading WikiText... (SEQ_LEN=64, BATCH=8)
2026-04-08 04:50:41 [INFO] [Rank 3] Loading weights...
2026-04-08 04:50:41 [INFO] [Rank 2] Loading weights...
2026-04-08 04:50:43 [INFO] [Rank 3] Weights loaded.
2026-04-08 04:50:43 [INFO] [Rank 2] Weights loaded.
2026-04-08 04:50:48 [INFO] [Rank 1] Loading weights...
2026-04-08 04:50:50 [INFO] [Rank 1] Weights loaded.
2026-04-08 04:50:57 [INFO] [Rank 0] Loading weights...
2026-04-08 04:50:59 [INFO] [Rank 0] Weights loaded.
2026-04-08 04:52:03 [INFO] [Rank 2] Finished. Latency: 63262 ms
2026-04-08 04:52:03 [INFO] [Rank 0] Finished. Latency: 63262 ms
2026-04-08 04:52:03 [INFO] [Rank 1] Finished. Latency: 63262 ms
2026-04-08 04:52:03 [INFO] [Rank 3] Finished. Latency: 63270 ms
2026-04-08 04:52:06 [INFO] Total latency:     63262 ms
2026-04-08 04:52:06 [INFO] Peak 5GB memory:   2204 MB
2026-04-08 04:52:06 [INFO] Avg  5GB memory:   1882 MB
2026-04-08 04:52:07 [INFO] [14/364] Split [14, 9, 5, 4] | Batch: 8 | Microbatch: 2 | Microbatches: 4
2026-04-08 04:52:07 [INFO] Loading WikiText... (SEQ_LEN=64, BATCH=8)
2026-04-08 04:52:24 [INFO] [Rank 3] Loading weights...
2026-04-08 04:52:24 [INFO] [Rank 2] Loading weights...
2026-04-08 04:52:26 [INFO] [Rank 3] Weights loaded.
2026-04-08 04:52:26 [INFO] [Rank 2] Weights loaded.
2026-04-08 04:52:30 [INFO] [Rank 1] Loading weights...
2026-04-08 04:52:32 [INFO] [Rank 1] Weights loaded.
2026-04-08 04:52:39 [INFO] [Rank 0] Loading weights...
2026-04-08 04:52:42 [INFO] [Rank 0] Weights loaded.
2026-04-08 04:54:44 [INFO] [Rank 2] Finished. Latency: 121869 ms
2026-04-08 04:54:44 [INFO] [Rank 1] Finished. Latency: 121869 ms
2026-04-08 04:54:44 [INFO] [Rank 0] Finished. Latency: 121869 ms
2026-04-08 04:54:44 [INFO] [Rank 3] Finished. Latency: 121877 ms
2026-04-08 04:54:47 [INFO] Total latency:     121869 ms
2026-04-08 04:54:47 [INFO] Peak 5GB memory:   2302 MB
2026-04-08 04:54:47 [INFO] Avg  5GB memory:   1972 MB
2026-04-08 04:54:47 [INFO] [15/364] Split [15, 8, 5, 4] | Batch: 64 | Microbatch: 32 | Microbatches: 2
2026-04-08 04:54:47 [INFO] Loading WikiText... (SEQ_LEN=64, BATCH=64)
2026-04-08 04:55:04 [INFO] [Rank 3] Loading weights...
2026-04-08 04:55:04 [INFO] [Rank 2] Loading weights...
2026-04-08 04:55:05 [INFO] [Rank 3] Weights loaded.
2026-04-08 04:55:06 [INFO] [Rank 2] Weights loaded.
2026-04-08 04:55:09 [INFO] [Rank 1] Loading weights...
2026-04-08 04:55:11 [INFO] [Rank 1] Weights loaded.
2026-04-08 04:55:21 [INFO] [Rank 0] Loading weights...
2026-04-08 04:55:24 [INFO] [Rank 0] Weights loaded.
2026-04-08 04:56:43 [INFO] [Rank 2] Finished. Latency: 78474 ms
2026-04-08 04:56:43 [INFO] [Rank 1] Finished. Latency: 78474 ms
2026-04-08 04:56:43 [INFO] [Rank 0] Finished. Latency: 78474 ms
2026-04-08 04:56:43 [INFO] [Rank 3] Finished. Latency: 78488 ms
2026-04-08 04:56:46 [INFO] Total latency:     78474 ms
2026-04-08 04:56:46 [INFO] Peak 5GB memory:   4506 MB
2026-04-08 04:56:46 [INFO] Avg  5GB memory:   2525 MB
2026-04-08 04:56:47 [INFO] [16/364] Split [15, 8, 5, 4] | Batch: 64 | Microbatch: 16 | Microbatches: 4
2026-04-08 04:56:47 [INFO] Loading WikiText... (SEQ_LEN=64, BATCH=64)
2026-04-08 04:57:04 [INFO] [Rank 3] Loading weights...
2026-04-08 04:57:05 [INFO] [Rank 2] Loading weights...
2026-04-08 04:57:06 [INFO] [Rank 3] Weights loaded.
2026-04-08 04:57:07 [INFO] [Rank 2] Weights loaded.
2026-04-08 04:57:10 [INFO] [Rank 1] Loading weights...
2026-04-08 04:57:12 [INFO] [Rank 1] Weights loaded.
2026-04-08 04:57:21 [INFO] [Rank 0] Loading weights...
2026-04-08 04:57:24 [INFO] [Rank 0] Weights loaded.
2026-04-08 04:59:41 [INFO] [Rank 2] Finished. Latency: 136772 ms
2026-04-08 04:59:41 [INFO] [Rank 1] Finished. Latency: 136772 ms
2026-04-08 04:59:41 [INFO] [Rank 0] Finished. Latency: 136772 ms
2026-04-08 04:59:41 [INFO] [Rank 3] Finished. Latency: 136783 ms
2026-04-08 04:59:45 [INFO] Total latency:     136772 ms
2026-04-08 04:59:45 [INFO] Peak 5GB memory:   3348 MB
2026-04-08 04:59:45 [INFO] Avg  5GB memory:   2415 MB
2026-04-08 04:59:45 [INFO] [17/364] Split [15, 8, 5, 4] | Batch: 64 | Microbatch: 8 | Microbatches: 8
2026-04-08 04:59:45 [INFO] Loading WikiText... (SEQ_LEN=64, BATCH=64)
2026-04-08 05:00:02 [INFO] [Rank 3] Loading weights...
2026-04-08 05:00:03 [INFO] [Rank 2] Loading weights...
2026-04-08 05:00:03 [INFO] [Rank 3] Weights loaded.
2026-04-08 05:00:04 [INFO] [Rank 2] Weights loaded.
2026-04-08 05:00:07 [INFO] [Rank 1] Loading weights...
2026-04-08 05:00:10 [INFO] [Rank 1] Weights loaded.
2026-04-08 05:00:19 [INFO] [Rank 0] Loading weights...
2026-04-08 05:00:22 [INFO] [Rank 0] Weights loaded.
2026-04-08 05:04:36 [INFO] [Rank 2] Finished. Latency: 253325 ms
2026-04-08 05:04:36 [INFO] [Rank 1] Finished. Latency: 253325 ms
2026-04-08 05:04:36 [INFO] [Rank 0] Finished. Latency: 253325 ms
2026-04-08 05:04:36 [INFO] [Rank 3] Finished. Latency: 253334 ms
2026-04-08 05:04:39 [INFO] Total latency:     253325 ms
2026-04-08 05:04:39 [INFO] Peak 5GB memory:   2848 MB
2026-04-08 05:04:39 [INFO] Avg  5GB memory:   2426 MB
2026-04-08 05:04:39 [INFO] [18/364] Split [15, 8, 5, 4] | Batch: 64 | Microbatch: 4 | Microbatches: 16
2026-04-08 05:04:39 [INFO] Loading WikiText... (SEQ_LEN=64, BATCH=64)
2026-04-08 05:04:56 [INFO] [Rank 3] Loading weights...
2026-04-08 05:04:57 [INFO] [Rank 2] Loading weights...
2026-04-08 05:04:57 [INFO] [Rank 3] Weights loaded.
2026-04-08 05:04:58 [INFO] [Rank 2] Weights loaded.
2026-04-08 05:05:01 [INFO] [Rank 1] Loading weights...
2026-04-08 05:05:04 [INFO] [Rank 1] Weights loaded.
2026-04-08 05:05:13 [INFO] [Rank 0] Loading weights...
2026-04-08 05:05:16 [INFO] [Rank 0] Weights loaded.
2026-04-08 05:13:25 [INFO] [Rank 1] Finished. Latency: 488489 ms
2026-04-08 05:13:25 [INFO] [Rank 2] Finished. Latency: 488489 ms
2026-04-08 05:13:25 [INFO] [Rank 0] Finished. Latency: 488489 ms
2026-04-08 05:13:25 [INFO] [Rank 3] Finished. Latency: 488497 ms
2026-04-08 05:13:28 [INFO] Total latency:     488489 ms
2026-04-08 05:13:28 [INFO] Peak 5GB memory:   2896 MB
2026-04-08 05:13:28 [INFO] Avg  5GB memory:   2502 MB
2026-04-08 05:13:29 [INFO] [19/364] Split [15, 8, 5, 4] | Batch: 64 | Microbatch: 2 | Microbatches: 32
2026-04-08 05:13:29 [INFO] Loading WikiText... (SEQ_LEN=64, BATCH=64)
2026-04-08 05:13:45 [INFO] [Rank 3] Loading weights...
2026-04-08 05:13:46 [INFO] [Rank 2] Loading weights...
2026-04-08 05:13:47 [INFO] [Rank 3] Weights loaded.
2026-04-08 05:13:47 [INFO] [Rank 2] Weights loaded.
2026-04-08 05:13:51 [INFO] [Rank 1] Loading weights...
2026-04-08 05:13:53 [INFO] [Rank 1] Weights loaded.
2026-04-08 05:14:02 [INFO] [Rank 0] Loading weights...
2026-04-08 05:14:05 [INFO] [Rank 0] Weights loaded.
2026-04-08 05:30:04 [INFO] [Rank 2] Finished. Latency: 958887 ms
2026-04-08 05:30:04 [INFO] [Rank 1] Finished. Latency: 958887 ms
2026-04-08 05:30:04 [INFO] [Rank 0] Finished. Latency: 958887 ms
2026-04-08 05:30:04 [INFO] [Rank 3] Finished. Latency: 958894 ms
2026-04-08 05:30:08 [INFO] Total latency:     958887 ms
2026-04-08 05:30:08 [INFO] Peak 5GB memory:   3016 MB
2026-04-08 05:30:08 [INFO] Avg  5GB memory:   2574 MB
2026-04-08 05:30:08 [INFO] [20/364] Split [15, 8, 5, 4] | Batch: 32 | Microbatch: 16 | Microbatches: 2
2026-04-08 05:30:08 [INFO] Loading WikiText... (SEQ_LEN=64, BATCH=32)
2026-04-08 05:30:25 [INFO] [Rank 3] Loading weights...
2026-04-08 05:30:26 [INFO] [Rank 2] Loading weights...
2026-04-08 05:30:27 [INFO] [Rank 3] Weights loaded.
2026-04-08 05:30:27 [INFO] [Rank 2] Weights loaded.
2026-04-08 05:30:30 [INFO] [Rank 1] Loading weights...
2026-04-08 05:30:33 [INFO] [Rank 1] Weights loaded.
2026-04-08 05:30:42 [INFO] [Rank 0] Loading weights...
2026-04-08 05:30:45 [INFO] [Rank 0] Weights loaded.
2026-04-08 05:31:54 [INFO] [Rank 2] Finished. Latency: 69246 ms
2026-04-08 05:31:54 [INFO] [Rank 1] Finished. Latency: 69246 ms
2026-04-08 05:31:54 [INFO] [Rank 0] Finished. Latency: 69246 ms
2026-04-08 05:31:54 [INFO] [Rank 3] Finished. Latency: 69257 ms
2026-04-08 05:31:58 [INFO] Total latency:     69246 ms
2026-04-08 05:31:58 [INFO] Peak 5GB memory:   2706 MB
2026-04-08 05:31:58 [INFO] Avg  5GB memory:   2077 MB
2026-04-08 05:31:58 [INFO] [21/364] Split [15, 8, 5, 4] | Batch: 32 | Microbatch: 8 | Microbatches: 4
2026-04-08 05:31:58 [INFO] Loading WikiText... (SEQ_LEN=64, BATCH=32)
2026-04-08 05:32:15 [INFO] [Rank 3] Loading weights...
2026-04-08 05:32:16 [INFO] [Rank 2] Loading weights...
2026-04-08 05:32:17 [INFO] [Rank 3] Weights loaded.
2026-04-08 05:32:17 [INFO] [Rank 2] Weights loaded.
2026-04-08 05:32:20 [INFO] [Rank 1] Loading weights...
2026-04-08 05:32:22 [INFO] [Rank 1] Weights loaded.
2026-04-08 05:32:32 [INFO] [Rank 0] Loading weights...
2026-04-08 05:32:35 [INFO] [Rank 0] Weights loaded.
2026-04-08 05:34:43 [INFO] [Rank 1] Finished. Latency: 127496 ms
2026-04-08 05:34:43 [INFO] [Rank 2] Finished. Latency: 127496 ms
2026-04-08 05:34:43 [INFO] [Rank 0] Finished. Latency: 127496 ms
2026-04-08 05:34:43 [INFO] [Rank 3] Finished. Latency: 127505 ms
2026-04-08 05:34:47 [INFO] Total latency:     127496 ms
2026-04-08 05:34:47 [INFO] Peak 5GB memory:   2558 MB
2026-04-08 05:34:47 [INFO] Avg  5GB memory:   2124 MB
2026-04-08 05:34:47 [INFO] [22/364] Split [15, 8, 5, 4] | Batch: 32 | Microbatch: 4 | Microbatches: 8
2026-04-08 05:34:47 [INFO] Loading WikiText... (SEQ_LEN=64, BATCH=32)
2026-04-08 05:35:03 [INFO] [Rank 3] Loading weights...
2026-04-08 05:35:04 [INFO] [Rank 2] Loading weights...
2026-04-08 05:35:05 [INFO] [Rank 3] Weights loaded.
2026-04-08 05:35:06 [INFO] [Rank 2] Weights loaded.
2026-04-08 05:35:09 [INFO] [Rank 1] Loading weights...
2026-04-08 05:35:11 [INFO] [Rank 1] Weights loaded.
2026-04-08 05:35:21 [INFO] [Rank 0] Loading weights...
2026-04-08 05:35:24 [INFO] [Rank 0] Weights loaded.
2026-04-08 05:39:28 [INFO] [Rank 1] Finished. Latency: 244785 ms
2026-04-08 05:39:28 [INFO] [Rank 2] Finished. Latency: 244785 ms
2026-04-08 05:39:28 [INFO] [Rank 0] Finished. Latency: 244785 ms
2026-04-08 05:39:28 [INFO] [Rank 3] Finished. Latency: 244793 ms
2026-04-08 05:39:32 [INFO] Total latency:     244785 ms
2026-04-08 05:39:32 [INFO] Peak 5GB memory:   2558 MB
2026-04-08 05:39:32 [INFO] Avg  5GB memory:   2219 MB
2026-04-08 05:39:32 [INFO] [23/364] Split [15, 8, 5, 4] | Batch: 32 | Microbatch: 2 | Microbatches: 16
2026-04-08 05:39:32 [INFO] Loading WikiText... (SEQ_LEN=64, BATCH=32)
2026-04-08 05:39:49 [INFO] [Rank 3] Loading weights...
2026-04-08 05:39:49 [INFO] [Rank 2] Loading weights...
2026-04-08 05:39:51 [INFO] [Rank 3] Weights loaded.
2026-04-08 05:39:51 [INFO] [Rank 2] Weights loaded.
2026-04-08 05:39:54 [INFO] [Rank 1] Loading weights...
2026-04-08 05:39:57 [INFO] [Rank 1] Weights loaded.
2026-04-08 05:40:06 [INFO] [Rank 0] Loading weights...
2026-04-08 05:40:09 [INFO] [Rank 0] Weights loaded.
2026-04-08 05:48:08 [INFO] [Rank 1] Finished. Latency: 478485 ms
2026-04-08 05:48:08 [INFO] [Rank 0] Finished. Latency: 478485 ms
2026-04-08 05:48:08 [INFO] [Rank 2] Finished. Latency: 478485 ms
2026-04-08 05:48:08 [INFO] [Rank 3] Finished. Latency: 478493 ms
2026-04-08 05:48:11 [INFO] Total latency:     478485 ms
2026-04-08 05:48:11 [INFO] Peak 5GB memory:   2552 MB
2026-04-08 05:48:11 [INFO] Avg  5GB memory:   2286 MB
2026-04-08 05:48:11 [INFO] [24/364] Split [15, 8, 5, 4] | Batch: 16 | Microbatch: 8 | Microbatches: 2
2026-04-08 05:48:11 [INFO] Loading WikiText... (SEQ_LEN=64, BATCH=16)
2026-04-08 05:48:29 [INFO] [Rank 3] Loading weights...
2026-04-08 05:48:29 [INFO] [Rank 2] Loading weights...
2026-04-08 05:48:30 [INFO] [Rank 3] Weights loaded.
2026-04-08 05:48:31 [INFO] [Rank 2] Weights loaded.
2026-04-08 05:48:34 [INFO] [Rank 1] Loading weights...
2026-04-08 05:48:36 [INFO] [Rank 1] Weights loaded.
2026-04-08 05:48:46 [INFO] [Rank 0] Loading weights...
2026-04-08 05:48:49 [INFO] [Rank 0] Weights loaded.
2026-04-08 05:49:53 [INFO] [Rank 2] Finished. Latency: 64362 ms
2026-04-08 05:49:53 [INFO] [Rank 1] Finished. Latency: 64362 ms
2026-04-08 05:49:53 [INFO] [Rank 0] Finished. Latency: 64362 ms
2026-04-08 05:49:53 [INFO] [Rank 3] Finished. Latency: 64371 ms
2026-04-08 05:49:57 [INFO] Total latency:     64362 ms
2026-04-08 05:49:57 [INFO] Peak 5GB memory:   2558 MB
2026-04-08 05:49:57 [INFO] Avg  5GB memory:   1927 MB
2026-04-08 05:49:57 [INFO] [25/364] Split [15, 8, 5, 4] | Batch: 16 | Microbatch: 4 | Microbatches: 4
2026-04-08 05:49:57 [INFO] Loading WikiText... (SEQ_LEN=64, BATCH=16)
2026-04-08 05:50:14 [INFO] [Rank 3] Loading weights...
2026-04-08 05:50:15 [INFO] [Rank 2] Loading weights...
2026-04-08 05:50:16 [INFO] [Rank 3] Weights loaded.
2026-04-08 05:50:16 [INFO] [Rank 2] Weights loaded.
2026-04-08 05:50:20 [INFO] [Rank 1] Loading weights...
2026-04-08 05:50:22 [INFO] [Rank 1] Weights loaded.
2026-04-08 05:50:31 [INFO] [Rank 0] Loading weights...
2026-04-08 05:50:34 [INFO] [Rank 0] Weights loaded.
2026-04-08 05:52:37 [INFO] [Rank 2] Finished. Latency: 123194 ms
2026-04-08 05:52:37 [INFO] [Rank 1] Finished. Latency: 123194 ms
2026-04-08 05:52:37 [INFO] [Rank 0] Finished. Latency: 123194 ms
2026-04-08 05:52:38 [INFO] [Rank 3] Finished. Latency: 123202 ms
2026-04-08 05:52:41 [INFO] Total latency:     123194 ms
2026-04-08 05:52:41 [INFO] Peak 5GB memory:   2558 MB
2026-04-08 05:52:41 [INFO] Avg  5GB memory:   2022 MB
2026-04-08 05:52:41 [INFO] [26/364] Split [15, 8, 5, 4] | Batch: 16 | Microbatch: 2 | Microbatches: 8
2026-04-08 05:52:41 [INFO] Loading WikiText... (SEQ_LEN=64, BATCH=16)
2026-04-08 05:52:58 [INFO] [Rank 3] Loading weights...
2026-04-08 05:52:58 [INFO] [Rank 2] Loading weights...
2026-04-08 05:52:59 [INFO] [Rank 3] Weights loaded.
2026-04-08 05:53:00 [INFO] [Rank 2] Weights loaded.
2026-04-08 05:53:03 [INFO] [Rank 1] Loading weights...
2026-04-08 05:53:05 [INFO] [Rank 1] Weights loaded.
2026-04-08 05:53:15 [INFO] [Rank 0] Loading weights...
2026-04-08 05:53:18 [INFO] [Rank 0] Weights loaded.
2026-04-08 05:57:17 [INFO] [Rank 2] Finished. Latency: 238384 ms
2026-04-08 05:57:17 [INFO] [Rank 1] Finished. Latency: 238384 ms
2026-04-08 05:57:17 [INFO] [Rank 0] Finished. Latency: 238384 ms
2026-04-08 05:57:17 [INFO] [Rank 3] Finished. Latency: 238391 ms
2026-04-08 05:57:20 [INFO] Total latency:     238384 ms
2026-04-08 05:57:20 [INFO] Peak 5GB memory:   2558 MB
2026-04-08 05:57:20 [INFO] Avg  5GB memory:   2112 MB
2026-04-08 05:57:20 [INFO] [27/364] Split [15, 8, 5, 4] | Batch: 8 | Microbatch: 4 | Microbatches: 2
2026-04-08 05:57:20 [INFO] Loading WikiText... (SEQ_LEN=64, BATCH=8)
2026-04-08 05:57:37 [INFO] [Rank 3] Loading weights...
2026-04-08 05:57:38 [INFO] [Rank 2] Loading weights...
2026-04-08 05:57:39 [INFO] [Rank 3] Weights loaded.
2026-04-08 05:57:39 [INFO] [Rank 2] Weights loaded.
2026-04-08 05:57:43 [INFO] [Rank 1] Loading weights...
2026-04-08 05:57:45 [INFO] [Rank 1] Weights loaded.
2026-04-08 05:57:54 [INFO] [Rank 0] Loading weights...
2026-04-08 05:57:57 [INFO] [Rank 0] Weights loaded.
2026-04-08 05:58:59 [INFO] [Rank 2] Finished. Latency: 61609 ms
2026-04-08 05:58:59 [INFO] [Rank 0] Finished. Latency: 61609 ms
2026-04-08 05:58:59 [INFO] [Rank 1] Finished. Latency: 61609 ms
2026-04-08 05:58:59 [INFO] [Rank 3] Finished. Latency: 61617 ms
2026-04-08 05:59:03 [INFO] Total latency:     61609 ms
2026-04-08 05:59:03 [INFO] Peak 5GB memory:   2558 MB
2026-04-08 05:59:03 [INFO] Avg  5GB memory:   1877 MB
2026-04-08 05:59:03 [INFO] [28/364] Split [15, 8, 5, 4] | Batch: 8 | Microbatch: 2 | Microbatches: 4
2026-04-08 05:59:03 [INFO] Loading WikiText... (SEQ_LEN=64, BATCH=8)
2026-04-08 05:59:19 [INFO] [Rank 3] Loading weights...
2026-04-08 05:59:19 [INFO] [Rank 2] Loading weights...
2026-04-08 05:59:20 [INFO] [Rank 3] Weights loaded.
2026-04-08 05:59:21 [INFO] [Rank 2] Weights loaded.
2026-04-08 05:59:24 [INFO] [Rank 1] Loading weights...
2026-04-08 05:59:26 [INFO] [Rank 1] Weights loaded.
2026-04-08 05:59:36 [INFO] [Rank 0] Loading weights...
2026-04-08 05:59:39 [INFO] [Rank 0] Weights loaded.
2026-04-08 06:01:39 [INFO] [Rank 1] Finished. Latency: 120289 ms
2026-04-08 06:01:39 [INFO] [Rank 2] Finished. Latency: 120289 ms
2026-04-08 06:01:39 [INFO] [Rank 0] Finished. Latency: 120289 ms
2026-04-08 06:01:39 [INFO] [Rank 3] Finished. Latency: 120297 ms
2026-04-08 06:01:43 [INFO] Total latency:     120289 ms
2026-04-08 06:01:43 [INFO] Peak 5GB memory:   2558 MB
2026-04-08 06:01:43 [INFO] Avg  5GB memory:   1983 MB
2026-04-08 06:01:43 [INFO] [29/364] Split [15, 9, 4, 4] | Batch: 64 | Microbatch: 32 | Microbatches: 2
2026-04-08 06:01:43 [INFO] Loading WikiText... (SEQ_LEN=64, BATCH=64)
2026-04-08 06:01:59 [INFO] [Rank 2] Loading weights...
2026-04-08 06:02:00 [INFO] [Rank 3] Loading weights...
2026-04-08 06:02:00 [INFO] [Rank 2] Weights loaded.
2026-04-08 06:02:01 [INFO] [Rank 3] Weights loaded.
2026-04-08 06:02:06 [INFO] [Rank 1] Loading weights...
2026-04-08 06:02:09 [INFO] [Rank 1] Weights loaded.
2026-04-08 06:02:17 [INFO] [Rank 0] Loading weights...
2026-04-08 06:02:20 [INFO] [Rank 0] Weights loaded.
2026-04-08 06:03:36 [INFO] [Rank 1] Finished. Latency: 75719 ms
2026-04-08 06:03:36 [INFO] [Rank 0] Finished. Latency: 75719 ms
2026-04-08 06:03:36 [INFO] [Rank 2] Finished. Latency: 75719 ms
2026-04-08 06:03:36 [INFO] [Rank 3] Finished. Latency: 75733 ms
2026-04-08 06:03:39 [INFO] Total latency:     75719 ms
2026-04-08 06:03:39 [INFO] Peak 5GB memory:   4506 MB
2026-04-08 06:03:39 [INFO] Avg  5GB memory:   2505 MB
2026-04-08 06:03:39 [INFO] [30/364] Split [15, 9, 4, 4] | Batch: 64 | Microbatch: 16 | Microbatches: 4
2026-04-08 06:03:39 [INFO] Loading WikiText... (SEQ_LEN=64, BATCH=64)
2026-04-08 06:03:55 [INFO] [Rank 2] Loading weights...
2026-04-08 06:03:56 [INFO] [Rank 3] Loading weights...
2026-04-08 06:03:56 [INFO] [Rank 2] Weights loaded.
2026-04-08 06:03:57 [INFO] [Rank 3] Weights loaded.
2026-04-08 06:04:03 [INFO] [Rank 1] Loading weights...
2026-04-08 06:04:05 [INFO] [Rank 1] Weights loaded.
2026-04-08 06:04:13 [INFO] [Rank 0] Loading weights...
2026-04-08 06:04:16 [INFO] [Rank 0] Weights loaded.
2026-04-08 06:06:28 [INFO] [Rank 2] Finished. Latency: 132398 ms
2026-04-08 06:06:28 [INFO] [Rank 1] Finished. Latency: 132398 ms
2026-04-08 06:06:28 [INFO] [Rank 0] Finished. Latency: 132398 ms
2026-04-08 06:06:28 [INFO] [Rank 3] Finished. Latency: 132409 ms
2026-04-08 06:06:32 [INFO] Total latency:     132398 ms
2026-04-08 06:06:32 [INFO] Peak 5GB memory:   3348 MB
2026-04-08 06:06:32 [INFO] Avg  5GB memory:   2417 MB
2026-04-08 06:06:32 [INFO] [31/364] Split [15, 9, 4, 4] | Batch: 64 | Microbatch: 8 | Microbatches: 8
2026-04-08 06:06:32 [INFO] Loading WikiText... (SEQ_LEN=64, BATCH=64)
2026-04-08 06:06:48 [INFO] [Rank 2] Loading weights...
2026-04-08 06:06:49 [INFO] [Rank 3] Loading weights...
2026-04-08 06:06:49 [INFO] [Rank 2] Weights loaded.
2026-04-08 06:06:50 [INFO] [Rank 3] Weights loaded.
2026-04-08 06:06:55 [INFO] [Rank 1] Loading weights...
2026-04-08 06:06:58 [INFO] [Rank 1] Weights loaded.
2026-04-08 06:07:06 [INFO] [Rank 0] Loading weights...
2026-04-08 06:07:09 [INFO] [Rank 0] Weights loaded.
2026-04-08 06:11:14 [INFO] [Rank 2] Finished. Latency: 245539 ms
2026-04-08 06:11:14 [INFO] [Rank 0] Finished. Latency: 245539 ms
2026-04-08 06:11:14 [INFO] [Rank 1] Finished. Latency: 245539 ms
2026-04-08 06:11:14 [INFO] [Rank 3] Finished. Latency: 245548 ms
2026-04-08 06:11:18 [INFO] Total latency:     245539 ms
2026-04-08 06:11:18 [INFO] Peak 5GB memory:   2848 MB
2026-04-08 06:11:18 [INFO] Avg  5GB memory:   2422 MB
2026-04-08 06:11:18 [INFO] [32/364] Split [15, 9, 4, 4] | Batch: 64 | Microbatch: 4 | Microbatches: 16
2026-04-08 06:11:18 [INFO] Loading WikiText... (SEQ_LEN=64, BATCH=64)
2026-04-08 06:11:34 [INFO] [Rank 2] Loading weights...
2026-04-08 06:11:35 [INFO] [Rank 3] Loading weights...
2026-04-08 06:11:35 [INFO] [Rank 2] Weights loaded.
2026-04-08 06:11:36 [INFO] [Rank 3] Weights loaded.
2026-04-08 06:11:42 [INFO] [Rank 1] Loading weights...
2026-04-08 06:11:44 [INFO] [Rank 1] Weights loaded.
2026-04-08 06:11:52 [INFO] [Rank 0] Loading weights...
2026-04-08 06:11:55 [INFO] [Rank 0] Weights loaded.
2026-04-08 06:19:48 [INFO] [Rank 1] Finished. Latency: 473465 ms
2026-04-08 06:19:48 [INFO] [Rank 2] Finished. Latency: 473465 ms
2026-04-08 06:19:48 [INFO] [Rank 0] Finished. Latency: 473465 ms
2026-04-08 06:19:48 [INFO] [Rank 3] Finished. Latency: 473473 ms
2026-04-08 06:19:52 [INFO] Total latency:     473465 ms
2026-04-08 06:19:52 [INFO] Peak 5GB memory:   2896 MB
2026-04-08 06:19:52 [INFO] Avg  5GB memory:   2499 MB
2026-04-08 06:19:52 [INFO] [33/364] Split [15, 9, 4, 4] | Batch: 64 | Microbatch: 2 | Microbatches: 32
2026-04-08 06:19:52 [INFO] Loading WikiText... (SEQ_LEN=64, BATCH=64)
2026-04-08 06:20:09 [INFO] [Rank 2] Loading weights...
2026-04-08 06:20:10 [INFO] [Rank 3] Loading weights...
2026-04-08 06:20:10 [INFO] [Rank 2] Weights loaded.
2026-04-08 06:20:11 [INFO] [Rank 3] Weights loaded.
2026-04-08 06:20:16 [INFO] [Rank 1] Loading weights...
2026-04-08 06:20:18 [INFO] [Rank 1] Weights loaded.
2026-04-08 06:20:26 [INFO] [Rank 0] Loading weights...
2026-04-08 06:20:29 [INFO] [Rank 0] Weights loaded.
2026-04-08 06:35:59 [INFO] [Rank 2] Finished. Latency: 929286 ms
2026-04-08 06:35:59 [INFO] [Rank 0] Finished. Latency: 929286 ms
2026-04-08 06:35:59 [INFO] [Rank 1] Finished. Latency: 929286 ms
2026-04-08 06:35:59 [INFO] [Rank 3] Finished. Latency: 929293 ms
2026-04-08 06:36:03 [INFO] Total latency:     929286 ms
2026-04-08 06:36:03 [INFO] Peak 5GB memory:   3016 MB
2026-04-08 06:36:03 [INFO] Avg  5GB memory:   2570 MB
2026-04-08 06:36:03 [INFO] [34/364] Split [15, 9, 4, 4] | Batch: 32 | Microbatch: 16 | Microbatches: 2
2026-04-08 06:36:03 [INFO] Loading WikiText... (SEQ_LEN=64, BATCH=32)
2026-04-08 06:36:19 [INFO] [Rank 2] Loading weights...
2026-04-08 06:36:20 [INFO] [Rank 3] Loading weights...
2026-04-08 06:36:20 [INFO] [Rank 2] Weights loaded.
2026-04-08 06:36:22 [INFO] [Rank 3] Weights loaded.
2026-04-08 06:36:27 [INFO] [Rank 1] Loading weights...
2026-04-08 06:36:29 [INFO] [Rank 1] Weights loaded.
2026-04-08 06:36:37 [INFO] [Rank 0] Loading weights...
2026-04-08 06:36:40 [INFO] [Rank 0] Weights loaded.
2026-04-08 06:37:47 [INFO] [Rank 1] Finished. Latency: 66707 ms
2026-04-08 06:37:47 [INFO] [Rank 2] Finished. Latency: 66707 ms
2026-04-08 06:37:47 [INFO] [Rank 0] Finished. Latency: 66707 ms
2026-04-08 06:37:47 [INFO] [Rank 3] Finished. Latency: 66718 ms
2026-04-08 06:37:50 [INFO] Total latency:     66707 ms
2026-04-08 06:37:50 [INFO] Peak 5GB memory:   2706 MB
2026-04-08 06:37:50 [INFO] Avg  5GB memory:   2056 MB
2026-04-08 06:37:50 [INFO] [35/364] Split [15, 9, 4, 4] | Batch: 32 | Microbatch: 8 | Microbatches: 4
2026-04-08 06:37:50 [INFO] Loading WikiText... (SEQ_LEN=64, BATCH=32)
2026-04-08 06:38:06 [INFO] [Rank 2] Loading weights...
2026-04-08 06:38:07 [INFO] [Rank 2] Weights loaded.
2026-04-08 06:38:07 [INFO] [Rank 3] Loading weights...
2026-04-08 06:38:09 [INFO] [Rank 3] Weights loaded.
2026-04-08 06:38:14 [INFO] [Rank 1] Loading weights...
2026-04-08 06:38:16 [INFO] [Rank 1] Weights loaded.
2026-04-08 06:38:24 [INFO] [Rank 0] Loading weights...
2026-04-08 06:38:27 [INFO] [Rank 0] Weights loaded.
2026-04-08 06:40:30 [INFO] [Rank 1] Finished. Latency: 122484 ms
2026-04-08 06:40:30 [INFO] [Rank 2] Finished. Latency: 122484 ms
2026-04-08 06:40:30 [INFO] [Rank 0] Finished. Latency: 122484 ms
2026-04-08 06:40:30 [INFO] [Rank 3] Finished. Latency: 122491 ms
2026-04-08 06:40:33 [INFO] Total latency:     122484 ms
2026-04-08 06:40:33 [INFO] Peak 5GB memory:   2558 MB
2026-04-08 06:40:33 [INFO] Avg  5GB memory:   2125 MB
2026-04-08 06:40:33 [INFO] [36/364] Split [15, 9, 4, 4] | Batch: 32 | Microbatch: 4 | Microbatches: 8
2026-04-08 06:40:33 [INFO] Loading WikiText... (SEQ_LEN=64, BATCH=32)
2026-04-08 06:40:49 [INFO] [Rank 2] Loading weights...
2026-04-08 06:40:50 [INFO] [Rank 3] Loading weights...
2026-04-08 06:40:50 [INFO] [Rank 2] Weights loaded.
2026-04-08 06:40:52 [INFO] [Rank 3] Weights loaded.
2026-04-08 06:40:57 [INFO] [Rank 1] Loading weights...
2026-04-08 06:40:59 [INFO] [Rank 1] Weights loaded.
2026-04-08 06:41:07 [INFO] [Rank 0] Loading weights...
2026-04-08 06:41:10 [INFO] [Rank 0] Weights loaded.
2026-04-08 06:45:09 [INFO] [Rank 2] Finished. Latency: 238619 ms
2026-04-08 06:45:09 [INFO] [Rank 1] Finished. Latency: 238619 ms
2026-04-08 06:45:09 [INFO] [Rank 0] Finished. Latency: 238618 ms
2026-04-08 06:45:09 [INFO] [Rank 3] Finished. Latency: 238627 ms
2026-04-08 06:45:12 [INFO] Total latency:     238618 ms
2026-04-08 06:45:12 [INFO] Peak 5GB memory:   2492 MB
2026-04-08 06:45:12 [INFO] Avg  5GB memory:   2209 MB
2026-04-08 06:45:12 [INFO] [37/364] Split [15, 9, 4, 4] | Batch: 32 | Microbatch: 2 | Microbatches: 16
2026-04-08 06:45:12 [INFO] Loading WikiText... (SEQ_LEN=64, BATCH=32)
2026-04-08 06:45:28 [INFO] [Rank 2] Loading weights...
2026-04-08 06:45:30 [INFO] [Rank 3] Loading weights...
2026-04-08 06:45:30 [INFO] [Rank 2] Weights loaded.
2026-04-08 06:45:31 [INFO] [Rank 3] Weights loaded.
2026-04-08 06:45:37 [INFO] [Rank 1] Loading weights...
2026-04-08 06:45:39 [INFO] [Rank 1] Weights loaded.
2026-04-08 06:45:47 [INFO] [Rank 0] Loading weights...
2026-04-08 06:45:50 [INFO] [Rank 0] Weights loaded.
2026-04-08 06:53:33 [INFO] [Rank 1] Finished. Latency: 463028 ms
2026-04-08 06:53:33 [INFO] [Rank 0] Finished. Latency: 463028 ms
2026-04-08 06:53:33 [INFO] [Rank 2] Finished. Latency: 463028 ms
2026-04-08 06:53:33 [INFO] [Rank 3] Finished. Latency: 463036 ms
2026-04-08 06:53:37 [INFO] Total latency:     463028 ms
2026-04-08 06:53:37 [INFO] Peak 5GB memory:   2558 MB
2026-04-08 06:53:37 [INFO] Avg  5GB memory:   2281 MB
2026-04-08 06:53:37 [INFO] [38/364] Split [15, 9, 4, 4] | Batch: 16 | Microbatch: 8 | Microbatches: 2
2026-04-08 06:53:37 [INFO] Loading WikiText... (SEQ_LEN=64, BATCH=16)
2026-04-08 06:53:53 [INFO] [Rank 2] Loading weights...
2026-04-08 06:53:54 [INFO] [Rank 3] Loading weights...
2026-04-08 06:53:54 [INFO] [Rank 2] Weights loaded.
2026-04-08 06:53:55 [INFO] [Rank 3] Weights loaded.
2026-04-08 06:54:01 [INFO] [Rank 1] Loading weights...
2026-04-08 06:54:03 [INFO] [Rank 1] Weights loaded.
2026-04-08 06:54:11 [INFO] [Rank 0] Loading weights...
2026-04-08 06:54:14 [INFO] [Rank 0] Weights loaded.
2026-04-08 06:55:16 [INFO] [Rank 2] Finished. Latency: 62384 ms
2026-04-08 06:55:16 [INFO] [Rank 1] Finished. Latency: 62384 ms
2026-04-08 06:55:16 [INFO] [Rank 0] Finished. Latency: 62384 ms
2026-04-08 06:55:16 [INFO] [Rank 3] Finished. Latency: 62393 ms
2026-04-08 06:55:20 [INFO] Total latency:     62384 ms
2026-04-08 06:55:20 [INFO] Peak 5GB memory:   2558 MB
2026-04-08 06:55:20 [INFO] Avg  5GB memory:   1931 MB
2026-04-08 06:55:20 [INFO] [39/364] Split [15, 9, 4, 4] | Batch: 16 | Microbatch: 4 | Microbatches: 4
2026-04-08 06:55:20 [INFO] Loading WikiText... (SEQ_LEN=64, BATCH=16)
2026-04-08 06:55:36 [INFO] [Rank 2] Loading weights...
2026-04-08 06:55:37 [INFO] [Rank 3] Loading weights...
2026-04-08 06:55:37 [INFO] [Rank 2] Weights loaded.
2026-04-08 06:55:38 [INFO] [Rank 3] Weights loaded.
2026-04-08 06:55:44 [INFO] [Rank 1] Loading weights...
2026-04-08 06:55:46 [INFO] [Rank 1] Weights loaded.
2026-04-08 06:55:54 [INFO] [Rank 0] Loading weights...
2026-04-08 06:55:57 [INFO] [Rank 0] Weights loaded.
2026-04-08 06:57:56 [INFO] [Rank 2] Finished. Latency: 119177 ms
2026-04-08 06:57:56 [INFO] [Rank 1] Finished. Latency: 119177 ms
2026-04-08 06:57:56 [INFO] [Rank 0] Finished. Latency: 119177 ms
2026-04-08 06:57:56 [INFO] [Rank 3] Finished. Latency: 119185 ms
2026-04-08 06:58:00 [INFO] Total latency:     119177 ms
2026-04-08 06:58:00 [INFO] Peak 5GB memory:   2302 MB
2026-04-08 06:58:00 [INFO] Avg  5GB memory:   2023 MB
2026-04-08 06:58:00 [INFO] [40/364] Split [15, 9, 4, 4] | Batch: 16 | Microbatch: 2 | Microbatches: 8
2026-04-08 06:58:00 [INFO] Loading WikiText... (SEQ_LEN=64, BATCH=16)
2026-04-08 06:58:15 [INFO] [Rank 2] Loading weights...
2026-04-08 06:58:16 [INFO] [Rank 3] Loading weights...
2026-04-08 06:58:17 [INFO] [Rank 2] Weights loaded.
2026-04-08 06:58:18 [INFO] [Rank 3] Weights loaded.
2026-04-08 06:58:23 [INFO] [Rank 1] Loading weights...
2026-04-08 06:58:26 [INFO] [Rank 1] Weights loaded.
2026-04-08 06:58:33 [INFO] [Rank 0] Loading weights...
2026-04-08 06:58:36 [INFO] [Rank 0] Weights loaded.
2026-04-08 07:02:30 [INFO] [Rank 2] Finished. Latency: 233466 ms
2026-04-08 07:02:30 [INFO] [Rank 0] Finished. Latency: 233466 ms
2026-04-08 07:02:30 [INFO] [Rank 1] Finished. Latency: 233466 ms
2026-04-08 07:02:30 [INFO] [Rank 3] Finished. Latency: 233474 ms
2026-04-08 07:02:33 [INFO] Total latency:     233466 ms
2026-04-08 07:02:33 [INFO] Peak 5GB memory:   2318 MB
2026-04-08 07:02:33 [INFO] Avg  5GB memory:   2111 MB
2026-04-08 07:02:33 [INFO] [41/364] Split [15, 9, 4, 4] | Batch: 8 | Microbatch: 4 | Microbatches: 2
2026-04-08 07:02:33 [INFO] Loading WikiText... (SEQ_LEN=64, BATCH=8)
2026-04-08 07:02:43 [WARNING] '(ReadTimeoutError("HTTPSConnectionPool(host='huggingface.co', port=443): Read timed out. (read timeout=10)"), '(Request ID: 8115ab34-6731-4dbd-b497-f9e2a2f99b2c)')' thrown while requesting HEAD https://huggingface.co/datasets/Salesforce/wikitext/resolve/main/README.md
2026-04-08 07:02:43 [WARNING] Retrying in 1s [Retry 1/5].
2026-04-08 07:02:54 [WARNING] '(ReadTimeoutError("HTTPSConnectionPool(host='huggingface.co', port=443): Read timed out. (read timeout=10)"), '(Request ID: 6526c26a-90e4-48a0-ae14-2d7ac30f0eee)')' thrown while requesting HEAD https://huggingface.co/datasets/Salesforce/wikitext/resolve/main/README.md
2026-04-08 07:02:54 [WARNING] Retrying in 2s [Retry 2/5].
2026-04-08 07:03:06 [WARNING] '(ReadTimeoutError("HTTPSConnectionPool(host='huggingface.co', port=443): Read timed out. (read timeout=10)"), '(Request ID: e08a76a1-db0c-406c-8928-afcd4e0b64c6)')' thrown while requesting HEAD https://huggingface.co/datasets/Salesforce/wikitext/resolve/main/README.md
2026-04-08 07:03:06 [WARNING] Retrying in 4s [Retry 3/5].
2026-04-08 07:03:21 [WARNING] '(ReadTimeoutError("HTTPSConnectionPool(host='huggingface.co', port=443): Read timed out. (read timeout=10)"), '(Request ID: 13b8c16a-b61c-415f-8830-68669568e6ab)')' thrown while requesting HEAD https://huggingface.co/datasets/Salesforce/wikitext/resolve/b08601e04326c79dfdd32d625aee71d232d685c3/dataset_infos.json
2026-04-08 07:03:21 [WARNING] Retrying in 1s [Retry 1/5].
2026-04-08 07:04:07 [INFO] [Rank 2] Loading weights...
2026-04-08 07:04:07 [INFO] [Rank 3] Loading weights...
2026-04-08 07:04:09 [INFO] [Rank 3] Weights loaded.
2026-04-08 07:04:10 [WARNING] '(ReadTimeoutError("HTTPSConnectionPool(host='huggingface.co', port=443): Read timed out. (read timeout=10)"), '(Request ID: 261e67a3-aac8-47cc-a8a0-7de56a2647b0)')' thrown while requesting HEAD https://huggingface.co/mistralai/Mistral-7B-Instruct-v0.3/resolve/main/config.json
2026-04-08 07:04:10 [WARNING] Retrying in 1s [Retry 1/5].
2026-04-08 07:04:14 [INFO] [Rank 1] Loading weights...
2026-04-08 07:04:17 [WARNING] '(ReadTimeoutError("HTTPSConnectionPool(host='huggingface.co', port=443): Read timed out. (read timeout=10)"), '(Request ID: 1834767e-682d-4cf8-ac43-0a5fb1c5209d)')' thrown while requesting HEAD https://huggingface.co/mistralai/Mistral-7B-Instruct-v0.3/resolve/main/model.safetensors.index.json
2026-04-08 07:04:17 [WARNING] Retrying in 1s [Retry 1/5].
2026-04-08 07:04:24 [WARNING] '(ReadTimeoutError("HTTPSConnectionPool(host='huggingface.co', port=443): Read timed out. (read timeout=10)"), '(Request ID: 4fbb4287-5872-4564-ae76-3746a784fd1c)')' thrown while requesting HEAD https://huggingface.co/mistralai/Mistral-7B-Instruct-v0.3/resolve/main/model.safetensors.index.json
2026-04-08 07:04:24 [WARNING] Retrying in 1s [Retry 1/5].
2026-04-08 07:04:28 [WARNING] '(ReadTimeoutError("HTTPSConnectionPool(host='huggingface.co', port=443): Read timed out. (read timeout=10)"), '(Request ID: a3023bd5-7e82-4fb8-b4aa-5bf496aac5ff)')' thrown while requesting HEAD https://huggingface.co/mistralai/Mistral-7B-Instruct-v0.3/resolve/main/model.safetensors.index.json
2026-04-08 07:04:28 [WARNING] Retrying in 2s [Retry 2/5].
2026-04-08 07:04:28 [INFO] [Rank 1] Weights loaded.
2026-04-08 07:04:31 [INFO] [Rank 2] Weights loaded.
2026-04-08 07:04:35 [INFO] [Rank 0] Loading weights...
2026-04-08 07:04:38 [INFO] [Rank 0] Weights loaded.
2026-04-08 07:05:39 [INFO] [Rank 1] Finished. Latency: 60595 ms
2026-04-08 07:05:39 [INFO] [Rank 2] Finished. Latency: 60595 ms
2026-04-08 07:05:39 [INFO] [Rank 0] Finished. Latency: 60595 ms
2026-04-08 07:05:39 [INFO] [Rank 3] Finished. Latency: 60603 ms
2026-04-08 07:05:42 [INFO] Total latency:     60595 ms
2026-04-08 07:05:42 [INFO] Peak 5GB memory:   2204 MB
2026-04-08 07:05:42 [INFO] Avg  5GB memory:   1893 MB
2026-04-08 07:05:42 [INFO] [42/364] Split [15, 9, 4, 4] | Batch: 8 | Microbatch: 2 | Microbatches: 4
2026-04-08 07:05:42 [INFO] Loading WikiText... (SEQ_LEN=64, BATCH=8)
2026-04-08 07:07:58 [INFO] [Rank 2] Loading weights...
2026-04-08 07:07:59 [INFO] [Rank 3] Loading weights...
2026-04-08 07:08:00 [INFO] [Rank 2] Weights loaded.
2026-04-08 07:08:01 [INFO] [Rank 3] Weights loaded.
2026-04-08 07:08:06 [INFO] [Rank 1] Loading weights...
2026-04-08 07:08:09 [INFO] [Rank 1] Weights loaded.
2026-04-08 07:08:16 [INFO] [Rank 0] Loading weights...
2026-04-08 07:08:19 [INFO] [Rank 0] Weights loaded.
2026-04-08 07:10:17 [INFO] [Rank 1] Finished. Latency: 117625 ms
2026-04-08 07:10:17 [INFO] [Rank 2] Finished. Latency: 117625 ms
2026-04-08 07:10:17 [INFO] [Rank 0] Finished. Latency: 117625 ms
2026-04-08 07:10:17 [INFO] [Rank 3] Finished. Latency: 117633 ms
2026-04-08 07:10:21 [INFO] Total latency:     117625 ms
2026-04-08 07:10:21 [INFO] Peak 5GB memory:   2558 MB
2026-04-08 07:10:21 [INFO] Avg  5GB memory:   1974 MB
2026-04-08 07:10:21 [INFO] [43/364] Split [15, 9, 5, 3] | Batch: 64 | Microbatch: 32 | Microbatches: 2
2026-04-08 07:10:21 [INFO] Loading WikiText... (SEQ_LEN=64, BATCH=64)
2026-04-08 07:10:36 [INFO] [Rank 3] Loading weights...
2026-04-08 07:10:37 [INFO] [Rank 3] Weights loaded.
2026-04-08 07:10:38 [INFO] [Rank 2] Loading weights...
2026-04-08 07:10:40 [INFO] [Rank 2] Weights loaded.
2026-04-08 07:10:44 [INFO] [Rank 1] Loading weights...
2026-04-08 07:10:47 [INFO] [Rank 1] Weights loaded.
2026-04-08 07:10:54 [INFO] [Rank 0] Loading weights...
2026-04-08 07:10:58 [INFO] [Rank 0] Weights loaded.
2026-04-08 07:12:14 [INFO] [Rank 2] Finished. Latency: 76589 ms
2026-04-08 07:12:14 [INFO] [Rank 0] Finished. Latency: 76589 ms
2026-04-08 07:12:14 [INFO] [Rank 1] Finished. Latency: 76589 ms
2026-04-08 07:12:14 [INFO] [Rank 3] Finished. Latency: 76600 ms
2026-04-08 07:12:18 [INFO] Total latency:     76589 ms
2026-04-08 07:12:18 [INFO] Peak 5GB memory:   3422 MB
2026-04-08 07:12:18 [INFO] Avg  5GB memory:   1990 MB
2026-04-08 07:12:18 [INFO] [44/364] Split [15, 9, 5, 3] | Batch: 64 | Microbatch: 16 | Microbatches: 4
2026-04-08 07:12:18 [INFO] Loading WikiText... (SEQ_LEN=64, BATCH=64)
2026-04-08 07:12:33 [INFO] [Rank 3] Loading weights...
2026-04-08 07:12:34 [INFO] [Rank 3] Weights loaded.
2026-04-08 07:12:35 [INFO] [Rank 2] Loading weights...
2026-04-08 07:12:36 [INFO] [Rank 2] Weights loaded.
2026-04-08 07:12:41 [INFO] [Rank 1] Loading weights...
2026-04-08 07:12:43 [INFO] [Rank 1] Weights loaded.
2026-04-08 07:12:51 [INFO] [Rank 0] Loading weights...
2026-04-08 07:12:54 [INFO] [Rank 0] Weights loaded.
2026-04-08 07:15:08 [INFO] [Rank 2] Finished. Latency: 133220 ms
2026-04-08 07:15:08 [INFO] [Rank 0] Finished. Latency: 133220 ms
2026-04-08 07:15:08 [INFO] [Rank 1] Finished. Latency: 133220 ms
2026-04-08 07:15:08 [INFO] [Rank 3] Finished. Latency: 133228 ms
2026-04-08 07:15:11 [INFO] Total latency:     133220 ms
2026-04-08 07:15:11 [INFO] Peak 5GB memory:   2626 MB
2026-04-08 07:15:11 [INFO] Avg  5GB memory:   1934 MB
2026-04-08 07:15:11 [INFO] [45/364] Split [15, 9, 5, 3] | Batch: 64 | Microbatch: 8 | Microbatches: 8
2026-04-08 07:15:11 [INFO] Loading WikiText... (SEQ_LEN=64, BATCH=64)
2026-04-08 07:15:26 [INFO] [Rank 3] Loading weights...
2026-04-08 07:15:28 [INFO] [Rank 3] Weights loaded.
2026-04-08 07:15:29 [INFO] [Rank 2] Loading weights...
2026-04-08 07:15:30 [INFO] [Rank 2] Weights loaded.
2026-04-08 07:15:35 [INFO] [Rank 1] Loading weights...
2026-04-08 07:15:37 [INFO] [Rank 1] Weights loaded.
2026-04-08 07:15:46 [INFO] [Rank 0] Loading weights...
2026-04-08 07:15:49 [INFO] [Rank 0] Weights loaded.
2026-04-08 07:19:56 [INFO] [Rank 2] Finished. Latency: 247559 ms
2026-04-08 07:19:56 [INFO] [Rank 1] Finished. Latency: 247559 ms
2026-04-08 07:19:56 [INFO] [Rank 0] Finished. Latency: 247559 ms
2026-04-08 07:19:56 [INFO] [Rank 3] Finished. Latency: 247566 ms
2026-04-08 07:20:00 [INFO] Total latency:     247559 ms
2026-04-08 07:20:00 [INFO] Peak 5GB memory:   2246 MB
2026-04-08 07:20:00 [INFO] Avg  5GB memory:   1932 MB
2026-04-08 07:20:00 [INFO] [46/364] Split [15, 9, 5, 3] | Batch: 64 | Microbatch: 4 | Microbatches: 16
2026-04-08 07:20:00 [INFO] Loading WikiText... (SEQ_LEN=64, BATCH=64)
2026-04-08 07:20:15 [INFO] [Rank 3] Loading weights...
2026-04-08 07:20:17 [INFO] [Rank 3] Weights loaded.
2026-04-08 07:20:18 [INFO] [Rank 2] Loading weights...
2026-04-08 07:20:19 [INFO] [Rank 2] Weights loaded.
2026-04-08 07:20:24 [INFO] [Rank 1] Loading weights...
2026-04-08 07:20:26 [INFO] [Rank 1] Weights loaded.
2026-04-08 07:20:34 [INFO] [Rank 0] Loading weights...
2026-04-08 07:20:37 [INFO] [Rank 0] Weights loaded.
2026-04-08 07:28:34 [INFO] [Rank 2] Finished. Latency: 476598 ms
2026-04-08 07:28:34 [INFO] [Rank 1] Finished. Latency: 476598 ms
2026-04-08 07:28:34 [INFO] [Rank 0] Finished. Latency: 476599 ms
2026-04-08 07:28:34 [INFO] [Rank 3] Finished. Latency: 476605 ms
2026-04-08 07:28:37 [INFO] Total latency:     476599 ms
2026-04-08 07:28:37 [INFO] Peak 5GB memory:   2284 MB
2026-04-08 07:28:37 [INFO] Avg  5GB memory:   1990 MB
2026-04-08 07:28:37 [INFO] [47/364] Split [15, 9, 5, 3] | Batch: 64 | Microbatch: 2 | Microbatches: 32
2026-04-08 07:28:37 [INFO] Loading WikiText... (SEQ_LEN=64, BATCH=64)
2026-04-08 07:28:53 [INFO] [Rank 3] Loading weights...
2026-04-08 07:28:54 [INFO] [Rank 3] Weights loaded.
2026-04-08 07:28:55 [INFO] [Rank 2] Loading weights...
2026-04-08 07:28:57 [INFO] [Rank 2] Weights loaded.
2026-04-08 07:29:02 [INFO] [Rank 1] Loading weights...
2026-04-08 07:29:04 [INFO] [Rank 1] Weights loaded.
2026-04-08 07:29:12 [INFO] [Rank 0] Loading weights...
2026-04-08 07:29:15 [INFO] [Rank 0] Weights loaded.
2026-04-08 07:44:46 [INFO] [Rank 2] Finished. Latency: 931215 ms
2026-04-08 07:44:46 [INFO] [Rank 1] Finished. Latency: 931215 ms
2026-04-08 07:44:46 [INFO] [Rank 0] Finished. Latency: 931215 ms
2026-04-08 07:44:46 [INFO] [Rank 3] Finished. Latency: 931221 ms
2026-04-08 07:44:50 [INFO] Total latency:     931215 ms
2026-04-08 07:44:50 [INFO] Peak 5GB memory:   2372 MB
2026-04-08 07:44:50 [INFO] Avg  5GB memory:   2039 MB
2026-04-08 07:44:50 [INFO] [48/364] Split [15, 9, 5, 3] | Batch: 32 | Microbatch: 16 | Microbatches: 2
2026-04-08 07:44:50 [INFO] Loading WikiText... (SEQ_LEN=64, BATCH=32)
2026-04-08 07:45:05 [INFO] [Rank 3] Loading weights...
2026-04-08 07:45:07 [INFO] [Rank 3] Weights loaded.
2026-04-08 07:45:08 [INFO] [Rank 2] Loading weights...
2026-04-08 07:45:09 [INFO] [Rank 2] Weights loaded.
2026-04-08 07:45:14 [INFO] [Rank 1] Loading weights...
2026-04-08 07:45:16 [INFO] [Rank 1] Weights loaded.
2026-04-08 07:45:24 [INFO] [Rank 0] Loading weights...
2026-04-08 07:45:27 [INFO] [Rank 0] Weights loaded.
2026-04-08 07:46:35 [INFO] [Rank 2] Finished. Latency: 67743 ms
2026-04-08 07:46:35 [INFO] [Rank 1] Finished. Latency: 67743 ms
2026-04-08 07:46:35 [INFO] [Rank 0] Finished. Latency: 67743 ms
2026-04-08 07:46:35 [INFO] [Rank 3] Finished. Latency: 67752 ms
2026-04-08 07:46:39 [INFO] Total latency:     67743 ms
2026-04-08 07:46:39 [INFO] Peak 5GB memory:   2144 MB
2026-04-08 07:46:39 [INFO] Avg  5GB memory:   1649 MB
2026-04-08 07:46:39 [INFO] [49/364] Split [15, 9, 5, 3] | Batch: 32 | Microbatch: 8 | Microbatches: 4
2026-04-08 07:46:39 [INFO] Loading WikiText... (SEQ_LEN=64, BATCH=32)
2026-04-08 07:46:54 [INFO] [Rank 3] Loading weights...
2026-04-08 07:46:55 [INFO] [Rank 3] Weights loaded.
2026-04-08 07:46:56 [INFO] [Rank 2] Loading weights...
2026-04-08 07:46:57 [INFO] [Rank 2] Weights loaded.
2026-04-08 07:47:02 [INFO] [Rank 1] Loading weights...
2026-04-08 07:47:04 [INFO] [Rank 1] Weights loaded.
2026-04-08 07:47:12 [INFO] [Rank 0] Loading weights...
2026-04-08 07:47:15 [INFO] [Rank 0] Weights loaded.
2026-04-08 07:49:20 [INFO] [Rank 2] Finished. Latency: 124681 ms
2026-04-08 07:49:20 [INFO] [Rank 0] Finished. Latency: 124681 ms
2026-04-08 07:49:20 [INFO] [Rank 1] Finished. Latency: 124681 ms
2026-04-08 07:49:20 [INFO] [Rank 3] Finished. Latency: 124688 ms
2026-04-08 07:49:24 [INFO] Total latency:     124681 ms
2026-04-08 07:49:24 [INFO] Peak 5GB memory:   1982 MB
2026-04-08 07:49:24 [INFO] Avg  5GB memory:   1710 MB
2026-04-08 07:49:24 [INFO] [50/364] Split [15, 9, 5, 3] | Batch: 32 | Microbatch: 4 | Microbatches: 8
2026-04-08 07:49:24 [INFO] Loading WikiText... (SEQ_LEN=64, BATCH=32)
2026-04-08 07:49:39 [INFO] [Rank 3] Loading weights...
2026-04-08 07:49:40 [INFO] [Rank 3] Weights loaded.
2026-04-08 07:49:41 [INFO] [Rank 2] Loading weights...
2026-04-08 07:49:43 [INFO] [Rank 2] Weights loaded.
2026-04-08 07:49:48 [INFO] [Rank 1] Loading weights...
2026-04-08 07:49:50 [INFO] [Rank 1] Weights loaded.
2026-04-08 07:49:57 [INFO] [Rank 0] Loading weights...
2026-04-08 07:50:00 [INFO] [Rank 0] Weights loaded.
2026-04-08 07:54:01 [INFO] [Rank 2] Finished. Latency: 240391 ms
2026-04-08 07:54:01 [INFO] [Rank 1] Finished. Latency: 240391 ms
2026-04-08 07:54:01 [INFO] [Rank 0] Finished. Latency: 240391 ms
2026-04-08 07:54:01 [INFO] [Rank 3] Finished. Latency: 240397 ms
2026-04-08 07:54:05 [INFO] Total latency:     240391 ms
2026-04-08 07:54:05 [INFO] Peak 5GB memory:   2138 MB
2026-04-08 07:54:05 [INFO] Avg  5GB memory:   1767 MB
2026-04-08 07:54:05 [INFO] [51/364] Split [15, 9, 5, 3] | Batch: 32 | Microbatch: 2 | Microbatches: 16
2026-04-08 07:54:05 [INFO] Loading WikiText... (SEQ_LEN=64, BATCH=32)
2026-04-08 07:54:20 [INFO] [Rank 3] Loading weights...
2026-04-08 07:54:22 [INFO] [Rank 3] Weights loaded.
2026-04-08 07:54:22 [INFO] [Rank 2] Loading weights...
2026-04-08 07:54:24 [INFO] [Rank 2] Weights loaded.
2026-04-08 07:54:29 [INFO] [Rank 1] Loading weights...
2026-04-08 07:54:31 [INFO] [Rank 1] Weights loaded.
2026-04-08 07:54:39 [INFO] [Rank 0] Loading weights...
2026-04-08 07:54:42 [INFO] [Rank 0] Weights loaded.
2026-04-08 08:02:29 [INFO] [Rank 2] Finished. Latency: 467428 ms
2026-04-08 08:02:29 [INFO] [Rank 1] Finished. Latency: 467428 ms
2026-04-08 08:02:29 [INFO] [Rank 0] Finished. Latency: 467428 ms
2026-04-08 08:02:29 [INFO] [Rank 3] Finished. Latency: 467434 ms
2026-04-08 08:02:33 [INFO] Total latency:     467428 ms
2026-04-08 08:02:33 [INFO] Peak 5GB memory:   2138 MB
2026-04-08 08:02:33 [INFO] Avg  5GB memory:   1818 MB
2026-04-08 08:02:33 [INFO] [52/364] Split [15, 9, 5, 3] | Batch: 16 | Microbatch: 8 | Microbatches: 2
2026-04-08 08:02:33 [INFO] Loading WikiText... (SEQ_LEN=64, BATCH=16)
2026-04-08 08:02:49 [INFO] [Rank 3] Loading weights...
2026-04-08 08:02:50 [INFO] [Rank 3] Weights loaded.
2026-04-08 08:02:51 [INFO] [Rank 2] Loading weights...
2026-04-08 08:02:53 [INFO] [Rank 2] Weights loaded.
2026-04-08 08:02:57 [INFO] [Rank 1] Loading weights...
2026-04-08 08:03:00 [INFO] [Rank 1] Weights loaded.
2026-04-08 08:03:07 [INFO] [Rank 0] Loading weights...
2026-04-08 08:03:11 [INFO] [Rank 0] Weights loaded.
2026-04-08 08:04:14 [INFO] [Rank 1] Finished. Latency: 63040 ms
2026-04-08 08:04:14 [INFO] [Rank 2] Finished. Latency: 63040 ms
2026-04-08 08:04:14 [INFO] [Rank 0] Finished. Latency: 63040 ms
2026-04-08 08:04:14 [INFO] [Rank 3] Finished. Latency: 63047 ms
2026-04-08 08:04:17 [INFO] Total latency:     63040 ms
2026-04-08 08:04:17 [INFO] Peak 5GB memory:   2138 MB
2026-04-08 08:04:17 [INFO] Avg  5GB memory:   1551 MB
2026-04-08 08:04:17 [INFO] [53/364] Split [15, 9, 5, 3] | Batch: 16 | Microbatch: 4 | Microbatches: 4
2026-04-08 08:04:17 [INFO] Loading WikiText... (SEQ_LEN=64, BATCH=16)
2026-04-08 08:04:32 [INFO] [Rank 3] Loading weights...
2026-04-08 08:04:33 [INFO] [Rank 3] Weights loaded.
2026-04-08 08:04:34 [INFO] [Rank 2] Loading weights...
2026-04-08 08:04:36 [INFO] [Rank 2] Weights loaded.
2026-04-08 08:04:40 [INFO] [Rank 1] Loading weights...
2026-04-08 08:04:43 [INFO] [Rank 1] Weights loaded.
2026-04-08 08:04:51 [INFO] [Rank 0] Loading weights...
2026-04-08 08:04:54 [INFO] [Rank 0] Weights loaded.
2026-04-08 08:06:55 [INFO] [Rank 2] Finished. Latency: 121092 ms
2026-04-08 08:06:55 [INFO] [Rank 1] Finished. Latency: 121092 ms
2026-04-08 08:06:55 [INFO] [Rank 0] Finished. Latency: 121092 ms
2026-04-08 08:06:55 [INFO] [Rank 3] Finished. Latency: 121098 ms
2026-04-08 08:06:59 [INFO] Total latency:     121092 ms
2026-04-08 08:06:59 [INFO] Peak 5GB memory:   2138 MB
2026-04-08 08:06:59 [INFO] Avg  5GB memory:   1631 MB
2026-04-08 08:06:59 [INFO] [54/364] Split [15, 9, 5, 3] | Batch: 16 | Microbatch: 2 | Microbatches: 8
2026-04-08 08:06:59 [INFO] Loading WikiText... (SEQ_LEN=64, BATCH=16)
2026-04-08 08:07:14 [INFO] [Rank 3] Loading weights...
2026-04-08 08:07:15 [INFO] [Rank 3] Weights loaded.
2026-04-08 08:07:16 [INFO] [Rank 2] Loading weights...
2026-04-08 08:07:18 [INFO] [Rank 2] Weights loaded.
2026-04-08 08:07:22 [INFO] [Rank 1] Loading weights...
2026-04-08 08:07:25 [INFO] [Rank 1] Weights loaded.
2026-04-08 08:07:33 [INFO] [Rank 0] Loading weights...
2026-04-08 08:07:36 [INFO] [Rank 0] Weights loaded.
2026-04-08 08:11:31 [INFO] [Rank 2] Finished. Latency: 235341 ms
2026-04-08 08:11:31 [INFO] [Rank 0] Finished. Latency: 235341 ms
2026-04-08 08:11:31 [INFO] [Rank 1] Finished. Latency: 235341 ms
2026-04-08 08:11:31 [INFO] [Rank 3] Finished. Latency: 235347 ms
2026-04-08 08:11:35 [INFO] Total latency:     235341 ms
2026-04-08 08:11:35 [INFO] Peak 5GB memory:   1882 MB
2026-04-08 08:11:35 [INFO] Avg  5GB memory:   1685 MB
2026-04-08 08:11:35 [INFO] [55/364] Split [15, 9, 5, 3] | Batch: 8 | Microbatch: 4 | Microbatches: 2
2026-04-08 08:11:35 [INFO] Loading WikiText... (SEQ_LEN=64, BATCH=8)
2026-04-08 08:11:51 [INFO] [Rank 3] Loading weights...
2026-04-08 08:11:52 [INFO] [Rank 3] Weights loaded.
2026-04-08 08:11:53 [INFO] [Rank 2] Loading weights...
2026-04-08 08:11:54 [INFO] [Rank 2] Weights loaded.
2026-04-08 08:11:59 [INFO] [Rank 1] Loading weights...
2026-04-08 08:12:01 [INFO] [Rank 1] Weights loaded.
2026-04-08 08:12:09 [INFO] [Rank 0] Loading weights...
2026-04-08 08:12:12 [INFO] [Rank 0] Weights loaded.
2026-04-08 08:13:13 [INFO] [Rank 1] Finished. Latency: 61191 ms
2026-04-08 08:13:13 [INFO] [Rank 2] Finished. Latency: 61191 ms
2026-04-08 08:13:13 [INFO] [Rank 0] Finished. Latency: 61191 ms
2026-04-08 08:13:13 [INFO] [Rank 3] Finished. Latency: 61197 ms
2026-04-08 08:13:17 [INFO] Total latency:     61191 ms
2026-04-08 08:13:17 [INFO] Peak 5GB memory:   1740 MB
2026-04-08 08:13:17 [INFO] Avg  5GB memory:   1515 MB
2026-04-08 08:13:17 [INFO] [56/364] Split [15, 9, 5, 3] | Batch: 8 | Microbatch: 2 | Microbatches: 4
2026-04-08 08:13:17 [INFO] Loading WikiText... (SEQ_LEN=64, BATCH=8)
2026-04-08 08:13:32 [INFO] [Rank 3] Loading weights...
2026-04-08 08:13:33 [INFO] [Rank 3] Weights loaded.
2026-04-08 08:13:34 [INFO] [Rank 2] Loading weights...
2026-04-08 08:13:36 [INFO] [Rank 2] Weights loaded.
2026-04-08 08:13:40 [INFO] [Rank 1] Loading weights...
2026-04-08 08:13:43 [INFO] [Rank 1] Weights loaded.
2026-04-08 08:13:51 [INFO] [Rank 0] Loading weights...
2026-04-08 08:13:54 [INFO] [Rank 0] Weights loaded.
2026-04-08 08:15:52 [INFO] [Rank 2] Finished. Latency: 118237 ms
2026-04-08 08:15:52 [INFO] [Rank 1] Finished. Latency: 118237 ms
2026-04-08 08:15:52 [INFO] [Rank 0] Finished. Latency: 118237 ms
2026-04-08 08:15:52 [INFO] [Rank 3] Finished. Latency: 118243 ms
2026-04-08 08:15:56 [INFO] Total latency:     118237 ms
2026-04-08 08:15:56 [INFO] Peak 5GB memory:   1882 MB
2026-04-08 08:15:56 [INFO] Avg  5GB memory:   1594 MB
2026-04-08 08:15:56 [INFO] [57/364] Split [16, 7, 5, 4] | Batch: 64 | Microbatch: 32 | Microbatches: 2
2026-04-08 08:15:56 [INFO] Loading WikiText... (SEQ_LEN=64, BATCH=64)
2026-04-08 08:16:13 [INFO] [Rank 3] Loading weights...
2026-04-08 08:16:13 [INFO] [Rank 2] Loading weights...
2026-04-08 08:16:14 [INFO] [Rank 3] Weights loaded.
2026-04-08 08:16:15 [INFO] [Rank 2] Weights loaded.
2026-04-08 08:16:17 [INFO] [Rank 1] Loading weights...
2026-04-08 08:16:19 [INFO] [Rank 1] Weights loaded.
2026-04-08 08:16:31 [INFO] [Rank 0] Loading weights...
2026-04-08 08:16:35 [INFO] [Rank 0] Weights loaded.
2026-04-08 08:17:52 [INFO] [Rank 2] Finished. Latency: 77463 ms
2026-04-08 08:17:52 [INFO] [Rank 1] Finished. Latency: 77463 ms
2026-04-08 08:17:52 [INFO] [Rank 0] Finished. Latency: 77463 ms
2026-04-08 08:17:52 [INFO] [Rank 3] Finished. Latency: 77477 ms
2026-04-08 08:17:56 [INFO] Total latency:     77463 ms
2026-04-08 08:17:56 [INFO] Peak 5GB memory:   4506 MB
2026-04-08 08:17:56 [INFO] Avg  5GB memory:   2510 MB
2026-04-08 08:17:56 [INFO] [58/364] Split [16, 7, 5, 4] | Batch: 64 | Microbatch: 16 | Microbatches: 4
2026-04-08 08:17:56 [INFO] Loading WikiText... (SEQ_LEN=64, BATCH=64)
2026-04-08 08:18:13 [INFO] [Rank 3] Loading weights...
2026-04-08 08:18:13 [INFO] [Rank 2] Loading weights...
2026-04-08 08:18:14 [INFO] [Rank 3] Weights loaded.
2026-04-08 08:18:15 [INFO] [Rank 2] Weights loaded.
2026-04-08 08:18:16 [INFO] [Rank 1] Loading weights...
2026-04-08 08:18:18 [INFO] [Rank 1] Weights loaded.
2026-04-08 08:18:31 [INFO] [Rank 0] Loading weights...
2026-04-08 08:18:34 [INFO] [Rank 0] Weights loaded.
2026-04-08 08:20:50 [INFO] [Rank 2] Finished. Latency: 135216 ms
2026-04-08 08:20:50 [INFO] [Rank 1] Finished. Latency: 135216 ms
2026-04-08 08:20:50 [INFO] [Rank 0] Finished. Latency: 135216 ms
2026-04-08 08:20:50 [INFO] [Rank 3] Finished. Latency: 135227 ms
2026-04-08 08:20:53 [INFO] Total latency:     135216 ms
2026-04-08 08:20:53 [INFO] Peak 5GB memory:   3348 MB
2026-04-08 08:20:53 [INFO] Avg  5GB memory:   2412 MB
2026-04-08 08:20:53 [INFO] [59/364] Split [16, 7, 5, 4] | Batch: 64 | Microbatch: 8 | Microbatches: 8
2026-04-08 08:20:53 [INFO] Loading WikiText... (SEQ_LEN=64, BATCH=64)
2026-04-08 08:21:10 [INFO] [Rank 3] Loading weights...
2026-04-08 08:21:11 [INFO] [Rank 2] Loading weights...
2026-04-08 08:21:12 [INFO] [Rank 3] Weights loaded.
2026-04-08 08:21:13 [INFO] [Rank 2] Weights loaded.
2026-04-08 08:21:14 [INFO] [Rank 1] Loading weights...
2026-04-08 08:21:16 [INFO] [Rank 1] Weights loaded.
2026-04-08 08:21:29 [INFO] [Rank 0] Loading weights...
2026-04-08 08:21:32 [INFO] [Rank 0] Weights loaded.
2026-04-08 08:25:43 [INFO] [Rank 2] Finished. Latency: 251090 ms
2026-04-08 08:25:43 [INFO] [Rank 1] Finished. Latency: 251090 ms
2026-04-08 08:25:43 [INFO] [Rank 0] Finished. Latency: 251090 ms
2026-04-08 08:25:43 [INFO] [Rank 3] Finished. Latency: 251099 ms
2026-04-08 08:25:47 [INFO] Total latency:     251090 ms
2026-04-08 08:25:47 [INFO] Peak 5GB memory:   2848 MB
2026-04-08 08:25:47 [INFO] Avg  5GB memory:   2420 MB
2026-04-08 08:25:47 [INFO] [60/364] Split [16, 7, 5, 4] | Batch: 64 | Microbatch: 4 | Microbatches: 16
2026-04-08 08:25:47 [INFO] Loading WikiText... (SEQ_LEN=64, BATCH=64)
2026-04-08 08:26:04 [INFO] [Rank 3] Loading weights...
2026-04-08 08:26:04 [INFO] [Rank 2] Loading weights...
2026-04-08 08:26:05 [INFO] [Rank 3] Weights loaded.
2026-04-08 08:26:06 [INFO] [Rank 2] Weights loaded.
2026-04-08 08:26:08 [INFO] [Rank 1] Loading weights...
2026-04-08 08:26:10 [INFO] [Rank 1] Weights loaded.
2026-04-08 08:26:22 [INFO] [Rank 0] Loading weights...
2026-04-08 08:26:25 [INFO] [Rank 0] Weights loaded.
2026-04-08 08:34:31 [INFO] [Rank 1] Finished. Latency: 485028 ms
2026-04-08 08:34:31 [INFO] [Rank 2] Finished. Latency: 485028 ms
2026-04-08 08:34:31 [INFO] [Rank 0] Finished. Latency: 485028 ms
2026-04-08 08:34:31 [INFO] [Rank 3] Finished. Latency: 485036 ms
2026-04-08 08:34:34 [INFO] Total latency:     485028 ms
2026-04-08 08:34:34 [INFO] Peak 5GB memory:   2896 MB
2026-04-08 08:34:34 [INFO] Avg  5GB memory:   2501 MB
2026-04-08 08:34:34 [INFO] [61/364] Split [16, 7, 5, 4] | Batch: 64 | Microbatch: 2 | Microbatches: 32
2026-04-08 08:34:34 [INFO] Loading WikiText... (SEQ_LEN=64, BATCH=64)
2026-04-08 08:34:52 [INFO] [Rank 3] Loading weights...
2026-04-08 08:34:52 [INFO] [Rank 2] Loading weights...
2026-04-08 08:34:53 [INFO] [Rank 3] Weights loaded.
2026-04-08 08:34:54 [INFO] [Rank 2] Weights loaded.
2026-04-08 08:34:56 [INFO] [Rank 1] Loading weights...
2026-04-08 08:34:58 [INFO] [Rank 1] Weights loaded.
2026-04-08 08:35:10 [INFO] [Rank 0] Loading weights...
2026-04-08 08:35:13 [INFO] [Rank 0] Weights loaded.
2026-04-08 08:51:02 [INFO] [Rank 2] Finished. Latency: 948795 ms
2026-04-08 08:51:02 [INFO] [Rank 1] Finished. Latency: 948795 ms
2026-04-08 08:51:02 [INFO] [Rank 0] Finished. Latency: 948795 ms
2026-04-08 08:51:02 [INFO] [Rank 3] Finished. Latency: 948803 ms
2026-04-08 08:51:06 [INFO] Total latency:     948795 ms
2026-04-08 08:51:06 [INFO] Peak 5GB memory:   3016 MB
2026-04-08 08:51:06 [INFO] Avg  5GB memory:   2572 MB
2026-04-08 08:51:06 [INFO] [62/364] Split [16, 7, 5, 4] | Batch: 32 | Microbatch: 16 | Microbatches: 2
2026-04-08 08:51:06 [INFO] Loading WikiText... (SEQ_LEN=64, BATCH=32)
2026-04-08 08:51:22 [INFO] [Rank 3] Loading weights...
2026-04-08 08:51:23 [INFO] [Rank 2] Loading weights...
2026-04-08 08:51:24 [INFO] [Rank 3] Weights loaded.
2026-04-08 08:51:25 [INFO] [Rank 2] Weights loaded.
2026-04-08 08:51:26 [INFO] [Rank 1] Loading weights...
2026-04-08 08:51:28 [INFO] [Rank 1] Weights loaded.
2026-04-08 08:51:41 [INFO] [Rank 0] Loading weights...
2026-04-08 08:51:44 [INFO] [Rank 0] Weights loaded.
2026-04-08 08:52:52 [INFO] [Rank 2] Finished. Latency: 68382 ms
2026-04-08 08:52:52 [INFO] [Rank 0] Finished. Latency: 68382 ms
2026-04-08 08:52:52 [INFO] [Rank 1] Finished. Latency: 68382 ms
2026-04-08 08:52:52 [INFO] [Rank 3] Finished. Latency: 68393 ms
2026-04-08 08:52:56 [INFO] Total latency:     68382 ms
2026-04-08 08:52:56 [INFO] Peak 5GB memory:   2706 MB
2026-04-08 08:52:56 [INFO] Avg  5GB memory:   2076 MB
2026-04-08 08:52:56 [INFO] [63/364] Split [16, 7, 5, 4] | Batch: 32 | Microbatch: 8 | Microbatches: 4
2026-04-08 08:52:56 [INFO] Loading WikiText... (SEQ_LEN=64, BATCH=32)
2026-04-08 08:53:13 [INFO] [Rank 3] Loading weights...
2026-04-08 08:53:14 [INFO] [Rank 2] Loading weights...
2026-04-08 08:53:15 [INFO] [Rank 3] Weights loaded.
2026-04-08 08:53:15 [INFO] [Rank 2] Weights loaded.
2026-04-08 08:53:17 [INFO] [Rank 1] Loading weights...
2026-04-08 08:53:19 [INFO] [Rank 1] Weights loaded.
2026-04-08 08:53:32 [INFO] [Rank 0] Loading weights...
2026-04-08 08:53:35 [INFO] [Rank 0] Weights loaded.
2026-04-08 08:55:41 [INFO] [Rank 2] Finished. Latency: 126056 ms
2026-04-08 08:55:41 [INFO] [Rank 0] Finished. Latency: 126056 ms
2026-04-08 08:55:41 [INFO] [Rank 1] Finished. Latency: 126056 ms
2026-04-08 08:55:41 [INFO] [Rank 3] Finished. Latency: 126065 ms
2026-04-08 08:55:45 [INFO] Total latency:     126056 ms
2026-04-08 08:55:45 [INFO] Peak 5GB memory:   2476 MB
2026-04-08 08:55:45 [INFO] Avg  5GB memory:   2122 MB
2026-04-08 08:55:45 [INFO] [64/364] Split [16, 7, 5, 4] | Batch: 32 | Microbatch: 4 | Microbatches: 8
2026-04-08 08:55:45 [INFO] Loading WikiText... (SEQ_LEN=64, BATCH=32)
2026-04-08 08:56:01 [INFO] [Rank 3] Loading weights...
2026-04-08 08:56:02 [INFO] [Rank 2] Loading weights...
2026-04-08 08:56:03 [INFO] [Rank 3] Weights loaded.
2026-04-08 08:56:04 [INFO] [Rank 2] Weights loaded.
2026-04-08 08:56:05 [INFO] [Rank 1] Loading weights...
2026-04-08 08:56:07 [INFO] [Rank 1] Weights loaded.
2026-04-08 08:56:20 [INFO] [Rank 0] Loading weights...
2026-04-08 08:56:23 [INFO] [Rank 0] Weights loaded.
2026-04-08 09:00:25 [INFO] [Rank 1] Finished. Latency: 242581 ms
2026-04-08 09:00:25 [INFO] [Rank 2] Finished. Latency: 242581 ms
2026-04-08 09:00:25 [INFO] [Rank 0] Finished. Latency: 242581 ms
2026-04-08 09:00:25 [INFO] [Rank 3] Finished. Latency: 242588 ms
2026-04-08 09:00:29 [INFO] Total latency:     242581 ms
2026-04-08 09:00:29 [INFO] Peak 5GB memory:   2492 MB
2026-04-08 09:00:29 [INFO] Avg  5GB memory:   2217 MB
2026-04-08 09:00:29 [INFO] [65/364] Split [16, 7, 5, 4] | Batch: 32 | Microbatch: 2 | Microbatches: 16
2026-04-08 09:00:29 [INFO] Loading WikiText... (SEQ_LEN=64, BATCH=32)
2026-04-08 09:00:46 [INFO] [Rank 3] Loading weights...
2026-04-08 09:00:47 [INFO] [Rank 2] Loading weights...
2026-04-08 09:00:47 [INFO] [Rank 3] Weights loaded.
2026-04-08 09:00:48 [INFO] [Rank 2] Weights loaded.
2026-04-08 09:00:50 [INFO] [Rank 1] Loading weights...
2026-04-08 09:00:52 [INFO] [Rank 1] Weights loaded.
2026-04-08 09:01:04 [INFO] [Rank 0] Loading weights...
2026-04-08 09:01:08 [INFO] [Rank 0] Weights loaded.
2026-04-08 09:09:02 [INFO] [Rank 1] Finished. Latency: 473906 ms
2026-04-08 09:09:02 [INFO] [Rank 2] Finished. Latency: 473906 ms
2026-04-08 09:09:02 [INFO] [Rank 0] Finished. Latency: 473906 ms
2026-04-08 09:09:02 [INFO] [Rank 3] Finished. Latency: 473913 ms
2026-04-08 09:09:05 [INFO] Total latency:     473906 ms
2026-04-08 09:09:05 [INFO] Peak 5GB memory:   2550 MB
2026-04-08 09:09:05 [INFO] Avg  5GB memory:   2283 MB
2026-04-08 09:09:05 [INFO] [66/364] Split [16, 7, 5, 4] | Batch: 16 | Microbatch: 8 | Microbatches: 2
2026-04-08 09:09:05 [INFO] Loading WikiText... (SEQ_LEN=64, BATCH=16)
2026-04-08 09:09:23 [INFO] [Rank 3] Loading weights...
2026-04-08 09:09:23 [INFO] [Rank 2] Loading weights...
2026-04-08 09:09:24 [INFO] [Rank 3] Weights loaded.
2026-04-08 09:09:25 [INFO] [Rank 2] Weights loaded.
2026-04-08 09:09:27 [INFO] [Rank 1] Loading weights...
2026-04-08 09:09:29 [INFO] [Rank 1] Weights loaded.
2026-04-08 09:09:41 [INFO] [Rank 0] Loading weights...
2026-04-08 09:09:44 [INFO] [Rank 0] Weights loaded.
2026-04-08 09:10:48 [INFO] [Rank 2] Finished. Latency: 63649 ms
2026-04-08 09:10:48 [INFO] [Rank 1] Finished. Latency: 63649 ms
2026-04-08 09:10:48 [INFO] [Rank 0] Finished. Latency: 63649 ms
2026-04-08 09:10:48 [INFO] [Rank 3] Finished. Latency: 63658 ms
2026-04-08 09:10:52 [INFO] Total latency:     63649 ms
2026-04-08 09:10:52 [INFO] Peak 5GB memory:   2302 MB
2026-04-08 09:10:52 [INFO] Avg  5GB memory:   1931 MB
2026-04-08 09:10:52 [INFO] [67/364] Split [16, 7, 5, 4] | Batch: 16 | Microbatch: 4 | Microbatches: 4
2026-04-08 09:10:52 [INFO] Loading WikiText... (SEQ_LEN=64, BATCH=16)
2026-04-08 09:11:08 [INFO] [Rank 3] Loading weights...
2026-04-08 09:11:08 [INFO] [Rank 2] Loading weights...
2026-04-08 09:11:09 [INFO] [Rank 3] Weights loaded.
2026-04-08 09:11:10 [INFO] [Rank 2] Weights loaded.
2026-04-08 09:11:12 [INFO] [Rank 1] Loading weights...
2026-04-08 09:11:14 [INFO] [Rank 1] Weights loaded.
2026-04-08 09:11:27 [INFO] [Rank 0] Loading weights...
2026-04-08 09:11:30 [INFO] [Rank 0] Weights loaded.
2026-04-08 09:13:33 [INFO] [Rank 1] Finished. Latency: 123058 ms
2026-04-08 09:13:33 [INFO] [Rank 0] Finished. Latency: 123058 ms
2026-04-08 09:13:33 [INFO] [Rank 2] Finished. Latency: 123058 ms
2026-04-08 09:13:33 [INFO] [Rank 3] Finished. Latency: 123066 ms
2026-04-08 09:13:37 [INFO] Total latency:     123058 ms
2026-04-08 09:13:37 [INFO] Peak 5GB memory:   2302 MB
2026-04-08 09:13:37 [INFO] Avg  5GB memory:   2033 MB
2026-04-08 09:13:37 [INFO] [68/364] Split [16, 7, 5, 4] | Batch: 16 | Microbatch: 2 | Microbatches: 8
2026-04-08 09:13:37 [INFO] Loading WikiText... (SEQ_LEN=64, BATCH=16)
2026-04-08 09:13:53 [INFO] [Rank 3] Loading weights...
2026-04-08 09:13:53 [INFO] [Rank 2] Loading weights...
2026-04-08 09:13:55 [INFO] [Rank 3] Weights loaded.
2026-04-08 09:13:55 [INFO] [Rank 2] Weights loaded.
2026-04-08 09:13:57 [INFO] [Rank 1] Loading weights...
2026-04-08 09:13:59 [INFO] [Rank 1] Weights loaded.
2026-04-08 09:14:11 [INFO] [Rank 0] Loading weights...
2026-04-08 09:14:15 [INFO] [Rank 0] Weights loaded.
2026-04-08 09:18:13 [INFO] [Rank 1] Finished. Latency: 238774 ms
2026-04-08 09:18:13 [INFO] [Rank 2] Finished. Latency: 238774 ms
2026-04-08 09:18:13 [INFO] [Rank 0] Finished. Latency: 238775 ms
2026-04-08 09:18:13 [INFO] [Rank 3] Finished. Latency: 238782 ms
2026-04-08 09:18:17 [INFO] Total latency:     238775 ms
2026-04-08 09:18:17 [INFO] Peak 5GB memory:   2318 MB
2026-04-08 09:18:17 [INFO] Avg  5GB memory:   2112 MB
2026-04-08 09:18:17 [INFO] [69/364] Split [16, 7, 5, 4] | Batch: 8 | Microbatch: 4 | Microbatches: 2
2026-04-08 09:18:17 [INFO] Loading WikiText... (SEQ_LEN=64, BATCH=8)
2026-04-08 09:18:34 [INFO] [Rank 3] Loading weights...
2026-04-08 09:18:34 [INFO] [Rank 2] Loading weights...
2026-04-08 09:18:36 [INFO] [Rank 3] Weights loaded.
2026-04-08 09:18:36 [INFO] [Rank 2] Weights loaded.
2026-04-08 09:18:38 [INFO] [Rank 1] Loading weights...
2026-04-08 09:18:40 [INFO] [Rank 1] Weights loaded.
2026-04-08 09:18:52 [INFO] [Rank 0] Loading weights...
2026-04-08 09:18:55 [INFO] [Rank 0] Weights loaded.
2026-04-08 09:19:58 [INFO] [Rank 2] Finished. Latency: 61984 ms
2026-04-08 09:19:58 [INFO] [Rank 1] Finished. Latency: 61984 ms
2026-04-08 09:19:58 [INFO] [Rank 0] Finished. Latency: 61984 ms
2026-04-08 09:19:58 [INFO] [Rank 3] Finished. Latency: 61992 ms
2026-04-08 09:20:01 [INFO] Total latency:     61984 ms
2026-04-08 09:20:01 [INFO] Peak 5GB memory:   2204 MB
2026-04-08 09:20:01 [INFO] Avg  5GB memory:   1883 MB
2026-04-08 09:20:01 [INFO] [70/364] Split [16, 7, 5, 4] | Batch: 8 | Microbatch: 2 | Microbatches: 4
2026-04-08 09:20:01 [INFO] Loading WikiText... (SEQ_LEN=64, BATCH=8)
2026-04-08 09:20:17 [INFO] [Rank 3] Loading weights...
2026-04-08 09:20:18 [INFO] [Rank 2] Loading weights...
2026-04-08 09:20:19 [INFO] [Rank 3] Weights loaded.
2026-04-08 09:20:20 [INFO] [Rank 2] Weights loaded.
2026-04-08 09:20:22 [INFO] [Rank 1] Loading weights...
2026-04-08 09:20:24 [INFO] [Rank 1] Weights loaded.
2026-04-08 09:20:36 [INFO] [Rank 0] Loading weights...
2026-04-08 09:20:39 [INFO] [Rank 0] Weights loaded.
2026-04-08 09:22:40 [INFO] [Rank 2] Finished. Latency: 120460 ms
2026-04-08 09:22:40 [INFO] [Rank 1] Finished. Latency: 120460 ms
2026-04-08 09:22:40 [INFO] [Rank 0] Finished. Latency: 120460 ms
2026-04-08 09:22:40 [INFO] [Rank 3] Finished. Latency: 120468 ms
2026-04-08 09:22:44 [INFO] Total latency:     120460 ms
2026-04-08 09:22:44 [INFO] Peak 5GB memory:   2558 MB
2026-04-08 09:22:44 [INFO] Avg  5GB memory:   1984 MB
2026-04-08 09:22:44 [INFO] [71/364] Split [16, 8, 4, 4] | Batch: 64 | Microbatch: 32 | Microbatches: 2
2026-04-08 09:22:44 [INFO] Loading WikiText... (SEQ_LEN=64, BATCH=64)
2026-04-08 09:22:59 [INFO] [Rank 2] Loading weights...
2026-04-08 09:23:00 [INFO] [Rank 3] Loading weights...
2026-04-08 09:23:00 [INFO] [Rank 2] Weights loaded.
2026-04-08 09:23:01 [INFO] [Rank 3] Weights loaded.
2026-04-08 09:23:05 [INFO] [Rank 1] Loading weights...
2026-04-08 09:23:07 [INFO] [Rank 1] Weights loaded.
2026-04-08 09:23:19 [INFO] [Rank 0] Loading weights...
2026-04-08 09:23:22 [INFO] [Rank 0] Weights loaded.
2026-04-08 09:24:38 [INFO] [Rank 2] Finished. Latency: 75547 ms
2026-04-08 09:24:38 [INFO] [Rank 0] Finished. Latency: 75547 ms
2026-04-08 09:24:38 [INFO] [Rank 1] Finished. Latency: 75547 ms
2026-04-08 09:24:38 [INFO] [Rank 3] Finished. Latency: 75561 ms
2026-04-08 09:24:41 [INFO] Total latency:     75547 ms
2026-04-08 09:24:41 [INFO] Peak 5GB memory:   4524 MB
2026-04-08 09:24:41 [INFO] Avg  5GB memory:   2510 MB
2026-04-08 09:24:41 [INFO] [72/364] Split [16, 8, 4, 4] | Batch: 64 | Microbatch: 16 | Microbatches: 4
2026-04-08 09:24:41 [INFO] Loading WikiText... (SEQ_LEN=64, BATCH=64)
2026-04-08 09:24:57 [INFO] [Rank 2] Loading weights...
2026-04-08 09:24:58 [INFO] [Rank 3] Loading weights...
2026-04-08 09:24:58 [INFO] [Rank 2] Weights loaded.
2026-04-08 09:24:59 [INFO] [Rank 3] Weights loaded.
2026-04-08 09:25:03 [INFO] [Rank 1] Loading weights...
2026-04-08 09:25:06 [INFO] [Rank 1] Weights loaded.
2026-04-08 09:25:16 [INFO] [Rank 0] Loading weights...
2026-04-08 09:25:19 [INFO] [Rank 0] Weights loaded.
2026-04-08 09:27:32 [INFO] [Rank 1] Finished. Latency: 132345 ms
2026-04-08 09:27:32 [INFO] [Rank 2] Finished. Latency: 132345 ms
2026-04-08 09:27:32 [INFO] [Rank 0] Finished. Latency: 132345 ms
2026-04-08 09:27:32 [INFO] [Rank 3] Finished. Latency: 132356 ms
2026-04-08 09:27:36 [INFO] Total latency:     132345 ms
2026-04-08 09:27:36 [INFO] Peak 5GB memory:   3348 MB
2026-04-08 09:27:36 [INFO] Avg  5GB memory:   2416 MB
2026-04-08 09:27:36 [INFO] [73/364] Split [16, 8, 4, 4] | Batch: 64 | Microbatch: 8 | Microbatches: 8
2026-04-08 09:27:36 [INFO] Loading WikiText... (SEQ_LEN=64, BATCH=64)
2026-04-08 09:27:52 [INFO] [Rank 2] Loading weights...
2026-04-08 09:27:53 [INFO] [Rank 3] Loading weights...
2026-04-08 09:27:53 [INFO] [Rank 2] Weights loaded.
2026-04-08 09:27:54 [INFO] [Rank 3] Weights loaded.
2026-04-08 09:27:58 [INFO] [Rank 1] Loading weights...
2026-04-08 09:28:00 [INFO] [Rank 1] Weights loaded.
2026-04-08 09:28:11 [INFO] [Rank 0] Loading weights...
2026-04-08 09:28:15 [INFO] [Rank 0] Weights loaded.
2026-04-08 09:32:21 [INFO] [Rank 2] Finished. Latency: 245979 ms
2026-04-08 09:32:21 [INFO] [Rank 1] Finished. Latency: 245979 ms
2026-04-08 09:32:21 [INFO] [Rank 0] Finished. Latency: 245979 ms
2026-04-08 09:32:21 [INFO] [Rank 3] Finished. Latency: 245988 ms
2026-04-08 09:32:24 [INFO] Total latency:     245979 ms
2026-04-08 09:32:24 [INFO] Peak 5GB memory:   2848 MB
2026-04-08 09:32:24 [INFO] Avg  5GB memory:   2418 MB
2026-04-08 09:32:24 [INFO] [74/364] Split [16, 8, 4, 4] | Batch: 64 | Microbatch: 4 | Microbatches: 16
2026-04-08 09:32:24 [INFO] Loading WikiText... (SEQ_LEN=64, BATCH=64)
2026-04-08 09:32:41 [INFO] [Rank 2] Loading weights...
2026-04-08 09:32:42 [INFO] [Rank 3] Loading weights...
2026-04-08 09:32:42 [INFO] [Rank 2] Weights loaded.
2026-04-08 09:32:43 [INFO] [Rank 3] Weights loaded.
2026-04-08 09:32:47 [INFO] [Rank 1] Loading weights...
2026-04-08 09:32:50 [INFO] [Rank 1] Weights loaded.
2026-04-08 09:33:01 [INFO] [Rank 0] Loading weights...
2026-04-08 09:33:04 [INFO] [Rank 0] Weights loaded.
2026-04-08 09:40:57 [INFO] [Rank 2] Finished. Latency: 472923 ms
2026-04-08 09:40:57 [INFO] [Rank 1] Finished. Latency: 472923 ms
2026-04-08 09:40:57 [INFO] [Rank 0] Finished. Latency: 472923 ms
2026-04-08 09:40:57 [INFO] [Rank 3] Finished. Latency: 472931 ms
2026-04-08 09:41:01 [INFO] Total latency:     472923 ms
2026-04-08 09:41:01 [INFO] Peak 5GB memory:   2896 MB
2026-04-08 09:41:01 [INFO] Avg  5GB memory:   2496 MB
2026-04-08 09:41:01 [INFO] [75/364] Split [16, 8, 4, 4] | Batch: 64 | Microbatch: 2 | Microbatches: 32
2026-04-08 09:41:01 [INFO] Loading WikiText... (SEQ_LEN=64, BATCH=64)
2026-04-08 09:41:17 [INFO] [Rank 2] Loading weights...
2026-04-08 09:41:18 [INFO] [Rank 3] Loading weights...
2026-04-08 09:41:19 [INFO] [Rank 2] Weights loaded.
2026-04-08 09:41:20 [INFO] [Rank 3] Weights loaded.
2026-04-08 09:41:24 [INFO] [Rank 1] Loading weights...
2026-04-08 09:41:26 [INFO] [Rank 1] Weights loaded.
2026-04-08 09:41:37 [INFO] [Rank 0] Loading weights...
2026-04-08 09:41:40 [INFO] [Rank 0] Weights loaded.
2026-04-08 09:57:09 [INFO] [Rank 1] Finished. Latency: 928770 ms
2026-04-08 09:57:09 [INFO] [Rank 2] Finished. Latency: 928770 ms
2026-04-08 09:57:09 [INFO] [Rank 0] Finished. Latency: 928770 ms
2026-04-08 09:57:09 [INFO] [Rank 3] Finished. Latency: 928777 ms
2026-04-08 09:57:13 [INFO] Total latency:     928770 ms
2026-04-08 09:57:13 [INFO] Peak 5GB memory:   3016 MB
2026-04-08 09:57:13 [INFO] Avg  5GB memory:   2570 MB
2026-04-08 09:57:13 [INFO] [76/364] Split [16, 8, 4, 4] | Batch: 32 | Microbatch: 16 | Microbatches: 2
2026-04-08 09:57:13 [INFO] Loading WikiText... (SEQ_LEN=64, BATCH=32)
2026-04-08 09:57:29 [INFO] [Rank 2] Loading weights...
2026-04-08 09:57:30 [INFO] [Rank 3] Loading weights...
2026-04-08 09:57:30 [INFO] [Rank 2] Weights loaded.
2026-04-08 09:57:31 [INFO] [Rank 3] Weights loaded.
2026-04-08 09:57:35 [INFO] [Rank 1] Loading weights...
2026-04-08 09:57:37 [INFO] [Rank 1] Weights loaded.
2026-04-08 09:57:48 [INFO] [Rank 0] Loading weights...
2026-04-08 09:57:51 [INFO] [Rank 0] Weights loaded.
2026-04-08 09:58:58 [INFO] [Rank 1] Finished. Latency: 66708 ms
2026-04-08 09:58:58 [INFO] [Rank 2] Finished. Latency: 66708 ms
2026-04-08 09:58:58 [INFO] [Rank 0] Finished. Latency: 66708 ms
2026-04-08 09:58:58 [INFO] [Rank 3] Finished. Latency: 66719 ms
2026-04-08 09:59:02 [INFO] Total latency:     66708 ms
2026-04-08 09:59:02 [INFO] Peak 5GB memory:   2706 MB
2026-04-08 09:59:02 [INFO] Avg  5GB memory:   2067 MB
2026-04-08 09:59:02 [INFO] [77/364] Split [16, 8, 4, 4] | Batch: 32 | Microbatch: 8 | Microbatches: 4
2026-04-08 09:59:02 [INFO] Loading WikiText... (SEQ_LEN=64, BATCH=32)
2026-04-08 09:59:17 [INFO] [Rank 2] Loading weights...
2026-04-08 09:59:18 [INFO] [Rank 3] Loading weights...
2026-04-08 09:59:18 [INFO] [Rank 2] Weights loaded.
2026-04-08 09:59:20 [INFO] [Rank 3] Weights loaded.
2026-04-08 09:59:23 [INFO] [Rank 1] Loading weights...
2026-04-08 09:59:25 [INFO] [Rank 1] Weights loaded.
2026-04-08 09:59:36 [INFO] [Rank 0] Loading weights...
2026-04-08 09:59:40 [INFO] [Rank 0] Weights loaded.
2026-04-08 10:01:44 [INFO] [Rank 2] Finished. Latency: 123874 ms
2026-04-08 10:01:44 [INFO] [Rank 1] Finished. Latency: 123874 ms
2026-04-08 10:01:44 [INFO] [Rank 0] Finished. Latency: 123874 ms
2026-04-08 10:01:44 [INFO] [Rank 3] Finished. Latency: 123883 ms
2026-04-08 10:01:47 [INFO] Total latency:     123874 ms
2026-04-08 10:01:47 [INFO] Peak 5GB memory:   2476 MB
2026-04-08 10:01:47 [INFO] Avg  5GB memory:   2122 MB
2026-04-08 10:01:47 [INFO] [78/364] Split [16, 8, 4, 4] | Batch: 32 | Microbatch: 4 | Microbatches: 8
2026-04-08 10:01:47 [INFO] Loading WikiText... (SEQ_LEN=64, BATCH=32)
2026-04-08 10:02:04 [INFO] [Rank 2] Loading weights...
2026-04-08 10:02:05 [INFO] [Rank 3] Loading weights...
2026-04-08 10:02:05 [INFO] [Rank 2] Weights loaded.
2026-04-08 10:02:06 [INFO] [Rank 3] Weights loaded.
2026-04-08 10:02:10 [INFO] [Rank 1] Loading weights...
2026-04-08 10:02:12 [INFO] [Rank 1] Weights loaded.
2026-04-08 10:02:23 [INFO] [Rank 0] Loading weights...
2026-04-08 10:02:26 [INFO] [Rank 0] Weights loaded.
2026-04-08 10:06:23 [INFO] [Rank 1] Finished. Latency: 237108 ms
2026-04-08 10:06:23 [INFO] [Rank 2] Finished. Latency: 237108 ms
2026-04-08 10:06:23 [INFO] [Rank 0] Finished. Latency: 237108 ms
2026-04-08 10:06:23 [INFO] [Rank 3] Finished. Latency: 237117 ms
2026-04-08 10:06:27 [INFO] Total latency:     237108 ms
2026-04-08 10:06:27 [INFO] Peak 5GB memory:   2492 MB
2026-04-08 10:06:27 [INFO] Avg  5GB memory:   2208 MB
2026-04-08 10:06:27 [INFO] [79/364] Split [16, 8, 4, 4] | Batch: 32 | Microbatch: 2 | Microbatches: 16
2026-04-08 10:06:27 [INFO] Loading WikiText... (SEQ_LEN=64, BATCH=32)
2026-04-08 10:06:43 [INFO] [Rank 2] Loading weights...
2026-04-08 10:06:44 [INFO] [Rank 3] Loading weights...
2026-04-08 10:06:44 [INFO] [Rank 2] Weights loaded.
2026-04-08 10:06:45 [INFO] [Rank 3] Weights loaded.
2026-04-08 10:06:49 [INFO] [Rank 1] Loading weights...
2026-04-08 10:06:51 [INFO] [Rank 1] Weights loaded.
2026-04-08 10:07:02 [INFO] [Rank 0] Loading weights...
2026-04-08 10:07:06 [INFO] [Rank 0] Weights loaded.
2026-04-08 10:14:51 [INFO] [Rank 2] Finished. Latency: 465124 ms
2026-04-08 10:14:51 [INFO] [Rank 0] Finished. Latency: 465124 ms
2026-04-08 10:14:51 [INFO] [Rank 1] Finished. Latency: 465124 ms
2026-04-08 10:14:51 [INFO] [Rank 3] Finished. Latency: 465132 ms
2026-04-08 10:14:55 [INFO] Total latency:     465124 ms
2026-04-08 10:14:55 [INFO] Peak 5GB memory:   2550 MB
2026-04-08 10:14:55 [INFO] Avg  5GB memory:   2282 MB
2026-04-08 10:14:55 [INFO] [80/364] Split [16, 8, 4, 4] | Batch: 16 | Microbatch: 8 | Microbatches: 2
2026-04-08 10:14:55 [INFO] Loading WikiText... (SEQ_LEN=64, BATCH=16)
2026-04-08 10:15:11 [INFO] [Rank 2] Loading weights...
2026-04-08 10:15:12 [INFO] [Rank 3] Loading weights...
2026-04-08 10:15:12 [INFO] [Rank 2] Weights loaded.
2026-04-08 10:15:13 [INFO] [Rank 3] Weights loaded.
2026-04-08 10:15:17 [INFO] [Rank 1] Loading weights...
2026-04-08 10:15:19 [INFO] [Rank 1] Weights loaded.
2026-04-08 10:15:30 [INFO] [Rank 0] Loading weights...
2026-04-08 10:15:34 [INFO] [Rank 0] Weights loaded.
2026-04-08 10:16:37 [INFO] [Rank 2] Finished. Latency: 62475 ms
2026-04-08 10:16:37 [INFO] [Rank 1] Finished. Latency: 62475 ms
2026-04-08 10:16:37 [INFO] [Rank 0] Finished. Latency: 62475 ms
2026-04-08 10:16:37 [INFO] [Rank 3] Finished. Latency: 62484 ms
2026-04-08 10:16:40 [INFO] Total latency:     62475 ms
2026-04-08 10:16:40 [INFO] Peak 5GB memory:   2300 MB
2026-04-08 10:16:40 [INFO] Avg  5GB memory:   1926 MB
2026-04-08 10:16:40 [INFO] [81/364] Split [16, 8, 4, 4] | Batch: 16 | Microbatch: 4 | Microbatches: 4
2026-04-08 10:16:40 [INFO] Loading WikiText... (SEQ_LEN=64, BATCH=16)
2026-04-08 10:16:56 [INFO] [Rank 2] Loading weights...
2026-04-08 10:16:57 [INFO] [Rank 3] Loading weights...
2026-04-08 10:16:57 [INFO] [Rank 2] Weights loaded.
2026-04-08 10:16:58 [INFO] [Rank 3] Weights loaded.
2026-04-08 10:17:02 [INFO] [Rank 1] Loading weights...
2026-04-08 10:17:04 [INFO] [Rank 1] Weights loaded.
2026-04-08 10:17:15 [INFO] [Rank 0] Loading weights...
2026-04-08 10:17:18 [INFO] [Rank 0] Weights loaded.
2026-04-08 10:19:19 [INFO] [Rank 2] Finished. Latency: 120621 ms
2026-04-08 10:19:19 [INFO] [Rank 1] Finished. Latency: 120621 ms
2026-04-08 10:19:19 [INFO] [Rank 0] Finished. Latency: 120621 ms
2026-04-08 10:19:19 [INFO] [Rank 3] Finished. Latency: 120629 ms
2026-04-08 10:19:23 [INFO] Total latency:     120621 ms
2026-04-08 10:19:23 [INFO] Peak 5GB memory:   2300 MB
2026-04-08 10:19:23 [INFO] Avg  5GB memory:   2030 MB
2026-04-08 10:19:23 [INFO] [82/364] Split [16, 8, 4, 4] | Batch: 16 | Microbatch: 2 | Microbatches: 8
2026-04-08 10:19:23 [INFO] Loading WikiText... (SEQ_LEN=64, BATCH=16)
2026-04-08 10:19:38 [INFO] [Rank 2] Loading weights...
2026-04-08 10:19:39 [INFO] [Rank 3] Loading weights...
2026-04-08 10:19:40 [INFO] [Rank 2] Weights loaded.
2026-04-08 10:19:41 [INFO] [Rank 3] Weights loaded.
2026-04-08 10:19:45 [INFO] [Rank 1] Loading weights...
2026-04-08 10:19:47 [INFO] [Rank 1] Weights loaded.
2026-04-08 10:19:58 [INFO] [Rank 0] Loading weights...
2026-04-08 10:20:01 [INFO] [Rank 0] Weights loaded.
2026-04-08 10:23:55 [INFO] [Rank 2] Finished. Latency: 233503 ms
2026-04-08 10:23:55 [INFO] [Rank 1] Finished. Latency: 233503 ms
2026-04-08 10:23:55 [INFO] [Rank 0] Finished. Latency: 233503 ms
2026-04-08 10:23:55 [INFO] [Rank 3] Finished. Latency: 233510 ms
2026-04-08 10:23:58 [INFO] Total latency:     233503 ms
2026-04-08 10:23:58 [INFO] Peak 5GB memory:   2558 MB
2026-04-08 10:23:58 [INFO] Avg  5GB memory:   2109 MB
2026-04-08 10:23:58 [INFO] [83/364] Split [16, 8, 4, 4] | Batch: 8 | Microbatch: 4 | Microbatches: 2
2026-04-08 10:23:58 [INFO] Loading WikiText... (SEQ_LEN=64, BATCH=8)
2026-04-08 10:24:14 [INFO] [Rank 2] Loading weights...
2026-04-08 10:24:15 [INFO] [Rank 3] Loading weights...
2026-04-08 10:24:16 [INFO] [Rank 2] Weights loaded.
2026-04-08 10:24:17 [INFO] [Rank 3] Weights loaded.
2026-04-08 10:24:21 [INFO] [Rank 1] Loading weights...
2026-04-08 10:24:23 [INFO] [Rank 1] Weights loaded.
2026-04-08 10:24:34 [INFO] [Rank 0] Loading weights...
2026-04-08 10:24:37 [INFO] [Rank 0] Weights loaded.
2026-04-08 10:25:38 [INFO] [Rank 2] Finished. Latency: 60835 ms
2026-04-08 10:25:38 [INFO] [Rank 1] Finished. Latency: 60835 ms
2026-04-08 10:25:38 [INFO] [Rank 0] Finished. Latency: 60835 ms
2026-04-08 10:25:38 [INFO] [Rank 3] Finished. Latency: 60842 ms
2026-04-08 10:25:42 [INFO] Total latency:     60835 ms
2026-04-08 10:25:42 [INFO] Peak 5GB memory:   2302 MB
2026-04-08 10:25:42 [INFO] Avg  5GB memory:   1873 MB
2026-04-08 10:25:42 [INFO] [84/364] Split [16, 8, 4, 4] | Batch: 8 | Microbatch: 2 | Microbatches: 4
2026-04-08 10:25:42 [INFO] Loading WikiText... (SEQ_LEN=64, BATCH=8)
2026-04-08 10:25:57 [INFO] [Rank 2] Loading weights...
2026-04-08 10:25:58 [INFO] [Rank 3] Loading weights...
2026-04-08 10:25:59 [INFO] [Rank 2] Weights loaded.
2026-04-08 10:26:00 [INFO] [Rank 3] Weights loaded.
2026-04-08 10:26:04 [INFO] [Rank 1] Loading weights...
2026-04-08 10:26:06 [INFO] [Rank 1] Weights loaded.
2026-04-08 10:26:17 [INFO] [Rank 0] Loading weights...
2026-04-08 10:26:20 [INFO] [Rank 0] Weights loaded.
2026-04-08 10:28:18 [INFO] [Rank 2] Finished. Latency: 117833 ms
2026-04-08 10:28:18 [INFO] [Rank 1] Finished. Latency: 117833 ms
2026-04-08 10:28:18 [INFO] [Rank 0] Finished. Latency: 117833 ms
2026-04-08 10:28:18 [INFO] [Rank 3] Finished. Latency: 117841 ms
2026-04-08 10:28:22 [INFO] Total latency:     117833 ms
2026-04-08 10:28:22 [INFO] Peak 5GB memory:   2204 MB
2026-04-08 10:28:22 [INFO] Avg  5GB memory:   1978 MB
2026-04-08 10:28:22 [INFO] [85/364] Split [16, 8, 5, 3] | Batch: 64 | Microbatch: 32 | Microbatches: 2
2026-04-08 10:28:22 [INFO] Loading WikiText... (SEQ_LEN=64, BATCH=64)
2026-04-08 10:28:37 [INFO] [Rank 3] Loading weights...
2026-04-08 10:28:39 [INFO] [Rank 3] Weights loaded.
2026-04-08 10:28:39 [INFO] [Rank 2] Loading weights...
2026-04-08 10:28:41 [INFO] [Rank 2] Weights loaded.
2026-04-08 10:28:44 [INFO] [Rank 1] Loading weights...
2026-04-08 10:28:46 [INFO] [Rank 1] Weights loaded.
2026-04-08 10:28:58 [INFO] [Rank 0] Loading weights...
2026-04-08 10:29:01 [INFO] [Rank 0] Weights loaded.
2026-04-08 10:30:17 [INFO] [Rank 2] Finished. Latency: 75650 ms
2026-04-08 10:30:17 [INFO] [Rank 1] Finished. Latency: 75650 ms
2026-04-08 10:30:17 [INFO] [Rank 0] Finished. Latency: 75650 ms
2026-04-08 10:30:17 [INFO] [Rank 3] Finished. Latency: 75661 ms
2026-04-08 10:30:20 [INFO] Total latency:     75650 ms
2026-04-08 10:30:20 [INFO] Peak 5GB memory:   3394 MB
2026-04-08 10:30:20 [INFO] Avg  5GB memory:   1976 MB
2026-04-08 10:30:20 [INFO] [86/364] Split [16, 8, 5, 3] | Batch: 64 | Microbatch: 16 | Microbatches: 4
2026-04-08 10:30:20 [INFO] Loading WikiText... (SEQ_LEN=64, BATCH=64)
2026-04-08 10:30:35 [INFO] [Rank 3] Loading weights...
2026-04-08 10:30:36 [INFO] [Rank 3] Weights loaded.
2026-04-08 10:30:37 [INFO] [Rank 2] Loading weights...
2026-04-08 10:30:39 [INFO] [Rank 2] Weights loaded.
2026-04-08 10:30:42 [INFO] [Rank 1] Loading weights...
2026-04-08 10:30:44 [INFO] [Rank 1] Weights loaded.
2026-04-08 10:30:56 [INFO] [Rank 0] Loading weights...
2026-04-08 10:30:59 [INFO] [Rank 0] Weights loaded.
2026-04-08 10:33:11 [INFO] [Rank 0] Finished. Latency: 131962 ms
2026-04-08 10:33:11 [INFO] [Rank 2] Finished. Latency: 131962 ms
2026-04-08 10:33:11 [INFO] [Rank 1] Finished. Latency: 131962 ms
2026-04-08 10:33:11 [INFO] [Rank 3] Finished. Latency: 131970 ms
2026-04-08 10:33:15 [INFO] Total latency:     131962 ms
2026-04-08 10:33:15 [INFO] Peak 5GB memory:   2626 MB
2026-04-08 10:33:15 [INFO] Avg  5GB memory:   1918 MB
2026-04-08 10:33:15 [INFO] [87/364] Split [16, 8, 5, 3] | Batch: 64 | Microbatch: 8 | Microbatches: 8
2026-04-08 10:33:15 [INFO] Loading WikiText... (SEQ_LEN=64, BATCH=64)
2026-04-08 10:33:30 [INFO] [Rank 3] Loading weights...
2026-04-08 10:33:31 [INFO] [Rank 3] Weights loaded.
2026-04-08 10:33:32 [INFO] [Rank 2] Loading weights...
2026-04-08 10:33:33 [INFO] [Rank 2] Weights loaded.
2026-04-08 10:33:37 [INFO] [Rank 1] Loading weights...
2026-04-08 10:33:39 [INFO] [Rank 1] Weights loaded.
2026-04-08 10:33:50 [INFO] [Rank 0] Loading weights...
2026-04-08 10:33:53 [INFO] [Rank 0] Weights loaded.
2026-04-08 10:37:58 [INFO] [Rank 2] Finished. Latency: 244423 ms
2026-04-08 10:37:58 [INFO] [Rank 1] Finished. Latency: 244423 ms
2026-04-08 10:37:58 [INFO] [Rank 0] Finished. Latency: 244423 ms
2026-04-08 10:37:58 [INFO] [Rank 3] Finished. Latency: 244430 ms
2026-04-08 10:38:01 [INFO] Total latency:     244423 ms
2026-04-08 10:38:01 [INFO] Peak 5GB memory:   2246 MB
2026-04-08 10:38:01 [INFO] Avg  5GB memory:   1931 MB
2026-04-08 10:38:01 [INFO] [88/364] Split [16, 8, 5, 3] | Batch: 64 | Microbatch: 4 | Microbatches: 16
2026-04-08 10:38:01 [INFO] Loading WikiText... (SEQ_LEN=64, BATCH=64)
2026-04-08 10:38:12 [WARNING] '(ReadTimeoutError("HTTPSConnectionPool(host='huggingface.co', port=443): Read timed out. (read timeout=10)"), '(Request ID: 39dd0406-d3fe-4919-81b7-4243f09cec8f)')' thrown while requesting HEAD https://huggingface.co/datasets/Salesforce/wikitext/resolve/b08601e04326c79dfdd32d625aee71d232d685c3/wikitext.py
2026-04-08 10:38:12 [WARNING] Retrying in 1s [Retry 1/5].
2026-04-08 10:38:23 [WARNING] '(ReadTimeoutError("HTTPSConnectionPool(host='huggingface.co', port=443): Read timed out. (read timeout=10)"), '(Request ID: f0b3bb99-0ae2-4ff0-b1b9-5adee5e81c5f)')' thrown while requesting HEAD https://huggingface.co/datasets/Salesforce/wikitext/resolve/b08601e04326c79dfdd32d625aee71d232d685c3/wikitext.py
2026-04-08 10:38:23 [WARNING] Retrying in 2s [Retry 2/5].
2026-04-08 10:38:40 [INFO] [Rank 3] Loading weights...
2026-04-08 10:38:42 [INFO] [Rank 2] Loading weights...
2026-04-08 10:38:44 [INFO] [Rank 2] Weights loaded.
2026-04-08 10:38:44 [WARNING] '(ReadTimeoutError("HTTPSConnectionPool(host='huggingface.co', port=443): Read timed out. (read timeout=10)"), '(Request ID: 21a804d1-3e77-4663-ba32-6b10b27bf11d)')' thrown while requesting HEAD https://huggingface.co/mistralai/Mistral-7B-Instruct-v0.3/resolve/main/config.json
2026-04-08 10:38:44 [WARNING] Retrying in 1s [Retry 1/5].
2026-04-08 10:38:47 [INFO] [Rank 1] Loading weights...
2026-04-08 10:38:50 [WARNING] '(ReadTimeoutError("HTTPSConnectionPool(host='huggingface.co', port=443): Read timed out. (read timeout=10)"), '(Request ID: 567b08e1-a357-4c14-b461-aa6aac7e4b75)')' thrown while requesting HEAD https://huggingface.co/mistralai/Mistral-7B-Instruct-v0.3/resolve/main/model.safetensors.index.json
2026-04-08 10:38:50 [WARNING] Retrying in 1s [Retry 1/5].
2026-04-08 10:38:52 [INFO] [Rank 3] Weights loaded.
2026-04-08 10:38:57 [WARNING] '(ReadTimeoutError("HTTPSConnectionPool(host='huggingface.co', port=443): Read timed out. (read timeout=10)"), '(Request ID: fb3db10b-f222-4b31-bddc-08391bfa1316)')' thrown while requesting HEAD https://huggingface.co/mistralai/Mistral-7B-Instruct-v0.3/resolve/main/model.safetensors.index.json
2026-04-08 10:38:57 [WARNING] Retrying in 1s [Retry 1/5].
2026-04-08 10:39:00 [INFO] [Rank 1] Weights loaded.
2026-04-08 10:39:11 [INFO] [Rank 0] Loading weights...
2026-04-08 10:39:21 [WARNING] '(ReadTimeoutError("HTTPSConnectionPool(host='huggingface.co', port=443): Read timed out. (read timeout=10)"), '(Request ID: 03628c21-e861-43a7-ac9c-25291635ae21)')' thrown while requesting HEAD https://huggingface.co/mistralai/Mistral-7B-Instruct-v0.3/resolve/main/model.safetensors.index.json
2026-04-08 10:39:21 [WARNING] Retrying in 1s [Retry 1/5].
2026-04-08 10:39:32 [WARNING] '(ReadTimeoutError("HTTPSConnectionPool(host='huggingface.co', port=443): Read timed out. (read timeout=10)"), '(Request ID: 139fd24d-14e6-4989-be58-92d49d6659af)')' thrown while requesting HEAD https://huggingface.co/mistralai/Mistral-7B-Instruct-v0.3/resolve/main/model.safetensors.index.json
2026-04-08 10:39:32 [WARNING] Retrying in 2s [Retry 2/5].
2026-04-08 10:39:37 [INFO] [Rank 0] Weights loaded.
2026-04-08 10:47:32 [INFO] [Rank 2] Finished. Latency: 475340 ms
2026-04-08 10:47:32 [INFO] [Rank 1] Finished. Latency: 475340 ms
2026-04-08 10:47:32 [INFO] [Rank 0] Finished. Latency: 475340 ms
2026-04-08 10:47:32 [INFO] [Rank 3] Finished. Latency: 475346 ms
2026-04-08 10:47:36 [INFO] Total latency:     475340 ms
2026-04-08 10:47:36 [INFO] Peak 5GB memory:   2284 MB
2026-04-08 10:47:36 [INFO] Avg  5GB memory:   1977 MB
2026-04-08 10:47:36 [INFO] [89/364] Split [16, 8, 5, 3] | Batch: 64 | Microbatch: 2 | Microbatches: 32
2026-04-08 10:47:36 [INFO] Loading WikiText... (SEQ_LEN=64, BATCH=64)
2026-04-08 10:47:52 [INFO] [Rank 3] Loading weights...
2026-04-08 10:47:53 [INFO] [Rank 3] Weights loaded.
2026-04-08 10:47:54 [INFO] [Rank 2] Loading weights...
2026-04-08 10:47:55 [INFO] [Rank 2] Weights loaded.
2026-04-08 10:47:59 [INFO] [Rank 1] Loading weights...
2026-04-08 10:48:01 [INFO] [Rank 1] Weights loaded.
2026-04-08 10:48:12 [INFO] [Rank 0] Loading weights...
2026-04-08 10:48:15 [INFO] [Rank 0] Weights loaded.
2026-04-08 11:03:47 [INFO] [Rank 1] Finished. Latency: 932350 ms
2026-04-08 11:03:47 [INFO] [Rank 2] Finished. Latency: 932350 ms
2026-04-08 11:03:47 [INFO] [Rank 0] Finished. Latency: 932350 ms
2026-04-08 11:03:47 [INFO] [Rank 3] Finished. Latency: 932356 ms
2026-04-08 11:03:51 [INFO] Total latency:     932350 ms
2026-04-08 11:03:51 [INFO] Peak 5GB memory:   2372 MB
2026-04-08 11:03:51 [INFO] Avg  5GB memory:   2038 MB
2026-04-08 11:03:51 [INFO] [90/364] Split [16, 8, 5, 3] | Batch: 32 | Microbatch: 16 | Microbatches: 2
2026-04-08 11:03:51 [INFO] Loading WikiText... (SEQ_LEN=64, BATCH=32)
2026-04-08 11:04:06 [INFO] [Rank 3] Loading weights...
2026-04-08 11:04:07 [INFO] [Rank 3] Weights loaded.
2026-04-08 11:04:08 [INFO] [Rank 2] Loading weights...
2026-04-08 11:04:10 [INFO] [Rank 2] Weights loaded.
2026-04-08 11:04:13 [INFO] [Rank 1] Loading weights...
2026-04-08 11:04:15 [INFO] [Rank 1] Weights loaded.
2026-04-08 11:04:26 [INFO] [Rank 0] Loading weights...
2026-04-08 11:04:29 [INFO] [Rank 0] Weights loaded.
2026-04-08 11:05:36 [INFO] [Rank 2] Finished. Latency: 66732 ms
2026-04-08 11:05:36 [INFO] [Rank 1] Finished. Latency: 66732 ms
2026-04-08 11:05:36 [INFO] [Rank 0] Finished. Latency: 66732 ms
2026-04-08 11:05:36 [INFO] [Rank 3] Finished. Latency: 66740 ms
2026-04-08 11:05:40 [INFO] Total latency:     66732 ms
2026-04-08 11:05:40 [INFO] Peak 5GB memory:   2144 MB
2026-04-08 11:05:40 [INFO] Avg  5GB memory:   1666 MB
2026-04-08 11:05:40 [INFO] [91/364] Split [16, 8, 5, 3] | Batch: 32 | Microbatch: 8 | Microbatches: 4
2026-04-08 11:05:40 [INFO] Loading WikiText... (SEQ_LEN=64, BATCH=32)
2026-04-08 11:05:55 [INFO] [Rank 3] Loading weights...
2026-04-08 11:05:56 [INFO] [Rank 3] Weights loaded.
2026-04-08 11:05:57 [INFO] [Rank 2] Loading weights...
2026-04-08 11:05:58 [INFO] [Rank 2] Weights loaded.
2026-04-08 11:06:02 [INFO] [Rank 1] Loading weights...
2026-04-08 11:06:04 [INFO] [Rank 1] Weights loaded.
2026-04-08 11:06:15 [INFO] [Rank 0] Loading weights...
2026-04-08 11:06:18 [INFO] [Rank 0] Weights loaded.
2026-04-08 11:08:22 [INFO] [Rank 1] Finished. Latency: 123690 ms
2026-04-08 11:08:22 [INFO] [Rank 2] Finished. Latency: 123690 ms
2026-04-08 11:08:22 [INFO] [Rank 0] Finished. Latency: 123690 ms
2026-04-08 11:08:22 [INFO] [Rank 3] Finished. Latency: 123697 ms
2026-04-08 11:08:25 [INFO] Total latency:     123690 ms
2026-04-08 11:08:25 [INFO] Peak 5GB memory:   1982 MB
2026-04-08 11:08:25 [INFO] Avg  5GB memory:   1711 MB
2026-04-08 11:08:25 [INFO] [92/364] Split [16, 8, 5, 3] | Batch: 32 | Microbatch: 4 | Microbatches: 8
2026-04-08 11:08:25 [INFO] Loading WikiText... (SEQ_LEN=64, BATCH=32)
2026-04-08 11:08:40 [INFO] [Rank 3] Loading weights...
2026-04-08 11:08:41 [INFO] [Rank 3] Weights loaded.
2026-04-08 11:08:42 [INFO] [Rank 2] Loading weights...
2026-04-08 11:08:44 [INFO] [Rank 2] Weights loaded.
2026-04-08 11:08:47 [INFO] [Rank 1] Loading weights...
2026-04-08 11:08:49 [INFO] [Rank 1] Weights loaded.
2026-04-08 11:09:00 [INFO] [Rank 0] Loading weights...
2026-04-08 11:09:04 [INFO] [Rank 0] Weights loaded.
2026-04-08 11:13:02 [INFO] [Rank 1] Finished. Latency: 238385 ms
2026-04-08 11:13:02 [INFO] [Rank 2] Finished. Latency: 238385 ms
2026-04-08 11:13:02 [INFO] [Rank 0] Finished. Latency: 238385 ms
2026-04-08 11:13:02 [INFO] [Rank 3] Finished. Latency: 238391 ms
2026-04-08 11:13:06 [INFO] Total latency:     238385 ms
2026-04-08 11:13:06 [INFO] Peak 5GB memory:   2138 MB
2026-04-08 11:13:06 [INFO] Avg  5GB memory:   1768 MB
2026-04-08 11:13:06 [INFO] [93/364] Split [16, 8, 5, 3] | Batch: 32 | Microbatch: 2 | Microbatches: 16
2026-04-08 11:13:06 [INFO] Loading WikiText... (SEQ_LEN=64, BATCH=32)
2026-04-08 11:13:21 [INFO] [Rank 3] Loading weights...
2026-04-08 11:13:23 [INFO] [Rank 3] Weights loaded.
2026-04-08 11:13:24 [INFO] [Rank 2] Loading weights...
2026-04-08 11:13:25 [INFO] [Rank 2] Weights loaded.
2026-04-08 11:13:29 [INFO] [Rank 1] Loading weights...
2026-04-08 11:13:31 [INFO] [Rank 1] Weights loaded.
2026-04-08 11:13:41 [INFO] [Rank 0] Loading weights...
2026-04-08 11:13:45 [INFO] [Rank 0] Weights loaded.
2026-04-08 11:21:29 [INFO] [Rank 2] Finished. Latency: 464447 ms
2026-04-08 11:21:29 [INFO] [Rank 1] Finished. Latency: 464447 ms
2026-04-08 11:21:29 [INFO] [Rank 0] Finished. Latency: 464447 ms
2026-04-08 11:21:29 [INFO] [Rank 3] Finished. Latency: 464453 ms
2026-04-08 11:21:33 [INFO] Total latency:     464447 ms
2026-04-08 11:21:33 [INFO] Peak 5GB memory:   2138 MB
2026-04-08 11:21:33 [INFO] Avg  5GB memory:   1818 MB
2026-04-08 11:21:33 [INFO] [94/364] Split [16, 8, 5, 3] | Batch: 16 | Microbatch: 8 | Microbatches: 2
2026-04-08 11:21:33 [INFO] Loading WikiText... (SEQ_LEN=64, BATCH=16)
2026-04-08 11:21:49 [INFO] [Rank 3] Loading weights...
2026-04-08 11:21:50 [INFO] [Rank 3] Weights loaded.
2026-04-08 11:21:51 [INFO] [Rank 2] Loading weights...
2026-04-08 11:21:52 [INFO] [Rank 2] Weights loaded.
2026-04-08 11:21:56 [INFO] [Rank 1] Loading weights...
2026-04-08 11:21:58 [INFO] [Rank 1] Weights loaded.
2026-04-08 11:22:08 [INFO] [Rank 0] Loading weights...
2026-04-08 11:22:12 [INFO] [Rank 0] Weights loaded.
2026-04-08 11:23:14 [INFO] [Rank 2] Finished. Latency: 62313 ms
2026-04-08 11:23:14 [INFO] [Rank 0] Finished. Latency: 62313 ms
2026-04-08 11:23:14 [INFO] [Rank 1] Finished. Latency: 62313 ms
2026-04-08 11:23:14 [INFO] [Rank 3] Finished. Latency: 62320 ms
2026-04-08 11:23:18 [INFO] Total latency:     62313 ms
2026-04-08 11:23:18 [INFO] Peak 5GB memory:   1882 MB
2026-04-08 11:23:18 [INFO] Avg  5GB memory:   1552 MB
2026-04-08 11:23:18 [INFO] [95/364] Split [16, 8, 5, 3] | Batch: 16 | Microbatch: 4 | Microbatches: 4
2026-04-08 11:23:18 [INFO] Loading WikiText... (SEQ_LEN=64, BATCH=16)
2026-04-08 11:23:33 [INFO] [Rank 3] Loading weights...
2026-04-08 11:23:34 [INFO] [Rank 3] Weights loaded.
2026-04-08 11:23:35 [INFO] [Rank 2] Loading weights...
2026-04-08 11:23:37 [INFO] [Rank 2] Weights loaded.
2026-04-08 11:23:40 [INFO] [Rank 1] Loading weights...
2026-04-08 11:23:42 [INFO] [Rank 1] Weights loaded.
2026-04-08 11:23:53 [INFO] [Rank 0] Loading weights...
2026-04-08 11:23:57 [INFO] [Rank 0] Weights loaded.
2026-04-08 11:25:57 [INFO] [Rank 2] Finished. Latency: 120153 ms
2026-04-08 11:25:57 [INFO] [Rank 1] Finished. Latency: 120153 ms
2026-04-08 11:25:57 [INFO] [Rank 0] Finished. Latency: 120153 ms
2026-04-08 11:25:57 [INFO] [Rank 3] Finished. Latency: 120159 ms
2026-04-08 11:26:01 [INFO] Total latency:     120153 ms
2026-04-08 11:26:01 [INFO] Peak 5GB memory:   1882 MB
2026-04-08 11:26:01 [INFO] Avg  5GB memory:   1623 MB
2026-04-08 11:26:01 [INFO] [96/364] Split [16, 8, 5, 3] | Batch: 16 | Microbatch: 2 | Microbatches: 8
2026-04-08 11:26:01 [INFO] Loading WikiText... (SEQ_LEN=64, BATCH=16)
2026-04-08 11:26:16 [INFO] [Rank 3] Loading weights...
2026-04-08 11:26:17 [INFO] [Rank 3] Weights loaded.
2026-04-08 11:26:19 [INFO] [Rank 2] Loading weights...
2026-04-08 11:26:21 [INFO] [Rank 2] Weights loaded.
2026-04-08 11:26:23 [INFO] [Rank 1] Loading weights...
2026-04-08 11:26:25 [INFO] [Rank 1] Weights loaded.
2026-04-08 11:26:36 [INFO] [Rank 0] Loading weights...
2026-04-08 11:26:39 [INFO] [Rank 0] Weights loaded.
2026-04-08 11:30:33 [INFO] [Rank 2] Finished. Latency: 233265 ms
2026-04-08 11:30:33 [INFO] [Rank 1] Finished. Latency: 233265 ms
2026-04-08 11:30:33 [INFO] [Rank 0] Finished. Latency: 233265 ms
2026-04-08 11:30:33 [INFO] [Rank 3] Finished. Latency: 233271 ms
2026-04-08 11:30:36 [INFO] Total latency:     233265 ms
2026-04-08 11:30:36 [INFO] Peak 5GB memory:   2138 MB
2026-04-08 11:30:36 [INFO] Avg  5GB memory:   1685 MB
2026-04-08 11:30:36 [INFO] [97/364] Split [16, 8, 5, 3] | Batch: 8 | Microbatch: 4 | Microbatches: 2
2026-04-08 11:30:36 [INFO] Loading WikiText... (SEQ_LEN=64, BATCH=8)
2026-04-08 11:30:51 [INFO] [Rank 3] Loading weights...
2026-04-08 11:30:53 [INFO] [Rank 3] Weights loaded.
2026-04-08 11:30:54 [INFO] [Rank 2] Loading weights...
2026-04-08 11:30:55 [INFO] [Rank 2] Weights loaded.
2026-04-08 11:30:58 [INFO] [Rank 1] Loading weights...
2026-04-08 11:31:01 [INFO] [Rank 1] Weights loaded.
2026-04-08 11:31:12 [INFO] [Rank 0] Loading weights...
2026-04-08 11:31:15 [INFO] [Rank 0] Weights loaded.
2026-04-08 11:32:15 [INFO] [Rank 1] Finished. Latency: 60689 ms
2026-04-08 11:32:15 [INFO] [Rank 2] Finished. Latency: 60689 ms
2026-04-08 11:32:15 [INFO] [Rank 0] Finished. Latency: 60689 ms
2026-04-08 11:32:15 [INFO] [Rank 3] Finished. Latency: 60695 ms
2026-04-08 11:32:19 [INFO] Total latency:     60689 ms
2026-04-08 11:32:19 [INFO] Peak 5GB memory:   2138 MB
2026-04-08 11:32:19 [INFO] Avg  5GB memory:   1523 MB
2026-04-08 11:32:19 [INFO] [98/364] Split [16, 8, 5, 3] | Batch: 8 | Microbatch: 2 | Microbatches: 4
2026-04-08 11:32:19 [INFO] Loading WikiText... (SEQ_LEN=64, BATCH=8)
2026-04-08 11:32:34 [INFO] [Rank 3] Loading weights...
2026-04-08 11:32:35 [INFO] [Rank 3] Weights loaded.
2026-04-08 11:32:36 [INFO] [Rank 2] Loading weights...
2026-04-08 11:32:38 [INFO] [Rank 2] Weights loaded.
2026-04-08 11:32:41 [INFO] [Rank 1] Loading weights...
2026-04-08 11:32:43 [INFO] [Rank 1] Weights loaded.
2026-04-08 11:32:54 [INFO] [Rank 0] Loading weights...
2026-04-08 11:32:57 [INFO] [Rank 0] Weights loaded.
2026-04-08 11:34:55 [INFO] [Rank 1] Finished. Latency: 117693 ms
2026-04-08 11:34:55 [INFO] [Rank 2] Finished. Latency: 117693 ms
2026-04-08 11:34:55 [INFO] [Rank 0] Finished. Latency: 117693 ms
2026-04-08 11:34:55 [INFO] [Rank 3] Finished. Latency: 117699 ms
2026-04-08 11:34:59 [INFO] Total latency:     117693 ms
2026-04-08 11:34:59 [INFO] Peak 5GB memory:   1882 MB
2026-04-08 11:34:59 [INFO] Avg  5GB memory:   1592 MB
2026-04-08 11:34:59 [INFO] [99/364] Split [16, 9, 4, 3] | Batch: 64 | Microbatch: 32 | Microbatches: 2
2026-04-08 11:34:59 [INFO] Loading WikiText... (SEQ_LEN=64, BATCH=64)
2026-04-08 11:35:14 [INFO] [Rank 3] Loading weights...
2026-04-08 11:35:15 [INFO] [Rank 2] Loading weights...
2026-04-08 11:35:16 [INFO] [Rank 3] Weights loaded.
2026-04-08 11:35:16 [INFO] [Rank 2] Weights loaded.
2026-04-08 11:35:23 [INFO] [Rank 1] Loading weights...
2026-04-08 11:35:25 [INFO] [Rank 1] Weights loaded.
2026-04-08 11:35:35 [INFO] [Rank 0] Loading weights...
2026-04-08 11:35:39 [INFO] [Rank 0] Weights loaded.
2026-04-08 11:36:53 [INFO] [Rank 2] Finished. Latency: 73744 ms
2026-04-08 11:36:53 [INFO] [Rank 1] Finished. Latency: 73744 ms
2026-04-08 11:36:53 [INFO] [Rank 0] Finished. Latency: 73744 ms
2026-04-08 11:36:53 [INFO] [Rank 3] Finished. Latency: 73754 ms
2026-04-08 11:36:56 [INFO] Total latency:     73744 ms
2026-04-08 11:36:56 [INFO] Peak 5GB memory:   3422 MB
2026-04-08 11:36:56 [INFO] Avg  5GB memory:   1962 MB
2026-04-08 11:36:56 [INFO] [100/364] Split [16, 9, 4, 3] | Batch: 64 | Microbatch: 16 | Microbatches: 4
2026-04-08 11:36:56 [INFO] Loading WikiText... (SEQ_LEN=64, BATCH=64)
2026-04-08 11:37:12 [INFO] [Rank 3] Loading weights...
2026-04-08 11:37:12 [INFO] [Rank 2] Loading weights...
2026-04-08 11:37:13 [INFO] [Rank 3] Weights loaded.
2026-04-08 11:37:14 [INFO] [Rank 2] Weights loaded.
2026-04-08 11:37:20 [INFO] [Rank 1] Loading weights...
2026-04-08 11:37:22 [INFO] [Rank 1] Weights loaded.
2026-04-08 11:37:32 [INFO] [Rank 0] Loading weights...
2026-04-08 11:37:35 [INFO] [Rank 0] Weights loaded.
2026-04-08 11:39:43 [INFO] [Rank 2] Finished. Latency: 128293 ms
2026-04-08 11:39:43 [INFO] [Rank 0] Finished. Latency: 128293 ms
2026-04-08 11:39:43 [INFO] [Rank 1] Finished. Latency: 128293 ms
2026-04-08 11:39:43 [INFO] [Rank 3] Finished. Latency: 128301 ms
2026-04-08 11:39:47 [INFO] Total latency:     128293 ms
2026-04-08 11:39:47 [INFO] Peak 5GB memory:   2626 MB
2026-04-08 11:39:47 [INFO] Avg  5GB memory:   1915 MB
2026-04-08 11:39:47 [INFO] [101/364] Split [16, 9, 4, 3] | Batch: 64 | Microbatch: 8 | Microbatches: 8
2026-04-08 11:39:47 [INFO] Loading WikiText... (SEQ_LEN=64, BATCH=64)
2026-04-08 11:40:02 [INFO] [Rank 3] Loading weights...
2026-04-08 11:40:03 [INFO] [Rank 3] Weights loaded.
2026-04-08 11:40:03 [INFO] [Rank 2] Loading weights...
2026-04-08 11:40:04 [INFO] [Rank 2] Weights loaded.
2026-04-08 11:40:10 [INFO] [Rank 1] Loading weights...
2026-04-08 11:40:12 [INFO] [Rank 1] Weights loaded.
2026-04-08 11:40:22 [INFO] [Rank 0] Loading weights...
2026-04-08 11:40:25 [INFO] [Rank 0] Weights loaded.
2026-04-08 11:44:24 [INFO] [Rank 2] Finished. Latency: 239066 ms
2026-04-08 11:44:24 [INFO] [Rank 1] Finished. Latency: 239066 ms
2026-04-08 11:44:24 [INFO] [Rank 0] Finished. Latency: 239066 ms
2026-04-08 11:44:24 [INFO] [Rank 3] Finished. Latency: 239073 ms
2026-04-08 11:44:28 [INFO] Total latency:     239066 ms
2026-04-08 11:44:28 [INFO] Peak 5GB memory:   2246 MB
2026-04-08 11:44:28 [INFO] Avg  5GB memory:   1930 MB
2026-04-08 11:44:28 [INFO] [102/364] Split [16, 9, 4, 3] | Batch: 64 | Microbatch: 4 | Microbatches: 16
2026-04-08 11:44:28 [INFO] Loading WikiText... (SEQ_LEN=64, BATCH=64)
2026-04-08 11:44:43 [INFO] [Rank 3] Loading weights...
2026-04-08 11:44:43 [INFO] [Rank 2] Loading weights...
2026-04-08 11:44:44 [INFO] [Rank 3] Weights loaded.
2026-04-08 11:44:45 [INFO] [Rank 2] Weights loaded.
2026-04-08 11:44:51 [INFO] [Rank 1] Loading weights...
2026-04-08 11:44:54 [INFO] [Rank 1] Weights loaded.
2026-04-08 11:45:03 [INFO] [Rank 0] Loading weights...
2026-04-08 11:45:06 [INFO] [Rank 0] Weights loaded.
2026-04-08 11:52:49 [INFO] [Rank 2] Finished. Latency: 462976 ms
2026-04-08 11:52:49 [INFO] [Rank 1] Finished. Latency: 462977 ms
2026-04-08 11:52:49 [INFO] [Rank 0] Finished. Latency: 462977 ms
2026-04-08 11:52:49 [INFO] [Rank 3] Finished. Latency: 462983 ms
2026-04-08 11:52:53 [INFO] Total latency:     462977 ms
2026-04-08 11:52:53 [INFO] Peak 5GB memory:   2284 MB
2026-04-08 11:52:53 [INFO] Avg  5GB memory:   1988 MB
2026-04-08 11:52:53 [INFO] [103/364] Split [16, 9, 4, 3] | Batch: 64 | Microbatch: 2 | Microbatches: 32
2026-04-08 11:52:53 [INFO] Loading WikiText... (SEQ_LEN=64, BATCH=64)
2026-04-08 11:53:08 [INFO] [Rank 3] Loading weights...
2026-04-08 11:53:09 [INFO] [Rank 2] Loading weights...
2026-04-08 11:53:10 [INFO] [Rank 3] Weights loaded.
2026-04-08 11:53:10 [INFO] [Rank 2] Weights loaded.
2026-04-08 11:53:17 [INFO] [Rank 1] Loading weights...
2026-04-08 11:53:19 [INFO] [Rank 1] Weights loaded.
2026-04-08 11:53:29 [INFO] [Rank 0] Loading weights...
2026-04-08 11:53:32 [INFO] [Rank 0] Weights loaded.
2026-04-08 12:08:39 [INFO] [Rank 2] Finished. Latency: 906195 ms
2026-04-08 12:08:39 [INFO] [Rank 1] Finished. Latency: 906195 ms
2026-04-08 12:08:39 [INFO] [Rank 0] Finished. Latency: 906195 ms
2026-04-08 12:08:39 [INFO] [Rank 3] Finished. Latency: 906200 ms
2026-04-08 12:08:42 [INFO] Total latency:     906195 ms
2026-04-08 12:08:42 [INFO] Peak 5GB memory:   2370 MB
2026-04-08 12:08:42 [INFO] Avg  5GB memory:   2037 MB
2026-04-08 12:08:42 [INFO] [104/364] Split [16, 9, 4, 3] | Batch: 32 | Microbatch: 16 | Microbatches: 2
2026-04-08 12:08:42 [INFO] Loading WikiText... (SEQ_LEN=64, BATCH=32)
2026-04-08 12:08:58 [INFO] [Rank 3] Loading weights...
2026-04-08 12:08:58 [INFO] [Rank 2] Loading weights...
2026-04-08 12:08:59 [INFO] [Rank 3] Weights loaded.
2026-04-08 12:09:00 [INFO] [Rank 2] Weights loaded.
2026-04-08 12:09:06 [INFO] [Rank 1] Loading weights...
2026-04-08 12:09:09 [INFO] [Rank 1] Weights loaded.
2026-04-08 12:09:18 [INFO] [Rank 0] Loading weights...
2026-04-08 12:09:21 [INFO] [Rank 0] Weights loaded.
2026-04-08 12:10:26 [INFO] [Rank 1] Finished. Latency: 65211 ms
2026-04-08 12:10:26 [INFO] [Rank 2] Finished. Latency: 65211 ms
2026-04-08 12:10:26 [INFO] [Rank 0] Finished. Latency: 65211 ms
2026-04-08 12:10:26 [INFO] [Rank 3] Finished. Latency: 65219 ms
2026-04-08 12:10:30 [INFO] Total latency:     65211 ms
2026-04-08 12:10:30 [INFO] Peak 5GB memory:   2144 MB
2026-04-08 12:10:30 [INFO] Avg  5GB memory:   1655 MB
2026-04-08 12:10:30 [INFO] [105/364] Split [16, 9, 4, 3] | Batch: 32 | Microbatch: 8 | Microbatches: 4
2026-04-08 12:10:30 [INFO] Loading WikiText... (SEQ_LEN=64, BATCH=32)
2026-04-08 12:10:45 [INFO] [Rank 3] Loading weights...
2026-04-08 12:10:46 [INFO] [Rank 2] Loading weights...
2026-04-08 12:10:47 [INFO] [Rank 3] Weights loaded.
2026-04-08 12:10:47 [INFO] [Rank 2] Weights loaded.
2026-04-08 12:10:54 [INFO] [Rank 1] Loading weights...
2026-04-08 12:10:56 [INFO] [Rank 1] Weights loaded.
2026-04-08 12:11:06 [INFO] [Rank 0] Loading weights...
2026-04-08 12:11:09 [INFO] [Rank 0] Weights loaded.
2026-04-08 12:13:09 [INFO] [Rank 2] Finished. Latency: 120365 ms
2026-04-08 12:13:09 [INFO] [Rank 1] Finished. Latency: 120366 ms
2026-04-08 12:13:09 [INFO] [Rank 0] Finished. Latency: 120366 ms
2026-04-08 12:13:09 [INFO] [Rank 3] Finished. Latency: 120373 ms
2026-04-08 12:13:13 [INFO] Total latency:     120366 ms
2026-04-08 12:13:13 [INFO] Peak 5GB memory:   2138 MB
2026-04-08 12:13:13 [INFO] Avg  5GB memory:   1704 MB
2026-04-08 12:13:13 [INFO] [106/364] Split [16, 9, 4, 3] | Batch: 32 | Microbatch: 4 | Microbatches: 8
2026-04-08 12:13:13 [INFO] Loading WikiText... (SEQ_LEN=64, BATCH=32)
2026-04-08 12:13:29 [INFO] [Rank 3] Loading weights...
2026-04-08 12:13:29 [INFO] [Rank 2] Loading weights...
2026-04-08 12:13:30 [INFO] [Rank 3] Weights loaded.
2026-04-08 12:13:31 [INFO] [Rank 2] Weights loaded.
2026-04-08 12:13:37 [INFO] [Rank 1] Loading weights...
2026-04-08 12:13:40 [INFO] [Rank 1] Weights loaded.
2026-04-08 12:13:49 [INFO] [Rank 0] Loading weights...
2026-04-08 12:13:52 [INFO] [Rank 0] Weights loaded.
2026-04-08 12:17:45 [INFO] [Rank 2] Finished. Latency: 232403 ms
2026-04-08 12:17:45 [INFO] [Rank 1] Finished. Latency: 232403 ms
2026-04-08 12:17:45 [INFO] [Rank 0] Finished. Latency: 232403 ms
2026-04-08 12:17:45 [INFO] [Rank 3] Finished. Latency: 232409 ms
2026-04-08 12:17:49 [INFO] Total latency:     232403 ms
2026-04-08 12:17:49 [INFO] Peak 5GB memory:   2138 MB
2026-04-08 12:17:49 [INFO] Avg  5GB memory:   1760 MB
2026-04-08 12:17:49 [INFO] [107/364] Split [16, 9, 4, 3] | Batch: 32 | Microbatch: 2 | Microbatches: 16
2026-04-08 12:17:49 [INFO] Loading WikiText... (SEQ_LEN=64, BATCH=32)
2026-04-08 12:18:04 [INFO] [Rank 3] Loading weights...
2026-04-08 12:18:04 [INFO] [Rank 2] Loading weights...
2026-04-08 12:18:05 [INFO] [Rank 3] Weights loaded.
2026-04-08 12:18:06 [INFO] [Rank 2] Weights loaded.
2026-04-08 12:18:12 [INFO] [Rank 1] Loading weights...
2026-04-08 12:18:14 [INFO] [Rank 1] Weights loaded.
2026-04-08 12:18:23 [INFO] [Rank 0] Loading weights...
2026-04-08 12:18:27 [INFO] [Rank 0] Weights loaded.
2026-04-08 12:25:57 [INFO] [Rank 2] Finished. Latency: 450349 ms
2026-04-08 12:25:57 [INFO] [Rank 1] Finished. Latency: 450349 ms
2026-04-08 12:25:57 [INFO] [Rank 0] Finished. Latency: 450349 ms
2026-04-08 12:25:57 [INFO] [Rank 3] Finished. Latency: 450355 ms
2026-04-08 12:26:01 [INFO] Total latency:     450349 ms
2026-04-08 12:26:01 [INFO] Peak 5GB memory:   2020 MB
2026-04-08 12:26:01 [INFO] Avg  5GB memory:   1817 MB
2026-04-08 12:26:01 [INFO] [108/364] Split [16, 9, 4, 3] | Batch: 16 | Microbatch: 8 | Microbatches: 2
2026-04-08 12:26:01 [INFO] Loading WikiText... (SEQ_LEN=64, BATCH=16)
2026-04-08 12:26:16 [INFO] [Rank 3] Loading weights...
2026-04-08 12:26:17 [INFO] [Rank 2] Loading weights...
2026-04-08 12:26:18 [INFO] [Rank 3] Weights loaded.
2026-04-08 12:26:18 [INFO] [Rank 2] Weights loaded.
2026-04-08 12:26:24 [INFO] [Rank 1] Loading weights...
2026-04-08 12:26:27 [INFO] [Rank 1] Weights loaded.
2026-04-08 12:26:37 [INFO] [Rank 0] Loading weights...
2026-04-08 12:26:40 [INFO] [Rank 0] Weights loaded.
2026-04-08 12:27:41 [INFO] [Rank 2] Finished. Latency: 60883 ms
2026-04-08 12:27:41 [INFO] [Rank 1] Finished. Latency: 60883 ms
2026-04-08 12:27:41 [INFO] [Rank 0] Finished. Latency: 60883 ms
2026-04-08 12:27:41 [INFO] [Rank 3] Finished. Latency: 60890 ms
2026-04-08 12:27:44 [INFO] Total latency:     60883 ms
2026-04-08 12:27:44 [INFO] Peak 5GB memory:   1882 MB
2026-04-08 12:27:44 [INFO] Avg  5GB memory:   1557 MB
2026-04-08 12:27:44 [INFO] [109/364] Split [16, 9, 4, 3] | Batch: 16 | Microbatch: 4 | Microbatches: 4
2026-04-08 12:27:44 [INFO] Loading WikiText... (SEQ_LEN=64, BATCH=16)
2026-04-08 12:27:59 [INFO] [Rank 3] Loading weights...
2026-04-08 12:28:00 [INFO] [Rank 2] Loading weights...
2026-04-08 12:28:01 [INFO] [Rank 3] Weights loaded.
2026-04-08 12:28:01 [INFO] [Rank 2] Weights loaded.
2026-04-08 12:28:08 [INFO] [Rank 1] Loading weights...
2026-04-08 12:28:10 [INFO] [Rank 1] Weights loaded.
2026-04-08 12:28:19 [INFO] [Rank 0] Loading weights...
2026-04-08 12:28:22 [INFO] [Rank 0] Weights loaded.
2026-04-08 12:30:19 [INFO] [Rank 2] Finished. Latency: 116679 ms
2026-04-08 12:30:19 [INFO] [Rank 1] Finished. Latency: 116679 ms
2026-04-08 12:30:19 [INFO] [Rank 0] Finished. Latency: 116679 ms
2026-04-08 12:30:19 [INFO] [Rank 3] Finished. Latency: 116685 ms
2026-04-08 12:30:23 [INFO] Total latency:     116679 ms
2026-04-08 12:30:23 [INFO] Peak 5GB memory:   1882 MB
2026-04-08 12:30:23 [INFO] Avg  5GB memory:   1625 MB
2026-04-08 12:30:23 [INFO] [110/364] Split [16, 9, 4, 3] | Batch: 16 | Microbatch: 2 | Microbatches: 8
2026-04-08 12:30:23 [INFO] Loading WikiText... (SEQ_LEN=64, BATCH=16)
2026-04-08 12:30:38 [INFO] [Rank 3] Loading weights...
2026-04-08 12:30:38 [INFO] [Rank 2] Loading weights...
2026-04-08 12:30:39 [INFO] [Rank 3] Weights loaded.
2026-04-08 12:30:40 [INFO] [Rank 2] Weights loaded.
2026-04-08 12:30:46 [INFO] [Rank 1] Loading weights...
2026-04-08 12:30:48 [INFO] [Rank 1] Weights loaded.
2026-04-08 12:30:58 [INFO] [Rank 0] Loading weights...
2026-04-08 12:31:01 [INFO] [Rank 0] Weights loaded.
2026-04-08 12:34:51 [INFO] [Rank 2] Finished. Latency: 230252 ms
2026-04-08 12:34:51 [INFO] [Rank 1] Finished. Latency: 230252 ms
2026-04-08 12:34:51 [INFO] [Rank 0] Finished. Latency: 230252 ms
2026-04-08 12:34:51 [INFO] [Rank 3] Finished. Latency: 230258 ms
2026-04-08 12:34:55 [INFO] Total latency:     230252 ms
2026-04-08 12:34:55 [INFO] Peak 5GB memory:   1882 MB
2026-04-08 12:34:55 [INFO] Avg  5GB memory:   1687 MB
2026-04-08 12:34:55 [INFO] [111/364] Split [16, 9, 4, 3] | Batch: 8 | Microbatch: 4 | Microbatches: 2
2026-04-08 12:34:55 [INFO] Loading WikiText... (SEQ_LEN=64, BATCH=8)
2026-04-08 12:35:15 [INFO] [Rank 3] Loading weights...
2026-04-08 12:35:15 [INFO] [Rank 2] Loading weights...
2026-04-08 12:35:17 [INFO] [Rank 3] Weights loaded.
2026-04-08 12:35:17 [INFO] [Rank 2] Weights loaded.
2026-04-08 12:35:23 [INFO] [Rank 1] Loading weights...
2026-04-08 12:35:26 [INFO] [Rank 1] Weights loaded.
2026-04-08 12:35:35 [INFO] [Rank 0] Loading weights...
2026-04-08 12:35:39 [INFO] [Rank 0] Weights loaded.
2026-04-08 12:36:39 [INFO] [Rank 2] Finished. Latency: 59445 ms
2026-04-08 12:36:39 [INFO] [Rank 1] Finished. Latency: 59445 ms
2026-04-08 12:36:39 [INFO] [Rank 0] Finished. Latency: 59445 ms
2026-04-08 12:36:39 [INFO] [Rank 3] Finished. Latency: 59452 ms
2026-04-08 12:36:42 [INFO] Total latency:     59445 ms
2026-04-08 12:36:42 [INFO] Peak 5GB memory:   2138 MB
2026-04-08 12:36:42 [INFO] Avg  5GB memory:   1511 MB
2026-04-08 12:36:42 [INFO] [112/364] Split [16, 9, 4, 3] | Batch: 8 | Microbatch: 2 | Microbatches: 4
2026-04-08 12:36:42 [INFO] Loading WikiText... (SEQ_LEN=64, BATCH=8)
2026-04-08 12:37:00 [INFO] [Rank 3] Loading weights...
2026-04-08 12:37:01 [INFO] [Rank 2] Loading weights...
2026-04-08 12:37:01 [INFO] [Rank 3] Weights loaded.
2026-04-08 12:37:02 [INFO] [Rank 2] Weights loaded.
2026-04-08 12:37:09 [INFO] [Rank 1] Loading weights...
2026-04-08 12:37:11 [INFO] [Rank 1] Weights loaded.
2026-04-08 12:37:20 [INFO] [Rank 0] Loading weights...
2026-04-08 12:37:23 [INFO] [Rank 0] Weights loaded.
2026-04-08 12:39:19 [INFO] [Rank 2] Finished. Latency: 115600 ms
2026-04-08 12:39:19 [INFO] [Rank 1] Finished. Latency: 115600 ms
2026-04-08 12:39:19 [INFO] [Rank 0] Finished. Latency: 115600 ms
2026-04-08 12:39:19 [INFO] [Rank 3] Finished. Latency: 115606 ms
2026-04-08 12:39:23 [INFO] Total latency:     115600 ms
2026-04-08 12:39:23 [INFO] Peak 5GB memory:   2138 MB
2026-04-08 12:39:23 [INFO] Avg  5GB memory:   1592 MB
2026-04-08 12:39:23 [INFO] [113/364] Split [16, 9, 5, 2] | Batch: 64 | Microbatch: 32 | Microbatches: 2
2026-04-08 12:39:23 [INFO] Loading WikiText... (SEQ_LEN=64, BATCH=64)
2026-04-08 12:39:40 [INFO] [Rank 3] Loading weights...
2026-04-08 12:39:41 [INFO] [Rank 3] Weights loaded.
2026-04-08 12:39:44 [INFO] [Rank 2] Loading weights...
2026-04-08 12:39:45 [INFO] [Rank 2] Weights loaded.
2026-04-08 12:39:50 [INFO] [Rank 1] Loading weights...
2026-04-08 12:39:52 [INFO] [Rank 1] Weights loaded.
2026-04-08 12:40:02 [INFO] [Rank 0] Loading weights...
2026-04-08 12:40:05 [INFO] [Rank 0] Weights loaded.
2026-04-08 12:41:19 [INFO] [Rank 2] Finished. Latency: 73735 ms
2026-04-08 12:41:19 [INFO] [Rank 1] Finished. Latency: 73735 ms
2026-04-08 12:41:19 [INFO] [Rank 0] Finished. Latency: 73735 ms
2026-04-08 12:41:19 [INFO] [Rank 3] Finished. Latency: 73743 ms
2026-04-08 12:41:23 [INFO] Total latency:     73735 ms
2026-04-08 12:41:23 [INFO] Peak 5GB memory:   2086 MB
2026-04-08 12:41:23 [INFO] Avg  5GB memory:   1423 MB
2026-04-08 12:41:23 [INFO] [114/364] Split [16, 9, 5, 2] | Batch: 64 | Microbatch: 16 | Microbatches: 4
2026-04-08 12:41:23 [INFO] Loading WikiText... (SEQ_LEN=64, BATCH=64)
2026-04-08 12:41:41 [INFO] [Rank 3] Loading weights...
2026-04-08 12:41:42 [INFO] [Rank 3] Weights loaded.
2026-04-08 12:41:45 [INFO] [Rank 2] Loading weights...
2026-04-08 12:41:46 [INFO] [Rank 2] Weights loaded.
2026-04-08 12:41:51 [INFO] [Rank 1] Loading weights...
2026-04-08 12:41:53 [INFO] [Rank 1] Weights loaded.
2026-04-08 12:42:03 [INFO] [Rank 0] Loading weights...
2026-04-08 12:42:06 [INFO] [Rank 0] Weights loaded.
2026-04-08 12:44:15 [INFO] [Rank 1] Finished. Latency: 128972 ms
2026-04-08 12:44:15 [INFO] [Rank 2] Finished. Latency: 128972 ms
2026-04-08 12:44:15 [INFO] [Rank 0] Finished. Latency: 128972 ms
2026-04-08 12:44:15 [INFO] [Rank 3] Finished. Latency: 128978 ms
2026-04-08 12:44:19 [INFO] Total latency:     128972 ms
2026-04-08 12:44:19 [INFO] Peak 5GB memory:   1886 MB
2026-04-08 12:44:19 [INFO] Avg  5GB memory:   1433 MB
2026-04-08 12:44:19 [INFO] [115/364] Split [16, 9, 5, 2] | Batch: 64 | Microbatch: 8 | Microbatches: 8
2026-04-08 12:44:19 [INFO] Loading WikiText... (SEQ_LEN=64, BATCH=64)
2026-04-08 12:44:37 [INFO] [Rank 3] Loading weights...
2026-04-08 12:44:38 [INFO] [Rank 3] Weights loaded.
2026-04-08 12:44:41 [INFO] [Rank 2] Loading weights...
2026-04-08 12:44:42 [INFO] [Rank 2] Weights loaded.
2026-04-08 12:44:47 [INFO] [Rank 1] Loading weights...
2026-04-08 12:44:49 [INFO] [Rank 1] Weights loaded.
2026-04-08 12:44:58 [INFO] [Rank 0] Loading weights...
2026-04-08 12:45:02 [INFO] [Rank 0] Weights loaded.
2026-04-08 12:49:01 [INFO] [Rank 1] Finished. Latency: 239107 ms
2026-04-08 12:49:01 [INFO] [Rank 2] Finished. Latency: 239107 ms
2026-04-08 12:49:01 [INFO] [Rank 0] Finished. Latency: 239108 ms
2026-04-08 12:49:01 [INFO] [Rank 3] Finished. Latency: 239112 ms
2026-04-08 12:49:05 [INFO] Total latency:     239108 ms
2026-04-08 12:49:05 [INFO] Peak 5GB memory:   1670 MB
2026-04-08 12:49:05 [INFO] Avg  5GB memory:   1433 MB
2026-04-08 12:49:05 [INFO] [116/364] Split [16, 9, 5, 2] | Batch: 64 | Microbatch: 4 | Microbatches: 16
2026-04-08 12:49:05 [INFO] Loading WikiText... (SEQ_LEN=64, BATCH=64)
2026-04-08 12:49:19 [INFO] [Rank 3] Loading weights...
2026-04-08 12:49:20 [INFO] [Rank 3] Weights loaded.
2026-04-08 12:49:22 [INFO] [Rank 2] Loading weights...
2026-04-08 12:49:24 [INFO] [Rank 2] Weights loaded.
2026-04-08 12:49:29 [INFO] [Rank 1] Loading weights...
2026-04-08 12:49:31 [INFO] [Rank 1] Weights loaded.
2026-04-08 12:49:41 [INFO] [Rank 0] Loading weights...
2026-04-08 12:49:44 [INFO] [Rank 0] Weights loaded.
2026-04-08 12:57:27 [INFO] [Rank 2] Finished. Latency: 463589 ms
2026-04-08 12:57:27 [INFO] [Rank 0] Finished. Latency: 463589 ms
2026-04-08 12:57:27 [INFO] [Rank 1] Finished. Latency: 463589 ms
2026-04-08 12:57:27 [INFO] [Rank 3] Finished. Latency: 463593 ms
2026-04-08 12:57:31 [INFO] Total latency:     463589 ms
2026-04-08 12:57:31 [INFO] Peak 5GB memory:   1718 MB
2026-04-08 12:57:31 [INFO] Avg  5GB memory:   1473 MB
2026-04-08 12:57:31 [INFO] [117/364] Split [16, 9, 5, 2] | Batch: 64 | Microbatch: 2 | Microbatches: 32
2026-04-08 12:57:31 [INFO] Loading WikiText... (SEQ_LEN=64, BATCH=64)
2026-04-08 12:57:45 [INFO] [Rank 3] Loading weights...
2026-04-08 12:57:46 [INFO] [Rank 3] Weights loaded.
2026-04-08 12:57:48 [INFO] [Rank 2] Loading weights...
2026-04-08 12:57:50 [INFO] [Rank 2] Weights loaded.
2026-04-08 12:57:55 [INFO] [Rank 1] Loading weights...
2026-04-08 12:57:57 [INFO] [Rank 1] Weights loaded.
2026-04-08 12:58:06 [INFO] [Rank 0] Loading weights...
2026-04-08 12:58:09 [INFO] [Rank 0] Weights loaded.
2026-04-08 13:13:21 [INFO] [Rank 1] Finished. Latency: 911761 ms
2026-04-08 13:13:21 [INFO] [Rank 2] Finished. Latency: 911761 ms
2026-04-08 13:13:21 [INFO] [Rank 0] Finished. Latency: 911761 ms
2026-04-08 13:13:21 [INFO] [Rank 3] Finished. Latency: 911765 ms
2026-04-08 13:13:25 [INFO] Total latency:     911761 ms
2026-04-08 13:13:25 [INFO] Peak 5GB memory:   1726 MB
2026-04-08 13:13:25 [INFO] Avg  5GB memory:   1503 MB
2026-04-08 13:13:25 [INFO] [118/364] Split [16, 9, 5, 2] | Batch: 32 | Microbatch: 16 | Microbatches: 2
2026-04-08 13:13:25 [INFO] Loading WikiText... (SEQ_LEN=64, BATCH=32)
2026-04-08 13:13:38 [INFO] [Rank 3] Loading weights...
2026-04-08 13:13:40 [INFO] [Rank 3] Weights loaded.
2026-04-08 13:13:42 [INFO] [Rank 2] Loading weights...
2026-04-08 13:13:44 [INFO] [Rank 2] Weights loaded.
2026-04-08 13:13:49 [INFO] [Rank 1] Loading weights...
2026-04-08 13:13:51 [INFO] [Rank 1] Weights loaded.
2026-04-08 13:14:00 [INFO] [Rank 0] Loading weights...
2026-04-08 13:14:04 [INFO] [Rank 0] Weights loaded.
2026-04-08 13:15:09 [INFO] [Rank 2] Finished. Latency: 65324 ms
2026-04-08 13:15:09 [INFO] [Rank 1] Finished. Latency: 65324 ms
2026-04-08 13:15:09 [INFO] [Rank 0] Finished. Latency: 65324 ms
2026-04-08 13:15:09 [INFO] [Rank 3] Finished. Latency: 65330 ms
2026-04-08 13:15:13 [INFO] Total latency:     65324 ms
2026-04-08 13:15:13 [INFO] Peak 5GB memory:   1718 MB
2026-04-08 13:15:13 [INFO] Avg  5GB memory:   1251 MB
2026-04-08 13:15:13 [INFO] [119/364] Split [16, 9, 5, 2] | Batch: 32 | Microbatch: 8 | Microbatches: 4
2026-04-08 13:15:13 [INFO] Loading WikiText... (SEQ_LEN=64, BATCH=32)
2026-04-08 13:15:26 [INFO] [Rank 3] Loading weights...
2026-04-08 13:15:27 [INFO] [Rank 3] Weights loaded.
2026-04-08 13:15:30 [INFO] [Rank 2] Loading weights...
2026-04-08 13:15:32 [INFO] [Rank 2] Weights loaded.
2026-04-08 13:15:36 [INFO] [Rank 1] Loading weights...
2026-04-08 13:15:39 [INFO] [Rank 1] Weights loaded.
2026-04-08 13:15:48 [INFO] [Rank 0] Loading weights...
2026-04-08 13:15:51 [INFO] [Rank 0] Weights loaded.
2026-04-08 13:17:52 [INFO] [Rank 2] Finished. Latency: 120258 ms
2026-04-08 13:17:52 [INFO] [Rank 1] Finished. Latency: 120258 ms
2026-04-08 13:17:52 [INFO] [Rank 0] Finished. Latency: 120258 ms
2026-04-08 13:17:52 [INFO] [Rank 3] Finished. Latency: 120263 ms
2026-04-08 13:17:55 [INFO] Total latency:     120258 ms
2026-04-08 13:17:55 [INFO] Peak 5GB memory:   1462 MB
2026-04-08 13:17:55 [INFO] Avg  5GB memory:   1285 MB
2026-04-08 13:17:55 [INFO] [120/364] Split [16, 9, 5, 2] | Batch: 32 | Microbatch: 4 | Microbatches: 8
2026-04-08 13:17:55 [INFO] Loading WikiText... (SEQ_LEN=64, BATCH=32)
2026-04-08 13:18:09 [INFO] [Rank 3] Loading weights...
2026-04-08 13:18:10 [INFO] [Rank 3] Weights loaded.
2026-04-08 13:18:13 [INFO] [Rank 2] Loading weights...
2026-04-08 13:18:14 [INFO] [Rank 2] Weights loaded.
2026-04-08 13:18:19 [INFO] [Rank 1] Loading weights...
2026-04-08 13:18:21 [INFO] [Rank 1] Weights loaded.
2026-04-08 13:18:30 [INFO] [Rank 0] Loading weights...
2026-04-08 13:18:34 [INFO] [Rank 0] Weights loaded.
2026-04-08 13:22:27 [INFO] [Rank 2] Finished. Latency: 232808 ms
2026-04-08 13:22:27 [INFO] [Rank 0] Finished. Latency: 232808 ms
2026-04-08 13:22:27 [INFO] [Rank 1] Finished. Latency: 232808 ms
2026-04-08 13:22:27 [INFO] [Rank 3] Finished. Latency: 232812 ms
2026-04-08 13:22:30 [INFO] Total latency:     232808 ms
2026-04-08 13:22:30 [INFO] Peak 5GB memory:   1462 MB
2026-04-08 13:22:30 [INFO] Avg  5GB memory:   1320 MB
2026-04-08 13:22:30 [INFO] [121/364] Split [16, 9, 5, 2] | Batch: 32 | Microbatch: 2 | Microbatches: 16
2026-04-08 13:22:30 [INFO] Loading WikiText... (SEQ_LEN=64, BATCH=32)
2026-04-08 13:22:44 [INFO] [Rank 3] Loading weights...
2026-04-08 13:22:46 [INFO] [Rank 3] Weights loaded.
2026-04-08 13:22:48 [INFO] [Rank 2] Loading weights...
2026-04-08 13:22:50 [INFO] [Rank 2] Weights loaded.
2026-04-08 13:22:55 [INFO] [Rank 1] Loading weights...
2026-04-08 13:22:57 [INFO] [Rank 1] Weights loaded.
2026-04-08 13:23:06 [INFO] [Rank 0] Loading weights...
2026-04-08 13:23:09 [INFO] [Rank 0] Weights loaded.
2026-04-08 13:30:46 [INFO] [Rank 1] Finished. Latency: 456370 ms
2026-04-08 13:30:46 [INFO] [Rank 2] Finished. Latency: 456370 ms
2026-04-08 13:30:46 [INFO] [Rank 0] Finished. Latency: 456370 ms
2026-04-08 13:30:46 [INFO] [Rank 3] Finished. Latency: 456374 ms
2026-04-08 13:30:49 [INFO] Total latency:     456370 ms
2026-04-08 13:30:49 [INFO] Peak 5GB memory:   1486 MB
2026-04-08 13:30:49 [INFO] Avg  5GB memory:   1348 MB
2026-04-08 13:30:49 [INFO] [122/364] Split [16, 9, 5, 2] | Batch: 16 | Microbatch: 8 | Microbatches: 2
2026-04-08 13:30:49 [INFO] Loading WikiText... (SEQ_LEN=64, BATCH=16)
2026-04-08 13:31:03 [INFO] [Rank 3] Loading weights...
2026-04-08 13:31:04 [INFO] [Rank 3] Weights loaded.
2026-04-08 13:31:07 [INFO] [Rank 2] Loading weights...
2026-04-08 13:31:08 [INFO] [Rank 2] Weights loaded.
2026-04-08 13:31:13 [INFO] [Rank 1] Loading weights...
2026-04-08 13:31:15 [INFO] [Rank 1] Weights loaded.
2026-04-08 13:31:25 [INFO] [Rank 0] Loading weights...
2026-04-08 13:31:28 [INFO] [Rank 0] Weights loaded.
2026-04-08 13:32:29 [INFO] [Rank 1] Finished. Latency: 60924 ms
2026-04-08 13:32:29 [INFO] [Rank 2] Finished. Latency: 60924 ms
2026-04-08 13:32:29 [INFO] [Rank 0] Finished. Latency: 60924 ms
2026-04-08 13:32:29 [INFO] [Rank 3] Finished. Latency: 60929 ms
2026-04-08 13:32:33 [INFO] Total latency:     60924 ms
2026-04-08 13:32:33 [INFO] Peak 5GB memory:   1718 MB
2026-04-08 13:32:33 [INFO] Avg  5GB memory:   1180 MB
2026-04-08 13:32:33 [INFO] [123/364] Split [16, 9, 5, 2] | Batch: 16 | Microbatch: 4 | Microbatches: 4
2026-04-08 13:32:33 [INFO] Loading WikiText... (SEQ_LEN=64, BATCH=16)
2026-04-08 13:32:46 [INFO] [Rank 3] Loading weights...
2026-04-08 13:32:47 [INFO] [Rank 3] Weights loaded.
2026-04-08 13:32:50 [INFO] [Rank 2] Loading weights...
2026-04-08 13:32:52 [INFO] [Rank 2] Weights loaded.
2026-04-08 13:32:56 [INFO] [Rank 1] Loading weights...
2026-04-08 13:32:59 [INFO] [Rank 1] Weights loaded.
2026-04-08 13:33:08 [INFO] [Rank 0] Loading weights...
2026-04-08 13:33:11 [INFO] [Rank 0] Weights loaded.
2026-04-08 13:35:08 [INFO] [Rank 2] Finished. Latency: 117045 ms
2026-04-08 13:35:08 [INFO] [Rank 1] Finished. Latency: 117045 ms
2026-04-08 13:35:08 [INFO] [Rank 0] Finished. Latency: 117045 ms
2026-04-08 13:35:08 [INFO] [Rank 3] Finished. Latency: 117050 ms
2026-04-08 13:35:12 [INFO] Total latency:     117045 ms
2026-04-08 13:35:12 [INFO] Peak 5GB memory:   1718 MB
2026-04-08 13:35:12 [INFO] Avg  5GB memory:   1219 MB
2026-04-08 13:35:12 [INFO] [124/364] Split [16, 9, 5, 2] | Batch: 16 | Microbatch: 2 | Microbatches: 8
2026-04-08 13:35:12 [INFO] Loading WikiText... (SEQ_LEN=64, BATCH=16)
2026-04-08 13:35:25 [INFO] [Rank 3] Loading weights...
2026-04-08 13:35:26 [INFO] [Rank 3] Weights loaded.
2026-04-08 13:35:29 [INFO] [Rank 2] Loading weights...
2026-04-08 13:35:30 [INFO] [Rank 2] Weights loaded.
2026-04-08 13:35:35 [INFO] [Rank 1] Loading weights...
2026-04-08 13:35:37 [INFO] [Rank 1] Weights loaded.
2026-04-08 13:35:47 [INFO] [Rank 0] Loading weights...
2026-04-08 13:35:51 [INFO] [Rank 0] Weights loaded.
2026-04-08 13:39:39 [INFO] [Rank 2] Finished. Latency: 228364 ms
2026-04-08 13:39:39 [INFO] [Rank 1] Finished. Latency: 228364 ms
2026-04-08 13:39:39 [INFO] [Rank 0] Finished. Latency: 228364 ms
2026-04-08 13:39:39 [INFO] [Rank 3] Finished. Latency: 228368 ms
2026-04-08 13:39:43 [INFO] Total latency:     228364 ms
2026-04-08 13:39:43 [INFO] Peak 5GB memory:   1718 MB
2026-04-08 13:39:43 [INFO] Avg  5GB memory:   1261 MB
2026-04-08 13:39:43 [INFO] [125/364] Split [16, 9, 5, 2] | Batch: 8 | Microbatch: 4 | Microbatches: 2
2026-04-08 13:39:43 [INFO] Loading WikiText... (SEQ_LEN=64, BATCH=8)
2026-04-08 13:39:56 [INFO] [Rank 3] Loading weights...
2026-04-08 13:39:57 [INFO] [Rank 3] Weights loaded.
2026-04-08 13:40:00 [INFO] [Rank 2] Loading weights...
2026-04-08 13:40:02 [INFO] [Rank 2] Weights loaded.
2026-04-08 13:40:08 [INFO] [Rank 1] Loading weights...
2026-04-08 13:40:10 [INFO] [Rank 1] Weights loaded.
2026-04-08 13:40:18 [INFO] [Rank 0] Loading weights...
2026-04-08 13:40:21 [INFO] [Rank 0] Weights loaded.
2026-04-08 13:41:21 [INFO] [Rank 1] Finished. Latency: 59521 ms
2026-04-08 13:41:21 [INFO] [Rank 2] Finished. Latency: 59521 ms
2026-04-08 13:41:21 [INFO] [Rank 0] Finished. Latency: 59521 ms
2026-04-08 13:41:21 [INFO] [Rank 3] Finished. Latency: 59526 ms
2026-04-08 13:41:24 [INFO] Total latency:     59521 ms
2026-04-08 13:41:24 [INFO] Peak 5GB memory:   1718 MB
2026-04-08 13:41:24 [INFO] Avg  5GB memory:   1150 MB
2026-04-08 13:41:25 [INFO] [126/364] Split [16, 9, 5, 2] | Batch: 8 | Microbatch: 2 | Microbatches: 4
2026-04-08 13:41:25 [INFO] Loading WikiText... (SEQ_LEN=64, BATCH=8)
2026-04-08 13:41:38 [INFO] [Rank 3] Loading weights...
2026-04-08 13:41:40 [INFO] [Rank 3] Weights loaded.
2026-04-08 13:41:42 [INFO] [Rank 2] Loading weights...
2026-04-08 13:41:44 [INFO] [Rank 2] Weights loaded.
2026-04-08 13:41:49 [INFO] [Rank 1] Loading weights...
2026-04-08 13:41:51 [INFO] [Rank 1] Weights loaded.
2026-04-08 13:42:00 [INFO] [Rank 0] Loading weights...
2026-04-08 13:42:04 [INFO] [Rank 0] Weights loaded.
2026-04-08 13:43:59 [INFO] [Rank 2] Finished. Latency: 115271 ms
2026-04-08 13:43:59 [INFO] [Rank 1] Finished. Latency: 115271 ms
2026-04-08 13:43:59 [INFO] [Rank 0] Finished. Latency: 115271 ms
2026-04-08 13:43:59 [INFO] [Rank 3] Finished. Latency: 115275 ms
2026-04-08 13:44:03 [INFO] Total latency:     115271 ms
2026-04-08 13:44:03 [INFO] Peak 5GB memory:   1462 MB
2026-04-08 13:44:03 [INFO] Avg  5GB memory:   1180 MB
2026-04-08 13:44:03 [INFO] [127/364] Split [17, 6, 5, 4] | Batch: 64 | Microbatch: 32 | Microbatches: 2
2026-04-08 13:44:03 [INFO] Loading WikiText... (SEQ_LEN=64, BATCH=64)
2026-04-08 13:44:19 [INFO] [Rank 3] Loading weights...
2026-04-08 13:44:20 [INFO] [Rank 2] Loading weights...
2026-04-08 13:44:21 [INFO] [Rank 3] Weights loaded.
2026-04-08 13:44:22 [INFO] [Rank 2] Weights loaded.
2026-04-08 13:44:22 [INFO] [Rank 1] Loading weights...
2026-04-08 13:44:23 [INFO] [Rank 1] Weights loaded.
2026-04-08 13:44:40 [INFO] [Rank 0] Loading weights...
2026-04-08 13:44:43 [INFO] [Rank 0] Weights loaded.
2026-04-08 13:46:00 [INFO] [Rank 1] Finished. Latency: 76699 ms
2026-04-08 13:46:00 [INFO] [Rank 2] Finished. Latency: 76699 ms
2026-04-08 13:46:00 [INFO] [Rank 0] Finished. Latency: 76699 ms
2026-04-08 13:46:00 [INFO] [Rank 3] Finished. Latency: 76713 ms
2026-04-08 13:46:04 [INFO] Total latency:     76699 ms
2026-04-08 13:46:04 [INFO] Peak 5GB memory:   4524 MB
2026-04-08 13:46:04 [INFO] Avg  5GB memory:   2512 MB
2026-04-08 13:46:04 [INFO] [128/364] Split [17, 6, 5, 4] | Batch: 64 | Microbatch: 16 | Microbatches: 4
2026-04-08 13:46:04 [INFO] Loading WikiText... (SEQ_LEN=64, BATCH=64)
2026-04-08 13:46:20 [INFO] [Rank 3] Loading weights...
2026-04-08 13:46:20 [INFO] [Rank 2] Loading weights...
2026-04-08 13:46:21 [INFO] [Rank 3] Weights loaded.
2026-04-08 13:46:22 [INFO] [Rank 2] Weights loaded.
2026-04-08 13:46:22 [INFO] [Rank 1] Loading weights...
2026-04-08 13:46:24 [INFO] [Rank 1] Weights loaded.
2026-04-08 13:46:40 [INFO] [Rank 0] Loading weights...
2026-04-08 13:46:43 [INFO] [Rank 0] Weights loaded.
2026-04-08 13:48:57 [INFO] [Rank 2] Finished. Latency: 134074 ms
2026-04-08 13:48:57 [INFO] [Rank 0] Finished. Latency: 134074 ms
2026-04-08 13:48:57 [INFO] [Rank 1] Finished. Latency: 134074 ms
2026-04-08 13:48:57 [INFO] [Rank 3] Finished. Latency: 134084 ms
2026-04-08 13:49:01 [INFO] Total latency:     134074 ms
2026-04-08 13:49:01 [INFO] Peak 5GB memory:   3348 MB
2026-04-08 13:49:01 [INFO] Avg  5GB memory:   2417 MB
2026-04-08 13:49:01 [INFO] [129/364] Split [17, 6, 5, 4] | Batch: 64 | Microbatch: 8 | Microbatches: 8
2026-04-08 13:49:01 [INFO] Loading WikiText... (SEQ_LEN=64, BATCH=64)
2026-04-08 13:49:18 [INFO] [Rank 3] Loading weights...
2026-04-08 13:49:19 [INFO] [Rank 2] Loading weights...
2026-04-08 13:49:20 [INFO] [Rank 3] Weights loaded.
2026-04-08 13:49:20 [INFO] [Rank 2] Weights loaded.
2026-04-08 13:49:21 [INFO] [Rank 1] Loading weights...
2026-04-08 13:49:23 [INFO] [Rank 1] Weights loaded.
2026-04-08 13:49:39 [INFO] [Rank 0] Loading weights...
2026-04-08 13:49:42 [INFO] [Rank 0] Weights loaded.
2026-04-08 13:53:51 [INFO] [Rank 2] Finished. Latency: 249371 ms
2026-04-08 13:53:51 [INFO] [Rank 1] Finished. Latency: 249371 ms
2026-04-08 13:53:51 [INFO] [Rank 0] Finished. Latency: 249371 ms
2026-04-08 13:53:51 [INFO] [Rank 3] Finished. Latency: 249380 ms
2026-04-08 13:53:55 [INFO] Total latency:     249371 ms
2026-04-08 13:53:55 [INFO] Peak 5GB memory:   2848 MB
2026-04-08 13:53:55 [INFO] Avg  5GB memory:   2420 MB
2026-04-08 13:53:55 [INFO] [130/364] Split [17, 6, 5, 4] | Batch: 64 | Microbatch: 4 | Microbatches: 16
2026-04-08 13:53:55 [INFO] Loading WikiText... (SEQ_LEN=64, BATCH=64)
2026-04-08 13:54:12 [INFO] [Rank 3] Loading weights...
2026-04-08 13:54:13 [INFO] [Rank 2] Loading weights...
2026-04-08 13:54:14 [INFO] [Rank 3] Weights loaded.
2026-04-08 13:54:15 [INFO] [Rank 2] Weights loaded.
2026-04-08 13:54:15 [INFO] [Rank 1] Loading weights...
2026-04-08 13:54:17 [INFO] [Rank 1] Weights loaded.
2026-04-08 13:54:32 [INFO] [Rank 0] Loading weights...
2026-04-08 13:54:35 [INFO] [Rank 0] Weights loaded.
2026-04-08 14:02:35 [INFO] [Rank 2] Finished. Latency: 479056 ms
2026-04-08 14:02:35 [INFO] [Rank 1] Finished. Latency: 479056 ms
2026-04-08 14:02:35 [INFO] [Rank 0] Finished. Latency: 479056 ms
2026-04-08 14:02:35 [INFO] [Rank 3] Finished. Latency: 479064 ms
2026-04-08 14:02:38 [INFO] Total latency:     479056 ms
2026-04-08 14:02:38 [INFO] Peak 5GB memory:   2896 MB
2026-04-08 14:02:38 [INFO] Avg  5GB memory:   2498 MB
2026-04-08 14:02:38 [INFO] [131/364] Split [17, 6, 5, 4] | Batch: 64 | Microbatch: 2 | Microbatches: 32
2026-04-08 14:02:38 [INFO] Loading WikiText... (SEQ_LEN=64, BATCH=64)
2026-04-08 14:02:55 [INFO] [Rank 3] Loading weights...
2026-04-08 14:02:56 [INFO] [Rank 2] Loading weights...
2026-04-08 14:02:57 [INFO] [Rank 3] Weights loaded.
2026-04-08 14:02:57 [INFO] [Rank 2] Weights loaded.
2026-04-08 14:02:58 [INFO] [Rank 1] Loading weights...
2026-04-08 14:02:59 [INFO] [Rank 1] Weights loaded.
2026-04-08 14:03:16 [INFO] [Rank 0] Loading weights...
2026-04-08 14:03:19 [INFO] [Rank 0] Weights loaded.
2026-04-08 14:19:09 [INFO] [Rank 1] Finished. Latency: 949582 ms
2026-04-08 14:19:09 [INFO] [Rank 2] Finished. Latency: 949582 ms
2026-04-08 14:19:09 [INFO] [Rank 0] Finished. Latency: 949582 ms
2026-04-08 14:19:09 [INFO] [Rank 3] Finished. Latency: 949590 ms
2026-04-08 14:19:12 [INFO] Total latency:     949582 ms
2026-04-08 14:19:12 [INFO] Peak 5GB memory:   3016 MB
2026-04-08 14:19:12 [INFO] Avg  5GB memory:   2572 MB
2026-04-08 14:19:12 [INFO] [132/364] Split [17, 6, 5, 4] | Batch: 32 | Microbatch: 16 | Microbatches: 2
2026-04-08 14:19:12 [INFO] Loading WikiText... (SEQ_LEN=64, BATCH=32)
2026-04-08 14:19:30 [INFO] [Rank 3] Loading weights...
2026-04-08 14:19:30 [INFO] [Rank 2] Loading weights...
2026-04-08 14:19:31 [INFO] [Rank 3] Weights loaded.
2026-04-08 14:19:32 [INFO] [Rank 2] Weights loaded.
2026-04-08 14:19:32 [INFO] [Rank 1] Loading weights...
2026-04-08 14:19:34 [INFO] [Rank 1] Weights loaded.
2026-04-08 14:19:50 [INFO] [Rank 0] Loading weights...
2026-04-08 14:19:53 [INFO] [Rank 0] Weights loaded.
2026-04-08 14:21:01 [INFO] [Rank 0] Finished. Latency: 67659 ms
2026-04-08 14:21:01 [INFO] [Rank 2] Finished. Latency: 67659 ms
2026-04-08 14:21:01 [INFO] [Rank 1] Finished. Latency: 67659 ms
2026-04-08 14:21:01 [INFO] [Rank 3] Finished. Latency: 67670 ms
2026-04-08 14:21:05 [INFO] Total latency:     67659 ms
2026-04-08 14:21:05 [INFO] Peak 5GB memory:   2706 MB
2026-04-08 14:21:05 [INFO] Avg  5GB memory:   2056 MB
2026-04-08 14:21:05 [INFO] [133/364] Split [17, 6, 5, 4] | Batch: 32 | Microbatch: 8 | Microbatches: 4
2026-04-08 14:21:05 [INFO] Loading WikiText... (SEQ_LEN=64, BATCH=32)
2026-04-08 14:21:21 [INFO] [Rank 3] Loading weights...
2026-04-08 14:21:22 [INFO] [Rank 2] Loading weights...
2026-04-08 14:21:23 [INFO] [Rank 3] Weights loaded.
2026-04-08 14:21:23 [INFO] [Rank 2] Weights loaded.
2026-04-08 14:21:24 [INFO] [Rank 1] Loading weights...
2026-04-08 14:21:25 [INFO] [Rank 1] Weights loaded.
2026-04-08 14:21:41 [INFO] [Rank 0] Loading weights...
2026-04-08 14:21:45 [INFO] [Rank 0] Weights loaded.
2026-04-08 14:23:51 [INFO] [Rank 2] Finished. Latency: 125995 ms
2026-04-08 14:23:51 [INFO] [Rank 1] Finished. Latency: 125995 ms
2026-04-08 14:23:51 [INFO] [Rank 0] Finished. Latency: 125995 ms
2026-04-08 14:23:51 [INFO] [Rank 3] Finished. Latency: 126004 ms
2026-04-08 14:23:55 [INFO] Total latency:     125995 ms
2026-04-08 14:23:55 [INFO] Peak 5GB memory:   2558 MB
2026-04-08 14:23:55 [INFO] Avg  5GB memory:   2131 MB
2026-04-08 14:23:55 [INFO] [134/364] Split [17, 6, 5, 4] | Batch: 32 | Microbatch: 4 | Microbatches: 8
2026-04-08 14:23:55 [INFO] Loading WikiText... (SEQ_LEN=64, BATCH=32)
2026-04-08 14:24:12 [INFO] [Rank 3] Loading weights...
2026-04-08 14:24:12 [INFO] [Rank 2] Loading weights...
2026-04-08 14:24:13 [INFO] [Rank 3] Weights loaded.
2026-04-08 14:24:14 [INFO] [Rank 2] Weights loaded.
2026-04-08 14:24:14 [INFO] [Rank 1] Loading weights...
2026-04-08 14:24:16 [INFO] [Rank 1] Weights loaded.
2026-04-08 14:24:32 [INFO] [Rank 0] Loading weights...
2026-04-08 14:24:35 [INFO] [Rank 0] Weights loaded.
2026-04-08 14:28:39 [INFO] [Rank 2] Finished. Latency: 243130 ms
2026-04-08 14:28:39 [INFO] [Rank 1] Finished. Latency: 243130 ms
2026-04-08 14:28:39 [INFO] [Rank 0] Finished. Latency: 243130 ms
2026-04-08 14:28:39 [INFO] [Rank 3] Finished. Latency: 243138 ms
2026-04-08 14:28:42 [INFO] Total latency:     243130 ms
2026-04-08 14:28:42 [INFO] Peak 5GB memory:   2558 MB
2026-04-08 14:28:42 [INFO] Avg  5GB memory:   2209 MB
2026-04-08 14:28:42 [INFO] [135/364] Split [17, 6, 5, 4] | Batch: 32 | Microbatch: 2 | Microbatches: 16
2026-04-08 14:28:42 [INFO] Loading WikiText... (SEQ_LEN=64, BATCH=32)
2026-04-08 14:28:59 [INFO] [Rank 3] Loading weights...
2026-04-08 14:29:00 [INFO] [Rank 2] Loading weights...
2026-04-08 14:29:01 [INFO] [Rank 3] Weights loaded.
2026-04-08 14:29:02 [INFO] [Rank 2] Weights loaded.
2026-04-08 14:29:02 [INFO] [Rank 1] Loading weights...
2026-04-08 14:29:04 [INFO] [Rank 1] Weights loaded.
2026-04-08 14:29:20 [INFO] [Rank 0] Loading weights...
2026-04-08 14:29:23 [INFO] [Rank 0] Weights loaded.
2026-04-08 14:37:16 [INFO] [Rank 2] Finished. Latency: 473308 ms
2026-04-08 14:37:16 [INFO] [Rank 0] Finished. Latency: 473308 ms
2026-04-08 14:37:16 [INFO] [Rank 1] Finished. Latency: 473308 ms
2026-04-08 14:37:16 [INFO] [Rank 3] Finished. Latency: 473315 ms
2026-04-08 14:37:20 [INFO] Total latency:     473308 ms
2026-04-08 14:37:20 [INFO] Peak 5GB memory:   2558 MB
2026-04-08 14:37:20 [INFO] Avg  5GB memory:   2282 MB
2026-04-08 14:37:20 [INFO] [136/364] Split [17, 6, 5, 4] | Batch: 16 | Microbatch: 8 | Microbatches: 2
2026-04-08 14:37:20 [INFO] Loading WikiText... (SEQ_LEN=64, BATCH=16)
2026-04-08 14:37:37 [INFO] [Rank 3] Loading weights...
2026-04-08 14:37:38 [INFO] [Rank 2] Loading weights...
2026-04-08 14:37:39 [INFO] [Rank 3] Weights loaded.
2026-04-08 14:37:40 [INFO] [Rank 2] Weights loaded.
2026-04-08 14:37:40 [INFO] [Rank 1] Loading weights...
2026-04-08 14:37:42 [INFO] [Rank 1] Weights loaded.
2026-04-08 14:37:57 [INFO] [Rank 0] Loading weights...
2026-04-08 14:38:01 [INFO] [Rank 0] Weights loaded.
2026-04-08 14:39:05 [INFO] [Rank 2] Finished. Latency: 63973 ms
2026-04-08 14:39:05 [INFO] [Rank 1] Finished. Latency: 63973 ms
2026-04-08 14:39:05 [INFO] [Rank 0] Finished. Latency: 63973 ms
2026-04-08 14:39:05 [INFO] [Rank 3] Finished. Latency: 63982 ms
2026-04-08 14:39:09 [INFO] Total latency:     63973 ms
2026-04-08 14:39:09 [INFO] Peak 5GB memory:   2302 MB
2026-04-08 14:39:09 [INFO] Avg  5GB memory:   1935 MB
2026-04-08 14:39:09 [INFO] [137/364] Split [17, 6, 5, 4] | Batch: 16 | Microbatch: 4 | Microbatches: 4
2026-04-08 14:39:09 [INFO] Loading WikiText... (SEQ_LEN=64, BATCH=16)
2026-04-08 14:39:26 [INFO] [Rank 3] Loading weights...
2026-04-08 14:39:26 [INFO] [Rank 2] Loading weights...
2026-04-08 14:39:27 [INFO] [Rank 3] Weights loaded.
2026-04-08 14:39:28 [INFO] [Rank 2] Weights loaded.
2026-04-08 14:39:28 [INFO] [Rank 1] Loading weights...
2026-04-08 14:39:30 [INFO] [Rank 1] Weights loaded.
2026-04-08 14:39:46 [INFO] [Rank 0] Loading weights...
2026-04-08 14:39:49 [INFO] [Rank 0] Weights loaded.
2026-04-08 14:41:52 [INFO] [Rank 2] Finished. Latency: 122283 ms
2026-04-08 14:41:52 [INFO] [Rank 1] Finished. Latency: 122283 ms
2026-04-08 14:41:52 [INFO] [Rank 0] Finished. Latency: 122283 ms
2026-04-08 14:41:52 [INFO] [Rank 3] Finished. Latency: 122291 ms
2026-04-08 14:41:55 [INFO] Total latency:     122283 ms
2026-04-08 14:41:55 [INFO] Peak 5GB memory:   2300 MB
2026-04-08 14:41:55 [INFO] Avg  5GB memory:   2023 MB
2026-04-08 14:41:55 [INFO] [138/364] Split [17, 6, 5, 4] | Batch: 16 | Microbatch: 2 | Microbatches: 8
2026-04-08 14:41:55 [INFO] Loading WikiText... (SEQ_LEN=64, BATCH=16)
2026-04-08 14:42:12 [INFO] [Rank 3] Loading weights...
2026-04-08 14:42:12 [INFO] [Rank 2] Loading weights...
2026-04-08 14:42:13 [INFO] [Rank 3] Weights loaded.
2026-04-08 14:42:14 [INFO] [Rank 2] Weights loaded.
2026-04-08 14:42:14 [INFO] [Rank 1] Loading weights...
2026-04-08 14:42:16 [INFO] [Rank 1] Weights loaded.
2026-04-08 14:42:32 [INFO] [Rank 0] Loading weights...
2026-04-08 14:42:35 [INFO] [Rank 0] Weights loaded.
2026-04-08 14:46:35 [INFO] [Rank 2] Finished. Latency: 239734 ms
2026-04-08 14:46:35 [INFO] [Rank 1] Finished. Latency: 239734 ms
2026-04-08 14:46:35 [INFO] [Rank 0] Finished. Latency: 239734 ms
2026-04-08 14:46:35 [INFO] [Rank 3] Finished. Latency: 239742 ms
2026-04-08 14:46:39 [INFO] Total latency:     239734 ms
2026-04-08 14:46:39 [INFO] Peak 5GB memory:   2558 MB
2026-04-08 14:46:39 [INFO] Avg  5GB memory:   2111 MB
2026-04-08 14:46:39 [INFO] [139/364] Split [17, 6, 5, 4] | Batch: 8 | Microbatch: 4 | Microbatches: 2
2026-04-08 14:46:39 [INFO] Loading WikiText... (SEQ_LEN=64, BATCH=8)
2026-04-08 14:46:56 [INFO] [Rank 3] Loading weights...
2026-04-08 14:46:56 [INFO] [Rank 2] Loading weights...
2026-04-08 14:46:57 [INFO] [Rank 3] Weights loaded.
2026-04-08 14:46:58 [INFO] [Rank 2] Weights loaded.
2026-04-08 14:46:58 [INFO] [Rank 1] Loading weights...
2026-04-08 14:47:00 [INFO] [Rank 1] Weights loaded.
2026-04-08 14:47:16 [INFO] [Rank 0] Loading weights...
2026-04-08 14:47:19 [INFO] [Rank 0] Weights loaded.
2026-04-08 14:48:21 [INFO] [Rank 2] Finished. Latency: 61679 ms
2026-04-08 14:48:21 [INFO] [Rank 0] Finished. Latency: 61679 ms
2026-04-08 14:48:21 [INFO] [Rank 1] Finished. Latency: 61679 ms
2026-04-08 14:48:21 [INFO] [Rank 3] Finished. Latency: 61687 ms
2026-04-08 14:48:25 [INFO] Total latency:     61679 ms
2026-04-08 14:48:25 [INFO] Peak 5GB memory:   2302 MB
2026-04-08 14:48:25 [INFO] Avg  5GB memory:   1888 MB
2026-04-08 14:48:25 [INFO] [140/364] Split [17, 6, 5, 4] | Batch: 8 | Microbatch: 2 | Microbatches: 4
2026-04-08 14:48:25 [INFO] Loading WikiText... (SEQ_LEN=64, BATCH=8)
2026-04-08 14:48:41 [INFO] [Rank 3] Loading weights...
2026-04-08 14:48:42 [INFO] [Rank 2] Loading weights...
2026-04-08 14:48:42 [INFO] [Rank 3] Weights loaded.
2026-04-08 14:48:43 [INFO] [Rank 2] Weights loaded.
2026-04-08 14:48:44 [INFO] [Rank 1] Loading weights...
2026-04-08 14:48:45 [INFO] [Rank 1] Weights loaded.
2026-04-08 14:49:01 [INFO] [Rank 0] Loading weights...
2026-04-08 14:49:05 [INFO] [Rank 0] Weights loaded.
2026-04-08 14:51:05 [INFO] [Rank 2] Finished. Latency: 120265 ms
2026-04-08 14:51:05 [INFO] [Rank 1] Finished. Latency: 120265 ms
2026-04-08 14:51:05 [INFO] [Rank 0] Finished. Latency: 120265 ms
2026-04-08 14:51:05 [INFO] [Rank 3] Finished. Latency: 120272 ms
2026-04-08 14:51:09 [INFO] Total latency:     120265 ms
2026-04-08 14:51:09 [INFO] Peak 5GB memory:   2204 MB
2026-04-08 14:51:09 [INFO] Avg  5GB memory:   1981 MB
2026-04-08 14:51:09 [INFO] [141/364] Split [17, 7, 4, 4] | Batch: 64 | Microbatch: 32 | Microbatches: 2
2026-04-08 14:51:09 [INFO] Loading WikiText... (SEQ_LEN=64, BATCH=64)
2026-04-08 14:51:25 [INFO] [Rank 2] Loading weights...
2026-04-08 14:51:26 [INFO] [Rank 3] Loading weights...
2026-04-08 14:51:26 [INFO] [Rank 2] Weights loaded.
2026-04-08 14:51:27 [INFO] [Rank 3] Weights loaded.
2026-04-08 14:51:30 [INFO] [Rank 1] Loading weights...
2026-04-08 14:51:32 [INFO] [Rank 1] Weights loaded.
2026-04-08 14:51:46 [INFO] [Rank 0] Loading weights...
2026-04-08 14:51:49 [INFO] [Rank 0] Weights loaded.
2026-04-08 14:53:04 [INFO] [Rank 2] Finished. Latency: 74882 ms
2026-04-08 14:53:04 [INFO] [Rank 0] Finished. Latency: 74882 ms
2026-04-08 14:53:04 [INFO] [Rank 1] Finished. Latency: 74882 ms
2026-04-08 14:53:04 [INFO] [Rank 3] Finished. Latency: 74896 ms
2026-04-08 14:53:08 [INFO] Total latency:     74882 ms
2026-04-08 14:53:08 [INFO] Peak 5GB memory:   4524 MB
2026-04-08 14:53:08 [INFO] Avg  5GB memory:   2506 MB
2026-04-08 14:53:08 [INFO] [142/364] Split [17, 7, 4, 4] | Batch: 64 | Microbatch: 16 | Microbatches: 4
2026-04-08 14:53:08 [INFO] Loading WikiText... (SEQ_LEN=64, BATCH=64)
2026-04-08 14:53:25 [INFO] [Rank 2] Loading weights...
2026-04-08 14:53:26 [INFO] [Rank 3] Loading weights...
2026-04-08 14:53:26 [INFO] [Rank 2] Weights loaded.
2026-04-08 14:53:27 [INFO] [Rank 3] Weights loaded.
2026-04-08 14:53:30 [INFO] [Rank 1] Loading weights...
2026-04-08 14:53:31 [INFO] [Rank 1] Weights loaded.
2026-04-08 14:53:46 [INFO] [Rank 0] Loading weights...
2026-04-08 14:53:49 [INFO] [Rank 0] Weights loaded.
2026-04-08 14:56:00 [INFO] [Rank 2] Finished. Latency: 130513 ms
2026-04-08 14:56:00 [INFO] [Rank 1] Finished. Latency: 130513 ms
2026-04-08 14:56:00 [INFO] [Rank 0] Finished. Latency: 130514 ms
2026-04-08 14:56:00 [INFO] [Rank 3] Finished. Latency: 130524 ms
2026-04-08 14:56:03 [INFO] Total latency:     130514 ms
2026-04-08 14:56:03 [INFO] Peak 5GB memory:   3348 MB
2026-04-08 14:56:03 [INFO] Avg  5GB memory:   2394 MB
2026-04-08 14:56:03 [INFO] [143/364] Split [17, 7, 4, 4] | Batch: 64 | Microbatch: 8 | Microbatches: 8
2026-04-08 14:56:03 [INFO] Loading WikiText... (SEQ_LEN=64, BATCH=64)
2026-04-08 14:56:20 [INFO] [Rank 2] Loading weights...
2026-04-08 14:56:21 [INFO] [Rank 3] Loading weights...
2026-04-08 14:56:21 [INFO] [Rank 2] Weights loaded.
2026-04-08 14:56:22 [INFO] [Rank 3] Weights loaded.
2026-04-08 14:56:25 [INFO] [Rank 1] Loading weights...
2026-04-08 14:56:27 [INFO] [Rank 1] Weights loaded.
2026-04-08 14:56:41 [INFO] [Rank 0] Loading weights...
2026-04-08 14:56:44 [INFO] [Rank 0] Weights loaded.
2026-04-08 15:00:47 [INFO] [Rank 1] Finished. Latency: 243033 ms
2026-04-08 15:00:47 [INFO] [Rank 2] Finished. Latency: 243033 ms
2026-04-08 15:00:47 [INFO] [Rank 0] Finished. Latency: 243033 ms
2026-04-08 15:00:47 [INFO] [Rank 3] Finished. Latency: 243042 ms
2026-04-08 15:00:51 [INFO] Total latency:     243033 ms
2026-04-08 15:00:51 [INFO] Peak 5GB memory:   2848 MB
2026-04-08 15:00:51 [INFO] Avg  5GB memory:   2414 MB
2026-04-08 15:00:51 [INFO] [144/364] Split [17, 7, 4, 4] | Batch: 64 | Microbatch: 4 | Microbatches: 16
2026-04-08 15:00:51 [INFO] Loading WikiText... (SEQ_LEN=64, BATCH=64)
2026-04-08 15:01:08 [INFO] [Rank 2] Loading weights...
2026-04-08 15:01:09 [INFO] [Rank 3] Loading weights...
2026-04-08 15:01:09 [INFO] [Rank 2] Weights loaded.
2026-04-08 15:01:10 [INFO] [Rank 3] Weights loaded.
2026-04-08 15:01:12 [INFO] [Rank 1] Loading weights...
2026-04-08 15:01:15 [INFO] [Rank 1] Weights loaded.
2026-04-08 15:01:29 [INFO] [Rank 0] Loading weights...
2026-04-08 15:01:32 [INFO] [Rank 0] Weights loaded.
2026-04-08 15:09:25 [INFO] [Rank 2] Finished. Latency: 472394 ms
2026-04-08 15:09:25 [INFO] [Rank 1] Finished. Latency: 472394 ms
2026-04-08 15:09:25 [INFO] [Rank 0] Finished. Latency: 472394 ms
2026-04-08 15:09:25 [INFO] [Rank 3] Finished. Latency: 472401 ms
2026-04-08 15:09:28 [INFO] Total latency:     472394 ms
2026-04-08 15:09:28 [INFO] Peak 5GB memory:   2896 MB
2026-04-08 15:09:28 [INFO] Avg  5GB memory:   2494 MB
2026-04-08 15:09:28 [INFO] [145/364] Split [17, 7, 4, 4] | Batch: 64 | Microbatch: 2 | Microbatches: 32
2026-04-08 15:09:28 [INFO] Loading WikiText... (SEQ_LEN=64, BATCH=64)
2026-04-08 15:09:45 [INFO] [Rank 2] Loading weights...
2026-04-08 15:09:46 [INFO] [Rank 3] Loading weights...
2026-04-08 15:09:46 [INFO] [Rank 2] Weights loaded.
2026-04-08 15:09:47 [INFO] [Rank 3] Weights loaded.
2026-04-08 15:09:49 [INFO] [Rank 1] Loading weights...
2026-04-08 15:09:51 [INFO] [Rank 1] Weights loaded.
2026-04-08 15:10:06 [INFO] [Rank 0] Loading weights...
2026-04-08 15:10:09 [INFO] [Rank 0] Weights loaded.
2026-04-08 15:25:37 [INFO] [Rank 0] Finished. Latency: 927410 ms
2026-04-08 15:25:37 [INFO] [Rank 2] Finished. Latency: 927410 ms
2026-04-08 15:25:37 [INFO] [Rank 1] Finished. Latency: 927410 ms
2026-04-08 15:25:37 [INFO] [Rank 3] Finished. Latency: 927418 ms
2026-04-08 15:25:40 [INFO] Total latency:     927410 ms
2026-04-08 15:25:40 [INFO] Peak 5GB memory:   3016 MB
2026-04-08 15:25:40 [INFO] Avg  5GB memory:   2571 MB
2026-04-08 15:25:40 [INFO] [146/364] Split [17, 7, 4, 4] | Batch: 32 | Microbatch: 16 | Microbatches: 2
2026-04-08 15:25:40 [INFO] Loading WikiText... (SEQ_LEN=64, BATCH=32)
2026-04-08 15:25:57 [INFO] [Rank 2] Loading weights...
2026-04-08 15:25:58 [INFO] [Rank 3] Loading weights...
2026-04-08 15:25:58 [INFO] [Rank 2] Weights loaded.
2026-04-08 15:25:59 [INFO] [Rank 3] Weights loaded.
2026-04-08 15:26:01 [INFO] [Rank 1] Loading weights...
2026-04-08 15:26:03 [INFO] [Rank 1] Weights loaded.
2026-04-08 15:26:18 [INFO] [Rank 0] Loading weights...
2026-04-08 15:26:21 [INFO] [Rank 0] Weights loaded.
2026-04-08 15:27:27 [INFO] [Rank 2] Finished. Latency: 66059 ms
2026-04-08 15:27:27 [INFO] [Rank 1] Finished. Latency: 66059 ms
2026-04-08 15:27:27 [INFO] [Rank 0] Finished. Latency: 66059 ms
2026-04-08 15:27:27 [INFO] [Rank 3] Finished. Latency: 66070 ms
2026-04-08 15:27:31 [INFO] Total latency:     66059 ms
2026-04-08 15:27:31 [INFO] Peak 5GB memory:   2706 MB
2026-04-08 15:27:31 [INFO] Avg  5GB memory:   2061 MB
2026-04-08 15:27:31 [INFO] [147/364] Split [17, 7, 4, 4] | Batch: 32 | Microbatch: 8 | Microbatches: 4
2026-04-08 15:27:31 [INFO] Loading WikiText... (SEQ_LEN=64, BATCH=32)
2026-04-08 15:27:47 [INFO] [Rank 2] Loading weights...
2026-04-08 15:27:48 [INFO] [Rank 3] Loading weights...
2026-04-08 15:27:48 [INFO] [Rank 2] Weights loaded.
2026-04-08 15:27:49 [INFO] [Rank 3] Weights loaded.
2026-04-08 15:27:52 [INFO] [Rank 1] Loading weights...
2026-04-08 15:27:53 [INFO] [Rank 1] Weights loaded.
2026-04-08 15:28:08 [INFO] [Rank 0] Loading weights...
2026-04-08 15:28:11 [INFO] [Rank 0] Weights loaded.
2026-04-08 15:30:15 [INFO] [Rank 2] Finished. Latency: 123407 ms
2026-04-08 15:30:15 [INFO] [Rank 1] Finished. Latency: 123407 ms
2026-04-08 15:30:15 [INFO] [Rank 0] Finished. Latency: 123407 ms
2026-04-08 15:30:15 [INFO] [Rank 3] Finished. Latency: 123416 ms
2026-04-08 15:30:18 [INFO] Total latency:     123407 ms
2026-04-08 15:30:18 [INFO] Peak 5GB memory:   2558 MB
2026-04-08 15:30:18 [INFO] Avg  5GB memory:   2122 MB
2026-04-08 15:30:18 [INFO] [148/364] Split [17, 7, 4, 4] | Batch: 32 | Microbatch: 4 | Microbatches: 8
2026-04-08 15:30:18 [INFO] Loading WikiText... (SEQ_LEN=64, BATCH=32)
2026-04-08 15:30:34 [INFO] [Rank 2] Loading weights...
2026-04-08 15:30:35 [INFO] [Rank 3] Loading weights...
2026-04-08 15:30:35 [INFO] [Rank 2] Weights loaded.
2026-04-08 15:30:37 [INFO] [Rank 3] Weights loaded.
2026-04-08 15:30:39 [INFO] [Rank 1] Loading weights...
2026-04-08 15:30:41 [INFO] [Rank 1] Weights loaded.
2026-04-08 15:30:55 [INFO] [Rank 0] Loading weights...
2026-04-08 15:30:58 [INFO] [Rank 0] Weights loaded.
2026-04-08 15:34:57 [INFO] [Rank 1] Finished. Latency: 237984 ms
2026-04-08 15:34:57 [INFO] [Rank 2] Finished. Latency: 237984 ms
2026-04-08 15:34:57 [INFO] [Rank 0] Finished. Latency: 237984 ms
2026-04-08 15:34:57 [INFO] [Rank 3] Finished. Latency: 237991 ms
2026-04-08 15:35:00 [INFO] Total latency:     237984 ms
2026-04-08 15:35:00 [INFO] Peak 5GB memory:   2558 MB
2026-04-08 15:35:00 [INFO] Avg  5GB memory:   2211 MB
2026-04-08 15:35:00 [INFO] [149/364] Split [17, 7, 4, 4] | Batch: 32 | Microbatch: 2 | Microbatches: 16
2026-04-08 15:35:00 [INFO] Loading WikiText... (SEQ_LEN=64, BATCH=32)
2026-04-08 15:35:17 [INFO] [Rank 2] Loading weights...
2026-04-08 15:35:18 [INFO] [Rank 3] Loading weights...
2026-04-08 15:35:18 [INFO] [Rank 2] Weights loaded.
2026-04-08 15:35:19 [INFO] [Rank 3] Weights loaded.
2026-04-08 15:35:22 [INFO] [Rank 1] Loading weights...
2026-04-08 15:35:24 [INFO] [Rank 1] Weights loaded.
2026-04-08 15:35:38 [INFO] [Rank 0] Loading weights...
2026-04-08 15:35:42 [INFO] [Rank 0] Weights loaded.
2026-04-08 15:43:29 [INFO] [Rank 2] Finished. Latency: 466883 ms
2026-04-08 15:43:29 [INFO] [Rank 1] Finished. Latency: 466883 ms
2026-04-08 15:43:29 [INFO] [Rank 0] Finished. Latency: 466883 ms
2026-04-08 15:43:29 [INFO] [Rank 3] Finished. Latency: 466891 ms
2026-04-08 15:43:33 [INFO] Total latency:     466883 ms
2026-04-08 15:43:33 [INFO] Peak 5GB memory:   2550 MB
2026-04-08 15:43:33 [INFO] Avg  5GB memory:   2278 MB
2026-04-08 15:43:33 [INFO] [150/364] Split [17, 7, 4, 4] | Batch: 16 | Microbatch: 8 | Microbatches: 2
2026-04-08 15:43:33 [INFO] Loading WikiText... (SEQ_LEN=64, BATCH=16)
2026-04-08 15:43:49 [INFO] [Rank 2] Loading weights...
2026-04-08 15:43:50 [INFO] [Rank 3] Loading weights...
2026-04-08 15:43:50 [INFO] [Rank 2] Weights loaded.
2026-04-08 15:43:51 [INFO] [Rank 3] Weights loaded.
2026-04-08 15:43:54 [INFO] [Rank 1] Loading weights...
2026-04-08 15:43:56 [INFO] [Rank 1] Weights loaded.
2026-04-08 15:44:10 [INFO] [Rank 0] Loading weights...
2026-04-08 15:44:13 [INFO] [Rank 0] Weights loaded.
2026-04-08 15:45:16 [INFO] [Rank 2] Finished. Latency: 62613 ms
2026-04-08 15:45:16 [INFO] [Rank 1] Finished. Latency: 62613 ms
2026-04-08 15:45:16 [INFO] [Rank 0] Finished. Latency: 62613 ms
2026-04-08 15:45:16 [INFO] [Rank 3] Finished. Latency: 62622 ms
2026-04-08 15:45:20 [INFO] Total latency:     62613 ms
2026-04-08 15:45:20 [INFO] Peak 5GB memory:   2558 MB
2026-04-08 15:45:20 [INFO] Avg  5GB memory:   1936 MB
2026-04-08 15:45:20 [INFO] [151/364] Split [17, 7, 4, 4] | Batch: 16 | Microbatch: 4 | Microbatches: 4
2026-04-08 15:45:20 [INFO] Loading WikiText... (SEQ_LEN=64, BATCH=16)
2026-04-08 15:45:36 [INFO] [Rank 2] Loading weights...
2026-04-08 15:45:37 [INFO] [Rank 2] Weights loaded.
2026-04-08 15:45:37 [INFO] [Rank 3] Loading weights...
2026-04-08 15:45:39 [INFO] [Rank 3] Weights loaded.
2026-04-08 15:45:41 [INFO] [Rank 1] Loading weights...
2026-04-08 15:45:43 [INFO] [Rank 1] Weights loaded.
2026-04-08 15:45:58 [INFO] [Rank 0] Loading weights...
2026-04-08 15:46:01 [INFO] [Rank 0] Weights loaded.
2026-04-08 15:48:02 [INFO] [Rank 2] Finished. Latency: 120767 ms
2026-04-08 15:48:02 [INFO] [Rank 1] Finished. Latency: 120767 ms
2026-04-08 15:48:02 [INFO] [Rank 0] Finished. Latency: 120767 ms
2026-04-08 15:48:02 [INFO] [Rank 3] Finished. Latency: 120775 ms
2026-04-08 15:48:06 [INFO] Total latency:     120767 ms
2026-04-08 15:48:06 [INFO] Peak 5GB memory:   2558 MB
2026-04-08 15:48:06 [INFO] Avg  5GB memory:   2014 MB
2026-04-08 15:48:06 [INFO] [152/364] Split [17, 7, 4, 4] | Batch: 16 | Microbatch: 2 | Microbatches: 8
2026-04-08 15:48:06 [INFO] Loading WikiText... (SEQ_LEN=64, BATCH=16)
2026-04-08 15:48:22 [INFO] [Rank 2] Loading weights...
2026-04-08 15:48:23 [INFO] [Rank 3] Loading weights...
2026-04-08 15:48:23 [INFO] [Rank 2] Weights loaded.
2026-04-08 15:48:24 [INFO] [Rank 3] Weights loaded.
2026-04-08 15:48:27 [INFO] [Rank 1] Loading weights...
2026-04-08 15:48:29 [INFO] [Rank 1] Weights loaded.
2026-04-08 15:48:43 [INFO] [Rank 0] Loading weights...
2026-04-08 15:48:47 [INFO] [Rank 0] Weights loaded.
2026-04-08 15:52:46 [INFO] [Rank 2] Finished. Latency: 238614 ms
2026-04-08 15:52:46 [INFO] [Rank 1] Finished. Latency: 238614 ms
2026-04-08 15:52:46 [INFO] [Rank 0] Finished. Latency: 238614 ms
2026-04-08 15:52:46 [INFO] [Rank 3] Finished. Latency: 238622 ms
2026-04-08 15:52:50 [INFO] Total latency:     238614 ms
2026-04-08 15:52:50 [INFO] Peak 5GB memory:   2558 MB
2026-04-08 15:52:50 [INFO] Avg  5GB memory:   2111 MB
2026-04-08 15:52:50 [INFO] [153/364] Split [17, 7, 4, 4] | Batch: 8 | Microbatch: 4 | Microbatches: 2
2026-04-08 15:52:50 [INFO] Loading WikiText... (SEQ_LEN=64, BATCH=8)
2026-04-08 15:53:06 [INFO] [Rank 2] Loading weights...
2026-04-08 15:53:07 [INFO] [Rank 3] Loading weights...
2026-04-08 15:53:08 [INFO] [Rank 2] Weights loaded.
2026-04-08 15:53:09 [INFO] [Rank 3] Weights loaded.
2026-04-08 15:53:11 [INFO] [Rank 1] Loading weights...
2026-04-08 15:53:13 [INFO] [Rank 1] Weights loaded.
2026-04-08 15:53:28 [INFO] [Rank 0] Loading weights...
2026-04-08 15:53:32 [INFO] [Rank 0] Weights loaded.
2026-04-08 15:54:35 [INFO] [Rank 0] Finished. Latency: 62459 ms
2026-04-08 15:54:35 [INFO] [Rank 1] Finished. Latency: 62459 ms
2026-04-08 15:54:35 [INFO] [Rank 2] Finished. Latency: 62459 ms
2026-04-08 15:54:35 [INFO] [Rank 3] Finished. Latency: 62467 ms
2026-04-08 15:54:38 [INFO] Total latency:     62459 ms
2026-04-08 15:54:38 [INFO] Peak 5GB memory:   2558 MB
2026-04-08 15:54:38 [INFO] Avg  5GB memory:   1869 MB
2026-04-08 15:54:38 [INFO] [154/364] Split [17, 7, 4, 4] | Batch: 8 | Microbatch: 2 | Microbatches: 4
2026-04-08 15:54:38 [INFO] Loading WikiText... (SEQ_LEN=64, BATCH=8)
2026-04-08 15:54:54 [INFO] [Rank 2] Loading weights...
2026-04-08 15:54:56 [INFO] [Rank 3] Loading weights...
2026-04-08 15:54:56 [INFO] [Rank 2] Weights loaded.
2026-04-08 15:54:57 [INFO] [Rank 3] Weights loaded.
2026-04-08 15:55:00 [INFO] [Rank 1] Loading weights...
2026-04-08 15:55:02 [INFO] [Rank 1] Weights loaded.
2026-04-08 15:55:16 [INFO] [Rank 0] Loading weights...
2026-04-08 15:55:20 [INFO] [Rank 0] Weights loaded.
2026-04-08 15:57:19 [INFO] [Rank 2] Finished. Latency: 119430 ms
2026-04-08 15:57:19 [INFO] [Rank 0] Finished. Latency: 119430 ms
2026-04-08 15:57:19 [INFO] [Rank 1] Finished. Latency: 119430 ms
2026-04-08 15:57:19 [INFO] [Rank 3] Finished. Latency: 119437 ms
2026-04-08 15:57:23 [INFO] Total latency:     119430 ms
2026-04-08 15:57:23 [INFO] Peak 5GB memory:   2204 MB
2026-04-08 15:57:23 [INFO] Avg  5GB memory:   1967 MB
2026-04-08 15:57:23 [INFO] [155/364] Split [17, 7, 5, 3] | Batch: 64 | Microbatch: 32 | Microbatches: 2
2026-04-08 15:57:23 [INFO] Loading WikiText... (SEQ_LEN=64, BATCH=64)
2026-04-08 15:57:38 [INFO] [Rank 3] Loading weights...
2026-04-08 15:57:39 [INFO] [Rank 3] Weights loaded.
2026-04-08 15:57:40 [INFO] [Rank 2] Loading weights...
2026-04-08 15:57:42 [INFO] [Rank 2] Weights loaded.
2026-04-08 15:57:43 [INFO] [Rank 1] Loading weights...
2026-04-08 15:57:45 [INFO] [Rank 1] Weights loaded.
2026-04-08 15:58:00 [INFO] [Rank 0] Loading weights...
2026-04-08 15:58:04 [INFO] [Rank 0] Weights loaded.
2026-04-08 15:59:21 [INFO] [Rank 2] Finished. Latency: 76953 ms
2026-04-08 15:59:21 [INFO] [Rank 0] Finished. Latency: 76953 ms
2026-04-08 15:59:21 [INFO] [Rank 1] Finished. Latency: 76953 ms
2026-04-08 15:59:21 [INFO] [Rank 3] Finished. Latency: 76964 ms
2026-04-08 15:59:25 [INFO] Total latency:     76953 ms
2026-04-08 15:59:25 [INFO] Peak 5GB memory:   3422 MB
2026-04-08 15:59:25 [INFO] Avg  5GB memory:   1974 MB
2026-04-08 15:59:25 [INFO] [156/364] Split [17, 7, 5, 3] | Batch: 64 | Microbatch: 16 | Microbatches: 4
2026-04-08 15:59:25 [INFO] Loading WikiText... (SEQ_LEN=64, BATCH=64)
2026-04-08 15:59:40 [INFO] [Rank 3] Loading weights...
2026-04-08 15:59:42 [INFO] [Rank 3] Weights loaded.
2026-04-08 15:59:43 [INFO] [Rank 2] Loading weights...
2026-04-08 15:59:44 [INFO] [Rank 2] Weights loaded.
2026-04-08 15:59:46 [INFO] [Rank 1] Loading weights...
2026-04-08 15:59:48 [INFO] [Rank 1] Weights loaded.
2026-04-08 16:00:03 [INFO] [Rank 0] Loading weights...
2026-04-08 16:00:06 [INFO] [Rank 0] Weights loaded.
2026-04-08 16:02:20 [INFO] [Rank 1] Finished. Latency: 133585 ms
2026-04-08 16:02:20 [INFO] [Rank 2] Finished. Latency: 133585 ms
2026-04-08 16:02:20 [INFO] [Rank 0] Finished. Latency: 133585 ms
2026-04-08 16:02:20 [INFO] [Rank 3] Finished. Latency: 133593 ms
2026-04-08 16:02:24 [INFO] Total latency:     133585 ms
2026-04-08 16:02:24 [INFO] Peak 5GB memory:   2626 MB
2026-04-08 16:02:24 [INFO] Avg  5GB memory:   1918 MB
2026-04-08 16:02:24 [INFO] [157/364] Split [17, 7, 5, 3] | Batch: 64 | Microbatch: 8 | Microbatches: 8
2026-04-08 16:02:24 [INFO] Loading WikiText... (SEQ_LEN=64, BATCH=64)
2026-04-08 16:02:39 [INFO] [Rank 3] Loading weights...
2026-04-08 16:02:41 [INFO] [Rank 3] Weights loaded.
2026-04-08 16:02:41 [INFO] [Rank 2] Loading weights...
2026-04-08 16:02:43 [INFO] [Rank 2] Weights loaded.
2026-04-08 16:02:44 [INFO] [Rank 1] Loading weights...
2026-04-08 16:02:46 [INFO] [Rank 1] Weights loaded.
2026-04-08 16:03:01 [INFO] [Rank 0] Loading weights...
2026-04-08 16:03:05 [INFO] [Rank 0] Weights loaded.
2026-04-08 16:07:12 [INFO] [Rank 1] Finished. Latency: 247177 ms
2026-04-08 16:07:12 [INFO] [Rank 2] Finished. Latency: 247177 ms
2026-04-08 16:07:12 [INFO] [Rank 0] Finished. Latency: 247177 ms
2026-04-08 16:07:12 [INFO] [Rank 3] Finished. Latency: 247184 ms
2026-04-08 16:07:16 [INFO] Total latency:     247177 ms
2026-04-08 16:07:16 [INFO] Peak 5GB memory:   2246 MB
2026-04-08 16:07:16 [INFO] Avg  5GB memory:   1922 MB
2026-04-08 16:07:16 [INFO] [158/364] Split [17, 7, 5, 3] | Batch: 64 | Microbatch: 4 | Microbatches: 16
2026-04-08 16:07:16 [INFO] Loading WikiText... (SEQ_LEN=64, BATCH=64)
2026-04-08 16:07:34 [INFO] [Rank 3] Loading weights...
2026-04-08 16:07:35 [INFO] [Rank 3] Weights loaded.
2026-04-08 16:07:36 [INFO] [Rank 2] Loading weights...
2026-04-08 16:07:37 [INFO] [Rank 2] Weights loaded.
2026-04-08 16:07:39 [INFO] [Rank 1] Loading weights...
2026-04-08 16:07:41 [INFO] [Rank 1] Weights loaded.
2026-04-08 16:07:56 [INFO] [Rank 0] Loading weights...
2026-04-08 16:08:00 [INFO] [Rank 0] Weights loaded.
2026-04-08 16:15:57 [INFO] [Rank 1] Finished. Latency: 477338 ms
2026-04-08 16:15:57 [INFO] [Rank 2] Finished. Latency: 477338 ms
2026-04-08 16:15:57 [INFO] [Rank 0] Finished. Latency: 477338 ms
2026-04-08 16:15:57 [INFO] [Rank 3] Finished. Latency: 477344 ms
2026-04-08 16:16:01 [INFO] Total latency:     477338 ms
2026-04-08 16:16:01 [INFO] Peak 5GB memory:   2284 MB
2026-04-08 16:16:01 [INFO] Avg  5GB memory:   1977 MB
2026-04-08 16:16:01 [INFO] [159/364] Split [17, 7, 5, 3] | Batch: 64 | Microbatch: 2 | Microbatches: 32
2026-04-08 16:16:01 [INFO] Loading WikiText... (SEQ_LEN=64, BATCH=64)
2026-04-08 16:16:17 [INFO] [Rank 3] Loading weights...
2026-04-08 16:16:19 [INFO] [Rank 3] Weights loaded.
2026-04-08 16:16:20 [INFO] [Rank 2] Loading weights...
2026-04-08 16:16:21 [INFO] [Rank 2] Weights loaded.
2026-04-08 16:16:23 [INFO] [Rank 1] Loading weights...
2026-04-08 16:16:25 [INFO] [Rank 1] Weights loaded.
2026-04-08 16:16:39 [INFO] [Rank 0] Loading weights...
2026-04-08 16:16:43 [INFO] [Rank 0] Weights loaded.
2026-04-08 16:32:19 [INFO] [Rank 2] Finished. Latency: 935316 ms
2026-04-08 16:32:19 [INFO] [Rank 1] Finished. Latency: 935316 ms
2026-04-08 16:32:19 [INFO] [Rank 0] Finished. Latency: 935316 ms
2026-04-08 16:32:19 [INFO] [Rank 3] Finished. Latency: 935322 ms
2026-04-08 16:32:22 [INFO] Total latency:     935316 ms
2026-04-08 16:32:22 [INFO] Peak 5GB memory:   2370 MB
2026-04-08 16:32:22 [INFO] Avg  5GB memory:   2035 MB
2026-04-08 16:32:23 [INFO] [160/364] Split [17, 7, 5, 3] | Batch: 32 | Microbatch: 16 | Microbatches: 2
2026-04-08 16:32:23 [INFO] Loading WikiText... (SEQ_LEN=64, BATCH=32)
2026-04-08 16:32:38 [INFO] [Rank 3] Loading weights...
2026-04-08 16:32:39 [INFO] [Rank 3] Weights loaded.
2026-04-08 16:32:41 [INFO] [Rank 2] Loading weights...
2026-04-08 16:32:42 [INFO] [Rank 2] Weights loaded.
2026-04-08 16:32:44 [INFO] [Rank 1] Loading weights...
2026-04-08 16:32:46 [INFO] [Rank 1] Weights loaded.
2026-04-08 16:33:00 [INFO] [Rank 0] Loading weights...
2026-04-08 16:33:04 [INFO] [Rank 0] Weights loaded.
2026-04-08 16:34:12 [INFO] [Rank 2] Finished. Latency: 67562 ms
2026-04-08 16:34:12 [INFO] [Rank 1] Finished. Latency: 67562 ms
2026-04-08 16:34:12 [INFO] [Rank 0] Finished. Latency: 67563 ms
2026-04-08 16:34:12 [INFO] [Rank 3] Finished. Latency: 67571 ms
2026-04-08 16:34:16 [INFO] Total latency:     67563 ms
2026-04-08 16:34:16 [INFO] Peak 5GB memory:   2104 MB
2026-04-08 16:34:16 [INFO] Avg  5GB memory:   1646 MB
2026-04-08 16:34:16 [INFO] [161/364] Split [17, 7, 5, 3] | Batch: 32 | Microbatch: 8 | Microbatches: 4
2026-04-08 16:34:16 [INFO] Loading WikiText... (SEQ_LEN=64, BATCH=32)
2026-04-08 16:34:32 [INFO] [Rank 3] Loading weights...
2026-04-08 16:34:33 [INFO] [Rank 3] Weights loaded.
2026-04-08 16:34:35 [INFO] [Rank 2] Loading weights...
2026-04-08 16:34:36 [INFO] [Rank 2] Weights loaded.
2026-04-08 16:34:38 [INFO] [Rank 1] Loading weights...
2026-04-08 16:34:40 [INFO] [Rank 1] Weights loaded.
2026-04-08 16:34:54 [INFO] [Rank 0] Loading weights...
2026-04-08 16:34:58 [INFO] [Rank 0] Weights loaded.
2026-04-08 16:37:03 [INFO] [Rank 2] Finished. Latency: 124809 ms
2026-04-08 16:37:03 [INFO] [Rank 0] Finished. Latency: 124809 ms
2026-04-08 16:37:03 [INFO] [Rank 1] Finished. Latency: 124809 ms
2026-04-08 16:37:03 [INFO] [Rank 3] Finished. Latency: 124815 ms
2026-04-08 16:37:07 [INFO] Total latency:     124809 ms
2026-04-08 16:37:07 [INFO] Peak 5GB memory:   2138 MB
2026-04-08 16:37:07 [INFO] Avg  5GB memory:   1695 MB
2026-04-08 16:37:07 [INFO] [162/364] Split [17, 7, 5, 3] | Batch: 32 | Microbatch: 4 | Microbatches: 8
2026-04-08 16:37:07 [INFO] Loading WikiText... (SEQ_LEN=64, BATCH=32)
2026-04-08 16:37:22 [INFO] [Rank 3] Loading weights...
2026-04-08 16:37:23 [INFO] [Rank 3] Weights loaded.
2026-04-08 16:37:24 [INFO] [Rank 2] Loading weights...
2026-04-08 16:37:25 [INFO] [Rank 2] Weights loaded.
2026-04-08 16:37:27 [INFO] [Rank 1] Loading weights...
2026-04-08 16:37:29 [INFO] [Rank 1] Weights loaded.
2026-04-08 16:37:44 [INFO] [Rank 0] Loading weights...
2026-04-08 16:37:47 [INFO] [Rank 0] Weights loaded.
2026-04-08 16:41:48 [INFO] [Rank 1] Finished. Latency: 240840 ms
2026-04-08 16:41:48 [INFO] [Rank 2] Finished. Latency: 240840 ms
2026-04-08 16:41:48 [INFO] [Rank 0] Finished. Latency: 240840 ms
2026-04-08 16:41:48 [INFO] [Rank 3] Finished. Latency: 240846 ms
2026-04-08 16:41:52 [INFO] Total latency:     240840 ms
2026-04-08 16:41:52 [INFO] Peak 5GB memory:   2138 MB
2026-04-08 16:41:52 [INFO] Avg  5GB memory:   1765 MB
2026-04-08 16:41:52 [INFO] [163/364] Split [17, 7, 5, 3] | Batch: 32 | Microbatch: 2 | Microbatches: 16
2026-04-08 16:41:52 [INFO] Loading WikiText... (SEQ_LEN=64, BATCH=32)
2026-04-08 16:42:08 [INFO] [Rank 3] Loading weights...
2026-04-08 16:42:09 [INFO] [Rank 3] Weights loaded.
2026-04-08 16:42:10 [INFO] [Rank 2] Loading weights...
2026-04-08 16:42:12 [INFO] [Rank 2] Weights loaded.
2026-04-08 16:42:13 [INFO] [Rank 1] Loading weights...
2026-04-08 16:42:15 [INFO] [Rank 1] Weights loaded.
2026-04-08 16:42:30 [INFO] [Rank 0] Loading weights...
2026-04-08 16:42:34 [INFO] [Rank 0] Weights loaded.
2026-04-08 16:50:24 [INFO] [Rank 2] Finished. Latency: 469852 ms
2026-04-08 16:50:24 [INFO] [Rank 0] Finished. Latency: 469852 ms
2026-04-08 16:50:24 [INFO] [Rank 1] Finished. Latency: 469852 ms
2026-04-08 16:50:24 [INFO] [Rank 3] Finished. Latency: 469857 ms
2026-04-08 16:50:27 [INFO] Total latency:     469852 ms
2026-04-08 16:50:27 [INFO] Peak 5GB memory:   2138 MB
2026-04-08 16:50:27 [INFO] Avg  5GB memory:   1815 MB
2026-04-08 16:50:27 [INFO] [164/364] Split [17, 7, 5, 3] | Batch: 16 | Microbatch: 8 | Microbatches: 2
2026-04-08 16:50:27 [INFO] Loading WikiText... (SEQ_LEN=64, BATCH=16)
2026-04-08 16:50:44 [INFO] [Rank 3] Loading weights...
2026-04-08 16:50:45 [INFO] [Rank 3] Weights loaded.
2026-04-08 16:50:46 [INFO] [Rank 2] Loading weights...
2026-04-08 16:50:48 [INFO] [Rank 2] Weights loaded.
2026-04-08 16:50:49 [INFO] [Rank 1] Loading weights...
2026-04-08 16:50:51 [INFO] [Rank 1] Weights loaded.
2026-04-08 16:51:06 [INFO] [Rank 0] Loading weights...
2026-04-08 16:51:10 [INFO] [Rank 0] Weights loaded.
2026-04-08 16:52:13 [INFO] [Rank 2] Finished. Latency: 63612 ms
2026-04-08 16:52:13 [INFO] [Rank 1] Finished. Latency: 63613 ms
2026-04-08 16:52:13 [INFO] [Rank 0] Finished. Latency: 63612 ms
2026-04-08 16:52:13 [INFO] [Rank 3] Finished. Latency: 63619 ms
2026-04-08 16:52:17 [INFO] Total latency:     63612 ms
2026-04-08 16:52:17 [INFO] Peak 5GB memory:   1882 MB
2026-04-08 16:52:17 [INFO] Avg  5GB memory:   1542 MB
2026-04-08 16:52:17 [INFO] [165/364] Split [17, 7, 5, 3] | Batch: 16 | Microbatch: 4 | Microbatches: 4
2026-04-08 16:52:17 [INFO] Loading WikiText... (SEQ_LEN=64, BATCH=16)
2026-04-08 16:52:34 [INFO] [Rank 3] Loading weights...
2026-04-08 16:52:35 [INFO] [Rank 3] Weights loaded.
2026-04-08 16:52:36 [INFO] [Rank 2] Loading weights...
2026-04-08 16:52:37 [INFO] [Rank 2] Weights loaded.
2026-04-08 16:52:39 [INFO] [Rank 1] Loading weights...
2026-04-08 16:52:41 [INFO] [Rank 1] Weights loaded.
2026-04-08 16:52:55 [INFO] [Rank 0] Loading weights...
2026-04-08 16:52:59 [INFO] [Rank 0] Weights loaded.
2026-04-08 16:55:00 [INFO] [Rank 2] Finished. Latency: 120890 ms
2026-04-08 16:55:00 [INFO] [Rank 1] Finished. Latency: 120890 ms
2026-04-08 16:55:00 [INFO] [Rank 0] Finished. Latency: 120890 ms
2026-04-08 16:55:00 [INFO] [Rank 3] Finished. Latency: 120896 ms
2026-04-08 16:55:04 [INFO] Total latency:     120890 ms
2026-04-08 16:55:04 [INFO] Peak 5GB memory:   2138 MB
2026-04-08 16:55:04 [INFO] Avg  5GB memory:   1617 MB
2026-04-08 16:55:04 [INFO] [166/364] Split [17, 7, 5, 3] | Batch: 16 | Microbatch: 2 | Microbatches: 8
2026-04-08 16:55:04 [INFO] Loading WikiText... (SEQ_LEN=64, BATCH=16)
2026-04-08 16:55:19 [INFO] [Rank 3] Loading weights...
2026-04-08 16:55:21 [INFO] [Rank 3] Weights loaded.
2026-04-08 16:55:22 [INFO] [Rank 2] Loading weights...
2026-04-08 16:55:23 [INFO] [Rank 2] Weights loaded.
2026-04-08 16:55:25 [INFO] [Rank 1] Loading weights...
2026-04-08 16:55:27 [INFO] [Rank 1] Weights loaded.
2026-04-08 16:55:42 [INFO] [Rank 0] Loading weights...
2026-04-08 16:55:45 [INFO] [Rank 0] Weights loaded.
2026-04-08 16:59:41 [INFO] [Rank 1] Finished. Latency: 235522 ms
2026-04-08 16:59:41 [INFO] [Rank 2] Finished. Latency: 235522 ms
2026-04-08 16:59:41 [INFO] [Rank 0] Finished. Latency: 235522 ms
2026-04-08 16:59:41 [INFO] [Rank 3] Finished. Latency: 235528 ms
2026-04-08 16:59:45 [INFO] Total latency:     235522 ms
2026-04-08 16:59:45 [INFO] Peak 5GB memory:   1882 MB
2026-04-08 16:59:45 [INFO] Avg  5GB memory:   1682 MB
2026-04-08 16:59:45 [INFO] [167/364] Split [17, 7, 5, 3] | Batch: 8 | Microbatch: 4 | Microbatches: 2
2026-04-08 16:59:45 [INFO] Loading WikiText... (SEQ_LEN=64, BATCH=8)
2026-04-08 17:00:01 [INFO] [Rank 3] Loading weights...
2026-04-08 17:00:02 [INFO] [Rank 3] Weights loaded.
2026-04-08 17:00:03 [INFO] [Rank 2] Loading weights...
2026-04-08 17:00:05 [INFO] [Rank 2] Weights loaded.
2026-04-08 17:00:07 [INFO] [Rank 1] Loading weights...
2026-04-08 17:00:09 [INFO] [Rank 1] Weights loaded.
2026-04-08 17:00:23 [INFO] [Rank 0] Loading weights...
2026-04-08 17:00:27 [INFO] [Rank 0] Weights loaded.
2026-04-08 17:01:29 [INFO] [Rank 1] Finished. Latency: 62379 ms
2026-04-08 17:01:29 [INFO] [Rank 2] Finished. Latency: 62379 ms
2026-04-08 17:01:29 [INFO] [Rank 0] Finished. Latency: 62379 ms
2026-04-08 17:01:29 [INFO] [Rank 3] Finished. Latency: 62385 ms
2026-04-08 17:01:33 [INFO] Total latency:     62379 ms
2026-04-08 17:01:33 [INFO] Peak 5GB memory:   2138 MB
2026-04-08 17:01:33 [INFO] Avg  5GB memory:   1514 MB
2026-04-08 17:01:33 [INFO] [168/364] Split [17, 7, 5, 3] | Batch: 8 | Microbatch: 2 | Microbatches: 4
2026-04-08 17:01:33 [INFO] Loading WikiText... (SEQ_LEN=64, BATCH=8)
2026-04-08 17:01:49 [INFO] [Rank 3] Loading weights...
2026-04-08 17:01:51 [INFO] [Rank 3] Weights loaded.
2026-04-08 17:01:51 [INFO] [Rank 2] Loading weights...
2026-04-08 17:01:53 [INFO] [Rank 2] Weights loaded.
2026-04-08 17:01:54 [INFO] [Rank 1] Loading weights...
2026-04-08 17:01:56 [INFO] [Rank 1] Weights loaded.
2026-04-08 17:02:10 [INFO] [Rank 0] Loading weights...
2026-04-08 17:02:14 [INFO] [Rank 0] Weights loaded.
2026-04-08 17:04:14 [INFO] [Rank 2] Finished. Latency: 119240 ms
2026-04-08 17:04:14 [INFO] [Rank 1] Finished. Latency: 119240 ms
2026-04-08 17:04:14 [INFO] [Rank 0] Finished. Latency: 119240 ms
2026-04-08 17:04:14 [INFO] [Rank 3] Finished. Latency: 119246 ms
2026-04-08 17:04:18 [INFO] Total latency:     119240 ms
2026-04-08 17:04:18 [INFO] Peak 5GB memory:   1882 MB
2026-04-08 17:04:18 [INFO] Avg  5GB memory:   1584 MB
2026-04-08 17:04:18 [INFO] [169/364] Split [17, 8, 4, 3] | Batch: 64 | Microbatch: 32 | Microbatches: 2
2026-04-08 17:04:18 [INFO] Loading WikiText... (SEQ_LEN=64, BATCH=64)
2026-04-08 17:04:34 [INFO] [Rank 3] Loading weights...
2026-04-08 17:04:34 [INFO] [Rank 2] Loading weights...
2026-04-08 17:04:35 [INFO] [Rank 3] Weights loaded.
2026-04-08 17:04:36 [INFO] [Rank 2] Weights loaded.
2026-04-08 17:04:41 [INFO] [Rank 1] Loading weights...
2026-04-08 17:04:43 [INFO] [Rank 1] Weights loaded.
2026-04-08 17:04:56 [INFO] [Rank 0] Loading weights...
2026-04-08 17:05:00 [INFO] [Rank 0] Weights loaded.
2026-04-08 17:06:15 [INFO] [Rank 1] Finished. Latency: 75433 ms
2026-04-08 17:06:15 [INFO] [Rank 2] Finished. Latency: 75433 ms
2026-04-08 17:06:15 [INFO] [Rank 0] Finished. Latency: 75433 ms
2026-04-08 17:06:15 [INFO] [Rank 3] Finished. Latency: 75443 ms
2026-04-08 17:06:19 [INFO] Total latency:     75433 ms
2026-04-08 17:06:19 [INFO] Peak 5GB memory:   3394 MB
2026-04-08 17:06:19 [INFO] Avg  5GB memory:   1948 MB
2026-04-08 17:06:19 [INFO] [170/364] Split [17, 8, 4, 3] | Batch: 64 | Microbatch: 16 | Microbatches: 4
2026-04-08 17:06:19 [INFO] Loading WikiText... (SEQ_LEN=64, BATCH=64)
2026-04-08 17:06:35 [INFO] [Rank 3] Loading weights...
2026-04-08 17:06:36 [INFO] [Rank 2] Loading weights...
2026-04-08 17:06:37 [INFO] [Rank 3] Weights loaded.
2026-04-08 17:06:37 [INFO] [Rank 2] Weights loaded.
2026-04-08 17:06:43 [INFO] [Rank 1] Loading weights...
2026-04-08 17:06:45 [INFO] [Rank 1] Weights loaded.
2026-04-08 17:06:57 [INFO] [Rank 0] Loading weights...
2026-04-08 17:07:01 [INFO] [Rank 0] Weights loaded.
2026-04-08 17:09:11 [INFO] [Rank 2] Finished. Latency: 130051 ms
2026-04-08 17:09:11 [INFO] [Rank 1] Finished. Latency: 130051 ms
2026-04-08 17:09:11 [INFO] [Rank 0] Finished. Latency: 130051 ms
2026-04-08 17:09:11 [INFO] [Rank 3] Finished. Latency: 130060 ms
2026-04-08 17:09:15 [INFO] Total latency:     130051 ms
2026-04-08 17:09:15 [INFO] Peak 5GB memory:   2626 MB
2026-04-08 17:09:15 [INFO] Avg  5GB memory:   1908 MB
2026-04-08 17:09:15 [INFO] [171/364] Split [17, 8, 4, 3] | Batch: 64 | Microbatch: 8 | Microbatches: 8
2026-04-08 17:09:15 [INFO] Loading WikiText... (SEQ_LEN=64, BATCH=64)
2026-04-08 17:09:31 [INFO] [Rank 3] Loading weights...
2026-04-08 17:09:31 [INFO] [Rank 2] Loading weights...
2026-04-08 17:09:32 [INFO] [Rank 3] Weights loaded.
2026-04-08 17:09:33 [INFO] [Rank 2] Weights loaded.
2026-04-08 17:09:38 [INFO] [Rank 1] Loading weights...
2026-04-08 17:09:40 [INFO] [Rank 1] Weights loaded.
2026-04-08 17:09:53 [INFO] [Rank 0] Loading weights...
2026-04-08 17:09:57 [INFO] [Rank 0] Weights loaded.
2026-04-08 17:13:58 [INFO] [Rank 2] Finished. Latency: 241563 ms
2026-04-08 17:13:58 [INFO] [Rank 0] Finished. Latency: 241563 ms
2026-04-08 17:13:58 [INFO] [Rank 1] Finished. Latency: 241563 ms
2026-04-08 17:13:58 [INFO] [Rank 3] Finished. Latency: 241570 ms
2026-04-08 17:14:02 [INFO] Total latency:     241563 ms
2026-04-08 17:14:02 [INFO] Peak 5GB memory:   2246 MB
2026-04-08 17:14:02 [INFO] Avg  5GB memory:   1921 MB
2026-04-08 17:14:02 [INFO] [172/364] Split [17, 8, 4, 3] | Batch: 64 | Microbatch: 4 | Microbatches: 16
2026-04-08 17:14:02 [INFO] Loading WikiText... (SEQ_LEN=64, BATCH=64)
2026-04-08 17:14:18 [INFO] [Rank 3] Loading weights...
2026-04-08 17:14:18 [INFO] [Rank 2] Loading weights...
2026-04-08 17:14:19 [INFO] [Rank 3] Weights loaded.
2026-04-08 17:14:20 [INFO] [Rank 2] Weights loaded.
2026-04-08 17:14:25 [INFO] [Rank 1] Loading weights...
2026-04-08 17:14:27 [INFO] [Rank 1] Weights loaded.
2026-04-08 17:14:40 [INFO] [Rank 0] Loading weights...
2026-04-08 17:14:44 [INFO] [Rank 0] Weights loaded.
2026-04-08 17:22:31 [INFO] [Rank 2] Finished. Latency: 466647 ms
2026-04-08 17:22:31 [INFO] [Rank 1] Finished. Latency: 466647 ms
2026-04-08 17:22:31 [INFO] [Rank 0] Finished. Latency: 466647 ms
2026-04-08 17:22:31 [INFO] [Rank 3] Finished. Latency: 466653 ms
2026-04-08 17:22:34 [INFO] Total latency:     466647 ms
2026-04-08 17:22:34 [INFO] Peak 5GB memory:   2284 MB
2026-04-08 17:22:34 [INFO] Avg  5GB memory:   1984 MB
2026-04-08 17:22:35 [INFO] [173/364] Split [17, 8, 4, 3] | Batch: 64 | Microbatch: 2 | Microbatches: 32
2026-04-08 17:22:35 [INFO] Loading WikiText... (SEQ_LEN=64, BATCH=64)
2026-04-08 17:22:50 [INFO] [Rank 3] Loading weights...
2026-04-08 17:22:51 [INFO] [Rank 2] Loading weights...
2026-04-08 17:22:52 [INFO] [Rank 3] Weights loaded.
2026-04-08 17:22:52 [INFO] [Rank 2] Weights loaded.
2026-04-08 17:22:57 [INFO] [Rank 1] Loading weights...
2026-04-08 17:22:59 [INFO] [Rank 1] Weights loaded.
2026-04-08 17:23:12 [INFO] [Rank 0] Loading weights...
2026-04-08 17:23:16 [INFO] [Rank 0] Weights loaded.
2026-04-08 17:38:33 [INFO] [Rank 0] Finished. Latency: 917264 ms
2026-04-08 17:38:33 [INFO] [Rank 1] Finished. Latency: 917264 ms
2026-04-08 17:38:33 [INFO] [Rank 2] Finished. Latency: 917264 ms
2026-04-08 17:38:33 [INFO] [Rank 3] Finished. Latency: 917270 ms
2026-04-08 17:38:37 [INFO] Total latency:     917264 ms
2026-04-08 17:38:37 [INFO] Peak 5GB memory:   2372 MB
2026-04-08 17:38:37 [INFO] Avg  5GB memory:   2037 MB
2026-04-08 17:38:37 [INFO] [174/364] Split [17, 8, 4, 3] | Batch: 32 | Microbatch: 16 | Microbatches: 2
2026-04-08 17:38:37 [INFO] Loading WikiText... (SEQ_LEN=64, BATCH=32)
2026-04-08 17:38:53 [INFO] [Rank 3] Loading weights...
2026-04-08 17:38:54 [INFO] [Rank 2] Loading weights...
2026-04-08 17:38:55 [INFO] [Rank 3] Weights loaded.
2026-04-08 17:38:56 [INFO] [Rank 2] Weights loaded.
2026-04-08 17:39:00 [INFO] [Rank 1] Loading weights...
2026-04-08 17:39:03 [INFO] [Rank 1] Weights loaded.
2026-04-08 17:39:16 [INFO] [Rank 0] Loading weights...
2026-04-08 17:39:19 [INFO] [Rank 0] Weights loaded.
2026-04-08 17:40:25 [INFO] [Rank 1] Finished. Latency: 65799 ms
2026-04-08 17:40:25 [INFO] [Rank 2] Finished. Latency: 65799 ms
2026-04-08 17:40:25 [INFO] [Rank 0] Finished. Latency: 65800 ms
2026-04-08 17:40:25 [INFO] [Rank 3] Finished. Latency: 65808 ms
2026-04-08 17:40:29 [INFO] Total latency:     65800 ms
2026-04-08 17:40:29 [INFO] Peak 5GB memory:   2104 MB
2026-04-08 17:40:29 [INFO] Avg  5GB memory:   1635 MB
2026-04-08 17:40:29 [INFO] [175/364] Split [17, 8, 4, 3] | Batch: 32 | Microbatch: 8 | Microbatches: 4
2026-04-08 17:40:29 [INFO] Loading WikiText... (SEQ_LEN=64, BATCH=32)
2026-04-08 17:40:45 [INFO] [Rank 3] Loading weights...
2026-04-08 17:40:45 [INFO] [Rank 2] Loading weights...
2026-04-08 17:40:47 [INFO] [Rank 3] Weights loaded.
2026-04-08 17:40:47 [INFO] [Rank 2] Weights loaded.
2026-04-08 17:40:52 [INFO] [Rank 1] Loading weights...
2026-04-08 17:40:54 [INFO] [Rank 1] Weights loaded.
2026-04-08 17:41:07 [INFO] [Rank 0] Loading weights...
2026-04-08 17:41:11 [INFO] [Rank 0] Weights loaded.
2026-04-08 17:43:12 [INFO] [Rank 2] Finished. Latency: 121585 ms
2026-04-08 17:43:12 [INFO] [Rank 1] Finished. Latency: 121585 ms
2026-04-08 17:43:12 [INFO] [Rank 0] Finished. Latency: 121585 ms
2026-04-08 17:43:12 [INFO] [Rank 3] Finished. Latency: 121592 ms
2026-04-08 17:43:16 [INFO] Total latency:     121585 ms
2026-04-08 17:43:16 [INFO] Peak 5GB memory:   2138 MB
2026-04-08 17:43:16 [INFO] Avg  5GB memory:   1699 MB
2026-04-08 17:43:16 [INFO] [176/364] Split [17, 8, 4, 3] | Batch: 32 | Microbatch: 4 | Microbatches: 8
2026-04-08 17:43:16 [INFO] Loading WikiText... (SEQ_LEN=64, BATCH=32)
2026-04-08 17:43:32 [INFO] [Rank 3] Loading weights...
2026-04-08 17:43:33 [INFO] [Rank 2] Loading weights...
2026-04-08 17:43:33 [INFO] [Rank 3] Weights loaded.
2026-04-08 17:43:34 [INFO] [Rank 2] Weights loaded.
2026-04-08 17:43:39 [INFO] [Rank 1] Loading weights...
2026-04-08 17:43:42 [INFO] [Rank 1] Weights loaded.
2026-04-08 17:43:54 [INFO] [Rank 0] Loading weights...
2026-04-08 17:43:58 [INFO] [Rank 0] Weights loaded.
2026-04-08 17:47:53 [INFO] [Rank 2] Finished. Latency: 234651 ms
2026-04-08 17:47:53 [INFO] [Rank 1] Finished. Latency: 234651 ms
2026-04-08 17:47:53 [INFO] [Rank 0] Finished. Latency: 234651 ms
2026-04-08 17:47:53 [INFO] [Rank 3] Finished. Latency: 234657 ms
2026-04-08 17:47:57 [INFO] Total latency:     234651 ms
2026-04-08 17:47:57 [INFO] Peak 5GB memory:   1976 MB
2026-04-08 17:47:57 [INFO] Avg  5GB memory:   1757 MB
2026-04-08 17:47:57 [INFO] [177/364] Split [17, 8, 4, 3] | Batch: 32 | Microbatch: 2 | Microbatches: 16
2026-04-08 17:47:57 [INFO] Loading WikiText... (SEQ_LEN=64, BATCH=32)
2026-04-08 17:48:13 [INFO] [Rank 3] Loading weights...
2026-04-08 17:48:14 [INFO] [Rank 2] Loading weights...
2026-04-08 17:48:14 [INFO] [Rank 3] Weights loaded.
2026-04-08 17:48:15 [INFO] [Rank 2] Weights loaded.
2026-04-08 17:48:20 [INFO] [Rank 1] Loading weights...
2026-04-08 17:48:22 [INFO] [Rank 1] Weights loaded.
2026-04-08 17:48:35 [INFO] [Rank 0] Loading weights...
2026-04-08 17:48:39 [INFO] [Rank 0] Weights loaded.
2026-04-08 17:56:20 [INFO] [Rank 0] Finished. Latency: 460499 ms
2026-04-08 17:56:20 [INFO] [Rank 2] Finished. Latency: 460499 ms
2026-04-08 17:56:20 [INFO] [Rank 1] Finished. Latency: 460499 ms
2026-04-08 17:56:20 [INFO] [Rank 3] Finished. Latency: 460505 ms
2026-04-08 17:56:24 [INFO] Total latency:     460499 ms
2026-04-08 17:56:24 [INFO] Peak 5GB memory:   2018 MB
2026-04-08 17:56:24 [INFO] Avg  5GB memory:   1812 MB
2026-04-08 17:56:24 [INFO] [178/364] Split [17, 8, 4, 3] | Batch: 16 | Microbatch: 8 | Microbatches: 2
2026-04-08 17:56:24 [INFO] Loading WikiText... (SEQ_LEN=64, BATCH=16)
2026-04-08 17:56:40 [INFO] [Rank 3] Loading weights...
2026-04-08 17:56:40 [INFO] [Rank 2] Loading weights...
2026-04-08 17:56:41 [INFO] [Rank 3] Weights loaded.
2026-04-08 17:56:42 [INFO] [Rank 2] Weights loaded.
2026-04-08 17:56:47 [INFO] [Rank 1] Loading weights...
2026-04-08 17:56:49 [INFO] [Rank 1] Weights loaded.
2026-04-08 17:57:02 [INFO] [Rank 0] Loading weights...
2026-04-08 17:57:06 [INFO] [Rank 0] Weights loaded.
2026-04-08 17:58:07 [INFO] [Rank 2] Finished. Latency: 61437 ms
2026-04-08 17:58:07 [INFO] [Rank 1] Finished. Latency: 61437 ms
2026-04-08 17:58:07 [INFO] [Rank 0] Finished. Latency: 61437 ms
2026-04-08 17:58:07 [INFO] [Rank 3] Finished. Latency: 61444 ms
2026-04-08 17:58:11 [INFO] Total latency:     61437 ms
2026-04-08 17:58:11 [INFO] Peak 5GB memory:   1882 MB
2026-04-08 17:58:11 [INFO] Avg  5GB memory:   1546 MB
2026-04-08 17:58:11 [INFO] [179/364] Split [17, 8, 4, 3] | Batch: 16 | Microbatch: 4 | Microbatches: 4
2026-04-08 17:58:11 [INFO] Loading WikiText... (SEQ_LEN=64, BATCH=16)
2026-04-08 17:58:27 [INFO] [Rank 3] Loading weights...
2026-04-08 17:58:27 [INFO] [Rank 2] Loading weights...
2026-04-08 17:58:28 [INFO] [Rank 3] Weights loaded.
2026-04-08 17:58:29 [INFO] [Rank 2] Weights loaded.
2026-04-08 17:58:34 [INFO] [Rank 1] Loading weights...
2026-04-08 17:58:36 [INFO] [Rank 1] Weights loaded.
2026-04-08 17:58:49 [INFO] [Rank 0] Loading weights...
2026-04-08 17:58:53 [INFO] [Rank 0] Weights loaded.
2026-04-08 18:00:53 [INFO] [Rank 2] Finished. Latency: 120154 ms
2026-04-08 18:00:53 [INFO] [Rank 1] Finished. Latency: 120154 ms
2026-04-08 18:00:53 [INFO] [Rank 0] Finished. Latency: 120154 ms
2026-04-08 18:00:53 [INFO] [Rank 3] Finished. Latency: 120160 ms
2026-04-08 18:00:57 [INFO] Total latency:     120154 ms
2026-04-08 18:00:57 [INFO] Peak 5GB memory:   2138 MB
2026-04-08 18:00:57 [INFO] Avg  5GB memory:   1616 MB
2026-04-08 18:00:57 [INFO] [180/364] Split [17, 8, 4, 3] | Batch: 16 | Microbatch: 2 | Microbatches: 8
2026-04-08 18:00:57 [INFO] Loading WikiText... (SEQ_LEN=64, BATCH=16)
2026-04-08 18:01:12 [INFO] [Rank 3] Loading weights...
2026-04-08 18:01:13 [INFO] [Rank 2] Loading weights...
2026-04-08 18:01:14 [INFO] [Rank 3] Weights loaded.
2026-04-08 18:01:14 [INFO] [Rank 2] Weights loaded.
2026-04-08 18:01:20 [INFO] [Rank 1] Loading weights...
2026-04-08 18:01:22 [INFO] [Rank 1] Weights loaded.
2026-04-08 18:01:34 [INFO] [Rank 0] Loading weights...
2026-04-08 18:01:38 [INFO] [Rank 0] Weights loaded.
2026-04-08 18:05:28 [INFO] [Rank 2] Finished. Latency: 229608 ms
2026-04-08 18:05:28 [INFO] [Rank 1] Finished. Latency: 229608 ms
2026-04-08 18:05:28 [INFO] [Rank 0] Finished. Latency: 229608 ms
2026-04-08 18:05:28 [INFO] [Rank 3] Finished. Latency: 229614 ms
2026-04-08 18:05:32 [INFO] Total latency:     229608 ms
2026-04-08 18:05:32 [INFO] Peak 5GB memory:   2138 MB
2026-04-08 18:05:32 [INFO] Avg  5GB memory:   1681 MB
2026-04-08 18:05:32 [INFO] [181/364] Split [17, 8, 4, 3] | Batch: 8 | Microbatch: 4 | Microbatches: 2
2026-04-08 18:05:32 [INFO] Loading WikiText... (SEQ_LEN=64, BATCH=8)
2026-04-08 18:05:48 [INFO] [Rank 3] Loading weights...
2026-04-08 18:05:48 [INFO] [Rank 2] Loading weights...
2026-04-08 18:05:49 [INFO] [Rank 3] Weights loaded.
2026-04-08 18:05:50 [INFO] [Rank 2] Weights loaded.
2026-04-08 18:05:55 [INFO] [Rank 1] Loading weights...
2026-04-08 18:05:57 [INFO] [Rank 1] Weights loaded.
2026-04-08 18:06:10 [INFO] [Rank 0] Loading weights...
2026-04-08 18:06:14 [INFO] [Rank 0] Weights loaded.
2026-04-08 18:07:14 [INFO] [Rank 2] Finished. Latency: 60422 ms
2026-04-08 18:07:14 [INFO] [Rank 1] Finished. Latency: 60422 ms
2026-04-08 18:07:14 [INFO] [Rank 0] Finished. Latency: 60422 ms
2026-04-08 18:07:14 [INFO] [Rank 3] Finished. Latency: 60429 ms
2026-04-08 18:07:18 [INFO] Total latency:     60422 ms
2026-04-08 18:07:18 [INFO] Peak 5GB memory:   1882 MB
2026-04-08 18:07:18 [INFO] Avg  5GB memory:   1509 MB
2026-04-08 18:07:18 [INFO] [182/364] Split [17, 8, 4, 3] | Batch: 8 | Microbatch: 2 | Microbatches: 4
2026-04-08 18:07:18 [INFO] Loading WikiText... (SEQ_LEN=64, BATCH=8)
2026-04-08 18:07:34 [INFO] [Rank 3] Loading weights...
2026-04-08 18:07:34 [INFO] [Rank 2] Loading weights...
2026-04-08 18:07:35 [INFO] [Rank 3] Weights loaded.
2026-04-08 18:07:36 [INFO] [Rank 2] Weights loaded.
2026-04-08 18:07:40 [INFO] [Rank 1] Loading weights...
2026-04-08 18:07:43 [INFO] [Rank 1] Weights loaded.
2026-04-08 18:07:56 [INFO] [Rank 0] Loading weights...
2026-04-08 18:07:59 [INFO] [Rank 0] Weights loaded.
2026-04-08 18:09:57 [INFO] [Rank 1] Finished. Latency: 117735 ms
2026-04-08 18:09:57 [INFO] [Rank 2] Finished. Latency: 117735 ms
2026-04-08 18:09:57 [INFO] [Rank 0] Finished. Latency: 117735 ms
2026-04-08 18:09:57 [INFO] [Rank 3] Finished. Latency: 117741 ms
2026-04-08 18:10:01 [INFO] Total latency:     117735 ms
2026-04-08 18:10:01 [INFO] Peak 5GB memory:   1882 MB
2026-04-08 18:10:01 [INFO] Avg  5GB memory:   1583 MB
2026-04-08 18:10:01 [INFO] [183/364] Split [17, 8, 5, 2] | Batch: 64 | Microbatch: 32 | Microbatches: 2
2026-04-08 18:10:01 [INFO] Loading WikiText... (SEQ_LEN=64, BATCH=64)
2026-04-08 18:10:16 [INFO] [Rank 3] Loading weights...
2026-04-08 18:10:17 [INFO] [Rank 3] Weights loaded.
2026-04-08 18:10:19 [INFO] [Rank 2] Loading weights...
2026-04-08 18:10:21 [INFO] [Rank 2] Weights loaded.
2026-04-08 18:10:24 [INFO] [Rank 1] Loading weights...
2026-04-08 18:10:26 [INFO] [Rank 1] Weights loaded.
2026-04-08 18:10:39 [INFO] [Rank 0] Loading weights...
2026-04-08 18:10:43 [INFO] [Rank 0] Weights loaded.
2026-04-08 18:11:58 [INFO] [Rank 2] Finished. Latency: 75671 ms
2026-04-08 18:11:58 [INFO] [Rank 0] Finished. Latency: 75671 ms
2026-04-08 18:11:58 [INFO] [Rank 1] Finished. Latency: 75671 ms
2026-04-08 18:11:58 [INFO] [Rank 3] Finished. Latency: 75679 ms
2026-04-08 18:12:02 [INFO] Total latency:     75671 ms
2026-04-08 18:12:02 [INFO] Peak 5GB memory:   2086 MB
2026-04-08 18:12:02 [INFO] Avg  5GB memory:   1424 MB
2026-04-08 18:12:02 [INFO] [184/364] Split [17, 8, 5, 2] | Batch: 64 | Microbatch: 16 | Microbatches: 4
2026-04-08 18:12:02 [INFO] Loading WikiText... (SEQ_LEN=64, BATCH=64)
2026-04-08 18:12:16 [INFO] [Rank 3] Loading weights...
2026-04-08 18:12:17 [INFO] [Rank 3] Weights loaded.
2026-04-08 18:12:20 [INFO] [Rank 2] Loading weights...
2026-04-08 18:12:21 [INFO] [Rank 2] Weights loaded.
2026-04-08 18:12:25 [INFO] [Rank 1] Loading weights...
2026-04-08 18:12:27 [INFO] [Rank 1] Weights loaded.
2026-04-08 18:12:40 [INFO] [Rank 0] Loading weights...
2026-04-08 18:12:44 [INFO] [Rank 0] Weights loaded.
2026-04-08 18:14:54 [INFO] [Rank 0] Finished. Latency: 129930 ms
2026-04-08 18:14:54 [INFO] [Rank 2] Finished. Latency: 129930 ms
2026-04-08 18:14:54 [INFO] [Rank 1] Finished. Latency: 129930 ms
2026-04-08 18:14:54 [INFO] [Rank 3] Finished. Latency: 129936 ms
2026-04-08 18:14:58 [INFO] Total latency:     129930 ms
2026-04-08 18:14:58 [INFO] Peak 5GB memory:   1886 MB
2026-04-08 18:14:58 [INFO] Avg  5GB memory:   1424 MB
2026-04-08 18:14:58 [INFO] [185/364] Split [17, 8, 5, 2] | Batch: 64 | Microbatch: 8 | Microbatches: 8
2026-04-08 18:14:58 [INFO] Loading WikiText... (SEQ_LEN=64, BATCH=64)
2026-04-08 18:15:12 [INFO] [Rank 3] Loading weights...
2026-04-08 18:15:13 [INFO] [Rank 3] Weights loaded.
2026-04-08 18:15:16 [INFO] [Rank 2] Loading weights...
2026-04-08 18:15:17 [INFO] [Rank 2] Weights loaded.
2026-04-08 18:15:21 [INFO] [Rank 1] Loading weights...
2026-04-08 18:15:23 [INFO] [Rank 1] Weights loaded.
2026-04-08 18:15:36 [INFO] [Rank 0] Loading weights...
2026-04-08 18:15:40 [INFO] [Rank 0] Weights loaded.
2026-04-08 18:19:42 [INFO] [Rank 1] Finished. Latency: 241946 ms
2026-04-08 18:19:42 [INFO] [Rank 2] Finished. Latency: 241946 ms
2026-04-08 18:19:42 [INFO] [Rank 0] Finished. Latency: 241946 ms
2026-04-08 18:19:42 [INFO] [Rank 3] Finished. Latency: 241951 ms
2026-04-08 18:19:46 [INFO] Total latency:     241946 ms
2026-04-08 18:19:46 [INFO] Peak 5GB memory:   1718 MB
2026-04-08 18:19:46 [INFO] Avg  5GB memory:   1431 MB
2026-04-08 18:19:46 [INFO] [186/364] Split [17, 8, 5, 2] | Batch: 64 | Microbatch: 4 | Microbatches: 16
2026-04-08 18:19:46 [INFO] Loading WikiText... (SEQ_LEN=64, BATCH=64)
2026-04-08 18:20:00 [INFO] [Rank 3] Loading weights...
2026-04-08 18:20:02 [INFO] [Rank 3] Weights loaded.
2026-04-08 18:20:04 [INFO] [Rank 2] Loading weights...
2026-04-08 18:20:06 [INFO] [Rank 2] Weights loaded.
2026-04-08 18:20:09 [INFO] [Rank 1] Loading weights...
2026-04-08 18:20:12 [INFO] [Rank 1] Weights loaded.
2026-04-08 18:20:25 [INFO] [Rank 0] Loading weights...
2026-04-08 18:20:29 [INFO] [Rank 0] Weights loaded.
2026-04-08 18:28:16 [INFO] [Rank 2] Finished. Latency: 467481 ms
2026-04-08 18:28:16 [INFO] [Rank 1] Finished. Latency: 467481 ms
2026-04-08 18:28:16 [INFO] [Rank 0] Finished. Latency: 467481 ms
2026-04-08 18:28:16 [INFO] [Rank 3] Finished. Latency: 467485 ms
2026-04-08 18:28:20 [INFO] Total latency:     467481 ms
2026-04-08 18:28:20 [INFO] Peak 5GB memory:   1672 MB
2026-04-08 18:28:20 [INFO] Avg  5GB memory:   1469 MB
2026-04-08 18:28:20 [INFO] [187/364] Split [17, 8, 5, 2] | Batch: 64 | Microbatch: 2 | Microbatches: 32
2026-04-08 18:28:20 [INFO] Loading WikiText... (SEQ_LEN=64, BATCH=64)
2026-04-08 18:28:34 [INFO] [Rank 3] Loading weights...
2026-04-08 18:28:36 [INFO] [Rank 3] Weights loaded.
2026-04-08 18:28:38 [INFO] [Rank 2] Loading weights...
2026-04-08 18:28:40 [INFO] [Rank 2] Weights loaded.
2026-04-08 18:28:43 [INFO] [Rank 1] Loading weights...
2026-04-08 18:28:45 [INFO] [Rank 1] Weights loaded.
2026-04-08 18:28:58 [INFO] [Rank 0] Loading weights...
2026-04-08 18:29:02 [INFO] [Rank 0] Weights loaded.
2026-04-08 18:44:26 [INFO] [Rank 2] Finished. Latency: 923636 ms
2026-04-08 18:44:26 [INFO] [Rank 1] Finished. Latency: 923636 ms
2026-04-08 18:44:26 [INFO] [Rank 0] Finished. Latency: 923636 ms
2026-04-08 18:44:26 [INFO] [Rank 3] Finished. Latency: 923640 ms
2026-04-08 18:44:30 [INFO] Total latency:     923636 ms
2026-04-08 18:44:30 [INFO] Peak 5GB memory:   1726 MB
2026-04-08 18:44:30 [INFO] Avg  5GB memory:   1501 MB
2026-04-08 18:44:30 [INFO] [188/364] Split [17, 8, 5, 2] | Batch: 32 | Microbatch: 16 | Microbatches: 2
2026-04-08 18:44:30 [INFO] Loading WikiText... (SEQ_LEN=64, BATCH=32)
2026-04-08 18:44:44 [INFO] [Rank 3] Loading weights...
2026-04-08 18:44:45 [INFO] [Rank 3] Weights loaded.
2026-04-08 18:44:48 [INFO] [Rank 2] Loading weights...
2026-04-08 18:44:50 [INFO] [Rank 2] Weights loaded.
2026-04-08 18:44:53 [INFO] [Rank 1] Loading weights...
2026-04-08 18:44:55 [INFO] [Rank 1] Weights loaded.
2026-04-08 18:45:08 [INFO] [Rank 0] Loading weights...
2026-04-08 18:45:12 [INFO] [Rank 0] Weights loaded.
2026-04-08 18:46:18 [INFO] [Rank 2] Finished. Latency: 66321 ms
2026-04-08 18:46:18 [INFO] [Rank 0] Finished. Latency: 66321 ms
2026-04-08 18:46:18 [INFO] [Rank 1] Finished. Latency: 66321 ms
2026-04-08 18:46:18 [INFO] [Rank 3] Finished. Latency: 66327 ms
2026-04-08 18:46:22 [INFO] Total latency:     66321 ms
2026-04-08 18:46:22 [INFO] Peak 5GB memory:   1718 MB
2026-04-08 18:46:22 [INFO] Avg  5GB memory:   1248 MB
2026-04-08 18:46:22 [INFO] [189/364] Split [17, 8, 5, 2] | Batch: 32 | Microbatch: 8 | Microbatches: 4
2026-04-08 18:46:22 [INFO] Loading WikiText... (SEQ_LEN=64, BATCH=32)
2026-04-08 18:46:36 [INFO] [Rank 3] Loading weights...
2026-04-08 18:46:37 [INFO] [Rank 3] Weights loaded.
2026-04-08 18:46:40 [INFO] [Rank 2] Loading weights...
2026-04-08 18:46:41 [INFO] [Rank 2] Weights loaded.
2026-04-08 18:46:45 [INFO] [Rank 1] Loading weights...
2026-04-08 18:46:47 [INFO] [Rank 1] Weights loaded.
2026-04-08 18:47:00 [INFO] [Rank 0] Loading weights...
2026-04-08 18:47:04 [INFO] [Rank 0] Weights loaded.
2026-04-08 18:49:05 [INFO] [Rank 1] Finished. Latency: 121447 ms
2026-04-08 18:49:05 [INFO] [Rank 2] Finished. Latency: 121447 ms
2026-04-08 18:49:05 [INFO] [Rank 0] Finished. Latency: 121447 ms
2026-04-08 18:49:05 [INFO] [Rank 3] Finished. Latency: 121452 ms
2026-04-08 18:49:09 [INFO] Total latency:     121447 ms
2026-04-08 18:49:09 [INFO] Peak 5GB memory:   1462 MB
2026-04-08 18:49:09 [INFO] Avg  5GB memory:   1275 MB
2026-04-08 18:49:09 [INFO] [190/364] Split [17, 8, 5, 2] | Batch: 32 | Microbatch: 4 | Microbatches: 8
2026-04-08 18:49:09 [INFO] Loading WikiText... (SEQ_LEN=64, BATCH=32)
2026-04-08 18:49:23 [INFO] [Rank 3] Loading weights...
2026-04-08 18:49:24 [INFO] [Rank 3] Weights loaded.
2026-04-08 18:49:27 [INFO] [Rank 2] Loading weights...
2026-04-08 18:49:29 [INFO] [Rank 2] Weights loaded.
2026-04-08 18:49:32 [INFO] [Rank 1] Loading weights...
2026-04-08 18:49:34 [INFO] [Rank 1] Weights loaded.
2026-04-08 18:49:47 [INFO] [Rank 0] Loading weights...
2026-04-08 18:49:51 [INFO] [Rank 0] Weights loaded.
2026-04-08 18:53:45 [INFO] [Rank 1] Finished. Latency: 234517 ms
2026-04-08 18:53:45 [INFO] [Rank 0] Finished. Latency: 234517 ms
2026-04-08 18:53:45 [INFO] [Rank 2] Finished. Latency: 234517 ms
2026-04-08 18:53:45 [INFO] [Rank 3] Finished. Latency: 234521 ms
2026-04-08 18:53:49 [INFO] Total latency:     234517 ms
2026-04-08 18:53:49 [INFO] Peak 5GB memory:   1718 MB
2026-04-08 18:53:49 [INFO] Avg  5GB memory:   1313 MB
2026-04-08 18:53:49 [INFO] [191/364] Split [17, 8, 5, 2] | Batch: 32 | Microbatch: 2 | Microbatches: 16
2026-04-08 18:53:49 [INFO] Loading WikiText... (SEQ_LEN=64, BATCH=32)
2026-04-08 18:54:03 [INFO] [Rank 3] Loading weights...
2026-04-08 18:54:04 [INFO] [Rank 3] Weights loaded.
2026-04-08 18:54:07 [INFO] [Rank 2] Loading weights...
2026-04-08 18:54:08 [INFO] [Rank 2] Weights loaded.
2026-04-08 18:54:12 [INFO] [Rank 1] Loading weights...
2026-04-08 18:54:14 [INFO] [Rank 1] Weights loaded.
2026-04-08 18:54:27 [INFO] [Rank 0] Loading weights...
2026-04-08 18:54:31 [INFO] [Rank 0] Weights loaded.
2026-04-08 19:02:10 [INFO] [Rank 1] Finished. Latency: 459304 ms
2026-04-08 19:02:10 [INFO] [Rank 2] Finished. Latency: 459304 ms
2026-04-08 19:02:10 [INFO] [Rank 0] Finished. Latency: 459304 ms
2026-04-08 19:02:10 [INFO] [Rank 3] Finished. Latency: 459309 ms
2026-04-08 19:02:14 [INFO] Total latency:     459304 ms
2026-04-08 19:02:14 [INFO] Peak 5GB memory:   1718 MB
2026-04-08 19:02:14 [INFO] Avg  5GB memory:   1348 MB
2026-04-08 19:02:14 [INFO] [192/364] Split [17, 8, 5, 2] | Batch: 16 | Microbatch: 8 | Microbatches: 2
2026-04-08 19:02:14 [INFO] Loading WikiText... (SEQ_LEN=64, BATCH=16)
2026-04-08 19:02:28 [INFO] [Rank 3] Loading weights...
2026-04-08 19:02:29 [INFO] [Rank 3] Weights loaded.
2026-04-08 19:02:32 [INFO] [Rank 2] Loading weights...
2026-04-08 19:02:33 [INFO] [Rank 2] Weights loaded.
2026-04-08 19:02:37 [INFO] [Rank 1] Loading weights...
2026-04-08 19:02:39 [INFO] [Rank 1] Weights loaded.
2026-04-08 19:02:52 [INFO] [Rank 0] Loading weights...
2026-04-08 19:02:56 [INFO] [Rank 0] Weights loaded.
2026-04-08 19:03:57 [INFO] [Rank 1] Finished. Latency: 61240 ms
2026-04-08 19:03:57 [INFO] [Rank 2] Finished. Latency: 61240 ms
2026-04-08 19:03:57 [INFO] [Rank 0] Finished. Latency: 61240 ms
2026-04-08 19:03:57 [INFO] [Rank 3] Finished. Latency: 61245 ms
2026-04-08 19:04:01 [INFO] Total latency:     61240 ms
2026-04-08 19:04:01 [INFO] Peak 5GB memory:   1718 MB
2026-04-08 19:04:01 [INFO] Avg  5GB memory:   1170 MB
2026-04-08 19:04:01 [INFO] [193/364] Split [17, 8, 5, 2] | Batch: 16 | Microbatch: 4 | Microbatches: 4
2026-04-08 19:04:01 [INFO] Loading WikiText... (SEQ_LEN=64, BATCH=16)
2026-04-08 19:04:16 [INFO] [Rank 3] Loading weights...
2026-04-08 19:04:17 [INFO] [Rank 3] Weights loaded.
2026-04-08 19:04:20 [INFO] [Rank 2] Loading weights...
2026-04-08 19:04:21 [INFO] [Rank 2] Weights loaded.
2026-04-08 19:04:25 [INFO] [Rank 1] Loading weights...
2026-04-08 19:04:27 [INFO] [Rank 1] Weights loaded.
2026-04-08 19:04:39 [INFO] [Rank 0] Loading weights...
2026-04-08 19:04:43 [INFO] [Rank 0] Weights loaded.
2026-04-08 19:06:42 [INFO] [Rank 2] Finished. Latency: 119140 ms
2026-04-08 19:06:42 [INFO] [Rank 0] Finished. Latency: 119140 ms
2026-04-08 19:06:42 [INFO] [Rank 1] Finished. Latency: 119140 ms
2026-04-08 19:06:42 [INFO] [Rank 3] Finished. Latency: 119144 ms
2026-04-08 19:06:46 [INFO] Total latency:     119140 ms
2026-04-08 19:06:46 [INFO] Peak 5GB memory:   1462 MB
2026-04-08 19:06:46 [INFO] Avg  5GB memory:   1215 MB
2026-04-08 19:06:46 [INFO] [194/364] Split [17, 8, 5, 2] | Batch: 16 | Microbatch: 2 | Microbatches: 8
2026-04-08 19:06:46 [INFO] Loading WikiText... (SEQ_LEN=64, BATCH=16)
2026-04-08 19:07:01 [INFO] [Rank 3] Loading weights...
2026-04-08 19:07:02 [INFO] [Rank 3] Weights loaded.
2026-04-08 19:07:04 [INFO] [Rank 2] Loading weights...
2026-04-08 19:07:06 [INFO] [Rank 2] Weights loaded.
2026-04-08 19:07:09 [INFO] [Rank 1] Loading weights...
2026-04-08 19:07:11 [INFO] [Rank 1] Weights loaded.
2026-04-08 19:07:24 [INFO] [Rank 0] Loading weights...
2026-04-08 19:07:28 [INFO] [Rank 0] Weights loaded.
2026-04-08 19:11:18 [INFO] [Rank 2] Finished. Latency: 230353 ms
2026-04-08 19:11:18 [INFO] [Rank 1] Finished. Latency: 230353 ms
2026-04-08 19:11:18 [INFO] [Rank 0] Finished. Latency: 230353 ms
2026-04-08 19:11:18 [INFO] [Rank 3] Finished. Latency: 230357 ms
2026-04-08 19:11:22 [INFO] Total latency:     230353 ms
2026-04-08 19:11:22 [INFO] Peak 5GB memory:   1718 MB
2026-04-08 19:11:22 [INFO] Avg  5GB memory:   1257 MB
2026-04-08 19:11:22 [INFO] [195/364] Split [17, 8, 5, 2] | Batch: 8 | Microbatch: 4 | Microbatches: 2
2026-04-08 19:11:22 [INFO] Loading WikiText... (SEQ_LEN=64, BATCH=8)
2026-04-08 19:11:37 [INFO] [Rank 3] Loading weights...
2026-04-08 19:11:38 [INFO] [Rank 3] Weights loaded.
2026-04-08 19:11:40 [INFO] [Rank 2] Loading weights...
2026-04-08 19:11:42 [INFO] [Rank 2] Weights loaded.
2026-04-08 19:11:46 [INFO] [Rank 1] Loading weights...
2026-04-08 19:11:48 [INFO] [Rank 1] Weights loaded.
2026-04-08 19:12:00 [INFO] [Rank 0] Loading weights...
2026-04-08 19:12:04 [INFO] [Rank 0] Weights loaded.
2026-04-08 19:13:05 [INFO] [Rank 1] Finished. Latency: 60276 ms
2026-04-08 19:13:05 [INFO] [Rank 2] Finished. Latency: 60276 ms
2026-04-08 19:13:05 [INFO] [Rank 0] Finished. Latency: 60276 ms
2026-04-08 19:13:05 [INFO] [Rank 3] Finished. Latency: 60281 ms
2026-04-08 19:13:09 [INFO] Total latency:     60276 ms
2026-04-08 19:13:09 [INFO] Peak 5GB memory:   1718 MB
2026-04-08 19:13:09 [INFO] Avg  5GB memory:   1130 MB
2026-04-08 19:13:09 [INFO] [196/364] Split [17, 8, 5, 2] | Batch: 8 | Microbatch: 2 | Microbatches: 4
2026-04-08 19:13:09 [INFO] Loading WikiText... (SEQ_LEN=64, BATCH=8)
2026-04-08 19:13:23 [INFO] [Rank 3] Loading weights...
2026-04-08 19:13:25 [INFO] [Rank 3] Weights loaded.
2026-04-08 19:13:27 [INFO] [Rank 2] Loading weights...
2026-04-08 19:13:29 [INFO] [Rank 2] Weights loaded.
2026-04-08 19:13:32 [INFO] [Rank 1] Loading weights...
2026-04-08 19:13:34 [INFO] [Rank 1] Weights loaded.
2026-04-08 19:13:47 [INFO] [Rank 0] Loading weights...
2026-04-08 19:13:50 [INFO] [Rank 0] Weights loaded.
2026-04-08 19:15:47 [INFO] [Rank 2] Finished. Latency: 116903 ms
2026-04-08 19:15:47 [INFO] [Rank 0] Finished. Latency: 116903 ms
2026-04-08 19:15:47 [INFO] [Rank 1] Finished. Latency: 116903 ms
2026-04-08 19:15:47 [INFO] [Rank 3] Finished. Latency: 116907 ms
2026-04-08 19:15:51 [INFO] Total latency:     116903 ms
2026-04-08 19:15:51 [INFO] Peak 5GB memory:   1718 MB
2026-04-08 19:15:51 [INFO] Avg  5GB memory:   1182 MB
2026-04-08 19:15:51 [INFO] [197/364] Split [17, 9, 3, 3] | Batch: 64 | Microbatch: 32 | Microbatches: 2
2026-04-08 19:15:51 [INFO] Loading WikiText... (SEQ_LEN=64, BATCH=64)
2026-04-08 19:16:05 [INFO] [Rank 2] Loading weights...
2026-04-08 19:16:07 [INFO] [Rank 2] Weights loaded.
2026-04-08 19:16:07 [INFO] [Rank 3] Loading weights...
2026-04-08 19:16:08 [INFO] [Rank 3] Weights loaded.
2026-04-08 19:16:15 [INFO] [Rank 1] Loading weights...
2026-04-08 19:16:17 [INFO] [Rank 1] Weights loaded.
2026-04-08 19:16:28 [INFO] [Rank 0] Loading weights...
2026-04-08 19:16:32 [INFO] [Rank 0] Weights loaded.
2026-04-08 19:17:45 [INFO] [Rank 2] Finished. Latency: 72479 ms
2026-04-08 19:17:45 [INFO] [Rank 1] Finished. Latency: 72479 ms
2026-04-08 19:17:45 [INFO] [Rank 0] Finished. Latency: 72479 ms
2026-04-08 19:17:45 [INFO] [Rank 3] Finished. Latency: 72490 ms
2026-04-08 19:17:49 [INFO] Total latency:     72479 ms
2026-04-08 19:17:49 [INFO] Peak 5GB memory:   3422 MB
2026-04-08 19:17:49 [INFO] Avg  5GB memory:   1950 MB
2026-04-08 19:17:49 [INFO] [198/364] Split [17, 9, 3, 3] | Batch: 64 | Microbatch: 16 | Microbatches: 4
2026-04-08 19:17:49 [INFO] Loading WikiText... (SEQ_LEN=64, BATCH=64)
2026-04-08 19:18:03 [INFO] [Rank 2] Loading weights...
2026-04-08 19:18:04 [INFO] [Rank 2] Weights loaded.
2026-04-08 19:18:04 [INFO] [Rank 3] Loading weights...
2026-04-08 19:18:06 [INFO] [Rank 3] Weights loaded.
2026-04-08 19:18:12 [INFO] [Rank 1] Loading weights...
2026-04-08 19:18:15 [INFO] [Rank 1] Weights loaded.
2026-04-08 19:18:27 [INFO] [Rank 0] Loading weights...
2026-04-08 19:18:30 [INFO] [Rank 0] Weights loaded.
2026-04-08 19:20:38 [INFO] [Rank 2] Finished. Latency: 127615 ms
2026-04-08 19:20:38 [INFO] [Rank 1] Finished. Latency: 127615 ms
2026-04-08 19:20:38 [INFO] [Rank 0] Finished. Latency: 127615 ms
2026-04-08 19:20:38 [INFO] [Rank 3] Finished. Latency: 127624 ms
2026-04-08 19:20:42 [INFO] Total latency:     127615 ms
2026-04-08 19:20:42 [INFO] Peak 5GB memory:   2626 MB
2026-04-08 19:20:42 [INFO] Avg  5GB memory:   1907 MB
2026-04-08 19:20:42 [INFO] [199/364] Split [17, 9, 3, 3] | Batch: 64 | Microbatch: 8 | Microbatches: 8
2026-04-08 19:20:42 [INFO] Loading WikiText... (SEQ_LEN=64, BATCH=64)
2026-04-08 19:20:56 [INFO] [Rank 2] Loading weights...
2026-04-08 19:20:57 [INFO] [Rank 2] Weights loaded.
2026-04-08 19:20:57 [INFO] [Rank 3] Loading weights...
2026-04-08 19:20:59 [INFO] [Rank 3] Weights loaded.
2026-04-08 19:21:06 [INFO] [Rank 1] Loading weights...
2026-04-08 19:21:08 [INFO] [Rank 1] Weights loaded.
2026-04-08 19:21:19 [INFO] [Rank 0] Loading weights...
2026-04-08 19:21:23 [INFO] [Rank 0] Weights loaded.
2026-04-08 19:25:19 [INFO] [Rank 2] Finished. Latency: 235976 ms
2026-04-08 19:25:19 [INFO] [Rank 1] Finished. Latency: 235976 ms
2026-04-08 19:25:19 [INFO] [Rank 0] Finished. Latency: 235976 ms
2026-04-08 19:25:19 [INFO] [Rank 3] Finished. Latency: 235983 ms
2026-04-08 19:25:23 [INFO] Total latency:     235976 ms
2026-04-08 19:25:23 [INFO] Peak 5GB memory:   2246 MB
2026-04-08 19:25:23 [INFO] Avg  5GB memory:   1918 MB
2026-04-08 19:25:23 [INFO] [200/364] Split [17, 9, 3, 3] | Batch: 64 | Microbatch: 4 | Microbatches: 16
2026-04-08 19:25:23 [INFO] Loading WikiText... (SEQ_LEN=64, BATCH=64)
2026-04-08 19:25:38 [INFO] [Rank 2] Loading weights...
2026-04-08 19:25:39 [INFO] [Rank 2] Weights loaded.
2026-04-08 19:25:39 [INFO] [Rank 3] Loading weights...
2026-04-08 19:25:40 [INFO] [Rank 3] Weights loaded.
2026-04-08 19:25:48 [INFO] [Rank 1] Loading weights...
2026-04-08 19:25:50 [INFO] [Rank 1] Weights loaded.
2026-04-08 19:26:01 [INFO] [Rank 0] Loading weights...
2026-04-08 19:26:05 [INFO] [Rank 0] Weights loaded.
2026-04-08 19:33:42 [INFO] [Rank 2] Finished. Latency: 457138 ms
2026-04-08 19:33:42 [INFO] [Rank 1] Finished. Latency: 457138 ms
2026-04-08 19:33:42 [INFO] [Rank 0] Finished. Latency: 457138 ms
2026-04-08 19:33:42 [INFO] [Rank 3] Finished. Latency: 457144 ms
2026-04-08 19:33:46 [INFO] Total latency:     457138 ms
2026-04-08 19:33:46 [INFO] Peak 5GB memory:   2284 MB
2026-04-08 19:33:46 [INFO] Avg  5GB memory:   1983 MB
2026-04-08 19:33:46 [INFO] [201/364] Split [17, 9, 3, 3] | Batch: 64 | Microbatch: 2 | Microbatches: 32
2026-04-08 19:33:46 [INFO] Loading WikiText... (SEQ_LEN=64, BATCH=64)
2026-04-08 19:34:01 [INFO] [Rank 2] Loading weights...
2026-04-08 19:34:02 [INFO] [Rank 3] Loading weights...
2026-04-08 19:34:02 [INFO] [Rank 2] Weights loaded.
2026-04-08 19:34:03 [INFO] [Rank 3] Weights loaded.
2026-04-08 19:34:10 [INFO] [Rank 1] Loading weights...
2026-04-08 19:34:12 [INFO] [Rank 1] Weights loaded.
2026-04-08 19:34:24 [INFO] [Rank 0] Loading weights...
2026-04-08 19:34:28 [INFO] [Rank 0] Weights loaded.
2026-04-08 19:49:31 [INFO] [Rank 1] Finished. Latency: 903608 ms
2026-04-08 19:49:31 [INFO] [Rank 2] Finished. Latency: 903608 ms
2026-04-08 19:49:31 [INFO] [Rank 0] Finished. Latency: 903608 ms
2026-04-08 19:49:31 [INFO] [Rank 3] Finished. Latency: 903614 ms
2026-04-08 19:49:35 [INFO] Total latency:     903608 ms
2026-04-08 19:49:35 [INFO] Peak 5GB memory:   2370 MB
2026-04-08 19:49:35 [INFO] Avg  5GB memory:   2035 MB
2026-04-08 19:49:35 [INFO] [202/364] Split [17, 9, 3, 3] | Batch: 32 | Microbatch: 16 | Microbatches: 2
2026-04-08 19:49:35 [INFO] Loading WikiText... (SEQ_LEN=64, BATCH=32)
2026-04-08 19:49:50 [INFO] [Rank 2] Loading weights...
2026-04-08 19:49:51 [INFO] [Rank 2] Weights loaded.
2026-04-08 19:49:51 [INFO] [Rank 3] Loading weights...
2026-04-08 19:49:52 [INFO] [Rank 3] Weights loaded.
2026-04-08 19:49:59 [INFO] [Rank 1] Loading weights...
2026-04-08 19:50:01 [INFO] [Rank 1] Weights loaded.
2026-04-08 19:50:13 [INFO] [Rank 0] Loading weights...
2026-04-08 19:50:16 [INFO] [Rank 0] Weights loaded.
2026-04-08 19:51:21 [INFO] [Rank 2] Finished. Latency: 64458 ms
2026-04-08 19:51:21 [INFO] [Rank 1] Finished. Latency: 64458 ms
2026-04-08 19:51:21 [INFO] [Rank 0] Finished. Latency: 64458 ms
2026-04-08 19:51:21 [INFO] [Rank 3] Finished. Latency: 64466 ms
2026-04-08 19:51:25 [INFO] Total latency:     64458 ms
2026-04-08 19:51:25 [INFO] Peak 5GB memory:   2138 MB
2026-04-08 19:51:25 [INFO] Avg  5GB memory:   1643 MB
2026-04-08 19:51:25 [INFO] [203/364] Split [17, 9, 3, 3] | Batch: 32 | Microbatch: 8 | Microbatches: 4
2026-04-08 19:51:25 [INFO] Loading WikiText... (SEQ_LEN=64, BATCH=32)
2026-04-08 19:51:39 [INFO] [Rank 2] Loading weights...
2026-04-08 19:51:40 [INFO] [Rank 2] Weights loaded.
2026-04-08 19:51:40 [INFO] [Rank 3] Loading weights...
2026-04-08 19:51:42 [INFO] [Rank 3] Weights loaded.
2026-04-08 19:51:49 [INFO] [Rank 1] Loading weights...
2026-04-08 19:51:51 [INFO] [Rank 1] Weights loaded.
2026-04-08 19:52:03 [INFO] [Rank 0] Loading weights...
2026-04-08 19:52:06 [INFO] [Rank 0] Weights loaded.
2026-04-08 19:54:05 [INFO] [Rank 2] Finished. Latency: 118452 ms
2026-04-08 19:54:05 [INFO] [Rank 1] Finished. Latency: 118452 ms
2026-04-08 19:54:05 [INFO] [Rank 0] Finished. Latency: 118452 ms
2026-04-08 19:54:05 [INFO] [Rank 3] Finished. Latency: 118459 ms
2026-04-08 19:54:09 [INFO] Total latency:     118452 ms
2026-04-08 19:54:09 [INFO] Peak 5GB memory:   1982 MB
2026-04-08 19:54:09 [INFO] Avg  5GB memory:   1695 MB
2026-04-08 19:54:09 [INFO] [204/364] Split [17, 9, 3, 3] | Batch: 32 | Microbatch: 4 | Microbatches: 8
2026-04-08 19:54:09 [INFO] Loading WikiText... (SEQ_LEN=64, BATCH=32)
2026-04-08 19:54:23 [INFO] [Rank 2] Loading weights...
2026-04-08 19:54:25 [INFO] [Rank 2] Weights loaded.
2026-04-08 19:54:25 [INFO] [Rank 3] Loading weights...
2026-04-08 19:54:26 [INFO] [Rank 3] Weights loaded.
2026-04-08 19:54:33 [INFO] [Rank 1] Loading weights...
2026-04-08 19:54:35 [INFO] [Rank 1] Weights loaded.
2026-04-08 19:54:47 [INFO] [Rank 0] Loading weights...
2026-04-08 19:54:50 [INFO] [Rank 0] Weights loaded.
2026-04-08 19:58:40 [INFO] [Rank 2] Finished. Latency: 229781 ms
2026-04-08 19:58:40 [INFO] [Rank 1] Finished. Latency: 229781 ms
2026-04-08 19:58:40 [INFO] [Rank 0] Finished. Latency: 229781 ms
2026-04-08 19:58:40 [INFO] [Rank 3] Finished. Latency: 229787 ms
2026-04-08 19:58:44 [INFO] Total latency:     229781 ms
2026-04-08 19:58:44 [INFO] Peak 5GB memory:   1976 MB
2026-04-08 19:58:44 [INFO] Avg  5GB memory:   1755 MB
2026-04-08 19:58:44 [INFO] [205/364] Split [17, 9, 3, 3] | Batch: 32 | Microbatch: 2 | Microbatches: 16
2026-04-08 19:58:44 [INFO] Loading WikiText... (SEQ_LEN=64, BATCH=32)
2026-04-08 19:58:59 [INFO] [Rank 2] Loading weights...
2026-04-08 19:59:00 [INFO] [Rank 3] Loading weights...
2026-04-08 19:59:00 [INFO] [Rank 2] Weights loaded.
2026-04-08 19:59:01 [INFO] [Rank 3] Weights loaded.
2026-04-08 19:59:08 [INFO] [Rank 1] Loading weights...
2026-04-08 19:59:11 [INFO] [Rank 1] Weights loaded.
2026-04-08 19:59:22 [INFO] [Rank 0] Loading weights...
2026-04-08 19:59:26 [INFO] [Rank 0] Weights loaded.
2026-04-08 20:06:53 [INFO] [Rank 0] Finished. Latency: 446540 ms
2026-04-08 20:06:53 [INFO] [Rank 2] Finished. Latency: 446540 ms
2026-04-08 20:06:53 [INFO] [Rank 1] Finished. Latency: 446540 ms
2026-04-08 20:06:53 [INFO] [Rank 3] Finished. Latency: 446546 ms
2026-04-08 20:06:56 [INFO] Total latency:     446540 ms
2026-04-08 20:06:56 [INFO] Peak 5GB memory:   2138 MB
2026-04-08 20:06:56 [INFO] Avg  5GB memory:   1814 MB
2026-04-08 20:06:56 [INFO] [206/364] Split [17, 9, 3, 3] | Batch: 16 | Microbatch: 8 | Microbatches: 2
2026-04-08 20:06:56 [INFO] Loading WikiText... (SEQ_LEN=64, BATCH=16)
2026-04-08 20:07:11 [INFO] [Rank 2] Loading weights...
2026-04-08 20:07:12 [INFO] [Rank 2] Weights loaded.
2026-04-08 20:07:12 [INFO] [Rank 3] Loading weights...
2026-04-08 20:07:13 [INFO] [Rank 3] Weights loaded.
2026-04-08 20:07:34 [INFO] [Rank 0] Loading weights...
2026-04-08 20:07:38 [INFO] [Rank 0] Weights loaded.
2026-04-08 20:07:40 [INFO] [Rank 1] Loading weights...
2026-04-08 20:07:42 [INFO] [Rank 1] Weights loaded.
2026-04-08 20:08:43 [INFO] [Rank 2] Finished. Latency: 60604 ms
2026-04-08 20:08:43 [INFO] [Rank 1] Finished. Latency: 60604 ms
2026-04-08 20:08:43 [INFO] [Rank 0] Finished. Latency: 60604 ms
2026-04-08 20:08:43 [INFO] [Rank 3] Finished. Latency: 60611 ms
2026-04-08 20:08:46 [INFO] Total latency:     60604 ms
2026-04-08 20:08:46 [INFO] Peak 5GB memory:   1882 MB
2026-04-08 20:08:46 [INFO] Avg  5GB memory:   1554 MB
2026-04-08 20:08:46 [INFO] [207/364] Split [17, 9, 3, 3] | Batch: 16 | Microbatch: 4 | Microbatches: 4
2026-04-08 20:08:46 [INFO] Loading WikiText... (SEQ_LEN=64, BATCH=16)
2026-04-08 20:09:01 [INFO] [Rank 2] Loading weights...
2026-04-08 20:09:01 [INFO] [Rank 3] Loading weights...
2026-04-08 20:09:02 [INFO] [Rank 2] Weights loaded.
2026-04-08 20:09:03 [INFO] [Rank 3] Weights loaded.
2026-04-08 20:09:10 [INFO] [Rank 1] Loading weights...
2026-04-08 20:09:12 [INFO] [Rank 1] Weights loaded.
2026-04-08 20:09:24 [INFO] [Rank 0] Loading weights...
2026-04-08 20:09:27 [INFO] [Rank 0] Weights loaded.
2026-04-08 20:11:24 [INFO] [Rank 2] Finished. Latency: 116390 ms
2026-04-08 20:11:24 [INFO] [Rank 0] Finished. Latency: 116391 ms
2026-04-08 20:11:24 [INFO] [Rank 1] Finished. Latency: 116390 ms
2026-04-08 20:11:24 [INFO] [Rank 3] Finished. Latency: 116397 ms
2026-04-08 20:11:28 [INFO] Total latency:     116391 ms
2026-04-08 20:11:28 [INFO] Peak 5GB memory:   2138 MB
2026-04-08 20:11:28 [INFO] Avg  5GB memory:   1617 MB
2026-04-08 20:11:28 [INFO] [208/364] Split [17, 9, 3, 3] | Batch: 16 | Microbatch: 2 | Microbatches: 8
2026-04-08 20:11:28 [INFO] Loading WikiText... (SEQ_LEN=64, BATCH=16)
2026-04-08 20:11:42 [INFO] [Rank 2] Loading weights...
2026-04-08 20:11:43 [INFO] [Rank 3] Loading weights...
2026-04-08 20:11:43 [INFO] [Rank 2] Weights loaded.
2026-04-08 20:11:44 [INFO] [Rank 3] Weights loaded.
2026-04-08 20:11:51 [INFO] [Rank 1] Loading weights...
2026-04-08 20:11:54 [INFO] [Rank 1] Weights loaded.
2026-04-08 20:12:05 [INFO] [Rank 0] Loading weights...
2026-04-08 20:12:09 [INFO] [Rank 0] Weights loaded.
2026-04-08 20:15:53 [INFO] [Rank 2] Finished. Latency: 224667 ms
2026-04-08 20:15:53 [INFO] [Rank 0] Finished. Latency: 224667 ms
2026-04-08 20:15:53 [INFO] [Rank 1] Finished. Latency: 224667 ms
2026-04-08 20:15:53 [INFO] [Rank 3] Finished. Latency: 224673 ms
2026-04-08 20:15:57 [INFO] Total latency:     224667 ms
2026-04-08 20:15:57 [INFO] Peak 5GB memory:   1882 MB
2026-04-08 20:15:57 [INFO] Avg  5GB memory:   1679 MB
2026-04-08 20:15:57 [INFO] [209/364] Split [17, 9, 3, 3] | Batch: 8 | Microbatch: 4 | Microbatches: 2
2026-04-08 20:15:57 [INFO] Loading WikiText... (SEQ_LEN=64, BATCH=8)
2026-04-08 20:16:12 [INFO] [Rank 2] Loading weights...
2026-04-08 20:16:13 [INFO] [Rank 2] Weights loaded.
2026-04-08 20:16:13 [INFO] [Rank 3] Loading weights...
2026-04-08 20:16:15 [INFO] [Rank 3] Weights loaded.
2026-04-08 20:16:22 [INFO] [Rank 1] Loading weights...
2026-04-08 20:16:24 [INFO] [Rank 1] Weights loaded.
2026-04-08 20:16:35 [INFO] [Rank 0] Loading weights...
2026-04-08 20:16:39 [INFO] [Rank 0] Weights loaded.
2026-04-08 20:17:38 [INFO] [Rank 2] Finished. Latency: 59039 ms
2026-04-08 20:17:38 [INFO] [Rank 0] Finished. Latency: 59039 ms
2026-04-08 20:17:38 [INFO] [Rank 1] Finished. Latency: 59039 ms
2026-04-08 20:17:38 [INFO] [Rank 3] Finished. Latency: 59044 ms
2026-04-08 20:17:42 [INFO] Total latency:     59039 ms
2026-04-08 20:17:42 [INFO] Peak 5GB memory:   1740 MB
2026-04-08 20:17:42 [INFO] Avg  5GB memory:   1495 MB
2026-04-08 20:17:42 [INFO] [210/364] Split [17, 9, 3, 3] | Batch: 8 | Microbatch: 2 | Microbatches: 4
2026-04-08 20:17:42 [INFO] Loading WikiText... (SEQ_LEN=64, BATCH=8)
2026-04-08 20:17:57 [INFO] [Rank 2] Loading weights...
2026-04-08 20:17:58 [INFO] [Rank 2] Weights loaded.
2026-04-08 20:17:58 [INFO] [Rank 3] Loading weights...
2026-04-08 20:17:59 [INFO] [Rank 3] Weights loaded.
2026-04-08 20:18:06 [INFO] [Rank 1] Loading weights...
2026-04-08 20:18:09 [INFO] [Rank 1] Weights loaded.
2026-04-08 20:18:20 [INFO] [Rank 0] Loading weights...
2026-04-08 20:18:23 [INFO] [Rank 0] Weights loaded.
2026-04-08 20:20:18 [INFO] [Rank 0] Finished. Latency: 114655 ms
2026-04-08 20:20:18 [INFO] [Rank 2] Finished. Latency: 114655 ms
2026-04-08 20:20:18 [INFO] [Rank 1] Finished. Latency: 114655 ms
2026-04-08 20:20:18 [INFO] [Rank 3] Finished. Latency: 114661 ms
2026-04-08 20:20:22 [INFO] Total latency:     114655 ms
2026-04-08 20:20:22 [INFO] Peak 5GB memory:   1882 MB
2026-04-08 20:20:22 [INFO] Avg  5GB memory:   1586 MB
2026-04-08 20:20:22 [INFO] [211/364] Split [17, 9, 4, 2] | Batch: 64 | Microbatch: 32 | Microbatches: 2
2026-04-08 20:20:22 [INFO] Loading WikiText... (SEQ_LEN=64, BATCH=64)
2026-04-08 20:20:36 [INFO] [Rank 3] Loading weights...
2026-04-08 20:20:37 [INFO] [Rank 3] Weights loaded.
2026-04-08 20:20:38 [INFO] [Rank 2] Loading weights...
2026-04-08 20:20:40 [INFO] [Rank 2] Weights loaded.
2026-04-08 20:20:47 [INFO] [Rank 1] Loading weights...
2026-04-08 20:20:49 [INFO] [Rank 1] Weights loaded.
2026-04-08 20:21:00 [INFO] [Rank 0] Loading weights...
2026-04-08 20:21:04 [INFO] [Rank 0] Weights loaded.
2026-04-08 20:22:17 [INFO] [Rank 2] Finished. Latency: 72676 ms
2026-04-08 20:22:17 [INFO] [Rank 1] Finished. Latency: 72676 ms
2026-04-08 20:22:17 [INFO] [Rank 0] Finished. Latency: 72676 ms
2026-04-08 20:22:17 [INFO] [Rank 3] Finished. Latency: 72684 ms
2026-04-08 20:22:21 [INFO] Total latency:     72676 ms
2026-04-08 20:22:21 [INFO] Peak 5GB memory:   2086 MB
2026-04-08 20:22:21 [INFO] Avg  5GB memory:   1414 MB
2026-04-08 20:22:21 [INFO] [212/364] Split [17, 9, 4, 2] | Batch: 64 | Microbatch: 16 | Microbatches: 4
2026-04-08 20:22:21 [INFO] Loading WikiText... (SEQ_LEN=64, BATCH=64)
2026-04-08 20:22:34 [INFO] [Rank 3] Loading weights...
2026-04-08 20:22:36 [INFO] [Rank 3] Weights loaded.
2026-04-08 20:22:37 [INFO] [Rank 2] Loading weights...
2026-04-08 20:22:38 [INFO] [Rank 2] Weights loaded.
2026-04-08 20:22:45 [INFO] [Rank 1] Loading weights...
2026-04-08 20:22:47 [INFO] [Rank 1] Weights loaded.
2026-04-08 20:22:58 [INFO] [Rank 0] Loading weights...
2026-04-08 20:23:02 [INFO] [Rank 0] Weights loaded.
2026-04-08 20:25:09 [INFO] [Rank 2] Finished. Latency: 126892 ms
2026-04-08 20:25:09 [INFO] [Rank 1] Finished. Latency: 126892 ms
2026-04-08 20:25:09 [INFO] [Rank 0] Finished. Latency: 126892 ms
2026-04-08 20:25:09 [INFO] [Rank 3] Finished. Latency: 126898 ms
2026-04-08 20:25:13 [INFO] Total latency:     126892 ms
2026-04-08 20:25:13 [INFO] Peak 5GB memory:   1886 MB
2026-04-08 20:25:13 [INFO] Avg  5GB memory:   1427 MB
2026-04-08 20:25:13 [INFO] [213/364] Split [17, 9, 4, 2] | Batch: 64 | Microbatch: 8 | Microbatches: 8
2026-04-08 20:25:13 [INFO] Loading WikiText... (SEQ_LEN=64, BATCH=64)
2026-04-08 20:25:26 [INFO] [Rank 3] Loading weights...
2026-04-08 20:25:27 [INFO] [Rank 3] Weights loaded.
2026-04-08 20:25:29 [INFO] [Rank 2] Loading weights...
2026-04-08 20:25:30 [INFO] [Rank 2] Weights loaded.
2026-04-08 20:25:36 [INFO] [Rank 1] Loading weights...
2026-04-08 20:25:39 [INFO] [Rank 1] Weights loaded.
2026-04-08 20:25:50 [INFO] [Rank 0] Loading weights...
2026-04-08 20:25:54 [INFO] [Rank 0] Weights loaded.
2026-04-08 20:29:49 [INFO] [Rank 2] Finished. Latency: 235072 ms
2026-04-08 20:29:49 [INFO] [Rank 1] Finished. Latency: 235072 ms
2026-04-08 20:29:49 [INFO] [Rank 0] Finished. Latency: 235072 ms
2026-04-08 20:29:49 [INFO] [Rank 3] Finished. Latency: 235077 ms
2026-04-08 20:29:53 [INFO] Total latency:     235072 ms
2026-04-08 20:29:53 [INFO] Peak 5GB memory:   1718 MB
2026-04-08 20:29:53 [INFO] Avg  5GB memory:   1432 MB
2026-04-08 20:29:53 [INFO] [214/364] Split [17, 9, 4, 2] | Batch: 64 | Microbatch: 4 | Microbatches: 16
2026-04-08 20:29:53 [INFO] Loading WikiText... (SEQ_LEN=64, BATCH=64)
2026-04-08 20:30:08 [INFO] [Rank 3] Loading weights...
2026-04-08 20:30:10 [INFO] [Rank 3] Weights loaded.
2026-04-08 20:30:11 [INFO] [Rank 2] Loading weights...
2026-04-08 20:30:12 [INFO] [Rank 2] Weights loaded.
2026-04-08 20:30:18 [INFO] [Rank 1] Loading weights...
2026-04-08 20:30:21 [INFO] [Rank 1] Weights loaded.
2026-04-08 20:30:32 [INFO] [Rank 0] Loading weights...
2026-04-08 20:30:35 [INFO] [Rank 0] Weights loaded.
2026-04-08 20:38:05 [INFO] [Rank 1] Finished. Latency: 449424 ms
2026-04-08 20:38:05 [INFO] [Rank 2] Finished. Latency: 449424 ms
2026-04-08 20:38:05 [INFO] [Rank 0] Finished. Latency: 449424 ms
2026-04-08 20:38:05 [INFO] [Rank 3] Finished. Latency: 449428 ms
2026-04-08 20:38:09 [INFO] Total latency:     449424 ms
2026-04-08 20:38:09 [INFO] Peak 5GB memory:   1672 MB
2026-04-08 20:38:09 [INFO] Avg  5GB memory:   1466 MB
2026-04-08 20:38:09 [INFO] [215/364] Split [17, 9, 4, 2] | Batch: 64 | Microbatch: 2 | Microbatches: 32
2026-04-08 20:38:09 [INFO] Loading WikiText... (SEQ_LEN=64, BATCH=64)
2026-04-08 20:38:24 [INFO] [Rank 3] Loading weights...
2026-04-08 20:38:25 [INFO] [Rank 3] Weights loaded.
2026-04-08 20:38:26 [INFO] [Rank 2] Loading weights...
2026-04-08 20:38:27 [INFO] [Rank 2] Weights loaded.
2026-04-08 20:38:34 [INFO] [Rank 1] Loading weights...
2026-04-08 20:38:36 [INFO] [Rank 1] Weights loaded.
2026-04-08 20:38:48 [INFO] [Rank 0] Loading weights...
2026-04-08 20:38:51 [INFO] [Rank 0] Weights loaded.
2026-04-08 20:53:42 [INFO] [Rank 2] Finished. Latency: 890820 ms
2026-04-08 20:53:42 [INFO] [Rank 0] Finished. Latency: 890820 ms
2026-04-08 20:53:42 [INFO] [Rank 1] Finished. Latency: 890820 ms
2026-04-08 20:53:42 [INFO] [Rank 3] Finished. Latency: 890824 ms
2026-04-08 20:53:46 [INFO] Total latency:     890820 ms
2026-04-08 20:53:46 [INFO] Peak 5GB memory:   1726 MB
2026-04-08 20:53:46 [INFO] Avg  5GB memory:   1499 MB
2026-04-08 20:53:46 [INFO] [216/364] Split [17, 9, 4, 2] | Batch: 32 | Microbatch: 16 | Microbatches: 2
2026-04-08 20:53:46 [INFO] Loading WikiText... (SEQ_LEN=64, BATCH=32)
2026-04-08 20:54:00 [INFO] [Rank 3] Loading weights...
2026-04-08 20:54:01 [INFO] [Rank 3] Weights loaded.
2026-04-08 20:54:02 [INFO] [Rank 2] Loading weights...
2026-04-08 20:54:04 [INFO] [Rank 2] Weights loaded.
2026-04-08 20:54:10 [INFO] [Rank 1] Loading weights...
2026-04-08 20:54:13 [INFO] [Rank 1] Weights loaded.
2026-04-08 20:54:24 [INFO] [Rank 0] Loading weights...
2026-04-08 20:54:28 [INFO] [Rank 0] Weights loaded.
2026-04-08 20:55:32 [INFO] [Rank 1] Finished. Latency: 63957 ms
2026-04-08 20:55:32 [INFO] [Rank 2] Finished. Latency: 63957 ms
2026-04-08 20:55:32 [INFO] [Rank 0] Finished. Latency: 63957 ms
2026-04-08 20:55:32 [INFO] [Rank 3] Finished. Latency: 63962 ms
2026-04-08 20:55:36 [INFO] Total latency:     63957 ms
2026-04-08 20:55:36 [INFO] Peak 5GB memory:   1718 MB
2026-04-08 20:55:36 [INFO] Avg  5GB memory:   1244 MB
2026-04-08 20:55:36 [INFO] [217/364] Split [17, 9, 4, 2] | Batch: 32 | Microbatch: 8 | Microbatches: 4
2026-04-08 20:55:36 [INFO] Loading WikiText... (SEQ_LEN=64, BATCH=32)
2026-04-08 20:55:50 [INFO] [Rank 3] Loading weights...
2026-04-08 20:55:51 [INFO] [Rank 3] Weights loaded.
2026-04-08 20:55:52 [INFO] [Rank 2] Loading weights...
2026-04-08 20:55:54 [INFO] [Rank 2] Weights loaded.
2026-04-08 20:56:00 [INFO] [Rank 1] Loading weights...
2026-04-08 20:56:02 [INFO] [Rank 1] Weights loaded.
2026-04-08 20:56:14 [INFO] [Rank 0] Loading weights...
2026-04-08 20:56:17 [INFO] [Rank 0] Weights loaded.
2026-04-08 20:58:16 [INFO] [Rank 0] Finished. Latency: 118315 ms
2026-04-08 20:58:16 [INFO] [Rank 2] Finished. Latency: 118315 ms
2026-04-08 20:58:16 [INFO] [Rank 1] Finished. Latency: 118315 ms
2026-04-08 20:58:16 [INFO] [Rank 3] Finished. Latency: 118319 ms
2026-04-08 20:58:20 [INFO] Total latency:     118315 ms
2026-04-08 20:58:20 [INFO] Peak 5GB memory:   1718 MB
2026-04-08 20:58:20 [INFO] Avg  5GB memory:   1272 MB
2026-04-08 20:58:20 [INFO] [218/364] Split [17, 9, 4, 2] | Batch: 32 | Microbatch: 4 | Microbatches: 8
2026-04-08 20:58:20 [INFO] Loading WikiText... (SEQ_LEN=64, BATCH=32)
2026-04-08 20:58:34 [INFO] [Rank 3] Loading weights...
2026-04-08 20:58:35 [INFO] [Rank 3] Weights loaded.
2026-04-08 20:58:36 [INFO] [Rank 2] Loading weights...
2026-04-08 20:58:38 [INFO] [Rank 2] Weights loaded.
2026-04-08 20:58:44 [INFO] [Rank 1] Loading weights...
2026-04-08 20:58:47 [INFO] [Rank 1] Weights loaded.
2026-04-08 20:58:57 [INFO] [Rank 0] Loading weights...
2026-04-08 20:59:01 [INFO] [Rank 0] Weights loaded.
2026-04-08 21:02:49 [INFO] [Rank 2] Finished. Latency: 227568 ms
2026-04-08 21:02:49 [INFO] [Rank 0] Finished. Latency: 227568 ms
2026-04-08 21:02:49 [INFO] [Rank 1] Finished. Latency: 227568 ms
2026-04-08 21:02:49 [INFO] [Rank 3] Finished. Latency: 227572 ms
2026-04-08 21:02:53 [INFO] Total latency:     227568 ms
2026-04-08 21:02:53 [INFO] Peak 5GB memory:   1460 MB
2026-04-08 21:02:53 [INFO] Avg  5GB memory:   1309 MB
2026-04-08 21:02:53 [INFO] [219/364] Split [17, 9, 4, 2] | Batch: 32 | Microbatch: 2 | Microbatches: 16
2026-04-08 21:02:53 [INFO] Loading WikiText... (SEQ_LEN=64, BATCH=32)
2026-04-08 21:03:07 [INFO] [Rank 3] Loading weights...
2026-04-08 21:03:08 [INFO] [Rank 3] Weights loaded.
2026-04-08 21:03:09 [INFO] [Rank 2] Loading weights...
2026-04-08 21:03:11 [INFO] [Rank 2] Weights loaded.
2026-04-08 21:03:17 [INFO] [Rank 1] Loading weights...
2026-04-08 21:03:19 [INFO] [Rank 1] Weights loaded.
2026-04-08 21:03:31 [INFO] [Rank 0] Loading weights...
2026-04-08 21:03:35 [INFO] [Rank 0] Weights loaded.
2026-04-08 21:11:03 [INFO] [Rank 2] Finished. Latency: 448278 ms
2026-04-08 21:11:03 [INFO] [Rank 0] Finished. Latency: 448278 ms
2026-04-08 21:11:03 [INFO] [Rank 1] Finished. Latency: 448278 ms
2026-04-08 21:11:03 [INFO] [Rank 3] Finished. Latency: 448282 ms
2026-04-08 21:11:07 [INFO] Total latency:     448278 ms
2026-04-08 21:11:07 [INFO] Peak 5GB memory:   1486 MB
2026-04-08 21:11:07 [INFO] Avg  5GB memory:   1345 MB
2026-04-08 21:11:07 [INFO] [220/364] Split [17, 9, 4, 2] | Batch: 16 | Microbatch: 8 | Microbatches: 2
2026-04-08 21:11:07 [INFO] Loading WikiText... (SEQ_LEN=64, BATCH=16)
2026-04-08 21:11:21 [INFO] [Rank 3] Loading weights...
2026-04-08 21:11:22 [INFO] [Rank 3] Weights loaded.
2026-04-08 21:11:23 [INFO] [Rank 2] Loading weights...
2026-04-08 21:11:25 [INFO] [Rank 2] Weights loaded.
2026-04-08 21:11:32 [INFO] [Rank 1] Loading weights...
2026-04-08 21:11:34 [INFO] [Rank 1] Weights loaded.
2026-04-08 21:11:45 [INFO] [Rank 0] Loading weights...
2026-04-08 21:11:48 [INFO] [Rank 0] Weights loaded.
2026-04-08 21:12:49 [INFO] [Rank 2] Finished. Latency: 60192 ms
2026-04-08 21:12:49 [INFO] [Rank 1] Finished. Latency: 60192 ms
2026-04-08 21:12:49 [INFO] [Rank 0] Finished. Latency: 60192 ms
2026-04-08 21:12:49 [INFO] [Rank 3] Finished. Latency: 60197 ms
2026-04-08 21:12:52 [INFO] Total latency:     60192 ms
2026-04-08 21:12:52 [INFO] Peak 5GB memory:   1718 MB
2026-04-08 21:12:52 [INFO] Avg  5GB memory:   1166 MB
2026-04-08 21:12:52 [INFO] [221/364] Split [17, 9, 4, 2] | Batch: 16 | Microbatch: 4 | Microbatches: 4
2026-04-08 21:12:52 [INFO] Loading WikiText... (SEQ_LEN=64, BATCH=16)
2026-04-08 21:13:07 [INFO] [Rank 3] Loading weights...
2026-04-08 21:13:08 [INFO] [Rank 3] Weights loaded.
2026-04-08 21:13:09 [INFO] [Rank 2] Loading weights...
2026-04-08 21:13:10 [INFO] [Rank 2] Weights loaded.
2026-04-08 21:13:17 [INFO] [Rank 1] Loading weights...
2026-04-08 21:13:19 [INFO] [Rank 1] Weights loaded.
2026-04-08 21:13:30 [INFO] [Rank 0] Loading weights...
2026-04-08 21:13:34 [INFO] [Rank 0] Weights loaded.
2026-04-08 21:15:31 [INFO] [Rank 1] Finished. Latency: 117027 ms
2026-04-08 21:15:31 [INFO] [Rank 2] Finished. Latency: 117027 ms
2026-04-08 21:15:31 [INFO] [Rank 0] Finished. Latency: 117027 ms
2026-04-08 21:15:31 [INFO] [Rank 3] Finished. Latency: 117031 ms
2026-04-08 21:15:35 [INFO] Total latency:     117027 ms
2026-04-08 21:15:35 [INFO] Peak 5GB memory:   1362 MB
2026-04-08 21:15:35 [INFO] Avg  5GB memory:   1205 MB
2026-04-08 21:15:35 [INFO] [222/364] Split [17, 9, 4, 2] | Batch: 16 | Microbatch: 2 | Microbatches: 8
2026-04-08 21:15:35 [INFO] Loading WikiText... (SEQ_LEN=64, BATCH=16)
2026-04-08 21:15:49 [INFO] [Rank 3] Loading weights...
2026-04-08 21:15:50 [INFO] [Rank 3] Weights loaded.
2026-04-08 21:15:51 [INFO] [Rank 2] Loading weights...
2026-04-08 21:15:53 [INFO] [Rank 2] Weights loaded.
2026-04-08 21:15:59 [INFO] [Rank 1] Loading weights...
2026-04-08 21:16:01 [INFO] [Rank 1] Weights loaded.
2026-04-08 21:16:13 [INFO] [Rank 0] Loading weights...
2026-04-08 21:16:16 [INFO] [Rank 0] Weights loaded.
2026-04-08 21:20:01 [INFO] [Rank 0] Finished. Latency: 224472 ms
2026-04-08 21:20:01 [INFO] [Rank 2] Finished. Latency: 224471 ms
2026-04-08 21:20:01 [INFO] [Rank 1] Finished. Latency: 224472 ms
2026-04-08 21:20:01 [INFO] [Rank 3] Finished. Latency: 224476 ms
2026-04-08 21:20:05 [INFO] Total latency:     224472 ms
2026-04-08 21:20:05 [INFO] Peak 5GB memory:   1718 MB
2026-04-08 21:20:05 [INFO] Avg  5GB memory:   1252 MB
2026-04-08 21:20:05 [INFO] [223/364] Split [17, 9, 4, 2] | Batch: 8 | Microbatch: 4 | Microbatches: 2
2026-04-08 21:20:05 [INFO] Loading WikiText... (SEQ_LEN=64, BATCH=8)
2026-04-08 21:20:20 [INFO] [Rank 3] Loading weights...
2026-04-08 21:20:21 [INFO] [Rank 3] Weights loaded.
2026-04-08 21:20:22 [INFO] [Rank 2] Loading weights...
2026-04-08 21:20:23 [INFO] [Rank 2] Weights loaded.
2026-04-08 21:20:30 [INFO] [Rank 1] Loading weights...
2026-04-08 21:20:32 [INFO] [Rank 1] Weights loaded.
2026-04-08 21:20:43 [INFO] [Rank 0] Loading weights...
2026-04-08 21:20:47 [INFO] [Rank 0] Weights loaded.
2026-04-08 21:21:46 [INFO] [Rank 0] Finished. Latency: 58886 ms
2026-04-08 21:21:46 [INFO] [Rank 2] Finished. Latency: 58886 ms
2026-04-08 21:21:46 [INFO] [Rank 1] Finished. Latency: 58886 ms
2026-04-08 21:21:46 [INFO] [Rank 3] Finished. Latency: 58890 ms
2026-04-08 21:21:50 [INFO] Total latency:     58886 ms
2026-04-08 21:21:50 [INFO] Peak 5GB memory:   1718 MB
2026-04-08 21:21:50 [INFO] Avg  5GB memory:   1134 MB
2026-04-08 21:21:50 [INFO] [224/364] Split [17, 9, 4, 2] | Batch: 8 | Microbatch: 2 | Microbatches: 4
2026-04-08 21:21:50 [INFO] Loading WikiText... (SEQ_LEN=64, BATCH=8)
2026-04-08 21:22:03 [INFO] [Rank 3] Loading weights...
2026-04-08 21:22:04 [INFO] [Rank 3] Weights loaded.
2026-04-08 21:22:05 [INFO] [Rank 2] Loading weights...
2026-04-08 21:22:07 [INFO] [Rank 2] Weights loaded.
2026-04-08 21:22:13 [INFO] [Rank 1] Loading weights...
2026-04-08 21:22:16 [INFO] [Rank 1] Weights loaded.
2026-04-08 21:22:27 [INFO] [Rank 0] Loading weights...
2026-04-08 21:22:31 [INFO] [Rank 0] Weights loaded.
2026-04-08 21:24:24 [INFO] [Rank 1] Finished. Latency: 113621 ms
2026-04-08 21:24:24 [INFO] [Rank 2] Finished. Latency: 113621 ms
2026-04-08 21:24:24 [INFO] [Rank 0] Finished. Latency: 113621 ms
2026-04-08 21:24:24 [INFO] [Rank 3] Finished. Latency: 113625 ms
2026-04-08 21:24:28 [INFO] Total latency:     113621 ms
2026-04-08 21:24:28 [INFO] Peak 5GB memory:   1718 MB
2026-04-08 21:24:28 [INFO] Avg  5GB memory:   1184 MB
2026-04-08 21:24:28 [INFO] [225/364] Split [17, 9, 5, 1] | Batch: 64 | Microbatch: 32 | Microbatches: 2
2026-04-08 21:24:28 [INFO] Loading WikiText... (SEQ_LEN=64, BATCH=64)
2026-04-08 21:24:41 [INFO] [Rank 3] Loading weights...
2026-04-08 21:24:42 [INFO] [Rank 3] Weights loaded.
2026-04-08 21:24:46 [INFO] [Rank 2] Loading weights...
2026-04-08 21:24:47 [INFO] [Rank 2] Weights loaded.
2026-04-08 21:24:53 [INFO] [Rank 1] Loading weights...
2026-04-08 21:24:55 [INFO] [Rank 1] Weights loaded.
2026-04-08 21:25:06 [INFO] [Rank 0] Loading weights...
2026-04-08 21:25:10 [INFO] [Rank 0] Weights loaded.
2026-04-08 21:26:23 [INFO] [Rank 2] Finished. Latency: 72691 ms
2026-04-08 21:26:23 [INFO] [Rank 1] Finished. Latency: 72691 ms
2026-04-08 21:26:23 [INFO] [Rank 0] Finished. Latency: 72691 ms
2026-04-08 21:26:23 [INFO] [Rank 3] Finished. Latency: 72695 ms
2026-04-08 21:26:27 [INFO] Total latency:     72691 ms
2026-04-08 21:26:27 [INFO] Peak 5GB memory:   1324 MB
2026-04-08 21:26:27 [INFO] Avg  5GB memory:   992 MB
2026-04-08 21:26:27 [INFO] [226/364] Split [17, 9, 5, 1] | Batch: 64 | Microbatch: 16 | Microbatches: 4
2026-04-08 21:26:27 [INFO] Loading WikiText... (SEQ_LEN=64, BATCH=64)
2026-04-08 21:26:39 [INFO] [Rank 3] Loading weights...
2026-04-08 21:26:40 [INFO] [Rank 3] Weights loaded.
2026-04-08 21:26:45 [INFO] [Rank 2] Loading weights...
2026-04-08 21:26:46 [INFO] [Rank 2] Weights loaded.
2026-04-08 21:26:51 [INFO] [Rank 1] Loading weights...
2026-04-08 21:26:53 [INFO] [Rank 1] Weights loaded.
2026-04-08 21:27:05 [INFO] [Rank 0] Loading weights...
2026-04-08 21:27:08 [INFO] [Rank 0] Weights loaded.
2026-04-08 21:29:15 [INFO] [Rank 1] Finished. Latency: 126893 ms
2026-04-08 21:29:15 [INFO] [Rank 0] Finished. Latency: 126893 ms
2026-04-08 21:29:15 [INFO] [Rank 2] Finished. Latency: 126893 ms
2026-04-08 21:29:15 [INFO] [Rank 3] Finished. Latency: 126896 ms
2026-04-08 21:29:19 [INFO] Total latency:     126893 ms
2026-04-08 21:29:19 [INFO] Peak 5GB memory:   1180 MB
2026-04-08 21:29:19 [INFO] Avg  5GB memory:   937 MB
2026-04-08 21:29:19 [INFO] [227/364] Split [17, 9, 5, 1] | Batch: 64 | Microbatch: 8 | Microbatches: 8
2026-04-08 21:29:19 [INFO] Loading WikiText... (SEQ_LEN=64, BATCH=64)
2026-04-08 21:29:31 [INFO] [Rank 3] Loading weights...
2026-04-08 21:29:32 [INFO] [Rank 3] Weights loaded.
2026-04-08 21:29:37 [INFO] [Rank 2] Loading weights...
2026-04-08 21:29:38 [INFO] [Rank 2] Weights loaded.
2026-04-08 21:29:43 [INFO] [Rank 1] Loading weights...
2026-04-08 21:29:45 [INFO] [Rank 1] Weights loaded.
2026-04-08 21:29:56 [INFO] [Rank 0] Loading weights...
2026-04-08 21:30:00 [INFO] [Rank 0] Weights loaded.
2026-04-08 21:33:55 [INFO] [Rank 2] Finished. Latency: 234981 ms
2026-04-08 21:33:55 [INFO] [Rank 1] Finished. Latency: 234981 ms
2026-04-08 21:33:55 [INFO] [Rank 0] Finished. Latency: 234981 ms
2026-04-08 21:33:55 [INFO] [Rank 3] Finished. Latency: 234984 ms
2026-04-08 21:33:59 [INFO] Total latency:     234981 ms
2026-04-08 21:33:59 [INFO] Peak 5GB memory:   1066 MB
2026-04-08 21:33:59 [INFO] Avg  5GB memory:   942 MB
2026-04-08 21:33:59 [INFO] [228/364] Split [17, 9, 5, 1] | Batch: 64 | Microbatch: 4 | Microbatches: 16
2026-04-08 21:33:59 [INFO] Loading WikiText... (SEQ_LEN=64, BATCH=64)
2026-04-08 21:34:12 [INFO] [Rank 3] Loading weights...
2026-04-08 21:34:13 [INFO] [Rank 3] Weights loaded.
2026-04-08 21:34:17 [INFO] [Rank 2] Loading weights...
2026-04-08 21:34:19 [INFO] [Rank 2] Weights loaded.
2026-04-08 21:34:23 [INFO] [Rank 1] Loading weights...
2026-04-08 21:34:25 [INFO] [Rank 1] Weights loaded.
2026-04-08 21:34:37 [INFO] [Rank 0] Loading weights...
2026-04-08 21:34:41 [INFO] [Rank 0] Weights loaded.
2026-04-08 21:42:18 [INFO] [Rank 2] Finished. Latency: 457186 ms
2026-04-08 21:42:18 [INFO] [Rank 1] Finished. Latency: 457186 ms
2026-04-08 21:42:18 [INFO] [Rank 0] Finished. Latency: 457186 ms
2026-04-08 21:42:18 [INFO] [Rank 3] Finished. Latency: 457188 ms
2026-04-08 21:42:22 [INFO] Total latency:     457186 ms
2026-04-08 21:42:22 [INFO] Peak 5GB memory:   1298 MB
2026-04-08 21:42:22 [INFO] Avg  5GB memory:   954 MB
2026-04-08 21:42:22 [INFO] [229/364] Split [17, 9, 5, 1] | Batch: 64 | Microbatch: 2 | Microbatches: 32
2026-04-08 21:42:22 [INFO] Loading WikiText... (SEQ_LEN=64, BATCH=64)
2026-04-08 21:42:35 [INFO] [Rank 3] Loading weights...
2026-04-08 21:42:36 [INFO] [Rank 3] Weights loaded.
2026-04-08 21:42:40 [INFO] [Rank 2] Loading weights...
2026-04-08 21:42:42 [INFO] [Rank 2] Weights loaded.
2026-04-08 21:42:47 [INFO] [Rank 1] Loading weights...
2026-04-08 21:42:49 [INFO] [Rank 1] Weights loaded.
2026-04-08 21:43:00 [INFO] [Rank 0] Loading weights...
2026-04-08 21:43:04 [INFO] [Rank 0] Weights loaded.
2026-04-08 21:57:58 [INFO] [Rank 2] Finished. Latency: 893861 ms
2026-04-08 21:57:58 [INFO] [Rank 1] Finished. Latency: 893861 ms
2026-04-08 21:57:58 [INFO] [Rank 0] Finished. Latency: 893861 ms
2026-04-08 21:57:58 [INFO] [Rank 3] Finished. Latency: 893864 ms
2026-04-08 21:58:02 [INFO] Total latency:     893861 ms
2026-04-08 21:58:02 [INFO] Peak 5GB memory:   1298 MB
2026-04-08 21:58:02 [INFO] Avg  5GB memory:   967 MB
2026-04-08 21:58:02 [INFO] [230/364] Split [17, 9, 5, 1] | Batch: 32 | Microbatch: 16 | Microbatches: 2
2026-04-08 21:58:02 [INFO] Loading WikiText... (SEQ_LEN=64, BATCH=32)
2026-04-08 21:58:15 [INFO] [Rank 3] Loading weights...
2026-04-08 21:58:16 [INFO] [Rank 3] Weights loaded.
2026-04-08 21:58:20 [INFO] [Rank 2] Loading weights...
2026-04-08 21:58:21 [INFO] [Rank 2] Weights loaded.
2026-04-08 21:58:27 [INFO] [Rank 1] Loading weights...
2026-04-08 21:58:29 [INFO] [Rank 1] Weights loaded.
2026-04-08 21:58:40 [INFO] [Rank 0] Loading weights...
2026-04-08 21:58:43 [INFO] [Rank 0] Weights loaded.
2026-04-08 21:59:48 [INFO] [Rank 2] Finished. Latency: 64224 ms
2026-04-08 21:59:48 [INFO] [Rank 0] Finished. Latency: 64224 ms
2026-04-08 21:59:48 [INFO] [Rank 1] Finished. Latency: 64224 ms
2026-04-08 21:59:48 [INFO] [Rank 3] Finished. Latency: 64227 ms
2026-04-08 21:59:51 [INFO] Total latency:     64224 ms
2026-04-08 21:59:51 [INFO] Peak 5GB memory:   1298 MB
2026-04-08 21:59:51 [INFO] Avg  5GB memory:   844 MB
2026-04-08 21:59:51 [INFO] [231/364] Split [17, 9, 5, 1] | Batch: 32 | Microbatch: 8 | Microbatches: 4
2026-04-08 21:59:51 [INFO] Loading WikiText... (SEQ_LEN=64, BATCH=32)
2026-04-08 22:00:04 [INFO] [Rank 3] Loading weights...
2026-04-08 22:00:05 [INFO] [Rank 3] Weights loaded.
2026-04-08 22:00:09 [INFO] [Rank 2] Loading weights...
2026-04-08 22:00:11 [INFO] [Rank 2] Weights loaded.
2026-04-08 22:00:16 [INFO] [Rank 1] Loading weights...
2026-04-08 22:00:18 [INFO] [Rank 1] Weights loaded.
2026-04-08 22:00:29 [INFO] [Rank 0] Loading weights...
2026-04-08 22:00:33 [INFO] [Rank 0] Weights loaded.
2026-04-08 22:02:32 [INFO] [Rank 2] Finished. Latency: 119058 ms
2026-04-08 22:02:32 [INFO] [Rank 0] Finished. Latency: 119059 ms
2026-04-08 22:02:32 [INFO] [Rank 1] Finished. Latency: 119059 ms
2026-04-08 22:02:32 [INFO] [Rank 3] Finished. Latency: 119061 ms
2026-04-08 22:02:36 [INFO] Total latency:     119059 ms
2026-04-08 22:02:36 [INFO] Peak 5GB memory:   1298 MB
2026-04-08 22:02:36 [INFO] Avg  5GB memory:   851 MB
2026-04-08 22:02:36 [INFO] [232/364] Split [17, 9, 5, 1] | Batch: 32 | Microbatch: 4 | Microbatches: 8
2026-04-08 22:02:36 [INFO] Loading WikiText... (SEQ_LEN=64, BATCH=32)
2026-04-08 22:02:48 [INFO] [Rank 3] Loading weights...
2026-04-08 22:02:49 [INFO] [Rank 3] Weights loaded.
2026-04-08 22:02:53 [INFO] [Rank 2] Loading weights...
2026-04-08 22:02:54 [INFO] [Rank 2] Weights loaded.
2026-04-08 22:02:59 [INFO] [Rank 1] Loading weights...
2026-04-08 22:03:02 [INFO] [Rank 1] Weights loaded.
2026-04-08 22:03:13 [INFO] [Rank 0] Loading weights...
2026-04-08 22:03:17 [INFO] [Rank 0] Weights loaded.
2026-04-08 22:07:04 [INFO] [Rank 2] Finished. Latency: 227379 ms
2026-04-08 22:07:04 [INFO] [Rank 1] Finished. Latency: 227379 ms
2026-04-08 22:07:04 [INFO] [Rank 0] Finished. Latency: 227379 ms
2026-04-08 22:07:04 [INFO] [Rank 3] Finished. Latency: 227382 ms
2026-04-08 22:07:08 [INFO] Total latency:     227379 ms
2026-04-08 22:07:08 [INFO] Peak 5GB memory:   1298 MB
2026-04-08 22:07:08 [INFO] Avg  5GB memory:   869 MB
2026-04-08 22:07:08 [INFO] [233/364] Split [17, 9, 5, 1] | Batch: 32 | Microbatch: 2 | Microbatches: 16
2026-04-08 22:07:08 [INFO] Loading WikiText... (SEQ_LEN=64, BATCH=32)
2026-04-08 22:07:21 [INFO] [Rank 3] Loading weights...
2026-04-08 22:07:22 [INFO] [Rank 3] Weights loaded.
2026-04-08 22:07:26 [INFO] [Rank 2] Loading weights...
2026-04-08 22:07:28 [INFO] [Rank 2] Weights loaded.
2026-04-08 22:07:33 [INFO] [Rank 1] Loading weights...
2026-04-08 22:07:35 [INFO] [Rank 1] Weights loaded.
2026-04-08 22:07:46 [INFO] [Rank 0] Loading weights...
2026-04-08 22:07:50 [INFO] [Rank 0] Weights loaded.
2026-04-08 22:15:18 [INFO] [Rank 1] Finished. Latency: 447973 ms
2026-04-08 22:15:18 [INFO] [Rank 2] Finished. Latency: 447973 ms
2026-04-08 22:15:18 [INFO] [Rank 0] Finished. Latency: 447973 ms
2026-04-08 22:15:18 [INFO] [Rank 3] Finished. Latency: 447976 ms
2026-04-08 22:15:22 [INFO] Total latency:     447973 ms
2026-04-08 22:15:22 [INFO] Peak 5GB memory:   1042 MB
2026-04-08 22:15:22 [INFO] Avg  5GB memory:   886 MB
2026-04-08 22:15:22 [INFO] [234/364] Split [17, 9, 5, 1] | Batch: 16 | Microbatch: 8 | Microbatches: 2
2026-04-08 22:15:22 [INFO] Loading WikiText... (SEQ_LEN=64, BATCH=16)
2026-04-08 22:15:36 [INFO] [Rank 3] Loading weights...
2026-04-08 22:15:37 [INFO] [Rank 3] Weights loaded.
2026-04-08 22:15:41 [INFO] [Rank 2] Loading weights...
2026-04-08 22:15:43 [INFO] [Rank 2] Weights loaded.
2026-04-08 22:15:48 [INFO] [Rank 1] Loading weights...
2026-04-08 22:15:50 [INFO] [Rank 1] Weights loaded.
2026-04-08 22:16:02 [INFO] [Rank 0] Loading weights...
2026-04-08 22:16:06 [INFO] [Rank 0] Weights loaded.
2026-04-08 22:17:06 [INFO] [Rank 2] Finished. Latency: 60256 ms
2026-04-08 22:17:06 [INFO] [Rank 1] Finished. Latency: 60256 ms
2026-04-08 22:17:06 [INFO] [Rank 0] Finished. Latency: 60256 ms
2026-04-08 22:17:06 [INFO] [Rank 3] Finished. Latency: 60259 ms
2026-04-08 22:17:10 [INFO] Total latency:     60256 ms
2026-04-08 22:17:10 [INFO] Peak 5GB memory:   908 MB
2026-04-08 22:17:10 [INFO] Avg  5GB memory:   785 MB
2026-04-08 22:17:10 [INFO] [235/364] Split [17, 9, 5, 1] | Batch: 16 | Microbatch: 4 | Microbatches: 4
2026-04-08 22:17:10 [INFO] Loading WikiText... (SEQ_LEN=64, BATCH=16)
2026-04-08 22:17:22 [INFO] [Rank 3] Loading weights...
2026-04-08 22:17:23 [INFO] [Rank 3] Weights loaded.
2026-04-08 22:17:28 [INFO] [Rank 2] Loading weights...
2026-04-08 22:17:29 [INFO] [Rank 2] Weights loaded.
2026-04-08 22:17:34 [INFO] [Rank 1] Loading weights...
2026-04-08 22:17:36 [INFO] [Rank 1] Weights loaded.
2026-04-08 22:17:47 [INFO] [Rank 0] Loading weights...
2026-04-08 22:17:51 [INFO] [Rank 0] Weights loaded.
2026-04-08 22:19:47 [INFO] [Rank 2] Finished. Latency: 115834 ms
2026-04-08 22:19:47 [INFO] [Rank 0] Finished. Latency: 115835 ms
2026-04-08 22:19:47 [INFO] [Rank 1] Finished. Latency: 115835 ms
2026-04-08 22:19:47 [INFO] [Rank 3] Finished. Latency: 115837 ms
2026-04-08 22:19:51 [INFO] Total latency:     115835 ms
2026-04-08 22:19:51 [INFO] Peak 5GB memory:   1298 MB
2026-04-08 22:19:51 [INFO] Avg  5GB memory:   809 MB
2026-04-08 22:19:51 [INFO] [236/364] Split [17, 9, 5, 1] | Batch: 16 | Microbatch: 2 | Microbatches: 8
2026-04-08 22:19:51 [INFO] Loading WikiText... (SEQ_LEN=64, BATCH=16)
2026-04-08 22:20:03 [INFO] [Rank 3] Loading weights...
2026-04-08 22:20:04 [INFO] [Rank 3] Weights loaded.
2026-04-08 22:20:08 [INFO] [Rank 2] Loading weights...
2026-04-08 22:20:10 [INFO] [Rank 2] Weights loaded.
2026-04-08 22:20:15 [INFO] [Rank 1] Loading weights...
2026-04-08 22:20:17 [INFO] [Rank 1] Weights loaded.
2026-04-08 22:20:28 [INFO] [Rank 0] Loading weights...
2026-04-08 22:20:32 [INFO] [Rank 0] Weights loaded.
2026-04-08 22:24:15 [INFO] [Rank 2] Finished. Latency: 223356 ms
2026-04-08 22:24:15 [INFO] [Rank 1] Finished. Latency: 223356 ms
2026-04-08 22:24:15 [INFO] [Rank 0] Finished. Latency: 223356 ms
2026-04-08 22:24:15 [INFO] [Rank 3] Finished. Latency: 223359 ms
2026-04-08 22:24:19 [INFO] Total latency:     223356 ms
2026-04-08 22:24:19 [INFO] Peak 5GB memory:   1298 MB
2026-04-08 22:24:19 [INFO] Avg  5GB memory:   824 MB
2026-04-08 22:24:19 [INFO] [237/364] Split [17, 9, 5, 1] | Batch: 8 | Microbatch: 4 | Microbatches: 2
2026-04-08 22:24:19 [INFO] Loading WikiText... (SEQ_LEN=64, BATCH=8)
2026-04-08 22:24:32 [INFO] [Rank 3] Loading weights...
2026-04-08 22:24:33 [INFO] [Rank 3] Weights loaded.
2026-04-08 22:24:37 [INFO] [Rank 2] Loading weights...
2026-04-08 22:24:39 [INFO] [Rank 2] Weights loaded.
2026-04-08 22:24:44 [INFO] [Rank 1] Loading weights...
2026-04-08 22:24:46 [INFO] [Rank 1] Weights loaded.
2026-04-08 22:24:58 [INFO] [Rank 0] Loading weights...
2026-04-08 22:25:01 [INFO] [Rank 0] Weights loaded.
2026-04-08 22:26:00 [INFO] [Rank 2] Finished. Latency: 58226 ms
2026-04-08 22:26:00 [INFO] [Rank 1] Finished. Latency: 58226 ms
2026-04-08 22:26:00 [INFO] [Rank 0] Finished. Latency: 58226 ms
2026-04-08 22:26:00 [INFO] [Rank 3] Finished. Latency: 58229 ms
2026-04-08 22:26:03 [INFO] Total latency:     58226 ms
2026-04-08 22:26:03 [INFO] Peak 5GB memory:   870 MB
2026-04-08 22:26:03 [INFO] Avg  5GB memory:   761 MB
2026-04-08 22:26:03 [INFO] [238/364] Split [17, 9, 5, 1] | Batch: 8 | Microbatch: 2 | Microbatches: 4
2026-04-08 22:26:03 [INFO] Loading WikiText... (SEQ_LEN=64, BATCH=8)
2026-04-08 22:26:15 [INFO] [Rank 3] Loading weights...
2026-04-08 22:26:16 [INFO] [Rank 3] Weights loaded.
2026-04-08 22:26:21 [INFO] [Rank 2] Loading weights...
2026-04-08 22:26:22 [INFO] [Rank 2] Weights loaded.
2026-04-08 22:26:27 [INFO] [Rank 1] Loading weights...
2026-04-08 22:26:29 [INFO] [Rank 1] Weights loaded.
2026-04-08 22:26:40 [INFO] [Rank 0] Loading weights...
2026-04-08 22:26:44 [INFO] [Rank 0] Weights loaded.
2026-04-08 22:28:39 [INFO] [Rank 2] Finished. Latency: 114461 ms
2026-04-08 22:28:39 [INFO] [Rank 1] Finished. Latency: 114461 ms
2026-04-08 22:28:39 [INFO] [Rank 0] Finished. Latency: 114461 ms
2026-04-08 22:28:39 [INFO] [Rank 3] Finished. Latency: 114463 ms
2026-04-08 22:28:43 [INFO] Total latency:     114461 ms
2026-04-08 22:28:43 [INFO] Peak 5GB memory:   1298 MB
2026-04-08 22:28:43 [INFO] Avg  5GB memory:   787 MB
2026-04-08 22:28:43 [INFO] [239/364] Split [18, 6, 4, 4] | Batch: 64 | Microbatch: 32 | Microbatches: 2
2026-04-08 22:28:43 [INFO] Loading WikiText... (SEQ_LEN=64, BATCH=64)
2026-04-08 22:28:59 [INFO] [Rank 2] Loading weights...
2026-04-08 22:29:00 [INFO] [Rank 3] Loading weights...
2026-04-08 22:29:01 [INFO] [Rank 2] Weights loaded.
2026-04-08 22:29:02 [INFO] [Rank 3] Weights loaded.
2026-04-08 22:29:02 [INFO] [Rank 1] Loading weights...
2026-04-08 22:29:04 [INFO] [Rank 1] Weights loaded.
2026-04-08 22:29:23 [INFO] [Rank 0] Loading weights...
2026-04-08 22:29:27 [INFO] [Rank 0] Weights loaded.
2026-04-08 22:30:43 [INFO] [Rank 1] Finished. Latency: 75854 ms
2026-04-08 22:30:43 [INFO] [Rank 2] Finished. Latency: 75854 ms
2026-04-08 22:30:43 [INFO] [Rank 0] Finished. Latency: 75854 ms
2026-04-08 22:30:43 [INFO] [Rank 3] Finished. Latency: 75868 ms
2026-04-08 22:30:46 [INFO] Total latency:     75854 ms
2026-04-08 22:30:46 [INFO] Peak 5GB memory:   4524 MB
2026-04-08 22:30:46 [INFO] Avg  5GB memory:   2472 MB
2026-04-08 22:30:46 [INFO] [240/364] Split [18, 6, 4, 4] | Batch: 64 | Microbatch: 16 | Microbatches: 4
2026-04-08 22:30:46 [INFO] Loading WikiText... (SEQ_LEN=64, BATCH=64)
2026-04-08 22:31:02 [INFO] [Rank 2] Loading weights...
2026-04-08 22:31:03 [INFO] [Rank 3] Loading weights...
2026-04-08 22:31:04 [INFO] [Rank 2] Weights loaded.
2026-04-08 22:31:05 [INFO] [Rank 3] Weights loaded.
2026-04-08 22:31:06 [INFO] [Rank 1] Loading weights...
2026-04-08 22:31:07 [INFO] [Rank 1] Weights loaded.
2026-04-08 22:31:26 [INFO] [Rank 0] Loading weights...
2026-04-08 22:31:29 [INFO] [Rank 0] Weights loaded.
2026-04-08 22:33:41 [INFO] [Rank 1] Finished. Latency: 131729 ms
2026-04-08 22:33:41 [INFO] [Rank 2] Finished. Latency: 131729 ms
2026-04-08 22:33:41 [INFO] [Rank 0] Finished. Latency: 131729 ms
2026-04-08 22:33:41 [INFO] [Rank 3] Finished. Latency: 131740 ms
2026-04-08 22:33:45 [INFO] Total latency:     131729 ms
2026-04-08 22:33:45 [INFO] Peak 5GB memory:   3348 MB
2026-04-08 22:33:45 [INFO] Avg  5GB memory:   2395 MB
2026-04-08 22:33:45 [INFO] [241/364] Split [18, 6, 4, 4] | Batch: 64 | Microbatch: 8 | Microbatches: 8
2026-04-08 22:33:45 [INFO] Loading WikiText... (SEQ_LEN=64, BATCH=64)
2026-04-08 22:34:01 [INFO] [Rank 2] Loading weights...
2026-04-08 22:34:02 [INFO] [Rank 3] Loading weights...
2026-04-08 22:34:03 [INFO] [Rank 2] Weights loaded.
2026-04-08 22:34:04 [INFO] [Rank 3] Weights loaded.
2026-04-08 22:34:05 [INFO] [Rank 1] Loading weights...
2026-04-08 22:34:07 [INFO] [Rank 1] Weights loaded.
2026-04-08 22:34:25 [INFO] [Rank 0] Loading weights...
2026-04-08 22:34:28 [INFO] [Rank 0] Weights loaded.
2026-04-08 22:38:34 [INFO] [Rank 2] Finished. Latency: 245418 ms
2026-04-08 22:38:34 [INFO] [Rank 1] Finished. Latency: 245418 ms
2026-04-08 22:38:34 [INFO] [Rank 0] Finished. Latency: 245418 ms
2026-04-08 22:38:34 [INFO] [Rank 3] Finished. Latency: 245427 ms
2026-04-08 22:38:38 [INFO] Total latency:     245418 ms
2026-04-08 22:38:38 [INFO] Peak 5GB memory:   2848 MB
2026-04-08 22:38:38 [INFO] Avg  5GB memory:   2401 MB
2026-04-08 22:38:38 [INFO] [242/364] Split [18, 6, 4, 4] | Batch: 64 | Microbatch: 4 | Microbatches: 16
2026-04-08 22:38:38 [INFO] Loading WikiText... (SEQ_LEN=64, BATCH=64)
2026-04-08 22:38:55 [INFO] [Rank 2] Loading weights...
2026-04-08 22:38:56 [INFO] [Rank 3] Loading weights...
2026-04-08 22:38:56 [INFO] [Rank 2] Weights loaded.
2026-04-08 22:38:57 [INFO] [Rank 3] Weights loaded.
2026-04-08 22:38:58 [INFO] [Rank 1] Loading weights...
2026-04-08 22:39:00 [INFO] [Rank 1] Weights loaded.
2026-04-08 22:39:17 [INFO] [Rank 0] Loading weights...
2026-04-08 22:39:21 [INFO] [Rank 0] Weights loaded.
2026-04-08 22:47:12 [INFO] [Rank 2] Finished. Latency: 470766 ms
2026-04-08 22:47:12 [INFO] [Rank 0] Finished. Latency: 470766 ms
2026-04-08 22:47:12 [INFO] [Rank 1] Finished. Latency: 470766 ms
2026-04-08 22:47:12 [INFO] [Rank 3] Finished. Latency: 470774 ms
2026-04-08 22:47:16 [INFO] Total latency:     470766 ms
2026-04-08 22:47:16 [INFO] Peak 5GB memory:   2896 MB
2026-04-08 22:47:16 [INFO] Avg  5GB memory:   2487 MB
2026-04-08 22:47:16 [INFO] [243/364] Split [18, 6, 4, 4] | Batch: 64 | Microbatch: 2 | Microbatches: 32
2026-04-08 22:47:16 [INFO] Loading WikiText... (SEQ_LEN=64, BATCH=64)
2026-04-08 22:47:33 [INFO] [Rank 2] Loading weights...
2026-04-08 22:47:34 [INFO] [Rank 3] Loading weights...
2026-04-08 22:47:34 [INFO] [Rank 2] Weights loaded.
2026-04-08 22:47:35 [INFO] [Rank 3] Weights loaded.
2026-04-08 22:47:36 [INFO] [Rank 1] Loading weights...
2026-04-08 22:47:38 [INFO] [Rank 1] Weights loaded.
2026-04-08 22:47:56 [INFO] [Rank 0] Loading weights...
2026-04-08 22:48:00 [INFO] [Rank 0] Weights loaded.
2026-04-08 23:03:27 [INFO] [Rank 2] Finished. Latency: 927018 ms
2026-04-08 23:03:27 [INFO] [Rank 1] Finished. Latency: 927018 ms
2026-04-08 23:03:27 [INFO] [Rank 0] Finished. Latency: 927018 ms
2026-04-08 23:03:27 [INFO] [Rank 3] Finished. Latency: 927025 ms
2026-04-08 23:03:31 [INFO] Total latency:     927018 ms
2026-04-08 23:03:31 [INFO] Peak 5GB memory:   3016 MB
2026-04-08 23:03:31 [INFO] Avg  5GB memory:   2566 MB
2026-04-08 23:03:31 [INFO] [244/364] Split [18, 6, 4, 4] | Batch: 32 | Microbatch: 16 | Microbatches: 2
2026-04-08 23:03:31 [INFO] Loading WikiText... (SEQ_LEN=64, BATCH=32)
2026-04-08 23:03:48 [INFO] [Rank 2] Loading weights...
2026-04-08 23:03:49 [INFO] [Rank 3] Loading weights...
2026-04-08 23:03:49 [INFO] [Rank 2] Weights loaded.
2026-04-08 23:03:51 [INFO] [Rank 3] Weights loaded.
2026-04-08 23:03:52 [INFO] [Rank 1] Loading weights...
2026-04-08 23:03:53 [INFO] [Rank 1] Weights loaded.
2026-04-08 23:04:11 [INFO] [Rank 0] Loading weights...
2026-04-08 23:04:15 [INFO] [Rank 0] Weights loaded.
2026-04-08 23:05:22 [INFO] [Rank 2] Finished. Latency: 66717 ms
2026-04-08 23:05:22 [INFO] [Rank 1] Finished. Latency: 66717 ms
2026-04-08 23:05:22 [INFO] [Rank 0] Finished. Latency: 66717 ms
2026-04-08 23:05:22 [INFO] [Rank 3] Finished. Latency: 66728 ms
2026-04-08 23:05:25 [INFO] Total latency:     66717 ms
2026-04-08 23:05:25 [INFO] Peak 5GB memory:   2706 MB
2026-04-08 23:05:25 [INFO] Avg  5GB memory:   2041 MB
2026-04-08 23:05:25 [INFO] [245/364] Split [18, 6, 4, 4] | Batch: 32 | Microbatch: 8 | Microbatches: 4
2026-04-08 23:05:25 [INFO] Loading WikiText... (SEQ_LEN=64, BATCH=32)
2026-04-08 23:05:42 [INFO] [Rank 2] Loading weights...
2026-04-08 23:05:43 [INFO] [Rank 3] Loading weights...
2026-04-08 23:05:43 [INFO] [Rank 2] Weights loaded.
2026-04-08 23:05:44 [INFO] [Rank 3] Weights loaded.
2026-04-08 23:05:45 [INFO] [Rank 1] Loading weights...
2026-04-08 23:05:47 [INFO] [Rank 1] Weights loaded.
2026-04-08 23:06:05 [INFO] [Rank 0] Loading weights...
2026-04-08 23:06:09 [INFO] [Rank 0] Weights loaded.
2026-04-08 23:08:12 [INFO] [Rank 0] Finished. Latency: 123135 ms
2026-04-08 23:08:12 [INFO] [Rank 1] Finished. Latency: 123135 ms
2026-04-08 23:08:12 [INFO] [Rank 2] Finished. Latency: 123135 ms
2026-04-08 23:08:12 [INFO] [Rank 3] Finished. Latency: 123144 ms
2026-04-08 23:08:16 [INFO] Total latency:     123135 ms
2026-04-08 23:08:16 [INFO] Peak 5GB memory:   2558 MB
2026-04-08 23:08:16 [INFO] Avg  5GB memory:   2110 MB
2026-04-08 23:08:16 [INFO] [246/364] Split [18, 6, 4, 4] | Batch: 32 | Microbatch: 4 | Microbatches: 8
2026-04-08 23:08:16 [INFO] Loading WikiText... (SEQ_LEN=64, BATCH=32)
2026-04-08 23:08:32 [INFO] [Rank 2] Loading weights...
2026-04-08 23:08:33 [INFO] [Rank 3] Loading weights...
2026-04-08 23:08:34 [INFO] [Rank 2] Weights loaded.
2026-04-08 23:08:35 [INFO] [Rank 3] Weights loaded.
2026-04-08 23:08:36 [INFO] [Rank 1] Loading weights...
2026-04-08 23:08:38 [INFO] [Rank 1] Weights loaded.
2026-04-08 23:08:55 [INFO] [Rank 0] Loading weights...
2026-04-08 23:08:59 [INFO] [Rank 0] Weights loaded.
2026-04-08 23:12:57 [INFO] [Rank 2] Finished. Latency: 237728 ms
2026-04-08 23:12:57 [INFO] [Rank 1] Finished. Latency: 237728 ms
2026-04-08 23:12:57 [INFO] [Rank 0] Finished. Latency: 237728 ms
2026-04-08 23:12:57 [INFO] [Rank 3] Finished. Latency: 237736 ms
2026-04-08 23:13:01 [INFO] Total latency:     237728 ms
2026-04-08 23:13:01 [INFO] Peak 5GB memory:   2492 MB
2026-04-08 23:13:01 [INFO] Avg  5GB memory:   2200 MB
2026-04-08 23:13:01 [INFO] [247/364] Split [18, 6, 4, 4] | Batch: 32 | Microbatch: 2 | Microbatches: 16
2026-04-08 23:13:01 [INFO] Loading WikiText... (SEQ_LEN=64, BATCH=32)
2026-04-08 23:13:17 [INFO] [Rank 2] Loading weights...
2026-04-08 23:13:18 [INFO] [Rank 3] Loading weights...
2026-04-08 23:13:19 [INFO] [Rank 2] Weights loaded.
2026-04-08 23:13:20 [INFO] [Rank 3] Weights loaded.
2026-04-08 23:13:21 [INFO] [Rank 1] Loading weights...
2026-04-08 23:13:23 [INFO] [Rank 1] Weights loaded.
2026-04-08 23:13:40 [INFO] [Rank 0] Loading weights...
2026-04-08 23:13:44 [INFO] [Rank 0] Weights loaded.
2026-04-08 23:21:32 [INFO] [Rank 1] Finished. Latency: 468022 ms
2026-04-08 23:21:32 [INFO] [Rank 2] Finished. Latency: 468022 ms
2026-04-08 23:21:32 [INFO] [Rank 0] Finished. Latency: 468022 ms
2026-04-08 23:21:32 [INFO] [Rank 3] Finished. Latency: 468029 ms
2026-04-08 23:21:36 [INFO] Total latency:     468022 ms
2026-04-08 23:21:36 [INFO] Peak 5GB memory:   2558 MB
2026-04-08 23:21:36 [INFO] Avg  5GB memory:   2278 MB
2026-04-08 23:21:36 [INFO] [248/364] Split [18, 6, 4, 4] | Batch: 16 | Microbatch: 8 | Microbatches: 2
2026-04-08 23:21:36 [INFO] Loading WikiText... (SEQ_LEN=64, BATCH=16)
2026-04-08 23:21:52 [INFO] [Rank 2] Loading weights...
2026-04-08 23:21:53 [INFO] [Rank 3] Loading weights...
2026-04-08 23:21:54 [INFO] [Rank 2] Weights loaded.
2026-04-08 23:21:55 [INFO] [Rank 3] Weights loaded.
2026-04-08 23:21:56 [INFO] [Rank 1] Loading weights...
2026-04-08 23:21:57 [INFO] [Rank 1] Weights loaded.
2026-04-08 23:22:15 [INFO] [Rank 0] Loading weights...
2026-04-08 23:22:19 [INFO] [Rank 0] Weights loaded.
2026-04-08 23:23:21 [INFO] [Rank 2] Finished. Latency: 62319 ms
2026-04-08 23:23:21 [INFO] [Rank 1] Finished. Latency: 62319 ms
2026-04-08 23:23:21 [INFO] [Rank 0] Finished. Latency: 62319 ms
2026-04-08 23:23:21 [INFO] [Rank 3] Finished. Latency: 62328 ms
2026-04-08 23:23:25 [INFO] Total latency:     62319 ms
2026-04-08 23:23:25 [INFO] Peak 5GB memory:   2302 MB
2026-04-08 23:23:25 [INFO] Avg  5GB memory:   1925 MB
2026-04-08 23:23:25 [INFO] [249/364] Split [18, 6, 4, 4] | Batch: 16 | Microbatch: 4 | Microbatches: 4
2026-04-08 23:23:25 [INFO] Loading WikiText... (SEQ_LEN=64, BATCH=16)
2026-04-08 23:23:41 [INFO] [Rank 2] Loading weights...
2026-04-08 23:23:42 [INFO] [Rank 3] Loading weights...
2026-04-08 23:23:42 [INFO] [Rank 2] Weights loaded.
2026-04-08 23:23:44 [INFO] [Rank 3] Weights loaded.
2026-04-08 23:23:44 [INFO] [Rank 1] Loading weights...
2026-04-08 23:23:46 [INFO] [Rank 1] Weights loaded.
2026-04-08 23:24:04 [INFO] [Rank 0] Loading weights...
2026-04-08 23:24:08 [INFO] [Rank 0] Weights loaded.
2026-04-08 23:26:08 [INFO] [Rank 0] Finished. Latency: 119486 ms
2026-04-08 23:26:08 [INFO] [Rank 2] Finished. Latency: 119486 ms
2026-04-08 23:26:08 [INFO] [Rank 1] Finished. Latency: 119486 ms
2026-04-08 23:26:08 [INFO] [Rank 3] Finished. Latency: 119494 ms
2026-04-08 23:26:11 [INFO] Total latency:     119486 ms
2026-04-08 23:26:11 [INFO] Peak 5GB memory:   2302 MB
2026-04-08 23:26:11 [INFO] Avg  5GB memory:   2021 MB
2026-04-08 23:26:11 [INFO] [250/364] Split [18, 6, 4, 4] | Batch: 16 | Microbatch: 2 | Microbatches: 8
2026-04-08 23:26:11 [INFO] Loading WikiText... (SEQ_LEN=64, BATCH=16)
2026-04-08 23:26:27 [INFO] [Rank 2] Loading weights...
2026-04-08 23:26:29 [INFO] [Rank 3] Loading weights...
2026-04-08 23:26:29 [INFO] [Rank 2] Weights loaded.
2026-04-08 23:26:30 [INFO] [Rank 3] Weights loaded.
2026-04-08 23:26:30 [INFO] [Rank 1] Loading weights...
2026-04-08 23:26:32 [INFO] [Rank 1] Weights loaded.
2026-04-08 23:26:51 [INFO] [Rank 0] Loading weights...
2026-04-08 23:26:55 [INFO] [Rank 0] Weights loaded.
2026-04-08 23:30:48 [INFO] [Rank 2] Finished. Latency: 233148 ms
2026-04-08 23:30:48 [INFO] [Rank 0] Finished. Latency: 233148 ms
2026-04-08 23:30:48 [INFO] [Rank 1] Finished. Latency: 233148 ms
2026-04-08 23:30:48 [INFO] [Rank 3] Finished. Latency: 233155 ms
2026-04-08 23:30:52 [INFO] Total latency:     233148 ms
2026-04-08 23:30:52 [INFO] Peak 5GB memory:   2558 MB
2026-04-08 23:30:52 [INFO] Avg  5GB memory:   2106 MB
2026-04-08 23:30:52 [INFO] [251/364] Split [18, 6, 4, 4] | Batch: 8 | Microbatch: 4 | Microbatches: 2
2026-04-08 23:30:52 [INFO] Loading WikiText... (SEQ_LEN=64, BATCH=8)
2026-04-08 23:31:09 [INFO] [Rank 2] Loading weights...
2026-04-08 23:31:10 [INFO] [Rank 3] Loading weights...
2026-04-08 23:31:10 [INFO] [Rank 2] Weights loaded.
2026-04-08 23:31:11 [INFO] [Rank 3] Weights loaded.
2026-04-08 23:31:12 [INFO] [Rank 1] Loading weights...
2026-04-08 23:31:14 [INFO] [Rank 1] Weights loaded.
2026-04-08 23:31:31 [INFO] [Rank 0] Loading weights...
2026-04-08 23:31:35 [INFO] [Rank 0] Weights loaded.
2026-04-08 23:32:36 [INFO] [Rank 1] Finished. Latency: 60873 ms
2026-04-08 23:32:36 [INFO] [Rank 0] Finished. Latency: 60873 ms
2026-04-08 23:32:36 [INFO] [Rank 2] Finished. Latency: 60873 ms
2026-04-08 23:32:36 [INFO] [Rank 3] Finished. Latency: 60881 ms
2026-04-08 23:32:40 [INFO] Total latency:     60873 ms
2026-04-08 23:32:40 [INFO] Peak 5GB memory:   2302 MB
2026-04-08 23:32:40 [INFO] Avg  5GB memory:   1866 MB
2026-04-08 23:32:40 [INFO] [252/364] Split [18, 6, 4, 4] | Batch: 8 | Microbatch: 2 | Microbatches: 4
2026-04-08 23:32:40 [INFO] Loading WikiText... (SEQ_LEN=64, BATCH=8)
2026-04-08 23:32:57 [INFO] [Rank 2] Loading weights...
2026-04-08 23:32:58 [INFO] [Rank 3] Loading weights...
2026-04-08 23:32:58 [INFO] [Rank 2] Weights loaded.
2026-04-08 23:32:59 [INFO] [Rank 3] Weights loaded.
2026-04-08 23:33:00 [INFO] [Rank 1] Loading weights...
2026-04-08 23:33:02 [INFO] [Rank 1] Weights loaded.
2026-04-08 23:33:19 [INFO] [Rank 0] Loading weights...
2026-04-08 23:33:23 [INFO] [Rank 0] Weights loaded.
2026-04-08 23:35:23 [INFO] [Rank 2] Finished. Latency: 119623 ms
2026-04-08 23:35:23 [INFO] [Rank 0] Finished. Latency: 119623 ms
2026-04-08 23:35:23 [INFO] [Rank 1] Finished. Latency: 119623 ms
2026-04-08 23:35:23 [INFO] [Rank 3] Finished. Latency: 119630 ms
2026-04-08 23:35:27 [INFO] Total latency:     119623 ms
2026-04-08 23:35:27 [INFO] Peak 5GB memory:   2302 MB
2026-04-08 23:35:27 [INFO] Avg  5GB memory:   1967 MB
2026-04-08 23:35:27 [INFO] [253/364] Split [18, 6, 5, 3] | Batch: 64 | Microbatch: 32 | Microbatches: 2
2026-04-08 23:35:27 [INFO] Loading WikiText... (SEQ_LEN=64, BATCH=64)
2026-04-08 23:35:42 [INFO] [Rank 3] Loading weights...
2026-04-08 23:35:43 [INFO] [Rank 3] Weights loaded.
2026-04-08 23:35:44 [INFO] [Rank 2] Loading weights...
2026-04-08 23:35:46 [INFO] [Rank 2] Weights loaded.
2026-04-08 23:35:46 [INFO] [Rank 1] Loading weights...
2026-04-08 23:35:48 [INFO] [Rank 1] Weights loaded.
2026-04-08 23:36:07 [INFO] [Rank 0] Loading weights...
2026-04-08 23:36:11 [INFO] [Rank 0] Weights loaded.
2026-04-08 23:37:27 [INFO] [Rank 2] Finished. Latency: 76738 ms
2026-04-08 23:37:27 [INFO] [Rank 1] Finished. Latency: 76738 ms
2026-04-08 23:37:27 [INFO] [Rank 0] Finished. Latency: 76738 ms
2026-04-08 23:37:28 [INFO] [Rank 3] Finished. Latency: 76749 ms
2026-04-08 23:37:31 [INFO] Total latency:     76738 ms
2026-04-08 23:37:31 [INFO] Peak 5GB memory:   3422 MB
2026-04-08 23:37:31 [INFO] Avg  5GB memory:   1963 MB
2026-04-08 23:37:31 [INFO] [254/364] Split [18, 6, 5, 3] | Batch: 64 | Microbatch: 16 | Microbatches: 4
2026-04-08 23:37:31 [INFO] Loading WikiText... (SEQ_LEN=64, BATCH=64)
2026-04-08 23:37:47 [INFO] [Rank 3] Loading weights...
2026-04-08 23:37:48 [INFO] [Rank 3] Weights loaded.
2026-04-08 23:37:49 [INFO] [Rank 2] Loading weights...
2026-04-08 23:37:51 [INFO] [Rank 2] Weights loaded.
2026-04-08 23:37:51 [INFO] [Rank 1] Loading weights...
2026-04-08 23:37:53 [INFO] [Rank 1] Weights loaded.
2026-04-08 23:38:11 [INFO] [Rank 0] Loading weights...
2026-04-08 23:38:15 [INFO] [Rank 0] Weights loaded.
2026-04-08 23:40:28 [INFO] [Rank 2] Finished. Latency: 132458 ms
2026-04-08 23:40:28 [INFO] [Rank 1] Finished. Latency: 132459 ms
2026-04-08 23:40:28 [INFO] [Rank 0] Finished. Latency: 132459 ms
2026-04-08 23:40:28 [INFO] [Rank 3] Finished. Latency: 132467 ms
2026-04-08 23:40:31 [INFO] Total latency:     132459 ms
2026-04-08 23:40:31 [INFO] Peak 5GB memory:   2626 MB
2026-04-08 23:40:31 [INFO] Avg  5GB memory:   1908 MB
2026-04-08 23:40:31 [INFO] [255/364] Split [18, 6, 5, 3] | Batch: 64 | Microbatch: 8 | Microbatches: 8
2026-04-08 23:40:31 [INFO] Loading WikiText... (SEQ_LEN=64, BATCH=64)
2026-04-08 23:40:47 [INFO] [Rank 3] Loading weights...
2026-04-08 23:40:51 [INFO] [Rank 2] Loading weights...
2026-04-08 23:40:53 [INFO] [Rank 1] Loading weights...
2026-04-08 23:40:53 [INFO] [Rank 3] Weights loaded.
2026-04-08 23:40:56 [INFO] [Rank 2] Weights loaded.
2026-04-08 23:41:00 [INFO] [Rank 1] Weights loaded.
2026-04-08 23:41:12 [INFO] [Rank 0] Loading weights...
2026-04-08 23:41:17 [INFO] [Rank 0] Weights loaded.
2026-04-08 23:45:20 [INFO] [Rank 2] Finished. Latency: 242914 ms
2026-04-08 23:45:20 [INFO] [Rank 1] Finished. Latency: 242914 ms
2026-04-08 23:45:20 [INFO] [Rank 0] Finished. Latency: 242914 ms
2026-04-08 23:45:20 [INFO] [Rank 3] Finished. Latency: 242920 ms
2026-04-08 23:45:24 [INFO] Total latency:     242914 ms
2026-04-08 23:45:24 [INFO] Peak 5GB memory:   2246 MB
2026-04-08 23:45:24 [INFO] Avg  5GB memory:   1924 MB
2026-04-08 23:45:24 [INFO] [256/364] Split [18, 6, 5, 3] | Batch: 64 | Microbatch: 4 | Microbatches: 16
2026-04-08 23:45:24 [INFO] Loading WikiText... (SEQ_LEN=64, BATCH=64)
2026-04-08 23:45:40 [INFO] [Rank 3] Loading weights...
2026-04-08 23:45:42 [INFO] [Rank 3] Weights loaded.
2026-04-08 23:45:43 [INFO] [Rank 2] Loading weights...
2026-04-08 23:45:44 [INFO] [Rank 2] Weights loaded.
2026-04-08 23:45:44 [INFO] [Rank 1] Loading weights...
2026-04-08 23:45:46 [INFO] [Rank 1] Weights loaded.
2026-04-08 23:46:04 [INFO] [Rank 0] Loading weights...
2026-04-08 23:46:08 [INFO] [Rank 0] Weights loaded.
2026-04-08 23:53:59 [INFO] [Rank 0] Finished. Latency: 470840 ms
2026-04-08 23:53:59 [INFO] [Rank 2] Finished. Latency: 470840 ms
2026-04-08 23:53:59 [INFO] [Rank 1] Finished. Latency: 470840 ms
2026-04-08 23:53:59 [INFO] [Rank 3] Finished. Latency: 470846 ms
2026-04-08 23:54:03 [INFO] Total latency:     470840 ms
2026-04-08 23:54:03 [INFO] Peak 5GB memory:   2284 MB
2026-04-08 23:54:03 [INFO] Avg  5GB memory:   1981 MB
2026-04-08 23:54:03 [INFO] [257/364] Split [18, 6, 5, 3] | Batch: 64 | Microbatch: 2 | Microbatches: 32
2026-04-08 23:54:03 [INFO] Loading WikiText... (SEQ_LEN=64, BATCH=64)
2026-04-08 23:54:18 [INFO] [Rank 3] Loading weights...
2026-04-08 23:54:19 [INFO] [Rank 3] Weights loaded.
2026-04-08 23:54:20 [INFO] [Rank 2] Loading weights...
2026-04-08 23:54:22 [INFO] [Rank 2] Weights loaded.
2026-04-08 23:54:22 [INFO] [Rank 1] Loading weights...
2026-04-08 23:54:24 [INFO] [Rank 1] Weights loaded.
2026-04-08 23:54:42 [INFO] [Rank 0] Loading weights...
2026-04-08 23:54:46 [INFO] [Rank 0] Weights loaded.
2026-04-09 00:10:03 [INFO] [Rank 2] Finished. Latency: 917060 ms
2026-04-09 00:10:03 [INFO] [Rank 1] Finished. Latency: 917060 ms
2026-04-09 00:10:03 [INFO] [Rank 0] Finished. Latency: 917060 ms
2026-04-09 00:10:03 [INFO] [Rank 3] Finished. Latency: 917066 ms
2026-04-09 00:10:07 [INFO] Total latency:     917060 ms
2026-04-09 00:10:07 [INFO] Peak 5GB memory:   2370 MB
2026-04-09 00:10:07 [INFO] Avg  5GB memory:   2035 MB
2026-04-09 00:10:07 [INFO] [258/364] Split [18, 6, 5, 3] | Batch: 32 | Microbatch: 16 | Microbatches: 2
2026-04-09 00:10:07 [INFO] Loading WikiText... (SEQ_LEN=64, BATCH=32)
2026-04-09 00:10:07 [WARNING] HTTP Error 503 thrown while requesting HEAD https://huggingface.co/datasets/Salesforce/wikitext/resolve/main/README.md
2026-04-09 00:10:07 [WARNING] Retrying in 1s [Retry 1/5].
2026-04-09 00:10:08 [WARNING] HTTP Error 503 thrown while requesting HEAD https://huggingface.co/datasets/Salesforce/wikitext/resolve/main/README.md
2026-04-09 00:10:08 [WARNING] Retrying in 2s [Retry 2/5].
2026-04-09 00:10:10 [WARNING] HTTP Error 503 thrown while requesting HEAD https://huggingface.co/datasets/Salesforce/wikitext/resolve/main/README.md
2026-04-09 00:10:10 [WARNING] Retrying in 4s [Retry 3/5].
2026-04-09 00:10:14 [WARNING] HTTP Error 503 thrown while requesting HEAD https://huggingface.co/datasets/Salesforce/wikitext/resolve/main/README.md
2026-04-09 00:10:14 [WARNING] Retrying in 8s [Retry 4/5].
2026-04-09 00:10:22 [WARNING] HTTP Error 503 thrown while requesting HEAD https://huggingface.co/datasets/Salesforce/wikitext/resolve/main/README.md
2026-04-09 00:10:22 [WARNING] Retrying in 8s [Retry 5/5].
2026-04-09 00:10:30 [WARNING] HTTP Error 503 thrown while requesting HEAD https://huggingface.co/datasets/Salesforce/wikitext/resolve/main/README.md
2026-04-09 00:10:30 [WARNING] HTTP Error 503 thrown while requesting HEAD https://huggingface.co/datasets/Salesforce/wikitext/resolve/b08601e04326c79dfdd32d625aee71d232d685c3/wikitext.py
2026-04-09 00:10:30 [WARNING] Retrying in 1s [Retry 1/5].
2026-04-09 00:10:31 [WARNING] HTTP Error 503 thrown while requesting HEAD https://huggingface.co/datasets/Salesforce/wikitext/resolve/b08601e04326c79dfdd32d625aee71d232d685c3/wikitext.py
2026-04-09 00:10:31 [WARNING] Retrying in 2s [Retry 2/5].
2026-04-09 00:10:33 [WARNING] HTTP Error 503 thrown while requesting HEAD https://huggingface.co/datasets/Salesforce/wikitext/resolve/b08601e04326c79dfdd32d625aee71d232d685c3/wikitext.py
2026-04-09 00:10:33 [WARNING] Retrying in 4s [Retry 3/5].
2026-04-09 00:10:37 [WARNING] HTTP Error 503 thrown while requesting HEAD https://huggingface.co/datasets/Salesforce/wikitext/resolve/b08601e04326c79dfdd32d625aee71d232d685c3/wikitext.py
2026-04-09 00:10:37 [WARNING] Retrying in 8s [Retry 4/5].
2026-04-09 00:10:45 [WARNING] HTTP Error 503 thrown while requesting HEAD https://huggingface.co/datasets/Salesforce/wikitext/resolve/b08601e04326c79dfdd32d625aee71d232d685c3/wikitext.py
2026-04-09 00:10:45 [WARNING] Retrying in 8s [Retry 5/5].
2026-04-09 00:10:53 [WARNING] HTTP Error 503 thrown while requesting HEAD https://huggingface.co/datasets/Salesforce/wikitext/resolve/b08601e04326c79dfdd32d625aee71d232d685c3/wikitext.py
2026-04-09 00:10:54 [WARNING] HTTP Error 503 thrown while requesting HEAD https://huggingface.co/datasets/Salesforce/wikitext/resolve/b08601e04326c79dfdd32d625aee71d232d685c3/.huggingface.yaml
2026-04-09 00:10:54 [WARNING] Retrying in 1s [Retry 1/5].
2026-04-09 00:10:55 [WARNING] HTTP Error 503 thrown while requesting HEAD https://huggingface.co/datasets/Salesforce/wikitext/resolve/b08601e04326c79dfdd32d625aee71d232d685c3/.huggingface.yaml
2026-04-09 00:10:55 [WARNING] Retrying in 2s [Retry 2/5].
2026-04-09 00:10:57 [WARNING] HTTP Error 503 thrown while requesting HEAD https://huggingface.co/datasets/Salesforce/wikitext/resolve/b08601e04326c79dfdd32d625aee71d232d685c3/.huggingface.yaml
2026-04-09 00:10:57 [WARNING] Retrying in 4s [Retry 3/5].
2026-04-09 00:11:01 [WARNING] HTTP Error 503 thrown while requesting HEAD https://huggingface.co/datasets/Salesforce/wikitext/resolve/b08601e04326c79dfdd32d625aee71d232d685c3/.huggingface.yaml
2026-04-09 00:11:01 [WARNING] Retrying in 8s [Retry 4/5].
2026-04-09 00:11:09 [WARNING] HTTP Error 503 thrown while requesting HEAD https://huggingface.co/datasets/Salesforce/wikitext/resolve/b08601e04326c79dfdd32d625aee71d232d685c3/.huggingface.yaml
2026-04-09 00:11:09 [WARNING] Retrying in 8s [Retry 5/5].
2026-04-09 00:11:17 [WARNING] HTTP Error 503 thrown while requesting HEAD https://huggingface.co/datasets/Salesforce/wikitext/resolve/b08601e04326c79dfdd32d625aee71d232d685c3/.huggingface.yaml
2026-04-09 00:11:17 [WARNING] HTTP Error 503 thrown while requesting HEAD https://huggingface.co/datasets/Salesforce/wikitext/resolve/b08601e04326c79dfdd32d625aee71d232d685c3/dataset_infos.json
2026-04-09 00:11:17 [WARNING] Retrying in 1s [Retry 1/5].
2026-04-09 00:11:18 [WARNING] HTTP Error 503 thrown while requesting HEAD https://huggingface.co/datasets/Salesforce/wikitext/resolve/b08601e04326c79dfdd32d625aee71d232d685c3/dataset_infos.json
2026-04-09 00:11:18 [WARNING] Retrying in 2s [Retry 2/5].
2026-04-09 00:11:20 [WARNING] HTTP Error 503 thrown while requesting HEAD https://huggingface.co/mistralai/Mistral-7B-Instruct-v0.3/resolve/main/tokenizer_config.json
2026-04-09 00:11:20 [WARNING] Retrying in 1s [Retry 1/5].
2026-04-09 00:11:22 [WARNING] HTTP Error 503 thrown while requesting HEAD https://huggingface.co/mistralai/Mistral-7B-Instruct-v0.3/resolve/main/tokenizer_config.json
2026-04-09 00:11:22 [WARNING] Retrying in 2s [Retry 2/5].
2026-04-09 00:11:24 [WARNING] HTTP Error 503 thrown while requesting HEAD https://huggingface.co/mistralai/Mistral-7B-Instruct-v0.3/resolve/main/tokenizer_config.json
2026-04-09 00:11:24 [WARNING] Retrying in 4s [Retry 3/5].
2026-04-09 00:11:28 [WARNING] HTTP Error 503 thrown while requesting HEAD https://huggingface.co/mistralai/Mistral-7B-Instruct-v0.3/resolve/main/tokenizer_config.json
2026-04-09 00:11:28 [WARNING] Retrying in 8s [Retry 4/5].
2026-04-09 00:11:36 [WARNING] HTTP Error 503 thrown while requesting HEAD https://huggingface.co/mistralai/Mistral-7B-Instruct-v0.3/resolve/main/tokenizer_config.json
2026-04-09 00:11:36 [WARNING] Retrying in 8s [Retry 5/5].
2026-04-09 00:11:44 [WARNING] HTTP Error 503 thrown while requesting HEAD https://huggingface.co/mistralai/Mistral-7B-Instruct-v0.3/resolve/main/tokenizer_config.json
2026-04-09 00:11:45 [WARNING] HTTP Error 503 thrown while requesting GET https://huggingface.co/datasets/wikitext/resolve/b08601e04326c79dfdd32d625aee71d232d685c3/wikitext-2-raw-v1/test-00000-of-00001.parquet
2026-04-09 00:11:45 [WARNING] Retrying in 1s [Retry 1/5].
2026-04-09 00:11:46 [WARNING] HTTP Error 503 thrown while requesting GET https://huggingface.co/datasets/wikitext/resolve/b08601e04326c79dfdd32d625aee71d232d685c3/wikitext-2-raw-v1/test-00000-of-00001.parquet
2026-04-09 00:11:46 [WARNING] Retrying in 2s [Retry 2/5].
2026-04-09 00:11:48 [WARNING] HTTP Error 503 thrown while requesting GET https://huggingface.co/datasets/wikitext/resolve/b08601e04326c79dfdd32d625aee71d232d685c3/wikitext-2-raw-v1/test-00000-of-00001.parquet
2026-04-09 00:11:48 [WARNING] Retrying in 4s [Retry 3/5].
2026-04-09 00:11:52 [WARNING] HTTP Error 503 thrown while requesting GET https://huggingface.co/datasets/wikitext/resolve/b08601e04326c79dfdd32d625aee71d232d685c3/wikitext-2-raw-v1/test-00000-of-00001.parquet
2026-04-09 00:11:52 [WARNING] Retrying in 8s [Retry 4/5].
2026-04-09 00:12:00 [WARNING] HTTP Error 503 thrown while requesting GET https://huggingface.co/datasets/wikitext/resolve/b08601e04326c79dfdd32d625aee71d232d685c3/wikitext-2-raw-v1/test-00000-of-00001.parquet
2026-04-09 00:12:00 [WARNING] Retrying in 8s [Retry 5/5].
2026-04-09 00:12:08 [WARNING] HTTP Error 503 thrown while requesting GET https://huggingface.co/datasets/wikitext/resolve/b08601e04326c79dfdd32d625aee71d232d685c3/wikitext-2-raw-v1/test-00000-of-00001.parquet
2026-04-09 00:12:08 [WARNING] WikiText unavailable. Using random token IDs.
2026-04-09 00:12:17 [WARNING] HTTP Error 503 thrown while requesting HEAD https://huggingface.co/mistralai/Mistral-7B-Instruct-v0.3/resolve/main/config.json
2026-04-09 00:12:17 [WARNING] Retrying in 1s [Retry 1/5].
2026-04-09 00:12:17 [WARNING] HTTP Error 503 thrown while requesting HEAD https://huggingface.co/mistralai/Mistral-7B-Instruct-v0.3/resolve/main/config.json
2026-04-09 00:12:17 [WARNING] Retrying in 1s [Retry 1/5].
2026-04-09 00:12:17 [WARNING] HTTP Error 503 thrown while requesting HEAD https://huggingface.co/mistralai/Mistral-7B-Instruct-v0.3/resolve/main/config.json
2026-04-09 00:12:17 [WARNING] Retrying in 1s [Retry 1/5].
2026-04-09 00:12:18 [WARNING] HTTP Error 503 thrown while requesting HEAD https://huggingface.co/mistralai/Mistral-7B-Instruct-v0.3/resolve/main/config.json
2026-04-09 00:12:18 [WARNING] Retrying in 2s [Retry 2/5].
2026-04-09 00:12:18 [WARNING] HTTP Error 503 thrown while requesting HEAD https://huggingface.co/mistralai/Mistral-7B-Instruct-v0.3/resolve/main/config.json
2026-04-09 00:12:18 [WARNING] Retrying in 2s [Retry 2/5].
2026-04-09 00:12:20 [WARNING] HTTP Error 503 thrown while requesting HEAD https://huggingface.co/mistralai/Mistral-7B-Instruct-v0.3/resolve/main/config.json
2026-04-09 00:12:20 [WARNING] Retrying in 4s [Retry 3/5].
2026-04-09 00:12:23 [INFO] [Rank 3] Loading weights...
2026-04-09 00:12:24 [WARNING] HTTP Error 503 thrown while requesting HEAD https://huggingface.co/mistralai/Mistral-7B-Instruct-v0.3/resolve/main/config.json
2026-04-09 00:12:24 [WARNING] Retrying in 8s [Retry 4/5].
2026-04-09 00:12:24 [INFO] [Rank 3] Weights loaded.
2026-04-09 00:12:26 [INFO] [Rank 2] Loading weights...
2026-04-09 00:12:27 [INFO] [Rank 2] Weights loaded.
2026-04-09 00:12:32 [WARNING] HTTP Error 503 thrown while requesting HEAD https://huggingface.co/mistralai/Mistral-7B-Instruct-v0.3/resolve/main/config.json
2026-04-09 00:12:32 [WARNING] Retrying in 8s [Retry 5/5].
2026-04-09 00:12:49 [INFO] [Rank 1] Loading weights...
2026-04-09 00:12:49 [WARNING] HTTP Error 503 thrown while requesting HEAD https://huggingface.co/mistralai/Mistral-7B-Instruct-v0.3/resolve/main/model.safetensors.index.json
2026-04-09 00:12:49 [WARNING] Retrying in 1s [Retry 1/5].
2026-04-09 00:12:49 [INFO] [Rank 0] Loading weights...
2026-04-09 00:12:50 [WARNING] HTTP Error 503 thrown while requesting HEAD https://huggingface.co/mistralai/Mistral-7B-Instruct-v0.3/resolve/main/model.safetensors.index.json
2026-04-09 00:12:50 [WARNING] Retrying in 2s [Retry 2/5].
2026-04-09 00:12:53 [INFO] [Rank 0] Weights loaded.
2026-04-09 00:12:54 [INFO] [Rank 1] Weights loaded.
2026-04-09 00:14:02 [INFO] [Rank 1] Finished. Latency: 68186 ms
2026-04-09 00:14:02 [INFO] [Rank 2] Finished. Latency: 68186 ms
2026-04-09 00:14:02 [INFO] [Rank 0] Finished. Latency: 68186 ms
2026-04-09 00:14:02 [INFO] [Rank 3] Finished. Latency: 68195 ms
2026-04-09 00:14:06 [INFO] Total latency:     68186 ms
2026-04-09 00:14:06 [INFO] Peak 5GB memory:   2104 MB
2026-04-09 00:14:06 [INFO] Avg  5GB memory:   1643 MB
2026-04-09 00:14:06 [INFO] [259/364] Split [18, 6, 5, 3] | Batch: 32 | Microbatch: 8 | Microbatches: 4
2026-04-09 00:14:06 [INFO] Loading WikiText... (SEQ_LEN=64, BATCH=32)
2026-04-09 00:14:23 [INFO] [Rank 3] Loading weights...
2026-04-09 00:14:25 [INFO] [Rank 2] Loading weights...
2026-04-09 00:14:26 [INFO] [Rank 3] Weights loaded.
2026-04-09 00:14:27 [INFO] [Rank 1] Loading weights...
2026-04-09 00:14:28 [INFO] [Rank 2] Weights loaded.
2026-04-09 00:14:30 [INFO] [Rank 1] Weights loaded.
2026-04-09 00:14:47 [INFO] [Rank 0] Loading weights...
2026-04-09 00:14:51 [INFO] [Rank 0] Weights loaded.
2026-04-09 00:16:54 [INFO] [Rank 1] Finished. Latency: 122541 ms
2026-04-09 00:16:54 [INFO] [Rank 2] Finished. Latency: 122541 ms
2026-04-09 00:16:54 [INFO] [Rank 0] Finished. Latency: 122541 ms
2026-04-09 00:16:54 [INFO] [Rank 3] Finished. Latency: 122548 ms
2026-04-09 00:16:58 [INFO] Total latency:     122541 ms
2026-04-09 00:16:58 [INFO] Peak 5GB memory:   2138 MB
2026-04-09 00:16:58 [INFO] Avg  5GB memory:   1695 MB
2026-04-09 00:16:58 [INFO] [260/364] Split [18, 6, 5, 3] | Batch: 32 | Microbatch: 4 | Microbatches: 8
2026-04-09 00:16:58 [INFO] Loading WikiText... (SEQ_LEN=64, BATCH=32)
2026-04-09 00:16:58 [WARNING] HTTP Error 503 thrown while requesting HEAD https://huggingface.co/datasets/Salesforce/wikitext/resolve/main/README.md
2026-04-09 00:16:58 [WARNING] Retrying in 1s [Retry 1/5].
2026-04-09 00:16:59 [WARNING] HTTP Error 503 thrown while requesting HEAD https://huggingface.co/datasets/Salesforce/wikitext/resolve/main/README.md
2026-04-09 00:16:59 [WARNING] Retrying in 2s [Retry 2/5].
2026-04-09 00:17:01 [WARNING] HTTP Error 503 thrown while requesting HEAD https://huggingface.co/datasets/Salesforce/wikitext/resolve/main/README.md
2026-04-09 00:17:01 [WARNING] Retrying in 4s [Retry 3/5].
2026-04-09 00:17:05 [WARNING] HTTP Error 503 thrown while requesting HEAD https://huggingface.co/datasets/Salesforce/wikitext/resolve/main/README.md
2026-04-09 00:17:05 [WARNING] Retrying in 8s [Retry 4/5].
2026-04-09 00:17:13 [WARNING] HTTP Error 503 thrown while requesting HEAD https://huggingface.co/datasets/Salesforce/wikitext/resolve/main/README.md
2026-04-09 00:17:13 [WARNING] Retrying in 8s [Retry 5/5].
2026-04-09 00:17:21 [WARNING] HTTP Error 503 thrown while requesting HEAD https://huggingface.co/datasets/Salesforce/wikitext/resolve/b08601e04326c79dfdd32d625aee71d232d685c3/wikitext.py
2026-04-09 00:17:21 [WARNING] Retrying in 1s [Retry 1/5].
2026-04-09 00:17:23 [WARNING] HTTP Error 503 thrown while requesting HEAD https://huggingface.co/datasets/Salesforce/wikitext/resolve/b08601e04326c79dfdd32d625aee71d232d685c3/.huggingface.yaml
2026-04-09 00:17:23 [WARNING] Retrying in 1s [Retry 1/5].
2026-04-09 00:17:24 [WARNING] HTTP Error 503 thrown while requesting HEAD https://huggingface.co/datasets/Salesforce/wikitext/resolve/b08601e04326c79dfdd32d625aee71d232d685c3/.huggingface.yaml
2026-04-09 00:17:24 [WARNING] Retrying in 2s [Retry 2/5].
2026-04-09 00:17:26 [WARNING] HTTP Error 503 thrown while requesting HEAD https://huggingface.co/mistralai/Mistral-7B-Instruct-v0.3/resolve/main/tokenizer_config.json
2026-04-09 00:17:26 [WARNING] Retrying in 1s [Retry 1/5].
2026-04-09 00:17:27 [WARNING] HTTP Error 503 thrown while requesting HEAD https://huggingface.co/mistralai/Mistral-7B-Instruct-v0.3/resolve/main/tokenizer_config.json
2026-04-09 00:17:27 [WARNING] Retrying in 2s [Retry 2/5].
2026-04-09 00:17:44 [INFO] [Rank 3] Loading weights...
2026-04-09 00:17:46 [INFO] [Rank 3] Weights loaded.
2026-04-09 00:17:47 [INFO] [Rank 2] Loading weights...
2026-04-09 00:17:48 [INFO] [Rank 2] Weights loaded.
2026-04-09 00:17:48 [INFO] [Rank 1] Loading weights...
2026-04-09 00:17:50 [INFO] [Rank 1] Weights loaded.
2026-04-09 00:18:08 [INFO] [Rank 0] Loading weights...
2026-04-09 00:18:12 [INFO] [Rank 0] Weights loaded.
2026-04-09 00:22:10 [INFO] [Rank 2] Finished. Latency: 237828 ms
2026-04-09 00:22:10 [INFO] [Rank 0] Finished. Latency: 237828 ms
2026-04-09 00:22:10 [INFO] [Rank 1] Finished. Latency: 237828 ms
2026-04-09 00:22:10 [INFO] [Rank 3] Finished. Latency: 237834 ms
2026-04-09 00:22:13 [INFO] Total latency:     237828 ms
2026-04-09 00:22:13 [INFO] Peak 5GB memory:   2138 MB
2026-04-09 00:22:13 [INFO] Avg  5GB memory:   1754 MB
2026-04-09 00:22:13 [INFO] [261/364] Split [18, 6, 5, 3] | Batch: 32 | Microbatch: 2 | Microbatches: 16
2026-04-09 00:22:13 [INFO] Loading WikiText... (SEQ_LEN=64, BATCH=32)
2026-04-09 00:22:14 [WARNING] HTTP Error 503 thrown while requesting HEAD https://huggingface.co/datasets/Salesforce/wikitext/resolve/main/README.md
2026-04-09 00:22:14 [WARNING] Retrying in 1s [Retry 1/5].
2026-04-09 00:22:15 [WARNING] HTTP Error 503 thrown while requesting HEAD https://huggingface.co/datasets/Salesforce/wikitext/resolve/main/README.md
2026-04-09 00:22:15 [WARNING] Retrying in 2s [Retry 2/5].
2026-04-09 00:22:17 [WARNING] HTTP Error 503 thrown while requesting HEAD https://huggingface.co/datasets/Salesforce/wikitext/resolve/main/README.md
2026-04-09 00:22:17 [WARNING] Retrying in 4s [Retry 3/5].
2026-04-09 00:22:21 [WARNING] HTTP Error 503 thrown while requesting HEAD https://huggingface.co/datasets/Salesforce/wikitext/resolve/main/README.md
2026-04-09 00:22:21 [WARNING] Retrying in 8s [Retry 4/5].
2026-04-09 00:22:29 [WARNING] HTTP Error 503 thrown while requesting HEAD https://huggingface.co/datasets/Salesforce/wikitext/resolve/main/README.md
2026-04-09 00:22:29 [WARNING] Retrying in 8s [Retry 5/5].
2026-04-09 00:22:37 [WARNING] HTTP Error 503 thrown while requesting HEAD https://huggingface.co/datasets/Salesforce/wikitext/resolve/main/README.md
2026-04-09 00:22:37 [WARNING] HTTP Error 503 thrown while requesting HEAD https://huggingface.co/datasets/Salesforce/wikitext/resolve/b08601e04326c79dfdd32d625aee71d232d685c3/wikitext.py
2026-04-09 00:22:37 [WARNING] Retrying in 1s [Retry 1/5].
2026-04-09 00:22:38 [WARNING] HTTP Error 503 thrown while requesting HEAD https://huggingface.co/datasets/Salesforce/wikitext/resolve/b08601e04326c79dfdd32d625aee71d232d685c3/wikitext.py
2026-04-09 00:22:38 [WARNING] Retrying in 2s [Retry 2/5].
2026-04-09 00:22:40 [WARNING] HTTP Error 503 thrown while requesting HEAD https://huggingface.co/datasets/Salesforce/wikitext/resolve/b08601e04326c79dfdd32d625aee71d232d685c3/wikitext.py
2026-04-09 00:22:40 [WARNING] Retrying in 4s [Retry 3/5].
2026-04-09 00:22:44 [WARNING] HTTP Error 503 thrown while requesting HEAD https://huggingface.co/datasets/Salesforce/wikitext/resolve/b08601e04326c79dfdd32d625aee71d232d685c3/wikitext.py
2026-04-09 00:22:44 [WARNING] Retrying in 8s [Retry 4/5].
2026-04-09 00:22:52 [WARNING] HTTP Error 503 thrown while requesting HEAD https://huggingface.co/datasets/Salesforce/wikitext/resolve/b08601e04326c79dfdd32d625aee71d232d685c3/wikitext.py
2026-04-09 00:22:52 [WARNING] Retrying in 8s [Retry 5/5].
2026-04-09 00:23:00 [WARNING] HTTP Error 503 thrown while requesting HEAD https://huggingface.co/datasets/Salesforce/wikitext/resolve/b08601e04326c79dfdd32d625aee71d232d685c3/wikitext.py
2026-04-09 00:23:00 [WARNING] HTTP Error 503 thrown while requesting HEAD https://huggingface.co/datasets/Salesforce/wikitext/resolve/b08601e04326c79dfdd32d625aee71d232d685c3/.huggingface.yaml
2026-04-09 00:23:00 [WARNING] Retrying in 1s [Retry 1/5].
2026-04-09 00:23:01 [WARNING] HTTP Error 503 thrown while requesting HEAD https://huggingface.co/datasets/Salesforce/wikitext/resolve/b08601e04326c79dfdd32d625aee71d232d685c3/.huggingface.yaml
2026-04-09 00:23:01 [WARNING] Retrying in 2s [Retry 2/5].
2026-04-09 00:23:04 [WARNING] HTTP Error 503 thrown while requesting HEAD https://huggingface.co/datasets/Salesforce/wikitext/resolve/b08601e04326c79dfdd32d625aee71d232d685c3/.huggingface.yaml
2026-04-09 00:23:04 [WARNING] Retrying in 4s [Retry 3/5].
2026-04-09 00:23:08 [WARNING] HTTP Error 503 thrown while requesting HEAD https://huggingface.co/datasets/Salesforce/wikitext/resolve/b08601e04326c79dfdd32d625aee71d232d685c3/.huggingface.yaml
2026-04-09 00:23:08 [WARNING] Retrying in 8s [Retry 4/5].
2026-04-09 00:23:16 [WARNING] HTTP Error 503 thrown while requesting HEAD https://huggingface.co/datasets/Salesforce/wikitext/resolve/b08601e04326c79dfdd32d625aee71d232d685c3/.huggingface.yaml
2026-04-09 00:23:16 [WARNING] Retrying in 8s [Retry 5/5].
2026-04-09 00:23:24 [WARNING] HTTP Error 503 thrown while requesting HEAD https://huggingface.co/datasets/Salesforce/wikitext/resolve/b08601e04326c79dfdd32d625aee71d232d685c3/.huggingface.yaml
2026-04-09 00:23:24 [WARNING] HTTP Error 503 thrown while requesting HEAD https://huggingface.co/mistralai/Mistral-7B-Instruct-v0.3/resolve/main/tokenizer_config.json
2026-04-09 00:23:24 [WARNING] Retrying in 1s [Retry 1/5].
2026-04-09 00:23:25 [WARNING] HTTP Error 503 thrown while requesting HEAD https://huggingface.co/mistralai/Mistral-7B-Instruct-v0.3/resolve/main/tokenizer_config.json
2026-04-09 00:23:25 [WARNING] Retrying in 2s [Retry 2/5].
2026-04-09 00:23:27 [WARNING] HTTP Error 503 thrown while requesting HEAD https://huggingface.co/mistralai/Mistral-7B-Instruct-v0.3/resolve/main/tokenizer_config.json
2026-04-09 00:23:27 [WARNING] Retrying in 4s [Retry 3/5].
2026-04-09 00:23:32 [WARNING] HTTP Error 503 thrown while requesting GET https://huggingface.co/datasets/wikitext/resolve/b08601e04326c79dfdd32d625aee71d232d685c3/wikitext-2-raw-v1/test-00000-of-00001.parquet
2026-04-09 00:23:32 [WARNING] Retrying in 1s [Retry 1/5].
2026-04-09 00:23:33 [WARNING] HTTP Error 503 thrown while requesting GET https://huggingface.co/datasets/wikitext/resolve/b08601e04326c79dfdd32d625aee71d232d685c3/wikitext-2-raw-v1/test-00000-of-00001.parquet
2026-04-09 00:23:33 [WARNING] Retrying in 2s [Retry 2/5].
2026-04-09 00:23:35 [WARNING] HTTP Error 503 thrown while requesting GET https://huggingface.co/datasets/wikitext/resolve/b08601e04326c79dfdd32d625aee71d232d685c3/wikitext-2-raw-v1/test-00000-of-00001.parquet
2026-04-09 00:23:35 [WARNING] Retrying in 1s [Retry 1/5].
2026-04-09 00:23:36 [WARNING] HTTP Error 503 thrown while requesting GET https://huggingface.co/datasets/wikitext/resolve/b08601e04326c79dfdd32d625aee71d232d685c3/wikitext-2-raw-v1/test-00000-of-00001.parquet
2026-04-09 00:23:36 [WARNING] Retrying in 2s [Retry 2/5].
2026-04-09 00:23:39 [WARNING] HTTP Error 503 thrown while requesting GET https://huggingface.co/datasets/wikitext/resolve/b08601e04326c79dfdd32d625aee71d232d685c3/wikitext-2-raw-v1/test-00000-of-00001.parquet
2026-04-09 00:23:39 [WARNING] Retrying in 4s [Retry 3/5].
2026-04-09 00:23:43 [WARNING] HTTP Error 503 thrown while requesting GET https://huggingface.co/datasets/wikitext/resolve/b08601e04326c79dfdd32d625aee71d232d685c3/wikitext-2-raw-v1/test-00000-of-00001.parquet
2026-04-09 00:23:43 [WARNING] Retrying in 8s [Retry 4/5].
2026-04-09 00:24:05 [INFO] [Rank 3] Loading weights...
2026-04-09 00:24:06 [INFO] [Rank 3] Weights loaded.
2026-04-09 00:24:08 [INFO] [Rank 2] Loading weights...
2026-04-09 00:24:09 [INFO] [Rank 2] Weights loaded.
2026-04-09 00:24:09 [INFO] [Rank 1] Loading weights...
2026-04-09 00:24:11 [INFO] [Rank 1] Weights loaded.
2026-04-09 00:24:29 [INFO] [Rank 0] Loading weights...
2026-04-09 00:24:33 [INFO] [Rank 0] Weights loaded.
2026-04-09 00:32:18 [INFO] [Rank 1] Finished. Latency: 465601 ms
2026-04-09 00:32:18 [INFO] [Rank 2] Finished. Latency: 465601 ms
2026-04-09 00:32:18 [INFO] [Rank 0] Finished. Latency: 465601 ms
2026-04-09 00:32:18 [INFO] [Rank 3] Finished. Latency: 465607 ms
2026-04-09 00:32:22 [INFO] Total latency:     465601 ms
2026-04-09 00:32:22 [INFO] Peak 5GB memory:   2138 MB
2026-04-09 00:32:22 [INFO] Avg  5GB memory:   1814 MB
2026-04-09 00:32:22 [INFO] [262/364] Split [18, 6, 5, 3] | Batch: 16 | Microbatch: 8 | Microbatches: 2
2026-04-09 00:32:22 [INFO] Loading WikiText... (SEQ_LEN=64, BATCH=16)
2026-04-09 00:32:38 [INFO] [Rank 3] Loading weights...
2026-04-09 00:32:39 [INFO] [Rank 3] Weights loaded.
2026-04-09 00:32:40 [INFO] [Rank 2] Loading weights...
2026-04-09 00:32:41 [INFO] [Rank 2] Weights loaded.
2026-04-09 00:32:42 [INFO] [Rank 1] Loading weights...
2026-04-09 00:32:43 [INFO] [Rank 1] Weights loaded.
2026-04-09 00:33:01 [INFO] [Rank 0] Loading weights...
2026-04-09 00:33:05 [INFO] [Rank 0] Weights loaded.
2026-04-09 00:34:07 [INFO] [Rank 2] Finished. Latency: 62123 ms
2026-04-09 00:34:07 [INFO] [Rank 1] Finished. Latency: 62123 ms
2026-04-09 00:34:07 [INFO] [Rank 0] Finished. Latency: 62123 ms
2026-04-09 00:34:07 [INFO] [Rank 3] Finished. Latency: 62130 ms
2026-04-09 00:34:11 [INFO] Total latency:     62123 ms
2026-04-09 00:34:11 [INFO] Peak 5GB memory:   2138 MB
2026-04-09 00:34:11 [INFO] Avg  5GB memory:   1552 MB
2026-04-09 00:34:11 [INFO] [263/364] Split [18, 6, 5, 3] | Batch: 16 | Microbatch: 4 | Microbatches: 4
2026-04-09 00:34:11 [INFO] Loading WikiText... (SEQ_LEN=64, BATCH=16)
2026-04-09 00:34:26 [INFO] [Rank 3] Loading weights...
2026-04-09 00:34:28 [INFO] [Rank 3] Weights loaded.
2026-04-09 00:34:29 [INFO] [Rank 2] Loading weights...
2026-04-09 00:34:30 [INFO] [Rank 2] Weights loaded.
2026-04-09 00:34:30 [INFO] [Rank 1] Loading weights...
2026-04-09 00:34:32 [INFO] [Rank 1] Weights loaded.
2026-04-09 00:34:50 [INFO] [Rank 0] Loading weights...
2026-04-09 00:34:54 [INFO] [Rank 0] Weights loaded.
2026-04-09 00:36:54 [INFO] [Rank 1] Finished. Latency: 120053 ms
2026-04-09 00:36:54 [INFO] [Rank 2] Finished. Latency: 120053 ms
2026-04-09 00:36:54 [INFO] [Rank 0] Finished. Latency: 120053 ms
2026-04-09 00:36:54 [INFO] [Rank 3] Finished. Latency: 120059 ms
2026-04-09 00:36:58 [INFO] Total latency:     120053 ms
2026-04-09 00:36:58 [INFO] Peak 5GB memory:   2138 MB
2026-04-09 00:36:58 [INFO] Avg  5GB memory:   1619 MB
2026-04-09 00:36:58 [INFO] [264/364] Split [18, 6, 5, 3] | Batch: 16 | Microbatch: 2 | Microbatches: 8
2026-04-09 00:36:58 [INFO] Loading WikiText... (SEQ_LEN=64, BATCH=16)
2026-04-09 00:37:13 [INFO] [Rank 3] Loading weights...
2026-04-09 00:37:15 [INFO] [Rank 3] Weights loaded.
2026-04-09 00:37:16 [INFO] [Rank 2] Loading weights...
2026-04-09 00:37:17 [INFO] [Rank 2] Weights loaded.
2026-04-09 00:37:18 [INFO] [Rank 1] Loading weights...
2026-04-09 00:37:19 [INFO] [Rank 1] Weights loaded.
2026-04-09 00:37:37 [INFO] [Rank 0] Loading weights...
2026-04-09 00:37:41 [INFO] [Rank 0] Weights loaded.
2026-04-09 00:41:33 [INFO] [Rank 2] Finished. Latency: 231703 ms
2026-04-09 00:41:33 [INFO] [Rank 1] Finished. Latency: 231703 ms
2026-04-09 00:41:33 [INFO] [Rank 0] Finished. Latency: 231703 ms
2026-04-09 00:41:33 [INFO] [Rank 3] Finished. Latency: 231709 ms
2026-04-09 00:41:37 [INFO] Total latency:     231703 ms
2026-04-09 00:41:37 [INFO] Peak 5GB memory:   1882 MB
2026-04-09 00:41:37 [INFO] Avg  5GB memory:   1680 MB
2026-04-09 00:41:37 [INFO] [265/364] Split [18, 6, 5, 3] | Batch: 8 | Microbatch: 4 | Microbatches: 2
2026-04-09 00:41:37 [INFO] Loading WikiText... (SEQ_LEN=64, BATCH=8)
2026-04-09 00:41:53 [INFO] [Rank 3] Loading weights...
2026-04-09 00:41:54 [INFO] [Rank 3] Weights loaded.
2026-04-09 00:41:55 [INFO] [Rank 2] Loading weights...
2026-04-09 00:41:57 [INFO] [Rank 2] Weights loaded.
2026-04-09 00:41:57 [INFO] [Rank 1] Loading weights...
2026-04-09 00:41:59 [INFO] [Rank 1] Weights loaded.
2026-04-09 00:42:17 [INFO] [Rank 0] Loading weights...
2026-04-09 00:42:20 [INFO] [Rank 0] Weights loaded.
2026-04-09 00:43:22 [INFO] [Rank 2] Finished. Latency: 61057 ms
2026-04-09 00:43:22 [INFO] [Rank 1] Finished. Latency: 61057 ms
2026-04-09 00:43:22 [INFO] [Rank 0] Finished. Latency: 61057 ms
2026-04-09 00:43:22 [INFO] [Rank 3] Finished. Latency: 61063 ms
2026-04-09 00:43:25 [INFO] Total latency:     61057 ms
2026-04-09 00:43:25 [INFO] Peak 5GB memory:   1882 MB
2026-04-09 00:43:25 [INFO] Avg  5GB memory:   1511 MB
2026-04-09 00:43:25 [INFO] [266/364] Split [18, 6, 5, 3] | Batch: 8 | Microbatch: 2 | Microbatches: 4
2026-04-09 00:43:25 [INFO] Loading WikiText... (SEQ_LEN=64, BATCH=8)
2026-04-09 00:43:41 [INFO] [Rank 3] Loading weights...
2026-04-09 00:43:42 [INFO] [Rank 3] Weights loaded.
2026-04-09 00:43:43 [INFO] [Rank 2] Loading weights...
2026-04-09 00:43:45 [INFO] [Rank 2] Weights loaded.
2026-04-09 00:43:45 [INFO] [Rank 1] Loading weights...
2026-04-09 00:43:47 [INFO] [Rank 1] Weights loaded.
2026-04-09 00:44:04 [INFO] [Rank 0] Loading weights...
2026-04-09 00:44:08 [INFO] [Rank 0] Weights loaded.
2026-04-09 00:46:07 [INFO] [Rank 1] Finished. Latency: 118893 ms
2026-04-09 00:46:07 [INFO] [Rank 0] Finished. Latency: 118893 ms
2026-04-09 00:46:07 [INFO] [Rank 2] Finished. Latency: 118893 ms
2026-04-09 00:46:07 [INFO] [Rank 3] Finished. Latency: 118898 ms
2026-04-09 00:46:11 [INFO] Total latency:     118893 ms
2026-04-09 00:46:11 [INFO] Peak 5GB memory:   2138 MB
2026-04-09 00:46:11 [INFO] Avg  5GB memory:   1588 MB
2026-04-09 00:46:11 [INFO] [267/364] Split [18, 7, 4, 3] | Batch: 64 | Microbatch: 32 | Microbatches: 2
2026-04-09 00:46:11 [INFO] Loading WikiText... (SEQ_LEN=64, BATCH=64)
2026-04-09 00:46:27 [INFO] [Rank 3] Loading weights...
2026-04-09 00:46:27 [INFO] [Rank 2] Loading weights...
2026-04-09 00:46:28 [INFO] [Rank 3] Weights loaded.
2026-04-09 00:46:29 [INFO] [Rank 2] Weights loaded.
2026-04-09 00:46:32 [INFO] [Rank 1] Loading weights...
2026-04-09 00:46:34 [INFO] [Rank 1] Weights loaded.
2026-04-09 00:46:50 [INFO] [Rank 0] Loading weights...
2026-04-09 00:46:54 [INFO] [Rank 0] Weights loaded.
2026-04-09 00:48:08 [INFO] [Rank 2] Finished. Latency: 74157 ms
2026-04-09 00:48:08 [INFO] [Rank 1] Finished. Latency: 74157 ms
2026-04-09 00:48:08 [INFO] [Rank 0] Finished. Latency: 74157 ms
2026-04-09 00:48:08 [INFO] [Rank 3] Finished. Latency: 74168 ms
2026-04-09 00:48:12 [INFO] Total latency:     74157 ms
2026-04-09 00:48:12 [INFO] Peak 5GB memory:   3422 MB
2026-04-09 00:48:12 [INFO] Avg  5GB memory:   1956 MB
2026-04-09 00:48:12 [INFO] [268/364] Split [18, 7, 4, 3] | Batch: 64 | Microbatch: 16 | Microbatches: 4
2026-04-09 00:48:12 [INFO] Loading WikiText... (SEQ_LEN=64, BATCH=64)
2026-04-09 00:48:28 [INFO] [Rank 3] Loading weights...
2026-04-09 00:48:29 [INFO] [Rank 2] Loading weights...
2026-04-09 00:48:29 [INFO] [Rank 3] Weights loaded.
2026-04-09 00:48:30 [INFO] [Rank 2] Weights loaded.
2026-04-09 00:48:33 [INFO] [Rank 1] Loading weights...
2026-04-09 00:48:35 [INFO] [Rank 1] Weights loaded.
2026-04-09 00:48:52 [INFO] [Rank 0] Loading weights...
2026-04-09 00:48:55 [INFO] [Rank 0] Weights loaded.
2026-04-09 00:51:04 [INFO] [Rank 1] Finished. Latency: 128018 ms
2026-04-09 00:51:04 [INFO] [Rank 2] Finished. Latency: 128018 ms
2026-04-09 00:51:04 [INFO] [Rank 0] Finished. Latency: 128018 ms
2026-04-09 00:51:04 [INFO] [Rank 3] Finished. Latency: 128026 ms
2026-04-09 00:51:07 [INFO] Total latency:     128018 ms
2026-04-09 00:51:07 [INFO] Peak 5GB memory:   2626 MB
2026-04-09 00:51:07 [INFO] Avg  5GB memory:   1907 MB
2026-04-09 00:51:07 [INFO] [269/364] Split [18, 7, 4, 3] | Batch: 64 | Microbatch: 8 | Microbatches: 8
2026-04-09 00:51:07 [INFO] Loading WikiText... (SEQ_LEN=64, BATCH=64)
2026-04-09 00:51:22 [INFO] [Rank 3] Loading weights...
2026-04-09 00:51:23 [INFO] [Rank 2] Loading weights...
2026-04-09 00:51:24 [INFO] [Rank 3] Weights loaded.
2026-04-09 00:51:24 [INFO] [Rank 2] Weights loaded.
2026-04-09 00:51:28 [INFO] [Rank 1] Loading weights...
2026-04-09 00:51:30 [INFO] [Rank 1] Weights loaded.
2026-04-09 00:51:46 [INFO] [Rank 0] Loading weights...
2026-04-09 00:51:50 [INFO] [Rank 0] Weights loaded.
2026-04-09 00:55:49 [INFO] [Rank 1] Finished. Latency: 238808 ms
2026-04-09 00:55:49 [INFO] [Rank 2] Finished. Latency: 238808 ms
2026-04-09 00:55:49 [INFO] [Rank 0] Finished. Latency: 238808 ms
2026-04-09 00:55:49 [INFO] [Rank 3] Finished. Latency: 238815 ms
2026-04-09 00:55:53 [INFO] Total latency:     238808 ms
2026-04-09 00:55:53 [INFO] Peak 5GB memory:   2246 MB
2026-04-09 00:55:53 [INFO] Avg  5GB memory:   1916 MB
2026-04-09 00:55:53 [INFO] [270/364] Split [18, 7, 4, 3] | Batch: 64 | Microbatch: 4 | Microbatches: 16
2026-04-09 00:55:53 [INFO] Loading WikiText... (SEQ_LEN=64, BATCH=64)
2026-04-09 00:56:10 [INFO] [Rank 3] Loading weights...
2026-04-09 00:56:10 [INFO] [Rank 2] Loading weights...
2026-04-09 00:56:11 [INFO] [Rank 3] Weights loaded.
2026-04-09 00:56:12 [INFO] [Rank 2] Weights loaded.
2026-04-09 00:56:15 [INFO] [Rank 1] Loading weights...
2026-04-09 00:56:17 [INFO] [Rank 1] Weights loaded.
2026-04-09 00:56:33 [INFO] [Rank 0] Loading weights...
2026-04-09 00:56:37 [INFO] [Rank 0] Weights loaded.
2026-04-09 01:04:21 [INFO] [Rank 2] Finished. Latency: 463944 ms
2026-04-09 01:04:21 [INFO] [Rank 1] Finished. Latency: 463944 ms
2026-04-09 01:04:21 [INFO] [Rank 0] Finished. Latency: 463944 ms
2026-04-09 01:04:21 [INFO] [Rank 3] Finished. Latency: 463950 ms
2026-04-09 01:04:25 [INFO] Total latency:     463944 ms
2026-04-09 01:04:25 [INFO] Peak 5GB memory:   2284 MB
2026-04-09 01:04:25 [INFO] Avg  5GB memory:   1978 MB
2026-04-09 01:04:25 [INFO] [271/364] Split [18, 7, 4, 3] | Batch: 64 | Microbatch: 2 | Microbatches: 32
2026-04-09 01:04:25 [INFO] Loading WikiText... (SEQ_LEN=64, BATCH=64)
2026-04-09 01:04:41 [INFO] [Rank 3] Loading weights...
2026-04-09 01:04:42 [INFO] [Rank 2] Loading weights...
2026-04-09 01:04:43 [INFO] [Rank 3] Weights loaded.
2026-04-09 01:04:43 [INFO] [Rank 2] Weights loaded.
2026-04-09 01:04:46 [INFO] [Rank 1] Loading weights...
2026-04-09 01:04:48 [INFO] [Rank 1] Weights loaded.
2026-04-09 01:05:05 [INFO] [Rank 0] Loading weights...
2026-04-09 01:05:09 [INFO] [Rank 0] Weights loaded.
2026-04-09 01:20:07 [INFO] [Rank 1] Finished. Latency: 898116 ms
2026-04-09 01:20:07 [INFO] [Rank 2] Finished. Latency: 898116 ms
2026-04-09 01:20:07 [INFO] [Rank 0] Finished. Latency: 898116 ms
2026-04-09 01:20:07 [INFO] [Rank 3] Finished. Latency: 898122 ms
2026-04-09 01:20:11 [INFO] Total latency:     898116 ms
2026-04-09 01:20:11 [INFO] Peak 5GB memory:   2372 MB
2026-04-09 01:20:11 [INFO] Avg  5GB memory:   2035 MB
2026-04-09 01:20:11 [INFO] [272/364] Split [18, 7, 4, 3] | Batch: 32 | Microbatch: 16 | Microbatches: 2
2026-04-09 01:20:11 [INFO] Loading WikiText... (SEQ_LEN=64, BATCH=32)
2026-04-09 01:20:26 [INFO] [Rank 3] Loading weights...
2026-04-09 01:20:27 [INFO] [Rank 2] Loading weights...
2026-04-09 01:20:27 [INFO] [Rank 3] Weights loaded.
2026-04-09 01:20:28 [INFO] [Rank 2] Weights loaded.
2026-04-09 01:20:32 [INFO] [Rank 1] Loading weights...
2026-04-09 01:20:34 [INFO] [Rank 1] Weights loaded.
2026-04-09 01:20:50 [INFO] [Rank 0] Loading weights...
2026-04-09 01:20:54 [INFO] [Rank 0] Weights loaded.
2026-04-09 01:22:00 [INFO] [Rank 2] Finished. Latency: 65712 ms
2026-04-09 01:22:00 [INFO] [Rank 0] Finished. Latency: 65712 ms
2026-04-09 01:22:00 [INFO] [Rank 1] Finished. Latency: 65712 ms
2026-04-09 01:22:00 [INFO] [Rank 3] Finished. Latency: 65720 ms
2026-04-09 01:22:03 [INFO] Total latency:     65712 ms
2026-04-09 01:22:03 [INFO] Peak 5GB memory:   2104 MB
2026-04-09 01:22:03 [INFO] Avg  5GB memory:   1649 MB
2026-04-09 01:22:03 [INFO] [273/364] Split [18, 7, 4, 3] | Batch: 32 | Microbatch: 8 | Microbatches: 4
2026-04-09 01:22:03 [INFO] Loading WikiText... (SEQ_LEN=64, BATCH=32)
2026-04-09 01:22:19 [INFO] [Rank 3] Loading weights...
2026-04-09 01:22:20 [INFO] [Rank 2] Loading weights...
2026-04-09 01:22:20 [INFO] [Rank 3] Weights loaded.
2026-04-09 01:22:21 [INFO] [Rank 2] Weights loaded.
2026-04-09 01:22:25 [INFO] [Rank 1] Loading weights...
2026-04-09 01:22:27 [INFO] [Rank 1] Weights loaded.
2026-04-09 01:22:43 [INFO] [Rank 0] Loading weights...
2026-04-09 01:22:47 [INFO] [Rank 0] Weights loaded.
2026-04-09 01:24:47 [INFO] [Rank 1] Finished. Latency: 120428 ms
2026-04-09 01:24:47 [INFO] [Rank 0] Finished. Latency: 120428 ms
2026-04-09 01:24:47 [INFO] [Rank 2] Finished. Latency: 120428 ms
2026-04-09 01:24:47 [INFO] [Rank 3] Finished. Latency: 120435 ms
2026-04-09 01:24:51 [INFO] Total latency:     120428 ms
2026-04-09 01:24:51 [INFO] Peak 5GB memory:   2138 MB
2026-04-09 01:24:51 [INFO] Avg  5GB memory:   1697 MB
2026-04-09 01:24:51 [INFO] [274/364] Split [18, 7, 4, 3] | Batch: 32 | Microbatch: 4 | Microbatches: 8
2026-04-09 01:24:51 [INFO] Loading WikiText... (SEQ_LEN=64, BATCH=32)
2026-04-09 01:25:06 [INFO] [Rank 3] Loading weights...
2026-04-09 01:25:07 [INFO] [Rank 2] Loading weights...
2026-04-09 01:25:08 [INFO] [Rank 3] Weights loaded.
2026-04-09 01:25:08 [INFO] [Rank 2] Weights loaded.
2026-04-09 01:25:12 [INFO] [Rank 1] Loading weights...
2026-04-09 01:25:14 [INFO] [Rank 1] Weights loaded.
2026-04-09 01:25:30 [INFO] [Rank 0] Loading weights...
2026-04-09 01:25:34 [INFO] [Rank 0] Weights loaded.
2026-04-09 01:29:25 [INFO] [Rank 1] Finished. Latency: 230560 ms
2026-04-09 01:29:25 [INFO] [Rank 2] Finished. Latency: 230560 ms
2026-04-09 01:29:25 [INFO] [Rank 0] Finished. Latency: 230560 ms
2026-04-09 01:29:25 [INFO] [Rank 3] Finished. Latency: 230566 ms
2026-04-09 01:29:29 [INFO] Total latency:     230560 ms
2026-04-09 01:29:29 [INFO] Peak 5GB memory:   1976 MB
2026-04-09 01:29:29 [INFO] Avg  5GB memory:   1755 MB
2026-04-09 01:29:29 [INFO] [275/364] Split [18, 7, 4, 3] | Batch: 32 | Microbatch: 2 | Microbatches: 16
2026-04-09 01:29:29 [INFO] Loading WikiText... (SEQ_LEN=64, BATCH=32)
2026-04-09 01:29:44 [INFO] [Rank 3] Loading weights...
2026-04-09 01:29:45 [INFO] [Rank 2] Loading weights...
2026-04-09 01:29:46 [INFO] [Rank 3] Weights loaded.
2026-04-09 01:29:46 [INFO] [Rank 2] Weights loaded.
2026-04-09 01:29:50 [INFO] [Rank 1] Loading weights...
2026-04-09 01:29:52 [INFO] [Rank 1] Weights loaded.
2026-04-09 01:30:08 [INFO] [Rank 0] Loading weights...
2026-04-09 01:30:12 [INFO] [Rank 0] Weights loaded.
2026-04-09 01:37:45 [INFO] [Rank 2] Finished. Latency: 452882 ms
2026-04-09 01:37:45 [INFO] [Rank 1] Finished. Latency: 452882 ms
2026-04-09 01:37:45 [INFO] [Rank 0] Finished. Latency: 452882 ms
2026-04-09 01:37:45 [INFO] [Rank 3] Finished. Latency: 452888 ms
2026-04-09 01:37:49 [INFO] Total latency:     452882 ms
2026-04-09 01:37:49 [INFO] Peak 5GB memory:   2138 MB
2026-04-09 01:37:49 [INFO] Avg  5GB memory:   1812 MB
2026-04-09 01:37:49 [INFO] [276/364] Split [18, 7, 4, 3] | Batch: 16 | Microbatch: 8 | Microbatches: 2
2026-04-09 01:37:49 [INFO] Loading WikiText... (SEQ_LEN=64, BATCH=16)
2026-04-09 01:38:05 [INFO] [Rank 3] Loading weights...
2026-04-09 01:38:05 [INFO] [Rank 2] Loading weights...
2026-04-09 01:38:06 [INFO] [Rank 3] Weights loaded.
2026-04-09 01:38:07 [INFO] [Rank 2] Weights loaded.
2026-04-09 01:38:11 [INFO] [Rank 1] Loading weights...
2026-04-09 01:38:13 [INFO] [Rank 1] Weights loaded.
2026-04-09 01:38:28 [INFO] [Rank 0] Loading weights...
2026-04-09 01:38:32 [INFO] [Rank 0] Weights loaded.
2026-04-09 01:39:33 [INFO] [Rank 2] Finished. Latency: 60892 ms
2026-04-09 01:39:33 [INFO] [Rank 1] Finished. Latency: 60892 ms
2026-04-09 01:39:33 [INFO] [Rank 0] Finished. Latency: 60892 ms
2026-04-09 01:39:33 [INFO] [Rank 3] Finished. Latency: 60899 ms
2026-04-09 01:39:37 [INFO] Total latency:     60892 ms
2026-04-09 01:39:37 [INFO] Peak 5GB memory:   1882 MB
2026-04-09 01:39:37 [INFO] Avg  5GB memory:   1538 MB
2026-04-09 01:39:37 [INFO] [277/364] Split [18, 7, 4, 3] | Batch: 16 | Microbatch: 4 | Microbatches: 4
2026-04-09 01:39:37 [INFO] Loading WikiText... (SEQ_LEN=64, BATCH=16)
2026-04-09 01:39:53 [INFO] [Rank 3] Loading weights...
2026-04-09 01:39:54 [INFO] [Rank 2] Loading weights...
2026-04-09 01:39:55 [INFO] [Rank 3] Weights loaded.
2026-04-09 01:39:55 [INFO] [Rank 2] Weights loaded.
2026-04-09 01:39:59 [INFO] [Rank 1] Loading weights...
2026-04-09 01:40:01 [INFO] [Rank 1] Weights loaded.
2026-04-09 01:40:17 [INFO] [Rank 0] Loading weights...
2026-04-09 01:40:20 [INFO] [Rank 0] Weights loaded.
2026-04-09 01:42:17 [INFO] [Rank 1] Finished. Latency: 115982 ms
2026-04-09 01:42:17 [INFO] [Rank 0] Finished. Latency: 115981 ms
2026-04-09 01:42:17 [INFO] [Rank 2] Finished. Latency: 115982 ms
2026-04-09 01:42:17 [INFO] [Rank 3] Finished. Latency: 115988 ms
2026-04-09 01:42:20 [INFO] Total latency:     115981 ms
2026-04-09 01:42:20 [INFO] Peak 5GB memory:   1832 MB
2026-04-09 01:42:20 [INFO] Avg  5GB memory:   1613 MB
2026-04-09 01:42:20 [INFO] [278/364] Split [18, 7, 4, 3] | Batch: 16 | Microbatch: 2 | Microbatches: 8
2026-04-09 01:42:20 [INFO] Loading WikiText... (SEQ_LEN=64, BATCH=16)
2026-04-09 01:42:36 [INFO] [Rank 3] Loading weights...
2026-04-09 01:42:36 [INFO] [Rank 2] Loading weights...
2026-04-09 01:42:37 [INFO] [Rank 3] Weights loaded.
2026-04-09 01:42:38 [INFO] [Rank 2] Weights loaded.
2026-04-09 01:42:41 [INFO] [Rank 1] Loading weights...
2026-04-09 01:42:43 [INFO] [Rank 1] Weights loaded.
2026-04-09 01:43:00 [INFO] [Rank 0] Loading weights...
2026-04-09 01:43:04 [INFO] [Rank 0] Weights loaded.
2026-04-09 01:46:54 [INFO] [Rank 2] Finished. Latency: 229948 ms
2026-04-09 01:46:54 [INFO] [Rank 1] Finished. Latency: 229948 ms
2026-04-09 01:46:54 [INFO] [Rank 0] Finished. Latency: 229948 ms
2026-04-09 01:46:54 [INFO] [Rank 3] Finished. Latency: 229954 ms
2026-04-09 01:46:58 [INFO] Total latency:     229948 ms
2026-04-09 01:46:58 [INFO] Peak 5GB memory:   1882 MB
2026-04-09 01:46:58 [INFO] Avg  5GB memory:   1680 MB
2026-04-09 01:46:58 [INFO] [279/364] Split [18, 7, 4, 3] | Batch: 8 | Microbatch: 4 | Microbatches: 2
2026-04-09 01:46:58 [INFO] Loading WikiText... (SEQ_LEN=64, BATCH=8)
2026-04-09 01:47:13 [INFO] [Rank 3] Loading weights...
2026-04-09 01:47:14 [INFO] [Rank 2] Loading weights...
2026-04-09 01:47:15 [INFO] [Rank 3] Weights loaded.
2026-04-09 01:47:15 [INFO] [Rank 2] Weights loaded.
2026-04-09 01:47:19 [INFO] [Rank 1] Loading weights...
2026-04-09 01:47:21 [INFO] [Rank 1] Weights loaded.
2026-04-09 01:47:37 [INFO] [Rank 0] Loading weights...
2026-04-09 01:47:41 [INFO] [Rank 0] Weights loaded.
2026-04-09 01:48:40 [INFO] [Rank 2] Finished. Latency: 59161 ms
2026-04-09 01:48:40 [INFO] [Rank 1] Finished. Latency: 59161 ms
2026-04-09 01:48:40 [INFO] [Rank 0] Finished. Latency: 59161 ms
2026-04-09 01:48:40 [INFO] [Rank 3] Finished. Latency: 59167 ms
2026-04-09 01:48:44 [INFO] Total latency:     59161 ms
2026-04-09 01:48:44 [INFO] Peak 5GB memory:   2138 MB
2026-04-09 01:48:44 [INFO] Avg  5GB memory:   1502 MB
2026-04-09 01:48:44 [INFO] [280/364] Split [18, 7, 4, 3] | Batch: 8 | Microbatch: 2 | Microbatches: 4
2026-04-09 01:48:44 [INFO] Loading WikiText... (SEQ_LEN=64, BATCH=8)
2026-04-09 01:48:59 [INFO] [Rank 3] Loading weights...
2026-04-09 01:49:00 [INFO] [Rank 2] Loading weights...
2026-04-09 01:49:01 [INFO] [Rank 3] Weights loaded.
2026-04-09 01:49:01 [INFO] [Rank 2] Weights loaded.
2026-04-09 01:49:05 [INFO] [Rank 1] Loading weights...
2026-04-09 01:49:07 [INFO] [Rank 1] Weights loaded.
2026-04-09 01:49:23 [INFO] [Rank 0] Loading weights...
2026-04-09 01:49:27 [INFO] [Rank 0] Weights loaded.
2026-04-09 01:51:23 [INFO] [Rank 1] Finished. Latency: 116293 ms
2026-04-09 01:51:23 [INFO] [Rank 2] Finished. Latency: 116293 ms
2026-04-09 01:51:23 [INFO] [Rank 0] Finished. Latency: 116293 ms
2026-04-09 01:51:23 [INFO] [Rank 3] Finished. Latency: 116299 ms
2026-04-09 01:51:27 [INFO] Total latency:     116293 ms
2026-04-09 01:51:27 [INFO] Peak 5GB memory:   1882 MB
2026-04-09 01:51:27 [INFO] Avg  5GB memory:   1584 MB
2026-04-09 01:51:27 [INFO] [281/364] Split [18, 7, 5, 2] | Batch: 64 | Microbatch: 32 | Microbatches: 2
2026-04-09 01:51:27 [INFO] Loading WikiText... (SEQ_LEN=64, BATCH=64)
2026-04-09 01:51:41 [INFO] [Rank 3] Loading weights...
2026-04-09 01:51:42 [INFO] [Rank 3] Weights loaded.
2026-04-09 01:51:45 [INFO] [Rank 2] Loading weights...
2026-04-09 01:51:46 [INFO] [Rank 2] Weights loaded.
2026-04-09 01:51:48 [INFO] [Rank 1] Loading weights...
2026-04-09 01:51:50 [INFO] [Rank 1] Weights loaded.
2026-04-09 01:52:06 [INFO] [Rank 0] Loading weights...
2026-04-09 01:52:10 [INFO] [Rank 0] Weights loaded.
2026-04-09 01:53:24 [INFO] [Rank 2] Finished. Latency: 73754 ms
2026-04-09 01:53:24 [INFO] [Rank 1] Finished. Latency: 73754 ms
2026-04-09 01:53:24 [INFO] [Rank 0] Finished. Latency: 73754 ms
2026-04-09 01:53:24 [INFO] [Rank 3] Finished. Latency: 73761 ms
2026-04-09 01:53:28 [INFO] Total latency:     73754 ms
2026-04-09 01:53:28 [INFO] Peak 5GB memory:   2086 MB
2026-04-09 01:53:28 [INFO] Avg  5GB memory:   1410 MB
2026-04-09 01:53:28 [INFO] [282/364] Split [18, 7, 5, 2] | Batch: 64 | Microbatch: 16 | Microbatches: 4
2026-04-09 01:53:28 [INFO] Loading WikiText... (SEQ_LEN=64, BATCH=64)
2026-04-09 01:53:42 [INFO] [Rank 3] Loading weights...
2026-04-09 01:53:43 [INFO] [Rank 3] Weights loaded.
2026-04-09 01:53:46 [INFO] [Rank 2] Loading weights...
2026-04-09 01:53:47 [INFO] [Rank 2] Weights loaded.
2026-04-09 01:53:49 [INFO] [Rank 1] Loading weights...
2026-04-09 01:53:51 [INFO] [Rank 1] Weights loaded.
2026-04-09 01:54:07 [INFO] [Rank 0] Loading weights...
2026-04-09 01:54:11 [INFO] [Rank 0] Weights loaded.
2026-04-09 01:56:20 [INFO] [Rank 1] Finished. Latency: 128112 ms
2026-04-09 01:56:20 [INFO] [Rank 2] Finished. Latency: 128112 ms
2026-04-09 01:56:20 [INFO] [Rank 0] Finished. Latency: 128112 ms
2026-04-09 01:56:20 [INFO] [Rank 3] Finished. Latency: 128118 ms
2026-04-09 01:56:23 [INFO] Total latency:     128112 ms
2026-04-09 01:56:23 [INFO] Peak 5GB memory:   1886 MB
2026-04-09 01:56:23 [INFO] Avg  5GB memory:   1427 MB
2026-04-09 01:56:23 [INFO] [283/364] Split [18, 7, 5, 2] | Batch: 64 | Microbatch: 8 | Microbatches: 8
2026-04-09 01:56:23 [INFO] Loading WikiText... (SEQ_LEN=64, BATCH=64)
2026-04-09 01:56:37 [INFO] [Rank 3] Loading weights...
2026-04-09 01:56:38 [INFO] [Rank 3] Weights loaded.
2026-04-09 01:56:41 [INFO] [Rank 2] Loading weights...
2026-04-09 01:56:42 [INFO] [Rank 2] Weights loaded.
2026-04-09 01:56:44 [INFO] [Rank 1] Loading weights...
2026-04-09 01:56:46 [INFO] [Rank 1] Weights loaded.
2026-04-09 01:57:02 [INFO] [Rank 0] Loading weights...
2026-04-09 01:57:06 [INFO] [Rank 0] Weights loaded.
2026-04-09 02:01:04 [INFO] [Rank 1] Finished. Latency: 237441 ms
2026-04-09 02:01:04 [INFO] [Rank 2] Finished. Latency: 237441 ms
2026-04-09 02:01:04 [INFO] [Rank 0] Finished. Latency: 237441 ms
2026-04-09 02:01:04 [INFO] [Rank 3] Finished. Latency: 237446 ms
2026-04-09 02:01:08 [INFO] Total latency:     237441 ms
2026-04-09 02:01:08 [INFO] Peak 5GB memory:   1670 MB
2026-04-09 02:01:08 [INFO] Avg  5GB memory:   1430 MB
2026-04-09 02:01:08 [INFO] [284/364] Split [18, 7, 5, 2] | Batch: 64 | Microbatch: 4 | Microbatches: 16
2026-04-09 02:01:08 [INFO] Loading WikiText... (SEQ_LEN=64, BATCH=64)
2026-04-09 02:01:22 [INFO] [Rank 3] Loading weights...
2026-04-09 02:01:23 [INFO] [Rank 3] Weights loaded.
2026-04-09 02:01:26 [INFO] [Rank 2] Loading weights...
2026-04-09 02:01:28 [INFO] [Rank 2] Weights loaded.
2026-04-09 02:01:30 [INFO] [Rank 1] Loading weights...
2026-04-09 02:01:32 [INFO] [Rank 1] Weights loaded.
2026-04-09 02:01:47 [INFO] [Rank 0] Loading weights...
2026-04-09 02:01:51 [INFO] [Rank 0] Weights loaded.
2026-04-09 02:09:26 [INFO] [Rank 2] Finished. Latency: 454968 ms
2026-04-09 02:09:26 [INFO] [Rank 0] Finished. Latency: 454968 ms
2026-04-09 02:09:26 [INFO] [Rank 1] Finished. Latency: 454968 ms
2026-04-09 02:09:26 [INFO] [Rank 3] Finished. Latency: 454973 ms
2026-04-09 02:09:30 [INFO] Total latency:     454968 ms
2026-04-09 02:09:30 [INFO] Peak 5GB memory:   1718 MB
2026-04-09 02:09:30 [INFO] Avg  5GB memory:   1470 MB
2026-04-09 02:09:30 [INFO] [285/364] Split [18, 7, 5, 2] | Batch: 64 | Microbatch: 2 | Microbatches: 32
2026-04-09 02:09:30 [INFO] Loading WikiText... (SEQ_LEN=64, BATCH=64)
2026-04-09 02:09:44 [INFO] [Rank 3] Loading weights...
2026-04-09 02:09:45 [INFO] [Rank 3] Weights loaded.
2026-04-09 02:09:48 [INFO] [Rank 2] Loading weights...
2026-04-09 02:09:49 [INFO] [Rank 2] Weights loaded.
2026-04-09 02:09:51 [INFO] [Rank 1] Loading weights...
2026-04-09 02:09:53 [INFO] [Rank 1] Weights loaded.
2026-04-09 02:10:09 [INFO] [Rank 0] Loading weights...
2026-04-09 02:10:13 [INFO] [Rank 0] Weights loaded.
2026-04-09 02:25:08 [INFO] [Rank 2] Finished. Latency: 894565 ms
2026-04-09 02:25:08 [INFO] [Rank 0] Finished. Latency: 894566 ms
2026-04-09 02:25:08 [INFO] [Rank 1] Finished. Latency: 894566 ms
2026-04-09 02:25:08 [INFO] [Rank 3] Finished. Latency: 894570 ms
2026-04-09 02:25:12 [INFO] Total latency:     894566 ms
2026-04-09 02:25:12 [INFO] Peak 5GB memory:   1726 MB
2026-04-09 02:25:12 [INFO] Avg  5GB memory:   1500 MB
2026-04-09 02:25:12 [INFO] [286/364] Split [18, 7, 5, 2] | Batch: 32 | Microbatch: 16 | Microbatches: 2
2026-04-09 02:25:12 [INFO] Loading WikiText... (SEQ_LEN=64, BATCH=32)
2026-04-09 02:25:26 [INFO] [Rank 3] Loading weights...
2026-04-09 02:25:27 [INFO] [Rank 3] Weights loaded.
2026-04-09 02:25:29 [INFO] [Rank 2] Loading weights...
2026-04-09 02:25:31 [INFO] [Rank 2] Weights loaded.
2026-04-09 02:25:33 [INFO] [Rank 1] Loading weights...
2026-04-09 02:25:35 [INFO] [Rank 1] Weights loaded.
2026-04-09 02:25:51 [INFO] [Rank 0] Loading weights...
2026-04-09 02:25:55 [INFO] [Rank 0] Weights loaded.
2026-04-09 02:27:00 [INFO] [Rank 0] Finished. Latency: 64919 ms
2026-04-09 02:27:00 [INFO] [Rank 2] Finished. Latency: 64919 ms
2026-04-09 02:27:00 [INFO] [Rank 1] Finished. Latency: 64919 ms
2026-04-09 02:27:00 [INFO] [Rank 3] Finished. Latency: 64925 ms
2026-04-09 02:27:04 [INFO] Total latency:     64919 ms
2026-04-09 02:27:04 [INFO] Peak 5GB memory:   1718 MB
2026-04-09 02:27:04 [INFO] Avg  5GB memory:   1250 MB
2026-04-09 02:27:04 [INFO] [287/364] Split [18, 7, 5, 2] | Batch: 32 | Microbatch: 8 | Microbatches: 4
2026-04-09 02:27:04 [INFO] Loading WikiText... (SEQ_LEN=64, BATCH=32)
2026-04-09 02:27:18 [INFO] [Rank 3] Loading weights...
2026-04-09 02:27:19 [INFO] [Rank 3] Weights loaded.
2026-04-09 02:27:22 [INFO] [Rank 2] Loading weights...
2026-04-09 02:27:23 [INFO] [Rank 2] Weights loaded.
2026-04-09 02:27:25 [INFO] [Rank 1] Loading weights...
2026-04-09 02:27:27 [INFO] [Rank 1] Weights loaded.
2026-04-09 02:27:43 [INFO] [Rank 0] Loading weights...
2026-04-09 02:27:47 [INFO] [Rank 0] Weights loaded.
2026-04-09 02:29:46 [INFO] [Rank 1] Finished. Latency: 119740 ms
2026-04-09 02:29:46 [INFO] [Rank 2] Finished. Latency: 119740 ms
2026-04-09 02:29:46 [INFO] [Rank 0] Finished. Latency: 119740 ms
2026-04-09 02:29:46 [INFO] [Rank 3] Finished. Latency: 119745 ms
2026-04-09 02:29:50 [INFO] Total latency:     119740 ms
2026-04-09 02:29:50 [INFO] Peak 5GB memory:   1718 MB
2026-04-09 02:29:50 [INFO] Avg  5GB memory:   1277 MB
2026-04-09 02:29:50 [INFO] [288/364] Split [18, 7, 5, 2] | Batch: 32 | Microbatch: 4 | Microbatches: 8
2026-04-09 02:29:50 [INFO] Loading WikiText... (SEQ_LEN=64, BATCH=32)
2026-04-09 02:30:04 [INFO] [Rank 3] Loading weights...
2026-04-09 02:30:06 [INFO] [Rank 3] Weights loaded.
2026-04-09 02:30:08 [INFO] [Rank 2] Loading weights...
2026-04-09 02:30:10 [INFO] [Rank 2] Weights loaded.
2026-04-09 02:30:11 [INFO] [Rank 1] Loading weights...
2026-04-09 02:30:13 [INFO] [Rank 1] Weights loaded.
2026-04-09 02:30:30 [INFO] [Rank 0] Loading weights...
2026-04-09 02:30:34 [INFO] [Rank 0] Weights loaded.
2026-04-09 02:34:24 [INFO] [Rank 2] Finished. Latency: 229819 ms
2026-04-09 02:34:24 [INFO] [Rank 1] Finished. Latency: 229819 ms
2026-04-09 02:34:24 [INFO] [Rank 0] Finished. Latency: 229819 ms
2026-04-09 02:34:24 [INFO] [Rank 3] Finished. Latency: 229823 ms
2026-04-09 02:34:27 [INFO] Total latency:     229819 ms
2026-04-09 02:34:27 [INFO] Peak 5GB memory:   1718 MB
2026-04-09 02:34:27 [INFO] Avg  5GB memory:   1315 MB
2026-04-09 02:34:27 [INFO] [289/364] Split [18, 7, 5, 2] | Batch: 32 | Microbatch: 2 | Microbatches: 16
2026-04-09 02:34:27 [INFO] Loading WikiText... (SEQ_LEN=64, BATCH=32)
2026-04-09 02:34:41 [INFO] [Rank 3] Loading weights...
2026-04-09 02:34:42 [INFO] [Rank 3] Weights loaded.
2026-04-09 02:34:45 [INFO] [Rank 2] Loading weights...
2026-04-09 02:34:46 [INFO] [Rank 2] Weights loaded.
2026-04-09 02:34:48 [INFO] [Rank 1] Loading weights...
2026-04-09 02:34:50 [INFO] [Rank 1] Weights loaded.
2026-04-09 02:35:06 [INFO] [Rank 0] Loading weights...
2026-04-09 02:35:10 [INFO] [Rank 0] Weights loaded.
2026-04-09 02:42:40 [INFO] [Rank 1] Finished. Latency: 449499 ms
2026-04-09 02:42:40 [INFO] [Rank 2] Finished. Latency: 449499 ms
2026-04-09 02:42:40 [INFO] [Rank 0] Finished. Latency: 449499 ms
2026-04-09 02:42:40 [INFO] [Rank 3] Finished. Latency: 449503 ms
2026-04-09 02:42:43 [INFO] Total latency:     449499 ms
2026-04-09 02:42:43 [INFO] Peak 5GB memory:   1718 MB
2026-04-09 02:42:43 [INFO] Avg  5GB memory:   1348 MB
2026-04-09 02:42:43 [INFO] [290/364] Split [18, 7, 5, 2] | Batch: 16 | Microbatch: 8 | Microbatches: 2
2026-04-09 02:42:43 [INFO] Loading WikiText... (SEQ_LEN=64, BATCH=16)
2026-04-09 02:42:58 [INFO] [Rank 3] Loading weights...
2026-04-09 02:42:59 [INFO] [Rank 3] Weights loaded.
2026-04-09 02:43:02 [INFO] [Rank 2] Loading weights...
2026-04-09 02:43:04 [INFO] [Rank 2] Weights loaded.
2026-04-09 02:43:05 [INFO] [Rank 1] Loading weights...
2026-04-09 02:43:07 [INFO] [Rank 1] Weights loaded.
2026-04-09 02:43:23 [INFO] [Rank 0] Loading weights...
2026-04-09 02:43:27 [INFO] [Rank 0] Weights loaded.
2026-04-09 02:44:27 [INFO] [Rank 2] Finished. Latency: 60050 ms
2026-04-09 02:44:27 [INFO] [Rank 1] Finished. Latency: 60050 ms
2026-04-09 02:44:27 [INFO] [Rank 0] Finished. Latency: 60050 ms
2026-04-09 02:44:27 [INFO] [Rank 3] Finished. Latency: 60055 ms
2026-04-09 02:44:31 [INFO] Total latency:     60050 ms
2026-04-09 02:44:31 [INFO] Peak 5GB memory:   1718 MB
2026-04-09 02:44:31 [INFO] Avg  5GB memory:   1158 MB
2026-04-09 02:44:31 [INFO] [291/364] Split [18, 7, 5, 2] | Batch: 16 | Microbatch: 4 | Microbatches: 4
2026-04-09 02:44:31 [INFO] Loading WikiText... (SEQ_LEN=64, BATCH=16)
2026-04-09 02:44:45 [INFO] [Rank 3] Loading weights...
2026-04-09 02:44:46 [INFO] [Rank 3] Weights loaded.
2026-04-09 02:44:49 [INFO] [Rank 2] Loading weights...
2026-04-09 02:44:50 [INFO] [Rank 2] Weights loaded.
2026-04-09 02:44:52 [INFO] [Rank 1] Loading weights...
2026-04-09 02:44:54 [INFO] [Rank 1] Weights loaded.
2026-04-09 02:45:10 [INFO] [Rank 0] Loading weights...
2026-04-09 02:45:14 [INFO] [Rank 0] Weights loaded.
2026-04-09 02:47:11 [INFO] [Rank 1] Finished. Latency: 116412 ms
2026-04-09 02:47:11 [INFO] [Rank 2] Finished. Latency: 116412 ms
2026-04-09 02:47:11 [INFO] [Rank 0] Finished. Latency: 116412 ms
2026-04-09 02:47:11 [INFO] [Rank 3] Finished. Latency: 116417 ms
2026-04-09 02:47:14 [INFO] Total latency:     116412 ms
2026-04-09 02:47:14 [INFO] Peak 5GB memory:   1718 MB
2026-04-09 02:47:14 [INFO] Avg  5GB memory:   1215 MB
2026-04-09 02:47:14 [INFO] [292/364] Split [18, 7, 5, 2] | Batch: 16 | Microbatch: 2 | Microbatches: 8
2026-04-09 02:47:14 [INFO] Loading WikiText... (SEQ_LEN=64, BATCH=16)
2026-04-09 02:47:27 [INFO] [Rank 3] Loading weights...
2026-04-09 02:47:29 [INFO] [Rank 3] Weights loaded.
2026-04-09 02:47:32 [INFO] [Rank 2] Loading weights...
2026-04-09 02:47:33 [INFO] [Rank 2] Weights loaded.
2026-04-09 02:47:35 [INFO] [Rank 1] Loading weights...
2026-04-09 02:47:37 [INFO] [Rank 1] Weights loaded.
2026-04-09 02:47:53 [INFO] [Rank 0] Loading weights...
2026-04-09 02:47:57 [INFO] [Rank 0] Weights loaded.
2026-04-09 02:51:41 [INFO] [Rank 2] Finished. Latency: 224286 ms
2026-04-09 02:51:41 [INFO] [Rank 1] Finished. Latency: 224286 ms
2026-04-09 02:51:41 [INFO] [Rank 0] Finished. Latency: 224286 ms
2026-04-09 02:51:41 [INFO] [Rank 3] Finished. Latency: 224290 ms
2026-04-09 02:51:45 [INFO] Total latency:     224286 ms
2026-04-09 02:51:45 [INFO] Peak 5GB memory:   1462 MB
2026-04-09 02:51:45 [INFO] Avg  5GB memory:   1256 MB
2026-04-09 02:51:45 [INFO] [293/364] Split [18, 7, 5, 2] | Batch: 8 | Microbatch: 4 | Microbatches: 2
2026-04-09 02:51:45 [INFO] Loading WikiText... (SEQ_LEN=64, BATCH=8)
2026-04-09 02:51:59 [INFO] [Rank 3] Loading weights...
2026-04-09 02:52:00 [INFO] [Rank 3] Weights loaded.
2026-04-09 02:52:02 [INFO] [Rank 2] Loading weights...
2026-04-09 02:52:04 [INFO] [Rank 2] Weights loaded.
2026-04-09 02:52:06 [INFO] [Rank 1] Loading weights...
2026-04-09 02:52:08 [INFO] [Rank 1] Weights loaded.
2026-04-09 02:52:24 [INFO] [Rank 0] Loading weights...
2026-04-09 02:52:28 [INFO] [Rank 0] Weights loaded.
2026-04-09 02:53:26 [INFO] [Rank 2] Finished. Latency: 58604 ms
2026-04-09 02:53:26 [INFO] [Rank 0] Finished. Latency: 58604 ms
2026-04-09 02:53:26 [INFO] [Rank 1] Finished. Latency: 58604 ms
2026-04-09 02:53:26 [INFO] [Rank 3] Finished. Latency: 58609 ms
2026-04-09 02:53:30 [INFO] Total latency:     58604 ms
2026-04-09 02:53:30 [INFO] Peak 5GB memory:   1718 MB
2026-04-09 02:53:30 [INFO] Avg  5GB memory:   1145 MB
2026-04-09 02:53:30 [INFO] [294/364] Split [18, 7, 5, 2] | Batch: 8 | Microbatch: 2 | Microbatches: 4
2026-04-09 02:53:30 [INFO] Loading WikiText... (SEQ_LEN=64, BATCH=8)
2026-04-09 02:53:44 [INFO] [Rank 3] Loading weights...
2026-04-09 02:53:45 [INFO] [Rank 3] Weights loaded.
2026-04-09 02:53:47 [INFO] [Rank 2] Loading weights...
2026-04-09 02:53:49 [INFO] [Rank 2] Weights loaded.
2026-04-09 02:53:50 [INFO] [Rank 1] Loading weights...
2026-04-09 02:53:52 [INFO] [Rank 1] Weights loaded.
2026-04-09 02:54:08 [INFO] [Rank 0] Loading weights...
2026-04-09 02:54:12 [INFO] [Rank 0] Weights loaded.
2026-04-09 02:56:06 [INFO] [Rank 2] Finished. Latency: 113887 ms
2026-04-09 02:56:06 [INFO] [Rank 1] Finished. Latency: 113887 ms
2026-04-09 02:56:06 [INFO] [Rank 0] Finished. Latency: 113887 ms
2026-04-09 02:56:06 [INFO] [Rank 3] Finished. Latency: 113891 ms
2026-04-09 02:56:10 [INFO] Total latency:     113887 ms
2026-04-09 02:56:10 [INFO] Peak 5GB memory:   1718 MB
2026-04-09 02:56:10 [INFO] Avg  5GB memory:   1188 MB
2026-04-09 02:56:10 [INFO] [295/364] Split [18, 8, 3, 3] | Batch: 64 | Microbatch: 32 | Microbatches: 2
2026-04-09 02:56:10 [INFO] Loading WikiText... (SEQ_LEN=64, BATCH=64)
2026-04-09 02:56:23 [INFO] [Rank 2] Loading weights...
2026-04-09 02:56:25 [INFO] [Rank 3] Loading weights...
2026-04-09 02:56:25 [INFO] [Rank 2] Weights loaded.
2026-04-09 02:56:26 [INFO] [Rank 3] Weights loaded.
2026-04-09 02:56:31 [INFO] [Rank 1] Loading weights...
2026-04-09 02:56:34 [INFO] [Rank 1] Weights loaded.
2026-04-09 02:56:48 [INFO] [Rank 0] Loading weights...
2026-04-09 02:56:52 [INFO] [Rank 0] Weights loaded.
2026-04-09 02:58:03 [INFO] [Rank 2] Finished. Latency: 71438 ms
2026-04-09 02:58:03 [INFO] [Rank 1] Finished. Latency: 71438 ms
2026-04-09 02:58:03 [INFO] [Rank 0] Finished. Latency: 71438 ms
2026-04-09 02:58:03 [INFO] [Rank 3] Finished. Latency: 71449 ms
2026-04-09 02:58:07 [INFO] Total latency:     71438 ms
2026-04-09 02:58:07 [INFO] Peak 5GB memory:   3422 MB
2026-04-09 02:58:07 [INFO] Avg  5GB memory:   1955 MB
2026-04-09 02:58:07 [INFO] [296/364] Split [18, 8, 3, 3] | Batch: 64 | Microbatch: 16 | Microbatches: 4
2026-04-09 02:58:07 [INFO] Loading WikiText... (SEQ_LEN=64, BATCH=64)
2026-04-09 02:58:21 [INFO] [Rank 2] Loading weights...
2026-04-09 02:58:22 [INFO] [Rank 2] Weights loaded.
2026-04-09 02:58:22 [INFO] [Rank 3] Loading weights...
2026-04-09 02:58:23 [INFO] [Rank 3] Weights loaded.
2026-04-09 02:58:29 [INFO] [Rank 1] Loading weights...
2026-04-09 02:58:31 [INFO] [Rank 1] Weights loaded.
2026-04-09 02:58:45 [INFO] [Rank 0] Loading weights...
2026-04-09 02:58:49 [INFO] [Rank 0] Weights loaded.
2026-04-09 03:00:53 [INFO] [Rank 1] Finished. Latency: 123304 ms
2026-04-09 03:00:53 [INFO] [Rank 2] Finished. Latency: 123304 ms
2026-04-09 03:00:53 [INFO] [Rank 0] Finished. Latency: 123304 ms
2026-04-09 03:00:53 [INFO] [Rank 3] Finished. Latency: 123312 ms
2026-04-09 03:00:57 [INFO] Total latency:     123304 ms
2026-04-09 03:00:57 [INFO] Peak 5GB memory:   2626 MB
2026-04-09 03:00:57 [INFO] Avg  5GB memory:   1909 MB
2026-04-09 03:00:57 [INFO] [297/364] Split [18, 8, 3, 3] | Batch: 64 | Microbatch: 8 | Microbatches: 8
2026-04-09 03:00:57 [INFO] Loading WikiText... (SEQ_LEN=64, BATCH=64)
2026-04-09 03:01:12 [INFO] [Rank 2] Loading weights...
2026-04-09 03:01:13 [INFO] [Rank 3] Loading weights...
2026-04-09 03:01:14 [INFO] [Rank 2] Weights loaded.
2026-04-09 03:01:15 [INFO] [Rank 3] Weights loaded.
2026-04-09 03:01:20 [INFO] [Rank 1] Loading weights...
2026-04-09 03:01:22 [INFO] [Rank 1] Weights loaded.
2026-04-09 03:01:37 [INFO] [Rank 0] Loading weights...
2026-04-09 03:01:40 [INFO] [Rank 0] Weights loaded.
2026-04-09 03:05:31 [INFO] [Rank 2] Finished. Latency: 230264 ms
2026-04-09 03:05:31 [INFO] [Rank 1] Finished. Latency: 230265 ms
2026-04-09 03:05:31 [INFO] [Rank 0] Finished. Latency: 230264 ms
2026-04-09 03:05:31 [INFO] [Rank 3] Finished. Latency: 230271 ms
2026-04-09 03:05:35 [INFO] Total latency:     230264 ms
2026-04-09 03:05:35 [INFO] Peak 5GB memory:   2246 MB
2026-04-09 03:05:35 [INFO] Avg  5GB memory:   1912 MB
2026-04-09 03:05:35 [INFO] [298/364] Split [18, 8, 3, 3] | Batch: 64 | Microbatch: 4 | Microbatches: 16
2026-04-09 03:05:35 [INFO] Loading WikiText... (SEQ_LEN=64, BATCH=64)
2026-04-09 03:05:49 [INFO] [Rank 2] Loading weights...
2026-04-09 03:05:50 [INFO] [Rank 2] Weights loaded.
2026-04-09 03:05:50 [INFO] [Rank 3] Loading weights...
2026-04-09 03:05:51 [INFO] [Rank 3] Weights loaded.
2026-04-09 03:05:57 [INFO] [Rank 1] Loading weights...
2026-04-09 03:05:59 [INFO] [Rank 1] Weights loaded.
2026-04-09 03:06:14 [INFO] [Rank 0] Loading weights...
2026-04-09 03:06:18 [INFO] [Rank 0] Weights loaded.
2026-04-09 03:13:47 [INFO] [Rank 1] Finished. Latency: 448971 ms
2026-04-09 03:13:47 [INFO] [Rank 2] Finished. Latency: 448971 ms
2026-04-09 03:13:47 [INFO] [Rank 0] Finished. Latency: 448971 ms
2026-04-09 03:13:47 [INFO] [Rank 3] Finished. Latency: 448977 ms
2026-04-09 03:13:51 [INFO] Total latency:     448971 ms
2026-04-09 03:13:51 [INFO] Peak 5GB memory:   2284 MB
2026-04-09 03:13:51 [INFO] Avg  5GB memory:   1978 MB
2026-04-09 03:13:51 [INFO] [299/364] Split [18, 8, 3, 3] | Batch: 64 | Microbatch: 2 | Microbatches: 32
2026-04-09 03:13:51 [INFO] Loading WikiText... (SEQ_LEN=64, BATCH=64)
2026-04-09 03:14:07 [INFO] [Rank 2] Loading weights...
2026-04-09 03:14:08 [INFO] [Rank 3] Loading weights...
2026-04-09 03:14:08 [INFO] [Rank 2] Weights loaded.
2026-04-09 03:14:09 [INFO] [Rank 3] Weights loaded.
2026-04-09 03:14:14 [INFO] [Rank 1] Loading weights...
2026-04-09 03:14:16 [INFO] [Rank 1] Weights loaded.
2026-04-09 03:14:32 [INFO] [Rank 0] Loading weights...
2026-04-09 03:14:36 [INFO] [Rank 0] Weights loaded.
2026-04-09 03:29:13 [INFO] [Rank 2] Finished. Latency: 877082 ms
2026-04-09 03:29:13 [INFO] [Rank 1] Finished. Latency: 877082 ms
2026-04-09 03:29:13 [INFO] [Rank 0] Finished. Latency: 877082 ms
2026-04-09 03:29:13 [INFO] [Rank 3] Finished. Latency: 877088 ms
2026-04-09 03:29:17 [INFO] Total latency:     877082 ms
2026-04-09 03:29:17 [INFO] Peak 5GB memory:   2372 MB
2026-04-09 03:29:17 [INFO] Avg  5GB memory:   2032 MB
2026-04-09 03:29:17 [INFO] [300/364] Split [18, 8, 3, 3] | Batch: 32 | Microbatch: 16 | Microbatches: 2
2026-04-09 03:29:17 [INFO] Loading WikiText... (SEQ_LEN=64, BATCH=32)
2026-04-09 03:29:32 [INFO] [Rank 2] Loading weights...
2026-04-09 03:29:33 [INFO] [Rank 2] Weights loaded.
2026-04-09 03:29:33 [INFO] [Rank 3] Loading weights...
2026-04-09 03:29:34 [INFO] [Rank 3] Weights loaded.
2026-04-09 03:29:40 [INFO] [Rank 1] Loading weights...
2026-04-09 03:29:42 [INFO] [Rank 1] Weights loaded.
2026-04-09 03:29:56 [INFO] [Rank 0] Loading weights...
2026-04-09 03:30:00 [INFO] [Rank 0] Weights loaded.
2026-04-09 03:31:03 [INFO] [Rank 2] Finished. Latency: 63160 ms
2026-04-09 03:31:03 [INFO] [Rank 1] Finished. Latency: 63160 ms
2026-04-09 03:31:03 [INFO] [Rank 0] Finished. Latency: 63160 ms
2026-04-09 03:31:03 [INFO] [Rank 3] Finished. Latency: 63168 ms
2026-04-09 03:31:07 [INFO] Total latency:     63160 ms
2026-04-09 03:31:07 [INFO] Peak 5GB memory:   2104 MB
2026-04-09 03:31:07 [INFO] Avg  5GB memory:   1619 MB
2026-04-09 03:31:07 [INFO] [301/364] Split [18, 8, 3, 3] | Batch: 32 | Microbatch: 8 | Microbatches: 4
2026-04-09 03:31:07 [INFO] Loading WikiText... (SEQ_LEN=64, BATCH=32)
2026-04-09 03:31:22 [INFO] [Rank 2] Loading weights...
2026-04-09 03:31:23 [INFO] [Rank 2] Weights loaded.
2026-04-09 03:31:23 [INFO] [Rank 3] Loading weights...
2026-04-09 03:31:24 [INFO] [Rank 3] Weights loaded.
2026-04-09 03:31:30 [INFO] [Rank 1] Loading weights...
2026-04-09 03:31:32 [INFO] [Rank 1] Weights loaded.
2026-04-09 03:31:46 [INFO] [Rank 0] Loading weights...
2026-04-09 03:31:50 [INFO] [Rank 0] Weights loaded.
2026-04-09 03:33:47 [INFO] [Rank 2] Finished. Latency: 116399 ms
2026-04-09 03:33:47 [INFO] [Rank 1] Finished. Latency: 116399 ms
2026-04-09 03:33:47 [INFO] [Rank 0] Finished. Latency: 116399 ms
2026-04-09 03:33:47 [INFO] [Rank 3] Finished. Latency: 116406 ms
2026-04-09 03:33:50 [INFO] Total latency:     116399 ms
2026-04-09 03:33:50 [INFO] Peak 5GB memory:   2138 MB
2026-04-09 03:33:50 [INFO] Avg  5GB memory:   1696 MB
2026-04-09 03:33:50 [INFO] [302/364] Split [18, 8, 3, 3] | Batch: 32 | Microbatch: 4 | Microbatches: 8
2026-04-09 03:33:50 [INFO] Loading WikiText... (SEQ_LEN=64, BATCH=32)
2026-04-09 03:34:04 [INFO] [Rank 2] Loading weights...
2026-04-09 03:34:05 [INFO] [Rank 3] Loading weights...
2026-04-09 03:34:05 [INFO] [Rank 2] Weights loaded.
2026-04-09 03:34:06 [INFO] [Rank 3] Weights loaded.
2026-04-09 03:34:12 [INFO] [Rank 1] Loading weights...
2026-04-09 03:34:14 [INFO] [Rank 1] Weights loaded.
2026-04-09 03:34:29 [INFO] [Rank 0] Loading weights...
2026-04-09 03:34:33 [INFO] [Rank 0] Weights loaded.
2026-04-09 03:38:18 [INFO] [Rank 2] Finished. Latency: 224677 ms
2026-04-09 03:38:18 [INFO] [Rank 1] Finished. Latency: 224677 ms
2026-04-09 03:38:18 [INFO] [Rank 0] Finished. Latency: 224677 ms
2026-04-09 03:38:18 [INFO] [Rank 3] Finished. Latency: 224684 ms
2026-04-09 03:38:22 [INFO] Total latency:     224677 ms
2026-04-09 03:38:22 [INFO] Peak 5GB memory:   2138 MB
2026-04-09 03:38:22 [INFO] Avg  5GB memory:   1758 MB
2026-04-09 03:38:22 [INFO] [303/364] Split [18, 8, 3, 3] | Batch: 32 | Microbatch: 2 | Microbatches: 16
2026-04-09 03:38:22 [INFO] Loading WikiText... (SEQ_LEN=64, BATCH=32)
2026-04-09 03:38:36 [INFO] [Rank 2] Loading weights...
2026-04-09 03:38:38 [INFO] [Rank 2] Weights loaded.
2026-04-09 03:38:38 [INFO] [Rank 3] Loading weights...
2026-04-09 03:38:39 [INFO] [Rank 3] Weights loaded.
2026-04-09 03:38:45 [INFO] [Rank 1] Loading weights...
2026-04-09 03:38:47 [INFO] [Rank 1] Weights loaded.
2026-04-09 03:39:01 [INFO] [Rank 0] Loading weights...
2026-04-09 03:39:05 [INFO] [Rank 0] Weights loaded.
2026-04-09 03:46:23 [INFO] [Rank 2] Finished. Latency: 437802 ms
2026-04-09 03:46:23 [INFO] [Rank 1] Finished. Latency: 437802 ms
2026-04-09 03:46:23 [INFO] [Rank 0] Finished. Latency: 437802 ms
2026-04-09 03:46:23 [INFO] [Rank 3] Finished. Latency: 437808 ms
2026-04-09 03:46:27 [INFO] Total latency:     437802 ms
2026-04-09 03:46:27 [INFO] Peak 5GB memory:   2138 MB
2026-04-09 03:46:27 [INFO] Avg  5GB memory:   1810 MB
2026-04-09 03:46:27 [INFO] [304/364] Split [18, 8, 3, 3] | Batch: 16 | Microbatch: 8 | Microbatches: 2
2026-04-09 03:46:27 [INFO] Loading WikiText... (SEQ_LEN=64, BATCH=16)
2026-04-09 03:46:43 [INFO] [Rank 2] Loading weights...
2026-04-09 03:46:43 [INFO] [Rank 3] Loading weights...
2026-04-09 03:46:44 [INFO] [Rank 2] Weights loaded.
2026-04-09 03:46:45 [INFO] [Rank 3] Weights loaded.
2026-04-09 03:46:51 [INFO] [Rank 1] Loading weights...
2026-04-09 03:46:53 [INFO] [Rank 1] Weights loaded.
2026-04-09 03:47:07 [INFO] [Rank 0] Loading weights...
2026-04-09 03:47:11 [INFO] [Rank 0] Weights loaded.
2026-04-09 03:48:10 [INFO] [Rank 2] Finished. Latency: 59361 ms
2026-04-09 03:48:10 [INFO] [Rank 1] Finished. Latency: 59361 ms
2026-04-09 03:48:10 [INFO] [Rank 0] Finished. Latency: 59361 ms
2026-04-09 03:48:10 [INFO] [Rank 3] Finished. Latency: 59368 ms
2026-04-09 03:48:14 [INFO] Total latency:     59361 ms
2026-04-09 03:48:14 [INFO] Peak 5GB memory:   1882 MB
2026-04-09 03:48:14 [INFO] Avg  5GB memory:   1543 MB
2026-04-09 03:48:14 [INFO] [305/364] Split [18, 8, 3, 3] | Batch: 16 | Microbatch: 4 | Microbatches: 4
2026-04-09 03:48:14 [INFO] Loading WikiText... (SEQ_LEN=64, BATCH=16)
2026-04-09 03:48:29 [INFO] [Rank 2] Loading weights...
2026-04-09 03:48:30 [INFO] [Rank 2] Weights loaded.
2026-04-09 03:48:30 [INFO] [Rank 3] Loading weights...
2026-04-09 03:48:31 [INFO] [Rank 3] Weights loaded.
2026-04-09 03:48:37 [INFO] [Rank 1] Loading weights...
2026-04-09 03:48:39 [INFO] [Rank 1] Weights loaded.
2026-04-09 03:48:53 [INFO] [Rank 0] Loading weights...
2026-04-09 03:48:57 [INFO] [Rank 0] Weights loaded.
2026-04-09 03:50:51 [INFO] [Rank 1] Finished. Latency: 113586 ms
2026-04-09 03:50:51 [INFO] [Rank 2] Finished. Latency: 113586 ms
2026-04-09 03:50:51 [INFO] [Rank 0] Finished. Latency: 113586 ms
2026-04-09 03:50:51 [INFO] [Rank 3] Finished. Latency: 113592 ms
2026-04-09 03:50:54 [INFO] Total latency:     113586 ms
2026-04-09 03:50:54 [INFO] Peak 5GB memory:   2138 MB
2026-04-09 03:50:54 [INFO] Avg  5GB memory:   1615 MB
2026-04-09 03:50:54 [INFO] [306/364] Split [18, 8, 3, 3] | Batch: 16 | Microbatch: 2 | Microbatches: 8
2026-04-09 03:50:54 [INFO] Loading WikiText... (SEQ_LEN=64, BATCH=16)
2026-04-09 03:51:08 [INFO] [Rank 2] Loading weights...
2026-04-09 03:51:09 [INFO] [Rank 2] Weights loaded.
2026-04-09 03:51:09 [INFO] [Rank 3] Loading weights...
2026-04-09 03:51:11 [INFO] [Rank 3] Weights loaded.
2026-04-09 03:51:16 [INFO] [Rank 1] Loading weights...
2026-04-09 03:51:18 [INFO] [Rank 1] Weights loaded.
2026-04-09 03:51:33 [INFO] [Rank 0] Loading weights...
2026-04-09 03:51:37 [INFO] [Rank 0] Weights loaded.
2026-04-09 03:55:19 [INFO] [Rank 2] Finished. Latency: 221712 ms
2026-04-09 03:55:19 [INFO] [Rank 1] Finished. Latency: 221712 ms
2026-04-09 03:55:19 [INFO] [Rank 0] Finished. Latency: 221713 ms
2026-04-09 03:55:19 [INFO] [Rank 3] Finished. Latency: 221718 ms
2026-04-09 03:55:22 [INFO] Total latency:     221713 ms
2026-04-09 03:55:22 [INFO] Peak 5GB memory:   2138 MB
2026-04-09 03:55:22 [INFO] Avg  5GB memory:   1682 MB
2026-04-09 03:55:22 [INFO] [307/364] Split [18, 8, 3, 3] | Batch: 8 | Microbatch: 4 | Microbatches: 2
2026-04-09 03:55:22 [INFO] Loading WikiText... (SEQ_LEN=64, BATCH=8)
2026-04-09 03:55:37 [INFO] [Rank 2] Loading weights...
2026-04-09 03:55:38 [INFO] [Rank 2] Weights loaded.
2026-04-09 03:55:38 [INFO] [Rank 3] Loading weights...
2026-04-09 03:55:39 [INFO] [Rank 3] Weights loaded.
2026-04-09 03:55:45 [INFO] [Rank 1] Loading weights...
2026-04-09 03:55:47 [INFO] [Rank 1] Weights loaded.
2026-04-09 03:56:02 [INFO] [Rank 0] Loading weights...
2026-04-09 03:56:06 [INFO] [Rank 0] Weights loaded.
2026-04-09 03:57:03 [INFO] [Rank 1] Finished. Latency: 57461 ms
2026-04-09 03:57:03 [INFO] [Rank 2] Finished. Latency: 57461 ms
2026-04-09 03:57:03 [INFO] [Rank 0] Finished. Latency: 57462 ms
2026-04-09 03:57:03 [INFO] [Rank 3] Finished. Latency: 57468 ms
2026-04-09 03:57:07 [INFO] Total latency:     57462 ms
2026-04-09 03:57:07 [INFO] Peak 5GB memory:   2138 MB
2026-04-09 03:57:07 [INFO] Avg  5GB memory:   1512 MB
2026-04-09 03:57:07 [INFO] [308/364] Split [18, 8, 3, 3] | Batch: 8 | Microbatch: 2 | Microbatches: 4
2026-04-09 03:57:07 [INFO] Loading WikiText... (SEQ_LEN=64, BATCH=8)
2026-04-09 03:57:22 [INFO] [Rank 2] Loading weights...
2026-04-09 03:57:23 [INFO] [Rank 2] Weights loaded.
2026-04-09 03:57:23 [INFO] [Rank 3] Loading weights...
2026-04-09 03:57:24 [INFO] [Rank 3] Weights loaded.
2026-04-09 03:57:29 [INFO] [Rank 1] Loading weights...
2026-04-09 03:57:31 [INFO] [Rank 1] Weights loaded.
2026-04-09 03:57:46 [INFO] [Rank 0] Loading weights...
2026-04-09 03:57:50 [INFO] [Rank 0] Weights loaded.
2026-04-09 03:59:41 [INFO] [Rank 2] Finished. Latency: 110947 ms
2026-04-09 03:59:41 [INFO] [Rank 1] Finished. Latency: 110947 ms
2026-04-09 03:59:41 [INFO] [Rank 0] Finished. Latency: 110947 ms
2026-04-09 03:59:41 [INFO] [Rank 3] Finished. Latency: 110953 ms
2026-04-09 03:59:45 [INFO] Total latency:     110947 ms
2026-04-09 03:59:45 [INFO] Peak 5GB memory:   2138 MB
2026-04-09 03:59:45 [INFO] Avg  5GB memory:   1574 MB
2026-04-09 03:59:45 [INFO] [309/364] Split [18, 8, 4, 2] | Batch: 64 | Microbatch: 32 | Microbatches: 2
2026-04-09 03:59:45 [INFO] Loading WikiText... (SEQ_LEN=64, BATCH=64)
2026-04-09 03:59:59 [INFO] [Rank 3] Loading weights...
2026-04-09 04:00:00 [INFO] [Rank 3] Weights loaded.
2026-04-09 04:00:01 [INFO] [Rank 2] Loading weights...
2026-04-09 04:00:02 [INFO] [Rank 2] Weights loaded.
2026-04-09 04:00:07 [INFO] [Rank 1] Loading weights...
2026-04-09 04:00:10 [INFO] [Rank 1] Weights loaded.
2026-04-09 04:00:24 [INFO] [Rank 0] Loading weights...
2026-04-09 04:00:28 [INFO] [Rank 0] Weights loaded.
2026-04-09 04:01:39 [INFO] [Rank 2] Finished. Latency: 71187 ms
2026-04-09 04:01:39 [INFO] [Rank 1] Finished. Latency: 71187 ms
2026-04-09 04:01:39 [INFO] [Rank 0] Finished. Latency: 71187 ms
2026-04-09 04:01:39 [INFO] [Rank 3] Finished. Latency: 71194 ms
2026-04-09 04:01:43 [INFO] Total latency:     71187 ms
2026-04-09 04:01:43 [INFO] Peak 5GB memory:   2086 MB
2026-04-09 04:01:43 [INFO] Avg  5GB memory:   1405 MB
2026-04-09 04:01:43 [INFO] [310/364] Split [18, 8, 4, 2] | Batch: 64 | Microbatch: 16 | Microbatches: 4
2026-04-09 04:01:43 [INFO] Loading WikiText... (SEQ_LEN=64, BATCH=64)
2026-04-09 04:01:57 [INFO] [Rank 3] Loading weights...
2026-04-09 04:01:58 [INFO] [Rank 3] Weights loaded.
2026-04-09 04:01:59 [INFO] [Rank 2] Loading weights...
2026-04-09 04:02:00 [INFO] [Rank 2] Weights loaded.
2026-04-09 04:02:06 [INFO] [Rank 1] Loading weights...
2026-04-09 04:02:08 [INFO] [Rank 1] Weights loaded.
2026-04-09 04:02:22 [INFO] [Rank 0] Loading weights...
2026-04-09 04:02:26 [INFO] [Rank 0] Weights loaded.
2026-04-09 04:04:29 [INFO] [Rank 2] Finished. Latency: 123128 ms
2026-04-09 04:04:29 [INFO] [Rank 1] Finished. Latency: 123128 ms
2026-04-09 04:04:29 [INFO] [Rank 0] Finished. Latency: 123128 ms
2026-04-09 04:04:30 [INFO] [Rank 3] Finished. Latency: 123134 ms
2026-04-09 04:04:33 [INFO] Total latency:     123128 ms
2026-04-09 04:04:33 [INFO] Peak 5GB memory:   1886 MB
2026-04-09 04:04:33 [INFO] Avg  5GB memory:   1419 MB
2026-04-09 04:04:33 [INFO] [311/364] Split [18, 8, 4, 2] | Batch: 64 | Microbatch: 8 | Microbatches: 8
2026-04-09 04:04:33 [INFO] Loading WikiText... (SEQ_LEN=64, BATCH=64)
2026-04-09 04:04:47 [INFO] [Rank 3] Loading weights...
2026-04-09 04:04:48 [INFO] [Rank 3] Weights loaded.
2026-04-09 04:04:49 [INFO] [Rank 2] Loading weights...
2026-04-09 04:04:51 [INFO] [Rank 2] Weights loaded.
2026-04-09 04:04:56 [INFO] [Rank 1] Loading weights...
2026-04-09 04:04:58 [INFO] [Rank 1] Weights loaded.
2026-04-09 04:05:12 [INFO] [Rank 0] Loading weights...
2026-04-09 04:05:16 [INFO] [Rank 0] Weights loaded.
2026-04-09 04:09:08 [INFO] [Rank 1] Finished. Latency: 232053 ms
2026-04-09 04:09:08 [INFO] [Rank 2] Finished. Latency: 232053 ms
2026-04-09 04:09:08 [INFO] [Rank 0] Finished. Latency: 232053 ms
2026-04-09 04:09:08 [INFO] [Rank 3] Finished. Latency: 232058 ms
2026-04-09 04:09:12 [INFO] Total latency:     232053 ms
2026-04-09 04:09:12 [INFO] Peak 5GB memory:   1670 MB
2026-04-09 04:09:12 [INFO] Avg  5GB memory:   1429 MB
2026-04-09 04:09:12 [INFO] [312/364] Split [18, 8, 4, 2] | Batch: 64 | Microbatch: 4 | Microbatches: 16
2026-04-09 04:09:12 [INFO] Loading WikiText... (SEQ_LEN=64, BATCH=64)
2026-04-09 04:09:26 [INFO] [Rank 3] Loading weights...
2026-04-09 04:09:27 [INFO] [Rank 3] Weights loaded.
2026-04-09 04:09:28 [INFO] [Rank 2] Loading weights...
2026-04-09 04:09:29 [INFO] [Rank 2] Weights loaded.
2026-04-09 04:09:34 [INFO] [Rank 1] Loading weights...
2026-04-09 04:09:36 [INFO] [Rank 1] Weights loaded.
2026-04-09 04:09:51 [INFO] [Rank 0] Loading weights...
2026-04-09 04:09:55 [INFO] [Rank 0] Weights loaded.
2026-04-09 04:17:20 [INFO] [Rank 0] Finished. Latency: 445166 ms
2026-04-09 04:17:20 [INFO] [Rank 1] Finished. Latency: 445166 ms
2026-04-09 04:17:20 [INFO] [Rank 2] Finished. Latency: 445166 ms
2026-04-09 04:17:20 [INFO] [Rank 3] Finished. Latency: 445170 ms
2026-04-09 04:17:24 [INFO] Total latency:     445166 ms
2026-04-09 04:17:24 [INFO] Peak 5GB memory:   1718 MB
2026-04-09 04:17:24 [INFO] Avg  5GB memory:   1469 MB
2026-04-09 04:17:24 [INFO] [313/364] Split [18, 8, 4, 2] | Batch: 64 | Microbatch: 2 | Microbatches: 32
2026-04-09 04:17:24 [INFO] Loading WikiText... (SEQ_LEN=64, BATCH=64)
2026-04-09 04:17:38 [INFO] [Rank 3] Loading weights...
2026-04-09 04:17:39 [INFO] [Rank 3] Weights loaded.
2026-04-09 04:17:40 [INFO] [Rank 2] Loading weights...
2026-04-09 04:17:41 [INFO] [Rank 2] Weights loaded.
2026-04-09 04:17:47 [INFO] [Rank 1] Loading weights...
2026-04-09 04:17:49 [INFO] [Rank 1] Weights loaded.
2026-04-09 04:18:03 [INFO] [Rank 0] Loading weights...
2026-04-09 04:18:07 [INFO] [Rank 0] Weights loaded.
2026-04-09 04:32:45 [INFO] [Rank 2] Finished. Latency: 877482 ms
2026-04-09 04:32:45 [INFO] [Rank 1] Finished. Latency: 877482 ms
2026-04-09 04:32:45 [INFO] [Rank 0] Finished. Latency: 877482 ms
2026-04-09 04:32:45 [INFO] [Rank 3] Finished. Latency: 877486 ms
2026-04-09 04:32:48 [INFO] Total latency:     877482 ms
2026-04-09 04:32:48 [INFO] Peak 5GB memory:   1726 MB
2026-04-09 04:32:48 [INFO] Avg  5GB memory:   1500 MB
2026-04-09 04:32:48 [INFO] [314/364] Split [18, 8, 4, 2] | Batch: 32 | Microbatch: 16 | Microbatches: 2
2026-04-09 04:32:48 [INFO] Loading WikiText... (SEQ_LEN=64, BATCH=32)
2026-04-09 04:33:03 [INFO] [Rank 3] Loading weights...
2026-04-09 04:33:04 [INFO] [Rank 3] Weights loaded.
2026-04-09 04:33:05 [INFO] [Rank 2] Loading weights...
2026-04-09 04:33:06 [INFO] [Rank 2] Weights loaded.
2026-04-09 04:33:11 [INFO] [Rank 1] Loading weights...
2026-04-09 04:33:13 [INFO] [Rank 1] Weights loaded.
2026-04-09 04:33:27 [INFO] [Rank 0] Loading weights...
2026-04-09 04:33:31 [INFO] [Rank 0] Weights loaded.
2026-04-09 04:34:34 [INFO] [Rank 1] Finished. Latency: 62907 ms
2026-04-09 04:34:34 [INFO] [Rank 2] Finished. Latency: 62907 ms
2026-04-09 04:34:34 [INFO] [Rank 0] Finished. Latency: 62907 ms
2026-04-09 04:34:34 [INFO] [Rank 3] Finished. Latency: 62913 ms
2026-04-09 04:34:38 [INFO] Total latency:     62907 ms
2026-04-09 04:34:38 [INFO] Peak 5GB memory:   1548 MB
2026-04-09 04:34:38 [INFO] Avg  5GB memory:   1243 MB
2026-04-09 04:34:38 [INFO] [315/364] Split [18, 8, 4, 2] | Batch: 32 | Microbatch: 8 | Microbatches: 4
2026-04-09 04:34:38 [INFO] Loading WikiText... (SEQ_LEN=64, BATCH=32)
2026-04-09 04:34:52 [INFO] [Rank 3] Loading weights...
2026-04-09 04:34:53 [INFO] [Rank 3] Weights loaded.
2026-04-09 04:34:54 [INFO] [Rank 2] Loading weights...
2026-04-09 04:34:56 [INFO] [Rank 2] Weights loaded.
2026-04-09 04:35:01 [INFO] [Rank 1] Loading weights...
2026-04-09 04:35:03 [INFO] [Rank 1] Weights loaded.
2026-04-09 04:35:18 [INFO] [Rank 0] Loading weights...
2026-04-09 04:35:21 [INFO] [Rank 0] Weights loaded.
2026-04-09 04:37:18 [INFO] [Rank 2] Finished. Latency: 116054 ms
2026-04-09 04:37:18 [INFO] [Rank 1] Finished. Latency: 116054 ms
2026-04-09 04:37:18 [INFO] [Rank 0] Finished. Latency: 116054 ms
2026-04-09 04:37:18 [INFO] [Rank 3] Finished. Latency: 116059 ms
2026-04-09 04:37:21 [INFO] Total latency:     116054 ms
2026-04-09 04:37:21 [INFO] Peak 5GB memory:   1718 MB
2026-04-09 04:37:21 [INFO] Avg  5GB memory:   1273 MB
2026-04-09 04:37:21 [INFO] [316/364] Split [18, 8, 4, 2] | Batch: 32 | Microbatch: 4 | Microbatches: 8
2026-04-09 04:37:21 [INFO] Loading WikiText... (SEQ_LEN=64, BATCH=32)
2026-04-09 04:37:35 [INFO] [Rank 3] Loading weights...
2026-04-09 04:37:36 [INFO] [Rank 3] Weights loaded.
2026-04-09 04:37:37 [INFO] [Rank 2] Loading weights...
2026-04-09 04:37:38 [INFO] [Rank 2] Weights loaded.
2026-04-09 04:37:43 [INFO] [Rank 1] Loading weights...
2026-04-09 04:37:45 [INFO] [Rank 1] Weights loaded.
2026-04-09 04:38:00 [INFO] [Rank 0] Loading weights...
2026-04-09 04:38:04 [INFO] [Rank 0] Weights loaded.
2026-04-09 04:41:49 [INFO] [Rank 1] Finished. Latency: 225450 ms
2026-04-09 04:41:49 [INFO] [Rank 2] Finished. Latency: 225450 ms
2026-04-09 04:41:49 [INFO] [Rank 0] Finished. Latency: 225450 ms
2026-04-09 04:41:49 [INFO] [Rank 3] Finished. Latency: 225455 ms
2026-04-09 04:41:53 [INFO] Total latency:     225450 ms
2026-04-09 04:41:53 [INFO] Peak 5GB memory:   1718 MB
2026-04-09 04:41:53 [INFO] Avg  5GB memory:   1316 MB
2026-04-09 04:41:53 [INFO] [317/364] Split [18, 8, 4, 2] | Batch: 32 | Microbatch: 2 | Microbatches: 16
2026-04-09 04:41:53 [INFO] Loading WikiText... (SEQ_LEN=64, BATCH=32)
2026-04-09 04:42:08 [INFO] [Rank 3] Loading weights...
2026-04-09 04:42:09 [INFO] [Rank 3] Weights loaded.
2026-04-09 04:42:10 [INFO] [Rank 2] Loading weights...
2026-04-09 04:42:12 [INFO] [Rank 2] Weights loaded.
2026-04-09 04:42:17 [INFO] [Rank 1] Loading weights...
2026-04-09 04:42:19 [INFO] [Rank 1] Weights loaded.
2026-04-09 04:42:33 [INFO] [Rank 0] Loading weights...
2026-04-09 04:42:37 [INFO] [Rank 0] Weights loaded.
2026-04-09 04:49:56 [INFO] [Rank 1] Finished. Latency: 439415 ms
2026-04-09 04:49:56 [INFO] [Rank 2] Finished. Latency: 439414 ms
2026-04-09 04:49:56 [INFO] [Rank 0] Finished. Latency: 439415 ms
2026-04-09 04:49:56 [INFO] [Rank 3] Finished. Latency: 439419 ms
2026-04-09 04:50:00 [INFO] Total latency:     439415 ms
2026-04-09 04:50:00 [INFO] Peak 5GB memory:   1718 MB
2026-04-09 04:50:00 [INFO] Avg  5GB memory:   1346 MB
2026-04-09 04:50:00 [INFO] [318/364] Split [18, 8, 4, 2] | Batch: 16 | Microbatch: 8 | Microbatches: 2
2026-04-09 04:50:00 [INFO] Loading WikiText... (SEQ_LEN=64, BATCH=16)
2026-04-09 04:50:14 [INFO] [Rank 3] Loading weights...
2026-04-09 04:50:15 [INFO] [Rank 3] Weights loaded.
2026-04-09 04:50:17 [INFO] [Rank 2] Loading weights...
2026-04-09 04:50:18 [INFO] [Rank 2] Weights loaded.
2026-04-09 04:50:23 [INFO] [Rank 1] Loading weights...
2026-04-09 04:50:25 [INFO] [Rank 1] Weights loaded.
2026-04-09 04:50:39 [INFO] [Rank 0] Loading weights...
2026-04-09 04:50:43 [INFO] [Rank 0] Weights loaded.
2026-04-09 04:51:42 [INFO] [Rank 2] Finished. Latency: 58569 ms
2026-04-09 04:51:42 [INFO] [Rank 1] Finished. Latency: 58569 ms
2026-04-09 04:51:42 [INFO] [Rank 0] Finished. Latency: 58569 ms
2026-04-09 04:51:42 [INFO] [Rank 3] Finished. Latency: 58574 ms
2026-04-09 04:51:46 [INFO] Total latency:     58569 ms
2026-04-09 04:51:46 [INFO] Peak 5GB memory:   1718 MB
2026-04-09 04:51:46 [INFO] Avg  5GB memory:   1165 MB
2026-04-09 04:51:46 [INFO] [319/364] Split [18, 8, 4, 2] | Batch: 16 | Microbatch: 4 | Microbatches: 4
2026-04-09 04:51:46 [INFO] Loading WikiText... (SEQ_LEN=64, BATCH=16)
2026-04-09 04:51:59 [INFO] [Rank 3] Loading weights...
2026-04-09 04:52:00 [INFO] [Rank 3] Weights loaded.
2026-04-09 04:52:02 [INFO] [Rank 2] Loading weights...
2026-04-09 04:52:03 [INFO] [Rank 2] Weights loaded.
2026-04-09 04:52:08 [INFO] [Rank 1] Loading weights...
2026-04-09 04:52:10 [INFO] [Rank 1] Weights loaded.
2026-04-09 04:52:25 [INFO] [Rank 0] Loading weights...
2026-04-09 04:52:29 [INFO] [Rank 0] Weights loaded.
2026-04-09 04:54:23 [INFO] [Rank 1] Finished. Latency: 114139 ms
2026-04-09 04:54:23 [INFO] [Rank 2] Finished. Latency: 114139 ms
2026-04-09 04:54:23 [INFO] [Rank 0] Finished. Latency: 114139 ms
2026-04-09 04:54:23 [INFO] [Rank 3] Finished. Latency: 114144 ms
2026-04-09 04:54:27 [INFO] Total latency:     114139 ms
2026-04-09 04:54:27 [INFO] Peak 5GB memory:   1462 MB
2026-04-09 04:54:27 [INFO] Avg  5GB memory:   1214 MB
2026-04-09 04:54:27 [INFO] [320/364] Split [18, 8, 4, 2] | Batch: 16 | Microbatch: 2 | Microbatches: 8
2026-04-09 04:54:27 [INFO] Loading WikiText... (SEQ_LEN=64, BATCH=16)
2026-04-09 04:54:40 [INFO] [Rank 3] Loading weights...
2026-04-09 04:54:41 [INFO] [Rank 3] Weights loaded.
2026-04-09 04:54:42 [INFO] [Rank 2] Loading weights...
2026-04-09 04:54:44 [INFO] [Rank 2] Weights loaded.
2026-04-09 04:54:49 [INFO] [Rank 1] Loading weights...
2026-04-09 04:54:51 [INFO] [Rank 1] Weights loaded.
2026-04-09 04:55:05 [INFO] [Rank 0] Loading weights...
2026-04-09 04:55:09 [INFO] [Rank 0] Weights loaded.
2026-04-09 04:58:50 [INFO] [Rank 2] Finished. Latency: 221596 ms
2026-04-09 04:58:50 [INFO] [Rank 1] Finished. Latency: 221596 ms
2026-04-09 04:58:50 [INFO] [Rank 0] Finished. Latency: 221596 ms
2026-04-09 04:58:50 [INFO] [Rank 3] Finished. Latency: 221601 ms
2026-04-09 04:58:54 [INFO] Total latency:     221596 ms
2026-04-09 04:58:54 [INFO] Peak 5GB memory:   1718 MB
2026-04-09 04:58:54 [INFO] Avg  5GB memory:   1256 MB
2026-04-09 04:58:54 [INFO] [321/364] Split [18, 8, 4, 2] | Batch: 8 | Microbatch: 4 | Microbatches: 2
2026-04-09 04:58:54 [INFO] Loading WikiText... (SEQ_LEN=64, BATCH=8)
2026-04-09 04:59:09 [INFO] [Rank 3] Loading weights...
2026-04-09 04:59:10 [INFO] [Rank 3] Weights loaded.
2026-04-09 04:59:11 [INFO] [Rank 2] Loading weights...
2026-04-09 04:59:13 [INFO] [Rank 2] Weights loaded.
2026-04-09 04:59:18 [INFO] [Rank 1] Loading weights...
2026-04-09 04:59:20 [INFO] [Rank 1] Weights loaded.
2026-04-09 04:59:34 [INFO] [Rank 0] Loading weights...
2026-04-09 04:59:38 [INFO] [Rank 0] Weights loaded.
2026-04-09 05:00:35 [INFO] [Rank 2] Finished. Latency: 57410 ms
2026-04-09 05:00:35 [INFO] [Rank 1] Finished. Latency: 57410 ms
2026-04-09 05:00:35 [INFO] [Rank 0] Finished. Latency: 57410 ms
2026-04-09 05:00:35 [INFO] [Rank 3] Finished. Latency: 57415 ms
2026-04-09 05:00:39 [INFO] Total latency:     57410 ms
2026-04-09 05:00:39 [INFO] Peak 5GB memory:   1718 MB
2026-04-09 05:00:39 [INFO] Avg  5GB memory:   1133 MB
2026-04-09 05:00:39 [INFO] [322/364] Split [18, 8, 4, 2] | Batch: 8 | Microbatch: 2 | Microbatches: 4
2026-04-09 05:00:39 [INFO] Loading WikiText... (SEQ_LEN=64, BATCH=8)
2026-04-09 05:00:52 [INFO] [Rank 3] Loading weights...
2026-04-09 05:00:54 [INFO] [Rank 3] Weights loaded.
2026-04-09 05:00:55 [INFO] [Rank 2] Loading weights...
2026-04-09 05:00:56 [INFO] [Rank 2] Weights loaded.
2026-04-09 05:01:01 [INFO] [Rank 1] Loading weights...
2026-04-09 05:01:03 [INFO] [Rank 1] Weights loaded.
2026-04-09 05:01:18 [INFO] [Rank 0] Loading weights...
2026-04-09 05:01:22 [INFO] [Rank 0] Weights loaded.
2026-04-09 05:03:14 [INFO] [Rank 1] Finished. Latency: 111974 ms
2026-04-09 05:03:14 [INFO] [Rank 2] Finished. Latency: 111974 ms
2026-04-09 05:03:14 [INFO] [Rank 0] Finished. Latency: 111975 ms
2026-04-09 05:03:14 [INFO] [Rank 3] Finished. Latency: 111979 ms
2026-04-09 05:03:17 [INFO] Total latency:     111975 ms
2026-04-09 05:03:17 [INFO] Peak 5GB memory:   1718 MB
2026-04-09 05:03:17 [INFO] Avg  5GB memory:   1182 MB
2026-04-09 05:03:17 [INFO] [323/364] Split [18, 8, 5, 1] | Batch: 64 | Microbatch: 32 | Microbatches: 2
2026-04-09 05:03:17 [INFO] Loading WikiText... (SEQ_LEN=64, BATCH=64)
2026-04-09 05:03:30 [INFO] [Rank 3] Loading weights...
2026-04-09 05:03:31 [INFO] [Rank 3] Weights loaded.
2026-04-09 05:03:35 [INFO] [Rank 2] Loading weights...
2026-04-09 05:03:37 [INFO] [Rank 2] Weights loaded.
2026-04-09 05:03:40 [INFO] [Rank 1] Loading weights...
2026-04-09 05:03:42 [INFO] [Rank 1] Weights loaded.
2026-04-09 05:03:56 [INFO] [Rank 0] Loading weights...
2026-04-09 05:04:00 [INFO] [Rank 0] Weights loaded.
2026-04-09 05:05:12 [INFO] [Rank 1] Finished. Latency: 71300 ms
2026-04-09 05:05:12 [INFO] [Rank 0] Finished. Latency: 71300 ms
2026-04-09 05:05:12 [INFO] [Rank 2] Finished. Latency: 71300 ms
2026-04-09 05:05:12 [INFO] [Rank 3] Finished. Latency: 71304 ms
2026-04-09 05:05:16 [INFO] Total latency:     71300 ms
2026-04-09 05:05:16 [INFO] Peak 5GB memory:   1324 MB
2026-04-09 05:05:16 [INFO] Avg  5GB memory:   995 MB
2026-04-09 05:05:16 [INFO] [324/364] Split [18, 8, 5, 1] | Batch: 64 | Microbatch: 16 | Microbatches: 4
2026-04-09 05:05:16 [INFO] Loading WikiText... (SEQ_LEN=64, BATCH=64)
2026-04-09 05:05:28 [INFO] [Rank 3] Loading weights...
2026-04-09 05:05:29 [INFO] [Rank 3] Weights loaded.
2026-04-09 05:05:34 [INFO] [Rank 2] Loading weights...
2026-04-09 05:05:35 [INFO] [Rank 2] Weights loaded.
2026-04-09 05:05:38 [INFO] [Rank 1] Loading weights...
2026-04-09 05:05:41 [INFO] [Rank 1] Weights loaded.
2026-04-09 05:05:55 [INFO] [Rank 0] Loading weights...
2026-04-09 05:05:59 [INFO] [Rank 0] Weights loaded.
2026-04-09 05:08:03 [INFO] [Rank 2] Finished. Latency: 123850 ms
2026-04-09 05:08:03 [INFO] [Rank 1] Finished. Latency: 123850 ms
2026-04-09 05:08:03 [INFO] [Rank 0] Finished. Latency: 123851 ms
2026-04-09 05:08:03 [INFO] [Rank 3] Finished. Latency: 123854 ms
2026-04-09 05:08:07 [INFO] Total latency:     123851 ms
2026-04-09 05:08:07 [INFO] Peak 5GB memory:   1298 MB
2026-04-09 05:08:07 [INFO] Avg  5GB memory:   936 MB
2026-04-09 05:08:07 [INFO] [325/364] Split [18, 8, 5, 1] | Batch: 64 | Microbatch: 8 | Microbatches: 8
2026-04-09 05:08:07 [INFO] Loading WikiText... (SEQ_LEN=64, BATCH=64)
2026-04-09 05:08:19 [INFO] [Rank 3] Loading weights...
2026-04-09 05:08:20 [INFO] [Rank 3] Weights loaded.
2026-04-09 05:08:24 [INFO] [Rank 2] Loading weights...
2026-04-09 05:08:26 [INFO] [Rank 2] Weights loaded.
2026-04-09 05:08:29 [INFO] [Rank 1] Loading weights...
2026-04-09 05:08:31 [INFO] [Rank 1] Weights loaded.
2026-04-09 05:08:46 [INFO] [Rank 0] Loading weights...
2026-04-09 05:08:50 [INFO] [Rank 0] Weights loaded.
2026-04-09 05:12:41 [INFO] [Rank 2] Finished. Latency: 230578 ms
2026-04-09 05:12:41 [INFO] [Rank 1] Finished. Latency: 230578 ms
2026-04-09 05:12:41 [INFO] [Rank 0] Finished. Latency: 230578 ms
2026-04-09 05:12:41 [INFO] [Rank 3] Finished. Latency: 230581 ms
2026-04-09 05:12:44 [INFO] Total latency:     230578 ms
2026-04-09 05:12:44 [INFO] Peak 5GB memory:   1066 MB
2026-04-09 05:12:44 [INFO] Avg  5GB memory:   940 MB
2026-04-09 05:12:44 [INFO] [326/364] Split [18, 8, 5, 1] | Batch: 64 | Microbatch: 4 | Microbatches: 16
2026-04-09 05:12:44 [INFO] Loading WikiText... (SEQ_LEN=64, BATCH=64)
2026-04-09 05:12:57 [INFO] [Rank 3] Loading weights...
2026-04-09 05:12:58 [INFO] [Rank 3] Weights loaded.
2026-04-09 05:13:02 [INFO] [Rank 2] Loading weights...
2026-04-09 05:13:04 [INFO] [Rank 2] Weights loaded.
2026-04-09 05:13:07 [INFO] [Rank 1] Loading weights...
2026-04-09 05:13:10 [INFO] [Rank 1] Weights loaded.
2026-04-09 05:13:24 [INFO] [Rank 0] Loading weights...
2026-04-09 05:13:28 [INFO] [Rank 0] Weights loaded.
2026-04-09 05:20:55 [INFO] [Rank 2] Finished. Latency: 447212 ms
2026-04-09 05:20:55 [INFO] [Rank 1] Finished. Latency: 447212 ms
2026-04-09 05:20:55 [INFO] [Rank 0] Finished. Latency: 447212 ms
2026-04-09 05:20:55 [INFO] [Rank 3] Finished. Latency: 447214 ms
2026-04-09 05:20:59 [INFO] Total latency:     447212 ms
2026-04-09 05:20:59 [INFO] Peak 5GB memory:   1298 MB
2026-04-09 05:20:59 [INFO] Avg  5GB memory:   953 MB
2026-04-09 05:20:59 [INFO] [327/364] Split [18, 8, 5, 1] | Batch: 64 | Microbatch: 2 | Microbatches: 32
2026-04-09 05:20:59 [INFO] Loading WikiText... (SEQ_LEN=64, BATCH=64)
2026-04-09 05:21:11 [INFO] [Rank 3] Loading weights...
2026-04-09 05:21:12 [INFO] [Rank 3] Weights loaded.
2026-04-09 05:21:17 [INFO] [Rank 2] Loading weights...
2026-04-09 05:21:18 [INFO] [Rank 2] Weights loaded.
2026-04-09 05:21:21 [INFO] [Rank 1] Loading weights...
2026-04-09 05:21:24 [INFO] [Rank 1] Weights loaded.
2026-04-09 05:21:38 [INFO] [Rank 0] Loading weights...
2026-04-09 05:21:42 [INFO] [Rank 0] Weights loaded.
2026-04-09 05:36:23 [INFO] [Rank 2] Finished. Latency: 881051 ms
2026-04-09 05:36:23 [INFO] [Rank 1] Finished. Latency: 881051 ms
2026-04-09 05:36:23 [INFO] [Rank 0] Finished. Latency: 881051 ms
2026-04-09 05:36:23 [INFO] [Rank 3] Finished. Latency: 881054 ms
2026-04-09 05:36:27 [INFO] Total latency:     881051 ms
2026-04-09 05:36:27 [INFO] Peak 5GB memory:   1298 MB
2026-04-09 05:36:27 [INFO] Avg  5GB memory:   966 MB
2026-04-09 05:36:27 [INFO] [328/364] Split [18, 8, 5, 1] | Batch: 32 | Microbatch: 16 | Microbatches: 2
2026-04-09 05:36:27 [INFO] Loading WikiText... (SEQ_LEN=64, BATCH=32)
2026-04-09 05:36:40 [INFO] [Rank 3] Loading weights...
2026-04-09 05:36:41 [INFO] [Rank 3] Weights loaded.
2026-04-09 05:36:45 [INFO] [Rank 2] Loading weights...
2026-04-09 05:36:47 [INFO] [Rank 2] Weights loaded.
2026-04-09 05:36:50 [INFO] [Rank 1] Loading weights...
2026-04-09 05:36:52 [INFO] [Rank 1] Weights loaded.
2026-04-09 05:37:06 [INFO] [Rank 0] Loading weights...
2026-04-09 05:37:10 [INFO] [Rank 0] Weights loaded.
2026-04-09 05:38:13 [INFO] [Rank 1] Finished. Latency: 62408 ms
2026-04-09 05:38:13 [INFO] [Rank 2] Finished. Latency: 62408 ms
2026-04-09 05:38:13 [INFO] [Rank 0] Finished. Latency: 62408 ms
2026-04-09 05:38:13 [INFO] [Rank 3] Finished. Latency: 62412 ms
2026-04-09 05:38:16 [INFO] Total latency:     62408 ms
2026-04-09 05:38:16 [INFO] Peak 5GB memory:   1014 MB
2026-04-09 05:38:16 [INFO] Avg  5GB memory:   839 MB
2026-04-09 05:38:16 [INFO] [329/364] Split [18, 8, 5, 1] | Batch: 32 | Microbatch: 8 | Microbatches: 4
2026-04-09 05:38:16 [INFO] Loading WikiText... (SEQ_LEN=64, BATCH=32)
2026-04-09 05:38:29 [INFO] [Rank 3] Loading weights...
2026-04-09 05:38:30 [INFO] [Rank 3] Weights loaded.
2026-04-09 05:38:34 [INFO] [Rank 2] Loading weights...
2026-04-09 05:38:36 [INFO] [Rank 2] Weights loaded.
2026-04-09 05:38:39 [INFO] [Rank 1] Loading weights...
2026-04-09 05:38:41 [INFO] [Rank 1] Weights loaded.
2026-04-09 05:38:56 [INFO] [Rank 0] Loading weights...
2026-04-09 05:38:59 [INFO] [Rank 0] Weights loaded.
2026-04-09 05:40:56 [INFO] [Rank 2] Finished. Latency: 116943 ms
2026-04-09 05:40:56 [INFO] [Rank 1] Finished. Latency: 116943 ms
2026-04-09 05:40:56 [INFO] [Rank 0] Finished. Latency: 116943 ms
2026-04-09 05:40:56 [INFO] [Rank 3] Finished. Latency: 116946 ms
2026-04-09 05:41:00 [INFO] Total latency:     116943 ms
2026-04-09 05:41:00 [INFO] Peak 5GB memory:   1298 MB
2026-04-09 05:41:00 [INFO] Avg  5GB memory:   850 MB
2026-04-09 05:41:00 [INFO] [330/364] Split [18, 8, 5, 1] | Batch: 32 | Microbatch: 4 | Microbatches: 8
2026-04-09 05:41:00 [INFO] Loading WikiText... (SEQ_LEN=64, BATCH=32)
2026-04-09 05:41:13 [INFO] [Rank 3] Loading weights...
2026-04-09 05:41:14 [INFO] [Rank 3] Weights loaded.
2026-04-09 05:41:18 [INFO] [Rank 2] Loading weights...
2026-04-09 05:41:19 [INFO] [Rank 2] Weights loaded.
2026-04-09 05:41:23 [INFO] [Rank 1] Loading weights...
2026-04-09 05:41:25 [INFO] [Rank 1] Weights loaded.
2026-04-09 05:41:40 [INFO] [Rank 0] Loading weights...
2026-04-09 05:41:43 [INFO] [Rank 0] Weights loaded.
2026-04-09 05:45:30 [INFO] [Rank 2] Finished. Latency: 226040 ms
2026-04-09 05:45:30 [INFO] [Rank 1] Finished. Latency: 226040 ms
2026-04-09 05:45:30 [INFO] [Rank 0] Finished. Latency: 226040 ms
2026-04-09 05:45:30 [INFO] [Rank 3] Finished. Latency: 226042 ms
2026-04-09 05:45:33 [INFO] Total latency:     226040 ms
2026-04-09 05:45:33 [INFO] Peak 5GB memory:   1042 MB
2026-04-09 05:45:33 [INFO] Avg  5GB memory:   868 MB
2026-04-09 05:45:33 [INFO] [331/364] Split [18, 8, 5, 1] | Batch: 32 | Microbatch: 2 | Microbatches: 16
2026-04-09 05:45:33 [INFO] Loading WikiText... (SEQ_LEN=64, BATCH=32)
2026-04-09 05:45:46 [INFO] [Rank 3] Loading weights...
2026-04-09 05:45:47 [INFO] [Rank 3] Weights loaded.
2026-04-09 05:45:51 [INFO] [Rank 2] Loading weights...
2026-04-09 05:45:53 [INFO] [Rank 2] Weights loaded.
2026-04-09 05:45:56 [INFO] [Rank 1] Loading weights...
2026-04-09 05:45:59 [INFO] [Rank 1] Weights loaded.
2026-04-09 05:46:12 [INFO] [Rank 0] Loading weights...
2026-04-09 05:46:16 [INFO] [Rank 0] Weights loaded.
2026-04-09 05:53:35 [INFO] [Rank 1] Finished. Latency: 438516 ms
2026-04-09 05:53:35 [INFO] [Rank 2] Finished. Latency: 438516 ms
2026-04-09 05:53:35 [INFO] [Rank 0] Finished. Latency: 438516 ms
2026-04-09 05:53:35 [INFO] [Rank 3] Finished. Latency: 438519 ms
2026-04-09 05:53:39 [INFO] Total latency:     438516 ms
2026-04-09 05:53:39 [INFO] Peak 5GB memory:   1042 MB
2026-04-09 05:53:39 [INFO] Avg  5GB memory:   885 MB
2026-04-09 05:53:39 [INFO] [332/364] Split [18, 8, 5, 1] | Batch: 16 | Microbatch: 8 | Microbatches: 2
2026-04-09 05:53:39 [INFO] Loading WikiText... (SEQ_LEN=64, BATCH=16)
2026-04-09 05:53:52 [INFO] [Rank 3] Loading weights...
2026-04-09 05:53:53 [INFO] [Rank 3] Weights loaded.
2026-04-09 05:53:57 [INFO] [Rank 2] Loading weights...
2026-04-09 05:53:58 [INFO] [Rank 2] Weights loaded.
2026-04-09 05:54:02 [INFO] [Rank 1] Loading weights...
2026-04-09 05:54:04 [INFO] [Rank 1] Weights loaded.
2026-04-09 05:54:18 [INFO] [Rank 0] Loading weights...
2026-04-09 05:54:22 [INFO] [Rank 0] Weights loaded.
2026-04-09 05:55:21 [INFO] [Rank 2] Finished. Latency: 58881 ms
2026-04-09 05:55:21 [INFO] [Rank 1] Finished. Latency: 58881 ms
2026-04-09 05:55:21 [INFO] [Rank 0] Finished. Latency: 58881 ms
2026-04-09 05:55:21 [INFO] [Rank 3] Finished. Latency: 58884 ms
2026-04-09 05:55:25 [INFO] Total latency:     58881 ms
2026-04-09 05:55:25 [INFO] Peak 5GB memory:   1298 MB
2026-04-09 05:55:25 [INFO] Avg  5GB memory:   792 MB
2026-04-09 05:55:25 [INFO] [333/364] Split [18, 8, 5, 1] | Batch: 16 | Microbatch: 4 | Microbatches: 4
2026-04-09 05:55:25 [INFO] Loading WikiText... (SEQ_LEN=64, BATCH=16)
2026-04-09 05:55:39 [INFO] [Rank 3] Loading weights...
2026-04-09 05:55:41 [INFO] [Rank 3] Weights loaded.
2026-04-09 05:55:45 [INFO] [Rank 2] Loading weights...
2026-04-09 05:55:46 [INFO] [Rank 2] Weights loaded.
2026-04-09 05:55:49 [INFO] [Rank 1] Loading weights...
2026-04-09 05:55:52 [INFO] [Rank 1] Weights loaded.
2026-04-09 05:56:07 [INFO] [Rank 0] Loading weights...
2026-04-09 05:56:10 [INFO] [Rank 0] Weights loaded.
2026-04-09 05:58:04 [INFO] [Rank 1] Finished. Latency: 113404 ms
2026-04-09 05:58:04 [INFO] [Rank 2] Finished. Latency: 113404 ms
2026-04-09 05:58:04 [INFO] [Rank 0] Finished. Latency: 113405 ms
2026-04-09 05:58:04 [INFO] [Rank 3] Finished. Latency: 113407 ms
2026-04-09 05:58:08 [INFO] Total latency:     113405 ms
2026-04-09 05:58:08 [INFO] Peak 5GB memory:   1298 MB
2026-04-09 05:58:08 [INFO] Avg  5GB memory:   809 MB
2026-04-09 05:58:08 [INFO] [334/364] Split [18, 8, 5, 1] | Batch: 16 | Microbatch: 2 | Microbatches: 8
2026-04-09 05:58:08 [INFO] Loading WikiText... (SEQ_LEN=64, BATCH=16)
2026-04-09 05:58:19 [INFO] [Rank 3] Loading weights...
2026-04-09 05:58:20 [INFO] [Rank 3] Weights loaded.
2026-04-09 05:58:25 [INFO] [Rank 2] Loading weights...
2026-04-09 05:58:26 [INFO] [Rank 2] Weights loaded.
2026-04-09 05:58:30 [INFO] [Rank 1] Loading weights...
2026-04-09 05:58:32 [INFO] [Rank 1] Weights loaded.
2026-04-09 05:58:46 [INFO] [Rank 0] Loading weights...
2026-04-09 05:58:50 [INFO] [Rank 0] Weights loaded.
2026-04-09 06:02:32 [INFO] [Rank 2] Finished. Latency: 221709 ms
2026-04-09 06:02:32 [INFO] [Rank 1] Finished. Latency: 221709 ms
2026-04-09 06:02:32 [INFO] [Rank 0] Finished. Latency: 221709 ms
2026-04-09 06:02:32 [INFO] [Rank 3] Finished. Latency: 221712 ms
2026-04-09 06:02:36 [INFO] Total latency:     221709 ms
2026-04-09 06:02:36 [INFO] Peak 5GB memory:   1298 MB
2026-04-09 06:02:36 [INFO] Avg  5GB memory:   828 MB
2026-04-09 06:02:36 [INFO] [335/364] Split [18, 8, 5, 1] | Batch: 8 | Microbatch: 4 | Microbatches: 2
2026-04-09 06:02:36 [INFO] Loading WikiText... (SEQ_LEN=64, BATCH=8)
2026-04-09 06:02:49 [INFO] [Rank 3] Loading weights...
2026-04-09 06:02:50 [INFO] [Rank 3] Weights loaded.
2026-04-09 06:02:54 [INFO] [Rank 2] Loading weights...
2026-04-09 06:02:55 [INFO] [Rank 2] Weights loaded.
2026-04-09 06:02:59 [INFO] [Rank 1] Loading weights...
2026-04-09 06:03:01 [INFO] [Rank 1] Weights loaded.
2026-04-09 06:03:15 [INFO] [Rank 0] Loading weights...
2026-04-09 06:03:19 [INFO] [Rank 0] Weights loaded.
2026-04-09 06:04:17 [INFO] [Rank 2] Finished. Latency: 57522 ms
2026-04-09 06:04:17 [INFO] [Rank 1] Finished. Latency: 57522 ms
2026-04-09 06:04:17 [INFO] [Rank 0] Finished. Latency: 57522 ms
2026-04-09 06:04:17 [INFO] [Rank 3] Finished. Latency: 57524 ms
2026-04-09 06:04:20 [INFO] Total latency:     57522 ms
2026-04-09 06:04:20 [INFO] Peak 5GB memory:   1042 MB
2026-04-09 06:04:20 [INFO] Avg  5GB memory:   767 MB
2026-04-09 06:04:20 [INFO] [336/364] Split [18, 8, 5, 1] | Batch: 8 | Microbatch: 2 | Microbatches: 4
2026-04-09 06:04:20 [INFO] Loading WikiText... (SEQ_LEN=64, BATCH=8)
2026-04-09 06:04:32 [INFO] [Rank 3] Loading weights...
2026-04-09 06:04:33 [INFO] [Rank 3] Weights loaded.
2026-04-09 06:04:38 [INFO] [Rank 2] Loading weights...
2026-04-09 06:04:39 [INFO] [Rank 2] Weights loaded.
2026-04-09 06:04:43 [INFO] [Rank 1] Loading weights...
2026-04-09 06:04:45 [INFO] [Rank 1] Weights loaded.
2026-04-09 06:04:59 [INFO] [Rank 0] Loading weights...
2026-04-09 06:05:03 [INFO] [Rank 0] Weights loaded.
2026-04-09 06:06:56 [INFO] [Rank 1] Finished. Latency: 112080 ms
2026-04-09 06:06:56 [INFO] [Rank 2] Finished. Latency: 112080 ms
2026-04-09 06:06:56 [INFO] [Rank 0] Finished. Latency: 112080 ms
2026-04-09 06:06:56 [INFO] [Rank 3] Finished. Latency: 112083 ms
2026-04-09 06:06:59 [INFO] Total latency:     112080 ms
2026-04-09 06:06:59 [INFO] Peak 5GB memory:   858 MB
2026-04-09 06:06:59 [INFO] Avg  5GB memory:   785 MB
2026-04-09 06:06:59 [INFO] [337/364] Split [18, 9, 3, 2] | Batch: 64 | Microbatch: 32 | Microbatches: 2
2026-04-09 06:06:59 [INFO] Loading WikiText... (SEQ_LEN=64, BATCH=64)
2026-04-09 06:07:13 [INFO] [Rank 3] Loading weights...
2026-04-09 06:07:14 [INFO] [Rank 2] Loading weights...
2026-04-09 06:07:14 [INFO] [Rank 3] Weights loaded.
2026-04-09 06:07:15 [INFO] [Rank 2] Weights loaded.
2026-04-09 06:07:24 [INFO] [Rank 1] Loading weights...
2026-04-09 06:07:26 [INFO] [Rank 1] Weights loaded.
2026-04-09 06:07:39 [INFO] [Rank 0] Loading weights...
2026-04-09 06:07:43 [INFO] [Rank 0] Weights loaded.
2026-04-09 06:08:53 [INFO] [Rank 1] Finished. Latency: 70084 ms
2026-04-09 06:08:53 [INFO] [Rank 2] Finished. Latency: 70084 ms
2026-04-09 06:08:53 [INFO] [Rank 0] Finished. Latency: 70084 ms
2026-04-09 06:08:53 [INFO] [Rank 3] Finished. Latency: 70091 ms
2026-04-09 06:08:57 [INFO] Total latency:     70084 ms
2026-04-09 06:08:57 [INFO] Peak 5GB memory:   2086 MB
2026-04-09 06:08:57 [INFO] Avg  5GB memory:   1408 MB
2026-04-09 06:08:57 [INFO] [338/364] Split [18, 9, 3, 2] | Batch: 64 | Microbatch: 16 | Microbatches: 4
2026-04-09 06:08:57 [INFO] Loading WikiText... (SEQ_LEN=64, BATCH=64)
2026-04-09 06:09:11 [INFO] [Rank 3] Loading weights...
2026-04-09 06:09:12 [INFO] [Rank 2] Loading weights...
2026-04-09 06:09:12 [INFO] [Rank 3] Weights loaded.
2026-04-09 06:09:13 [INFO] [Rank 2] Weights loaded.
2026-04-09 06:09:21 [INFO] [Rank 1] Loading weights...
2026-04-09 06:09:24 [INFO] [Rank 1] Weights loaded.
2026-04-09 06:09:36 [INFO] [Rank 0] Loading weights...
2026-04-09 06:09:40 [INFO] [Rank 0] Weights loaded.
2026-04-09 06:11:45 [INFO] [Rank 2] Finished. Latency: 124431 ms
2026-04-09 06:11:45 [INFO] [Rank 0] Finished. Latency: 124431 ms
2026-04-09 06:11:45 [INFO] [Rank 1] Finished. Latency: 124431 ms
2026-04-09 06:11:45 [INFO] [Rank 3] Finished. Latency: 124437 ms
2026-04-09 06:11:49 [INFO] Total latency:     124431 ms
2026-04-09 06:11:49 [INFO] Peak 5GB memory:   1886 MB
2026-04-09 06:11:49 [INFO] Avg  5GB memory:   1422 MB
2026-04-09 06:11:49 [INFO] [339/364] Split [18, 9, 3, 2] | Batch: 64 | Microbatch: 8 | Microbatches: 8
2026-04-09 06:11:49 [INFO] Loading WikiText... (SEQ_LEN=64, BATCH=64)
2026-04-09 06:12:03 [INFO] [Rank 3] Loading weights...
2026-04-09 06:12:04 [INFO] [Rank 2] Loading weights...
2026-04-09 06:12:05 [INFO] [Rank 3] Weights loaded.
2026-04-09 06:12:05 [INFO] [Rank 2] Weights loaded.
2026-04-09 06:12:14 [INFO] [Rank 1] Loading weights...
2026-04-09 06:12:16 [INFO] [Rank 1] Weights loaded.
2026-04-09 06:12:29 [INFO] [Rank 0] Loading weights...
2026-04-09 06:12:33 [INFO] [Rank 0] Weights loaded.
2026-04-09 06:16:29 [INFO] [Rank 2] Finished. Latency: 235357 ms
2026-04-09 06:16:29 [INFO] [Rank 1] Finished. Latency: 235357 ms
2026-04-09 06:16:29 [INFO] [Rank 0] Finished. Latency: 235357 ms
2026-04-09 06:16:29 [INFO] [Rank 3] Finished. Latency: 235362 ms
2026-04-09 06:16:32 [INFO] Total latency:     235357 ms
2026-04-09 06:16:32 [INFO] Peak 5GB memory:   1718 MB
2026-04-09 06:16:32 [INFO] Avg  5GB memory:   1425 MB
2026-04-09 06:16:32 [INFO] [340/364] Split [18, 9, 3, 2] | Batch: 64 | Microbatch: 4 | Microbatches: 16
2026-04-09 06:16:32 [INFO] Loading WikiText... (SEQ_LEN=64, BATCH=64)
2026-04-09 06:16:47 [INFO] [Rank 3] Loading weights...
2026-04-09 06:16:48 [INFO] [Rank 2] Loading weights...
2026-04-09 06:16:48 [INFO] [Rank 3] Weights loaded.
2026-04-09 06:16:50 [INFO] [Rank 2] Weights loaded.
2026-04-09 06:16:58 [INFO] [Rank 1] Loading weights...
2026-04-09 06:17:00 [INFO] [Rank 1] Weights loaded.
2026-04-09 06:17:13 [INFO] [Rank 0] Loading weights...
2026-04-09 06:17:17 [INFO] [Rank 0] Weights loaded.
2026-04-09 06:24:52 [INFO] [Rank 0] Finished. Latency: 454454 ms
2026-04-09 06:24:52 [INFO] [Rank 1] Finished. Latency: 454454 ms
2026-04-09 06:24:52 [INFO] [Rank 2] Finished. Latency: 454454 ms
2026-04-09 06:24:52 [INFO] [Rank 3] Finished. Latency: 454459 ms
2026-04-09 06:24:55 [INFO] Total latency:     454454 ms
2026-04-09 06:24:55 [INFO] Peak 5GB memory:   1672 MB
2026-04-09 06:24:55 [INFO] Avg  5GB memory:   1465 MB
2026-04-09 06:24:55 [INFO] [341/364] Split [18, 9, 3, 2] | Batch: 64 | Microbatch: 2 | Microbatches: 32
2026-04-09 06:24:55 [INFO] Loading WikiText... (SEQ_LEN=64, BATCH=64)
2026-04-09 06:25:10 [INFO] [Rank 3] Loading weights...
2026-04-09 06:25:11 [INFO] [Rank 2] Loading weights...
2026-04-09 06:25:11 [INFO] [Rank 3] Weights loaded.
2026-04-09 06:25:12 [INFO] [Rank 2] Weights loaded.
2026-04-09 06:25:21 [INFO] [Rank 1] Loading weights...
2026-04-09 06:25:23 [INFO] [Rank 1] Weights loaded.
2026-04-09 06:25:36 [INFO] [Rank 0] Loading weights...
2026-04-09 06:25:40 [INFO] [Rank 0] Weights loaded.
2026-04-09 06:40:27 [INFO] [Rank 2] Finished. Latency: 886533 ms
2026-04-09 06:40:27 [INFO] [Rank 0] Finished. Latency: 886533 ms
2026-04-09 06:40:27 [INFO] [Rank 1] Finished. Latency: 886533 ms
2026-04-09 06:40:27 [INFO] [Rank 3] Finished. Latency: 886537 ms
2026-04-09 06:40:31 [INFO] Total latency:     886533 ms
2026-04-09 06:40:31 [INFO] Peak 5GB memory:   1726 MB
2026-04-09 06:40:31 [INFO] Avg  5GB memory:   1498 MB
2026-04-09 06:40:31 [INFO] [342/364] Split [18, 9, 3, 2] | Batch: 32 | Microbatch: 16 | Microbatches: 2
2026-04-09 06:40:31 [INFO] Loading WikiText... (SEQ_LEN=64, BATCH=32)
2026-04-09 06:40:45 [INFO] [Rank 3] Loading weights...
2026-04-09 06:40:46 [INFO] [Rank 2] Loading weights...
2026-04-09 06:40:46 [INFO] [Rank 3] Weights loaded.
2026-04-09 06:40:47 [INFO] [Rank 2] Weights loaded.
2026-04-09 06:40:56 [INFO] [Rank 1] Loading weights...
2026-04-09 06:40:58 [INFO] [Rank 1] Weights loaded.
2026-04-09 06:41:11 [INFO] [Rank 0] Loading weights...
2026-04-09 06:41:15 [INFO] [Rank 0] Weights loaded.
2026-04-09 06:42:20 [INFO] [Rank 2] Finished. Latency: 64113 ms
2026-04-09 06:42:20 [INFO] [Rank 1] Finished. Latency: 64113 ms
2026-04-09 06:42:20 [INFO] [Rank 0] Finished. Latency: 64113 ms
2026-04-09 06:42:20 [INFO] [Rank 3] Finished. Latency: 64118 ms
2026-04-09 06:42:23 [INFO] Total latency:     64113 ms
2026-04-09 06:42:23 [INFO] Peak 5GB memory:   1718 MB
2026-04-09 06:42:23 [INFO] Avg  5GB memory:   1246 MB
2026-04-09 06:42:23 [INFO] [343/364] Split [18, 9, 3, 2] | Batch: 32 | Microbatch: 8 | Microbatches: 4
2026-04-09 06:42:23 [INFO] Loading WikiText... (SEQ_LEN=64, BATCH=32)
2026-04-09 06:42:38 [INFO] [Rank 3] Loading weights...
2026-04-09 06:42:38 [INFO] [Rank 2] Loading weights...
2026-04-09 06:42:39 [INFO] [Rank 3] Weights loaded.
2026-04-09 06:42:40 [INFO] [Rank 2] Weights loaded.
2026-04-09 06:42:48 [INFO] [Rank 1] Loading weights...
2026-04-09 06:42:50 [INFO] [Rank 1] Weights loaded.
2026-04-09 06:43:04 [INFO] [Rank 0] Loading weights...
2026-04-09 06:43:08 [INFO] [Rank 0] Weights loaded.
2026-04-09 06:45:06 [INFO] [Rank 2] Finished. Latency: 118453 ms
2026-04-09 06:45:06 [INFO] [Rank 0] Finished. Latency: 118453 ms
2026-04-09 06:45:06 [INFO] [Rank 1] Finished. Latency: 118453 ms
2026-04-09 06:45:06 [INFO] [Rank 3] Finished. Latency: 118457 ms
2026-04-09 06:45:10 [INFO] Total latency:     118453 ms
2026-04-09 06:45:10 [INFO] Peak 5GB memory:   1718 MB
2026-04-09 06:45:10 [INFO] Avg  5GB memory:   1272 MB
2026-04-09 06:45:10 [INFO] [344/364] Split [18, 9, 3, 2] | Batch: 32 | Microbatch: 4 | Microbatches: 8
2026-04-09 06:45:10 [INFO] Loading WikiText... (SEQ_LEN=64, BATCH=32)
2026-04-09 06:45:25 [INFO] [Rank 3] Loading weights...
2026-04-09 06:45:26 [INFO] [Rank 2] Loading weights...
2026-04-09 06:45:27 [INFO] [Rank 3] Weights loaded.
2026-04-09 06:45:27 [INFO] [Rank 2] Weights loaded.
2026-04-09 06:45:36 [INFO] [Rank 1] Loading weights...
2026-04-09 06:45:38 [INFO] [Rank 1] Weights loaded.
2026-04-09 06:45:51 [INFO] [Rank 0] Loading weights...
2026-04-09 06:45:55 [INFO] [Rank 0] Weights loaded.
2026-04-09 06:49:45 [INFO] [Rank 2] Finished. Latency: 229370 ms
2026-04-09 06:49:45 [INFO] [Rank 0] Finished. Latency: 229370 ms
2026-04-09 06:49:45 [INFO] [Rank 1] Finished. Latency: 229370 ms
2026-04-09 06:49:45 [INFO] [Rank 3] Finished. Latency: 229374 ms
2026-04-09 06:49:49 [INFO] Total latency:     229370 ms
2026-04-09 06:49:49 [INFO] Peak 5GB memory:   1462 MB
2026-04-09 06:49:49 [INFO] Avg  5GB memory:   1309 MB
2026-04-09 06:49:49 [INFO] [345/364] Split [18, 9, 3, 2] | Batch: 32 | Microbatch: 2 | Microbatches: 16
2026-04-09 06:49:49 [INFO] Loading WikiText... (SEQ_LEN=64, BATCH=32)
2026-04-09 06:50:03 [INFO] [Rank 3] Loading weights...
2026-04-09 06:50:03 [INFO] [Rank 2] Loading weights...
2026-04-09 06:50:04 [INFO] [Rank 3] Weights loaded.
2026-04-09 06:50:05 [INFO] [Rank 2] Weights loaded.
2026-04-09 06:50:13 [INFO] [Rank 1] Loading weights...
2026-04-09 06:50:16 [INFO] [Rank 1] Weights loaded.
2026-04-09 06:50:29 [INFO] [Rank 0] Loading weights...
2026-04-09 06:50:33 [INFO] [Rank 0] Weights loaded.
2026-04-09 06:58:00 [INFO] [Rank 2] Finished. Latency: 447061 ms
2026-04-09 06:58:00 [INFO] [Rank 1] Finished. Latency: 447061 ms
2026-04-09 06:58:00 [INFO] [Rank 0] Finished. Latency: 447061 ms
2026-04-09 06:58:00 [INFO] [Rank 3] Finished. Latency: 447065 ms
2026-04-09 06:58:04 [INFO] Total latency:     447061 ms
2026-04-09 06:58:04 [INFO] Peak 5GB memory:   1718 MB
2026-04-09 06:58:04 [INFO] Avg  5GB memory:   1347 MB
2026-04-09 06:58:04 [INFO] [346/364] Split [18, 9, 3, 2] | Batch: 16 | Microbatch: 8 | Microbatches: 2
2026-04-09 06:58:04 [INFO] Loading WikiText... (SEQ_LEN=64, BATCH=16)
2026-04-09 06:58:18 [INFO] [Rank 3] Loading weights...
2026-04-09 06:58:19 [INFO] [Rank 2] Loading weights...
2026-04-09 06:58:19 [INFO] [Rank 3] Weights loaded.
2026-04-09 06:58:20 [INFO] [Rank 2] Weights loaded.
2026-04-09 06:58:28 [INFO] [Rank 1] Loading weights...
2026-04-09 06:58:31 [INFO] [Rank 1] Weights loaded.
2026-04-09 06:58:43 [INFO] [Rank 0] Loading weights...
2026-04-09 06:58:48 [INFO] [Rank 0] Weights loaded.
2026-04-09 06:59:49 [INFO] [Rank 2] Finished. Latency: 61358 ms
2026-04-09 06:59:49 [INFO] [Rank 0] Finished. Latency: 61358 ms
2026-04-09 06:59:49 [INFO] [Rank 1] Finished. Latency: 61358 ms
2026-04-09 06:59:49 [INFO] [Rank 3] Finished. Latency: 61363 ms
2026-04-09 06:59:53 [INFO] Total latency:     61358 ms
2026-04-09 06:59:53 [INFO] Peak 5GB memory:   1372 MB
2026-04-09 06:59:53 [INFO] Avg  5GB memory:   1170 MB
2026-04-09 06:59:53 [INFO] [347/364] Split [18, 9, 3, 2] | Batch: 16 | Microbatch: 4 | Microbatches: 4
2026-04-09 06:59:53 [INFO] Loading WikiText... (SEQ_LEN=64, BATCH=16)
2026-04-09 07:00:07 [INFO] [Rank 3] Loading weights...
2026-04-09 07:00:08 [INFO] [Rank 2] Loading weights...
2026-04-09 07:00:08 [INFO] [Rank 3] Weights loaded.
2026-04-09 07:00:09 [INFO] [Rank 2] Weights loaded.
2026-04-09 07:00:17 [INFO] [Rank 1] Loading weights...
2026-04-09 07:00:20 [INFO] [Rank 1] Weights loaded.
2026-04-09 07:00:33 [INFO] [Rank 0] Loading weights...
2026-04-09 07:00:37 [INFO] [Rank 0] Weights loaded.
2026-04-09 07:02:33 [INFO] [Rank 2] Finished. Latency: 115550 ms
2026-04-09 07:02:33 [INFO] [Rank 1] Finished. Latency: 115550 ms
2026-04-09 07:02:33 [INFO] [Rank 0] Finished. Latency: 115550 ms
2026-04-09 07:02:33 [INFO] [Rank 3] Finished. Latency: 115554 ms
2026-04-09 07:02:37 [INFO] Total latency:     115550 ms
2026-04-09 07:02:37 [INFO] Peak 5GB memory:   1718 MB
2026-04-09 07:02:37 [INFO] Avg  5GB memory:   1210 MB
2026-04-09 07:02:37 [INFO] [348/364] Split [18, 9, 3, 2] | Batch: 16 | Microbatch: 2 | Microbatches: 8
2026-04-09 07:02:37 [INFO] Loading WikiText... (SEQ_LEN=64, BATCH=16)
2026-04-09 07:02:51 [INFO] [Rank 3] Loading weights...
2026-04-09 07:02:52 [INFO] [Rank 2] Loading weights...
2026-04-09 07:02:53 [INFO] [Rank 3] Weights loaded.
2026-04-09 07:02:54 [INFO] [Rank 2] Weights loaded.
2026-04-09 07:03:02 [INFO] [Rank 1] Loading weights...
2026-04-09 07:03:04 [INFO] [Rank 1] Weights loaded.
2026-04-09 07:03:17 [INFO] [Rank 0] Loading weights...
2026-04-09 07:03:21 [INFO] [Rank 0] Weights loaded.
2026-04-09 07:07:04 [INFO] [Rank 2] Finished. Latency: 222441 ms
2026-04-09 07:07:04 [INFO] [Rank 0] Finished. Latency: 222441 ms
2026-04-09 07:07:04 [INFO] [Rank 1] Finished. Latency: 222441 ms
2026-04-09 07:07:04 [INFO] [Rank 3] Finished. Latency: 222445 ms
2026-04-09 07:07:07 [INFO] Total latency:     222441 ms
2026-04-09 07:07:07 [INFO] Peak 5GB memory:   1718 MB
2026-04-09 07:07:07 [INFO] Avg  5GB memory:   1251 MB
2026-04-09 07:07:07 [INFO] [349/364] Split [18, 9, 3, 2] | Batch: 8 | Microbatch: 4 | Microbatches: 2
2026-04-09 07:07:07 [INFO] Loading WikiText... (SEQ_LEN=64, BATCH=8)
2026-04-09 07:07:21 [INFO] [Rank 3] Loading weights...
2026-04-09 07:07:22 [INFO] [Rank 2] Loading weights...
2026-04-09 07:07:22 [INFO] [Rank 3] Weights loaded.
2026-04-09 07:07:23 [INFO] [Rank 2] Weights loaded.
2026-04-09 07:07:31 [INFO] [Rank 1] Loading weights...
2026-04-09 07:07:34 [INFO] [Rank 1] Weights loaded.
2026-04-09 07:07:47 [INFO] [Rank 0] Loading weights...
2026-04-09 07:07:51 [INFO] [Rank 0] Weights loaded.
2026-04-09 07:08:50 [INFO] [Rank 2] Finished. Latency: 59248 ms
2026-04-09 07:08:50 [INFO] [Rank 0] Finished. Latency: 59248 ms
2026-04-09 07:08:50 [INFO] [Rank 1] Finished. Latency: 59248 ms
2026-04-09 07:08:50 [INFO] [Rank 3] Finished. Latency: 59252 ms
2026-04-09 07:08:54 [INFO] Total latency:     59248 ms
2026-04-09 07:08:54 [INFO] Peak 5GB memory:   1718 MB
2026-04-09 07:08:54 [INFO] Avg  5GB memory:   1146 MB
2026-04-09 07:08:54 [INFO] [350/364] Split [18, 9, 3, 2] | Batch: 8 | Microbatch: 2 | Microbatches: 4
2026-04-09 07:08:54 [INFO] Loading WikiText... (SEQ_LEN=64, BATCH=8)
2026-04-09 07:09:09 [INFO] [Rank 3] Loading weights...
2026-04-09 07:09:09 [INFO] [Rank 2] Loading weights...
2026-04-09 07:09:10 [INFO] [Rank 3] Weights loaded.
2026-04-09 07:09:10 [INFO] [Rank 2] Weights loaded.
2026-04-09 07:09:18 [INFO] [Rank 1] Loading weights...
2026-04-09 07:09:21 [INFO] [Rank 1] Weights loaded.
2026-04-09 07:09:34 [INFO] [Rank 0] Loading weights...
2026-04-09 07:09:38 [INFO] [Rank 0] Weights loaded.
2026-04-09 07:11:33 [INFO] [Rank 1] Finished. Latency: 114914 ms
2026-04-09 07:11:33 [INFO] [Rank 2] Finished. Latency: 114914 ms
2026-04-09 07:11:33 [INFO] [Rank 0] Finished. Latency: 114914 ms
2026-04-09 07:11:33 [INFO] [Rank 3] Finished. Latency: 114917 ms
2026-04-09 07:11:37 [INFO] Total latency:     114914 ms
2026-04-09 07:11:37 [INFO] Peak 5GB memory:   1718 MB
2026-04-09 07:11:37 [INFO] Avg  5GB memory:   1178 MB
2026-04-09 07:11:37 [INFO] [351/364] Split [18, 9, 4, 1] | Batch: 64 | Microbatch: 32 | Microbatches: 2
2026-04-09 07:11:37 [INFO] Loading WikiText... (SEQ_LEN=64, BATCH=64)
2026-04-09 07:11:50 [INFO] [Rank 3] Loading weights...
2026-04-09 07:11:51 [INFO] [Rank 3] Weights loaded.
2026-04-09 07:11:53 [INFO] [Rank 2] Loading weights...
2026-04-09 07:11:55 [INFO] [Rank 2] Weights loaded.
2026-04-09 07:12:01 [INFO] [Rank 1] Loading weights...
2026-04-09 07:12:04 [INFO] [Rank 1] Weights loaded.
2026-04-09 07:12:17 [INFO] [Rank 0] Loading weights...
2026-04-09 07:12:21 [INFO] [Rank 0] Weights loaded.
2026-04-09 07:13:33 [INFO] [Rank 1] Finished. Latency: 72444 ms
2026-04-09 07:13:33 [INFO] [Rank 0] Finished. Latency: 72444 ms
2026-04-09 07:13:33 [INFO] [Rank 2] Finished. Latency: 72444 ms
2026-04-09 07:13:33 [INFO] [Rank 3] Finished. Latency: 72448 ms
2026-04-09 07:13:37 [INFO] Total latency:     72444 ms
2026-04-09 07:13:37 [INFO] Peak 5GB memory:   1324 MB
2026-04-09 07:13:37 [INFO] Avg  5GB memory:   985 MB
2026-04-09 07:13:37 [INFO] [352/364] Split [18, 9, 4, 1] | Batch: 64 | Microbatch: 16 | Microbatches: 4
2026-04-09 07:13:37 [INFO] Loading WikiText... (SEQ_LEN=64, BATCH=64)
2026-04-09 07:13:49 [INFO] [Rank 3] Loading weights...
2026-04-09 07:13:50 [INFO] [Rank 3] Weights loaded.
2026-04-09 07:13:53 [INFO] [Rank 2] Loading weights...
2026-04-09 07:13:55 [INFO] [Rank 2] Weights loaded.
2026-04-09 07:14:01 [INFO] [Rank 1] Loading weights...
2026-04-09 07:14:04 [INFO] [Rank 1] Weights loaded.
2026-04-09 07:14:17 [INFO] [Rank 0] Loading weights...
2026-04-09 07:14:21 [INFO] [Rank 0] Weights loaded.
2026-04-09 07:16:27 [INFO] [Rank 1] Finished. Latency: 125815 ms
2026-04-09 07:16:27 [INFO] [Rank 2] Finished. Latency: 125815 ms
2026-04-09 07:16:27 [INFO] [Rank 0] Finished. Latency: 125815 ms
2026-04-09 07:16:27 [INFO] [Rank 3] Finished. Latency: 125818 ms
2026-04-09 07:16:31 [INFO] Total latency:     125815 ms
2026-04-09 07:16:31 [INFO] Peak 5GB memory:   1180 MB
2026-04-09 07:16:31 [INFO] Avg  5GB memory:   937 MB
2026-04-09 07:16:31 [INFO] [353/364] Split [18, 9, 4, 1] | Batch: 64 | Microbatch: 8 | Microbatches: 8
2026-04-09 07:16:31 [INFO] Loading WikiText... (SEQ_LEN=64, BATCH=64)
2026-04-09 07:16:44 [INFO] [Rank 3] Loading weights...
2026-04-09 07:16:45 [INFO] [Rank 3] Weights loaded.
2026-04-09 07:16:48 [INFO] [Rank 2] Loading weights...
2026-04-09 07:16:49 [INFO] [Rank 2] Weights loaded.
2026-04-09 07:16:56 [INFO] [Rank 1] Loading weights...
2026-04-09 07:16:58 [INFO] [Rank 1] Weights loaded.
2026-04-09 07:17:11 [INFO] [Rank 0] Loading weights...
2026-04-09 07:17:15 [INFO] [Rank 0] Weights loaded.
2026-04-09 07:21:11 [INFO] [Rank 2] Finished. Latency: 235553 ms
2026-04-09 07:21:11 [INFO] [Rank 0] Finished. Latency: 235553 ms
2026-04-09 07:21:11 [INFO] [Rank 1] Finished. Latency: 235553 ms
2026-04-09 07:21:11 [INFO] [Rank 3] Finished. Latency: 235556 ms
2026-04-09 07:21:15 [INFO] Total latency:     235553 ms
2026-04-09 07:21:15 [INFO] Peak 5GB memory:   1066 MB
2026-04-09 07:21:15 [INFO] Avg  5GB memory:   940 MB
2026-04-09 07:21:15 [INFO] [354/364] Split [18, 9, 4, 1] | Batch: 64 | Microbatch: 4 | Microbatches: 16
2026-04-09 07:21:15 [INFO] Loading WikiText... (SEQ_LEN=64, BATCH=64)
2026-04-09 07:21:28 [INFO] [Rank 3] Loading weights...
2026-04-09 07:21:29 [INFO] [Rank 3] Weights loaded.
2026-04-09 07:21:32 [INFO] [Rank 2] Loading weights...
2026-04-09 07:21:33 [INFO] [Rank 2] Weights loaded.
2026-04-09 07:21:40 [INFO] [Rank 1] Loading weights...
2026-04-09 07:21:42 [INFO] [Rank 1] Weights loaded.
2026-04-09 07:21:55 [INFO] [Rank 0] Loading weights...
2026-04-09 07:21:59 [INFO] [Rank 0] Weights loaded.
2026-04-09 07:29:38 [INFO] [Rank 2] Finished. Latency: 458604 ms
2026-04-09 07:29:38 [INFO] [Rank 1] Finished. Latency: 458604 ms
2026-04-09 07:29:38 [INFO] [Rank 0] Finished. Latency: 458604 ms
2026-04-09 07:29:38 [INFO] [Rank 3] Finished. Latency: 458606 ms
2026-04-09 07:29:42 [INFO] Total latency:     458604 ms
2026-04-09 07:29:42 [INFO] Peak 5GB memory:   1058 MB
2026-04-09 07:29:42 [INFO] Avg  5GB memory:   953 MB
2026-04-09 07:29:42 [INFO] [355/364] Split [18, 9, 4, 1] | Batch: 64 | Microbatch: 2 | Microbatches: 32
2026-04-09 07:29:42 [INFO] Loading WikiText... (SEQ_LEN=64, BATCH=64)
2026-04-09 07:29:55 [INFO] [Rank 3] Loading weights...
2026-04-09 07:29:56 [INFO] [Rank 3] Weights loaded.
2026-04-09 07:29:59 [INFO] [Rank 2] Loading weights...
2026-04-09 07:30:00 [INFO] [Rank 2] Weights loaded.
2026-04-09 07:30:07 [INFO] [Rank 1] Loading weights...
2026-04-09 07:30:10 [INFO] [Rank 1] Weights loaded.
2026-04-09 07:30:22 [INFO] [Rank 0] Loading weights...
2026-04-09 07:30:26 [INFO] [Rank 0] Weights loaded.
2026-04-09 07:45:10 [INFO] [Rank 2] Finished. Latency: 883983 ms
2026-04-09 07:45:10 [INFO] [Rank 1] Finished. Latency: 883983 ms
2026-04-09 07:45:10 [INFO] [Rank 0] Finished. Latency: 883983 ms
2026-04-09 07:45:10 [INFO] [Rank 3] Finished. Latency: 883985 ms
2026-04-09 07:45:14 [INFO] Total latency:     883983 ms
2026-04-09 07:45:14 [INFO] Peak 5GB memory:   1298 MB
2026-04-09 07:45:14 [INFO] Avg  5GB memory:   966 MB
2026-04-09 07:45:14 [INFO] [356/364] Split [18, 9, 4, 1] | Batch: 32 | Microbatch: 16 | Microbatches: 2
2026-04-09 07:45:14 [INFO] Loading WikiText... (SEQ_LEN=64, BATCH=32)
2026-04-09 07:45:28 [INFO] [Rank 3] Loading weights...
2026-04-09 07:45:29 [INFO] [Rank 3] Weights loaded.
2026-04-09 07:45:32 [INFO] [Rank 2] Loading weights...
2026-04-09 07:45:34 [INFO] [Rank 2] Weights loaded.
2026-04-09 07:45:41 [INFO] [Rank 1] Loading weights...
2026-04-09 07:45:43 [INFO] [Rank 1] Weights loaded.
2026-04-09 07:45:56 [INFO] [Rank 0] Loading weights...
2026-04-09 07:46:00 [INFO] [Rank 0] Weights loaded.
2026-04-09 07:47:04 [INFO] [Rank 2] Finished. Latency: 64002 ms
2026-04-09 07:47:04 [INFO] [Rank 0] Finished. Latency: 64002 ms
2026-04-09 07:47:04 [INFO] [Rank 1] Finished. Latency: 64002 ms
2026-04-09 07:47:04 [INFO] [Rank 3] Finished. Latency: 64005 ms
2026-04-09 07:47:08 [INFO] Total latency:     64002 ms
2026-04-09 07:47:08 [INFO] Peak 5GB memory:   1298 MB
2026-04-09 07:47:08 [INFO] Avg  5GB memory:   837 MB
2026-04-09 07:47:08 [INFO] [357/364] Split [18, 9, 4, 1] | Batch: 32 | Microbatch: 8 | Microbatches: 4
2026-04-09 07:47:08 [INFO] Loading WikiText... (SEQ_LEN=64, BATCH=32)
2026-04-09 07:47:20 [INFO] [Rank 3] Loading weights...
2026-04-09 07:47:21 [INFO] [Rank 3] Weights loaded.
2026-04-09 07:47:24 [INFO] [Rank 2] Loading weights...
2026-04-09 07:47:26 [INFO] [Rank 2] Weights loaded.
2026-04-09 07:47:32 [INFO] [Rank 1] Loading weights...
2026-04-09 07:47:35 [INFO] [Rank 1] Weights loaded.
2026-04-09 07:47:48 [INFO] [Rank 0] Loading weights...
2026-04-09 07:47:52 [INFO] [Rank 0] Weights loaded.
2026-04-09 07:49:50 [INFO] [Rank 2] Finished. Latency: 118342 ms
2026-04-09 07:49:50 [INFO] [Rank 1] Finished. Latency: 118342 ms
2026-04-09 07:49:50 [INFO] [Rank 0] Finished. Latency: 118342 ms
2026-04-09 07:49:50 [INFO] [Rank 3] Finished. Latency: 118345 ms
2026-04-09 07:49:54 [INFO] Total latency:     118342 ms
2026-04-09 07:49:54 [INFO] Peak 5GB memory:   1042 MB
2026-04-09 07:49:54 [INFO] Avg  5GB memory:   846 MB
2026-04-09 07:49:54 [INFO] [358/364] Split [18, 9, 4, 1] | Batch: 32 | Microbatch: 4 | Microbatches: 8
2026-04-09 07:49:54 [INFO] Loading WikiText... (SEQ_LEN=64, BATCH=32)
2026-04-09 07:50:07 [INFO] [Rank 3] Loading weights...
2026-04-09 07:50:08 [INFO] [Rank 3] Weights loaded.
2026-04-09 07:50:11 [INFO] [Rank 2] Loading weights...
2026-04-09 07:50:12 [INFO] [Rank 2] Weights loaded.
2026-04-09 07:50:19 [INFO] [Rank 1] Loading weights...
2026-04-09 07:50:22 [INFO] [Rank 1] Weights loaded.
2026-04-09 07:50:34 [INFO] [Rank 0] Loading weights...
2026-04-09 07:50:38 [INFO] [Rank 0] Weights loaded.
2026-04-09 07:54:28 [INFO] [Rank 0] Finished. Latency: 229098 ms
2026-04-09 07:54:28 [INFO] [Rank 1] Finished. Latency: 229098 ms
2026-04-09 07:54:28 [INFO] [Rank 2] Finished. Latency: 229098 ms
2026-04-09 07:54:28 [INFO] [Rank 3] Finished. Latency: 229100 ms
2026-04-09 07:54:31 [INFO] Total latency:     229098 ms
2026-04-09 07:54:31 [INFO] Peak 5GB memory:   1298 MB
2026-04-09 07:54:31 [INFO] Avg  5GB memory:   868 MB
2026-04-09 07:54:31 [INFO] [359/364] Split [18, 9, 4, 1] | Batch: 32 | Microbatch: 2 | Microbatches: 16
2026-04-09 07:54:31 [INFO] Loading WikiText... (SEQ_LEN=64, BATCH=32)
2026-04-09 07:54:45 [INFO] [Rank 3] Loading weights...
2026-04-09 07:54:46 [INFO] [Rank 3] Weights loaded.
2026-04-09 07:54:49 [INFO] [Rank 2] Loading weights...
2026-04-09 07:54:50 [INFO] [Rank 2] Weights loaded.
2026-04-09 07:54:57 [INFO] [Rank 1] Loading weights...
2026-04-09 07:54:59 [INFO] [Rank 1] Weights loaded.
2026-04-09 07:55:12 [INFO] [Rank 0] Loading weights...
2026-04-09 07:55:16 [INFO] [Rank 0] Weights loaded.
2026-04-09 08:02:42 [INFO] [Rank 1] Finished. Latency: 445887 ms
2026-04-09 08:02:42 [INFO] [Rank 2] Finished. Latency: 445887 ms
2026-04-09 08:02:42 [INFO] [Rank 0] Finished. Latency: 445887 ms
2026-04-09 08:02:42 [INFO] [Rank 3] Finished. Latency: 445889 ms
2026-04-09 08:02:46 [INFO] Total latency:     445887 ms
2026-04-09 08:02:46 [INFO] Peak 5GB memory:   1042 MB
2026-04-09 08:02:46 [INFO] Avg  5GB memory:   885 MB
2026-04-09 08:02:46 [INFO] [360/364] Split [18, 9, 4, 1] | Batch: 16 | Microbatch: 8 | Microbatches: 2
2026-04-09 08:02:46 [INFO] Loading WikiText... (SEQ_LEN=64, BATCH=16)
2026-04-09 08:02:58 [INFO] [Rank 3] Loading weights...
2026-04-09 08:02:59 [INFO] [Rank 3] Weights loaded.
2026-04-09 08:03:02 [INFO] [Rank 2] Loading weights...
2026-04-09 08:03:03 [INFO] [Rank 2] Weights loaded.
2026-04-09 08:03:10 [INFO] [Rank 1] Loading weights...
2026-04-09 08:03:12 [INFO] [Rank 1] Weights loaded.
2026-04-09 08:03:25 [INFO] [Rank 0] Loading weights...
2026-04-09 08:03:29 [INFO] [Rank 0] Weights loaded.
2026-04-09 08:04:30 [INFO] [Rank 1] Finished. Latency: 60858 ms
2026-04-09 08:04:30 [INFO] [Rank 0] Finished. Latency: 60858 ms
2026-04-09 08:04:30 [INFO] [Rank 2] Finished. Latency: 60858 ms
2026-04-09 08:04:30 [INFO] [Rank 3] Finished. Latency: 60861 ms
2026-04-09 08:04:34 [INFO] Total latency:     60858 ms
2026-04-09 08:04:34 [INFO] Peak 5GB memory:   1042 MB
2026-04-09 08:04:34 [INFO] Avg  5GB memory:   796 MB
2026-04-09 08:04:34 [INFO] [361/364] Split [18, 9, 4, 1] | Batch: 16 | Microbatch: 4 | Microbatches: 4
2026-04-09 08:04:34 [INFO] Loading WikiText... (SEQ_LEN=64, BATCH=16)
2026-04-09 08:04:47 [INFO] [Rank 3] Loading weights...
2026-04-09 08:04:48 [INFO] [Rank 3] Weights loaded.
2026-04-09 08:04:50 [INFO] [Rank 2] Loading weights...
2026-04-09 08:04:52 [INFO] [Rank 2] Weights loaded.
2026-04-09 08:04:58 [INFO] [Rank 1] Loading weights...
2026-04-09 08:05:01 [INFO] [Rank 1] Weights loaded.
2026-04-09 08:05:14 [INFO] [Rank 0] Loading weights...
2026-04-09 08:05:18 [INFO] [Rank 0] Weights loaded.
2026-04-09 08:07:16 [INFO] [Rank 2] Finished. Latency: 117722 ms
2026-04-09 08:07:16 [INFO] [Rank 1] Finished. Latency: 117722 ms
2026-04-09 08:07:16 [INFO] [Rank 0] Finished. Latency: 117722 ms
2026-04-09 08:07:16 [INFO] [Rank 3] Finished. Latency: 117724 ms
2026-04-09 08:07:20 [INFO] Total latency:     117722 ms
2026-04-09 08:07:20 [INFO] Peak 5GB memory:   1042 MB
2026-04-09 08:07:20 [INFO] Avg  5GB memory:   808 MB
2026-04-09 08:07:20 [INFO] [362/364] Split [18, 9, 4, 1] | Batch: 16 | Microbatch: 2 | Microbatches: 8
2026-04-09 08:07:20 [INFO] Loading WikiText... (SEQ_LEN=64, BATCH=16)
2026-04-09 08:07:32 [INFO] [Rank 3] Loading weights...
2026-04-09 08:07:33 [INFO] [Rank 3] Weights loaded.
2026-04-09 08:07:35 [INFO] [Rank 2] Loading weights...
2026-04-09 08:07:37 [INFO] [Rank 2] Weights loaded.
2026-04-09 08:07:43 [INFO] [Rank 1] Loading weights...
2026-04-09 08:07:46 [INFO] [Rank 1] Weights loaded.
2026-04-09 08:07:59 [INFO] [Rank 0] Loading weights...
2026-04-09 08:08:03 [INFO] [Rank 0] Weights loaded.
2026-04-09 08:11:48 [INFO] [Rank 2] Finished. Latency: 224933 ms
2026-04-09 08:11:48 [INFO] [Rank 0] Finished. Latency: 224933 ms
2026-04-09 08:11:48 [INFO] [Rank 1] Finished. Latency: 224933 ms
2026-04-09 08:11:48 [INFO] [Rank 3] Finished. Latency: 224935 ms
2026-04-09 08:11:52 [INFO] Total latency:     224933 ms
2026-04-09 08:11:52 [INFO] Peak 5GB memory:   1042 MB
2026-04-09 08:11:52 [INFO] Avg  5GB memory:   824 MB
2026-04-09 08:11:52 [INFO] [363/364] Split [18, 9, 4, 1] | Batch: 8 | Microbatch: 4 | Microbatches: 2
2026-04-09 08:11:52 [INFO] Loading WikiText... (SEQ_LEN=64, BATCH=8)
2026-04-09 08:12:05 [INFO] [Rank 3] Loading weights...
2026-04-09 08:12:07 [INFO] [Rank 3] Weights loaded.
2026-04-09 08:12:09 [INFO] [Rank 2] Loading weights...
2026-04-09 08:12:11 [INFO] [Rank 2] Weights loaded.
2026-04-09 08:12:17 [INFO] [Rank 1] Loading weights...
2026-04-09 08:12:20 [INFO] [Rank 1] Weights loaded.
2026-04-09 08:12:33 [INFO] [Rank 0] Loading weights...
2026-04-09 08:12:37 [INFO] [Rank 0] Weights loaded.
2026-04-09 08:13:36 [INFO] [Rank 2] Finished. Latency: 59024 ms
2026-04-09 08:13:36 [INFO] [Rank 0] Finished. Latency: 59024 ms
2026-04-09 08:13:36 [INFO] [Rank 1] Finished. Latency: 59024 ms
2026-04-09 08:13:36 [INFO] [Rank 3] Finished. Latency: 59026 ms
2026-04-09 08:13:40 [INFO] Total latency:     59024 ms
2026-04-09 08:13:40 [INFO] Peak 5GB memory:   1298 MB
2026-04-09 08:13:40 [INFO] Avg  5GB memory:   762 MB
2026-04-09 08:13:40 [INFO] [364/364] Split [18, 9, 4, 1] | Batch: 8 | Microbatch: 2 | Microbatches: 4
2026-04-09 08:13:40 [INFO] Loading WikiText... (SEQ_LEN=64, BATCH=8)
2026-04-09 08:13:53 [INFO] [Rank 3] Loading weights...
2026-04-09 08:13:54 [INFO] [Rank 3] Weights loaded.
2026-04-09 08:13:57 [INFO] [Rank 2] Loading weights...
2026-04-09 08:13:58 [INFO] [Rank 2] Weights loaded.
2026-04-09 08:14:05 [INFO] [Rank 1] Loading weights...
2026-04-09 08:14:07 [INFO] [Rank 1] Weights loaded.
2026-04-09 08:14:20 [INFO] [Rank 0] Loading weights...
2026-04-09 08:14:24 [INFO] [Rank 0] Weights loaded.
2026-04-09 08:16:19 [INFO] [Rank 2] Finished. Latency: 114819 ms
2026-04-09 08:16:19 [INFO] [Rank 1] Finished. Latency: 114819 ms
2026-04-09 08:16:19 [INFO] [Rank 0] Finished. Latency: 114819 ms
2026-04-09 08:16:19 [INFO] [Rank 3] Finished. Latency: 114822 ms
2026-04-09 08:16:23 [INFO] Total latency:     114819 ms
2026-04-09 08:16:23 [INFO] Peak 5GB memory:   1042 MB
2026-04-09 08:16:23 [INFO] Avg  5GB memory:   783 MB
2026-04-09 08:16:23 [INFO] --- Best by Latency ---
2026-04-09 08:16:23 [INFO] Split: [18, 8, 4, 2] | Batch: 8 | MB: 4 | Latency: 57410 ms | Peak R2: 1948 MB | Peak R3: 1718 MB
2026-04-09 08:16:23 [INFO] --- Most Memory Efficient (lowest peak 5GB at batch=64) ---
2026-04-09 08:16:23 [INFO] Split: [17, 9, 3, 3] | MB: 8 | Latency: 235976 ms | Peak R2: 1996 MB | Peak R3: 2246 MB
2026-04-09 08:16:23 [INFO] 0 configurations skipped due to OOM
2026-04-09 08:16:23 [INFO] Done.
2026-04-09 08:16:23 [INFO] Benchmark results → mig_benchmark_results.csv
2026-04-09 08:16:23 [INFO] Memory trace      → mig_memory_trace.csv
