2026-04-08 03:24:09 [INFO] Setting up DCGM monitor group...
2026-04-08 03:24:09 [INFO] [1/98] Split [16, 8, 4, 4] | Batch: 8 | Microbatch: 4 | Microbatches: 2
2026-04-08 03:24:09 [INFO] Loading WikiText... (SEQ_LEN=64, BATCH=8)
2026-04-08 03:24:25 [INFO] [Rank 2] Loading weights...
2026-04-08 03:24:26 [INFO] [Rank 3] Loading weights...
2026-04-08 03:24:30 [INFO] [Rank 1] Loading weights...
2026-04-08 03:24:31 [INFO] [Rank 2] Weights loaded.
2026-04-08 03:24:32 [INFO] [Rank 3] Weights loaded.
2026-04-08 03:24:37 [INFO] [Rank 1] Weights loaded.
2026-04-08 03:24:43 [INFO] [Rank 0] Loading weights...
2026-04-08 03:24:50 [INFO] [Rank 0] Weights loaded.
2026-04-08 03:25:44 [INFO] [Rank 1] Finished. Latency: 53997 ms
2026-04-08 03:25:44 [INFO] [Rank 2] Finished. Latency: 53997 ms
2026-04-08 03:25:44 [INFO] [Rank 0] Finished. Latency: 53997 ms
2026-04-08 03:25:44 [INFO] [Rank 3] Finished. Latency: 54004 ms
2026-04-08 03:25:48 [INFO] Total latency:     53997 ms
2026-04-08 03:25:48 [INFO] Peak 5GB memory:   2602 MB
2026-04-08 03:25:48 [INFO] Avg  5GB memory:   1910 MB
2026-04-08 03:25:48 [INFO] [2/98] Split [16, 8, 4, 4] | Batch: 8 | Microbatch: 2 | Microbatches: 4
2026-04-08 03:25:48 [INFO] Loading WikiText... (SEQ_LEN=64, BATCH=8)
2026-04-08 03:26:03 [INFO] [Rank 2] Loading weights...
2026-04-08 03:26:04 [INFO] [Rank 3] Loading weights...
2026-04-08 03:26:09 [INFO] [Rank 1] Loading weights...
2026-04-08 03:26:09 [INFO] [Rank 2] Weights loaded.
2026-04-08 03:26:10 [INFO] [Rank 3] Weights loaded.
2026-04-08 03:26:15 [INFO] [Rank 1] Weights loaded.
2026-04-08 03:26:21 [INFO] [Rank 0] Loading weights...
2026-04-08 03:26:28 [INFO] [Rank 0] Weights loaded.
2026-04-08 03:28:09 [INFO] [Rank 1] Finished. Latency: 101036 ms
2026-04-08 03:28:09 [INFO] [Rank 2] Finished. Latency: 101036 ms
2026-04-08 03:28:09 [INFO] [Rank 0] Finished. Latency: 101036 ms
2026-04-08 03:28:09 [INFO] [Rank 3] Finished. Latency: 101042 ms
2026-04-08 03:28:13 [INFO] Total latency:     101036 ms
2026-04-08 03:28:13 [INFO] Peak 5GB memory:   2404 MB
2026-04-08 03:28:13 [INFO] Avg  5GB memory:   1973 MB
2026-04-08 03:28:13 [INFO] [3/98] Split [16, 8, 4, 4] | Batch: 16 | Microbatch: 8 | Microbatches: 2
2026-04-08 03:28:13 [INFO] Loading WikiText... (SEQ_LEN=64, BATCH=16)
2026-04-08 03:28:28 [INFO] [Rank 2] Loading weights...
2026-04-08 03:28:29 [INFO] [Rank 3] Loading weights...
2026-04-08 03:28:34 [INFO] [Rank 1] Loading weights...
2026-04-08 03:28:34 [INFO] [Rank 2] Weights loaded.
2026-04-08 03:28:35 [INFO] [Rank 3] Weights loaded.
2026-04-08 03:28:40 [INFO] [Rank 1] Weights loaded.
2026-04-08 03:28:46 [INFO] [Rank 0] Loading weights...
2026-04-08 03:28:53 [INFO] [Rank 0] Weights loaded.
2026-04-08 03:29:54 [INFO] [Rank 1] Finished. Latency: 60546 ms
2026-04-08 03:29:54 [INFO] [Rank 2] Finished. Latency: 60546 ms
2026-04-08 03:29:54 [INFO] [Rank 0] Finished. Latency: 60546 ms
2026-04-08 03:29:54 [INFO] [Rank 3] Finished. Latency: 60557 ms
2026-04-08 03:29:58 [INFO] Total latency:     60546 ms
2026-04-08 03:29:58 [INFO] Peak 5GB memory:   6946 MB
2026-04-08 03:29:58 [INFO] Avg  5GB memory:   2956 MB
2026-04-08 03:29:58 [INFO] [4/98] Split [16, 8, 4, 4] | Batch: 16 | Microbatch: 4 | Microbatches: 4
2026-04-08 03:29:58 [INFO] Loading WikiText... (SEQ_LEN=64, BATCH=16)
2026-04-08 03:30:12 [INFO] [Rank 2] Loading weights...
2026-04-08 03:30:13 [INFO] [Rank 3] Loading weights...
2026-04-08 03:30:18 [INFO] [Rank 1] Loading weights...
2026-04-08 03:30:18 [INFO] [Rank 2] Weights loaded.
2026-04-08 03:30:20 [INFO] [Rank 3] Weights loaded.
2026-04-08 03:30:24 [INFO] [Rank 1] Weights loaded.
2026-04-08 03:30:30 [INFO] [Rank 0] Loading weights...
2026-04-08 03:30:37 [INFO] [Rank 0] Weights loaded.
2026-04-08 03:32:24 [INFO] [Rank 2] Finished. Latency: 106188 ms
2026-04-08 03:32:24 [INFO] [Rank 1] Finished. Latency: 106188 ms
2026-04-08 03:32:24 [INFO] [Rank 0] Finished. Latency: 106188 ms
2026-04-08 03:32:24 [INFO] [Rank 3] Finished. Latency: 106195 ms
2026-04-08 03:32:28 [INFO] Total latency:     106188 ms
2026-04-08 03:32:28 [INFO] Peak 5GB memory:   3202 MB
2026-04-08 03:32:28 [INFO] Avg  5GB memory:   2246 MB
2026-04-08 03:32:28 [INFO] [5/98] Split [16, 8, 4, 4] | Batch: 16 | Microbatch: 2 | Microbatches: 8
2026-04-08 03:32:28 [INFO] Loading WikiText... (SEQ_LEN=64, BATCH=16)
2026-04-08 03:32:43 [INFO] [Rank 2] Loading weights...
2026-04-08 03:32:44 [INFO] [Rank 3] Loading weights...
2026-04-08 03:32:48 [INFO] [Rank 1] Loading weights...
2026-04-08 03:32:49 [INFO] [Rank 2] Weights loaded.
2026-04-08 03:32:50 [INFO] [Rank 3] Weights loaded.
2026-04-08 03:32:55 [INFO] [Rank 1] Weights loaded.
2026-04-08 03:33:01 [INFO] [Rank 0] Loading weights...
2026-04-08 03:33:08 [INFO] [Rank 0] Weights loaded.
2026-04-08 03:36:27 [INFO] [Rank 1] Finished. Latency: 199022 ms
2026-04-08 03:36:27 [INFO] [Rank 2] Finished. Latency: 199022 ms
2026-04-08 03:36:27 [INFO] [Rank 0] Finished. Latency: 199022 ms
2026-04-08 03:36:27 [INFO] [Rank 3] Finished. Latency: 199028 ms
2026-04-08 03:36:31 [INFO] Total latency:     199022 ms
2026-04-08 03:36:31 [INFO] Peak 5GB memory:   2682 MB
2026-04-08 03:36:31 [INFO] Avg  5GB memory:   2259 MB
2026-04-08 03:36:31 [INFO] [6/98] Split [16, 8, 4, 4] | Batch: 32 | Microbatch: 16 | Microbatches: 2
2026-04-08 03:36:31 [INFO] Loading WikiText... (SEQ_LEN=64, BATCH=32)
2026-04-08 03:36:46 [INFO] [Rank 2] Loading weights...
2026-04-08 03:36:47 [INFO] [Rank 3] Loading weights...
2026-04-08 03:36:52 [INFO] [Rank 1] Loading weights...
2026-04-08 03:36:52 [INFO] [Rank 2] Weights loaded.
2026-04-08 03:36:54 [INFO] [Rank 3] Weights loaded.
2026-04-08 03:36:58 [INFO] [Rank 1] Weights loaded.
2026-04-08 03:37:04 [INFO] [Rank 0] Loading weights...
2026-04-08 03:37:11 [INFO] [Rank 0] Weights loaded.
2026-04-08 03:38:30 [INFO] [Rank 2] Finished. Latency: 77901 ms
2026-04-08 03:38:30 [INFO] [Rank 1] Finished. Latency: 77901 ms
2026-04-08 03:38:30 [INFO] [Rank 0] Finished. Latency: 77901 ms
2026-04-08 03:38:30 [INFO] [Rank 3] Finished. Latency: 77918 ms
2026-04-08 03:38:34 [INFO] Total latency:     77901 ms
2026-04-08 03:38:34 [INFO] Peak 5GB memory:   9338 MB
2026-04-08 03:38:34 [INFO] Avg  5GB memory:   4142 MB
2026-04-08 03:38:34 [INFO] [7/98] Split [16, 8, 4, 4] | Batch: 32 | Microbatch: 8 | Microbatches: 4
2026-04-08 03:38:34 [INFO] Loading WikiText... (SEQ_LEN=64, BATCH=32)
2026-04-08 03:38:49 [INFO] [Rank 2] Loading weights...
2026-04-08 03:38:50 [INFO] [Rank 3] Loading weights...
2026-04-08 03:38:55 [INFO] [Rank 1] Loading weights...
2026-04-08 03:38:55 [INFO] [Rank 2] Weights loaded.
2026-04-08 03:38:56 [INFO] [Rank 3] Weights loaded.
2026-04-08 03:39:01 [INFO] [Rank 1] Weights loaded.
2026-04-08 03:39:07 [INFO] [Rank 0] Loading weights...
2026-04-08 03:39:14 [INFO] [Rank 0] Weights loaded.
2026-04-08 03:41:15 [INFO] [Rank 2] Finished. Latency: 120997 ms
2026-04-08 03:41:15 [INFO] [Rank 1] Finished. Latency: 120998 ms
2026-04-08 03:41:15 [INFO] [Rank 0] Finished. Latency: 120998 ms
2026-04-08 03:41:15 [INFO] [Rank 3] Finished. Latency: 121008 ms
2026-04-08 03:41:19 [INFO] Total latency:     120998 ms
2026-04-08 03:41:19 [INFO] Peak 5GB memory:   9290 MB
2026-04-08 03:41:19 [INFO] Avg  5GB memory:   3865 MB
2026-04-08 03:41:19 [INFO] [8/98] Split [16, 8, 4, 4] | Batch: 32 | Microbatch: 4 | Microbatches: 8
2026-04-08 03:41:19 [INFO] Loading WikiText... (SEQ_LEN=64, BATCH=32)
2026-04-08 03:41:35 [INFO] [Rank 2] Loading weights...
2026-04-08 03:41:36 [INFO] [Rank 3] Loading weights...
2026-04-08 03:41:40 [INFO] [Rank 1] Loading weights...
2026-04-08 03:41:41 [INFO] [Rank 2] Weights loaded.
2026-04-08 03:41:42 [INFO] [Rank 3] Weights loaded.
2026-04-08 03:41:47 [INFO] [Rank 1] Weights loaded.
2026-04-08 03:41:53 [INFO] [Rank 0] Loading weights...
2026-04-08 03:42:00 [INFO] [Rank 0] Weights loaded.
2026-04-08 03:45:31 [INFO] [Rank 2] Finished. Latency: 211098 ms
2026-04-08 03:45:31 [INFO] [Rank 1] Finished. Latency: 211098 ms
2026-04-08 03:45:31 [INFO] [Rank 0] Finished. Latency: 211098 ms
2026-04-08 03:45:31 [INFO] [Rank 3] Finished. Latency: 211106 ms
2026-04-08 03:45:35 [INFO] Total latency:     211098 ms
2026-04-08 03:45:35 [INFO] Peak 5GB memory:   4542 MB
2026-04-08 03:45:35 [INFO] Avg  5GB memory:   2847 MB
2026-04-08 03:45:35 [INFO] [9/98] Split [16, 8, 4, 4] | Batch: 32 | Microbatch: 2 | Microbatches: 16
2026-04-08 03:45:35 [INFO] Loading WikiText... (SEQ_LEN=64, BATCH=32)
2026-04-08 03:45:50 [INFO] [Rank 2] Loading weights...
2026-04-08 03:45:51 [INFO] [Rank 3] Loading weights...
2026-04-08 03:45:56 [INFO] [Rank 1] Loading weights...
2026-04-08 03:45:56 [INFO] [Rank 2] Weights loaded.
2026-04-08 03:45:58 [INFO] [Rank 3] Weights loaded.
2026-04-08 03:46:02 [INFO] [Rank 1] Weights loaded.
2026-04-08 03:46:09 [INFO] [Rank 0] Loading weights...
2026-04-08 03:46:16 [INFO] [Rank 0] Weights loaded.
2026-04-08 03:52:53 [INFO] [Rank 1] Finished. Latency: 397114 ms
2026-04-08 03:52:53 [INFO] [Rank 2] Finished. Latency: 397114 ms
2026-04-08 03:52:53 [INFO] [Rank 0] Finished. Latency: 397114 ms
2026-04-08 03:52:53 [INFO] [Rank 3] Finished. Latency: 397120 ms
2026-04-08 03:52:57 [INFO] Total latency:     397114 ms
2026-04-08 03:52:57 [INFO] Peak 5GB memory:   3396 MB
2026-04-08 03:52:57 [INFO] Avg  5GB memory:   2749 MB
2026-04-08 03:52:57 [INFO] [10/98] Split [16, 8, 4, 4] | Batch: 64 | Microbatch: 32 | Microbatches: 2
2026-04-08 03:52:57 [INFO] Loading WikiText... (SEQ_LEN=64, BATCH=64)
2026-04-08 03:53:11 [INFO] [Rank 2] Loading weights...
2026-04-08 03:53:12 [INFO] [Rank 3] Loading weights...
2026-04-08 03:53:17 [INFO] [Rank 1] Loading weights...
2026-04-08 03:53:18 [INFO] [Rank 2] Weights loaded.
2026-04-08 03:53:19 [INFO] [Rank 3] Weights loaded.
2026-04-08 03:53:23 [INFO] [Rank 1] Weights loaded.
2026-04-08 03:53:30 [INFO] [Rank 0] Loading weights...
2026-04-08 03:53:37 [INFO] [Rank 0] Weights loaded.
2026-04-08 03:55:32 [INFO] [Rank 1] Finished. Latency: 115542 ms
2026-04-08 03:55:32 [INFO] [Rank 2] Finished. Latency: 115542 ms
2026-04-08 03:55:32 [INFO] [Rank 0] Finished. Latency: 115542 ms
2026-04-08 03:55:32 [INFO] [Rank 3] Finished. Latency: 115571 ms
2026-04-08 03:55:36 [INFO] Total latency:     115542 ms
2026-04-08 03:55:36 [INFO] Peak 5GB memory:   9684 MB
2026-04-08 03:55:36 [INFO] Avg  5GB memory:   4994 MB
2026-04-08 03:55:36 [INFO] [11/98] Split [16, 8, 4, 4] | Batch: 64 | Microbatch: 16 | Microbatches: 4
2026-04-08 03:55:36 [INFO] Loading WikiText... (SEQ_LEN=64, BATCH=64)
2026-04-08 03:55:51 [INFO] [Rank 2] Loading weights...
2026-04-08 03:55:52 [INFO] [Rank 3] Loading weights...
2026-04-08 03:55:57 [INFO] [Rank 1] Loading weights...
2026-04-08 03:55:58 [INFO] [Rank 2] Weights loaded.
2026-04-08 03:55:59 [INFO] [Rank 3] Weights loaded.
2026-04-08 03:56:04 [INFO] [Rank 1] Weights loaded.
2026-04-08 03:56:10 [INFO] [Rank 0] Loading weights...
2026-04-08 03:56:17 [INFO] [Rank 0] Weights loaded.
2026-04-08 03:58:52 [INFO] [Rank 1] Finished. Latency: 154898 ms
2026-04-08 03:58:52 [INFO] [Rank 2] Finished. Latency: 154898 ms
2026-04-08 03:58:52 [INFO] [Rank 0] Finished. Latency: 154898 ms
2026-04-08 03:58:52 [INFO] [Rank 3] Finished. Latency: 154914 ms
2026-04-08 03:58:56 [INFO] Total latency:     154898 ms
2026-04-08 03:58:56 [INFO] Peak 5GB memory:   9684 MB
2026-04-08 03:58:56 [INFO] Avg  5GB memory:   5332 MB
2026-04-08 03:58:56 [INFO] [12/98] Split [16, 8, 4, 4] | Batch: 64 | Microbatch: 8 | Microbatches: 8
2026-04-08 03:58:56 [INFO] Loading WikiText... (SEQ_LEN=64, BATCH=64)
2026-04-08 03:59:10 [INFO] [Rank 2] Loading weights...
2026-04-08 03:59:11 [INFO] [Rank 3] Loading weights...
2026-04-08 03:59:16 [INFO] [Rank 1] Loading weights...
2026-04-08 03:59:17 [INFO] [Rank 2] Weights loaded.
2026-04-08 03:59:18 [INFO] [Rank 3] Weights loaded.
2026-04-08 03:59:22 [INFO] [Rank 1] Weights loaded.
2026-04-08 03:59:28 [INFO] [Rank 0] Loading weights...
2026-04-08 03:59:36 [INFO] [Rank 0] Weights loaded.
2026-04-08 04:03:35 [INFO] [Rank 2] Finished. Latency: 239809 ms
2026-04-08 04:03:35 [INFO] [Rank 1] Finished. Latency: 239809 ms
2026-04-08 04:03:35 [INFO] [Rank 0] Finished. Latency: 239809 ms
2026-04-08 04:03:35 [INFO] [Rank 3] Finished. Latency: 239819 ms
2026-04-08 04:03:39 [INFO] Total latency:     239809 ms
2026-04-08 04:03:39 [INFO] Peak 5GB memory:   9154 MB
2026-04-08 04:03:39 [INFO] Avg  5GB memory:   4901 MB
2026-04-08 04:03:39 [INFO] [13/98] Split [16, 8, 4, 4] | Batch: 64 | Microbatch: 4 | Microbatches: 16
2026-04-08 04:03:39 [INFO] Loading WikiText... (SEQ_LEN=64, BATCH=64)
2026-04-08 04:03:54 [INFO] [Rank 2] Loading weights...
2026-04-08 04:03:55 [INFO] [Rank 3] Loading weights...
2026-04-08 04:04:00 [INFO] [Rank 1] Loading weights...
2026-04-08 04:04:01 [INFO] [Rank 2] Weights loaded.
2026-04-08 04:04:02 [INFO] [Rank 3] Weights loaded.
2026-04-08 04:04:07 [INFO] [Rank 1] Weights loaded.
2026-04-08 04:04:12 [INFO] [Rank 0] Loading weights...
2026-04-08 04:04:20 [INFO] [Rank 0] Weights loaded.
2026-04-08 04:11:18 [INFO] [Rank 2] Finished. Latency: 418604 ms
2026-04-08 04:11:18 [INFO] [Rank 1] Finished. Latency: 418604 ms
2026-04-08 04:11:18 [INFO] [Rank 0] Finished. Latency: 418604 ms
2026-04-08 04:11:18 [INFO] [Rank 3] Finished. Latency: 418612 ms
2026-04-08 04:11:22 [INFO] Total latency:     418604 ms
2026-04-08 04:11:22 [INFO] Peak 5GB memory:   7124 MB
2026-04-08 04:11:22 [INFO] Avg  5GB memory:   4024 MB
2026-04-08 04:11:22 [INFO] [14/98] Split [16, 8, 4, 4] | Batch: 64 | Microbatch: 2 | Microbatches: 32
2026-04-08 04:11:22 [INFO] Loading WikiText... (SEQ_LEN=64, BATCH=64)
2026-04-08 04:11:38 [INFO] [Rank 2] Loading weights...
2026-04-08 04:11:39 [INFO] [Rank 3] Loading weights...
2026-04-08 04:11:44 [INFO] [Rank 1] Loading weights...
2026-04-08 04:11:44 [INFO] [Rank 2] Weights loaded.
2026-04-08 04:11:45 [INFO] [Rank 3] Weights loaded.
2026-04-08 04:11:50 [INFO] [Rank 1] Weights loaded.
2026-04-08 04:11:56 [INFO] [Rank 0] Loading weights...
2026-04-08 04:12:03 [INFO] [Rank 0] Weights loaded.
2026-04-08 04:25:17 [INFO] [Rank 0] Finished. Latency: 793590 ms
2026-04-08 04:25:17 [INFO] [Rank 2] Finished. Latency: 793590 ms
2026-04-08 04:25:17 [INFO] [Rank 1] Finished. Latency: 793590 ms
2026-04-08 04:25:17 [INFO] [Rank 3] Finished. Latency: 793596 ms
2026-04-08 04:25:21 [INFO] Total latency:     793590 ms
2026-04-08 04:25:21 [INFO] Peak 5GB memory:   4820 MB
2026-04-08 04:25:21 [INFO] Avg  5GB memory:   3673 MB
2026-04-08 04:25:21 [INFO] [15/98] Split [17, 7, 4, 4] | Batch: 8 | Microbatch: 4 | Microbatches: 2
2026-04-08 04:25:21 [INFO] Loading WikiText... (SEQ_LEN=64, BATCH=8)
2026-04-08 04:25:36 [INFO] [Rank 2] Loading weights...
2026-04-08 04:25:37 [INFO] [Rank 3] Loading weights...
2026-04-08 04:25:40 [INFO] [Rank 1] Loading weights...
2026-04-08 04:25:42 [INFO] [Rank 2] Weights loaded.
2026-04-08 04:25:43 [INFO] [Rank 3] Weights loaded.
2026-04-08 04:25:47 [INFO] [Rank 1] Weights loaded.
2026-04-08 04:25:55 [INFO] [Rank 0] Loading weights...
2026-04-08 04:26:02 [INFO] [Rank 0] Weights loaded.
2026-04-08 04:26:57 [INFO] [Rank 1] Finished. Latency: 54012 ms
2026-04-08 04:26:57 [INFO] [Rank 2] Finished. Latency: 54012 ms
2026-04-08 04:26:57 [INFO] [Rank 0] Finished. Latency: 54012 ms
2026-04-08 04:26:57 [INFO] [Rank 3] Finished. Latency: 54020 ms
2026-04-08 04:27:00 [INFO] Total latency:     54012 ms
2026-04-08 04:27:00 [INFO] Peak 5GB memory:   2602 MB
2026-04-08 04:27:00 [INFO] Avg  5GB memory:   1900 MB
2026-04-08 04:27:00 [INFO] [16/98] Split [17, 7, 4, 4] | Batch: 8 | Microbatch: 2 | Microbatches: 4
2026-04-08 04:27:00 [INFO] Loading WikiText... (SEQ_LEN=64, BATCH=8)
2026-04-08 04:27:16 [INFO] [Rank 2] Loading weights...
2026-04-08 04:27:17 [INFO] [Rank 3] Loading weights...
2026-04-08 04:27:20 [INFO] [Rank 1] Loading weights...
2026-04-08 04:27:22 [INFO] [Rank 2] Weights loaded.
2026-04-08 04:27:23 [INFO] [Rank 3] Weights loaded.
2026-04-08 04:27:26 [INFO] [Rank 1] Weights loaded.
2026-04-08 04:27:35 [INFO] [Rank 0] Loading weights...
2026-04-08 04:27:42 [INFO] [Rank 0] Weights loaded.
2026-04-08 04:29:23 [INFO] [Rank 2] Finished. Latency: 100368 ms
2026-04-08 04:29:23 [INFO] [Rank 1] Finished. Latency: 100368 ms
2026-04-08 04:29:23 [INFO] [Rank 0] Finished. Latency: 100368 ms
2026-04-08 04:29:23 [INFO] [Rank 3] Finished. Latency: 100374 ms
2026-04-08 04:29:27 [INFO] Total latency:     100368 ms
2026-04-08 04:29:27 [INFO] Peak 5GB memory:   2404 MB
2026-04-08 04:29:27 [INFO] Avg  5GB memory:   1978 MB
2026-04-08 04:29:27 [INFO] [17/98] Split [17, 7, 4, 4] | Batch: 16 | Microbatch: 8 | Microbatches: 2
2026-04-08 04:29:27 [INFO] Loading WikiText... (SEQ_LEN=64, BATCH=16)
2026-04-08 04:29:42 [INFO] [Rank 2] Loading weights...
2026-04-08 04:29:43 [INFO] [Rank 3] Loading weights...
2026-04-08 04:29:47 [INFO] [Rank 1] Loading weights...
2026-04-08 04:29:48 [INFO] [Rank 2] Weights loaded.
2026-04-08 04:29:50 [INFO] [Rank 3] Weights loaded.
2026-04-08 04:29:53 [INFO] [Rank 1] Weights loaded.
2026-04-08 04:30:02 [INFO] [Rank 0] Loading weights...
2026-04-08 04:30:09 [INFO] [Rank 0] Weights loaded.
2026-04-08 04:31:09 [INFO] [Rank 2] Finished. Latency: 60118 ms
2026-04-08 04:31:09 [INFO] [Rank 1] Finished. Latency: 60118 ms
2026-04-08 04:31:09 [INFO] [Rank 0] Finished. Latency: 60118 ms
2026-04-08 04:31:09 [INFO] [Rank 3] Finished. Latency: 60128 ms
2026-04-08 04:31:13 [INFO] Total latency:     60118 ms
2026-04-08 04:31:13 [INFO] Peak 5GB memory:   6946 MB
2026-04-08 04:31:13 [INFO] Avg  5GB memory:   2884 MB
2026-04-08 04:31:13 [INFO] [18/98] Split [17, 7, 4, 4] | Batch: 16 | Microbatch: 4 | Microbatches: 4
2026-04-08 04:31:13 [INFO] Loading WikiText... (SEQ_LEN=64, BATCH=16)
2026-04-08 04:31:28 [INFO] [Rank 2] Loading weights...
2026-04-08 04:31:29 [INFO] [Rank 3] Loading weights...
2026-04-08 04:31:32 [INFO] [Rank 1] Loading weights...
2026-04-08 04:31:34 [INFO] [Rank 2] Weights loaded.
2026-04-08 04:31:35 [INFO] [Rank 3] Weights loaded.
2026-04-08 04:31:38 [INFO] [Rank 1] Weights loaded.
2026-04-08 04:31:47 [INFO] [Rank 0] Loading weights...
2026-04-08 04:31:54 [INFO] [Rank 0] Weights loaded.
2026-04-08 04:33:40 [INFO] [Rank 2] Finished. Latency: 105661 ms
2026-04-08 04:33:40 [INFO] [Rank 1] Finished. Latency: 105661 ms
2026-04-08 04:33:40 [INFO] [Rank 0] Finished. Latency: 105661 ms
2026-04-08 04:33:40 [INFO] [Rank 3] Finished. Latency: 105668 ms
2026-04-08 04:33:44 [INFO] Total latency:     105661 ms
2026-04-08 04:33:44 [INFO] Peak 5GB memory:   3202 MB
2026-04-08 04:33:44 [INFO] Avg  5GB memory:   2240 MB
2026-04-08 04:33:44 [INFO] [19/98] Split [17, 7, 4, 4] | Batch: 16 | Microbatch: 2 | Microbatches: 8
2026-04-08 04:33:44 [INFO] Loading WikiText... (SEQ_LEN=64, BATCH=16)
2026-04-08 04:33:59 [INFO] [Rank 2] Loading weights...
2026-04-08 04:34:00 [INFO] [Rank 3] Loading weights...
2026-04-08 04:34:03 [INFO] [Rank 1] Loading weights...
2026-04-08 04:34:05 [INFO] [Rank 2] Weights loaded.
2026-04-08 04:34:06 [INFO] [Rank 3] Weights loaded.
2026-04-08 04:34:10 [INFO] [Rank 1] Weights loaded.
2026-04-08 04:34:18 [INFO] [Rank 0] Loading weights...
2026-04-08 04:34:26 [INFO] [Rank 0] Weights loaded.
2026-04-08 04:37:44 [INFO] [Rank 2] Finished. Latency: 198514 ms
2026-04-08 04:37:44 [INFO] [Rank 0] Finished. Latency: 198514 ms
2026-04-08 04:37:44 [INFO] [Rank 1] Finished. Latency: 198514 ms
2026-04-08 04:37:44 [INFO] [Rank 3] Finished. Latency: 198520 ms
2026-04-08 04:37:48 [INFO] Total latency:     198514 ms
2026-04-08 04:37:48 [INFO] Peak 5GB memory:   2682 MB
2026-04-08 04:37:48 [INFO] Avg  5GB memory:   2256 MB
2026-04-08 04:37:48 [INFO] [20/98] Split [17, 7, 4, 4] | Batch: 32 | Microbatch: 16 | Microbatches: 2
2026-04-08 04:37:48 [INFO] Loading WikiText... (SEQ_LEN=64, BATCH=32)
2026-04-08 04:38:04 [INFO] [Rank 2] Loading weights...
2026-04-08 04:38:05 [INFO] [Rank 3] Loading weights...
2026-04-08 04:38:08 [INFO] [Rank 1] Loading weights...
2026-04-08 04:38:10 [INFO] [Rank 2] Weights loaded.
2026-04-08 04:38:11 [INFO] [Rank 3] Weights loaded.
2026-04-08 04:38:15 [INFO] [Rank 1] Weights loaded.
2026-04-08 04:38:23 [INFO] [Rank 0] Loading weights...
2026-04-08 04:38:30 [INFO] [Rank 0] Weights loaded.
2026-04-08 04:39:48 [INFO] [Rank 2] Finished. Latency: 77095 ms
2026-04-08 04:39:48 [INFO] [Rank 1] Finished. Latency: 77095 ms
2026-04-08 04:39:48 [INFO] [Rank 0] Finished. Latency: 77095 ms
2026-04-08 04:39:48 [INFO] [Rank 3] Finished. Latency: 77112 ms
2026-04-08 04:39:52 [INFO] Total latency:     77095 ms
2026-04-08 04:39:52 [INFO] Peak 5GB memory:   9338 MB
2026-04-08 04:39:52 [INFO] Avg  5GB memory:   4089 MB
2026-04-08 04:39:52 [INFO] [21/98] Split [17, 7, 4, 4] | Batch: 32 | Microbatch: 8 | Microbatches: 4
2026-04-08 04:39:52 [INFO] Loading WikiText... (SEQ_LEN=64, BATCH=32)
2026-04-08 04:40:06 [INFO] [Rank 2] Loading weights...
2026-04-08 04:40:07 [INFO] [Rank 3] Loading weights...
2026-04-08 04:40:10 [INFO] [Rank 1] Loading weights...
2026-04-08 04:40:12 [INFO] [Rank 2] Weights loaded.
2026-04-08 04:40:13 [INFO] [Rank 3] Weights loaded.
2026-04-08 04:40:17 [INFO] [Rank 1] Weights loaded.
2026-04-08 04:40:25 [INFO] [Rank 0] Loading weights...
2026-04-08 04:40:33 [INFO] [Rank 0] Weights loaded.
2026-04-08 04:42:32 [INFO] [Rank 2] Finished. Latency: 119228 ms
2026-04-08 04:42:32 [INFO] [Rank 1] Finished. Latency: 119228 ms
2026-04-08 04:42:32 [INFO] [Rank 0] Finished. Latency: 119228 ms
2026-04-08 04:42:32 [INFO] [Rank 3] Finished. Latency: 119239 ms
2026-04-08 04:42:36 [INFO] Total latency:     119228 ms
2026-04-08 04:42:36 [INFO] Peak 5GB memory:   9290 MB
2026-04-08 04:42:36 [INFO] Avg  5GB memory:   3833 MB
2026-04-08 04:42:36 [INFO] [22/98] Split [17, 7, 4, 4] | Batch: 32 | Microbatch: 4 | Microbatches: 8
2026-04-08 04:42:36 [INFO] Loading WikiText... (SEQ_LEN=64, BATCH=32)
2026-04-08 04:42:51 [INFO] [Rank 2] Loading weights...
2026-04-08 04:42:52 [INFO] [Rank 3] Loading weights...
2026-04-08 04:42:55 [INFO] [Rank 1] Loading weights...
2026-04-08 04:42:57 [INFO] [Rank 2] Weights loaded.
2026-04-08 04:42:58 [INFO] [Rank 3] Weights loaded.
2026-04-08 04:43:02 [INFO] [Rank 1] Weights loaded.
2026-04-08 04:43:10 [INFO] [Rank 0] Loading weights...
2026-04-08 04:43:18 [INFO] [Rank 0] Weights loaded.
2026-04-08 04:46:48 [INFO] [Rank 2] Finished. Latency: 210428 ms
2026-04-08 04:46:48 [INFO] [Rank 1] Finished. Latency: 210428 ms
2026-04-08 04:46:48 [INFO] [Rank 0] Finished. Latency: 210428 ms
2026-04-08 04:46:48 [INFO] [Rank 3] Finished. Latency: 210436 ms
2026-04-08 04:46:52 [INFO] Total latency:     210428 ms
2026-04-08 04:46:52 [INFO] Peak 5GB memory:   4542 MB
2026-04-08 04:46:52 [INFO] Avg  5GB memory:   2842 MB
2026-04-08 04:46:52 [INFO] [23/98] Split [17, 7, 4, 4] | Batch: 32 | Microbatch: 2 | Microbatches: 16
2026-04-08 04:46:52 [INFO] Loading WikiText... (SEQ_LEN=64, BATCH=32)
2026-04-08 04:47:08 [INFO] [Rank 2] Loading weights...
2026-04-08 04:47:08 [INFO] [Rank 3] Loading weights...
2026-04-08 04:47:12 [INFO] [Rank 1] Loading weights...
2026-04-08 04:47:14 [INFO] [Rank 2] Weights loaded.
2026-04-08 04:47:15 [INFO] [Rank 3] Weights loaded.
2026-04-08 04:47:18 [INFO] [Rank 1] Weights loaded.
2026-04-08 04:47:27 [INFO] [Rank 0] Loading weights...
2026-04-08 04:47:34 [INFO] [Rank 0] Weights loaded.
2026-04-08 04:54:11 [INFO] [Rank 2] Finished. Latency: 396383 ms
2026-04-08 04:54:11 [INFO] [Rank 0] Finished. Latency: 396383 ms
2026-04-08 04:54:11 [INFO] [Rank 1] Finished. Latency: 396383 ms
2026-04-08 04:54:11 [INFO] [Rank 3] Finished. Latency: 396389 ms
2026-04-08 04:54:15 [INFO] Total latency:     396383 ms
2026-04-08 04:54:15 [INFO] Peak 5GB memory:   3396 MB
2026-04-08 04:54:15 [INFO] Avg  5GB memory:   2742 MB
2026-04-08 04:54:15 [INFO] [24/98] Split [17, 7, 4, 4] | Batch: 64 | Microbatch: 32 | Microbatches: 2
2026-04-08 04:54:15 [INFO] Loading WikiText... (SEQ_LEN=64, BATCH=64)
2026-04-08 04:54:30 [INFO] [Rank 2] Loading weights...
2026-04-08 04:54:31 [INFO] [Rank 3] Loading weights...
2026-04-08 04:54:34 [INFO] [Rank 1] Loading weights...
2026-04-08 04:54:36 [INFO] [Rank 2] Weights loaded.
2026-04-08 04:54:37 [INFO] [Rank 3] Weights loaded.
2026-04-08 04:54:40 [INFO] [Rank 1] Weights loaded.
2026-04-08 04:54:49 [INFO] [Rank 0] Loading weights...
2026-04-08 04:54:56 [INFO] [Rank 0] Weights loaded.
2026-04-08 04:56:50 [INFO] [Rank 2] Finished. Latency: 113469 ms
2026-04-08 04:56:50 [INFO] [Rank 1] Finished. Latency: 113469 ms
2026-04-08 04:56:50 [INFO] [Rank 0] Finished. Latency: 113469 ms
2026-04-08 04:56:50 [INFO] [Rank 3] Finished. Latency: 113498 ms
2026-04-08 04:56:54 [INFO] Total latency:     113469 ms
2026-04-08 04:56:54 [INFO] Peak 5GB memory:   9684 MB
2026-04-08 04:56:54 [INFO] Avg  5GB memory:   4912 MB
2026-04-08 04:56:54 [INFO] [25/98] Split [17, 7, 4, 4] | Batch: 64 | Microbatch: 16 | Microbatches: 4
2026-04-08 04:56:54 [INFO] Loading WikiText... (SEQ_LEN=64, BATCH=64)
2026-04-08 04:57:09 [INFO] [Rank 2] Loading weights...
2026-04-08 04:57:10 [INFO] [Rank 3] Loading weights...
2026-04-08 04:57:13 [INFO] [Rank 1] Loading weights...
2026-04-08 04:57:15 [INFO] [Rank 2] Weights loaded.
2026-04-08 04:57:16 [INFO] [Rank 3] Weights loaded.
2026-04-08 04:57:20 [INFO] [Rank 1] Weights loaded.
2026-04-08 04:57:28 [INFO] [Rank 0] Loading weights...
2026-04-08 04:57:36 [INFO] [Rank 0] Weights loaded.
2026-04-08 05:00:09 [INFO] [Rank 2] Finished. Latency: 153403 ms
2026-04-08 05:00:09 [INFO] [Rank 1] Finished. Latency: 153403 ms
2026-04-08 05:00:09 [INFO] [Rank 0] Finished. Latency: 153403 ms
2026-04-08 05:00:09 [INFO] [Rank 3] Finished. Latency: 153420 ms
2026-04-08 05:00:13 [INFO] Total latency:     153403 ms
2026-04-08 05:00:13 [INFO] Peak 5GB memory:   9684 MB
2026-04-08 05:00:13 [INFO] Avg  5GB memory:   5276 MB
2026-04-08 05:00:13 [INFO] [26/98] Split [17, 7, 4, 4] | Batch: 64 | Microbatch: 8 | Microbatches: 8
2026-04-08 05:00:13 [INFO] Loading WikiText... (SEQ_LEN=64, BATCH=64)
2026-04-08 05:00:28 [INFO] [Rank 2] Loading weights...
2026-04-08 05:00:29 [INFO] [Rank 3] Loading weights...
2026-04-08 05:00:32 [INFO] [Rank 1] Loading weights...
2026-04-08 05:00:34 [INFO] [Rank 2] Weights loaded.
2026-04-08 05:00:35 [INFO] [Rank 3] Weights loaded.
2026-04-08 05:00:38 [INFO] [Rank 1] Weights loaded.
2026-04-08 05:00:47 [INFO] [Rank 0] Loading weights...
2026-04-08 05:00:54 [INFO] [Rank 0] Weights loaded.
2026-04-08 05:04:52 [INFO] [Rank 1] Finished. Latency: 237592 ms
2026-04-08 05:04:52 [INFO] [Rank 2] Finished. Latency: 237592 ms
2026-04-08 05:04:52 [INFO] [Rank 0] Finished. Latency: 237592 ms
2026-04-08 05:04:52 [INFO] [Rank 3] Finished. Latency: 237603 ms
2026-04-08 05:04:56 [INFO] Total latency:     237592 ms
2026-04-08 05:04:56 [INFO] Peak 5GB memory:   9154 MB
2026-04-08 05:04:56 [INFO] Avg  5GB memory:   4886 MB
2026-04-08 05:04:56 [INFO] [27/98] Split [17, 7, 4, 4] | Batch: 64 | Microbatch: 4 | Microbatches: 16
2026-04-08 05:04:56 [INFO] Loading WikiText... (SEQ_LEN=64, BATCH=64)
2026-04-08 05:05:11 [INFO] [Rank 2] Loading weights...
2026-04-08 05:05:12 [INFO] [Rank 3] Loading weights...
2026-04-08 05:05:15 [INFO] [Rank 1] Loading weights...
2026-04-08 05:05:17 [INFO] [Rank 2] Weights loaded.
2026-04-08 05:05:18 [INFO] [Rank 3] Weights loaded.
2026-04-08 05:05:22 [INFO] [Rank 1] Weights loaded.
2026-04-08 05:05:30 [INFO] [Rank 0] Loading weights...
2026-04-08 05:05:37 [INFO] [Rank 0] Weights loaded.
2026-04-08 05:12:35 [INFO] [Rank 2] Finished. Latency: 417691 ms
2026-04-08 05:12:35 [INFO] [Rank 0] Finished. Latency: 417692 ms
2026-04-08 05:12:35 [INFO] [Rank 1] Finished. Latency: 417692 ms
2026-04-08 05:12:35 [INFO] [Rank 3] Finished. Latency: 417699 ms
2026-04-08 05:12:39 [INFO] Total latency:     417692 ms
2026-04-08 05:12:39 [INFO] Peak 5GB memory:   7124 MB
2026-04-08 05:12:39 [INFO] Avg  5GB memory:   4012 MB
2026-04-08 05:12:39 [INFO] [28/98] Split [17, 7, 4, 4] | Batch: 64 | Microbatch: 2 | Microbatches: 32
2026-04-08 05:12:39 [INFO] Loading WikiText... (SEQ_LEN=64, BATCH=64)
2026-04-08 05:12:55 [INFO] [Rank 2] Loading weights...
2026-04-08 05:12:56 [INFO] [Rank 3] Loading weights...
2026-04-08 05:13:00 [INFO] [Rank 1] Loading weights...
2026-04-08 05:13:02 [INFO] [Rank 2] Weights loaded.
2026-04-08 05:13:03 [INFO] [Rank 3] Weights loaded.
2026-04-08 05:13:06 [INFO] [Rank 1] Weights loaded.
2026-04-08 05:13:15 [INFO] [Rank 0] Loading weights...
2026-04-08 05:13:22 [INFO] [Rank 0] Weights loaded.
2026-04-08 05:26:34 [INFO] [Rank 2] Finished. Latency: 791708 ms
2026-04-08 05:26:34 [INFO] [Rank 0] Finished. Latency: 791708 ms
2026-04-08 05:26:34 [INFO] [Rank 1] Finished. Latency: 791708 ms
2026-04-08 05:26:34 [INFO] [Rank 3] Finished. Latency: 791714 ms
2026-04-08 05:26:38 [INFO] Total latency:     791708 ms
2026-04-08 05:26:38 [INFO] Peak 5GB memory:   4820 MB
2026-04-08 05:26:38 [INFO] Avg  5GB memory:   3669 MB
2026-04-08 05:26:38 [INFO] [29/98] Split [17, 8, 4, 3] | Batch: 8 | Microbatch: 4 | Microbatches: 2
2026-04-08 05:26:38 [INFO] Loading WikiText... (SEQ_LEN=64, BATCH=8)
2026-04-08 05:26:53 [INFO] [Rank 3] Loading weights...
2026-04-08 05:26:53 [INFO] [Rank 2] Loading weights...
2026-04-08 05:26:59 [INFO] [Rank 3] Weights loaded.
2026-04-08 05:26:59 [INFO] [Rank 1] Loading weights...
2026-04-08 05:27:00 [INFO] [Rank 2] Weights loaded.
2026-04-08 05:27:06 [INFO] [Rank 1] Weights loaded.
2026-04-08 05:27:13 [INFO] [Rank 0] Loading weights...
2026-04-08 05:27:20 [INFO] [Rank 0] Weights loaded.
2026-04-08 05:28:12 [INFO] [Rank 2] Finished. Latency: 52435 ms
2026-04-08 05:28:12 [INFO] [Rank 1] Finished. Latency: 52435 ms
2026-04-08 05:28:12 [INFO] [Rank 0] Finished. Latency: 52435 ms
2026-04-08 05:28:12 [INFO] [Rank 3] Finished. Latency: 52441 ms
2026-04-08 05:28:16 [INFO] Total latency:     52435 ms
2026-04-08 05:28:16 [INFO] Peak 5GB memory:   2056 MB
2026-04-08 05:28:16 [INFO] Avg  5GB memory:   1536 MB
2026-04-08 05:28:16 [INFO] [30/98] Split [17, 8, 4, 3] | Batch: 8 | Microbatch: 2 | Microbatches: 4
2026-04-08 05:28:16 [INFO] Loading WikiText... (SEQ_LEN=64, BATCH=8)
2026-04-08 05:28:31 [INFO] [Rank 3] Loading weights...
2026-04-08 05:28:31 [INFO] [Rank 2] Loading weights...
2026-04-08 05:28:37 [INFO] [Rank 3] Weights loaded.
2026-04-08 05:28:37 [INFO] [Rank 1] Loading weights...
2026-04-08 05:28:38 [INFO] [Rank 2] Weights loaded.
2026-04-08 05:28:44 [INFO] [Rank 1] Weights loaded.
2026-04-08 05:28:51 [INFO] [Rank 0] Loading weights...
2026-04-08 05:28:58 [INFO] [Rank 0] Weights loaded.
2026-04-08 05:30:36 [INFO] [Rank 2] Finished. Latency: 98092 ms
2026-04-08 05:30:36 [INFO] [Rank 1] Finished. Latency: 98092 ms
2026-04-08 05:30:36 [INFO] [Rank 0] Finished. Latency: 98092 ms
2026-04-08 05:30:36 [INFO] [Rank 3] Finished. Latency: 98097 ms
2026-04-08 05:30:40 [INFO] Total latency:     98092 ms
2026-04-08 05:30:40 [INFO] Peak 5GB memory:   2018 MB
2026-04-08 05:30:40 [INFO] Avg  5GB memory:   1595 MB
2026-04-08 05:30:40 [INFO] [31/98] Split [17, 8, 4, 3] | Batch: 16 | Microbatch: 8 | Microbatches: 2
2026-04-08 05:30:40 [INFO] Loading WikiText... (SEQ_LEN=64, BATCH=16)
2026-04-08 05:30:55 [INFO] [Rank 3] Loading weights...
2026-04-08 05:30:55 [INFO] [Rank 2] Loading weights...
2026-04-08 05:31:01 [INFO] [Rank 3] Weights loaded.
2026-04-08 05:31:01 [INFO] [Rank 1] Loading weights...
2026-04-08 05:31:02 [INFO] [Rank 2] Weights loaded.
2026-04-08 05:31:07 [INFO] [Rank 1] Weights loaded.
2026-04-08 05:31:15 [INFO] [Rank 0] Loading weights...
2026-04-08 05:31:22 [INFO] [Rank 0] Weights loaded.
2026-04-08 05:32:21 [INFO] [Rank 2] Finished. Latency: 58577 ms
2026-04-08 05:32:21 [INFO] [Rank 1] Finished. Latency: 58577 ms
2026-04-08 05:32:21 [INFO] [Rank 0] Finished. Latency: 58577 ms
2026-04-08 05:32:21 [INFO] [Rank 3] Finished. Latency: 58585 ms
2026-04-08 05:32:25 [INFO] Total latency:     58577 ms
2026-04-08 05:32:25 [INFO] Peak 5GB memory:   5372 MB
2026-04-08 05:32:25 [INFO] Avg  5GB memory:   2298 MB
2026-04-08 05:32:25 [INFO] [32/98] Split [17, 8, 4, 3] | Batch: 16 | Microbatch: 4 | Microbatches: 4
2026-04-08 05:32:25 [INFO] Loading WikiText... (SEQ_LEN=64, BATCH=16)
2026-04-08 05:32:39 [INFO] [Rank 3] Loading weights...
2026-04-08 05:32:39 [INFO] [Rank 2] Loading weights...
2026-04-08 05:32:45 [INFO] [Rank 1] Loading weights...
2026-04-08 05:32:45 [INFO] [Rank 3] Weights loaded.
2026-04-08 05:32:46 [INFO] [Rank 2] Weights loaded.
2026-04-08 05:32:51 [INFO] [Rank 1] Weights loaded.
2026-04-08 05:32:59 [INFO] [Rank 0] Loading weights...
2026-04-08 05:33:06 [INFO] [Rank 0] Weights loaded.
2026-04-08 05:34:49 [INFO] [Rank 1] Finished. Latency: 102582 ms
2026-04-08 05:34:49 [INFO] [Rank 2] Finished. Latency: 102582 ms
2026-04-08 05:34:49 [INFO] [Rank 0] Finished. Latency: 102582 ms
2026-04-08 05:34:49 [INFO] [Rank 3] Finished. Latency: 102588 ms
2026-04-08 05:34:53 [INFO] Total latency:     102582 ms
2026-04-08 05:34:53 [INFO] Peak 5GB memory:   2536 MB
2026-04-08 05:34:53 [INFO] Avg  5GB memory:   1784 MB
2026-04-08 05:34:53 [INFO] [33/98] Split [17, 8, 4, 3] | Batch: 16 | Microbatch: 2 | Microbatches: 8
2026-04-08 05:34:53 [INFO] Loading WikiText... (SEQ_LEN=64, BATCH=16)
2026-04-08 05:35:07 [INFO] [Rank 3] Loading weights...
2026-04-08 05:35:08 [INFO] [Rank 2] Loading weights...
2026-04-08 05:35:13 [INFO] [Rank 3] Weights loaded.
2026-04-08 05:35:14 [INFO] [Rank 1] Loading weights...
2026-04-08 05:35:14 [INFO] [Rank 2] Weights loaded.
2026-04-08 05:35:20 [INFO] [Rank 1] Weights loaded.
2026-04-08 05:35:27 [INFO] [Rank 0] Loading weights...
2026-04-08 05:35:34 [INFO] [Rank 0] Weights loaded.
2026-04-08 05:38:50 [INFO] [Rank 1] Finished. Latency: 195589 ms
2026-04-08 05:38:50 [INFO] [Rank 2] Finished. Latency: 195589 ms
2026-04-08 05:38:50 [INFO] [Rank 0] Finished. Latency: 195589 ms
2026-04-08 05:38:50 [INFO] [Rank 3] Finished. Latency: 195594 ms
2026-04-08 05:38:54 [INFO] Total latency:     195589 ms
2026-04-08 05:38:54 [INFO] Peak 5GB memory:   2120 MB
2026-04-08 05:38:54 [INFO] Avg  5GB memory:   1797 MB
2026-04-08 05:38:54 [INFO] [34/98] Split [17, 8, 4, 3] | Batch: 32 | Microbatch: 16 | Microbatches: 2
2026-04-08 05:38:54 [INFO] Loading WikiText... (SEQ_LEN=64, BATCH=32)
2026-04-08 05:39:09 [INFO] [Rank 3] Loading weights...
2026-04-08 05:39:09 [INFO] [Rank 2] Loading weights...
2026-04-08 05:39:15 [INFO] [Rank 3] Weights loaded.
2026-04-08 05:39:15 [INFO] [Rank 1] Loading weights...
2026-04-08 05:39:16 [INFO] [Rank 2] Weights loaded.
2026-04-08 05:39:22 [INFO] [Rank 1] Weights loaded.
2026-04-08 05:39:29 [INFO] [Rank 0] Loading weights...
2026-04-08 05:39:36 [INFO] [Rank 0] Weights loaded.
2026-04-08 05:40:51 [INFO] [Rank 2] Finished. Latency: 75093 ms
2026-04-08 05:40:51 [INFO] [Rank 1] Finished. Latency: 75093 ms
2026-04-08 05:40:51 [INFO] [Rank 0] Finished. Latency: 75093 ms
2026-04-08 05:40:51 [INFO] [Rank 3] Finished. Latency: 75106 ms
2026-04-08 05:40:55 [INFO] Total latency:     75093 ms
2026-04-08 05:40:55 [INFO] Peak 5GB memory:   9502 MB
2026-04-08 05:40:55 [INFO] Avg  5GB memory:   3666 MB
2026-04-08 05:40:55 [INFO] [35/98] Split [17, 8, 4, 3] | Batch: 32 | Microbatch: 8 | Microbatches: 4
2026-04-08 05:40:55 [INFO] Loading WikiText... (SEQ_LEN=64, BATCH=32)
2026-04-08 05:41:10 [INFO] [Rank 3] Loading weights...
2026-04-08 05:41:10 [INFO] [Rank 2] Loading weights...
2026-04-08 05:41:16 [INFO] [Rank 3] Weights loaded.
2026-04-08 05:41:16 [INFO] [Rank 1] Loading weights...
2026-04-08 05:41:17 [INFO] [Rank 2] Weights loaded.
2026-04-08 05:41:23 [INFO] [Rank 1] Weights loaded.
2026-04-08 05:41:30 [INFO] [Rank 0] Loading weights...
2026-04-08 05:41:37 [INFO] [Rank 0] Weights loaded.
2026-04-08 05:43:34 [INFO] [Rank 1] Finished. Latency: 116839 ms
2026-04-08 05:43:34 [INFO] [Rank 2] Finished. Latency: 116839 ms
2026-04-08 05:43:34 [INFO] [Rank 0] Finished. Latency: 116839 ms
2026-04-08 05:43:34 [INFO] [Rank 3] Finished. Latency: 116847 ms
2026-04-08 05:43:38 [INFO] Total latency:     116839 ms
2026-04-08 05:43:38 [INFO] Peak 5GB memory:   8896 MB
2026-04-08 05:43:38 [INFO] Avg  5GB memory:   3542 MB
2026-04-08 05:43:38 [INFO] [36/98] Split [17, 8, 4, 3] | Batch: 32 | Microbatch: 4 | Microbatches: 8
2026-04-08 05:43:38 [INFO] Loading WikiText... (SEQ_LEN=64, BATCH=32)
2026-04-08 05:43:53 [INFO] [Rank 3] Loading weights...
2026-04-08 05:43:53 [INFO] [Rank 2] Loading weights...
2026-04-08 05:43:59 [INFO] [Rank 3] Weights loaded.
2026-04-08 05:43:59 [INFO] [Rank 1] Loading weights...
2026-04-08 05:43:59 [INFO] [Rank 2] Weights loaded.
2026-04-08 05:44:05 [INFO] [Rank 1] Weights loaded.
2026-04-08 05:44:13 [INFO] [Rank 0] Loading weights...
2026-04-08 05:44:20 [INFO] [Rank 0] Weights loaded.
2026-04-08 05:47:45 [INFO] [Rank 1] Finished. Latency: 204845 ms
2026-04-08 05:47:45 [INFO] [Rank 2] Finished. Latency: 204845 ms
2026-04-08 05:47:45 [INFO] [Rank 0] Finished. Latency: 204845 ms
2026-04-08 05:47:45 [INFO] [Rank 3] Finished. Latency: 204851 ms
2026-04-08 05:47:49 [INFO] Total latency:     204845 ms
2026-04-08 05:47:49 [INFO] Peak 5GB memory:   3516 MB
2026-04-08 05:47:49 [INFO] Avg  5GB memory:   2238 MB
2026-04-08 05:47:49 [INFO] [37/98] Split [17, 8, 4, 3] | Batch: 32 | Microbatch: 2 | Microbatches: 16
2026-04-08 05:47:49 [INFO] Loading WikiText... (SEQ_LEN=64, BATCH=32)
2026-04-08 05:48:04 [INFO] [Rank 3] Loading weights...
2026-04-08 05:48:05 [INFO] [Rank 2] Loading weights...
2026-04-08 05:48:10 [INFO] [Rank 3] Weights loaded.
2026-04-08 05:48:11 [INFO] [Rank 1] Loading weights...
2026-04-08 05:48:11 [INFO] [Rank 2] Weights loaded.
2026-04-08 05:48:17 [INFO] [Rank 1] Weights loaded.
2026-04-08 05:48:24 [INFO] [Rank 0] Loading weights...
2026-04-08 05:48:31 [INFO] [Rank 0] Weights loaded.
2026-04-08 05:55:02 [INFO] [Rank 1] Finished. Latency: 390583 ms
2026-04-08 05:55:02 [INFO] [Rank 2] Finished. Latency: 390583 ms
2026-04-08 05:55:02 [INFO] [Rank 0] Finished. Latency: 390583 ms
2026-04-08 05:55:02 [INFO] [Rank 3] Finished. Latency: 390587 ms
2026-04-08 05:55:06 [INFO] Total latency:     390583 ms
2026-04-08 05:55:06 [INFO] Peak 5GB memory:   2658 MB
2026-04-08 05:55:06 [INFO] Avg  5GB memory:   2168 MB
2026-04-08 05:55:06 [INFO] [38/98] Split [17, 8, 4, 3] | Batch: 64 | Microbatch: 32 | Microbatches: 2
2026-04-08 05:55:06 [INFO] Loading WikiText... (SEQ_LEN=64, BATCH=64)
2026-04-08 05:55:21 [INFO] [Rank 3] Loading weights...
2026-04-08 05:55:22 [INFO] [Rank 2] Loading weights...
2026-04-08 05:55:27 [INFO] [Rank 3] Weights loaded.
2026-04-08 05:55:27 [INFO] [Rank 1] Loading weights...
2026-04-08 05:55:28 [INFO] [Rank 2] Weights loaded.
2026-04-08 05:55:34 [INFO] [Rank 1] Weights loaded.
2026-04-08 05:55:41 [INFO] [Rank 0] Loading weights...
2026-04-08 05:55:48 [INFO] [Rank 0] Weights loaded.
2026-04-08 05:57:39 [INFO] [Rank 2] Finished. Latency: 111043 ms
2026-04-08 05:57:39 [INFO] [Rank 1] Finished. Latency: 111043 ms
2026-04-08 05:57:39 [INFO] [Rank 0] Finished. Latency: 111043 ms
2026-04-08 05:57:39 [INFO] [Rank 3] Finished. Latency: 111065 ms
2026-04-08 05:57:43 [INFO] Total latency:     111043 ms
2026-04-08 05:57:43 [INFO] Peak 5GB memory:   9674 MB
2026-04-08 05:57:43 [INFO] Avg  5GB memory:   4485 MB
2026-04-08 05:57:43 [INFO] [39/98] Split [17, 8, 4, 3] | Batch: 64 | Microbatch: 16 | Microbatches: 4
2026-04-08 05:57:43 [INFO] Loading WikiText... (SEQ_LEN=64, BATCH=64)
2026-04-08 05:57:58 [INFO] [Rank 3] Loading weights...
2026-04-08 05:57:58 [INFO] [Rank 2] Loading weights...
2026-04-08 05:58:04 [INFO] [Rank 3] Weights loaded.
2026-04-08 05:58:04 [INFO] [Rank 1] Loading weights...
2026-04-08 05:58:05 [INFO] [Rank 2] Weights loaded.
2026-04-08 05:58:11 [INFO] [Rank 1] Weights loaded.
2026-04-08 05:58:18 [INFO] [Rank 0] Loading weights...
2026-04-08 05:58:25 [INFO] [Rank 0] Weights loaded.
2026-04-08 06:00:55 [INFO] [Rank 2] Finished. Latency: 149451 ms
2026-04-08 06:00:55 [INFO] [Rank 1] Finished. Latency: 149451 ms
2026-04-08 06:00:55 [INFO] [Rank 0] Finished. Latency: 149451 ms
2026-04-08 06:00:55 [INFO] [Rank 3] Finished. Latency: 149464 ms
2026-04-08 06:00:59 [INFO] Total latency:     149451 ms
2026-04-08 06:00:59 [INFO] Peak 5GB memory:   9110 MB
2026-04-08 06:00:59 [INFO] Avg  5GB memory:   4412 MB
2026-04-08 06:00:59 [INFO] [40/98] Split [17, 8, 4, 3] | Batch: 64 | Microbatch: 8 | Microbatches: 8
2026-04-08 06:00:59 [INFO] Loading WikiText... (SEQ_LEN=64, BATCH=64)
2026-04-08 06:01:14 [INFO] [Rank 3] Loading weights...
2026-04-08 06:01:14 [INFO] [Rank 2] Loading weights...
2026-04-08 06:01:20 [INFO] [Rank 1] Loading weights...
2026-04-08 06:01:20 [INFO] [Rank 3] Weights loaded.
2026-04-08 06:01:20 [INFO] [Rank 2] Weights loaded.
2026-04-08 06:01:26 [INFO] [Rank 1] Weights loaded.
2026-04-08 06:01:34 [INFO] [Rank 0] Loading weights...
2026-04-08 06:01:41 [INFO] [Rank 0] Weights loaded.
2026-04-08 06:05:33 [INFO] [Rank 2] Finished. Latency: 231640 ms
2026-04-08 06:05:33 [INFO] [Rank 1] Finished. Latency: 231640 ms
2026-04-08 06:05:33 [INFO] [Rank 0] Finished. Latency: 231640 ms
2026-04-08 06:05:33 [INFO] [Rank 3] Finished. Latency: 231648 ms
2026-04-08 06:05:37 [INFO] Total latency:     231640 ms
2026-04-08 06:05:37 [INFO] Peak 5GB memory:   9518 MB
2026-04-08 06:05:37 [INFO] Avg  5GB memory:   4576 MB
2026-04-08 06:05:37 [INFO] [41/98] Split [17, 8, 4, 3] | Batch: 64 | Microbatch: 4 | Microbatches: 16
2026-04-08 06:05:37 [INFO] Loading WikiText... (SEQ_LEN=64, BATCH=64)
2026-04-08 06:05:52 [INFO] [Rank 3] Loading weights...
2026-04-08 06:05:52 [INFO] [Rank 2] Loading weights...
2026-04-08 06:05:58 [INFO] [Rank 1] Loading weights...
2026-04-08 06:05:58 [INFO] [Rank 3] Weights loaded.
2026-04-08 06:05:58 [INFO] [Rank 2] Weights loaded.
2026-04-08 06:06:04 [INFO] [Rank 1] Weights loaded.
2026-04-08 06:06:12 [INFO] [Rank 0] Loading weights...
2026-04-08 06:06:19 [INFO] [Rank 0] Weights loaded.
2026-04-08 06:13:08 [INFO] [Rank 2] Finished. Latency: 408918 ms
2026-04-08 06:13:08 [INFO] [Rank 1] Finished. Latency: 408918 ms
2026-04-08 06:13:08 [INFO] [Rank 0] Finished. Latency: 408918 ms
2026-04-08 06:13:08 [INFO] [Rank 3] Finished. Latency: 408923 ms
2026-04-08 06:13:12 [INFO] Total latency:     408918 ms
2026-04-08 06:13:12 [INFO] Peak 5GB memory:   5458 MB
2026-04-08 06:13:12 [INFO] Avg  5GB memory:   3116 MB
2026-04-08 06:13:12 [INFO] [42/98] Split [17, 8, 4, 3] | Batch: 64 | Microbatch: 2 | Microbatches: 32
2026-04-08 06:13:12 [INFO] Loading WikiText... (SEQ_LEN=64, BATCH=64)
2026-04-08 06:13:27 [INFO] [Rank 3] Loading weights...
2026-04-08 06:13:28 [INFO] [Rank 2] Loading weights...
2026-04-08 06:13:33 [INFO] [Rank 1] Loading weights...
2026-04-08 06:13:34 [INFO] [Rank 3] Weights loaded.
2026-04-08 06:13:34 [INFO] [Rank 2] Weights loaded.
2026-04-08 06:13:40 [INFO] [Rank 1] Weights loaded.
2026-04-08 06:13:47 [INFO] [Rank 0] Loading weights...
2026-04-08 06:13:54 [INFO] [Rank 0] Weights loaded.
2026-04-08 06:26:47 [INFO] [Rank 0] Finished. Latency: 772210 ms
2026-04-08 06:26:47 [INFO] [Rank 2] Finished. Latency: 772210 ms
2026-04-08 06:26:47 [INFO] [Rank 1] Finished. Latency: 772210 ms
2026-04-08 06:26:47 [INFO] [Rank 3] Finished. Latency: 772213 ms
2026-04-08 06:26:51 [INFO] Total latency:     772210 ms
2026-04-08 06:26:51 [INFO] Peak 5GB memory:   3730 MB
2026-04-08 06:26:51 [INFO] Avg  5GB memory:   2864 MB
2026-04-08 06:26:51 [INFO] [43/98] Split [18, 6, 4, 4] | Batch: 8 | Microbatch: 4 | Microbatches: 2
2026-04-08 06:26:51 [INFO] Loading WikiText... (SEQ_LEN=64, BATCH=8)
2026-04-08 06:27:06 [INFO] [Rank 2] Loading weights...
2026-04-08 06:27:07 [INFO] [Rank 3] Loading weights...
2026-04-08 06:27:09 [INFO] [Rank 1] Loading weights...
2026-04-08 06:27:13 [INFO] [Rank 2] Weights loaded.
2026-04-08 06:27:13 [INFO] [Rank 3] Weights loaded.
2026-04-08 06:27:16 [INFO] [Rank 1] Weights loaded.
2026-04-08 06:27:27 [INFO] [Rank 0] Loading weights...
2026-04-08 06:27:34 [INFO] [Rank 0] Weights loaded.
2026-04-08 06:28:27 [INFO] [Rank 2] Finished. Latency: 52875 ms
2026-04-08 06:28:27 [INFO] [Rank 1] Finished. Latency: 52875 ms
2026-04-08 06:28:27 [INFO] [Rank 0] Finished. Latency: 52875 ms
2026-04-08 06:28:27 [INFO] [Rank 3] Finished. Latency: 52883 ms
2026-04-08 06:28:31 [INFO] Total latency:     52875 ms
2026-04-08 06:28:31 [INFO] Peak 5GB memory:   2602 MB
2026-04-08 06:28:31 [INFO] Avg  5GB memory:   1894 MB
2026-04-08 06:28:31 [INFO] [44/98] Split [18, 6, 4, 4] | Batch: 8 | Microbatch: 2 | Microbatches: 4
2026-04-08 06:28:31 [INFO] Loading WikiText... (SEQ_LEN=64, BATCH=8)
2026-04-08 06:28:46 [INFO] [Rank 2] Loading weights...
2026-04-08 06:28:47 [INFO] [Rank 3] Loading weights...
2026-04-08 06:28:49 [INFO] [Rank 1] Loading weights...
2026-04-08 06:28:53 [INFO] [Rank 2] Weights loaded.
2026-04-08 06:28:54 [INFO] [Rank 3] Weights loaded.
2026-04-08 06:28:55 [INFO] [Rank 1] Weights loaded.
2026-04-08 06:29:07 [INFO] [Rank 0] Loading weights...
2026-04-08 06:29:14 [INFO] [Rank 0] Weights loaded.
2026-04-08 06:30:54 [INFO] [Rank 1] Finished. Latency: 99431 ms
2026-04-08 06:30:54 [INFO] [Rank 0] Finished. Latency: 99431 ms
2026-04-08 06:30:54 [INFO] [Rank 2] Finished. Latency: 99431 ms
2026-04-08 06:30:54 [INFO] [Rank 3] Finished. Latency: 99437 ms
2026-04-08 06:30:58 [INFO] Total latency:     99431 ms
2026-04-08 06:30:58 [INFO] Peak 5GB memory:   2404 MB
2026-04-08 06:30:58 [INFO] Avg  5GB memory:   1983 MB
2026-04-08 06:30:58 [INFO] [45/98] Split [18, 6, 4, 4] | Batch: 16 | Microbatch: 8 | Microbatches: 2
2026-04-08 06:30:58 [INFO] Loading WikiText... (SEQ_LEN=64, BATCH=16)
2026-04-08 06:31:12 [INFO] [Rank 2] Loading weights...
2026-04-08 06:31:13 [INFO] [Rank 3] Loading weights...
2026-04-08 06:31:15 [INFO] [Rank 1] Loading weights...
2026-04-08 06:31:18 [INFO] [Rank 2] Weights loaded.
2026-04-08 06:31:19 [INFO] [Rank 3] Weights loaded.
2026-04-08 06:31:21 [INFO] [Rank 1] Weights loaded.
2026-04-08 06:31:33 [INFO] [Rank 0] Loading weights...
2026-04-08 06:31:40 [INFO] [Rank 0] Weights loaded.
2026-04-08 06:32:40 [INFO] [Rank 2] Finished. Latency: 59540 ms
2026-04-08 06:32:40 [INFO] [Rank 1] Finished. Latency: 59540 ms
2026-04-08 06:32:40 [INFO] [Rank 0] Finished. Latency: 59540 ms
2026-04-08 06:32:40 [INFO] [Rank 3] Finished. Latency: 59551 ms
2026-04-08 06:32:44 [INFO] Total latency:     59540 ms
2026-04-08 06:32:44 [INFO] Peak 5GB memory:   6946 MB
2026-04-08 06:32:44 [INFO] Avg  5GB memory:   2911 MB
2026-04-08 06:32:44 [INFO] [46/98] Split [18, 6, 4, 4] | Batch: 16 | Microbatch: 4 | Microbatches: 4
2026-04-08 06:32:44 [INFO] Loading WikiText... (SEQ_LEN=64, BATCH=16)
2026-04-08 06:32:59 [INFO] [Rank 2] Loading weights...
2026-04-08 06:33:00 [INFO] [Rank 3] Loading weights...
2026-04-08 06:33:02 [INFO] [Rank 1] Loading weights...
2026-04-08 06:33:05 [INFO] [Rank 2] Weights loaded.
2026-04-08 06:33:06 [INFO] [Rank 3] Weights loaded.
2026-04-08 06:33:08 [INFO] [Rank 1] Weights loaded.
2026-04-08 06:33:20 [INFO] [Rank 0] Loading weights...
2026-04-08 06:33:27 [INFO] [Rank 0] Weights loaded.
2026-04-08 06:35:13 [INFO] [Rank 1] Finished. Latency: 105545 ms
2026-04-08 06:35:13 [INFO] [Rank 2] Finished. Latency: 105545 ms
2026-04-08 06:35:13 [INFO] [Rank 0] Finished. Latency: 105545 ms
2026-04-08 06:35:13 [INFO] [Rank 3] Finished. Latency: 105553 ms
2026-04-08 06:35:17 [INFO] Total latency:     105545 ms
2026-04-08 06:35:17 [INFO] Peak 5GB memory:   3202 MB
2026-04-08 06:35:17 [INFO] Avg  5GB memory:   2223 MB
2026-04-08 06:35:17 [INFO] [47/98] Split [18, 6, 4, 4] | Batch: 16 | Microbatch: 2 | Microbatches: 8
2026-04-08 06:35:17 [INFO] Loading WikiText... (SEQ_LEN=64, BATCH=16)
2026-04-08 06:35:31 [INFO] [Rank 2] Loading weights...
2026-04-08 06:35:32 [INFO] [Rank 3] Loading weights...
2026-04-08 06:35:34 [INFO] [Rank 1] Loading weights...
2026-04-08 06:35:38 [INFO] [Rank 2] Weights loaded.
2026-04-08 06:35:38 [INFO] [Rank 3] Weights loaded.
2026-04-08 06:35:41 [INFO] [Rank 1] Weights loaded.
2026-04-08 06:35:52 [INFO] [Rank 0] Loading weights...
2026-04-08 06:35:59 [INFO] [Rank 0] Weights loaded.
2026-04-08 06:39:16 [INFO] [Rank 2] Finished. Latency: 196870 ms
2026-04-08 06:39:16 [INFO] [Rank 0] Finished. Latency: 196870 ms
2026-04-08 06:39:16 [INFO] [Rank 1] Finished. Latency: 196870 ms
2026-04-08 06:39:16 [INFO] [Rank 3] Finished. Latency: 196876 ms
2026-04-08 06:39:20 [INFO] Total latency:     196870 ms
2026-04-08 06:39:20 [INFO] Peak 5GB memory:   2682 MB
2026-04-08 06:39:20 [INFO] Avg  5GB memory:   2257 MB
2026-04-08 06:39:20 [INFO] [48/98] Split [18, 6, 4, 4] | Batch: 32 | Microbatch: 16 | Microbatches: 2
2026-04-08 06:39:20 [INFO] Loading WikiText... (SEQ_LEN=64, BATCH=32)
2026-04-08 06:39:36 [INFO] [Rank 2] Loading weights...
2026-04-08 06:39:37 [INFO] [Rank 3] Loading weights...
2026-04-08 06:39:39 [INFO] [Rank 1] Loading weights...
2026-04-08 06:39:42 [INFO] [Rank 2] Weights loaded.
2026-04-08 06:39:43 [INFO] [Rank 3] Weights loaded.
2026-04-08 06:39:45 [INFO] [Rank 1] Weights loaded.
2026-04-08 06:39:56 [INFO] [Rank 0] Loading weights...
2026-04-08 06:40:04 [INFO] [Rank 0] Weights loaded.
2026-04-08 06:41:20 [INFO] [Rank 2] Finished. Latency: 75940 ms
2026-04-08 06:41:20 [INFO] [Rank 1] Finished. Latency: 75940 ms
2026-04-08 06:41:20 [INFO] [Rank 0] Finished. Latency: 75940 ms
2026-04-08 06:41:20 [INFO] [Rank 3] Finished. Latency: 75957 ms
2026-04-08 06:41:24 [INFO] Total latency:     75940 ms
2026-04-08 06:41:24 [INFO] Peak 5GB memory:   9338 MB
2026-04-08 06:41:24 [INFO] Avg  5GB memory:   4042 MB
2026-04-08 06:41:24 [INFO] [49/98] Split [18, 6, 4, 4] | Batch: 32 | Microbatch: 8 | Microbatches: 4
2026-04-08 06:41:24 [INFO] Loading WikiText... (SEQ_LEN=64, BATCH=32)
2026-04-08 06:41:39 [INFO] [Rank 2] Loading weights...
2026-04-08 06:41:40 [INFO] [Rank 3] Loading weights...
2026-04-08 06:41:42 [INFO] [Rank 1] Loading weights...
2026-04-08 06:41:46 [INFO] [Rank 2] Weights loaded.
2026-04-08 06:41:46 [INFO] [Rank 3] Weights loaded.
2026-04-08 06:41:48 [INFO] [Rank 1] Weights loaded.
2026-04-08 06:42:00 [INFO] [Rank 0] Loading weights...
2026-04-08 06:42:07 [INFO] [Rank 0] Weights loaded.
2026-04-08 06:44:05 [INFO] [Rank 2] Finished. Latency: 118235 ms
2026-04-08 06:44:05 [INFO] [Rank 1] Finished. Latency: 118235 ms
2026-04-08 06:44:05 [INFO] [Rank 0] Finished. Latency: 118235 ms
2026-04-08 06:44:05 [INFO] [Rank 3] Finished. Latency: 118246 ms
2026-04-08 06:44:09 [INFO] Total latency:     118235 ms
2026-04-08 06:44:09 [INFO] Peak 5GB memory:   9290 MB
2026-04-08 06:44:09 [INFO] Avg  5GB memory:   3819 MB
2026-04-08 06:44:09 [INFO] [50/98] Split [18, 6, 4, 4] | Batch: 32 | Microbatch: 4 | Microbatches: 8
2026-04-08 06:44:09 [INFO] Loading WikiText... (SEQ_LEN=64, BATCH=32)
2026-04-08 06:44:24 [INFO] [Rank 2] Loading weights...
2026-04-08 06:44:25 [INFO] [Rank 3] Loading weights...
2026-04-08 06:44:27 [INFO] [Rank 1] Loading weights...
2026-04-08 06:44:31 [INFO] [Rank 2] Weights loaded.
2026-04-08 06:44:32 [INFO] [Rank 3] Weights loaded.
2026-04-08 06:44:34 [INFO] [Rank 1] Weights loaded.
2026-04-08 06:44:45 [INFO] [Rank 0] Loading weights...
2026-04-08 06:44:52 [INFO] [Rank 0] Weights loaded.
2026-04-08 06:48:20 [INFO] [Rank 2] Finished. Latency: 207416 ms
2026-04-08 06:48:20 [INFO] [Rank 1] Finished. Latency: 207416 ms
2026-04-08 06:48:20 [INFO] [Rank 0] Finished. Latency: 207416 ms
2026-04-08 06:48:20 [INFO] [Rank 3] Finished. Latency: 207423 ms
2026-04-08 06:48:24 [INFO] Total latency:     207416 ms
2026-04-08 06:48:24 [INFO] Peak 5GB memory:   4542 MB
2026-04-08 06:48:24 [INFO] Avg  5GB memory:   2830 MB
2026-04-08 06:48:24 [INFO] [51/98] Split [18, 6, 4, 4] | Batch: 32 | Microbatch: 2 | Microbatches: 16
2026-04-08 06:48:24 [INFO] Loading WikiText... (SEQ_LEN=64, BATCH=32)
2026-04-08 06:48:40 [INFO] [Rank 2] Loading weights...
2026-04-08 06:48:41 [INFO] [Rank 3] Loading weights...
2026-04-08 06:48:43 [INFO] [Rank 1] Loading weights...
2026-04-08 06:48:46 [INFO] [Rank 2] Weights loaded.
2026-04-08 06:48:47 [INFO] [Rank 3] Weights loaded.
2026-04-08 06:48:49 [INFO] [Rank 1] Weights loaded.
2026-04-08 06:49:01 [INFO] [Rank 0] Loading weights...
2026-04-08 06:49:08 [INFO] [Rank 0] Weights loaded.
2026-04-08 06:55:38 [INFO] [Rank 2] Finished. Latency: 390398 ms
2026-04-08 06:55:38 [INFO] [Rank 1] Finished. Latency: 390398 ms
2026-04-08 06:55:38 [INFO] [Rank 0] Finished. Latency: 390398 ms
2026-04-08 06:55:38 [INFO] [Rank 3] Finished. Latency: 390404 ms
2026-04-08 06:55:42 [INFO] Total latency:     390398 ms
2026-04-08 06:55:42 [INFO] Peak 5GB memory:   3396 MB
2026-04-08 06:55:42 [INFO] Avg  5GB memory:   2738 MB
2026-04-08 06:55:42 [INFO] [52/98] Split [18, 6, 4, 4] | Batch: 64 | Microbatch: 32 | Microbatches: 2
2026-04-08 06:55:42 [INFO] Loading WikiText... (SEQ_LEN=64, BATCH=64)
2026-04-08 06:55:57 [INFO] [Rank 2] Loading weights...
2026-04-08 06:55:58 [INFO] [Rank 3] Loading weights...
2026-04-08 06:56:00 [INFO] [Rank 1] Loading weights...
2026-04-08 06:56:04 [INFO] [Rank 2] Weights loaded.
2026-04-08 06:56:04 [INFO] [Rank 3] Weights loaded.
2026-04-08 06:56:07 [INFO] [Rank 1] Weights loaded.
2026-04-08 06:56:18 [INFO] [Rank 0] Loading weights...
2026-04-08 06:56:25 [INFO] [Rank 0] Weights loaded.
2026-04-08 06:58:18 [INFO] [Rank 2] Finished. Latency: 112896 ms
2026-04-08 06:58:18 [INFO] [Rank 1] Finished. Latency: 112896 ms
2026-04-08 06:58:18 [INFO] [Rank 0] Finished. Latency: 112896 ms
2026-04-08 06:58:18 [INFO] [Rank 3] Finished. Latency: 112925 ms
2026-04-08 06:58:22 [INFO] Total latency:     112896 ms
2026-04-08 06:58:22 [INFO] Peak 5GB memory:   9684 MB
2026-04-08 06:58:22 [INFO] Avg  5GB memory:   4917 MB
2026-04-08 06:58:22 [INFO] [53/98] Split [18, 6, 4, 4] | Batch: 64 | Microbatch: 16 | Microbatches: 4
2026-04-08 06:58:22 [INFO] Loading WikiText... (SEQ_LEN=64, BATCH=64)
2026-04-08 06:58:37 [INFO] [Rank 2] Loading weights...
2026-04-08 06:58:38 [INFO] [Rank 3] Loading weights...
2026-04-08 06:58:40 [INFO] [Rank 1] Loading weights...
2026-04-08 06:58:43 [INFO] [Rank 2] Weights loaded.
2026-04-08 06:58:44 [INFO] [Rank 3] Weights loaded.
2026-04-08 06:58:46 [INFO] [Rank 1] Weights loaded.
2026-04-08 06:58:58 [INFO] [Rank 0] Loading weights...
2026-04-08 06:59:05 [INFO] [Rank 0] Weights loaded.
2026-04-08 07:01:36 [INFO] [Rank 2] Finished. Latency: 151326 ms
2026-04-08 07:01:36 [INFO] [Rank 1] Finished. Latency: 151326 ms
2026-04-08 07:01:36 [INFO] [Rank 0] Finished. Latency: 151326 ms
2026-04-08 07:01:36 [INFO] [Rank 3] Finished. Latency: 151343 ms
2026-04-08 07:01:40 [INFO] Total latency:     151326 ms
2026-04-08 07:01:40 [INFO] Peak 5GB memory:   9684 MB
2026-04-08 07:01:40 [INFO] Avg  5GB memory:   5259 MB
2026-04-08 07:01:40 [INFO] [54/98] Split [18, 6, 4, 4] | Batch: 64 | Microbatch: 8 | Microbatches: 8
2026-04-08 07:01:40 [INFO] Loading WikiText... (SEQ_LEN=64, BATCH=64)
2026-04-08 07:01:51 [WARNING] '(ReadTimeoutError("HTTPSConnectionPool(host='huggingface.co', port=443): Read timed out. (read timeout=10)"), '(Request ID: 9ca18e27-ee27-4be0-89ff-e5931868837f)')' thrown while requesting HEAD https://huggingface.co/datasets/Salesforce/wikitext/resolve/b08601e04326c79dfdd32d625aee71d232d685c3/.huggingface.yaml
2026-04-08 07:01:51 [WARNING] Retrying in 1s [Retry 1/5].
2026-04-08 07:02:03 [WARNING] '(ReadTimeoutError("HTTPSConnectionPool(host='huggingface.co', port=443): Read timed out. (read timeout=10)"), '(Request ID: 4edc4028-4892-4f2a-89de-2b01862db03b)')' thrown while requesting GET https://huggingface.co/datasets/wikitext/resolve/b08601e04326c79dfdd32d625aee71d232d685c3/wikitext-2-raw-v1/test-00000-of-00001.parquet
2026-04-08 07:02:03 [WARNING] Retrying in 1s [Retry 1/5].
2026-04-08 07:02:17 [INFO] [Rank 2] Loading weights...
2026-04-08 07:02:18 [INFO] [Rank 3] Loading weights...
2026-04-08 07:02:21 [INFO] [Rank 1] Loading weights...
2026-04-08 07:02:24 [INFO] [Rank 2] Weights loaded.
2026-04-08 07:02:25 [INFO] [Rank 3] Weights loaded.
2026-04-08 07:02:27 [INFO] [Rank 1] Weights loaded.
2026-04-08 07:02:38 [INFO] [Rank 0] Loading weights...
2026-04-08 07:02:46 [INFO] [Rank 0] Weights loaded.
2026-04-08 07:06:40 [INFO] [Rank 2] Finished. Latency: 234588 ms
2026-04-08 07:06:40 [INFO] [Rank 1] Finished. Latency: 234588 ms
2026-04-08 07:06:40 [INFO] [Rank 0] Finished. Latency: 234588 ms
2026-04-08 07:06:40 [INFO] [Rank 3] Finished. Latency: 234599 ms
2026-04-08 07:06:44 [INFO] Total latency:     234588 ms
2026-04-08 07:06:44 [INFO] Peak 5GB memory:   9154 MB
2026-04-08 07:06:44 [INFO] Avg  5GB memory:   4862 MB
2026-04-08 07:06:44 [INFO] [55/98] Split [18, 6, 4, 4] | Batch: 64 | Microbatch: 4 | Microbatches: 16
2026-04-08 07:06:44 [INFO] Loading WikiText... (SEQ_LEN=64, BATCH=64)
2026-04-08 07:06:55 [WARNING] '(ReadTimeoutError("HTTPSConnectionPool(host='huggingface.co', port=443): Read timed out. (read timeout=10)"), '(Request ID: 9bf6333f-e006-4a77-99a4-e3cfd453b04c)')' thrown while requesting HEAD https://huggingface.co/datasets/Salesforce/wikitext/resolve/b08601e04326c79dfdd32d625aee71d232d685c3/.huggingface.yaml
2026-04-08 07:06:55 [WARNING] Retrying in 1s [Retry 1/5].
2026-04-08 07:09:10 [INFO] [Rank 2] Loading weights...
2026-04-08 07:09:11 [INFO] [Rank 3] Loading weights...
2026-04-08 07:09:13 [INFO] [Rank 1] Loading weights...
2026-04-08 07:09:18 [INFO] [Rank 3] Weights loaded.
2026-04-08 07:09:19 [INFO] [Rank 1] Weights loaded.
2026-04-08 07:09:20 [WARNING] '(ReadTimeoutError("HTTPSConnectionPool(host='huggingface.co', port=443): Read timed out. (read timeout=10)"), '(Request ID: d7da4a86-deab-4e49-9548-ce7b4719ea7b)')' thrown while requesting HEAD https://huggingface.co/lmsys/vicuna-7b-v1.5/resolve/main/pytorch_model.bin.index.json
2026-04-08 07:09:20 [WARNING] Retrying in 1s [Retry 1/5].
2026-04-08 07:09:27 [INFO] [Rank 2] Weights loaded.
2026-04-08 07:09:31 [INFO] [Rank 0] Loading weights...
2026-04-08 07:09:38 [INFO] [Rank 0] Weights loaded.
2026-04-08 07:16:32 [INFO] [Rank 1] Finished. Latency: 413357 ms
2026-04-08 07:16:32 [INFO] [Rank 2] Finished. Latency: 413357 ms
2026-04-08 07:16:32 [INFO] [Rank 0] Finished. Latency: 413357 ms
2026-04-08 07:16:32 [INFO] [Rank 3] Finished. Latency: 413365 ms
2026-04-08 07:16:36 [INFO] Total latency:     413357 ms
2026-04-08 07:16:36 [INFO] Peak 5GB memory:   7124 MB
2026-04-08 07:16:36 [INFO] Avg  5GB memory:   4002 MB
2026-04-08 07:16:36 [INFO] [56/98] Split [18, 6, 4, 4] | Batch: 64 | Microbatch: 2 | Microbatches: 32
2026-04-08 07:16:36 [INFO] Loading WikiText... (SEQ_LEN=64, BATCH=64)
2026-04-08 07:16:51 [INFO] [Rank 2] Loading weights...
2026-04-08 07:16:52 [INFO] [Rank 3] Loading weights...
2026-04-08 07:16:54 [INFO] [Rank 1] Loading weights...
2026-04-08 07:16:57 [INFO] [Rank 2] Weights loaded.
2026-04-08 07:16:58 [INFO] [Rank 3] Weights loaded.
2026-04-08 07:17:00 [INFO] [Rank 1] Weights loaded.
2026-04-08 07:17:12 [INFO] [Rank 0] Loading weights...
2026-04-08 07:17:19 [INFO] [Rank 0] Weights loaded.
2026-04-08 07:30:28 [INFO] [Rank 2] Finished. Latency: 788612 ms
2026-04-08 07:30:28 [INFO] [Rank 1] Finished. Latency: 788612 ms
2026-04-08 07:30:28 [INFO] [Rank 0] Finished. Latency: 788612 ms
2026-04-08 07:30:28 [INFO] [Rank 3] Finished. Latency: 788618 ms
2026-04-08 07:30:32 [INFO] Total latency:     788612 ms
2026-04-08 07:30:32 [INFO] Peak 5GB memory:   4820 MB
2026-04-08 07:30:32 [INFO] Avg  5GB memory:   3671 MB
2026-04-08 07:30:32 [INFO] [57/98] Split [18, 7, 4, 3] | Batch: 8 | Microbatch: 4 | Microbatches: 2
2026-04-08 07:30:32 [INFO] Loading WikiText... (SEQ_LEN=64, BATCH=8)
2026-04-08 07:30:47 [INFO] [Rank 3] Loading weights...
2026-04-08 07:30:47 [INFO] [Rank 2] Loading weights...
2026-04-08 07:30:51 [INFO] [Rank 1] Loading weights...
2026-04-08 07:30:53 [INFO] [Rank 3] Weights loaded.
2026-04-08 07:30:53 [INFO] [Rank 2] Weights loaded.
2026-04-08 07:30:58 [INFO] [Rank 1] Weights loaded.
2026-04-08 07:31:08 [INFO] [Rank 0] Loading weights...
2026-04-08 07:31:15 [INFO] [Rank 0] Weights loaded.
2026-04-08 07:32:08 [INFO] [Rank 2] Finished. Latency: 52385 ms
2026-04-08 07:32:08 [INFO] [Rank 1] Finished. Latency: 52385 ms
2026-04-08 07:32:08 [INFO] [Rank 0] Finished. Latency: 52385 ms
2026-04-08 07:32:08 [INFO] [Rank 3] Finished. Latency: 52391 ms
2026-04-08 07:32:12 [INFO] Total latency:     52385 ms
2026-04-08 07:32:12 [INFO] Peak 5GB memory:   2056 MB
2026-04-08 07:32:12 [INFO] Avg  5GB memory:   1537 MB
2026-04-08 07:32:12 [INFO] [58/98] Split [18, 7, 4, 3] | Batch: 8 | Microbatch: 2 | Microbatches: 4
2026-04-08 07:32:12 [INFO] Loading WikiText... (SEQ_LEN=64, BATCH=8)
2026-04-08 07:32:26 [INFO] [Rank 3] Loading weights...
2026-04-08 07:32:27 [INFO] [Rank 2] Loading weights...
2026-04-08 07:32:31 [INFO] [Rank 1] Loading weights...
2026-04-08 07:32:33 [INFO] [Rank 3] Weights loaded.
2026-04-08 07:32:33 [INFO] [Rank 2] Weights loaded.
2026-04-08 07:32:37 [INFO] [Rank 1] Weights loaded.
2026-04-08 07:32:48 [INFO] [Rank 0] Loading weights...
2026-04-08 07:32:55 [INFO] [Rank 0] Weights loaded.
2026-04-08 07:34:32 [INFO] [Rank 2] Finished. Latency: 97367 ms
2026-04-08 07:34:32 [INFO] [Rank 0] Finished. Latency: 97367 ms
2026-04-08 07:34:32 [INFO] [Rank 1] Finished. Latency: 97367 ms
2026-04-08 07:34:32 [INFO] [Rank 3] Finished. Latency: 97371 ms
2026-04-08 07:34:36 [INFO] Total latency:     97367 ms
2026-04-08 07:34:36 [INFO] Peak 5GB memory:   2018 MB
2026-04-08 07:34:36 [INFO] Avg  5GB memory:   1588 MB
2026-04-08 07:34:36 [INFO] [59/98] Split [18, 7, 4, 3] | Batch: 16 | Microbatch: 8 | Microbatches: 2
2026-04-08 07:34:36 [INFO] Loading WikiText... (SEQ_LEN=64, BATCH=16)
2026-04-08 07:34:50 [INFO] [Rank 3] Loading weights...
2026-04-08 07:34:51 [INFO] [Rank 2] Loading weights...
2026-04-08 07:34:55 [INFO] [Rank 1] Loading weights...
2026-04-08 07:34:56 [INFO] [Rank 3] Weights loaded.
2026-04-08 07:34:57 [INFO] [Rank 2] Weights loaded.
2026-04-08 07:35:01 [INFO] [Rank 1] Weights loaded.
2026-04-08 07:35:14 [INFO] [Rank 0] Loading weights...
2026-04-08 07:35:21 [INFO] [Rank 0] Weights loaded.
2026-04-08 07:36:19 [INFO] [Rank 2] Finished. Latency: 58191 ms
2026-04-08 07:36:19 [INFO] [Rank 1] Finished. Latency: 58191 ms
2026-04-08 07:36:19 [INFO] [Rank 0] Finished. Latency: 58191 ms
2026-04-08 07:36:19 [INFO] [Rank 3] Finished. Latency: 58199 ms
2026-04-08 07:36:23 [INFO] Total latency:     58191 ms
2026-04-08 07:36:23 [INFO] Peak 5GB memory:   5372 MB
2026-04-08 07:36:23 [INFO] Avg  5GB memory:   2260 MB
2026-04-08 07:36:23 [INFO] [60/98] Split [18, 7, 4, 3] | Batch: 16 | Microbatch: 4 | Microbatches: 4
2026-04-08 07:36:23 [INFO] Loading WikiText... (SEQ_LEN=64, BATCH=16)
2026-04-08 07:36:35 [WARNING] '(ReadTimeoutError("HTTPSConnectionPool(host='huggingface.co', port=443): Read timed out. (read timeout=10)"), '(Request ID: dd903e5a-2e0d-4d68-ad81-43ae3f199096)')' thrown while requesting GET https://huggingface.co/datasets/wikitext/resolve/b08601e04326c79dfdd32d625aee71d232d685c3/wikitext-2-raw-v1/test-00000-of-00001.parquet
2026-04-08 07:36:35 [WARNING] Retrying in 1s [Retry 1/5].
2026-04-08 07:36:49 [INFO] [Rank 3] Loading weights...
2026-04-08 07:36:49 [INFO] [Rank 2] Loading weights...
2026-04-08 07:36:53 [WARNING] '(ReadTimeoutError("HTTPSConnectionPool(host='huggingface.co', port=443): Read timed out. (read timeout=10)"), '(Request ID: 0ffaa4d7-584b-4f37-97a9-2257b28530da)')' thrown while requesting HEAD https://huggingface.co/lmsys/vicuna-7b-v1.5/resolve/main/config.json
2026-04-08 07:36:53 [WARNING] Retrying in 1s [Retry 1/5].
2026-04-08 07:36:55 [INFO] [Rank 3] Weights loaded.
2026-04-08 07:36:59 [WARNING] '(ReadTimeoutError("HTTPSConnectionPool(host='huggingface.co', port=443): Read timed out. (read timeout=10)"), '(Request ID: fc97ac43-9b41-493f-8061-b9b749b4fac3)')' thrown while requesting HEAD https://huggingface.co/lmsys/vicuna-7b-v1.5/resolve/main/pytorch_model.bin.index.json
2026-04-08 07:36:59 [WARNING] Retrying in 1s [Retry 1/5].
2026-04-08 07:37:04 [INFO] [Rank 1] Loading weights...
2026-04-08 07:37:06 [INFO] [Rank 2] Weights loaded.
2026-04-08 07:37:10 [INFO] [Rank 0] Loading weights...
2026-04-08 07:37:11 [INFO] [Rank 1] Weights loaded.
2026-04-08 07:37:20 [WARNING] '(ReadTimeoutError("HTTPSConnectionPool(host='huggingface.co', port=443): Read timed out. (read timeout=10)"), '(Request ID: b561557b-602d-4e87-a806-62d41c4ee778)')' thrown while requesting HEAD https://huggingface.co/lmsys/vicuna-7b-v1.5/resolve/main/pytorch_model.bin.index.json
2026-04-08 07:37:20 [WARNING] Retrying in 1s [Retry 1/5].
2026-04-08 07:37:29 [INFO] [Rank 0] Weights loaded.
2026-04-08 07:39:12 [INFO] [Rank 2] Finished. Latency: 102766 ms
2026-04-08 07:39:12 [INFO] [Rank 1] Finished. Latency: 102766 ms
2026-04-08 07:39:12 [INFO] [Rank 0] Finished. Latency: 102766 ms
2026-04-08 07:39:12 [INFO] [Rank 3] Finished. Latency: 102772 ms
2026-04-08 07:39:16 [INFO] Total latency:     102766 ms
2026-04-08 07:39:16 [INFO] Peak 5GB memory:   2536 MB
2026-04-08 07:39:16 [INFO] Avg  5GB memory:   1756 MB
2026-04-08 07:39:16 [INFO] [61/98] Split [18, 7, 4, 3] | Batch: 16 | Microbatch: 2 | Microbatches: 8
2026-04-08 07:39:16 [INFO] Loading WikiText... (SEQ_LEN=64, BATCH=16)
2026-04-08 07:39:26 [WARNING] '(ReadTimeoutError("HTTPSConnectionPool(host='huggingface.co', port=443): Read timed out. (read timeout=10)"), '(Request ID: 5f44543e-9f1d-4a20-bb60-4f0b541e24ef)')' thrown while requesting HEAD https://huggingface.co/datasets/Salesforce/wikitext/resolve/b08601e04326c79dfdd32d625aee71d232d685c3/wikitext.py
2026-04-08 07:39:26 [WARNING] Retrying in 1s [Retry 1/5].
2026-04-08 07:41:38 [WARNING] '(ReadTimeoutError("HTTPSConnectionPool(host='huggingface.co', port=443): Read timed out. (read timeout=10)"), '(Request ID: ed2cc272-a48b-4428-9ebf-8566653d7345)')' thrown while requesting GET https://huggingface.co/datasets/wikitext/resolve/b08601e04326c79dfdd32d625aee71d232d685c3/wikitext-2-raw-v1/test-00000-of-00001.parquet
2026-04-08 07:41:38 [WARNING] Retrying in 1s [Retry 1/5].
2026-04-08 07:41:52 [INFO] [Rank 3] Loading weights...
2026-04-08 07:41:52 [INFO] [Rank 2] Loading weights...
2026-04-08 07:41:56 [WARNING] '(ReadTimeoutError("HTTPSConnectionPool(host='huggingface.co', port=443): Read timed out. (read timeout=10)"), '(Request ID: facd5057-8aaf-4212-b14a-60c7b11dffb1)')' thrown while requesting HEAD https://huggingface.co/lmsys/vicuna-7b-v1.5/resolve/main/config.json
2026-04-08 07:41:56 [WARNING] Retrying in 1s [Retry 1/5].
2026-04-08 07:41:58 [INFO] [Rank 3] Weights loaded.
2026-04-08 07:41:58 [INFO] [Rank 2] Weights loaded.
2026-04-08 07:42:08 [INFO] [Rank 1] Loading weights...
2026-04-08 07:42:13 [INFO] [Rank 0] Loading weights...
2026-04-08 07:42:14 [INFO] [Rank 1] Weights loaded.
2026-04-08 07:42:21 [INFO] [Rank 0] Weights loaded.
2026-04-08 07:45:36 [INFO] [Rank 2] Finished. Latency: 195113 ms
2026-04-08 07:45:36 [INFO] [Rank 0] Finished. Latency: 195113 ms
2026-04-08 07:45:36 [INFO] [Rank 1] Finished. Latency: 195113 ms
2026-04-08 07:45:36 [INFO] [Rank 3] Finished. Latency: 195118 ms
2026-04-08 07:45:40 [INFO] Total latency:     195113 ms
2026-04-08 07:45:40 [INFO] Peak 5GB memory:   2120 MB
2026-04-08 07:45:40 [INFO] Avg  5GB memory:   1800 MB
2026-04-08 07:45:40 [INFO] [62/98] Split [18, 7, 4, 3] | Batch: 32 | Microbatch: 16 | Microbatches: 2
2026-04-08 07:45:40 [INFO] Loading WikiText... (SEQ_LEN=64, BATCH=32)
2026-04-08 07:45:54 [INFO] [Rank 3] Loading weights...
2026-04-08 07:45:55 [INFO] [Rank 2] Loading weights...
2026-04-08 07:45:59 [INFO] [Rank 1] Loading weights...
2026-04-08 07:46:01 [INFO] [Rank 3] Weights loaded.
2026-04-08 07:46:01 [INFO] [Rank 2] Weights loaded.
2026-04-08 07:46:06 [INFO] [Rank 1] Weights loaded.
2026-04-08 07:46:16 [INFO] [Rank 0] Loading weights...
2026-04-08 07:46:23 [INFO] [Rank 0] Weights loaded.
2026-04-08 07:47:37 [INFO] [Rank 2] Finished. Latency: 74395 ms
2026-04-08 07:47:37 [INFO] [Rank 1] Finished. Latency: 74395 ms
2026-04-08 07:47:37 [INFO] [Rank 0] Finished. Latency: 74395 ms
2026-04-08 07:47:37 [INFO] [Rank 3] Finished. Latency: 74408 ms
2026-04-08 07:47:41 [INFO] Total latency:     74395 ms
2026-04-08 07:47:41 [INFO] Peak 5GB memory:   9502 MB
2026-04-08 07:47:41 [INFO] Avg  5GB memory:   3628 MB
2026-04-08 07:47:41 [INFO] [63/98] Split [18, 7, 4, 3] | Batch: 32 | Microbatch: 8 | Microbatches: 4
2026-04-08 07:47:41 [INFO] Loading WikiText... (SEQ_LEN=64, BATCH=32)
2026-04-08 07:47:55 [INFO] [Rank 3] Loading weights...
2026-04-08 07:47:56 [INFO] [Rank 2] Loading weights...
2026-04-08 07:48:00 [INFO] [Rank 1] Loading weights...
2026-04-08 07:48:02 [INFO] [Rank 3] Weights loaded.
2026-04-08 07:48:02 [INFO] [Rank 2] Weights loaded.
2026-04-08 07:48:07 [INFO] [Rank 1] Weights loaded.
2026-04-08 07:48:17 [INFO] [Rank 0] Loading weights...
2026-04-08 07:48:24 [INFO] [Rank 0] Weights loaded.
2026-04-08 07:50:20 [INFO] [Rank 2] Finished. Latency: 115568 ms
2026-04-08 07:50:20 [INFO] [Rank 1] Finished. Latency: 115568 ms
2026-04-08 07:50:20 [INFO] [Rank 0] Finished. Latency: 115568 ms
2026-04-08 07:50:20 [INFO] [Rank 3] Finished. Latency: 115576 ms
2026-04-08 07:50:24 [INFO] Total latency:     115568 ms
2026-04-08 07:50:24 [INFO] Peak 5GB memory:   8896 MB
2026-04-08 07:50:24 [INFO] Avg  5GB memory:   3558 MB
2026-04-08 07:50:24 [INFO] [64/98] Split [18, 7, 4, 3] | Batch: 32 | Microbatch: 4 | Microbatches: 8
2026-04-08 07:50:24 [INFO] Loading WikiText... (SEQ_LEN=64, BATCH=32)
2026-04-08 07:50:39 [INFO] [Rank 3] Loading weights...
2026-04-08 07:50:40 [INFO] [Rank 2] Loading weights...
2026-04-08 07:50:44 [INFO] [Rank 1] Loading weights...
2026-04-08 07:50:45 [INFO] [Rank 3] Weights loaded.
2026-04-08 07:50:46 [INFO] [Rank 2] Weights loaded.
2026-04-08 07:50:50 [INFO] [Rank 1] Weights loaded.
2026-04-08 07:51:00 [INFO] [Rank 0] Loading weights...
2026-04-08 07:51:08 [INFO] [Rank 0] Weights loaded.
2026-04-08 07:54:30 [INFO] [Rank 1] Finished. Latency: 202727 ms
2026-04-08 07:54:30 [INFO] [Rank 2] Finished. Latency: 202727 ms
2026-04-08 07:54:30 [INFO] [Rank 0] Finished. Latency: 202727 ms
2026-04-08 07:54:30 [INFO] [Rank 3] Finished. Latency: 202733 ms
2026-04-08 07:54:34 [INFO] Total latency:     202727 ms
2026-04-08 07:54:34 [INFO] Peak 5GB memory:   3516 MB
2026-04-08 07:54:34 [INFO] Avg  5GB memory:   2226 MB
2026-04-08 07:54:34 [INFO] [65/98] Split [18, 7, 4, 3] | Batch: 32 | Microbatch: 2 | Microbatches: 16
2026-04-08 07:54:34 [INFO] Loading WikiText... (SEQ_LEN=64, BATCH=32)
2026-04-08 07:54:49 [INFO] [Rank 3] Loading weights...
2026-04-08 07:54:50 [INFO] [Rank 2] Loading weights...
2026-04-08 07:54:54 [INFO] [Rank 1] Loading weights...
2026-04-08 07:54:56 [INFO] [Rank 3] Weights loaded.
2026-04-08 07:54:56 [INFO] [Rank 2] Weights loaded.
2026-04-08 07:55:01 [INFO] [Rank 1] Weights loaded.
2026-04-08 07:55:11 [INFO] [Rank 0] Loading weights...
2026-04-08 07:55:18 [INFO] [Rank 0] Weights loaded.
2026-04-08 08:01:48 [INFO] [Rank 1] Finished. Latency: 389773 ms
2026-04-08 08:01:48 [INFO] [Rank 2] Finished. Latency: 389772 ms
2026-04-08 08:01:48 [INFO] [Rank 0] Finished. Latency: 389773 ms
2026-04-08 08:01:48 [INFO] [Rank 3] Finished. Latency: 389777 ms
2026-04-08 08:01:52 [INFO] Total latency:     389773 ms
2026-04-08 08:01:52 [INFO] Peak 5GB memory:   2658 MB
2026-04-08 08:01:52 [INFO] Avg  5GB memory:   2165 MB
2026-04-08 08:01:52 [INFO] [66/98] Split [18, 7, 4, 3] | Batch: 64 | Microbatch: 32 | Microbatches: 2
2026-04-08 08:01:52 [INFO] Loading WikiText... (SEQ_LEN=64, BATCH=64)
2026-04-08 08:02:07 [INFO] [Rank 3] Loading weights...
2026-04-08 08:02:07 [INFO] [Rank 2] Loading weights...
2026-04-08 08:02:12 [INFO] [Rank 1] Loading weights...
2026-04-08 08:02:13 [INFO] [Rank 3] Weights loaded.
2026-04-08 08:02:13 [INFO] [Rank 2] Weights loaded.
2026-04-08 08:02:18 [INFO] [Rank 1] Weights loaded.
2026-04-08 08:02:28 [INFO] [Rank 0] Loading weights...
2026-04-08 08:02:35 [INFO] [Rank 0] Weights loaded.
2026-04-08 08:04:26 [INFO] [Rank 2] Finished. Latency: 110298 ms
2026-04-08 08:04:26 [INFO] [Rank 1] Finished. Latency: 110298 ms
2026-04-08 08:04:26 [INFO] [Rank 0] Finished. Latency: 110298 ms
2026-04-08 08:04:26 [INFO] [Rank 3] Finished. Latency: 110319 ms
2026-04-08 08:04:30 [INFO] Total latency:     110298 ms
2026-04-08 08:04:30 [INFO] Peak 5GB memory:   9674 MB
2026-04-08 08:04:30 [INFO] Avg  5GB memory:   4457 MB
2026-04-08 08:04:30 [INFO] [67/98] Split [18, 7, 4, 3] | Batch: 64 | Microbatch: 16 | Microbatches: 4
2026-04-08 08:04:30 [INFO] Loading WikiText... (SEQ_LEN=64, BATCH=64)
2026-04-08 08:04:44 [INFO] [Rank 3] Loading weights...
2026-04-08 08:04:45 [INFO] [Rank 2] Loading weights...
2026-04-08 08:04:49 [INFO] [Rank 1] Loading weights...
2026-04-08 08:04:51 [INFO] [Rank 3] Weights loaded.
2026-04-08 08:04:51 [INFO] [Rank 2] Weights loaded.
2026-04-08 08:04:55 [INFO] [Rank 1] Weights loaded.
2026-04-08 08:05:05 [INFO] [Rank 0] Loading weights...
2026-04-08 08:05:13 [INFO] [Rank 0] Weights loaded.
2026-04-08 08:07:40 [INFO] [Rank 2] Finished. Latency: 147417 ms
2026-04-08 08:07:40 [INFO] [Rank 0] Finished. Latency: 147417 ms
2026-04-08 08:07:40 [INFO] [Rank 1] Finished. Latency: 147417 ms
2026-04-08 08:07:40 [INFO] [Rank 3] Finished. Latency: 147430 ms
2026-04-08 08:07:44 [INFO] Total latency:     147417 ms
2026-04-08 08:07:44 [INFO] Peak 5GB memory:   9110 MB
2026-04-08 08:07:44 [INFO] Avg  5GB memory:   4400 MB
2026-04-08 08:07:44 [INFO] [68/98] Split [18, 7, 4, 3] | Batch: 64 | Microbatch: 8 | Microbatches: 8
2026-04-08 08:07:44 [INFO] Loading WikiText... (SEQ_LEN=64, BATCH=64)
2026-04-08 08:07:59 [INFO] [Rank 3] Loading weights...
2026-04-08 08:07:59 [INFO] [Rank 2] Loading weights...
2026-04-08 08:08:04 [INFO] [Rank 1] Loading weights...
2026-04-08 08:08:05 [INFO] [Rank 3] Weights loaded.
2026-04-08 08:08:06 [INFO] [Rank 2] Weights loaded.
2026-04-08 08:08:10 [INFO] [Rank 1] Weights loaded.
2026-04-08 08:08:20 [INFO] [Rank 0] Loading weights...
2026-04-08 08:08:28 [INFO] [Rank 0] Weights loaded.
2026-04-08 08:12:17 [INFO] [Rank 2] Finished. Latency: 229318 ms
2026-04-08 08:12:17 [INFO] [Rank 1] Finished. Latency: 229318 ms
2026-04-08 08:12:17 [INFO] [Rank 0] Finished. Latency: 229318 ms
2026-04-08 08:12:17 [INFO] [Rank 3] Finished. Latency: 229326 ms
2026-04-08 08:12:21 [INFO] Total latency:     229318 ms
2026-04-08 08:12:21 [INFO] Peak 5GB memory:   9518 MB
2026-04-08 08:12:21 [INFO] Avg  5GB memory:   4567 MB
2026-04-08 08:12:21 [INFO] [69/98] Split [18, 7, 4, 3] | Batch: 64 | Microbatch: 4 | Microbatches: 16
2026-04-08 08:12:21 [INFO] Loading WikiText... (SEQ_LEN=64, BATCH=64)
2026-04-08 08:12:36 [INFO] [Rank 3] Loading weights...
2026-04-08 08:12:37 [INFO] [Rank 2] Loading weights...
2026-04-08 08:12:41 [INFO] [Rank 1] Loading weights...
2026-04-08 08:12:42 [INFO] [Rank 3] Weights loaded.
2026-04-08 08:12:43 [INFO] [Rank 2] Weights loaded.
2026-04-08 08:12:47 [INFO] [Rank 1] Weights loaded.
2026-04-08 08:12:57 [INFO] [Rank 0] Loading weights...
2026-04-08 08:13:04 [INFO] [Rank 0] Weights loaded.
2026-04-08 08:19:43 [INFO] [Rank 1] Finished. Latency: 398738 ms
2026-04-08 08:19:43 [INFO] [Rank 2] Finished. Latency: 398738 ms
2026-04-08 08:19:43 [INFO] [Rank 0] Finished. Latency: 398738 ms
2026-04-08 08:19:43 [INFO] [Rank 3] Finished. Latency: 398744 ms
2026-04-08 08:19:47 [INFO] Total latency:     398738 ms
2026-04-08 08:19:47 [INFO] Peak 5GB memory:   5458 MB
2026-04-08 08:19:47 [INFO] Avg  5GB memory:   3100 MB
2026-04-08 08:19:47 [INFO] [70/98] Split [18, 7, 4, 3] | Batch: 64 | Microbatch: 2 | Microbatches: 32
2026-04-08 08:19:47 [INFO] Loading WikiText... (SEQ_LEN=64, BATCH=64)
2026-04-08 08:20:01 [INFO] [Rank 3] Loading weights...
2026-04-08 08:20:02 [INFO] [Rank 2] Loading weights...
2026-04-08 08:20:06 [INFO] [Rank 1] Loading weights...
2026-04-08 08:20:08 [INFO] [Rank 3] Weights loaded.
2026-04-08 08:20:08 [INFO] [Rank 2] Weights loaded.
2026-04-08 08:20:13 [INFO] [Rank 1] Weights loaded.
2026-04-08 08:20:23 [INFO] [Rank 0] Loading weights...
2026-04-08 08:20:30 [INFO] [Rank 0] Weights loaded.
2026-04-08 08:33:22 [INFO] [Rank 1] Finished. Latency: 771525 ms
2026-04-08 08:33:22 [INFO] [Rank 2] Finished. Latency: 771525 ms
2026-04-08 08:33:22 [INFO] [Rank 0] Finished. Latency: 771525 ms
2026-04-08 08:33:22 [INFO] [Rank 3] Finished. Latency: 771529 ms
2026-04-08 08:33:26 [INFO] Total latency:     771525 ms
2026-04-08 08:33:26 [INFO] Peak 5GB memory:   3730 MB
2026-04-08 08:33:26 [INFO] Avg  5GB memory:   2865 MB
2026-04-08 08:33:26 [INFO] [71/98] Split [18, 8, 3, 3] | Batch: 8 | Microbatch: 4 | Microbatches: 2
2026-04-08 08:33:26 [INFO] Loading WikiText... (SEQ_LEN=64, BATCH=8)
2026-04-08 08:33:39 [INFO] [Rank 2] Loading weights...
2026-04-08 08:33:40 [INFO] [Rank 3] Loading weights...
2026-04-08 08:33:46 [INFO] [Rank 2] Weights loaded.
2026-04-08 08:33:47 [INFO] [Rank 3] Weights loaded.
2026-04-08 08:33:47 [INFO] [Rank 1] Loading weights...
2026-04-08 08:33:53 [INFO] [Rank 1] Weights loaded.
2026-04-08 08:34:02 [INFO] [Rank 0] Loading weights...
2026-04-08 08:34:09 [INFO] [Rank 0] Weights loaded.
2026-04-08 08:35:00 [INFO] [Rank 1] Finished. Latency: 50894 ms
2026-04-08 08:35:00 [INFO] [Rank 2] Finished. Latency: 50894 ms
2026-04-08 08:35:00 [INFO] [Rank 0] Finished. Latency: 50894 ms
2026-04-08 08:35:00 [INFO] [Rank 3] Finished. Latency: 50900 ms
2026-04-08 08:35:04 [INFO] Total latency:     50894 ms
2026-04-08 08:35:04 [INFO] Peak 5GB memory:   2056 MB
2026-04-08 08:35:04 [INFO] Avg  5GB memory:   1525 MB
2026-04-08 08:35:04 [INFO] [72/98] Split [18, 8, 3, 3] | Batch: 8 | Microbatch: 2 | Microbatches: 4
2026-04-08 08:35:04 [INFO] Loading WikiText... (SEQ_LEN=64, BATCH=8)
2026-04-08 08:35:18 [INFO] [Rank 2] Loading weights...
2026-04-08 08:35:19 [INFO] [Rank 3] Loading weights...
2026-04-08 08:35:24 [INFO] [Rank 2] Weights loaded.
2026-04-08 08:35:25 [INFO] [Rank 3] Weights loaded.
2026-04-08 08:35:25 [INFO] [Rank 1] Loading weights...
2026-04-08 08:35:32 [INFO] [Rank 1] Weights loaded.
2026-04-08 08:35:40 [INFO] [Rank 0] Loading weights...
2026-04-08 08:35:48 [INFO] [Rank 0] Weights loaded.
2026-04-08 08:37:24 [INFO] [Rank 1] Finished. Latency: 96066 ms
2026-04-08 08:37:24 [INFO] [Rank 2] Finished. Latency: 96065 ms
2026-04-08 08:37:24 [INFO] [Rank 0] Finished. Latency: 96066 ms
2026-04-08 08:37:24 [INFO] [Rank 3] Finished. Latency: 96070 ms
2026-04-08 08:37:28 [INFO] Total latency:     96066 ms
2026-04-08 08:37:28 [INFO] Peak 5GB memory:   2018 MB
2026-04-08 08:37:28 [INFO] Avg  5GB memory:   1584 MB
2026-04-08 08:37:28 [INFO] [73/98] Split [18, 8, 3, 3] | Batch: 16 | Microbatch: 8 | Microbatches: 2
2026-04-08 08:37:28 [INFO] Loading WikiText... (SEQ_LEN=64, BATCH=16)
2026-04-08 08:37:41 [INFO] [Rank 2] Loading weights...
2026-04-08 08:37:42 [INFO] [Rank 3] Loading weights...
2026-04-08 08:37:48 [INFO] [Rank 2] Weights loaded.
2026-04-08 08:37:49 [INFO] [Rank 1] Loading weights...
2026-04-08 08:37:49 [INFO] [Rank 3] Weights loaded.
2026-04-08 08:37:55 [INFO] [Rank 1] Weights loaded.
2026-04-08 08:38:04 [INFO] [Rank 0] Loading weights...
2026-04-08 08:38:11 [INFO] [Rank 0] Weights loaded.
2026-04-08 08:39:07 [INFO] [Rank 0] Finished. Latency: 56382 ms
2026-04-08 08:39:07 [INFO] [Rank 1] Finished. Latency: 56382 ms
2026-04-08 08:39:07 [INFO] [Rank 2] Finished. Latency: 56382 ms
2026-04-08 08:39:07 [INFO] [Rank 3] Finished. Latency: 56390 ms
2026-04-08 08:39:11 [INFO] Total latency:     56382 ms
2026-04-08 08:39:11 [INFO] Peak 5GB memory:   5372 MB
2026-04-08 08:39:11 [INFO] Avg  5GB memory:   2263 MB
2026-04-08 08:39:11 [INFO] [74/98] Split [18, 8, 3, 3] | Batch: 16 | Microbatch: 4 | Microbatches: 4
2026-04-08 08:39:11 [INFO] Loading WikiText... (SEQ_LEN=64, BATCH=16)
2026-04-08 08:39:25 [INFO] [Rank 2] Loading weights...
2026-04-08 08:39:26 [INFO] [Rank 3] Loading weights...
2026-04-08 08:39:31 [INFO] [Rank 2] Weights loaded.
2026-04-08 08:39:32 [INFO] [Rank 3] Weights loaded.
2026-04-08 08:39:32 [INFO] [Rank 1] Loading weights...
2026-04-08 08:39:39 [INFO] [Rank 1] Weights loaded.
2026-04-08 08:39:47 [INFO] [Rank 0] Loading weights...
2026-04-08 08:39:54 [INFO] [Rank 0] Weights loaded.
2026-04-08 08:41:35 [INFO] [Rank 2] Finished. Latency: 100194 ms
2026-04-08 08:41:35 [INFO] [Rank 1] Finished. Latency: 100194 ms
2026-04-08 08:41:35 [INFO] [Rank 0] Finished. Latency: 100194 ms
2026-04-08 08:41:35 [INFO] [Rank 3] Finished. Latency: 100200 ms
2026-04-08 08:41:39 [INFO] Total latency:     100194 ms
2026-04-08 08:41:39 [INFO] Peak 5GB memory:   2536 MB
2026-04-08 08:41:39 [INFO] Avg  5GB memory:   1764 MB
2026-04-08 08:41:39 [INFO] [75/98] Split [18, 8, 3, 3] | Batch: 16 | Microbatch: 2 | Microbatches: 8
2026-04-08 08:41:39 [INFO] Loading WikiText... (SEQ_LEN=64, BATCH=16)
2026-04-08 08:41:52 [INFO] [Rank 2] Loading weights...
2026-04-08 08:41:53 [INFO] [Rank 3] Loading weights...
2026-04-08 08:41:59 [INFO] [Rank 2] Weights loaded.
2026-04-08 08:41:59 [INFO] [Rank 3] Weights loaded.
2026-04-08 08:42:00 [INFO] [Rank 1] Loading weights...
2026-04-08 08:42:06 [INFO] [Rank 1] Weights loaded.
2026-04-08 08:42:15 [INFO] [Rank 0] Loading weights...
2026-04-08 08:42:22 [INFO] [Rank 0] Weights loaded.
2026-04-08 08:45:32 [INFO] [Rank 2] Finished. Latency: 189533 ms
2026-04-08 08:45:32 [INFO] [Rank 0] Finished. Latency: 189533 ms
2026-04-08 08:45:32 [INFO] [Rank 1] Finished. Latency: 189533 ms
2026-04-08 08:45:32 [INFO] [Rank 3] Finished. Latency: 189538 ms
2026-04-08 08:45:35 [INFO] Total latency:     189533 ms
2026-04-08 08:45:35 [INFO] Peak 5GB memory:   2120 MB
2026-04-08 08:45:35 [INFO] Avg  5GB memory:   1793 MB
2026-04-08 08:45:35 [INFO] [76/98] Split [18, 8, 3, 3] | Batch: 32 | Microbatch: 16 | Microbatches: 2
2026-04-08 08:45:35 [INFO] Loading WikiText... (SEQ_LEN=64, BATCH=32)
2026-04-08 08:45:49 [INFO] [Rank 2] Loading weights...
2026-04-08 08:45:50 [INFO] [Rank 3] Loading weights...
2026-04-08 08:45:55 [INFO] [Rank 2] Weights loaded.
2026-04-08 08:45:56 [INFO] [Rank 3] Weights loaded.
2026-04-08 08:45:56 [INFO] [Rank 1] Loading weights...
2026-04-08 08:46:02 [INFO] [Rank 1] Weights loaded.
2026-04-08 08:46:11 [INFO] [Rank 0] Loading weights...
2026-04-08 08:46:18 [INFO] [Rank 0] Weights loaded.
2026-04-08 08:47:31 [INFO] [Rank 2] Finished. Latency: 72661 ms
2026-04-08 08:47:31 [INFO] [Rank 1] Finished. Latency: 72661 ms
2026-04-08 08:47:31 [INFO] [Rank 0] Finished. Latency: 72661 ms
2026-04-08 08:47:31 [INFO] [Rank 3] Finished. Latency: 72674 ms
2026-04-08 08:47:35 [INFO] Total latency:     72661 ms
2026-04-08 08:47:35 [INFO] Peak 5GB memory:   9502 MB
2026-04-08 08:47:35 [INFO] Avg  5GB memory:   3613 MB
2026-04-08 08:47:35 [INFO] [77/98] Split [18, 8, 3, 3] | Batch: 32 | Microbatch: 8 | Microbatches: 4
2026-04-08 08:47:35 [INFO] Loading WikiText... (SEQ_LEN=64, BATCH=32)
2026-04-08 08:47:49 [INFO] [Rank 2] Loading weights...
2026-04-08 08:47:50 [INFO] [Rank 3] Loading weights...
2026-04-08 08:47:55 [INFO] [Rank 2] Weights loaded.
2026-04-08 08:47:56 [INFO] [Rank 3] Weights loaded.
2026-04-08 08:47:56 [INFO] [Rank 1] Loading weights...
2026-04-08 08:48:02 [INFO] [Rank 1] Weights loaded.
2026-04-08 08:48:11 [INFO] [Rank 0] Loading weights...
2026-04-08 08:48:18 [INFO] [Rank 0] Weights loaded.
2026-04-08 08:50:11 [INFO] [Rank 1] Finished. Latency: 112519 ms
2026-04-08 08:50:11 [INFO] [Rank 2] Finished. Latency: 112519 ms
2026-04-08 08:50:11 [INFO] [Rank 0] Finished. Latency: 112519 ms
2026-04-08 08:50:11 [INFO] [Rank 3] Finished. Latency: 112527 ms
2026-04-08 08:50:15 [INFO] Total latency:     112519 ms
2026-04-08 08:50:15 [INFO] Peak 5GB memory:   8896 MB
2026-04-08 08:50:15 [INFO] Avg  5GB memory:   3526 MB
2026-04-08 08:50:15 [INFO] [78/98] Split [18, 8, 3, 3] | Batch: 32 | Microbatch: 4 | Microbatches: 8
2026-04-08 08:50:15 [INFO] Loading WikiText... (SEQ_LEN=64, BATCH=32)
2026-04-08 08:50:28 [INFO] [Rank 2] Loading weights...
2026-04-08 08:50:29 [INFO] [Rank 3] Loading weights...
2026-04-08 08:50:35 [INFO] [Rank 2] Weights loaded.
2026-04-08 08:50:35 [INFO] [Rank 3] Weights loaded.
2026-04-08 08:50:36 [INFO] [Rank 1] Loading weights...
2026-04-08 08:50:42 [INFO] [Rank 1] Weights loaded.
2026-04-08 08:50:51 [INFO] [Rank 0] Loading weights...
2026-04-08 08:50:58 [INFO] [Rank 0] Weights loaded.
2026-04-08 08:54:16 [INFO] [Rank 2] Finished. Latency: 197578 ms
2026-04-08 08:54:16 [INFO] [Rank 1] Finished. Latency: 197578 ms
2026-04-08 08:54:16 [INFO] [Rank 0] Finished. Latency: 197578 ms
2026-04-08 08:54:16 [INFO] [Rank 3] Finished. Latency: 197584 ms
2026-04-08 08:54:19 [INFO] Total latency:     197578 ms
2026-04-08 08:54:19 [INFO] Peak 5GB memory:   3516 MB
2026-04-08 08:54:19 [INFO] Avg  5GB memory:   2225 MB
2026-04-08 08:54:19 [INFO] [79/98] Split [18, 8, 3, 3] | Batch: 32 | Microbatch: 2 | Microbatches: 16
2026-04-08 08:54:19 [INFO] Loading WikiText... (SEQ_LEN=64, BATCH=32)
2026-04-08 08:54:33 [INFO] [Rank 2] Loading weights...
2026-04-08 08:54:34 [INFO] [Rank 3] Loading weights...
2026-04-08 08:54:39 [INFO] [Rank 2] Weights loaded.
2026-04-08 08:54:40 [INFO] [Rank 3] Weights loaded.
2026-04-08 08:54:41 [INFO] [Rank 1] Loading weights...
2026-04-08 08:54:47 [INFO] [Rank 1] Weights loaded.
2026-04-08 08:54:56 [INFO] [Rank 0] Loading weights...
2026-04-08 08:55:03 [INFO] [Rank 0] Weights loaded.
2026-04-08 09:01:22 [INFO] [Rank 2] Finished. Latency: 378991 ms
2026-04-08 09:01:22 [INFO] [Rank 1] Finished. Latency: 378991 ms
2026-04-08 09:01:22 [INFO] [Rank 0] Finished. Latency: 378991 ms
2026-04-08 09:01:22 [INFO] [Rank 3] Finished. Latency: 378995 ms
2026-04-08 09:01:26 [INFO] Total latency:     378991 ms
2026-04-08 09:01:26 [INFO] Peak 5GB memory:   2658 MB
2026-04-08 09:01:26 [INFO] Avg  5GB memory:   2163 MB
2026-04-08 09:01:26 [INFO] [80/98] Split [18, 8, 3, 3] | Batch: 64 | Microbatch: 32 | Microbatches: 2
2026-04-08 09:01:26 [INFO] Loading WikiText... (SEQ_LEN=64, BATCH=64)
2026-04-08 09:01:40 [INFO] [Rank 2] Loading weights...
2026-04-08 09:01:41 [INFO] [Rank 3] Loading weights...
2026-04-08 09:01:46 [INFO] [Rank 2] Weights loaded.
2026-04-08 09:01:47 [INFO] [Rank 3] Weights loaded.
2026-04-08 09:01:47 [INFO] [Rank 1] Loading weights...
2026-04-08 09:01:54 [INFO] [Rank 1] Weights loaded.
2026-04-08 09:02:02 [INFO] [Rank 0] Loading weights...
2026-04-08 09:02:10 [INFO] [Rank 0] Weights loaded.
2026-04-08 09:03:57 [INFO] [Rank 2] Finished. Latency: 107294 ms
2026-04-08 09:03:57 [INFO] [Rank 1] Finished. Latency: 107294 ms
2026-04-08 09:03:57 [INFO] [Rank 0] Finished. Latency: 107295 ms
2026-04-08 09:03:57 [INFO] [Rank 3] Finished. Latency: 107316 ms
2026-04-08 09:04:01 [INFO] Total latency:     107295 ms
2026-04-08 09:04:01 [INFO] Peak 5GB memory:   9668 MB
2026-04-08 09:04:01 [INFO] Avg  5GB memory:   4415 MB
2026-04-08 09:04:01 [INFO] [81/98] Split [18, 8, 3, 3] | Batch: 64 | Microbatch: 16 | Microbatches: 4
2026-04-08 09:04:01 [INFO] Loading WikiText... (SEQ_LEN=64, BATCH=64)
2026-04-08 09:04:15 [INFO] [Rank 2] Loading weights...
2026-04-08 09:04:16 [INFO] [Rank 3] Loading weights...
2026-04-08 09:04:21 [INFO] [Rank 2] Weights loaded.
2026-04-08 09:04:22 [INFO] [Rank 1] Loading weights...
2026-04-08 09:04:22 [INFO] [Rank 3] Weights loaded.
2026-04-08 09:04:28 [INFO] [Rank 1] Weights loaded.
2026-04-08 09:04:37 [INFO] [Rank 0] Loading weights...
2026-04-08 09:04:44 [INFO] [Rank 0] Weights loaded.
2026-04-08 09:07:08 [INFO] [Rank 1] Finished. Latency: 143708 ms
2026-04-08 09:07:08 [INFO] [Rank 2] Finished. Latency: 143708 ms
2026-04-08 09:07:08 [INFO] [Rank 0] Finished. Latency: 143708 ms
2026-04-08 09:07:08 [INFO] [Rank 3] Finished. Latency: 143721 ms
2026-04-08 09:07:12 [INFO] Total latency:     143708 ms
2026-04-08 09:07:12 [INFO] Peak 5GB memory:   9296 MB
2026-04-08 09:07:12 [INFO] Avg  5GB memory:   4388 MB
2026-04-08 09:07:12 [INFO] [82/98] Split [18, 8, 3, 3] | Batch: 64 | Microbatch: 8 | Microbatches: 8
2026-04-08 09:07:12 [INFO] Loading WikiText... (SEQ_LEN=64, BATCH=64)
2026-04-08 09:07:26 [INFO] [Rank 2] Loading weights...
2026-04-08 09:07:27 [INFO] [Rank 3] Loading weights...
2026-04-08 09:07:32 [INFO] [Rank 2] Weights loaded.
2026-04-08 09:07:33 [INFO] [Rank 3] Weights loaded.
2026-04-08 09:07:33 [INFO] [Rank 1] Loading weights...
2026-04-08 09:07:40 [INFO] [Rank 1] Weights loaded.
2026-04-08 09:07:48 [INFO] [Rank 0] Loading weights...
2026-04-08 09:07:56 [INFO] [Rank 0] Weights loaded.
2026-04-08 09:11:40 [INFO] [Rank 2] Finished. Latency: 223873 ms
2026-04-08 09:11:40 [INFO] [Rank 1] Finished. Latency: 223873 ms
2026-04-08 09:11:40 [INFO] [Rank 0] Finished. Latency: 223873 ms
2026-04-08 09:11:40 [INFO] [Rank 3] Finished. Latency: 223881 ms
2026-04-08 09:11:44 [INFO] Total latency:     223873 ms
2026-04-08 09:11:44 [INFO] Peak 5GB memory:   9518 MB
2026-04-08 09:11:44 [INFO] Avg  5GB memory:   4533 MB
2026-04-08 09:11:44 [INFO] [83/98] Split [18, 8, 3, 3] | Batch: 64 | Microbatch: 4 | Microbatches: 16
2026-04-08 09:11:44 [INFO] Loading WikiText... (SEQ_LEN=64, BATCH=64)
2026-04-08 09:11:58 [INFO] [Rank 2] Loading weights...
2026-04-08 09:11:59 [INFO] [Rank 3] Loading weights...
2026-04-08 09:12:04 [INFO] [Rank 2] Weights loaded.
2026-04-08 09:12:05 [INFO] [Rank 3] Weights loaded.
2026-04-08 09:12:06 [INFO] [Rank 1] Loading weights...
2026-04-08 09:12:12 [INFO] [Rank 1] Weights loaded.
2026-04-08 09:12:20 [INFO] [Rank 0] Loading weights...
2026-04-08 09:12:27 [INFO] [Rank 0] Weights loaded.
2026-04-08 09:19:02 [INFO] [Rank 2] Finished. Latency: 394515 ms
2026-04-08 09:19:02 [INFO] [Rank 1] Finished. Latency: 394515 ms
2026-04-08 09:19:02 [INFO] [Rank 0] Finished. Latency: 394515 ms
2026-04-08 09:19:02 [INFO] [Rank 3] Finished. Latency: 394521 ms
2026-04-08 09:19:06 [INFO] Total latency:     394515 ms
2026-04-08 09:19:06 [INFO] Peak 5GB memory:   5458 MB
2026-04-08 09:19:06 [INFO] Avg  5GB memory:   3105 MB
2026-04-08 09:19:06 [INFO] [84/98] Split [18, 8, 3, 3] | Batch: 64 | Microbatch: 2 | Microbatches: 32
2026-04-08 09:19:06 [INFO] Loading WikiText... (SEQ_LEN=64, BATCH=64)
2026-04-08 09:19:20 [INFO] [Rank 2] Loading weights...
2026-04-08 09:19:21 [INFO] [Rank 3] Loading weights...
2026-04-08 09:19:26 [INFO] [Rank 2] Weights loaded.
2026-04-08 09:19:27 [INFO] [Rank 1] Loading weights...
2026-04-08 09:19:27 [INFO] [Rank 3] Weights loaded.
2026-04-08 09:19:34 [INFO] [Rank 1] Weights loaded.
2026-04-08 09:19:42 [INFO] [Rank 0] Loading weights...
2026-04-08 09:19:50 [INFO] [Rank 0] Weights loaded.
2026-04-08 09:32:20 [INFO] [Rank 1] Finished. Latency: 749854 ms
2026-04-08 09:32:20 [INFO] [Rank 2] Finished. Latency: 749854 ms
2026-04-08 09:32:20 [INFO] [Rank 0] Finished. Latency: 749854 ms
2026-04-08 09:32:20 [INFO] [Rank 3] Finished. Latency: 749858 ms
2026-04-08 09:32:24 [INFO] Total latency:     749854 ms
2026-04-08 09:32:24 [INFO] Peak 5GB memory:   3730 MB
2026-04-08 09:32:24 [INFO] Avg  5GB memory:   2856 MB
2026-04-08 09:32:24 [INFO] [85/98] Split [18, 8, 4, 2] | Batch: 8 | Microbatch: 4 | Microbatches: 2
2026-04-08 09:32:24 [INFO] Loading WikiText... (SEQ_LEN=64, BATCH=8)
2026-04-08 09:32:37 [INFO] [Rank 3] Loading weights...
2026-04-08 09:32:39 [INFO] [Rank 2] Loading weights...
2026-04-08 09:32:43 [INFO] [Rank 3] Weights loaded.
2026-04-08 09:32:45 [INFO] [Rank 1] Loading weights...
2026-04-08 09:32:45 [INFO] [Rank 2] Weights loaded.
2026-04-08 09:32:52 [INFO] [Rank 1] Weights loaded.
2026-04-08 09:33:00 [INFO] [Rank 0] Loading weights...
2026-04-08 09:33:07 [INFO] [Rank 0] Weights loaded.
2026-04-08 09:33:58 [INFO] [Rank 1] Finished. Latency: 50924 ms
2026-04-08 09:33:58 [INFO] [Rank 2] Finished. Latency: 50924 ms
2026-04-08 09:33:58 [INFO] [Rank 0] Finished. Latency: 50924 ms
2026-04-08 09:33:58 [INFO] [Rank 3] Finished. Latency: 50928 ms
2026-04-08 09:34:02 [INFO] Total latency:     50924 ms
2026-04-08 09:34:02 [INFO] Peak 5GB memory:   1632 MB
2026-04-08 09:34:02 [INFO] Avg  5GB memory:   1151 MB
2026-04-08 09:34:02 [INFO] [86/98] Split [18, 8, 4, 2] | Batch: 8 | Microbatch: 2 | Microbatches: 4
2026-04-08 09:34:02 [INFO] Loading WikiText... (SEQ_LEN=64, BATCH=8)
2026-04-08 09:34:15 [INFO] [Rank 3] Loading weights...
2026-04-08 09:34:17 [INFO] [Rank 2] Loading weights...
2026-04-08 09:34:21 [INFO] [Rank 3] Weights loaded.
2026-04-08 09:34:23 [INFO] [Rank 1] Loading weights...
2026-04-08 09:34:23 [INFO] [Rank 2] Weights loaded.
2026-04-08 09:34:29 [INFO] [Rank 1] Weights loaded.
2026-04-08 09:34:37 [INFO] [Rank 0] Loading weights...
2026-04-08 09:34:45 [INFO] [Rank 0] Weights loaded.
2026-04-08 09:36:21 [INFO] [Rank 2] Finished. Latency: 95712 ms
2026-04-08 09:36:21 [INFO] [Rank 1] Finished. Latency: 95712 ms
2026-04-08 09:36:21 [INFO] [Rank 0] Finished. Latency: 95712 ms
2026-04-08 09:36:21 [INFO] [Rank 3] Finished. Latency: 95715 ms
2026-04-08 09:36:24 [INFO] Total latency:     95712 ms
2026-04-08 09:36:24 [INFO] Peak 5GB memory:   1632 MB
2026-04-08 09:36:24 [INFO] Avg  5GB memory:   1197 MB
2026-04-08 09:36:24 [INFO] [87/98] Split [18, 8, 4, 2] | Batch: 16 | Microbatch: 8 | Microbatches: 2
2026-04-08 09:36:24 [INFO] Loading WikiText... (SEQ_LEN=64, BATCH=16)
2026-04-08 09:36:38 [INFO] [Rank 3] Loading weights...
2026-04-08 09:36:40 [INFO] [Rank 2] Loading weights...
2026-04-08 09:36:44 [INFO] [Rank 3] Weights loaded.
2026-04-08 09:36:45 [INFO] [Rank 1] Loading weights...
2026-04-08 09:36:46 [INFO] [Rank 2] Weights loaded.
2026-04-08 09:36:52 [INFO] [Rank 1] Weights loaded.
2026-04-08 09:37:00 [INFO] [Rank 0] Loading weights...
2026-04-08 09:37:08 [INFO] [Rank 0] Weights loaded.
2026-04-08 09:38:05 [INFO] [Rank 2] Finished. Latency: 56701 ms
2026-04-08 09:38:05 [INFO] [Rank 1] Finished. Latency: 56701 ms
2026-04-08 09:38:05 [INFO] [Rank 0] Finished. Latency: 56701 ms
2026-04-08 09:38:05 [INFO] [Rank 3] Finished. Latency: 56707 ms
2026-04-08 09:38:08 [INFO] Total latency:     56701 ms
2026-04-08 09:38:08 [INFO] Peak 5GB memory:   3798 MB
2026-04-08 09:38:08 [INFO] Avg  5GB memory:   1671 MB
2026-04-08 09:38:09 [INFO] [88/98] Split [18, 8, 4, 2] | Batch: 16 | Microbatch: 4 | Microbatches: 4
2026-04-08 09:38:09 [INFO] Loading WikiText... (SEQ_LEN=64, BATCH=16)
2026-04-08 09:38:22 [INFO] [Rank 3] Loading weights...
2026-04-08 09:38:24 [INFO] [Rank 2] Loading weights...
2026-04-08 09:38:28 [INFO] [Rank 3] Weights loaded.
2026-04-08 09:38:30 [INFO] [Rank 1] Loading weights...
2026-04-08 09:38:30 [INFO] [Rank 2] Weights loaded.
2026-04-08 09:38:36 [INFO] [Rank 1] Weights loaded.
2026-04-08 09:38:45 [INFO] [Rank 0] Loading weights...
2026-04-08 09:38:52 [INFO] [Rank 0] Weights loaded.
2026-04-08 09:40:33 [INFO] [Rank 2] Finished. Latency: 100237 ms
2026-04-08 09:40:33 [INFO] [Rank 1] Finished. Latency: 100237 ms
2026-04-08 09:40:33 [INFO] [Rank 0] Finished. Latency: 100237 ms
2026-04-08 09:40:33 [INFO] [Rank 3] Finished. Latency: 100241 ms
2026-04-08 09:40:36 [INFO] Total latency:     100237 ms
2026-04-08 09:40:36 [INFO] Peak 5GB memory:   1830 MB
2026-04-08 09:40:36 [INFO] Avg  5GB memory:   1314 MB
2026-04-08 09:40:36 [INFO] [89/98] Split [18, 8, 4, 2] | Batch: 16 | Microbatch: 2 | Microbatches: 8
2026-04-08 09:40:36 [INFO] Loading WikiText... (SEQ_LEN=64, BATCH=16)
2026-04-08 09:40:50 [INFO] [Rank 3] Loading weights...
2026-04-08 09:40:52 [INFO] [Rank 2] Loading weights...
2026-04-08 09:40:56 [INFO] [Rank 3] Weights loaded.
2026-04-08 09:40:58 [INFO] [Rank 1] Loading weights...
2026-04-08 09:40:58 [INFO] [Rank 2] Weights loaded.
2026-04-08 09:41:04 [INFO] [Rank 1] Weights loaded.
2026-04-08 09:41:13 [INFO] [Rank 0] Loading weights...
2026-04-08 09:41:20 [INFO] [Rank 0] Weights loaded.
2026-04-08 09:44:31 [INFO] [Rank 1] Finished. Latency: 190799 ms
2026-04-08 09:44:31 [INFO] [Rank 2] Finished. Latency: 190799 ms
2026-04-08 09:44:31 [INFO] [Rank 0] Finished. Latency: 190799 ms
2026-04-08 09:44:31 [INFO] [Rank 3] Finished. Latency: 190803 ms
2026-04-08 09:44:35 [INFO] Total latency:     190799 ms
2026-04-08 09:44:35 [INFO] Peak 5GB memory:   1632 MB
2026-04-08 09:44:35 [INFO] Avg  5GB memory:   1333 MB
2026-04-08 09:44:35 [INFO] [90/98] Split [18, 8, 4, 2] | Batch: 32 | Microbatch: 16 | Microbatches: 2
2026-04-08 09:44:35 [INFO] Loading WikiText... (SEQ_LEN=64, BATCH=32)
2026-04-08 09:44:48 [INFO] [Rank 3] Loading weights...
2026-04-08 09:44:50 [INFO] [Rank 2] Loading weights...
2026-04-08 09:44:54 [INFO] [Rank 3] Weights loaded.
2026-04-08 09:44:56 [INFO] [Rank 1] Loading weights...
2026-04-08 09:44:56 [INFO] [Rank 2] Weights loaded.
2026-04-08 09:45:02 [INFO] [Rank 1] Weights loaded.
2026-04-08 09:45:11 [INFO] [Rank 0] Loading weights...
2026-04-08 09:45:18 [INFO] [Rank 0] Weights loaded.
2026-04-08 09:46:30 [INFO] [Rank 2] Finished. Latency: 72460 ms
2026-04-08 09:46:30 [INFO] [Rank 1] Finished. Latency: 72460 ms
2026-04-08 09:46:30 [INFO] [Rank 0] Finished. Latency: 72460 ms
2026-04-08 09:46:30 [INFO] [Rank 3] Finished. Latency: 72469 ms
2026-04-08 09:46:34 [INFO] Total latency:     72460 ms
2026-04-08 09:46:34 [INFO] Peak 5GB memory:   9260 MB
2026-04-08 09:46:34 [INFO] Avg  5GB memory:   2985 MB
2026-04-08 09:46:34 [INFO] [91/98] Split [18, 8, 4, 2] | Batch: 32 | Microbatch: 8 | Microbatches: 4
2026-04-08 09:46:34 [INFO] Loading WikiText... (SEQ_LEN=64, BATCH=32)
2026-04-08 09:46:47 [INFO] [Rank 3] Loading weights...
2026-04-08 09:46:49 [INFO] [Rank 2] Loading weights...
2026-04-08 09:46:53 [INFO] [Rank 3] Weights loaded.
2026-04-08 09:46:55 [INFO] [Rank 1] Loading weights...
2026-04-08 09:46:55 [INFO] [Rank 2] Weights loaded.
2026-04-08 09:47:01 [INFO] [Rank 1] Weights loaded.
2026-04-08 09:47:10 [INFO] [Rank 0] Loading weights...
2026-04-08 09:47:17 [INFO] [Rank 0] Weights loaded.
2026-04-08 09:49:10 [INFO] [Rank 2] Finished. Latency: 112708 ms
2026-04-08 09:49:10 [INFO] [Rank 1] Finished. Latency: 112708 ms
2026-04-08 09:49:10 [INFO] [Rank 0] Finished. Latency: 112708 ms
2026-04-08 09:49:10 [INFO] [Rank 3] Finished. Latency: 112714 ms
2026-04-08 09:49:14 [INFO] Total latency:     112708 ms
2026-04-08 09:49:14 [INFO] Peak 5GB memory:   6134 MB
2026-04-08 09:49:14 [INFO] Avg  5GB memory:   2511 MB
2026-04-08 09:49:14 [INFO] [92/98] Split [18, 8, 4, 2] | Batch: 32 | Microbatch: 4 | Microbatches: 8
2026-04-08 09:49:14 [INFO] Loading WikiText... (SEQ_LEN=64, BATCH=32)
2026-04-08 09:49:27 [INFO] [Rank 3] Loading weights...
2026-04-08 09:49:29 [INFO] [Rank 2] Loading weights...
2026-04-08 09:49:33 [INFO] [Rank 3] Weights loaded.
2026-04-08 09:49:35 [INFO] [Rank 1] Loading weights...
2026-04-08 09:49:35 [INFO] [Rank 2] Weights loaded.
2026-04-08 09:49:41 [INFO] [Rank 1] Weights loaded.
2026-04-08 09:49:50 [INFO] [Rank 0] Loading weights...
2026-04-08 09:49:57 [INFO] [Rank 0] Weights loaded.
2026-04-08 09:53:16 [INFO] [Rank 1] Finished. Latency: 198485 ms
2026-04-08 09:53:16 [INFO] [Rank 2] Finished. Latency: 198485 ms
2026-04-08 09:53:16 [INFO] [Rank 0] Finished. Latency: 198485 ms
2026-04-08 09:53:16 [INFO] [Rank 3] Finished. Latency: 198489 ms
2026-04-08 09:53:20 [INFO] Total latency:     198485 ms
2026-04-08 09:53:20 [INFO] Peak 5GB memory:   2490 MB
2026-04-08 09:53:20 [INFO] Avg  5GB memory:   1626 MB
2026-04-08 09:53:20 [INFO] [93/98] Split [18, 8, 4, 2] | Batch: 32 | Microbatch: 2 | Microbatches: 16
2026-04-08 09:53:20 [INFO] Loading WikiText... (SEQ_LEN=64, BATCH=32)
2026-04-08 09:53:33 [INFO] [Rank 3] Loading weights...
2026-04-08 09:53:35 [INFO] [Rank 2] Loading weights...
2026-04-08 09:53:39 [INFO] [Rank 3] Weights loaded.
2026-04-08 09:53:41 [INFO] [Rank 1] Loading weights...
2026-04-08 09:53:41 [INFO] [Rank 2] Weights loaded.
2026-04-08 09:53:47 [INFO] [Rank 1] Weights loaded.
2026-04-08 09:53:56 [INFO] [Rank 0] Loading weights...
2026-04-08 09:54:03 [INFO] [Rank 0] Weights loaded.
2026-04-08 10:00:19 [INFO] [Rank 2] Finished. Latency: 375545 ms
2026-04-08 10:00:19 [INFO] [Rank 1] Finished. Latency: 375545 ms
2026-04-08 10:00:19 [INFO] [Rank 0] Finished. Latency: 375545 ms
2026-04-08 10:00:19 [INFO] [Rank 3] Finished. Latency: 375549 ms
2026-04-08 10:00:23 [INFO] Total latency:     375545 ms
2026-04-08 10:00:23 [INFO] Peak 5GB memory:   1920 MB
2026-04-08 10:00:23 [INFO] Avg  5GB memory:   1586 MB
2026-04-08 10:00:23 [INFO] [94/98] Split [18, 8, 4, 2] | Batch: 64 | Microbatch: 32 | Microbatches: 2
2026-04-08 10:00:23 [INFO] Loading WikiText... (SEQ_LEN=64, BATCH=64)
2026-04-08 10:00:36 [INFO] [Rank 3] Loading weights...
2026-04-08 10:00:38 [INFO] [Rank 2] Loading weights...
2026-04-08 10:00:42 [INFO] [Rank 3] Weights loaded.
2026-04-08 10:00:44 [INFO] [Rank 1] Loading weights...
2026-04-08 10:00:44 [INFO] [Rank 2] Weights loaded.
2026-04-08 10:00:50 [INFO] [Rank 1] Weights loaded.
2026-04-08 10:00:59 [INFO] [Rank 0] Loading weights...
2026-04-08 10:01:06 [INFO] [Rank 0] Weights loaded.
2026-04-08 10:02:54 [INFO] [Rank 1] Finished. Latency: 107486 ms
2026-04-08 10:02:54 [INFO] [Rank 2] Finished. Latency: 107486 ms
2026-04-08 10:02:54 [INFO] [Rank 0] Finished. Latency: 107486 ms
2026-04-08 10:02:54 [INFO] [Rank 3] Finished. Latency: 107501 ms
2026-04-08 10:02:58 [INFO] Total latency:     107486 ms
2026-04-08 10:02:58 [INFO] Peak 5GB memory:   9622 MB
2026-04-08 10:02:58 [INFO] Avg  5GB memory:   4010 MB
2026-04-08 10:02:58 [INFO] [95/98] Split [18, 8, 4, 2] | Batch: 64 | Microbatch: 16 | Microbatches: 4
2026-04-08 10:02:58 [INFO] Loading WikiText... (SEQ_LEN=64, BATCH=64)
2026-04-08 10:03:11 [INFO] [Rank 3] Loading weights...
2026-04-08 10:03:13 [INFO] [Rank 2] Loading weights...
2026-04-08 10:03:17 [INFO] [Rank 3] Weights loaded.
2026-04-08 10:03:18 [INFO] [Rank 1] Loading weights...
2026-04-08 10:03:19 [INFO] [Rank 2] Weights loaded.
2026-04-08 10:03:25 [INFO] [Rank 1] Weights loaded.
2026-04-08 10:03:34 [INFO] [Rank 0] Loading weights...
2026-04-08 10:03:41 [INFO] [Rank 0] Weights loaded.
2026-04-08 10:06:05 [INFO] [Rank 1] Finished. Latency: 144041 ms
2026-04-08 10:06:05 [INFO] [Rank 2] Finished. Latency: 144042 ms
2026-04-08 10:06:05 [INFO] [Rank 0] Finished. Latency: 144042 ms
2026-04-08 10:06:05 [INFO] [Rank 3] Finished. Latency: 144050 ms
2026-04-08 10:06:09 [INFO] Total latency:     144042 ms
2026-04-08 10:06:09 [INFO] Peak 5GB memory:   9170 MB
2026-04-08 10:06:09 [INFO] Avg  5GB memory:   3904 MB
2026-04-08 10:06:09 [INFO] [96/98] Split [18, 8, 4, 2] | Batch: 64 | Microbatch: 8 | Microbatches: 8
2026-04-08 10:06:09 [INFO] Loading WikiText... (SEQ_LEN=64, BATCH=64)
2026-04-08 10:06:22 [INFO] [Rank 3] Loading weights...
2026-04-08 10:06:24 [INFO] [Rank 2] Loading weights...
2026-04-08 10:06:29 [INFO] [Rank 3] Weights loaded.
2026-04-08 10:06:30 [INFO] [Rank 1] Loading weights...
2026-04-08 10:06:31 [INFO] [Rank 2] Weights loaded.
2026-04-08 10:06:37 [INFO] [Rank 1] Weights loaded.
2026-04-08 10:06:45 [INFO] [Rank 0] Loading weights...
2026-04-08 10:06:52 [INFO] [Rank 0] Weights loaded.
2026-04-08 10:10:37 [INFO] [Rank 2] Finished. Latency: 224651 ms
2026-04-08 10:10:37 [INFO] [Rank 1] Finished. Latency: 224651 ms
2026-04-08 10:10:37 [INFO] [Rank 0] Finished. Latency: 224651 ms
2026-04-08 10:10:37 [INFO] [Rank 3] Finished. Latency: 224656 ms
2026-04-08 10:10:41 [INFO] Total latency:     224651 ms
2026-04-08 10:10:41 [INFO] Peak 5GB memory:   9720 MB
2026-04-08 10:10:41 [INFO] Avg  5GB memory:   3803 MB
2026-04-08 10:10:41 [INFO] [97/98] Split [18, 8, 4, 2] | Batch: 64 | Microbatch: 4 | Microbatches: 16
2026-04-08 10:10:41 [INFO] Loading WikiText... (SEQ_LEN=64, BATCH=64)
2026-04-08 10:10:54 [INFO] [Rank 3] Loading weights...
2026-04-08 10:10:56 [INFO] [Rank 2] Loading weights...
2026-04-08 10:11:00 [INFO] [Rank 3] Weights loaded.
2026-04-08 10:11:02 [INFO] [Rank 1] Loading weights...
2026-04-08 10:11:02 [INFO] [Rank 2] Weights loaded.
2026-04-08 10:11:08 [INFO] [Rank 1] Weights loaded.
2026-04-08 10:11:17 [INFO] [Rank 0] Loading weights...
2026-04-08 10:11:24 [INFO] [Rank 0] Weights loaded.
2026-04-08 10:18:02 [INFO] [Rank 1] Finished. Latency: 398184 ms
2026-04-08 10:18:02 [INFO] [Rank 2] Finished. Latency: 398184 ms
2026-04-08 10:18:02 [INFO] [Rank 0] Finished. Latency: 398184 ms
2026-04-08 10:18:02 [INFO] [Rank 3] Finished. Latency: 398188 ms
2026-04-08 10:18:06 [INFO] Total latency:     398184 ms
2026-04-08 10:18:06 [INFO] Peak 5GB memory:   3792 MB
2026-04-08 10:18:06 [INFO] Avg  5GB memory:   2226 MB
2026-04-08 10:18:06 [INFO] [98/98] Split [18, 8, 4, 2] | Batch: 64 | Microbatch: 2 | Microbatches: 32
2026-04-08 10:18:06 [INFO] Loading WikiText... (SEQ_LEN=64, BATCH=64)
2026-04-08 10:18:20 [INFO] [Rank 3] Loading weights...
2026-04-08 10:18:21 [INFO] [Rank 2] Loading weights...
2026-04-08 10:18:26 [INFO] [Rank 3] Weights loaded.
2026-04-08 10:18:27 [INFO] [Rank 1] Loading weights...
2026-04-08 10:18:28 [INFO] [Rank 2] Weights loaded.
2026-04-08 10:18:34 [INFO] [Rank 1] Weights loaded.
2026-04-08 10:18:42 [INFO] [Rank 0] Loading weights...
2026-04-08 10:18:50 [INFO] [Rank 0] Weights loaded.
2026-04-08 10:31:26 [INFO] [Rank 1] Finished. Latency: 756641 ms
2026-04-08 10:31:26 [INFO] [Rank 0] Finished. Latency: 756642 ms
2026-04-08 10:31:26 [INFO] [Rank 2] Finished. Latency: 756641 ms
2026-04-08 10:31:26 [INFO] [Rank 3] Finished. Latency: 756645 ms
2026-04-08 10:31:30 [INFO] Total latency:     756642 ms
2026-04-08 10:31:30 [INFO] Peak 5GB memory:   2640 MB
2026-04-08 10:31:30 [INFO] Avg  5GB memory:   2059 MB
2026-04-08 10:31:30 [INFO] --- Best by Latency ---
2026-04-08 10:31:30 [INFO] Split: [18, 8, 3, 3] | Batch: 8 | MB: 4 | Latency: 50894 ms | Peak R2: 1806 MB | Peak R3: 2056 MB
2026-04-08 10:31:30 [INFO] --- Most Memory Efficient (lowest peak 5GB at batch=64) ---
2026-04-08 10:31:30 [INFO] Split: [18, 8, 3, 3] | MB: 2 | Latency: 749854 ms | Peak R2: 3476 MB | Peak R3: 3730 MB
2026-04-08 10:31:30 [INFO] 0 configurations skipped due to OOM
2026-04-08 10:31:30 [INFO] Done.
2026-04-08 10:31:30 [INFO] Benchmark results → mig_benchmark_results.csv
2026-04-08 10:31:30 [INFO] Memory trace      → mig_memory_trace.csv
