2026-04-10 19:59:36 [INFO] Setting up DCGM monitor group...
2026-04-10 19:59:36 [INFO] [1/364] Split [14, 9, 5, 4] | Batch: 8 | Microbatch: 4 | Microbatches: 2
2026-04-10 19:59:36 [INFO] Loading WikiText... (SEQ_LEN=64, BATCH=8)
2026-04-10 19:59:53 [INFO] [Rank 3] Loading weights...
2026-04-10 19:59:54 [INFO] [Rank 2] Loading weights...
2026-04-10 19:59:54 [INFO] [Rank 3] Weights loaded.
2026-04-10 19:59:55 [INFO] [Rank 2] Weights loaded.
2026-04-10 20:00:00 [INFO] [Rank 1] Loading weights...
2026-04-10 20:00:01 [INFO] [Rank 1] Weights loaded.
2026-04-10 20:00:08 [INFO] [Rank 0] Loading weights...
2026-04-10 20:00:10 [INFO] [Rank 0] Weights loaded.
2026-04-10 20:01:16 [INFO] [Rank 2] Finished. Latency: 66135 ms
2026-04-10 20:01:16 [INFO] [Rank 1] Finished. Latency: 66135 ms
2026-04-10 20:01:16 [INFO] [Rank 0] Finished. Latency: 66135 ms
2026-04-10 20:01:16 [INFO] [Rank 3] Finished. Latency: 66144 ms
2026-04-10 20:01:20 [INFO] Total latency:     66135 ms
2026-04-10 20:01:20 [INFO] Peak 5GB memory:   2602 MB
2026-04-10 20:01:20 [INFO] Avg  5GB memory:   1922 MB
2026-04-10 20:01:20 [INFO] [2/364] Split [14, 9, 5, 4] | Batch: 8 | Microbatch: 2 | Microbatches: 4
2026-04-10 20:01:20 [INFO] Loading WikiText... (SEQ_LEN=64, BATCH=8)
2026-04-10 20:01:22 [WARNING] '('Connection broken: IncompleteRead(0 bytes read, 65536 more expected)', IncompleteRead(0 bytes read, 65536 more expected))' thrown while requesting GET https://huggingface.co/datasets/wikitext/resolve/b08601e04326c79dfdd32d625aee71d232d685c3/wikitext-2-raw-v1/test-00000-of-00001.parquet
2026-04-10 20:01:22 [WARNING] Retrying in 1s [Retry 1/5].
2026-04-10 20:01:39 [INFO] [Rank 3] Loading weights...
2026-04-10 20:01:39 [INFO] [Rank 2] Loading weights...
2026-04-10 20:01:40 [INFO] [Rank 3] Weights loaded.
2026-04-10 20:01:40 [INFO] [Rank 2] Weights loaded.
2026-04-10 20:01:45 [INFO] [Rank 1] Loading weights...
2026-04-10 20:01:47 [INFO] [Rank 1] Weights loaded.
2026-04-10 20:01:53 [INFO] [Rank 0] Loading weights...
2026-04-10 20:01:55 [INFO] [Rank 0] Weights loaded.
2026-04-10 20:04:00 [INFO] [Rank 0] Finished. Latency: 124762 ms
2026-04-10 20:04:00 [INFO] [Rank 2] Finished. Latency: 124762 ms
2026-04-10 20:04:00 [INFO] [Rank 1] Finished. Latency: 124762 ms
2026-04-10 20:04:00 [INFO] [Rank 3] Finished. Latency: 124770 ms
2026-04-10 20:04:04 [INFO] Total latency:     124762 ms
2026-04-10 20:04:04 [INFO] Peak 5GB memory:   2326 MB
2026-04-10 20:04:04 [INFO] Avg  5GB memory:   1992 MB
2026-04-10 20:04:04 [INFO] [3/364] Split [14, 9, 5, 4] | Batch: 16 | Microbatch: 8 | Microbatches: 2
2026-04-10 20:04:04 [INFO] Loading WikiText... (SEQ_LEN=64, BATCH=16)
2026-04-10 20:04:20 [INFO] [Rank 3] Loading weights...
2026-04-10 20:04:20 [INFO] [Rank 2] Loading weights...
2026-04-10 20:04:21 [INFO] [Rank 3] Weights loaded.
2026-04-10 20:04:21 [INFO] [Rank 2] Weights loaded.
2026-04-10 20:04:26 [INFO] [Rank 1] Loading weights...
2026-04-10 20:04:27 [INFO] [Rank 1] Weights loaded.
2026-04-10 20:04:34 [INFO] [Rank 0] Loading weights...
2026-04-10 20:04:36 [INFO] [Rank 0] Weights loaded.
2026-04-10 20:05:51 [INFO] [Rank 2] Finished. Latency: 74464 ms
2026-04-10 20:05:51 [INFO] [Rank 0] Finished. Latency: 74464 ms
2026-04-10 20:05:51 [INFO] [Rank 1] Finished. Latency: 74464 ms
2026-04-10 20:05:51 [INFO] [Rank 3] Finished. Latency: 74476 ms
2026-04-10 20:05:55 [INFO] Total latency:     74464 ms
2026-04-10 20:05:55 [INFO] Peak 5GB memory:   4702 MB
2026-04-10 20:05:55 [INFO] Avg  5GB memory:   2617 MB
2026-04-10 20:05:55 [INFO] [4/364] Split [14, 9, 5, 4] | Batch: 16 | Microbatch: 4 | Microbatches: 4
2026-04-10 20:05:55 [INFO] Loading WikiText... (SEQ_LEN=64, BATCH=16)
2026-04-10 20:05:57 [WARNING] '('Connection broken: IncompleteRead(0 bytes read, 732606 more expected)', IncompleteRead(0 bytes read, 732606 more expected))' thrown while requesting GET https://huggingface.co/datasets/wikitext/resolve/b08601e04326c79dfdd32d625aee71d232d685c3/wikitext-2-raw-v1/test-00000-of-00001.parquet
2026-04-10 20:05:57 [WARNING] Retrying in 1s [Retry 1/5].
2026-04-10 20:05:59 [WARNING] '('Connection broken: IncompleteRead(0 bytes read, 732606 more expected)', IncompleteRead(0 bytes read, 732606 more expected))' thrown while requesting GET https://huggingface.co/datasets/wikitext/resolve/b08601e04326c79dfdd32d625aee71d232d685c3/wikitext-2-raw-v1/test-00000-of-00001.parquet
2026-04-10 20:05:59 [WARNING] Retrying in 2s [Retry 2/5].
2026-04-10 20:06:16 [INFO] [Rank 3] Loading weights...
2026-04-10 20:06:16 [INFO] [Rank 2] Loading weights...
2026-04-10 20:06:17 [INFO] [Rank 3] Weights loaded.
2026-04-10 20:06:17 [INFO] [Rank 2] Weights loaded.
2026-04-10 20:06:22 [INFO] [Rank 1] Loading weights...
2026-04-10 20:06:24 [INFO] [Rank 1] Weights loaded.
2026-04-10 20:06:30 [INFO] [Rank 0] Loading weights...
2026-04-10 20:06:32 [INFO] [Rank 0] Weights loaded.
2026-04-10 20:08:43 [INFO] [Rank 2] Finished. Latency: 130845 ms
2026-04-10 20:08:43 [INFO] [Rank 1] Finished. Latency: 130845 ms
2026-04-10 20:08:43 [INFO] [Rank 0] Finished. Latency: 130845 ms
2026-04-10 20:08:43 [INFO] [Rank 3] Finished. Latency: 130854 ms
2026-04-10 20:08:47 [INFO] Total latency:     130845 ms
2026-04-10 20:08:47 [INFO] Peak 5GB memory:   3202 MB
2026-04-10 20:08:47 [INFO] Avg  5GB memory:   2283 MB
2026-04-10 20:08:47 [INFO] [5/364] Split [14, 9, 5, 4] | Batch: 16 | Microbatch: 2 | Microbatches: 8
2026-04-10 20:08:47 [INFO] Loading WikiText... (SEQ_LEN=64, BATCH=16)
2026-04-10 20:09:03 [INFO] [Rank 3] Loading weights...
2026-04-10 20:09:04 [INFO] [Rank 2] Loading weights...
2026-04-10 20:09:04 [INFO] [Rank 3] Weights loaded.
2026-04-10 20:09:05 [INFO] [Rank 2] Weights loaded.
2026-04-10 20:09:10 [INFO] [Rank 1] Loading weights...
2026-04-10 20:09:11 [INFO] [Rank 1] Weights loaded.
2026-04-10 20:09:18 [INFO] [Rank 0] Loading weights...
2026-04-10 20:09:20 [INFO] [Rank 0] Weights loaded.
2026-04-10 20:13:27 [INFO] [Rank 1] Finished. Latency: 246793 ms
2026-04-10 20:13:27 [INFO] [Rank 2] Finished. Latency: 246793 ms
2026-04-10 20:13:27 [INFO] [Rank 0] Finished. Latency: 246793 ms
2026-04-10 20:13:27 [INFO] [Rank 3] Finished. Latency: 246800 ms
2026-04-10 20:13:31 [INFO] Total latency:     246793 ms
2026-04-10 20:13:31 [INFO] Peak 5GB memory:   2682 MB
2026-04-10 20:13:31 [INFO] Avg  5GB memory:   2285 MB
2026-04-10 20:13:31 [INFO] [6/364] Split [14, 9, 5, 4] | Batch: 32 | Microbatch: 16 | Microbatches: 2
2026-04-10 20:13:31 [INFO] Loading WikiText... (SEQ_LEN=64, BATCH=32)
2026-04-10 20:13:47 [INFO] [Rank 3] Loading weights...
2026-04-10 20:13:48 [INFO] [Rank 2] Loading weights...
2026-04-10 20:13:48 [INFO] [Rank 3] Weights loaded.
2026-04-10 20:13:48 [INFO] [Rank 2] Weights loaded.
2026-04-10 20:13:54 [INFO] [Rank 1] Loading weights...
2026-04-10 20:13:55 [INFO] [Rank 1] Weights loaded.
2026-04-10 20:14:02 [INFO] [Rank 0] Loading weights...
2026-04-10 20:14:04 [INFO] [Rank 0] Weights loaded.
2026-04-10 20:15:37 [INFO] [Rank 2] Finished. Latency: 93062 ms
2026-04-10 20:15:37 [INFO] [Rank 0] Finished. Latency: 93062 ms
2026-04-10 20:15:37 [INFO] [Rank 1] Finished. Latency: 93062 ms
2026-04-10 20:15:37 [INFO] [Rank 3] Finished. Latency: 93081 ms
2026-04-10 20:15:41 [INFO] Total latency:     93062 ms
2026-04-10 20:15:41 [INFO] Peak 5GB memory:   4720 MB
2026-04-10 20:15:41 [INFO] Avg  5GB memory:   2938 MB
2026-04-10 20:15:41 [INFO] [7/364] Split [14, 9, 5, 4] | Batch: 32 | Microbatch: 8 | Microbatches: 4
2026-04-10 20:15:41 [INFO] Loading WikiText... (SEQ_LEN=64, BATCH=32)
2026-04-10 20:15:56 [INFO] [Rank 3] Loading weights...
2026-04-10 20:15:57 [INFO] [Rank 2] Loading weights...
2026-04-10 20:15:57 [INFO] [Rank 3] Weights loaded.
2026-04-10 20:15:58 [INFO] [Rank 2] Weights loaded.
2026-04-10 20:16:03 [INFO] [Rank 1] Loading weights...
2026-04-10 20:16:04 [INFO] [Rank 1] Weights loaded.
2026-04-10 20:16:11 [INFO] [Rank 0] Loading weights...
2026-04-10 20:16:13 [INFO] [Rank 0] Weights loaded.
2026-04-10 20:18:39 [INFO] [Rank 2] Finished. Latency: 145891 ms
2026-04-10 20:18:39 [INFO] [Rank 1] Finished. Latency: 145891 ms
2026-04-10 20:18:39 [INFO] [Rank 0] Finished. Latency: 145891 ms
2026-04-10 20:18:39 [INFO] [Rank 3] Finished. Latency: 145904 ms
2026-04-10 20:18:43 [INFO] Total latency:     145891 ms
2026-04-10 20:18:43 [INFO] Peak 5GB memory:   4670 MB
2026-04-10 20:18:43 [INFO] Avg  5GB memory:   2981 MB
2026-04-10 20:18:43 [INFO] [8/364] Split [14, 9, 5, 4] | Batch: 32 | Microbatch: 4 | Microbatches: 8
2026-04-10 20:18:43 [INFO] Loading WikiText... (SEQ_LEN=64, BATCH=32)
2026-04-10 20:18:58 [INFO] [Rank 3] Loading weights...
2026-04-10 20:18:58 [INFO] [Rank 2] Loading weights...
2026-04-10 20:18:59 [INFO] [Rank 3] Weights loaded.
2026-04-10 20:18:59 [INFO] [Rank 2] Weights loaded.
2026-04-10 20:19:04 [INFO] [Rank 1] Loading weights...
2026-04-10 20:19:05 [INFO] [Rank 1] Weights loaded.
2026-04-10 20:19:12 [INFO] [Rank 0] Loading weights...
2026-04-10 20:19:14 [INFO] [Rank 0] Weights loaded.
2026-04-10 20:23:30 [INFO] [Rank 0] Finished. Latency: 255912 ms
2026-04-10 20:23:30 [INFO] [Rank 1] Finished. Latency: 255912 ms
2026-04-10 20:23:30 [INFO] [Rank 2] Finished. Latency: 255912 ms
2026-04-10 20:23:30 [INFO] [Rank 3] Finished. Latency: 255920 ms
2026-04-10 20:23:34 [INFO] Total latency:     255912 ms
2026-04-10 20:23:34 [INFO] Peak 5GB memory:   4542 MB
2026-04-10 20:23:34 [INFO] Avg  5GB memory:   2929 MB
2026-04-10 20:23:34 [INFO] [9/364] Split [14, 9, 5, 4] | Batch: 32 | Microbatch: 2 | Microbatches: 16
2026-04-10 20:23:34 [INFO] Loading WikiText... (SEQ_LEN=64, BATCH=32)
2026-04-10 20:23:50 [INFO] [Rank 3] Loading weights...
2026-04-10 20:23:50 [INFO] [Rank 2] Loading weights...
2026-04-10 20:23:51 [INFO] [Rank 3] Weights loaded.
2026-04-10 20:23:51 [INFO] [Rank 2] Weights loaded.
2026-04-10 20:23:56 [INFO] [Rank 1] Loading weights...
2026-04-10 20:23:58 [INFO] [Rank 1] Weights loaded.
2026-04-10 20:24:04 [INFO] [Rank 0] Loading weights...
2026-04-10 20:24:07 [INFO] [Rank 0] Weights loaded.
2026-04-10 20:32:15 [INFO] [Rank 2] Finished. Latency: 488096 ms
2026-04-10 20:32:15 [INFO] [Rank 0] Finished. Latency: 488096 ms
2026-04-10 20:32:15 [INFO] [Rank 1] Finished. Latency: 488096 ms
2026-04-10 20:32:15 [INFO] [Rank 3] Finished. Latency: 488102 ms
2026-04-10 20:32:19 [INFO] Total latency:     488096 ms
2026-04-10 20:32:19 [INFO] Peak 5GB memory:   3396 MB
2026-04-10 20:32:19 [INFO] Avg  5GB memory:   2780 MB
2026-04-10 20:32:19 [INFO] [10/364] Split [14, 9, 5, 4] | Batch: 64 | Microbatch: 32 | Microbatches: 2
2026-04-10 20:32:19 [INFO] Loading WikiText... (SEQ_LEN=64, BATCH=64)
2026-04-10 20:32:35 [INFO] [Rank 3] Loading weights...
2026-04-10 20:32:35 [INFO] [Rank 2] Loading weights...
2026-04-10 20:32:35 [INFO] [Rank 3] Weights loaded.
2026-04-10 20:32:36 [INFO] [Rank 2] Weights loaded.
2026-04-10 20:32:41 [INFO] [Rank 1] Loading weights...
2026-04-10 20:32:42 [INFO] [Rank 1] Weights loaded.
2026-04-10 20:32:49 [INFO] [Rank 0] Loading weights...
2026-04-10 20:32:51 [INFO] [Rank 0] Weights loaded.
2026-04-10 20:34:50 [ERROR] [Rank 2] OOM
2026-04-10 20:34:50 [ERROR] [Rank 3] Unexpected exception:
Traceback (most recent call last):
  File "/home/anurag_dutt/scripts/benchmark_pipeline_microbatching.py", line 545, in run_pipeline
    decode_recv_handles[mb_idx].wait()
  File "/home/anurag_dutt/scripts/mig_transport_pipeline_non_blocking.py", line 121, in wait
    _ORIGINAL_SEND(
  File "/home/anurag_dutt/scripts/mig_env/lib/python3.10/site-packages/torch/distributed/c10d_logger.py", line 81, in wrapper
    return func(*args, **kwargs)
  File "/home/anurag_dutt/scripts/mig_env/lib/python3.10/site-packages/torch/distributed/distributed_c10d.py", line 2496, in send
    work.wait()
RuntimeError: [/pytorch/third_party/gloo/gloo/transport/tcp/pair.cc:547] Connection closed by peer [10.128.0.8]:1955

2026-04-10 20:34:50 [ERROR] [Rank 0] Unexpected exception:
Traceback (most recent call last):
  File "/home/anurag_dutt/scripts/benchmark_pipeline_microbatching.py", line 576, in run_pipeline
    dist.recv(next_tokens, src=world_size - 1, tag=tok_tag)
  File "/home/anurag_dutt/scripts/mig_transport_pipeline_non_blocking.py", line 407, in patched_recv
    return _MIG_PIPE_ENGINE.recv(tensor, src, group=group, tag=tag)
  File "/home/anurag_dutt/scripts/mig_transport_pipeline_non_blocking.py", line 281, in recv
    _ORIGINAL_RECV(handshake, src=src, group=group, tag=tag)
  File "/home/anurag_dutt/scripts/mig_env/lib/python3.10/site-packages/torch/distributed/c10d_logger.py", line 81, in wrapper
    return func(*args, **kwargs)
  File "/home/anurag_dutt/scripts/mig_env/lib/python3.10/site-packages/torch/distributed/distributed_c10d.py", line 2529, in recv
    work.wait()
RuntimeError: [/pytorch/third_party/gloo/gloo/transport/tcp/pair.cc:547] Connection closed by peer [10.128.0.8]:61065

2026-04-10 20:34:50 [ERROR] [Rank 1] Unexpected exception:
Traceback (most recent call last):
  File "/home/anurag_dutt/scripts/benchmark_pipeline_microbatching.py", line 545, in run_pipeline
    decode_recv_handles[mb_idx].wait()
  File "/home/anurag_dutt/scripts/mig_transport_pipeline_non_blocking.py", line 113, in wait
    self._dist_handle.wait()
RuntimeError: [/pytorch/third_party/gloo/gloo/transport/tcp/pair.cc:547] Connection closed by peer [10.128.0.8]:27271

2026-04-10 20:34:54 [WARNING] OOM on Rank 2 — skipping.
2026-04-10 20:34:54 [INFO] [11/364] Split [14, 9, 5, 4] | Batch: 64 | Microbatch: 16 | Microbatches: 4
2026-04-10 20:34:54 [INFO] Loading WikiText... (SEQ_LEN=64, BATCH=64)
2026-04-10 20:34:56 [WARNING] '('Connection broken: IncompleteRead(0 bytes read, 732606 more expected)', IncompleteRead(0 bytes read, 732606 more expected))' thrown while requesting GET https://huggingface.co/datasets/wikitext/resolve/b08601e04326c79dfdd32d625aee71d232d685c3/wikitext-2-raw-v1/test-00000-of-00001.parquet
2026-04-10 20:34:56 [WARNING] Retrying in 1s [Retry 1/5].
2026-04-10 20:35:13 [INFO] [Rank 3] Loading weights...
2026-04-10 20:35:13 [INFO] [Rank 2] Loading weights...
2026-04-10 20:35:14 [INFO] [Rank 3] Weights loaded.
2026-04-10 20:35:14 [INFO] [Rank 2] Weights loaded.
2026-04-10 20:35:19 [INFO] [Rank 1] Loading weights...
2026-04-10 20:35:20 [INFO] [Rank 1] Weights loaded.
2026-04-10 20:35:27 [INFO] [Rank 0] Loading weights...
2026-04-10 20:35:29 [INFO] [Rank 0] Weights loaded.
2026-04-10 20:38:15 [ERROR] [Rank 2] OOM
2026-04-10 20:38:15 [ERROR] [Rank 1] Unexpected exception:
Traceback (most recent call last):
  File "/home/anurag_dutt/scripts/benchmark_pipeline_microbatching.py", line 568, in run_pipeline
    h.wait()
  File "/home/anurag_dutt/scripts/mig_transport_pipeline_non_blocking.py", line 79, in wait
    _ORIGINAL_RECV(
  File "/home/anurag_dutt/scripts/mig_env/lib/python3.10/site-packages/torch/distributed/c10d_logger.py", line 81, in wrapper
    return func(*args, **kwargs)
  File "/home/anurag_dutt/scripts/mig_env/lib/python3.10/site-packages/torch/distributed/distributed_c10d.py", line 2529, in recv
    work.wait()
RuntimeError: [/pytorch/third_party/gloo/gloo/transport/tcp/pair.cc:547] Connection closed by peer [10.128.0.8]:10471

2026-04-10 20:38:15 [ERROR] [Rank 3] Unexpected exception:
Traceback (most recent call last):
  File "/home/anurag_dutt/scripts/benchmark_pipeline_microbatching.py", line 545, in run_pipeline
    decode_recv_handles[mb_idx].wait()
  File "/home/anurag_dutt/scripts/mig_transport_pipeline_non_blocking.py", line 121, in wait
    _ORIGINAL_SEND(
  File "/home/anurag_dutt/scripts/mig_env/lib/python3.10/site-packages/torch/distributed/c10d_logger.py", line 81, in wrapper
    return func(*args, **kwargs)
  File "/home/anurag_dutt/scripts/mig_env/lib/python3.10/site-packages/torch/distributed/distributed_c10d.py", line 2496, in send
    work.wait()
RuntimeError: [/pytorch/third_party/gloo/gloo/transport/tcp/pair.cc:547] Connection closed by peer [10.128.0.8]:65223

2026-04-10 20:38:15 [ERROR] [Rank 0] Unexpected exception:
Traceback (most recent call last):
  File "/home/anurag_dutt/scripts/benchmark_pipeline_microbatching.py", line 576, in run_pipeline
    dist.recv(next_tokens, src=world_size - 1, tag=tok_tag)
  File "/home/anurag_dutt/scripts/mig_transport_pipeline_non_blocking.py", line 407, in patched_recv
    return _MIG_PIPE_ENGINE.recv(tensor, src, group=group, tag=tag)
  File "/home/anurag_dutt/scripts/mig_transport_pipeline_non_blocking.py", line 281, in recv
    _ORIGINAL_RECV(handshake, src=src, group=group, tag=tag)
  File "/home/anurag_dutt/scripts/mig_env/lib/python3.10/site-packages/torch/distributed/c10d_logger.py", line 81, in wrapper
    return func(*args, **kwargs)
  File "/home/anurag_dutt/scripts/mig_env/lib/python3.10/site-packages/torch/distributed/distributed_c10d.py", line 2529, in recv
    work.wait()
RuntimeError: [/pytorch/third_party/gloo/gloo/transport/tcp/pair.cc:547] Connection closed by peer [10.128.0.8]:14722

2026-04-10 20:38:19 [WARNING] OOM on Rank 2 — skipping.
2026-04-10 20:38:19 [INFO] [12/364] Split [14, 9, 5, 4] | Batch: 64 | Microbatch: 8 | Microbatches: 8
2026-04-10 20:38:19 [INFO] Loading WikiText... (SEQ_LEN=64, BATCH=64)
2026-04-10 20:38:21 [WARNING] '('Connection broken: IncompleteRead(0 bytes read, 65536 more expected)', IncompleteRead(0 bytes read, 65536 more expected))' thrown while requesting GET https://huggingface.co/datasets/wikitext/resolve/b08601e04326c79dfdd32d625aee71d232d685c3/wikitext-2-raw-v1/test-00000-of-00001.parquet
2026-04-10 20:38:21 [WARNING] Retrying in 1s [Retry 1/5].
2026-04-10 20:38:37 [INFO] [Rank 3] Loading weights...
2026-04-10 20:38:38 [INFO] [Rank 2] Loading weights...
2026-04-10 20:38:38 [INFO] [Rank 3] Weights loaded.
2026-04-10 20:38:39 [INFO] [Rank 2] Weights loaded.
2026-04-10 20:38:44 [INFO] [Rank 1] Loading weights...
2026-04-10 20:38:45 [INFO] [Rank 1] Weights loaded.
2026-04-10 20:38:52 [INFO] [Rank 0] Loading weights...
2026-04-10 20:38:54 [INFO] [Rank 0] Weights loaded.
2026-04-10 20:43:06 [ERROR] [Rank 2] OOM
2026-04-10 20:43:06 [ERROR] [Rank 3] Unexpected exception:
Traceback (most recent call last):
  File "/home/anurag_dutt/scripts/benchmark_pipeline_microbatching.py", line 545, in run_pipeline
    decode_recv_handles[mb_idx].wait()
  File "/home/anurag_dutt/scripts/mig_transport_pipeline_non_blocking.py", line 121, in wait
    _ORIGINAL_SEND(
  File "/home/anurag_dutt/scripts/mig_env/lib/python3.10/site-packages/torch/distributed/c10d_logger.py", line 81, in wrapper
    return func(*args, **kwargs)
  File "/home/anurag_dutt/scripts/mig_env/lib/python3.10/site-packages/torch/distributed/distributed_c10d.py", line 2496, in send
    work.wait()
RuntimeError: [/pytorch/third_party/gloo/gloo/transport/tcp/pair.cc:547] Connection closed by peer [10.128.0.8]:47326

2026-04-10 20:43:06 [ERROR] [Rank 0] Unexpected exception:
Traceback (most recent call last):
  File "/home/anurag_dutt/scripts/benchmark_pipeline_microbatching.py", line 576, in run_pipeline
    dist.recv(next_tokens, src=world_size - 1, tag=tok_tag)
  File "/home/anurag_dutt/scripts/mig_transport_pipeline_non_blocking.py", line 407, in patched_recv
    return _MIG_PIPE_ENGINE.recv(tensor, src, group=group, tag=tag)
  File "/home/anurag_dutt/scripts/mig_transport_pipeline_non_blocking.py", line 281, in recv
    _ORIGINAL_RECV(handshake, src=src, group=group, tag=tag)
  File "/home/anurag_dutt/scripts/mig_env/lib/python3.10/site-packages/torch/distributed/c10d_logger.py", line 81, in wrapper
    return func(*args, **kwargs)
  File "/home/anurag_dutt/scripts/mig_env/lib/python3.10/site-packages/torch/distributed/distributed_c10d.py", line 2529, in recv
    work.wait()
RuntimeError: [/pytorch/third_party/gloo/gloo/transport/tcp/pair.cc:547] Connection closed by peer [10.128.0.8]:18322

2026-04-10 20:43:06 [ERROR] [Rank 1] Unexpected exception:
Traceback (most recent call last):
  File "/home/anurag_dutt/scripts/benchmark_pipeline_microbatching.py", line 545, in run_pipeline
    decode_recv_handles[mb_idx].wait()
  File "/home/anurag_dutt/scripts/mig_transport_pipeline_non_blocking.py", line 113, in wait
    self._dist_handle.wait()
RuntimeError: [/pytorch/third_party/gloo/gloo/transport/tcp/pair.cc:547] Connection closed by peer [10.128.0.8]:1225

2026-04-10 20:43:10 [WARNING] OOM on Rank 2 — skipping.
2026-04-10 20:43:10 [INFO] [13/364] Split [14, 9, 5, 4] | Batch: 64 | Microbatch: 4 | Microbatches: 16
2026-04-10 20:43:10 [INFO] Loading WikiText... (SEQ_LEN=64, BATCH=64)
2026-04-10 20:43:26 [INFO] [Rank 3] Loading weights...
2026-04-10 20:43:26 [INFO] [Rank 2] Loading weights...
2026-04-10 20:43:27 [INFO] [Rank 3] Weights loaded.
2026-04-10 20:43:27 [INFO] [Rank 2] Weights loaded.
2026-04-10 20:43:32 [INFO] [Rank 1] Loading weights...
2026-04-10 20:43:33 [INFO] [Rank 1] Weights loaded.
2026-04-10 20:43:40 [INFO] [Rank 0] Loading weights...
2026-04-10 20:43:42 [INFO] [Rank 0] Weights loaded.
2026-04-10 20:50:05 [ERROR] [Rank 2] OOM
2026-04-10 20:50:05 [ERROR] [Rank 1] Unexpected exception:
Traceback (most recent call last):
  File "/home/anurag_dutt/scripts/benchmark_pipeline_microbatching.py", line 568, in run_pipeline
    h.wait()
  File "/home/anurag_dutt/scripts/mig_transport_pipeline_non_blocking.py", line 79, in wait
    _ORIGINAL_RECV(
  File "/home/anurag_dutt/scripts/mig_env/lib/python3.10/site-packages/torch/distributed/c10d_logger.py", line 81, in wrapper
    return func(*args, **kwargs)
  File "/home/anurag_dutt/scripts/mig_env/lib/python3.10/site-packages/torch/distributed/distributed_c10d.py", line 2529, in recv
    work.wait()
RuntimeError: [/pytorch/third_party/gloo/gloo/transport/tcp/pair.cc:547] Connection closed by peer [10.128.0.8]:33185

2026-04-10 20:50:05 [ERROR] [Rank 3] Unexpected exception:
Traceback (most recent call last):
  File "/home/anurag_dutt/scripts/benchmark_pipeline_microbatching.py", line 545, in run_pipeline
    decode_recv_handles[mb_idx].wait()
  File "/home/anurag_dutt/scripts/mig_transport_pipeline_non_blocking.py", line 113, in wait
    self._dist_handle.wait()
RuntimeError: [/pytorch/third_party/gloo/gloo/transport/tcp/pair.cc:547] Connection closed by peer [10.128.0.8]:33185

2026-04-10 20:50:05 [ERROR] [Rank 0] Unexpected exception:
Traceback (most recent call last):
  File "/home/anurag_dutt/scripts/benchmark_pipeline_microbatching.py", line 576, in run_pipeline
    dist.recv(next_tokens, src=world_size - 1, tag=tok_tag)
  File "/home/anurag_dutt/scripts/mig_transport_pipeline_non_blocking.py", line 407, in patched_recv
    return _MIG_PIPE_ENGINE.recv(tensor, src, group=group, tag=tag)
  File "/home/anurag_dutt/scripts/mig_transport_pipeline_non_blocking.py", line 281, in recv
    _ORIGINAL_RECV(handshake, src=src, group=group, tag=tag)
  File "/home/anurag_dutt/scripts/mig_env/lib/python3.10/site-packages/torch/distributed/c10d_logger.py", line 81, in wrapper
    return func(*args, **kwargs)
  File "/home/anurag_dutt/scripts/mig_env/lib/python3.10/site-packages/torch/distributed/distributed_c10d.py", line 2529, in recv
    work.wait()
RuntimeError: [/pytorch/third_party/gloo/gloo/transport/tcp/pair.cc:547] Connection closed by peer [10.128.0.8]:44423

2026-04-10 20:50:09 [WARNING] OOM on Rank 2 — skipping.
2026-04-10 20:50:09 [INFO] [14/364] Split [14, 9, 5, 4] | Batch: 64 | Microbatch: 2 | Microbatches: 32
2026-04-10 20:50:09 [INFO] Loading WikiText... (SEQ_LEN=64, BATCH=64)
2026-04-10 20:50:25 [INFO] [Rank 3] Loading weights...
2026-04-10 20:50:26 [INFO] [Rank 2] Loading weights...
2026-04-10 20:50:26 [INFO] [Rank 3] Weights loaded.
2026-04-10 20:50:27 [INFO] [Rank 2] Weights loaded.
2026-04-10 20:50:32 [INFO] [Rank 1] Loading weights...
2026-04-10 20:50:33 [INFO] [Rank 1] Weights loaded.
2026-04-10 20:50:40 [INFO] [Rank 0] Loading weights...
2026-04-10 20:50:42 [INFO] [Rank 0] Weights loaded.
2026-04-10 21:02:11 [ERROR] [Rank 2] OOM
2026-04-10 21:02:11 [ERROR] [Rank 1] Unexpected exception:
Traceback (most recent call last):
  File "/home/anurag_dutt/scripts/benchmark_pipeline_microbatching.py", line 568, in run_pipeline
    h.wait()
  File "/home/anurag_dutt/scripts/mig_transport_pipeline_non_blocking.py", line 79, in wait
    _ORIGINAL_RECV(
  File "/home/anurag_dutt/scripts/mig_env/lib/python3.10/site-packages/torch/distributed/c10d_logger.py", line 81, in wrapper
    return func(*args, **kwargs)
  File "/home/anurag_dutt/scripts/mig_env/lib/python3.10/site-packages/torch/distributed/distributed_c10d.py", line 2529, in recv
    work.wait()
RuntimeError: [/pytorch/third_party/gloo/gloo/transport/tcp/pair.cc:547] Connection closed by peer [10.128.0.8]:43440

2026-04-10 21:02:11 [ERROR] [Rank 3] Unexpected exception:
Traceback (most recent call last):
  File "/home/anurag_dutt/scripts/benchmark_pipeline_microbatching.py", line 545, in run_pipeline
    decode_recv_handles[mb_idx].wait()
  File "/home/anurag_dutt/scripts/mig_transport_pipeline_non_blocking.py", line 121, in wait
    _ORIGINAL_SEND(
  File "/home/anurag_dutt/scripts/mig_env/lib/python3.10/site-packages/torch/distributed/c10d_logger.py", line 81, in wrapper
    return func(*args, **kwargs)
  File "/home/anurag_dutt/scripts/mig_env/lib/python3.10/site-packages/torch/distributed/distributed_c10d.py", line 2496, in send
    work.wait()
RuntimeError: [/pytorch/third_party/gloo/gloo/transport/tcp/pair.cc:547] Connection closed by peer [10.128.0.8]:43440

2026-04-10 21:02:11 [ERROR] [Rank 0] Unexpected exception:
Traceback (most recent call last):
  File "/home/anurag_dutt/scripts/benchmark_pipeline_microbatching.py", line 576, in run_pipeline
    dist.recv(next_tokens, src=world_size - 1, tag=tok_tag)
  File "/home/anurag_dutt/scripts/mig_transport_pipeline_non_blocking.py", line 407, in patched_recv
    return _MIG_PIPE_ENGINE.recv(tensor, src, group=group, tag=tag)
  File "/home/anurag_dutt/scripts/mig_transport_pipeline_non_blocking.py", line 281, in recv
    _ORIGINAL_RECV(handshake, src=src, group=group, tag=tag)
  File "/home/anurag_dutt/scripts/mig_env/lib/python3.10/site-packages/torch/distributed/c10d_logger.py", line 81, in wrapper
    return func(*args, **kwargs)
  File "/home/anurag_dutt/scripts/mig_env/lib/python3.10/site-packages/torch/distributed/distributed_c10d.py", line 2529, in recv
    work.wait()
RuntimeError: [/pytorch/third_party/gloo/gloo/transport/tcp/pair.cc:547] Connection closed by peer [10.128.0.8]:60339

2026-04-10 21:02:15 [WARNING] OOM on Rank 2 — skipping.
2026-04-10 21:02:15 [INFO] [15/364] Split [15, 8, 5, 4] | Batch: 8 | Microbatch: 4 | Microbatches: 2
2026-04-10 21:02:15 [INFO] Loading WikiText... (SEQ_LEN=64, BATCH=8)
2026-04-10 21:02:31 [INFO] [Rank 3] Loading weights...
2026-04-10 21:02:32 [INFO] [Rank 2] Loading weights...
2026-04-10 21:02:32 [INFO] [Rank 3] Weights loaded.
2026-04-10 21:02:33 [INFO] [Rank 2] Weights loaded.
2026-04-10 21:02:36 [INFO] [Rank 1] Loading weights...
2026-04-10 21:02:37 [INFO] [Rank 1] Weights loaded.
2026-04-10 21:02:47 [INFO] [Rank 0] Loading weights...
2026-04-10 21:02:49 [INFO] [Rank 0] Weights loaded.
2026-04-10 21:03:55 [INFO] [Rank 2] Finished. Latency: 65714 ms
2026-04-10 21:03:55 [INFO] [Rank 1] Finished. Latency: 65714 ms
2026-04-10 21:03:55 [INFO] [Rank 0] Finished. Latency: 65714 ms
2026-04-10 21:03:55 [INFO] [Rank 3] Finished. Latency: 65724 ms
2026-04-10 21:03:59 [INFO] Total latency:     65714 ms
2026-04-10 21:03:59 [INFO] Peak 5GB memory:   2602 MB
2026-04-10 21:03:59 [INFO] Avg  5GB memory:   1925 MB
2026-04-10 21:03:59 [INFO] [16/364] Split [15, 8, 5, 4] | Batch: 8 | Microbatch: 2 | Microbatches: 4
2026-04-10 21:03:59 [INFO] Loading WikiText... (SEQ_LEN=64, BATCH=8)
2026-04-10 21:04:14 [INFO] [Rank 3] Loading weights...
2026-04-10 21:04:15 [INFO] [Rank 2] Loading weights...
2026-04-10 21:04:15 [INFO] [Rank 3] Weights loaded.
2026-04-10 21:04:16 [INFO] [Rank 2] Weights loaded.
2026-04-10 21:04:19 [INFO] [Rank 1] Loading weights...
2026-04-10 21:04:20 [INFO] [Rank 1] Weights loaded.
2026-04-10 21:04:30 [INFO] [Rank 0] Loading weights...
2026-04-10 21:04:32 [INFO] [Rank 0] Weights loaded.
2026-04-10 21:06:36 [INFO] [Rank 2] Finished. Latency: 123739 ms
2026-04-10 21:06:36 [INFO] [Rank 1] Finished. Latency: 123739 ms
2026-04-10 21:06:36 [INFO] [Rank 0] Finished. Latency: 123739 ms
2026-04-10 21:06:36 [INFO] [Rank 3] Finished. Latency: 123747 ms
2026-04-10 21:06:40 [INFO] Total latency:     123739 ms
2026-04-10 21:06:40 [INFO] Peak 5GB memory:   2326 MB
2026-04-10 21:06:40 [INFO] Avg  5GB memory:   2000 MB
2026-04-10 21:06:40 [INFO] [17/364] Split [15, 8, 5, 4] | Batch: 16 | Microbatch: 8 | Microbatches: 2
2026-04-10 21:06:40 [INFO] Loading WikiText... (SEQ_LEN=64, BATCH=16)
2026-04-10 21:06:57 [INFO] [Rank 3] Loading weights...
2026-04-10 21:06:58 [INFO] [Rank 2] Loading weights...
2026-04-10 21:06:58 [INFO] [Rank 3] Weights loaded.
2026-04-10 21:06:58 [INFO] [Rank 2] Weights loaded.
2026-04-10 21:07:02 [INFO] [Rank 1] Loading weights...
2026-04-10 21:07:03 [INFO] [Rank 1] Weights loaded.
2026-04-10 21:07:13 [INFO] [Rank 0] Loading weights...
2026-04-10 21:07:15 [INFO] [Rank 0] Weights loaded.
2026-04-10 21:08:28 [INFO] [Rank 1] Finished. Latency: 73198 ms
2026-04-10 21:08:28 [INFO] [Rank 2] Finished. Latency: 73199 ms
2026-04-10 21:08:28 [INFO] [Rank 0] Finished. Latency: 73199 ms
2026-04-10 21:08:28 [INFO] [Rank 3] Finished. Latency: 73211 ms
2026-04-10 21:08:32 [INFO] Total latency:     73199 ms
2026-04-10 21:08:32 [INFO] Peak 5GB memory:   4702 MB
2026-04-10 21:08:32 [INFO] Avg  5GB memory:   2537 MB
2026-04-10 21:08:32 [INFO] [18/364] Split [15, 8, 5, 4] | Batch: 16 | Microbatch: 4 | Microbatches: 4
2026-04-10 21:08:32 [INFO] Loading WikiText... (SEQ_LEN=64, BATCH=16)
2026-04-10 21:08:34 [WARNING] '('Connection broken: IncompleteRead(0 bytes read, 732606 more expected)', IncompleteRead(0 bytes read, 732606 more expected))' thrown while requesting GET https://huggingface.co/datasets/wikitext/resolve/b08601e04326c79dfdd32d625aee71d232d685c3/wikitext-2-raw-v1/test-00000-of-00001.parquet
2026-04-10 21:08:34 [WARNING] Retrying in 1s [Retry 1/5].
2026-04-10 21:08:50 [INFO] [Rank 3] Loading weights...
2026-04-10 21:08:51 [INFO] [Rank 2] Loading weights...
2026-04-10 21:08:51 [INFO] [Rank 3] Weights loaded.
2026-04-10 21:08:52 [INFO] [Rank 2] Weights loaded.
2026-04-10 21:08:55 [INFO] [Rank 1] Loading weights...
2026-04-10 21:08:57 [INFO] [Rank 1] Weights loaded.
2026-04-10 21:09:06 [INFO] [Rank 0] Loading weights...
2026-04-10 21:09:09 [INFO] [Rank 0] Weights loaded.
2026-04-10 21:11:18 [INFO] [Rank 1] Finished. Latency: 129319 ms
2026-04-10 21:11:18 [INFO] [Rank 0] Finished. Latency: 129319 ms
2026-04-10 21:11:18 [INFO] [Rank 2] Finished. Latency: 129319 ms
2026-04-10 21:11:18 [INFO] [Rank 3] Finished. Latency: 129327 ms
2026-04-10 21:11:22 [INFO] Total latency:     129319 ms
2026-04-10 21:11:22 [INFO] Peak 5GB memory:   3202 MB
2026-04-10 21:11:22 [INFO] Avg  5GB memory:   2272 MB
2026-04-10 21:11:22 [INFO] [19/364] Split [15, 8, 5, 4] | Batch: 16 | Microbatch: 2 | Microbatches: 8
2026-04-10 21:11:22 [INFO] Loading WikiText... (SEQ_LEN=64, BATCH=16)
2026-04-10 21:11:38 [INFO] [Rank 3] Loading weights...
2026-04-10 21:11:39 [INFO] [Rank 2] Loading weights...
2026-04-10 21:11:39 [INFO] [Rank 3] Weights loaded.
2026-04-10 21:11:39 [INFO] [Rank 2] Weights loaded.
2026-04-10 21:11:43 [INFO] [Rank 1] Loading weights...
2026-04-10 21:11:44 [INFO] [Rank 1] Weights loaded.
2026-04-10 21:11:54 [INFO] [Rank 0] Loading weights...
2026-04-10 21:11:56 [INFO] [Rank 0] Weights loaded.
2026-04-10 21:16:01 [INFO] [Rank 2] Finished. Latency: 245371 ms
2026-04-10 21:16:01 [INFO] [Rank 1] Finished. Latency: 245371 ms
2026-04-10 21:16:01 [INFO] [Rank 0] Finished. Latency: 245371 ms
2026-04-10 21:16:01 [INFO] [Rank 3] Finished. Latency: 245377 ms
2026-04-10 21:16:05 [INFO] Total latency:     245371 ms
2026-04-10 21:16:05 [INFO] Peak 5GB memory:   2682 MB
2026-04-10 21:16:05 [INFO] Avg  5GB memory:   2282 MB
2026-04-10 21:16:05 [INFO] [20/364] Split [15, 8, 5, 4] | Batch: 32 | Microbatch: 16 | Microbatches: 2
2026-04-10 21:16:05 [INFO] Loading WikiText... (SEQ_LEN=64, BATCH=32)
2026-04-10 21:16:16 [WARNING] 'HTTPSConnectionPool(host='us.gcp.cdn.hf.co', port=443): Read timed out.' thrown while requesting GET https://huggingface.co/datasets/wikitext/resolve/b08601e04326c79dfdd32d625aee71d232d685c3/wikitext-2-raw-v1/test-00000-of-00001.parquet
2026-04-10 21:16:16 [WARNING] Retrying in 1s [Retry 1/5].
2026-04-10 21:16:33 [INFO] [Rank 3] Loading weights...
2026-04-10 21:16:34 [INFO] [Rank 2] Loading weights...
2026-04-10 21:16:34 [INFO] [Rank 3] Weights loaded.
2026-04-10 21:16:34 [INFO] [Rank 2] Weights loaded.
2026-04-10 21:16:38 [INFO] [Rank 1] Loading weights...
2026-04-10 21:16:39 [INFO] [Rank 1] Weights loaded.
2026-04-10 21:16:49 [INFO] [Rank 0] Loading weights...
2026-04-10 21:16:51 [INFO] [Rank 0] Weights loaded.
2026-04-10 21:18:23 [INFO] [Rank 2] Finished. Latency: 92251 ms
2026-04-10 21:18:23 [INFO] [Rank 1] Finished. Latency: 92251 ms
2026-04-10 21:18:23 [INFO] [Rank 0] Finished. Latency: 92251 ms
2026-04-10 21:18:23 [INFO] [Rank 3] Finished. Latency: 92270 ms
2026-04-10 21:18:27 [INFO] Total latency:     92251 ms
2026-04-10 21:18:27 [INFO] Peak 5GB memory:   4850 MB
2026-04-10 21:18:27 [INFO] Avg  5GB memory:   2918 MB
2026-04-10 21:18:27 [INFO] [21/364] Split [15, 8, 5, 4] | Batch: 32 | Microbatch: 8 | Microbatches: 4
2026-04-10 21:18:27 [INFO] Loading WikiText... (SEQ_LEN=64, BATCH=32)
2026-04-10 21:18:43 [INFO] [Rank 3] Loading weights...
2026-04-10 21:18:44 [INFO] [Rank 2] Loading weights...
2026-04-10 21:18:44 [INFO] [Rank 3] Weights loaded.
2026-04-10 21:18:45 [INFO] [Rank 2] Weights loaded.
2026-04-10 21:18:48 [INFO] [Rank 1] Loading weights...
2026-04-10 21:18:49 [INFO] [Rank 1] Weights loaded.
2026-04-10 21:18:59 [INFO] [Rank 0] Loading weights...
2026-04-10 21:19:01 [INFO] [Rank 0] Weights loaded.
2026-04-10 21:21:27 [INFO] [Rank 2] Finished. Latency: 144940 ms
2026-04-10 21:21:27 [INFO] [Rank 1] Finished. Latency: 144940 ms
2026-04-10 21:21:27 [INFO] [Rank 0] Finished. Latency: 144940 ms
2026-04-10 21:21:27 [INFO] [Rank 3] Finished. Latency: 144953 ms
2026-04-10 21:21:30 [INFO] Total latency:     144940 ms
2026-04-10 21:21:30 [INFO] Peak 5GB memory:   4670 MB
2026-04-10 21:21:30 [INFO] Avg  5GB memory:   2978 MB
2026-04-10 21:21:30 [INFO] [22/364] Split [15, 8, 5, 4] | Batch: 32 | Microbatch: 4 | Microbatches: 8
2026-04-10 21:21:30 [INFO] Loading WikiText... (SEQ_LEN=64, BATCH=32)
2026-04-10 21:21:46 [INFO] [Rank 3] Loading weights...
2026-04-10 21:21:47 [INFO] [Rank 2] Loading weights...
2026-04-10 21:21:47 [INFO] [Rank 3] Weights loaded.
2026-04-10 21:21:48 [INFO] [Rank 2] Weights loaded.
2026-04-10 21:21:51 [INFO] [Rank 1] Loading weights...
2026-04-10 21:21:53 [INFO] [Rank 1] Weights loaded.
2026-04-10 21:22:02 [INFO] [Rank 0] Loading weights...
2026-04-10 21:22:04 [INFO] [Rank 0] Weights loaded.
2026-04-10 21:26:23 [INFO] [Rank 2] Finished. Latency: 258210 ms
2026-04-10 21:26:23 [INFO] [Rank 0] Finished. Latency: 258210 ms
2026-04-10 21:26:23 [INFO] [Rank 1] Finished. Latency: 258210 ms
2026-04-10 21:26:23 [INFO] [Rank 3] Finished. Latency: 258219 ms
2026-04-10 21:26:27 [INFO] Total latency:     258210 ms
2026-04-10 21:26:27 [INFO] Peak 5GB memory:   4542 MB
2026-04-10 21:26:27 [INFO] Avg  5GB memory:   2904 MB
2026-04-10 21:26:27 [INFO] [23/364] Split [15, 8, 5, 4] | Batch: 32 | Microbatch: 2 | Microbatches: 16
2026-04-10 21:26:27 [INFO] Loading WikiText... (SEQ_LEN=64, BATCH=32)
2026-04-10 21:26:43 [INFO] [Rank 3] Loading weights...
2026-04-10 21:26:44 [INFO] [Rank 2] Loading weights...
2026-04-10 21:26:44 [INFO] [Rank 3] Weights loaded.
2026-04-10 21:26:45 [INFO] [Rank 2] Weights loaded.
2026-04-10 21:26:48 [INFO] [Rank 1] Loading weights...
2026-04-10 21:26:49 [INFO] [Rank 1] Weights loaded.
2026-04-10 21:26:59 [INFO] [Rank 0] Loading weights...
2026-04-10 21:27:01 [INFO] [Rank 0] Weights loaded.
2026-04-10 21:35:09 [INFO] [Rank 2] Finished. Latency: 487807 ms
2026-04-10 21:35:09 [INFO] [Rank 0] Finished. Latency: 487807 ms
2026-04-10 21:35:09 [INFO] [Rank 1] Finished. Latency: 487807 ms
2026-04-10 21:35:09 [INFO] [Rank 3] Finished. Latency: 487814 ms
2026-04-10 21:35:13 [INFO] Total latency:     487807 ms
2026-04-10 21:35:13 [INFO] Peak 5GB memory:   3396 MB
2026-04-10 21:35:13 [INFO] Avg  5GB memory:   2776 MB
2026-04-10 21:35:13 [INFO] [24/364] Split [15, 8, 5, 4] | Batch: 64 | Microbatch: 32 | Microbatches: 2
2026-04-10 21:35:13 [INFO] Loading WikiText... (SEQ_LEN=64, BATCH=64)
2026-04-10 21:35:29 [INFO] [Rank 3] Loading weights...
2026-04-10 21:35:30 [INFO] [Rank 2] Loading weights...
2026-04-10 21:35:30 [INFO] [Rank 3] Weights loaded.
2026-04-10 21:35:31 [INFO] [Rank 2] Weights loaded.
2026-04-10 21:35:34 [INFO] [Rank 1] Loading weights...
2026-04-10 21:35:36 [INFO] [Rank 1] Weights loaded.
2026-04-10 21:35:45 [INFO] [Rank 0] Loading weights...
2026-04-10 21:35:48 [INFO] [Rank 0] Weights loaded.
2026-04-10 21:37:45 [ERROR] [Rank 2] OOM
2026-04-10 21:37:45 [ERROR] [Rank 3] Unexpected exception:
Traceback (most recent call last):
  File "/home/anurag_dutt/scripts/benchmark_pipeline_microbatching.py", line 545, in run_pipeline
    decode_recv_handles[mb_idx].wait()
  File "/home/anurag_dutt/scripts/mig_transport_pipeline_non_blocking.py", line 121, in wait
    _ORIGINAL_SEND(
  File "/home/anurag_dutt/scripts/mig_env/lib/python3.10/site-packages/torch/distributed/c10d_logger.py", line 81, in wrapper
    return func(*args, **kwargs)
  File "/home/anurag_dutt/scripts/mig_env/lib/python3.10/site-packages/torch/distributed/distributed_c10d.py", line 2496, in send
    work.wait()
RuntimeError: [/pytorch/third_party/gloo/gloo/transport/tcp/pair.cc:547] Connection closed by peer [10.128.0.8]:6052

2026-04-10 21:37:45 [ERROR] [Rank 0] Unexpected exception:
Traceback (most recent call last):
  File "/home/anurag_dutt/scripts/benchmark_pipeline_microbatching.py", line 576, in run_pipeline
    dist.recv(next_tokens, src=world_size - 1, tag=tok_tag)
  File "/home/anurag_dutt/scripts/mig_transport_pipeline_non_blocking.py", line 407, in patched_recv
    return _MIG_PIPE_ENGINE.recv(tensor, src, group=group, tag=tag)
  File "/home/anurag_dutt/scripts/mig_transport_pipeline_non_blocking.py", line 281, in recv
    _ORIGINAL_RECV(handshake, src=src, group=group, tag=tag)
  File "/home/anurag_dutt/scripts/mig_env/lib/python3.10/site-packages/torch/distributed/c10d_logger.py", line 81, in wrapper
    return func(*args, **kwargs)
  File "/home/anurag_dutt/scripts/mig_env/lib/python3.10/site-packages/torch/distributed/distributed_c10d.py", line 2529, in recv
    work.wait()
RuntimeError: [/pytorch/third_party/gloo/gloo/transport/tcp/pair.cc:547] Connection closed by peer [10.128.0.8]:41391

2026-04-10 21:37:45 [ERROR] [Rank 1] Unexpected exception:
Traceback (most recent call last):
  File "/home/anurag_dutt/scripts/benchmark_pipeline_microbatching.py", line 545, in run_pipeline
    decode_recv_handles[mb_idx].wait()
  File "/home/anurag_dutt/scripts/mig_transport_pipeline_non_blocking.py", line 113, in wait
    self._dist_handle.wait()
RuntimeError: [/pytorch/third_party/gloo/gloo/transport/tcp/pair.cc:547] Connection closed by peer [10.128.0.8]:47532

2026-04-10 21:37:49 [WARNING] OOM on Rank 2 — skipping.
2026-04-10 21:37:49 [INFO] [25/364] Split [15, 8, 5, 4] | Batch: 64 | Microbatch: 16 | Microbatches: 4
2026-04-10 21:37:49 [INFO] Loading WikiText... (SEQ_LEN=64, BATCH=64)
2026-04-10 21:38:05 [INFO] [Rank 3] Loading weights...
2026-04-10 21:38:06 [INFO] [Rank 2] Loading weights...
2026-04-10 21:38:06 [INFO] [Rank 3] Weights loaded.
2026-04-10 21:38:06 [INFO] [Rank 2] Weights loaded.
2026-04-10 21:38:10 [INFO] [Rank 1] Loading weights...
2026-04-10 21:38:11 [INFO] [Rank 1] Weights loaded.
2026-04-10 21:38:21 [INFO] [Rank 0] Loading weights...
2026-04-10 21:38:23 [INFO] [Rank 0] Weights loaded.
2026-04-10 21:41:07 [ERROR] [Rank 2] OOM
2026-04-10 21:41:07 [ERROR] [Rank 1] Unexpected exception:
Traceback (most recent call last):
  File "/home/anurag_dutt/scripts/benchmark_pipeline_microbatching.py", line 568, in run_pipeline
    h.wait()
  File "/home/anurag_dutt/scripts/mig_transport_pipeline_non_blocking.py", line 79, in wait
    _ORIGINAL_RECV(
  File "/home/anurag_dutt/scripts/mig_env/lib/python3.10/site-packages/torch/distributed/c10d_logger.py", line 81, in wrapper
    return func(*args, **kwargs)
  File "/home/anurag_dutt/scripts/mig_env/lib/python3.10/site-packages/torch/distributed/distributed_c10d.py", line 2529, in recv
    work.wait()
RuntimeError: [/pytorch/third_party/gloo/gloo/transport/tcp/pair.cc:547] Connection closed by peer [10.128.0.8]:17292

2026-04-10 21:41:07 [ERROR] [Rank 3] Unexpected exception:
Traceback (most recent call last):
  File "/home/anurag_dutt/scripts/benchmark_pipeline_microbatching.py", line 545, in run_pipeline
    decode_recv_handles[mb_idx].wait()
  File "/home/anurag_dutt/scripts/mig_transport_pipeline_non_blocking.py", line 121, in wait
    _ORIGINAL_SEND(
  File "/home/anurag_dutt/scripts/mig_env/lib/python3.10/site-packages/torch/distributed/c10d_logger.py", line 81, in wrapper
    return func(*args, **kwargs)
  File "/home/anurag_dutt/scripts/mig_env/lib/python3.10/site-packages/torch/distributed/distributed_c10d.py", line 2496, in send
    work.wait()
RuntimeError: [/pytorch/third_party/gloo/gloo/transport/tcp/pair.cc:547] Connection closed by peer [10.128.0.8]:17292

2026-04-10 21:41:07 [ERROR] [Rank 0] Unexpected exception:
Traceback (most recent call last):
  File "/home/anurag_dutt/scripts/benchmark_pipeline_microbatching.py", line 576, in run_pipeline
    dist.recv(next_tokens, src=world_size - 1, tag=tok_tag)
  File "/home/anurag_dutt/scripts/mig_transport_pipeline_non_blocking.py", line 407, in patched_recv
    return _MIG_PIPE_ENGINE.recv(tensor, src, group=group, tag=tag)
  File "/home/anurag_dutt/scripts/mig_transport_pipeline_non_blocking.py", line 281, in recv
    _ORIGINAL_RECV(handshake, src=src, group=group, tag=tag)
  File "/home/anurag_dutt/scripts/mig_env/lib/python3.10/site-packages/torch/distributed/c10d_logger.py", line 81, in wrapper
    return func(*args, **kwargs)
  File "/home/anurag_dutt/scripts/mig_env/lib/python3.10/site-packages/torch/distributed/distributed_c10d.py", line 2529, in recv
    work.wait()
RuntimeError: [/pytorch/third_party/gloo/gloo/transport/tcp/pair.cc:547] Connection closed by peer [10.128.0.8]:55987

2026-04-10 21:41:10 [WARNING] OOM on Rank 2 — skipping.
2026-04-10 21:41:10 [INFO] [26/364] Split [15, 8, 5, 4] | Batch: 64 | Microbatch: 8 | Microbatches: 8
2026-04-10 21:41:10 [INFO] Loading WikiText... (SEQ_LEN=64, BATCH=64)
2026-04-10 21:41:27 [INFO] [Rank 3] Loading weights...
2026-04-10 21:41:27 [INFO] [Rank 2] Loading weights...
2026-04-10 21:41:28 [INFO] [Rank 3] Weights loaded.
2026-04-10 21:41:28 [INFO] [Rank 2] Weights loaded.
2026-04-10 21:41:32 [INFO] [Rank 1] Loading weights...
2026-04-10 21:41:33 [INFO] [Rank 1] Weights loaded.
2026-04-10 21:41:43 [INFO] [Rank 0] Loading weights...
2026-04-10 21:41:45 [INFO] [Rank 0] Weights loaded.
2026-04-10 21:45:55 [ERROR] [Rank 2] OOM
2026-04-10 21:45:55 [ERROR] [Rank 3] Unexpected exception:
Traceback (most recent call last):
  File "/home/anurag_dutt/scripts/benchmark_pipeline_microbatching.py", line 545, in run_pipeline
    decode_recv_handles[mb_idx].wait()
  File "/home/anurag_dutt/scripts/mig_transport_pipeline_non_blocking.py", line 121, in wait
    _ORIGINAL_SEND(
  File "/home/anurag_dutt/scripts/mig_env/lib/python3.10/site-packages/torch/distributed/c10d_logger.py", line 81, in wrapper
    return func(*args, **kwargs)
  File "/home/anurag_dutt/scripts/mig_env/lib/python3.10/site-packages/torch/distributed/distributed_c10d.py", line 2496, in send
    work.wait()
RuntimeError: [/pytorch/third_party/gloo/gloo/transport/tcp/pair.cc:547] Connection closed by peer [10.128.0.8]:47537

2026-04-10 21:45:55 [ERROR] [Rank 0] Unexpected exception:
Traceback (most recent call last):
  File "/home/anurag_dutt/scripts/benchmark_pipeline_microbatching.py", line 576, in run_pipeline
    dist.recv(next_tokens, src=world_size - 1, tag=tok_tag)
  File "/home/anurag_dutt/scripts/mig_transport_pipeline_non_blocking.py", line 407, in patched_recv
    return _MIG_PIPE_ENGINE.recv(tensor, src, group=group, tag=tag)
  File "/home/anurag_dutt/scripts/mig_transport_pipeline_non_blocking.py", line 281, in recv
    _ORIGINAL_RECV(handshake, src=src, group=group, tag=tag)
  File "/home/anurag_dutt/scripts/mig_env/lib/python3.10/site-packages/torch/distributed/c10d_logger.py", line 81, in wrapper
    return func(*args, **kwargs)
  File "/home/anurag_dutt/scripts/mig_env/lib/python3.10/site-packages/torch/distributed/distributed_c10d.py", line 2529, in recv
    work.wait()
RuntimeError: [/pytorch/third_party/gloo/gloo/transport/tcp/pair.cc:547] Connection closed by peer [10.128.0.8]:7841

2026-04-10 21:45:55 [ERROR] [Rank 1] Unexpected exception:
Traceback (most recent call last):
  File "/home/anurag_dutt/scripts/benchmark_pipeline_microbatching.py", line 545, in run_pipeline
    decode_recv_handles[mb_idx].wait()
  File "/home/anurag_dutt/scripts/mig_transport_pipeline_non_blocking.py", line 113, in wait
    self._dist_handle.wait()
RuntimeError: [/pytorch/third_party/gloo/gloo/transport/tcp/pair.cc:547] Connection closed by peer [10.128.0.8]:57558

2026-04-10 21:45:59 [WARNING] OOM on Rank 2 — skipping.
2026-04-10 21:45:59 [INFO] [27/364] Split [15, 8, 5, 4] | Batch: 64 | Microbatch: 4 | Microbatches: 16
2026-04-10 21:45:59 [INFO] Loading WikiText... (SEQ_LEN=64, BATCH=64)
2026-04-10 21:46:15 [INFO] [Rank 3] Loading weights...
2026-04-10 21:46:15 [INFO] [Rank 2] Loading weights...
2026-04-10 21:46:16 [INFO] [Rank 3] Weights loaded.
2026-04-10 21:46:16 [INFO] [Rank 2] Weights loaded.
2026-04-10 21:46:20 [INFO] [Rank 1] Loading weights...
2026-04-10 21:46:21 [INFO] [Rank 1] Weights loaded.
2026-04-10 21:46:31 [INFO] [Rank 0] Loading weights...
2026-04-10 21:46:33 [INFO] [Rank 0] Weights loaded.
2026-04-10 21:52:52 [ERROR] [Rank 2] OOM
2026-04-10 21:52:52 [ERROR] [Rank 1] Unexpected exception:
Traceback (most recent call last):
  File "/home/anurag_dutt/scripts/benchmark_pipeline_microbatching.py", line 568, in run_pipeline
    h.wait()
  File "/home/anurag_dutt/scripts/mig_transport_pipeline_non_blocking.py", line 79, in wait
    _ORIGINAL_RECV(
  File "/home/anurag_dutt/scripts/mig_env/lib/python3.10/site-packages/torch/distributed/c10d_logger.py", line 81, in wrapper
    return func(*args, **kwargs)
  File "/home/anurag_dutt/scripts/mig_env/lib/python3.10/site-packages/torch/distributed/distributed_c10d.py", line 2529, in recv
    work.wait()
RuntimeError: [/pytorch/third_party/gloo/gloo/transport/tcp/pair.cc:547] Connection closed by peer [10.128.0.8]:63180

2026-04-10 21:52:52 [ERROR] [Rank 3] Unexpected exception:
Traceback (most recent call last):
  File "/home/anurag_dutt/scripts/benchmark_pipeline_microbatching.py", line 545, in run_pipeline
    decode_recv_handles[mb_idx].wait()
  File "/home/anurag_dutt/scripts/mig_transport_pipeline_non_blocking.py", line 113, in wait
    self._dist_handle.wait()
RuntimeError: [/pytorch/third_party/gloo/gloo/transport/tcp/pair.cc:547] Connection closed by peer [10.128.0.8]:42387

2026-04-10 21:52:52 [ERROR] [Rank 0] Unexpected exception:
Traceback (most recent call last):
  File "/home/anurag_dutt/scripts/benchmark_pipeline_microbatching.py", line 576, in run_pipeline
    dist.recv(next_tokens, src=world_size - 1, tag=tok_tag)
  File "/home/anurag_dutt/scripts/mig_transport_pipeline_non_blocking.py", line 407, in patched_recv
    return _MIG_PIPE_ENGINE.recv(tensor, src, group=group, tag=tag)
  File "/home/anurag_dutt/scripts/mig_transport_pipeline_non_blocking.py", line 281, in recv
    _ORIGINAL_RECV(handshake, src=src, group=group, tag=tag)
  File "/home/anurag_dutt/scripts/mig_env/lib/python3.10/site-packages/torch/distributed/c10d_logger.py", line 81, in wrapper
    return func(*args, **kwargs)
  File "/home/anurag_dutt/scripts/mig_env/lib/python3.10/site-packages/torch/distributed/distributed_c10d.py", line 2529, in recv
    work.wait()
RuntimeError: [/pytorch/third_party/gloo/gloo/transport/tcp/pair.cc:547] Connection closed by peer [10.128.0.8]:31418

2026-04-10 21:52:56 [WARNING] OOM on Rank 2 — skipping.
2026-04-10 21:52:56 [INFO] [28/364] Split [15, 8, 5, 4] | Batch: 64 | Microbatch: 2 | Microbatches: 32
2026-04-10 21:52:56 [INFO] Loading WikiText... (SEQ_LEN=64, BATCH=64)
2026-04-10 21:52:58 [WARNING] '('Connection broken: IncompleteRead(0 bytes read, 732606 more expected)', IncompleteRead(0 bytes read, 732606 more expected))' thrown while requesting GET https://huggingface.co/datasets/wikitext/resolve/b08601e04326c79dfdd32d625aee71d232d685c3/wikitext-2-raw-v1/test-00000-of-00001.parquet
2026-04-10 21:52:58 [WARNING] Retrying in 1s [Retry 1/5].
2026-04-10 21:53:15 [INFO] [Rank 3] Loading weights...
2026-04-10 21:53:15 [INFO] [Rank 2] Loading weights...
2026-04-10 21:53:16 [INFO] [Rank 3] Weights loaded.
2026-04-10 21:53:16 [INFO] [Rank 2] Weights loaded.
2026-04-10 21:53:20 [INFO] [Rank 1] Loading weights...
2026-04-10 21:53:21 [INFO] [Rank 1] Weights loaded.
2026-04-10 21:53:31 [INFO] [Rank 0] Loading weights...
2026-04-10 21:53:33 [INFO] [Rank 0] Weights loaded.
2026-04-10 22:04:58 [ERROR] [Rank 2] OOM
2026-04-10 22:04:58 [ERROR] [Rank 1] Unexpected exception:
Traceback (most recent call last):
  File "/home/anurag_dutt/scripts/benchmark_pipeline_microbatching.py", line 568, in run_pipeline
    h.wait()
  File "/home/anurag_dutt/scripts/mig_transport_pipeline_non_blocking.py", line 79, in wait
    _ORIGINAL_RECV(
  File "/home/anurag_dutt/scripts/mig_env/lib/python3.10/site-packages/torch/distributed/c10d_logger.py", line 81, in wrapper
    return func(*args, **kwargs)
  File "/home/anurag_dutt/scripts/mig_env/lib/python3.10/site-packages/torch/distributed/distributed_c10d.py", line 2529, in recv
    work.wait()
RuntimeError: [/pytorch/third_party/gloo/gloo/transport/tcp/pair.cc:547] Connection closed by peer [10.128.0.8]:56038

2026-04-10 22:04:58 [ERROR] [Rank 3] Unexpected exception:
Traceback (most recent call last):
  File "/home/anurag_dutt/scripts/benchmark_pipeline_microbatching.py", line 545, in run_pipeline
    decode_recv_handles[mb_idx].wait()
  File "/home/anurag_dutt/scripts/mig_transport_pipeline_non_blocking.py", line 121, in wait
    _ORIGINAL_SEND(
  File "/home/anurag_dutt/scripts/mig_env/lib/python3.10/site-packages/torch/distributed/c10d_logger.py", line 81, in wrapper
    return func(*args, **kwargs)
  File "/home/anurag_dutt/scripts/mig_env/lib/python3.10/site-packages/torch/distributed/distributed_c10d.py", line 2496, in send
    work.wait()
RuntimeError: [/pytorch/third_party/gloo/gloo/transport/tcp/pair.cc:547] Connection closed by peer [10.128.0.8]:27307

2026-04-10 22:04:58 [ERROR] [Rank 0] Unexpected exception:
Traceback (most recent call last):
  File "/home/anurag_dutt/scripts/benchmark_pipeline_microbatching.py", line 576, in run_pipeline
    dist.recv(next_tokens, src=world_size - 1, tag=tok_tag)
  File "/home/anurag_dutt/scripts/mig_transport_pipeline_non_blocking.py", line 407, in patched_recv
    return _MIG_PIPE_ENGINE.recv(tensor, src, group=group, tag=tag)
  File "/home/anurag_dutt/scripts/mig_transport_pipeline_non_blocking.py", line 281, in recv
    _ORIGINAL_RECV(handshake, src=src, group=group, tag=tag)
  File "/home/anurag_dutt/scripts/mig_env/lib/python3.10/site-packages/torch/distributed/c10d_logger.py", line 81, in wrapper
    return func(*args, **kwargs)
  File "/home/anurag_dutt/scripts/mig_env/lib/python3.10/site-packages/torch/distributed/distributed_c10d.py", line 2529, in recv
    work.wait()
RuntimeError: [/pytorch/third_party/gloo/gloo/transport/tcp/pair.cc:547] Connection closed by peer [10.128.0.8]:62671

2026-04-10 22:05:02 [WARNING] OOM on Rank 2 — skipping.
2026-04-10 22:05:02 [INFO] [29/364] Split [15, 9, 4, 4] | Batch: 8 | Microbatch: 4 | Microbatches: 2
2026-04-10 22:05:02 [INFO] Loading WikiText... (SEQ_LEN=64, BATCH=8)
2026-04-10 22:05:04 [WARNING] '('Connection broken: IncompleteRead(0 bytes read, 65536 more expected)', IncompleteRead(0 bytes read, 65536 more expected))' thrown while requesting GET https://huggingface.co/datasets/wikitext/resolve/b08601e04326c79dfdd32d625aee71d232d685c3/wikitext-2-raw-v1/test-00000-of-00001.parquet
2026-04-10 22:05:05 [WARNING] Retrying in 1s [Retry 1/5].
2026-04-10 22:05:20 [INFO] [Rank 2] Loading weights...
2026-04-10 22:05:20 [INFO] [Rank 3] Loading weights...
2026-04-10 22:05:20 [INFO] [Rank 2] Weights loaded.
2026-04-10 22:05:21 [INFO] [Rank 3] Weights loaded.
2026-04-10 22:05:27 [INFO] [Rank 1] Loading weights...
2026-04-10 22:05:28 [INFO] [Rank 1] Weights loaded.
2026-04-10 22:05:36 [INFO] [Rank 0] Loading weights...
2026-04-10 22:05:38 [INFO] [Rank 0] Weights loaded.
2026-04-10 22:06:42 [INFO] [Rank 2] Finished. Latency: 62923 ms
2026-04-10 22:06:42 [INFO] [Rank 1] Finished. Latency: 62923 ms
2026-04-10 22:06:42 [INFO] [Rank 0] Finished. Latency: 62923 ms
2026-04-10 22:06:42 [INFO] [Rank 3] Finished. Latency: 62932 ms
2026-04-10 22:06:45 [INFO] Total latency:     62923 ms
2026-04-10 22:06:45 [INFO] Peak 5GB memory:   2602 MB
2026-04-10 22:06:45 [INFO] Avg  5GB memory:   1919 MB
2026-04-10 22:06:45 [INFO] [30/364] Split [15, 9, 4, 4] | Batch: 8 | Microbatch: 2 | Microbatches: 4
2026-04-10 22:06:45 [INFO] Loading WikiText... (SEQ_LEN=64, BATCH=8)
2026-04-10 22:07:00 [INFO] [Rank 2] Loading weights...
2026-04-10 22:07:00 [INFO] [Rank 2] Weights loaded.
2026-04-10 22:07:01 [INFO] [Rank 3] Loading weights...
2026-04-10 22:07:01 [INFO] [Rank 3] Weights loaded.
2026-04-10 22:07:07 [INFO] [Rank 1] Loading weights...
2026-04-10 22:07:08 [INFO] [Rank 1] Weights loaded.
2026-04-10 22:07:16 [INFO] [Rank 0] Loading weights...
2026-04-10 22:07:18 [INFO] [Rank 0] Weights loaded.
2026-04-10 22:09:14 [INFO] [Rank 1] Finished. Latency: 115257 ms
2026-04-10 22:09:14 [INFO] [Rank 2] Finished. Latency: 115257 ms
2026-04-10 22:09:14 [INFO] [Rank 0] Finished. Latency: 115258 ms
2026-04-10 22:09:14 [INFO] [Rank 3] Finished. Latency: 115266 ms
2026-04-10 22:09:17 [INFO] Total latency:     115258 ms
2026-04-10 22:09:17 [INFO] Peak 5GB memory:   2326 MB
2026-04-10 22:09:17 [INFO] Avg  5GB memory:   1988 MB
2026-04-10 22:09:17 [INFO] [31/364] Split [15, 9, 4, 4] | Batch: 16 | Microbatch: 8 | Microbatches: 2
2026-04-10 22:09:17 [INFO] Loading WikiText... (SEQ_LEN=64, BATCH=16)
2026-04-10 22:09:19 [WARNING] '('Connection broken: IncompleteRead(0 bytes read, 65536 more expected)', IncompleteRead(0 bytes read, 65536 more expected))' thrown while requesting GET https://huggingface.co/datasets/wikitext/resolve/b08601e04326c79dfdd32d625aee71d232d685c3/wikitext-2-raw-v1/test-00000-of-00001.parquet
2026-04-10 22:09:19 [WARNING] Retrying in 1s [Retry 1/5].
2026-04-10 22:09:35 [INFO] [Rank 2] Loading weights...
2026-04-10 22:09:35 [INFO] [Rank 2] Weights loaded.
2026-04-10 22:09:35 [INFO] [Rank 3] Loading weights...
2026-04-10 22:09:36 [INFO] [Rank 3] Weights loaded.
2026-04-10 22:09:42 [INFO] [Rank 1] Loading weights...
2026-04-10 22:09:43 [INFO] [Rank 1] Weights loaded.
2026-04-10 22:09:51 [INFO] [Rank 0] Loading weights...
2026-04-10 22:09:53 [INFO] [Rank 0] Weights loaded.
2026-04-10 22:11:03 [INFO] [Rank 2] Finished. Latency: 69129 ms
2026-04-10 22:11:03 [INFO] [Rank 0] Finished. Latency: 69129 ms
2026-04-10 22:11:03 [INFO] [Rank 1] Finished. Latency: 69129 ms
2026-04-10 22:11:03 [INFO] [Rank 3] Finished. Latency: 69142 ms
2026-04-10 22:11:06 [INFO] Total latency:     69129 ms
2026-04-10 22:11:06 [INFO] Peak 5GB memory:   4702 MB
2026-04-10 22:11:06 [INFO] Avg  5GB memory:   2573 MB
2026-04-10 22:11:06 [INFO] [32/364] Split [15, 9, 4, 4] | Batch: 16 | Microbatch: 4 | Microbatches: 4
2026-04-10 22:11:06 [INFO] Loading WikiText... (SEQ_LEN=64, BATCH=16)
2026-04-10 22:11:21 [INFO] [Rank 2] Loading weights...
2026-04-10 22:11:22 [INFO] [Rank 2] Weights loaded.
2026-04-10 22:11:22 [INFO] [Rank 3] Loading weights...
2026-04-10 22:11:23 [INFO] [Rank 3] Weights loaded.
2026-04-10 22:11:28 [INFO] [Rank 1] Loading weights...
2026-04-10 22:11:29 [INFO] [Rank 1] Weights loaded.
2026-04-10 22:11:38 [INFO] [Rank 0] Loading weights...
2026-04-10 22:11:40 [INFO] [Rank 0] Weights loaded.
2026-04-10 22:13:47 [INFO] [Rank 2] Finished. Latency: 127056 ms
2026-04-10 22:13:47 [INFO] [Rank 1] Finished. Latency: 127056 ms
2026-04-10 22:13:47 [INFO] [Rank 0] Finished. Latency: 127056 ms
2026-04-10 22:13:47 [INFO] [Rank 3] Finished. Latency: 127065 ms
2026-04-10 22:13:51 [INFO] Total latency:     127056 ms
2026-04-10 22:13:51 [INFO] Peak 5GB memory:   3202 MB
2026-04-10 22:13:51 [INFO] Avg  5GB memory:   2270 MB
2026-04-10 22:13:51 [INFO] [33/364] Split [15, 9, 4, 4] | Batch: 16 | Microbatch: 2 | Microbatches: 8
2026-04-10 22:13:51 [INFO] Loading WikiText... (SEQ_LEN=64, BATCH=16)
2026-04-10 22:14:06 [INFO] [Rank 2] Loading weights...
2026-04-10 22:14:06 [INFO] [Rank 2] Weights loaded.
2026-04-10 22:14:07 [INFO] [Rank 3] Loading weights...
2026-04-10 22:14:07 [INFO] [Rank 3] Weights loaded.
2026-04-10 22:14:13 [INFO] [Rank 1] Loading weights...
2026-04-10 22:14:14 [INFO] [Rank 1] Weights loaded.
2026-04-10 22:14:22 [INFO] [Rank 0] Loading weights...
2026-04-10 22:14:24 [INFO] [Rank 0] Weights loaded.
2026-04-10 22:18:25 [INFO] [Rank 2] Finished. Latency: 240176 ms
2026-04-10 22:18:25 [INFO] [Rank 0] Finished. Latency: 240176 ms
2026-04-10 22:18:25 [INFO] [Rank 1] Finished. Latency: 240176 ms
2026-04-10 22:18:25 [INFO] [Rank 3] Finished. Latency: 240184 ms
2026-04-10 22:18:28 [INFO] Total latency:     240176 ms
2026-04-10 22:18:28 [INFO] Peak 5GB memory:   2682 MB
2026-04-10 22:18:28 [INFO] Avg  5GB memory:   2283 MB
2026-04-10 22:18:29 [INFO] [34/364] Split [15, 9, 4, 4] | Batch: 32 | Microbatch: 16 | Microbatches: 2
2026-04-10 22:18:29 [INFO] Loading WikiText... (SEQ_LEN=64, BATCH=32)
2026-04-10 22:18:43 [INFO] [Rank 2] Loading weights...
2026-04-10 22:18:44 [INFO] [Rank 2] Weights loaded.
2026-04-10 22:18:44 [INFO] [Rank 3] Loading weights...
2026-04-10 22:18:45 [INFO] [Rank 3] Weights loaded.
2026-04-10 22:18:50 [INFO] [Rank 1] Loading weights...
2026-04-10 22:18:52 [INFO] [Rank 1] Weights loaded.
2026-04-10 22:19:00 [INFO] [Rank 0] Loading weights...
2026-04-10 22:19:02 [INFO] [Rank 0] Weights loaded.
2026-04-10 22:20:30 [INFO] [Rank 2] Finished. Latency: 88104 ms
2026-04-10 22:20:30 [INFO] [Rank 1] Finished. Latency: 88104 ms
2026-04-10 22:20:30 [INFO] [Rank 0] Finished. Latency: 88104 ms
2026-04-10 22:20:30 [INFO] [Rank 3] Finished. Latency: 88123 ms
2026-04-10 22:20:34 [INFO] Total latency:     88104 ms
2026-04-10 22:20:34 [INFO] Peak 5GB memory:   4720 MB
2026-04-10 22:20:34 [INFO] Avg  5GB memory:   2922 MB
2026-04-10 22:20:34 [INFO] [35/364] Split [15, 9, 4, 4] | Batch: 32 | Microbatch: 8 | Microbatches: 4
2026-04-10 22:20:34 [INFO] Loading WikiText... (SEQ_LEN=64, BATCH=32)
2026-04-10 22:20:36 [WARNING] '('Connection broken: IncompleteRead(0 bytes read, 732606 more expected)', IncompleteRead(0 bytes read, 732606 more expected))' thrown while requesting GET https://huggingface.co/datasets/wikitext/resolve/b08601e04326c79dfdd32d625aee71d232d685c3/wikitext-2-raw-v1/test-00000-of-00001.parquet
2026-04-10 22:20:36 [WARNING] Retrying in 1s [Retry 1/5].
2026-04-10 22:20:51 [INFO] [Rank 2] Loading weights...
2026-04-10 22:20:52 [INFO] [Rank 2] Weights loaded.
2026-04-10 22:20:52 [INFO] [Rank 3] Loading weights...
2026-04-10 22:20:53 [INFO] [Rank 3] Weights loaded.
2026-04-10 22:20:58 [INFO] [Rank 1] Loading weights...
2026-04-10 22:20:59 [INFO] [Rank 1] Weights loaded.
2026-04-10 22:21:08 [INFO] [Rank 0] Loading weights...
2026-04-10 22:21:10 [INFO] [Rank 0] Weights loaded.
2026-04-10 22:23:32 [INFO] [Rank 2] Finished. Latency: 142125 ms
2026-04-10 22:23:32 [INFO] [Rank 1] Finished. Latency: 142125 ms
2026-04-10 22:23:32 [INFO] [Rank 0] Finished. Latency: 142125 ms
2026-04-10 22:23:32 [INFO] [Rank 3] Finished. Latency: 142137 ms
2026-04-10 22:23:36 [INFO] Total latency:     142125 ms
2026-04-10 22:23:36 [INFO] Peak 5GB memory:   4670 MB
2026-04-10 22:23:36 [INFO] Avg  5GB memory:   2974 MB
2026-04-10 22:23:36 [INFO] [36/364] Split [15, 9, 4, 4] | Batch: 32 | Microbatch: 4 | Microbatches: 8
2026-04-10 22:23:36 [INFO] Loading WikiText... (SEQ_LEN=64, BATCH=32)
2026-04-10 22:23:51 [INFO] [Rank 2] Loading weights...
2026-04-10 22:23:52 [INFO] [Rank 2] Weights loaded.
2026-04-10 22:23:52 [INFO] [Rank 3] Loading weights...
2026-04-10 22:23:53 [INFO] [Rank 3] Weights loaded.
2026-04-10 22:23:59 [INFO] [Rank 1] Loading weights...
2026-04-10 22:24:00 [INFO] [Rank 1] Weights loaded.
2026-04-10 22:24:08 [INFO] [Rank 0] Loading weights...
2026-04-10 22:24:10 [INFO] [Rank 0] Weights loaded.
2026-04-10 22:28:23 [INFO] [Rank 1] Finished. Latency: 252266 ms
2026-04-10 22:28:23 [INFO] [Rank 2] Finished. Latency: 252266 ms
2026-04-10 22:28:23 [INFO] [Rank 0] Finished. Latency: 252266 ms
2026-04-10 22:28:23 [INFO] [Rank 3] Finished. Latency: 252274 ms
2026-04-10 22:28:26 [INFO] Total latency:     252266 ms
2026-04-10 22:28:26 [INFO] Peak 5GB memory:   4542 MB
2026-04-10 22:28:26 [INFO] Avg  5GB memory:   2894 MB
2026-04-10 22:28:26 [INFO] [37/364] Split [15, 9, 4, 4] | Batch: 32 | Microbatch: 2 | Microbatches: 16
2026-04-10 22:28:26 [INFO] Loading WikiText... (SEQ_LEN=64, BATCH=32)
2026-04-10 22:28:42 [INFO] [Rank 2] Loading weights...
2026-04-10 22:28:42 [INFO] [Rank 2] Weights loaded.
2026-04-10 22:28:43 [INFO] [Rank 3] Loading weights...
2026-04-10 22:28:44 [INFO] [Rank 3] Weights loaded.
2026-04-10 22:28:49 [INFO] [Rank 1] Loading weights...
2026-04-10 22:28:50 [INFO] [Rank 1] Weights loaded.
2026-04-10 22:28:59 [INFO] [Rank 0] Loading weights...
2026-04-10 22:29:01 [INFO] [Rank 0] Weights loaded.
2026-04-10 22:37:00 [INFO] [Rank 2] Finished. Latency: 479395 ms
2026-04-10 22:37:00 [INFO] [Rank 0] Finished. Latency: 479395 ms
2026-04-10 22:37:00 [INFO] [Rank 1] Finished. Latency: 479395 ms
2026-04-10 22:37:00 [INFO] [Rank 3] Finished. Latency: 479402 ms
2026-04-10 22:37:04 [INFO] Total latency:     479395 ms
2026-04-10 22:37:04 [INFO] Peak 5GB memory:   3396 MB
2026-04-10 22:37:04 [INFO] Avg  5GB memory:   2775 MB
2026-04-10 22:37:04 [INFO] [38/364] Split [15, 9, 4, 4] | Batch: 64 | Microbatch: 32 | Microbatches: 2
2026-04-10 22:37:04 [INFO] Loading WikiText... (SEQ_LEN=64, BATCH=64)
2026-04-10 22:37:20 [INFO] [Rank 2] Loading weights...
2026-04-10 22:37:21 [INFO] [Rank 2] Weights loaded.
2026-04-10 22:37:21 [INFO] [Rank 3] Loading weights...
2026-04-10 22:37:22 [INFO] [Rank 3] Weights loaded.
2026-04-10 22:37:27 [INFO] [Rank 1] Loading weights...
2026-04-10 22:37:29 [INFO] [Rank 1] Weights loaded.
2026-04-10 22:37:37 [INFO] [Rank 0] Loading weights...
2026-04-10 22:37:39 [INFO] [Rank 0] Weights loaded.
2026-04-10 22:39:53 [INFO] [Rank 2] Finished. Latency: 134054 ms
2026-04-10 22:39:53 [INFO] [Rank 1] Finished. Latency: 134054 ms
2026-04-10 22:39:53 [INFO] [Rank 0] Finished. Latency: 134054 ms
2026-04-10 22:39:53 [INFO] [Rank 3] Finished. Latency: 134086 ms
2026-04-10 22:39:57 [INFO] Total latency:     134054 ms
2026-04-10 22:39:57 [INFO] Peak 5GB memory:   4864 MB
2026-04-10 22:39:57 [INFO] Avg  5GB memory:   3539 MB
2026-04-10 22:39:57 [INFO] [39/364] Split [15, 9, 4, 4] | Batch: 64 | Microbatch: 16 | Microbatches: 4
2026-04-10 22:39:57 [INFO] Loading WikiText... (SEQ_LEN=64, BATCH=64)
2026-04-10 22:39:59 [WARNING] '('Connection broken: IncompleteRead(0 bytes read, 732606 more expected)', IncompleteRead(0 bytes read, 732606 more expected))' thrown while requesting GET https://huggingface.co/datasets/wikitext/resolve/b08601e04326c79dfdd32d625aee71d232d685c3/wikitext-2-raw-v1/test-00000-of-00001.parquet
2026-04-10 22:39:59 [WARNING] Retrying in 1s [Retry 1/5].
2026-04-10 22:40:01 [WARNING] '('Connection broken: IncompleteRead(0 bytes read, 732606 more expected)', IncompleteRead(0 bytes read, 732606 more expected))' thrown while requesting GET https://huggingface.co/datasets/wikitext/resolve/b08601e04326c79dfdd32d625aee71d232d685c3/wikitext-2-raw-v1/test-00000-of-00001.parquet
2026-04-10 22:40:01 [WARNING] Retrying in 2s [Retry 2/5].
2026-04-10 22:40:17 [INFO] [Rank 2] Loading weights...
2026-04-10 22:40:18 [INFO] [Rank 2] Weights loaded.
2026-04-10 22:40:18 [INFO] [Rank 3] Loading weights...
2026-04-10 22:40:19 [INFO] [Rank 3] Weights loaded.
2026-04-10 22:40:25 [INFO] [Rank 1] Loading weights...
2026-04-10 22:40:26 [INFO] [Rank 1] Weights loaded.
2026-04-10 22:40:34 [INFO] [Rank 0] Loading weights...
2026-04-10 22:40:36 [INFO] [Rank 0] Weights loaded.
2026-04-10 22:43:37 [INFO] [Rank 1] Finished. Latency: 179980 ms
2026-04-10 22:43:37 [INFO] [Rank 2] Finished. Latency: 179980 ms
2026-04-10 22:43:37 [INFO] [Rank 0] Finished. Latency: 179980 ms
2026-04-10 22:43:37 [INFO] [Rank 3] Finished. Latency: 179999 ms
2026-04-10 22:43:40 [INFO] Total latency:     179980 ms
2026-04-10 22:43:40 [INFO] Peak 5GB memory:   4830 MB
2026-04-10 22:43:40 [INFO] Avg  5GB memory:   3563 MB
2026-04-10 22:43:40 [INFO] [40/364] Split [15, 9, 4, 4] | Batch: 64 | Microbatch: 8 | Microbatches: 8
2026-04-10 22:43:40 [INFO] Loading WikiText... (SEQ_LEN=64, BATCH=64)
2026-04-10 22:43:56 [INFO] [Rank 2] Loading weights...
2026-04-10 22:43:56 [INFO] [Rank 2] Weights loaded.
2026-04-10 22:43:56 [INFO] [Rank 3] Loading weights...
2026-04-10 22:43:57 [INFO] [Rank 3] Weights loaded.
2026-04-10 22:44:03 [INFO] [Rank 1] Loading weights...
2026-04-10 22:44:04 [INFO] [Rank 1] Weights loaded.
2026-04-10 22:44:12 [INFO] [Rank 0] Loading weights...
2026-04-10 22:44:15 [INFO] [Rank 0] Weights loaded.
2026-04-10 22:48:58 [INFO] [Rank 2] Finished. Latency: 283208 ms
2026-04-10 22:48:58 [INFO] [Rank 1] Finished. Latency: 283208 ms
2026-04-10 22:48:58 [INFO] [Rank 0] Finished. Latency: 283208 ms
2026-04-10 22:48:58 [INFO] [Rank 3] Finished. Latency: 283220 ms
2026-04-10 22:49:02 [INFO] Total latency:     283208 ms
2026-04-10 22:49:02 [INFO] Peak 5GB memory:   4838 MB
2026-04-10 22:49:02 [INFO] Avg  5GB memory:   3569 MB
2026-04-10 22:49:02 [INFO] [41/364] Split [15, 9, 4, 4] | Batch: 64 | Microbatch: 4 | Microbatches: 16
2026-04-10 22:49:02 [INFO] Loading WikiText... (SEQ_LEN=64, BATCH=64)
2026-04-10 22:49:17 [INFO] [Rank 2] Loading weights...
2026-04-10 22:49:18 [INFO] [Rank 2] Weights loaded.
2026-04-10 22:49:18 [INFO] [Rank 3] Loading weights...
2026-04-10 22:49:19 [INFO] [Rank 3] Weights loaded.
2026-04-10 22:49:24 [INFO] [Rank 1] Loading weights...
2026-04-10 22:49:25 [INFO] [Rank 1] Weights loaded.
2026-04-10 22:49:34 [INFO] [Rank 0] Loading weights...
2026-04-10 22:49:36 [INFO] [Rank 0] Weights loaded.
2026-04-10 22:57:56 [INFO] [Rank 2] Finished. Latency: 499824 ms
2026-04-10 22:57:56 [INFO] [Rank 1] Finished. Latency: 499824 ms
2026-04-10 22:57:56 [INFO] [Rank 0] Finished. Latency: 499824 ms
2026-04-10 22:57:56 [INFO] [Rank 3] Finished. Latency: 499833 ms
2026-04-10 22:58:00 [INFO] Total latency:     499824 ms
2026-04-10 22:58:00 [INFO] Peak 5GB memory:   4780 MB
2026-04-10 22:58:00 [INFO] Avg  5GB memory:   3533 MB
2026-04-10 22:58:00 [INFO] [42/364] Split [15, 9, 4, 4] | Batch: 64 | Microbatch: 2 | Microbatches: 32
2026-04-10 22:58:00 [INFO] Loading WikiText... (SEQ_LEN=64, BATCH=64)
2026-04-10 22:58:15 [INFO] [Rank 2] Loading weights...
2026-04-10 22:58:16 [INFO] [Rank 2] Weights loaded.
2026-04-10 22:58:16 [INFO] [Rank 3] Loading weights...
2026-04-10 22:58:17 [INFO] [Rank 3] Weights loaded.
2026-04-10 22:58:23 [INFO] [Rank 1] Loading weights...
2026-04-10 22:58:24 [INFO] [Rank 1] Weights loaded.
2026-04-10 22:58:34 [INFO] [Rank 0] Loading weights...
2026-04-10 22:58:36 [INFO] [Rank 0] Weights loaded.
2026-04-10 23:14:23 [INFO] [Rank 0] Finished. Latency: 946052 ms
2026-04-10 23:14:23 [INFO] [Rank 2] Finished. Latency: 946052 ms
2026-04-10 23:14:23 [INFO] [Rank 1] Finished. Latency: 946052 ms
2026-04-10 23:14:23 [INFO] [Rank 3] Finished. Latency: 946059 ms
2026-04-10 23:14:26 [INFO] Total latency:     946052 ms
2026-04-10 23:14:26 [INFO] Peak 5GB memory:   4820 MB
2026-04-10 23:14:26 [INFO] Avg  5GB memory:   3695 MB
2026-04-10 23:14:26 [INFO] [43/364] Split [15, 9, 5, 3] | Batch: 8 | Microbatch: 4 | Microbatches: 2
2026-04-10 23:14:26 [INFO] Loading WikiText... (SEQ_LEN=64, BATCH=8)
2026-04-10 23:14:41 [INFO] [Rank 3] Loading weights...
2026-04-10 23:14:42 [INFO] [Rank 3] Weights loaded.
2026-04-10 23:14:43 [INFO] [Rank 2] Loading weights...
2026-04-10 23:14:44 [INFO] [Rank 2] Weights loaded.
2026-04-10 23:14:49 [INFO] [Rank 1] Loading weights...
2026-04-10 23:14:51 [INFO] [Rank 1] Weights loaded.
2026-04-10 23:14:59 [INFO] [Rank 0] Loading weights...
2026-04-10 23:15:01 [INFO] [Rank 0] Weights loaded.
2026-04-10 23:16:06 [INFO] [Rank 1] Finished. Latency: 64936 ms
2026-04-10 23:16:06 [INFO] [Rank 2] Finished. Latency: 64936 ms
2026-04-10 23:16:06 [INFO] [Rank 0] Finished. Latency: 64936 ms
2026-04-10 23:16:06 [INFO] [Rank 3] Finished. Latency: 64943 ms
2026-04-10 23:16:10 [INFO] Total latency:     64936 ms
2026-04-10 23:16:10 [INFO] Peak 5GB memory:   2056 MB
2026-04-10 23:16:10 [INFO] Avg  5GB memory:   1542 MB
2026-04-10 23:16:10 [INFO] [44/364] Split [15, 9, 5, 3] | Batch: 8 | Microbatch: 2 | Microbatches: 4
2026-04-10 23:16:10 [INFO] Loading WikiText... (SEQ_LEN=64, BATCH=8)
2026-04-10 23:16:24 [INFO] [Rank 3] Loading weights...
2026-04-10 23:16:25 [INFO] [Rank 3] Weights loaded.
2026-04-10 23:16:26 [INFO] [Rank 2] Loading weights...
2026-04-10 23:16:27 [INFO] [Rank 2] Weights loaded.
2026-04-10 23:16:32 [INFO] [Rank 1] Loading weights...
2026-04-10 23:16:33 [INFO] [Rank 1] Weights loaded.
2026-04-10 23:16:42 [INFO] [Rank 0] Loading weights...
2026-04-10 23:16:44 [INFO] [Rank 0] Weights loaded.
2026-04-10 23:18:44 [INFO] [Rank 1] Finished. Latency: 120495 ms
2026-04-10 23:18:44 [INFO] [Rank 2] Finished. Latency: 120495 ms
2026-04-10 23:18:44 [INFO] [Rank 0] Finished. Latency: 120495 ms
2026-04-10 23:18:44 [INFO] [Rank 3] Finished. Latency: 120501 ms
2026-04-10 23:18:48 [INFO] Total latency:     120495 ms
2026-04-10 23:18:48 [INFO] Peak 5GB memory:   1852 MB
2026-04-10 23:18:48 [INFO] Avg  5GB memory:   1596 MB
2026-04-10 23:18:48 [INFO] [45/364] Split [15, 9, 5, 3] | Batch: 16 | Microbatch: 8 | Microbatches: 2
2026-04-10 23:18:48 [INFO] Loading WikiText... (SEQ_LEN=64, BATCH=16)
2026-04-10 23:19:03 [INFO] [Rank 3] Loading weights...
2026-04-10 23:19:04 [INFO] [Rank 3] Weights loaded.
2026-04-10 23:19:05 [INFO] [Rank 2] Loading weights...
2026-04-10 23:19:06 [INFO] [Rank 2] Weights loaded.
2026-04-10 23:19:11 [INFO] [Rank 1] Loading weights...
2026-04-10 23:19:12 [INFO] [Rank 1] Weights loaded.
2026-04-10 23:19:20 [INFO] [Rank 0] Loading weights...
2026-04-10 23:19:23 [INFO] [Rank 0] Weights loaded.
2026-04-10 23:20:35 [INFO] [Rank 2] Finished. Latency: 71923 ms
2026-04-10 23:20:35 [INFO] [Rank 1] Finished. Latency: 71923 ms
2026-04-10 23:20:35 [INFO] [Rank 0] Finished. Latency: 71923 ms
2026-04-10 23:20:35 [INFO] [Rank 3] Finished. Latency: 71933 ms
2026-04-10 23:20:39 [INFO] Total latency:     71923 ms
2026-04-10 23:20:39 [INFO] Peak 5GB memory:   4462 MB
2026-04-10 23:20:39 [INFO] Avg  5GB memory:   2102 MB
2026-04-10 23:20:39 [INFO] [46/364] Split [15, 9, 5, 3] | Batch: 16 | Microbatch: 4 | Microbatches: 4
2026-04-10 23:20:39 [INFO] Loading WikiText... (SEQ_LEN=64, BATCH=16)
2026-04-10 23:20:53 [INFO] [Rank 3] Loading weights...
2026-04-10 23:20:54 [INFO] [Rank 3] Weights loaded.
2026-04-10 23:20:55 [INFO] [Rank 2] Loading weights...
2026-04-10 23:20:56 [INFO] [Rank 2] Weights loaded.
2026-04-10 23:21:01 [INFO] [Rank 1] Loading weights...
2026-04-10 23:21:02 [INFO] [Rank 1] Weights loaded.
2026-04-10 23:21:10 [INFO] [Rank 0] Loading weights...
2026-04-10 23:21:12 [INFO] [Rank 0] Weights loaded.
2026-04-10 23:23:19 [INFO] [Rank 2] Finished. Latency: 126595 ms
2026-04-10 23:23:19 [INFO] [Rank 0] Finished. Latency: 126595 ms
2026-04-10 23:23:19 [INFO] [Rank 1] Finished. Latency: 126595 ms
2026-04-10 23:23:19 [INFO] [Rank 3] Finished. Latency: 126602 ms
2026-04-10 23:23:23 [INFO] Total latency:     126595 ms
2026-04-10 23:23:23 [INFO] Peak 5GB memory:   2536 MB
2026-04-10 23:23:23 [INFO] Avg  5GB memory:   1810 MB
2026-04-10 23:23:23 [INFO] [47/364] Split [15, 9, 5, 3] | Batch: 16 | Microbatch: 2 | Microbatches: 8
2026-04-10 23:23:23 [INFO] Loading WikiText... (SEQ_LEN=64, BATCH=16)
2026-04-10 23:23:37 [INFO] [Rank 3] Loading weights...
2026-04-10 23:23:38 [INFO] [Rank 3] Weights loaded.
2026-04-10 23:23:39 [INFO] [Rank 2] Loading weights...
2026-04-10 23:23:40 [INFO] [Rank 2] Weights loaded.
2026-04-10 23:23:45 [INFO] [Rank 1] Loading weights...
2026-04-10 23:23:47 [INFO] [Rank 1] Weights loaded.
2026-04-10 23:23:55 [INFO] [Rank 0] Loading weights...
2026-04-10 23:23:57 [INFO] [Rank 0] Weights loaded.
2026-04-10 23:27:57 [INFO] [Rank 2] Finished. Latency: 240176 ms
2026-04-10 23:27:57 [INFO] [Rank 0] Finished. Latency: 240176 ms
2026-04-10 23:27:57 [INFO] [Rank 1] Finished. Latency: 240176 ms
2026-04-10 23:27:57 [INFO] [Rank 3] Finished. Latency: 240181 ms
2026-04-10 23:28:01 [INFO] Total latency:     240176 ms
2026-04-10 23:28:01 [INFO] Peak 5GB memory:   2120 MB
2026-04-10 23:28:01 [INFO] Avg  5GB memory:   1815 MB
2026-04-10 23:28:01 [INFO] [48/364] Split [15, 9, 5, 3] | Batch: 32 | Microbatch: 16 | Microbatches: 2
2026-04-10 23:28:01 [INFO] Loading WikiText... (SEQ_LEN=64, BATCH=32)
2026-04-10 23:28:16 [INFO] [Rank 3] Loading weights...
2026-04-10 23:28:17 [INFO] [Rank 3] Weights loaded.
2026-04-10 23:28:18 [INFO] [Rank 2] Loading weights...
2026-04-10 23:28:19 [INFO] [Rank 2] Weights loaded.
2026-04-10 23:28:24 [INFO] [Rank 1] Loading weights...
2026-04-10 23:28:25 [INFO] [Rank 1] Weights loaded.
2026-04-10 23:28:33 [INFO] [Rank 0] Loading weights...
2026-04-10 23:28:36 [INFO] [Rank 0] Weights loaded.
2026-04-10 23:30:06 [INFO] [Rank 1] Finished. Latency: 90171 ms
2026-04-10 23:30:06 [INFO] [Rank 2] Finished. Latency: 90171 ms
2026-04-10 23:30:06 [INFO] [Rank 0] Finished. Latency: 90171 ms
2026-04-10 23:30:06 [INFO] [Rank 3] Finished. Latency: 90185 ms
2026-04-10 23:30:10 [INFO] Total latency:     90171 ms
2026-04-10 23:30:10 [INFO] Peak 5GB memory:   4822 MB
2026-04-10 23:30:10 [INFO] Avg  5GB memory:   2694 MB
2026-04-10 23:30:10 [INFO] [49/364] Split [15, 9, 5, 3] | Batch: 32 | Microbatch: 8 | Microbatches: 4
2026-04-10 23:30:10 [INFO] Loading WikiText... (SEQ_LEN=64, BATCH=32)
2026-04-10 23:30:35 [INFO] [Rank 3] Loading weights...
2026-04-10 23:30:36 [INFO] [Rank 3] Weights loaded.
2026-04-10 23:30:38 [INFO] [Rank 2] Loading weights...
2026-04-10 23:30:38 [INFO] [Rank 2] Weights loaded.
2026-04-10 23:30:43 [INFO] [Rank 1] Loading weights...
2026-04-10 23:30:45 [INFO] [Rank 1] Weights loaded.
2026-04-10 23:30:53 [INFO] [Rank 0] Loading weights...
2026-04-10 23:30:55 [INFO] [Rank 0] Weights loaded.
2026-04-10 23:33:18 [INFO] [Rank 2] Finished. Latency: 142557 ms
2026-04-10 23:33:18 [INFO] [Rank 1] Finished. Latency: 142558 ms
2026-04-10 23:33:18 [INFO] [Rank 0] Finished. Latency: 142557 ms
2026-04-10 23:33:18 [INFO] [Rank 3] Finished. Latency: 142567 ms
2026-04-10 23:33:22 [INFO] Total latency:     142557 ms
2026-04-10 23:33:22 [INFO] Peak 5GB memory:   4500 MB
2026-04-10 23:33:22 [INFO] Avg  5GB memory:   2556 MB
2026-04-10 23:33:22 [INFO] [50/364] Split [15, 9, 5, 3] | Batch: 32 | Microbatch: 4 | Microbatches: 8
2026-04-10 23:33:22 [INFO] Loading WikiText... (SEQ_LEN=64, BATCH=32)
2026-04-10 23:33:36 [INFO] [Rank 3] Loading weights...
2026-04-10 23:33:36 [INFO] [Rank 3] Weights loaded.
2026-04-10 23:33:38 [INFO] [Rank 2] Loading weights...
2026-04-10 23:33:38 [INFO] [Rank 2] Weights loaded.
2026-04-10 23:33:45 [INFO] [Rank 1] Loading weights...
2026-04-10 23:33:46 [INFO] [Rank 1] Weights loaded.
2026-04-10 23:33:53 [INFO] [Rank 0] Loading weights...
2026-04-10 23:33:55 [INFO] [Rank 0] Weights loaded.
2026-04-10 23:38:02 [INFO] [Rank 2] Finished. Latency: 246025 ms
2026-04-10 23:38:02 [INFO] [Rank 1] Finished. Latency: 246025 ms
2026-04-10 23:38:02 [INFO] [Rank 0] Finished. Latency: 246025 ms
2026-04-10 23:38:02 [INFO] [Rank 3] Finished. Latency: 246031 ms
2026-04-10 23:38:05 [INFO] Total latency:     246025 ms
2026-04-10 23:38:05 [INFO] Peak 5GB memory:   3516 MB
2026-04-10 23:38:05 [INFO] Avg  5GB memory:   2281 MB
2026-04-10 23:38:05 [INFO] [51/364] Split [15, 9, 5, 3] | Batch: 32 | Microbatch: 2 | Microbatches: 16
2026-04-10 23:38:05 [INFO] Loading WikiText... (SEQ_LEN=64, BATCH=32)
2026-04-10 23:38:20 [INFO] [Rank 3] Loading weights...
2026-04-10 23:38:21 [INFO] [Rank 3] Weights loaded.
2026-04-10 23:38:22 [INFO] [Rank 2] Loading weights...
2026-04-10 23:38:23 [INFO] [Rank 2] Weights loaded.
2026-04-10 23:38:28 [INFO] [Rank 1] Loading weights...
2026-04-10 23:38:29 [INFO] [Rank 1] Weights loaded.
2026-04-10 23:38:38 [INFO] [Rank 0] Loading weights...
2026-04-10 23:38:40 [INFO] [Rank 0] Weights loaded.
2026-04-10 23:46:38 [INFO] [Rank 2] Finished. Latency: 477926 ms
2026-04-10 23:46:38 [INFO] [Rank 1] Finished. Latency: 477926 ms
2026-04-10 23:46:38 [INFO] [Rank 0] Finished. Latency: 477926 ms
2026-04-10 23:46:38 [INFO] [Rank 3] Finished. Latency: 477931 ms
2026-04-10 23:46:42 [INFO] Total latency:     477926 ms
2026-04-10 23:46:42 [INFO] Peak 5GB memory:   2658 MB
2026-04-10 23:46:42 [INFO] Avg  5GB memory:   2190 MB
2026-04-10 23:46:42 [INFO] [52/364] Split [15, 9, 5, 3] | Batch: 64 | Microbatch: 32 | Microbatches: 2
2026-04-10 23:46:42 [INFO] Loading WikiText... (SEQ_LEN=64, BATCH=64)
2026-04-10 23:46:56 [INFO] [Rank 3] Loading weights...
2026-04-10 23:46:57 [INFO] [Rank 3] Weights loaded.
2026-04-10 23:46:58 [INFO] [Rank 2] Loading weights...
2026-04-10 23:46:59 [INFO] [Rank 2] Weights loaded.
2026-04-10 23:47:04 [INFO] [Rank 1] Loading weights...
2026-04-10 23:47:06 [INFO] [Rank 1] Weights loaded.
2026-04-10 23:47:14 [INFO] [Rank 0] Loading weights...
2026-04-10 23:47:16 [INFO] [Rank 0] Weights loaded.
2026-04-10 23:49:11 [ERROR] [Rank 2] OOM
2026-04-10 23:49:11 [ERROR] [Rank 3] Unexpected exception:
Traceback (most recent call last):
  File "/home/anurag_dutt/scripts/benchmark_pipeline_microbatching.py", line 545, in run_pipeline
    decode_recv_handles[mb_idx].wait()
  File "/home/anurag_dutt/scripts/mig_transport_pipeline_non_blocking.py", line 121, in wait
    _ORIGINAL_SEND(
  File "/home/anurag_dutt/scripts/mig_env/lib/python3.10/site-packages/torch/distributed/c10d_logger.py", line 81, in wrapper
    return func(*args, **kwargs)
  File "/home/anurag_dutt/scripts/mig_env/lib/python3.10/site-packages/torch/distributed/distributed_c10d.py", line 2496, in send
    work.wait()
RuntimeError: [/pytorch/third_party/gloo/gloo/transport/tcp/pair.cc:547] Connection closed by peer [10.128.0.8]:205

2026-04-10 23:49:11 [ERROR] [Rank 0] Unexpected exception:
Traceback (most recent call last):
  File "/home/anurag_dutt/scripts/benchmark_pipeline_microbatching.py", line 576, in run_pipeline
    dist.recv(next_tokens, src=world_size - 1, tag=tok_tag)
  File "/home/anurag_dutt/scripts/mig_transport_pipeline_non_blocking.py", line 407, in patched_recv
    return _MIG_PIPE_ENGINE.recv(tensor, src, group=group, tag=tag)
  File "/home/anurag_dutt/scripts/mig_transport_pipeline_non_blocking.py", line 281, in recv
    _ORIGINAL_RECV(handshake, src=src, group=group, tag=tag)
  File "/home/anurag_dutt/scripts/mig_env/lib/python3.10/site-packages/torch/distributed/c10d_logger.py", line 81, in wrapper
    return func(*args, **kwargs)
  File "/home/anurag_dutt/scripts/mig_env/lib/python3.10/site-packages/torch/distributed/distributed_c10d.py", line 2529, in recv
    work.wait()
RuntimeError: [/pytorch/third_party/gloo/gloo/transport/tcp/pair.cc:547] Connection closed by peer [10.128.0.8]:28069

2026-04-10 23:49:11 [ERROR] [Rank 1] Unexpected exception:
Traceback (most recent call last):
  File "/home/anurag_dutt/scripts/benchmark_pipeline_microbatching.py", line 545, in run_pipeline
    decode_recv_handles[mb_idx].wait()
  File "/home/anurag_dutt/scripts/mig_transport_pipeline_non_blocking.py", line 113, in wait
    self._dist_handle.wait()
RuntimeError: [/pytorch/third_party/gloo/gloo/transport/tcp/pair.cc:547] Connection closed by peer [10.128.0.8]:26860

2026-04-10 23:49:14 [WARNING] OOM on Rank 2 — skipping.
2026-04-10 23:49:14 [INFO] [53/364] Split [15, 9, 5, 3] | Batch: 64 | Microbatch: 16 | Microbatches: 4
2026-04-10 23:49:14 [INFO] Loading WikiText... (SEQ_LEN=64, BATCH=64)
2026-04-10 23:49:16 [WARNING] '('Connection broken: IncompleteRead(0 bytes read, 65536 more expected)', IncompleteRead(0 bytes read, 65536 more expected))' thrown while requesting GET https://huggingface.co/datasets/wikitext/resolve/b08601e04326c79dfdd32d625aee71d232d685c3/wikitext-2-raw-v1/test-00000-of-00001.parquet
2026-04-10 23:49:16 [WARNING] Retrying in 1s [Retry 1/5].
2026-04-10 23:49:31 [INFO] [Rank 3] Loading weights...
2026-04-10 23:49:32 [INFO] [Rank 3] Weights loaded.
2026-04-10 23:49:33 [INFO] [Rank 2] Loading weights...
2026-04-10 23:49:34 [INFO] [Rank 2] Weights loaded.
2026-04-10 23:49:39 [INFO] [Rank 1] Loading weights...
2026-04-10 23:49:41 [INFO] [Rank 1] Weights loaded.
2026-04-10 23:49:49 [INFO] [Rank 0] Loading weights...
2026-04-10 23:49:51 [INFO] [Rank 0] Weights loaded.
2026-04-10 23:52:31 [ERROR] [Rank 2] OOM
2026-04-10 23:52:31 [ERROR] [Rank 1] Unexpected exception:
Traceback (most recent call last):
  File "/home/anurag_dutt/scripts/benchmark_pipeline_microbatching.py", line 568, in run_pipeline
    h.wait()
  File "/home/anurag_dutt/scripts/mig_transport_pipeline_non_blocking.py", line 79, in wait
    _ORIGINAL_RECV(
  File "/home/anurag_dutt/scripts/mig_env/lib/python3.10/site-packages/torch/distributed/c10d_logger.py", line 81, in wrapper
    return func(*args, **kwargs)
  File "/home/anurag_dutt/scripts/mig_env/lib/python3.10/site-packages/torch/distributed/distributed_c10d.py", line 2529, in recv
    work.wait()
RuntimeError: [/pytorch/third_party/gloo/gloo/transport/tcp/pair.cc:547] Connection closed by peer [10.128.0.8]:46300

2026-04-10 23:52:31 [ERROR] [Rank 3] Unexpected exception:
Traceback (most recent call last):
  File "/home/anurag_dutt/scripts/benchmark_pipeline_microbatching.py", line 545, in run_pipeline
    decode_recv_handles[mb_idx].wait()
  File "/home/anurag_dutt/scripts/mig_transport_pipeline_non_blocking.py", line 121, in wait
    _ORIGINAL_SEND(
  File "/home/anurag_dutt/scripts/mig_env/lib/python3.10/site-packages/torch/distributed/c10d_logger.py", line 81, in wrapper
    return func(*args, **kwargs)
  File "/home/anurag_dutt/scripts/mig_env/lib/python3.10/site-packages/torch/distributed/distributed_c10d.py", line 2496, in send
    work.wait()
RuntimeError: [/pytorch/third_party/gloo/gloo/transport/tcp/pair.cc:547] Connection closed by peer [10.128.0.8]:22939

2026-04-10 23:52:31 [ERROR] [Rank 0] Unexpected exception:
Traceback (most recent call last):
  File "/home/anurag_dutt/scripts/benchmark_pipeline_microbatching.py", line 576, in run_pipeline
    dist.recv(next_tokens, src=world_size - 1, tag=tok_tag)
  File "/home/anurag_dutt/scripts/mig_transport_pipeline_non_blocking.py", line 407, in patched_recv
    return _MIG_PIPE_ENGINE.recv(tensor, src, group=group, tag=tag)
  File "/home/anurag_dutt/scripts/mig_transport_pipeline_non_blocking.py", line 281, in recv
    _ORIGINAL_RECV(handshake, src=src, group=group, tag=tag)
  File "/home/anurag_dutt/scripts/mig_env/lib/python3.10/site-packages/torch/distributed/c10d_logger.py", line 81, in wrapper
    return func(*args, **kwargs)
  File "/home/anurag_dutt/scripts/mig_env/lib/python3.10/site-packages/torch/distributed/distributed_c10d.py", line 2529, in recv
    work.wait()
RuntimeError: [/pytorch/third_party/gloo/gloo/transport/tcp/pair.cc:547] Connection closed by peer [10.128.0.8]:6833

2026-04-10 23:52:35 [WARNING] OOM on Rank 2 — skipping.
2026-04-10 23:52:35 [INFO] [54/364] Split [15, 9, 5, 3] | Batch: 64 | Microbatch: 8 | Microbatches: 8
2026-04-10 23:52:35 [INFO] Loading WikiText... (SEQ_LEN=64, BATCH=64)
2026-04-10 23:52:49 [INFO] [Rank 3] Loading weights...
2026-04-10 23:52:50 [INFO] [Rank 3] Weights loaded.
2026-04-10 23:52:51 [INFO] [Rank 2] Loading weights...
2026-04-10 23:52:52 [INFO] [Rank 2] Weights loaded.
2026-04-10 23:52:57 [INFO] [Rank 1] Loading weights...
2026-04-10 23:52:58 [INFO] [Rank 1] Weights loaded.
2026-04-10 23:53:07 [INFO] [Rank 0] Loading weights...
2026-04-10 23:53:09 [INFO] [Rank 0] Weights loaded.
2026-04-10 23:57:13 [ERROR] [Rank 2] OOM
2026-04-10 23:57:13 [ERROR] [Rank 3] Unexpected exception:
Traceback (most recent call last):
  File "/home/anurag_dutt/scripts/benchmark_pipeline_microbatching.py", line 545, in run_pipeline
    decode_recv_handles[mb_idx].wait()
  File "/home/anurag_dutt/scripts/mig_transport_pipeline_non_blocking.py", line 121, in wait
    _ORIGINAL_SEND(
  File "/home/anurag_dutt/scripts/mig_env/lib/python3.10/site-packages/torch/distributed/c10d_logger.py", line 81, in wrapper
    return func(*args, **kwargs)
  File "/home/anurag_dutt/scripts/mig_env/lib/python3.10/site-packages/torch/distributed/distributed_c10d.py", line 2496, in send
    work.wait()
RuntimeError: [/pytorch/third_party/gloo/gloo/transport/tcp/pair.cc:547] Connection closed by peer [10.128.0.8]:46755

2026-04-10 23:57:13 [ERROR] [Rank 0] Unexpected exception:
Traceback (most recent call last):
  File "/home/anurag_dutt/scripts/benchmark_pipeline_microbatching.py", line 576, in run_pipeline
    dist.recv(next_tokens, src=world_size - 1, tag=tok_tag)
  File "/home/anurag_dutt/scripts/mig_transport_pipeline_non_blocking.py", line 407, in patched_recv
    return _MIG_PIPE_ENGINE.recv(tensor, src, group=group, tag=tag)
  File "/home/anurag_dutt/scripts/mig_transport_pipeline_non_blocking.py", line 281, in recv
    _ORIGINAL_RECV(handshake, src=src, group=group, tag=tag)
  File "/home/anurag_dutt/scripts/mig_env/lib/python3.10/site-packages/torch/distributed/c10d_logger.py", line 81, in wrapper
    return func(*args, **kwargs)
  File "/home/anurag_dutt/scripts/mig_env/lib/python3.10/site-packages/torch/distributed/distributed_c10d.py", line 2529, in recv
    work.wait()
RuntimeError: [/pytorch/third_party/gloo/gloo/transport/tcp/pair.cc:547] Connection closed by peer [10.128.0.8]:34489

2026-04-10 23:57:13 [ERROR] [Rank 1] Unexpected exception:
Traceback (most recent call last):
  File "/home/anurag_dutt/scripts/benchmark_pipeline_microbatching.py", line 545, in run_pipeline
    decode_recv_handles[mb_idx].wait()
  File "/home/anurag_dutt/scripts/mig_transport_pipeline_non_blocking.py", line 113, in wait
    self._dist_handle.wait()
RuntimeError: [/pytorch/third_party/gloo/gloo/transport/tcp/pair.cc:547] Connection closed by peer [10.128.0.8]:7065

2026-04-10 23:57:17 [WARNING] OOM on Rank 2 — skipping.
2026-04-10 23:57:17 [INFO] [55/364] Split [15, 9, 5, 3] | Batch: 64 | Microbatch: 4 | Microbatches: 16
2026-04-10 23:57:17 [INFO] Loading WikiText... (SEQ_LEN=64, BATCH=64)
2026-04-10 23:57:20 [WARNING] '('Connection broken: IncompleteRead(0 bytes read, 732606 more expected)', IncompleteRead(0 bytes read, 732606 more expected))' thrown while requesting GET https://huggingface.co/datasets/wikitext/resolve/b08601e04326c79dfdd32d625aee71d232d685c3/wikitext-2-raw-v1/test-00000-of-00001.parquet
2026-04-10 23:57:20 [WARNING] Retrying in 1s [Retry 1/5].
2026-04-10 23:57:34 [INFO] [Rank 3] Loading weights...
2026-04-10 23:57:35 [INFO] [Rank 3] Weights loaded.
2026-04-10 23:57:36 [INFO] [Rank 2] Loading weights...
2026-04-10 23:57:37 [INFO] [Rank 2] Weights loaded.
2026-04-10 23:57:42 [INFO] [Rank 1] Loading weights...
2026-04-10 23:57:43 [INFO] [Rank 1] Weights loaded.
2026-04-10 23:57:51 [INFO] [Rank 0] Loading weights...
2026-04-10 23:57:53 [INFO] [Rank 0] Weights loaded.
2026-04-11 00:04:06 [ERROR] [Rank 2] OOM
2026-04-11 00:04:06 [ERROR] [Rank 1] Unexpected exception:
Traceback (most recent call last):
  File "/home/anurag_dutt/scripts/benchmark_pipeline_microbatching.py", line 568, in run_pipeline
    h.wait()
  File "/home/anurag_dutt/scripts/mig_transport_pipeline_non_blocking.py", line 79, in wait
    _ORIGINAL_RECV(
  File "/home/anurag_dutt/scripts/mig_env/lib/python3.10/site-packages/torch/distributed/c10d_logger.py", line 81, in wrapper
    return func(*args, **kwargs)
  File "/home/anurag_dutt/scripts/mig_env/lib/python3.10/site-packages/torch/distributed/distributed_c10d.py", line 2529, in recv
    work.wait()
RuntimeError: [/pytorch/third_party/gloo/gloo/transport/tcp/pair.cc:547] Connection closed by peer [10.128.0.8]:8931

2026-04-11 00:04:06 [ERROR] [Rank 3] Unexpected exception:
Traceback (most recent call last):
  File "/home/anurag_dutt/scripts/benchmark_pipeline_microbatching.py", line 545, in run_pipeline
    decode_recv_handles[mb_idx].wait()
  File "/home/anurag_dutt/scripts/mig_transport_pipeline_non_blocking.py", line 113, in wait
    self._dist_handle.wait()
RuntimeError: [/pytorch/third_party/gloo/gloo/transport/tcp/pair.cc:547] Connection closed by peer [10.128.0.8]:52434

2026-04-11 00:04:06 [ERROR] [Rank 0] Unexpected exception:
Traceback (most recent call last):
  File "/home/anurag_dutt/scripts/benchmark_pipeline_microbatching.py", line 576, in run_pipeline
    dist.recv(next_tokens, src=world_size - 1, tag=tok_tag)
  File "/home/anurag_dutt/scripts/mig_transport_pipeline_non_blocking.py", line 407, in patched_recv
    return _MIG_PIPE_ENGINE.recv(tensor, src, group=group, tag=tag)
  File "/home/anurag_dutt/scripts/mig_transport_pipeline_non_blocking.py", line 281, in recv
    _ORIGINAL_RECV(handshake, src=src, group=group, tag=tag)
  File "/home/anurag_dutt/scripts/mig_env/lib/python3.10/site-packages/torch/distributed/c10d_logger.py", line 81, in wrapper
    return func(*args, **kwargs)
  File "/home/anurag_dutt/scripts/mig_env/lib/python3.10/site-packages/torch/distributed/distributed_c10d.py", line 2529, in recv
    work.wait()
RuntimeError: [/pytorch/third_party/gloo/gloo/transport/tcp/pair.cc:547] Connection closed by peer [10.128.0.8]:32129

2026-04-11 00:04:10 [WARNING] OOM on Rank 2 — skipping.
2026-04-11 00:04:10 [INFO] [56/364] Split [15, 9, 5, 3] | Batch: 64 | Microbatch: 2 | Microbatches: 32
2026-04-11 00:04:10 [INFO] Loading WikiText... (SEQ_LEN=64, BATCH=64)
2026-04-11 00:04:24 [INFO] [Rank 3] Loading weights...
2026-04-11 00:04:25 [INFO] [Rank 3] Weights loaded.
2026-04-11 00:04:27 [INFO] [Rank 2] Loading weights...
2026-04-11 00:04:27 [INFO] [Rank 2] Weights loaded.
2026-04-11 00:04:32 [INFO] [Rank 1] Loading weights...
2026-04-11 00:04:34 [INFO] [Rank 1] Weights loaded.
2026-04-11 00:04:42 [INFO] [Rank 0] Loading weights...
2026-04-11 00:04:44 [INFO] [Rank 0] Weights loaded.
2026-04-11 00:15:54 [ERROR] [Rank 2] OOM
2026-04-11 00:15:54 [ERROR] [Rank 1] Unexpected exception:
Traceback (most recent call last):
  File "/home/anurag_dutt/scripts/benchmark_pipeline_microbatching.py", line 568, in run_pipeline
    h.wait()
  File "/home/anurag_dutt/scripts/mig_transport_pipeline_non_blocking.py", line 79, in wait
    _ORIGINAL_RECV(
  File "/home/anurag_dutt/scripts/mig_env/lib/python3.10/site-packages/torch/distributed/c10d_logger.py", line 81, in wrapper
    return func(*args, **kwargs)
  File "/home/anurag_dutt/scripts/mig_env/lib/python3.10/site-packages/torch/distributed/distributed_c10d.py", line 2529, in recv
    work.wait()
RuntimeError: [/pytorch/third_party/gloo/gloo/transport/tcp/pair.cc:547] Connection closed by peer [10.128.0.8]:30119

2026-04-11 00:15:54 [ERROR] [Rank 3] Unexpected exception:
Traceback (most recent call last):
  File "/home/anurag_dutt/scripts/benchmark_pipeline_microbatching.py", line 545, in run_pipeline
    decode_recv_handles[mb_idx].wait()
  File "/home/anurag_dutt/scripts/mig_transport_pipeline_non_blocking.py", line 121, in wait
    _ORIGINAL_SEND(
  File "/home/anurag_dutt/scripts/mig_env/lib/python3.10/site-packages/torch/distributed/c10d_logger.py", line 81, in wrapper
    return func(*args, **kwargs)
  File "/home/anurag_dutt/scripts/mig_env/lib/python3.10/site-packages/torch/distributed/distributed_c10d.py", line 2496, in send
    work.wait()
RuntimeError: [/pytorch/third_party/gloo/gloo/transport/tcp/pair.cc:547] Connection closed by peer [10.128.0.8]:30119

2026-04-11 00:15:54 [ERROR] [Rank 0] Unexpected exception:
Traceback (most recent call last):
  File "/home/anurag_dutt/scripts/benchmark_pipeline_microbatching.py", line 576, in run_pipeline
    dist.recv(next_tokens, src=world_size - 1, tag=tok_tag)
  File "/home/anurag_dutt/scripts/mig_transport_pipeline_non_blocking.py", line 407, in patched_recv
    return _MIG_PIPE_ENGINE.recv(tensor, src, group=group, tag=tag)
  File "/home/anurag_dutt/scripts/mig_transport_pipeline_non_blocking.py", line 281, in recv
    _ORIGINAL_RECV(handshake, src=src, group=group, tag=tag)
  File "/home/anurag_dutt/scripts/mig_env/lib/python3.10/site-packages/torch/distributed/c10d_logger.py", line 81, in wrapper
    return func(*args, **kwargs)
  File "/home/anurag_dutt/scripts/mig_env/lib/python3.10/site-packages/torch/distributed/distributed_c10d.py", line 2529, in recv
    work.wait()
RuntimeError: [/pytorch/third_party/gloo/gloo/transport/tcp/pair.cc:547] Connection closed by peer [10.128.0.8]:57989

2026-04-11 00:15:58 [WARNING] OOM on Rank 2 — skipping.
2026-04-11 00:15:58 [INFO] [57/364] Split [16, 7, 5, 4] | Batch: 8 | Microbatch: 4 | Microbatches: 2
2026-04-11 00:15:58 [INFO] Loading WikiText... (SEQ_LEN=64, BATCH=8)
2026-04-11 00:16:15 [INFO] [Rank 3] Loading weights...
2026-04-11 00:16:16 [INFO] [Rank 2] Loading weights...
2026-04-11 00:16:16 [INFO] [Rank 3] Weights loaded.
2026-04-11 00:16:16 [INFO] [Rank 2] Weights loaded.
2026-04-11 00:16:18 [INFO] [Rank 1] Loading weights...
2026-04-11 00:16:20 [INFO] [Rank 1] Weights loaded.
2026-04-11 00:16:32 [INFO] [Rank 0] Loading weights...
2026-04-11 00:16:35 [INFO] [Rank 0] Weights loaded.
2026-04-11 00:17:40 [INFO] [Rank 1] Finished. Latency: 65588 ms
2026-04-11 00:17:40 [INFO] [Rank 2] Finished. Latency: 65588 ms
2026-04-11 00:17:40 [INFO] [Rank 0] Finished. Latency: 65588 ms
2026-04-11 00:17:40 [INFO] [Rank 3] Finished. Latency: 65598 ms
2026-04-11 00:17:44 [INFO] Total latency:     65588 ms
2026-04-11 00:17:44 [INFO] Peak 5GB memory:   2602 MB
2026-04-11 00:17:44 [INFO] Avg  5GB memory:   1920 MB
2026-04-11 00:17:44 [INFO] [58/364] Split [16, 7, 5, 4] | Batch: 8 | Microbatch: 2 | Microbatches: 4
2026-04-11 00:17:44 [INFO] Loading WikiText... (SEQ_LEN=64, BATCH=8)
2026-04-11 00:18:00 [INFO] [Rank 3] Loading weights...
2026-04-11 00:18:00 [INFO] [Rank 2] Loading weights...
2026-04-11 00:18:01 [INFO] [Rank 3] Weights loaded.
2026-04-11 00:18:01 [INFO] [Rank 2] Weights loaded.
2026-04-11 00:18:03 [INFO] [Rank 1] Loading weights...
2026-04-11 00:18:05 [INFO] [Rank 1] Weights loaded.
2026-04-11 00:18:17 [INFO] [Rank 0] Loading weights...
2026-04-11 00:18:20 [INFO] [Rank 0] Weights loaded.
2026-04-11 00:20:23 [INFO] [Rank 2] Finished. Latency: 122849 ms
2026-04-11 00:20:23 [INFO] [Rank 0] Finished. Latency: 122849 ms
2026-04-11 00:20:23 [INFO] [Rank 1] Finished. Latency: 122848 ms
2026-04-11 00:20:23 [INFO] [Rank 3] Finished. Latency: 122857 ms
2026-04-11 00:20:26 [INFO] Total latency:     122849 ms
2026-04-11 00:20:26 [INFO] Peak 5GB memory:   2326 MB
2026-04-11 00:20:26 [INFO] Avg  5GB memory:   1997 MB
2026-04-11 00:20:26 [INFO] [59/364] Split [16, 7, 5, 4] | Batch: 16 | Microbatch: 8 | Microbatches: 2
2026-04-11 00:20:26 [INFO] Loading WikiText... (SEQ_LEN=64, BATCH=16)
2026-04-11 00:20:42 [INFO] [Rank 3] Loading weights...
2026-04-11 00:20:42 [INFO] [Rank 2] Loading weights...
2026-04-11 00:20:43 [INFO] [Rank 3] Weights loaded.
2026-04-11 00:20:43 [INFO] [Rank 2] Weights loaded.
2026-04-11 00:20:46 [INFO] [Rank 1] Loading weights...
2026-04-11 00:20:47 [INFO] [Rank 1] Weights loaded.
2026-04-11 00:20:59 [INFO] [Rank 0] Loading weights...
2026-04-11 00:21:02 [INFO] [Rank 0] Weights loaded.
2026-04-11 00:22:15 [INFO] [Rank 2] Finished. Latency: 73193 ms
2026-04-11 00:22:15 [INFO] [Rank 1] Finished. Latency: 73193 ms
2026-04-11 00:22:15 [INFO] [Rank 0] Finished. Latency: 73193 ms
2026-04-11 00:22:15 [INFO] [Rank 3] Finished. Latency: 73205 ms
2026-04-11 00:22:19 [INFO] Total latency:     73193 ms
2026-04-11 00:22:19 [INFO] Peak 5GB memory:   4702 MB
2026-04-11 00:22:19 [INFO] Avg  5GB memory:   2593 MB
2026-04-11 00:22:19 [INFO] [60/364] Split [16, 7, 5, 4] | Batch: 16 | Microbatch: 4 | Microbatches: 4
2026-04-11 00:22:19 [INFO] Loading WikiText... (SEQ_LEN=64, BATCH=16)
2026-04-11 00:22:35 [INFO] [Rank 3] Loading weights...
2026-04-11 00:22:36 [INFO] [Rank 2] Loading weights...
2026-04-11 00:22:36 [INFO] [Rank 3] Weights loaded.
2026-04-11 00:22:37 [INFO] [Rank 2] Weights loaded.
2026-04-11 00:22:39 [INFO] [Rank 1] Loading weights...
2026-04-11 00:22:40 [INFO] [Rank 1] Weights loaded.
2026-04-11 00:22:52 [INFO] [Rank 0] Loading weights...
2026-04-11 00:22:55 [INFO] [Rank 0] Weights loaded.
2026-04-11 00:25:04 [INFO] [Rank 1] Finished. Latency: 128871 ms
2026-04-11 00:25:04 [INFO] [Rank 2] Finished. Latency: 128871 ms
2026-04-11 00:25:04 [INFO] [Rank 0] Finished. Latency: 128871 ms
2026-04-11 00:25:04 [INFO] [Rank 3] Finished. Latency: 128880 ms
2026-04-11 00:25:08 [INFO] Total latency:     128871 ms
2026-04-11 00:25:08 [INFO] Peak 5GB memory:   3202 MB
2026-04-11 00:25:08 [INFO] Avg  5GB memory:   2258 MB
2026-04-11 00:25:08 [INFO] [61/364] Split [16, 7, 5, 4] | Batch: 16 | Microbatch: 2 | Microbatches: 8
2026-04-11 00:25:08 [INFO] Loading WikiText... (SEQ_LEN=64, BATCH=16)
2026-04-11 00:25:23 [INFO] [Rank 3] Loading weights...
2026-04-11 00:25:24 [INFO] [Rank 2] Loading weights...
2026-04-11 00:25:24 [INFO] [Rank 3] Weights loaded.
2026-04-11 00:25:25 [INFO] [Rank 2] Weights loaded.
2026-04-11 00:25:27 [INFO] [Rank 1] Loading weights...
2026-04-11 00:25:28 [INFO] [Rank 1] Weights loaded.
2026-04-11 00:25:41 [INFO] [Rank 0] Loading weights...
2026-04-11 00:25:43 [INFO] [Rank 0] Weights loaded.
2026-04-11 00:29:47 [INFO] [Rank 1] Finished. Latency: 244286 ms
2026-04-11 00:29:47 [INFO] [Rank 0] Finished. Latency: 244287 ms
2026-04-11 00:29:47 [INFO] [Rank 2] Finished. Latency: 244287 ms
2026-04-11 00:29:47 [INFO] [Rank 3] Finished. Latency: 244294 ms
2026-04-11 00:29:51 [INFO] Total latency:     244287 ms
2026-04-11 00:29:51 [INFO] Peak 5GB memory:   2682 MB
2026-04-11 00:29:51 [INFO] Avg  5GB memory:   2282 MB
2026-04-11 00:29:51 [INFO] [62/364] Split [16, 7, 5, 4] | Batch: 32 | Microbatch: 16 | Microbatches: 2
2026-04-11 00:29:51 [INFO] Loading WikiText... (SEQ_LEN=64, BATCH=32)
2026-04-11 00:30:07 [INFO] [Rank 3] Loading weights...
2026-04-11 00:30:07 [INFO] [Rank 2] Loading weights...
2026-04-11 00:30:08 [INFO] [Rank 3] Weights loaded.
2026-04-11 00:30:08 [INFO] [Rank 2] Weights loaded.
2026-04-11 00:30:10 [INFO] [Rank 1] Loading weights...
2026-04-11 00:30:12 [INFO] [Rank 1] Weights loaded.
2026-04-11 00:30:24 [INFO] [Rank 0] Loading weights...
2026-04-11 00:30:26 [INFO] [Rank 0] Weights loaded.
2026-04-11 00:31:58 [INFO] [Rank 2] Finished. Latency: 91712 ms
2026-04-11 00:31:58 [INFO] [Rank 1] Finished. Latency: 91712 ms
2026-04-11 00:31:58 [INFO] [Rank 0] Finished. Latency: 91712 ms
2026-04-11 00:31:58 [INFO] [Rank 3] Finished. Latency: 91731 ms
2026-04-11 00:32:02 [INFO] Total latency:     91712 ms
2026-04-11 00:32:02 [INFO] Peak 5GB memory:   4720 MB
2026-04-11 00:32:02 [INFO] Avg  5GB memory:   2932 MB
2026-04-11 00:32:02 [INFO] [63/364] Split [16, 7, 5, 4] | Batch: 32 | Microbatch: 8 | Microbatches: 4
2026-04-11 00:32:02 [INFO] Loading WikiText... (SEQ_LEN=64, BATCH=32)
2026-04-11 00:32:18 [INFO] [Rank 3] Loading weights...
2026-04-11 00:32:19 [INFO] [Rank 2] Loading weights...
2026-04-11 00:32:19 [INFO] [Rank 3] Weights loaded.
2026-04-11 00:32:20 [INFO] [Rank 2] Weights loaded.
2026-04-11 00:32:22 [INFO] [Rank 1] Loading weights...
2026-04-11 00:32:23 [INFO] [Rank 1] Weights loaded.
2026-04-11 00:32:36 [INFO] [Rank 0] Loading weights...
2026-04-11 00:32:38 [INFO] [Rank 0] Weights loaded.
2026-04-11 00:35:02 [INFO] [Rank 2] Finished. Latency: 144131 ms
2026-04-11 00:35:02 [INFO] [Rank 1] Finished. Latency: 144131 ms
2026-04-11 00:35:02 [INFO] [Rank 0] Finished. Latency: 144131 ms
2026-04-11 00:35:02 [INFO] [Rank 3] Finished. Latency: 144144 ms
2026-04-11 00:35:06 [INFO] Total latency:     144131 ms
2026-04-11 00:35:06 [INFO] Peak 5GB memory:   4670 MB
2026-04-11 00:35:06 [INFO] Avg  5GB memory:   2945 MB
2026-04-11 00:35:06 [INFO] [64/364] Split [16, 7, 5, 4] | Batch: 32 | Microbatch: 4 | Microbatches: 8
2026-04-11 00:35:06 [INFO] Loading WikiText... (SEQ_LEN=64, BATCH=32)
2026-04-11 00:35:22 [INFO] [Rank 3] Loading weights...
2026-04-11 00:35:22 [INFO] [Rank 2] Loading weights...
2026-04-11 00:35:23 [INFO] [Rank 3] Weights loaded.
2026-04-11 00:35:23 [INFO] [Rank 2] Weights loaded.
2026-04-11 00:35:25 [INFO] [Rank 1] Loading weights...
2026-04-11 00:35:27 [INFO] [Rank 1] Weights loaded.
2026-04-11 00:35:39 [INFO] [Rank 0] Loading weights...
2026-04-11 00:35:42 [INFO] [Rank 0] Weights loaded.
2026-04-11 00:39:58 [INFO] [Rank 1] Finished. Latency: 256307 ms
2026-04-11 00:39:58 [INFO] [Rank 2] Finished. Latency: 256307 ms
2026-04-11 00:39:58 [INFO] [Rank 0] Finished. Latency: 256307 ms
2026-04-11 00:39:58 [INFO] [Rank 3] Finished. Latency: 256316 ms
2026-04-11 00:40:02 [INFO] Total latency:     256307 ms
2026-04-11 00:40:02 [INFO] Peak 5GB memory:   4542 MB
2026-04-11 00:40:02 [INFO] Avg  5GB memory:   2892 MB
2026-04-11 00:40:02 [INFO] [65/364] Split [16, 7, 5, 4] | Batch: 32 | Microbatch: 2 | Microbatches: 16
2026-04-11 00:40:02 [INFO] Loading WikiText... (SEQ_LEN=64, BATCH=32)
2026-04-11 00:40:18 [INFO] [Rank 3] Loading weights...
2026-04-11 00:40:19 [INFO] [Rank 2] Loading weights...
2026-04-11 00:40:19 [INFO] [Rank 3] Weights loaded.
2026-04-11 00:40:20 [INFO] [Rank 2] Weights loaded.
2026-04-11 00:40:22 [INFO] [Rank 1] Loading weights...
2026-04-11 00:40:23 [INFO] [Rank 1] Weights loaded.
2026-04-11 00:40:36 [INFO] [Rank 0] Loading weights...
2026-04-11 00:40:38 [INFO] [Rank 0] Weights loaded.
2026-04-11 00:48:39 [INFO] [Rank 0] Finished. Latency: 481156 ms
2026-04-11 00:48:39 [INFO] [Rank 2] Finished. Latency: 481156 ms
2026-04-11 00:48:39 [INFO] [Rank 1] Finished. Latency: 481156 ms
2026-04-11 00:48:39 [INFO] [Rank 3] Finished. Latency: 481163 ms
2026-04-11 00:48:43 [INFO] Total latency:     481156 ms
2026-04-11 00:48:43 [INFO] Peak 5GB memory:   3396 MB
2026-04-11 00:48:43 [INFO] Avg  5GB memory:   2772 MB
2026-04-11 00:48:43 [INFO] [66/364] Split [16, 7, 5, 4] | Batch: 64 | Microbatch: 32 | Microbatches: 2
2026-04-11 00:48:43 [INFO] Loading WikiText... (SEQ_LEN=64, BATCH=64)
2026-04-11 00:48:59 [INFO] [Rank 3] Loading weights...
2026-04-11 00:49:00 [INFO] [Rank 2] Loading weights...
2026-04-11 00:49:00 [INFO] [Rank 3] Weights loaded.
2026-04-11 00:49:00 [INFO] [Rank 2] Weights loaded.
2026-04-11 00:49:02 [INFO] [Rank 1] Loading weights...
2026-04-11 00:49:04 [INFO] [Rank 1] Weights loaded.
2026-04-11 00:49:16 [INFO] [Rank 0] Loading weights...
2026-04-11 00:49:18 [INFO] [Rank 0] Weights loaded.
2026-04-11 00:51:15 [ERROR] [Rank 2] OOM
2026-04-11 00:51:15 [ERROR] [Rank 3] Unexpected exception:
Traceback (most recent call last):
  File "/home/anurag_dutt/scripts/benchmark_pipeline_microbatching.py", line 545, in run_pipeline
    decode_recv_handles[mb_idx].wait()
  File "/home/anurag_dutt/scripts/mig_transport_pipeline_non_blocking.py", line 121, in wait
    _ORIGINAL_SEND(
  File "/home/anurag_dutt/scripts/mig_env/lib/python3.10/site-packages/torch/distributed/c10d_logger.py", line 81, in wrapper
    return func(*args, **kwargs)
  File "/home/anurag_dutt/scripts/mig_env/lib/python3.10/site-packages/torch/distributed/distributed_c10d.py", line 2496, in send
    work.wait()
RuntimeError: [/pytorch/third_party/gloo/gloo/transport/tcp/pair.cc:547] Connection closed by peer [10.128.0.8]:23973

2026-04-11 00:51:15 [ERROR] [Rank 0] Unexpected exception:
Traceback (most recent call last):
  File "/home/anurag_dutt/scripts/benchmark_pipeline_microbatching.py", line 576, in run_pipeline
    dist.recv(next_tokens, src=world_size - 1, tag=tok_tag)
  File "/home/anurag_dutt/scripts/mig_transport_pipeline_non_blocking.py", line 407, in patched_recv
    return _MIG_PIPE_ENGINE.recv(tensor, src, group=group, tag=tag)
  File "/home/anurag_dutt/scripts/mig_transport_pipeline_non_blocking.py", line 281, in recv
    _ORIGINAL_RECV(handshake, src=src, group=group, tag=tag)
  File "/home/anurag_dutt/scripts/mig_env/lib/python3.10/site-packages/torch/distributed/c10d_logger.py", line 81, in wrapper
    return func(*args, **kwargs)
  File "/home/anurag_dutt/scripts/mig_env/lib/python3.10/site-packages/torch/distributed/distributed_c10d.py", line 2529, in recv
    work.wait()
RuntimeError: [/pytorch/third_party/gloo/gloo/transport/tcp/pair.cc:547] Connection closed by peer [10.128.0.8]:54700

2026-04-11 00:51:15 [ERROR] [Rank 1] Unexpected exception:
Traceback (most recent call last):
  File "/home/anurag_dutt/scripts/benchmark_pipeline_microbatching.py", line 545, in run_pipeline
    decode_recv_handles[mb_idx].wait()
  File "/home/anurag_dutt/scripts/mig_transport_pipeline_non_blocking.py", line 113, in wait
    self._dist_handle.wait()
RuntimeError: [/pytorch/third_party/gloo/gloo/transport/tcp/pair.cc:547] Connection closed by peer [10.128.0.8]:45231

2026-04-11 00:51:19 [WARNING] OOM on Rank 2 — skipping.
2026-04-11 00:51:19 [INFO] [67/364] Split [16, 7, 5, 4] | Batch: 64 | Microbatch: 16 | Microbatches: 4
2026-04-11 00:51:19 [INFO] Loading WikiText... (SEQ_LEN=64, BATCH=64)
2026-04-11 00:51:34 [INFO] [Rank 3] Loading weights...
2026-04-11 00:51:35 [INFO] [Rank 2] Loading weights...
2026-04-11 00:51:35 [INFO] [Rank 3] Weights loaded.
2026-04-11 00:51:36 [INFO] [Rank 2] Weights loaded.
2026-04-11 00:51:38 [INFO] [Rank 1] Loading weights...
2026-04-11 00:51:39 [INFO] [Rank 1] Weights loaded.
2026-04-11 00:51:52 [INFO] [Rank 0] Loading weights...
2026-04-11 00:51:54 [INFO] [Rank 0] Weights loaded.
2026-04-11 00:54:36 [ERROR] [Rank 2] OOM
2026-04-11 00:54:36 [ERROR] [Rank 1] Unexpected exception:
Traceback (most recent call last):
  File "/home/anurag_dutt/scripts/benchmark_pipeline_microbatching.py", line 568, in run_pipeline
    h.wait()
  File "/home/anurag_dutt/scripts/mig_transport_pipeline_non_blocking.py", line 79, in wait
    _ORIGINAL_RECV(
  File "/home/anurag_dutt/scripts/mig_env/lib/python3.10/site-packages/torch/distributed/c10d_logger.py", line 81, in wrapper
    return func(*args, **kwargs)
  File "/home/anurag_dutt/scripts/mig_env/lib/python3.10/site-packages/torch/distributed/distributed_c10d.py", line 2529, in recv
    work.wait()
RuntimeError: [/pytorch/third_party/gloo/gloo/transport/tcp/pair.cc:547] Connection closed by peer [10.128.0.8]:48789

2026-04-11 00:54:36 [ERROR] [Rank 3] Unexpected exception:
Traceback (most recent call last):
  File "/home/anurag_dutt/scripts/benchmark_pipeline_microbatching.py", line 545, in run_pipeline
    decode_recv_handles[mb_idx].wait()
  File "/home/anurag_dutt/scripts/mig_transport_pipeline_non_blocking.py", line 121, in wait
    _ORIGINAL_SEND(
  File "/home/anurag_dutt/scripts/mig_env/lib/python3.10/site-packages/torch/distributed/c10d_logger.py", line 81, in wrapper
    return func(*args, **kwargs)
  File "/home/anurag_dutt/scripts/mig_env/lib/python3.10/site-packages/torch/distributed/distributed_c10d.py", line 2496, in send
    work.wait()
RuntimeError: [/pytorch/third_party/gloo/gloo/transport/tcp/pair.cc:547] Connection closed by peer [10.128.0.8]:24809

2026-04-11 00:54:36 [ERROR] [Rank 0] Unexpected exception:
Traceback (most recent call last):
  File "/home/anurag_dutt/scripts/benchmark_pipeline_microbatching.py", line 576, in run_pipeline
    dist.recv(next_tokens, src=world_size - 1, tag=tok_tag)
  File "/home/anurag_dutt/scripts/mig_transport_pipeline_non_blocking.py", line 407, in patched_recv
    return _MIG_PIPE_ENGINE.recv(tensor, src, group=group, tag=tag)
  File "/home/anurag_dutt/scripts/mig_transport_pipeline_non_blocking.py", line 281, in recv
    _ORIGINAL_RECV(handshake, src=src, group=group, tag=tag)
  File "/home/anurag_dutt/scripts/mig_env/lib/python3.10/site-packages/torch/distributed/c10d_logger.py", line 81, in wrapper
    return func(*args, **kwargs)
  File "/home/anurag_dutt/scripts/mig_env/lib/python3.10/site-packages/torch/distributed/distributed_c10d.py", line 2529, in recv
    work.wait()
RuntimeError: [/pytorch/third_party/gloo/gloo/transport/tcp/pair.cc:547] Connection closed by peer [10.128.0.8]:12164

2026-04-11 00:54:40 [WARNING] OOM on Rank 2 — skipping.
2026-04-11 00:54:40 [INFO] [68/364] Split [16, 7, 5, 4] | Batch: 64 | Microbatch: 8 | Microbatches: 8
2026-04-11 00:54:40 [INFO] Loading WikiText... (SEQ_LEN=64, BATCH=64)
2026-04-11 00:54:59 [INFO] [Rank 3] Loading weights...
2026-04-11 00:55:00 [INFO] [Rank 2] Loading weights...
2026-04-11 00:55:00 [INFO] [Rank 3] Weights loaded.
2026-04-11 00:55:01 [INFO] [Rank 2] Weights loaded.
2026-04-11 00:55:03 [INFO] [Rank 1] Loading weights...
2026-04-11 00:55:04 [INFO] [Rank 1] Weights loaded.
2026-04-11 00:55:17 [INFO] [Rank 0] Loading weights...
2026-04-11 00:55:19 [INFO] [Rank 0] Weights loaded.
2026-04-11 00:59:27 [ERROR] [Rank 2] OOM
2026-04-11 00:59:27 [ERROR] [Rank 3] Unexpected exception:
Traceback (most recent call last):
  File "/home/anurag_dutt/scripts/benchmark_pipeline_microbatching.py", line 545, in run_pipeline
    decode_recv_handles[mb_idx].wait()
  File "/home/anurag_dutt/scripts/mig_transport_pipeline_non_blocking.py", line 121, in wait
    _ORIGINAL_SEND(
  File "/home/anurag_dutt/scripts/mig_env/lib/python3.10/site-packages/torch/distributed/c10d_logger.py", line 81, in wrapper
    return func(*args, **kwargs)
  File "/home/anurag_dutt/scripts/mig_env/lib/python3.10/site-packages/torch/distributed/distributed_c10d.py", line 2496, in send
    work.wait()
RuntimeError: [/pytorch/third_party/gloo/gloo/transport/tcp/pair.cc:547] Connection closed by peer [10.128.0.8]:56500

2026-04-11 00:59:27 [ERROR] [Rank 0] Unexpected exception:
Traceback (most recent call last):
  File "/home/anurag_dutt/scripts/benchmark_pipeline_microbatching.py", line 576, in run_pipeline
    dist.recv(next_tokens, src=world_size - 1, tag=tok_tag)
  File "/home/anurag_dutt/scripts/mig_transport_pipeline_non_blocking.py", line 407, in patched_recv
    return _MIG_PIPE_ENGINE.recv(tensor, src, group=group, tag=tag)
  File "/home/anurag_dutt/scripts/mig_transport_pipeline_non_blocking.py", line 281, in recv
    _ORIGINAL_RECV(handshake, src=src, group=group, tag=tag)
  File "/home/anurag_dutt/scripts/mig_env/lib/python3.10/site-packages/torch/distributed/c10d_logger.py", line 81, in wrapper
    return func(*args, **kwargs)
  File "/home/anurag_dutt/scripts/mig_env/lib/python3.10/site-packages/torch/distributed/distributed_c10d.py", line 2529, in recv
    work.wait()
RuntimeError: [/pytorch/third_party/gloo/gloo/transport/tcp/pair.cc:547] Connection closed by peer [10.128.0.8]:36253

2026-04-11 00:59:27 [ERROR] [Rank 1] Unexpected exception:
Traceback (most recent call last):
  File "/home/anurag_dutt/scripts/benchmark_pipeline_microbatching.py", line 545, in run_pipeline
    decode_recv_handles[mb_idx].wait()
  File "/home/anurag_dutt/scripts/mig_transport_pipeline_non_blocking.py", line 113, in wait
    self._dist_handle.wait()
RuntimeError: [/pytorch/third_party/gloo/gloo/transport/tcp/pair.cc:547] Connection closed by peer [10.128.0.8]:2713

2026-04-11 00:59:31 [WARNING] OOM on Rank 2 — skipping.
2026-04-11 00:59:31 [INFO] [69/364] Split [16, 7, 5, 4] | Batch: 64 | Microbatch: 4 | Microbatches: 16
2026-04-11 00:59:31 [INFO] Loading WikiText... (SEQ_LEN=64, BATCH=64)
2026-04-11 00:59:47 [INFO] [Rank 3] Loading weights...
2026-04-11 00:59:48 [INFO] [Rank 2] Loading weights...
2026-04-11 00:59:48 [INFO] [Rank 3] Weights loaded.
2026-04-11 00:59:49 [INFO] [Rank 2] Weights loaded.
2026-04-11 00:59:51 [INFO] [Rank 1] Loading weights...
2026-04-11 00:59:52 [INFO] [Rank 1] Weights loaded.
2026-04-11 01:00:04 [INFO] [Rank 0] Loading weights...
2026-04-11 01:00:07 [INFO] [Rank 0] Weights loaded.
2026-04-11 01:06:25 [ERROR] [Rank 2] OOM
2026-04-11 01:06:25 [ERROR] [Rank 1] Unexpected exception:
Traceback (most recent call last):
  File "/home/anurag_dutt/scripts/benchmark_pipeline_microbatching.py", line 568, in run_pipeline
    h.wait()
  File "/home/anurag_dutt/scripts/mig_transport_pipeline_non_blocking.py", line 79, in wait
    _ORIGINAL_RECV(
  File "/home/anurag_dutt/scripts/mig_env/lib/python3.10/site-packages/torch/distributed/c10d_logger.py", line 81, in wrapper
    return func(*args, **kwargs)
  File "/home/anurag_dutt/scripts/mig_env/lib/python3.10/site-packages/torch/distributed/distributed_c10d.py", line 2529, in recv
    work.wait()
RuntimeError: [/pytorch/third_party/gloo/gloo/transport/tcp/pair.cc:547] Connection closed by peer [10.128.0.8]:12184

2026-04-11 01:06:25 [ERROR] [Rank 3] Unexpected exception:
Traceback (most recent call last):
  File "/home/anurag_dutt/scripts/benchmark_pipeline_microbatching.py", line 545, in run_pipeline
    decode_recv_handles[mb_idx].wait()
  File "/home/anurag_dutt/scripts/mig_transport_pipeline_non_blocking.py", line 113, in wait
    self._dist_handle.wait()
RuntimeError: [/pytorch/third_party/gloo/gloo/transport/tcp/pair.cc:547] Connection closed by peer [10.128.0.8]:19138

2026-04-11 01:06:25 [ERROR] [Rank 0] Unexpected exception:
Traceback (most recent call last):
  File "/home/anurag_dutt/scripts/benchmark_pipeline_microbatching.py", line 576, in run_pipeline
    dist.recv(next_tokens, src=world_size - 1, tag=tok_tag)
  File "/home/anurag_dutt/scripts/mig_transport_pipeline_non_blocking.py", line 407, in patched_recv
    return _MIG_PIPE_ENGINE.recv(tensor, src, group=group, tag=tag)
  File "/home/anurag_dutt/scripts/mig_transport_pipeline_non_blocking.py", line 281, in recv
    _ORIGINAL_RECV(handshake, src=src, group=group, tag=tag)
  File "/home/anurag_dutt/scripts/mig_env/lib/python3.10/site-packages/torch/distributed/c10d_logger.py", line 81, in wrapper
    return func(*args, **kwargs)
  File "/home/anurag_dutt/scripts/mig_env/lib/python3.10/site-packages/torch/distributed/distributed_c10d.py", line 2529, in recv
    work.wait()
RuntimeError: [/pytorch/third_party/gloo/gloo/transport/tcp/pair.cc:547] Connection closed by peer [10.128.0.8]:6583

2026-04-11 01:06:29 [WARNING] OOM on Rank 2 — skipping.
2026-04-11 01:06:29 [INFO] [70/364] Split [16, 7, 5, 4] | Batch: 64 | Microbatch: 2 | Microbatches: 32
2026-04-11 01:06:29 [INFO] Loading WikiText... (SEQ_LEN=64, BATCH=64)
2026-04-11 01:06:46 [INFO] [Rank 3] Loading weights...
2026-04-11 01:06:46 [INFO] [Rank 2] Loading weights...
2026-04-11 01:06:47 [INFO] [Rank 3] Weights loaded.
2026-04-11 01:06:47 [INFO] [Rank 2] Weights loaded.
2026-04-11 01:06:49 [INFO] [Rank 1] Loading weights...
2026-04-11 01:06:51 [INFO] [Rank 1] Weights loaded.
2026-04-11 01:07:03 [INFO] [Rank 0] Loading weights...
2026-04-11 01:07:06 [INFO] [Rank 0] Weights loaded.
2026-04-11 01:18:24 [ERROR] [Rank 2] OOM
2026-04-11 01:18:24 [ERROR] [Rank 1] Unexpected exception:
Traceback (most recent call last):
  File "/home/anurag_dutt/scripts/benchmark_pipeline_microbatching.py", line 568, in run_pipeline
    h.wait()
  File "/home/anurag_dutt/scripts/mig_transport_pipeline_non_blocking.py", line 79, in wait
    _ORIGINAL_RECV(
  File "/home/anurag_dutt/scripts/mig_env/lib/python3.10/site-packages/torch/distributed/c10d_logger.py", line 81, in wrapper
    return func(*args, **kwargs)
  File "/home/anurag_dutt/scripts/mig_env/lib/python3.10/site-packages/torch/distributed/distributed_c10d.py", line 2529, in recv
    work.wait()
RuntimeError: [/pytorch/third_party/gloo/gloo/transport/tcp/pair.cc:547] Connection closed by peer [10.128.0.8]:7085

2026-04-11 01:18:24 [ERROR] [Rank 3] Unexpected exception:
Traceback (most recent call last):
  File "/home/anurag_dutt/scripts/benchmark_pipeline_microbatching.py", line 545, in run_pipeline
    decode_recv_handles[mb_idx].wait()
  File "/home/anurag_dutt/scripts/mig_transport_pipeline_non_blocking.py", line 121, in wait
    _ORIGINAL_SEND(
  File "/home/anurag_dutt/scripts/mig_env/lib/python3.10/site-packages/torch/distributed/c10d_logger.py", line 81, in wrapper
    return func(*args, **kwargs)
  File "/home/anurag_dutt/scripts/mig_env/lib/python3.10/site-packages/torch/distributed/distributed_c10d.py", line 2496, in send
    work.wait()
RuntimeError: [/pytorch/third_party/gloo/gloo/transport/tcp/pair.cc:547] Connection closed by peer [10.128.0.8]:7085

2026-04-11 01:18:24 [ERROR] [Rank 0] Unexpected exception:
Traceback (most recent call last):
  File "/home/anurag_dutt/scripts/benchmark_pipeline_microbatching.py", line 576, in run_pipeline
    dist.recv(next_tokens, src=world_size - 1, tag=tok_tag)
  File "/home/anurag_dutt/scripts/mig_transport_pipeline_non_blocking.py", line 407, in patched_recv
    return _MIG_PIPE_ENGINE.recv(tensor, src, group=group, tag=tag)
  File "/home/anurag_dutt/scripts/mig_transport_pipeline_non_blocking.py", line 281, in recv
    _ORIGINAL_RECV(handshake, src=src, group=group, tag=tag)
  File "/home/anurag_dutt/scripts/mig_env/lib/python3.10/site-packages/torch/distributed/c10d_logger.py", line 81, in wrapper
    return func(*args, **kwargs)
  File "/home/anurag_dutt/scripts/mig_env/lib/python3.10/site-packages/torch/distributed/distributed_c10d.py", line 2529, in recv
    work.wait()
RuntimeError: [/pytorch/third_party/gloo/gloo/transport/tcp/pair.cc:547] Connection closed by peer [10.128.0.8]:15529

2026-04-11 01:18:28 [WARNING] OOM on Rank 2 — skipping.
2026-04-11 01:18:28 [INFO] [71/364] Split [16, 8, 4, 4] | Batch: 8 | Microbatch: 4 | Microbatches: 2
2026-04-11 01:18:28 [INFO] Loading WikiText... (SEQ_LEN=64, BATCH=8)
2026-04-11 01:18:44 [INFO] [Rank 2] Loading weights...
2026-04-11 01:18:45 [INFO] [Rank 2] Weights loaded.
2026-04-11 01:18:45 [INFO] [Rank 3] Loading weights...
2026-04-11 01:18:46 [INFO] [Rank 3] Weights loaded.
2026-04-11 01:18:50 [INFO] [Rank 1] Loading weights...
2026-04-11 01:18:51 [INFO] [Rank 1] Weights loaded.
2026-04-11 01:19:03 [INFO] [Rank 0] Loading weights...
2026-04-11 01:19:05 [INFO] [Rank 0] Weights loaded.
2026-04-11 01:20:09 [INFO] [Rank 2] Finished. Latency: 63740 ms
2026-04-11 01:20:09 [INFO] [Rank 1] Finished. Latency: 63740 ms
2026-04-11 01:20:09 [INFO] [Rank 0] Finished. Latency: 63740 ms
2026-04-11 01:20:09 [INFO] [Rank 3] Finished. Latency: 63749 ms
2026-04-11 01:20:13 [INFO] Total latency:     63740 ms
2026-04-11 01:20:13 [INFO] Peak 5GB memory:   2602 MB
2026-04-11 01:20:13 [INFO] Avg  5GB memory:   1905 MB
2026-04-11 01:20:13 [INFO] [72/364] Split [16, 8, 4, 4] | Batch: 8 | Microbatch: 2 | Microbatches: 4
2026-04-11 01:20:13 [INFO] Loading WikiText... (SEQ_LEN=64, BATCH=8)
2026-04-11 01:20:27 [INFO] [Rank 2] Loading weights...
2026-04-11 01:20:28 [INFO] [Rank 2] Weights loaded.
2026-04-11 01:20:29 [INFO] [Rank 3] Loading weights...
2026-04-11 01:20:29 [INFO] [Rank 3] Weights loaded.
2026-04-11 01:20:33 [INFO] [Rank 1] Loading weights...
2026-04-11 01:20:34 [INFO] [Rank 1] Weights loaded.
2026-04-11 01:20:46 [INFO] [Rank 0] Loading weights...
2026-04-11 01:20:48 [INFO] [Rank 0] Weights loaded.
2026-04-11 01:22:48 [INFO] [Rank 2] Finished. Latency: 119493 ms
2026-04-11 01:22:48 [INFO] [Rank 0] Finished. Latency: 119493 ms
2026-04-11 01:22:48 [INFO] [Rank 1] Finished. Latency: 119493 ms
2026-04-11 01:22:48 [INFO] [Rank 3] Finished. Latency: 119501 ms
2026-04-11 01:22:51 [INFO] Total latency:     119493 ms
2026-04-11 01:22:51 [INFO] Peak 5GB memory:   2326 MB
2026-04-11 01:22:51 [INFO] Avg  5GB memory:   1989 MB
2026-04-11 01:22:51 [INFO] [73/364] Split [16, 8, 4, 4] | Batch: 16 | Microbatch: 8 | Microbatches: 2
2026-04-11 01:22:51 [INFO] Loading WikiText... (SEQ_LEN=64, BATCH=16)
2026-04-11 01:23:06 [INFO] [Rank 2] Loading weights...
2026-04-11 01:23:07 [INFO] [Rank 2] Weights loaded.
2026-04-11 01:23:07 [INFO] [Rank 3] Loading weights...
2026-04-11 01:23:08 [INFO] [Rank 3] Weights loaded.
2026-04-11 01:23:12 [INFO] [Rank 1] Loading weights...
2026-04-11 01:23:13 [INFO] [Rank 1] Weights loaded.
2026-04-11 01:23:24 [INFO] [Rank 0] Loading weights...
2026-04-11 01:23:27 [INFO] [Rank 0] Weights loaded.
2026-04-11 01:24:38 [INFO] [Rank 2] Finished. Latency: 71193 ms
2026-04-11 01:24:38 [INFO] [Rank 1] Finished. Latency: 71193 ms
2026-04-11 01:24:38 [INFO] [Rank 0] Finished. Latency: 71193 ms
2026-04-11 01:24:38 [INFO] [Rank 3] Finished. Latency: 71205 ms
2026-04-11 01:24:42 [INFO] Total latency:     71193 ms
2026-04-11 01:24:42 [INFO] Peak 5GB memory:   4702 MB
2026-04-11 01:24:42 [INFO] Avg  5GB memory:   2574 MB
2026-04-11 01:24:42 [INFO] [74/364] Split [16, 8, 4, 4] | Batch: 16 | Microbatch: 4 | Microbatches: 4
2026-04-11 01:24:42 [INFO] Loading WikiText... (SEQ_LEN=64, BATCH=16)
2026-04-11 01:24:56 [INFO] [Rank 2] Loading weights...
2026-04-11 01:24:57 [INFO] [Rank 2] Weights loaded.
2026-04-11 01:24:57 [INFO] [Rank 3] Loading weights...
2026-04-11 01:24:58 [INFO] [Rank 3] Weights loaded.
2026-04-11 01:25:02 [INFO] [Rank 1] Loading weights...
2026-04-11 01:25:03 [INFO] [Rank 1] Weights loaded.
2026-04-11 01:25:15 [INFO] [Rank 0] Loading weights...
2026-04-11 01:25:17 [INFO] [Rank 0] Weights loaded.
2026-04-11 01:27:24 [INFO] [Rank 2] Finished. Latency: 126311 ms
2026-04-11 01:27:24 [INFO] [Rank 1] Finished. Latency: 126311 ms
2026-04-11 01:27:24 [INFO] [Rank 0] Finished. Latency: 126311 ms
2026-04-11 01:27:24 [INFO] [Rank 3] Finished. Latency: 126320 ms
2026-04-11 01:27:27 [INFO] Total latency:     126311 ms
2026-04-11 01:27:27 [INFO] Peak 5GB memory:   3202 MB
2026-04-11 01:27:27 [INFO] Avg  5GB memory:   2268 MB
2026-04-11 01:27:27 [INFO] [75/364] Split [16, 8, 4, 4] | Batch: 16 | Microbatch: 2 | Microbatches: 8
2026-04-11 01:27:27 [INFO] Loading WikiText... (SEQ_LEN=64, BATCH=16)
2026-04-11 01:27:43 [INFO] [Rank 2] Loading weights...
2026-04-11 01:27:44 [INFO] [Rank 2] Weights loaded.
2026-04-11 01:27:44 [INFO] [Rank 3] Loading weights...
2026-04-11 01:27:45 [INFO] [Rank 3] Weights loaded.
2026-04-11 01:27:49 [INFO] [Rank 1] Loading weights...
2026-04-11 01:27:50 [INFO] [Rank 1] Weights loaded.
2026-04-11 01:28:01 [INFO] [Rank 0] Loading weights...
2026-04-11 01:28:04 [INFO] [Rank 0] Weights loaded.
2026-04-11 01:32:05 [INFO] [Rank 2] Finished. Latency: 240779 ms
2026-04-11 01:32:05 [INFO] [Rank 1] Finished. Latency: 240779 ms
2026-04-11 01:32:05 [INFO] [Rank 0] Finished. Latency: 240779 ms
2026-04-11 01:32:05 [INFO] [Rank 3] Finished. Latency: 240786 ms
2026-04-11 01:32:08 [INFO] Total latency:     240779 ms
2026-04-11 01:32:08 [INFO] Peak 5GB memory:   2682 MB
2026-04-11 01:32:08 [INFO] Avg  5GB memory:   2266 MB
2026-04-11 01:32:08 [INFO] [76/364] Split [16, 8, 4, 4] | Batch: 32 | Microbatch: 16 | Microbatches: 2
2026-04-11 01:32:08 [INFO] Loading WikiText... (SEQ_LEN=64, BATCH=32)
2026-04-11 01:32:23 [INFO] [Rank 2] Loading weights...
2026-04-11 01:32:24 [INFO] [Rank 2] Weights loaded.
2026-04-11 01:32:24 [INFO] [Rank 3] Loading weights...
2026-04-11 01:32:25 [INFO] [Rank 3] Weights loaded.
2026-04-11 01:32:29 [INFO] [Rank 1] Loading weights...
2026-04-11 01:32:30 [INFO] [Rank 1] Weights loaded.
2026-04-11 01:32:42 [INFO] [Rank 0] Loading weights...
2026-04-11 01:32:44 [INFO] [Rank 0] Weights loaded.
2026-04-11 01:34:14 [INFO] [Rank 2] Finished. Latency: 89512 ms
2026-04-11 01:34:14 [INFO] [Rank 0] Finished. Latency: 89512 ms
2026-04-11 01:34:14 [INFO] [Rank 1] Finished. Latency: 89512 ms
2026-04-11 01:34:14 [INFO] [Rank 3] Finished. Latency: 89530 ms
2026-04-11 01:34:18 [INFO] Total latency:     89512 ms
2026-04-11 01:34:18 [INFO] Peak 5GB memory:   4720 MB
2026-04-11 01:34:18 [INFO] Avg  5GB memory:   2904 MB
2026-04-11 01:34:18 [INFO] [77/364] Split [16, 8, 4, 4] | Batch: 32 | Microbatch: 8 | Microbatches: 4
2026-04-11 01:34:18 [INFO] Loading WikiText... (SEQ_LEN=64, BATCH=32)
2026-04-11 01:34:32 [INFO] [Rank 2] Loading weights...
2026-04-11 01:34:33 [INFO] [Rank 2] Weights loaded.
2026-04-11 01:34:33 [INFO] [Rank 3] Loading weights...
2026-04-11 01:34:34 [INFO] [Rank 3] Weights loaded.
2026-04-11 01:34:38 [INFO] [Rank 1] Loading weights...
2026-04-11 01:34:39 [INFO] [Rank 1] Weights loaded.
2026-04-11 01:34:51 [INFO] [Rank 0] Loading weights...
2026-04-11 01:34:53 [INFO] [Rank 0] Weights loaded.
2026-04-11 01:37:14 [INFO] [Rank 2] Finished. Latency: 140888 ms
2026-04-11 01:37:14 [INFO] [Rank 1] Finished. Latency: 140888 ms
2026-04-11 01:37:14 [INFO] [Rank 0] Finished. Latency: 140888 ms
2026-04-11 01:37:14 [INFO] [Rank 3] Finished. Latency: 140900 ms
2026-04-11 01:37:18 [INFO] Total latency:     140888 ms
2026-04-11 01:37:18 [INFO] Peak 5GB memory:   4670 MB
2026-04-11 01:37:18 [INFO] Avg  5GB memory:   2953 MB
2026-04-11 01:37:18 [INFO] [78/364] Split [16, 8, 4, 4] | Batch: 32 | Microbatch: 4 | Microbatches: 8
2026-04-11 01:37:18 [INFO] Loading WikiText... (SEQ_LEN=64, BATCH=32)
2026-04-11 01:37:33 [INFO] [Rank 2] Loading weights...
2026-04-11 01:37:34 [INFO] [Rank 2] Weights loaded.
2026-04-11 01:37:34 [INFO] [Rank 3] Loading weights...
2026-04-11 01:37:35 [INFO] [Rank 3] Weights loaded.
2026-04-11 01:37:39 [INFO] [Rank 1] Loading weights...
2026-04-11 01:37:40 [INFO] [Rank 1] Weights loaded.
2026-04-11 01:37:51 [INFO] [Rank 0] Loading weights...
2026-04-11 01:37:54 [INFO] [Rank 0] Weights loaded.
2026-04-11 01:42:04 [INFO] [Rank 1] Finished. Latency: 250484 ms
2026-04-11 01:42:04 [INFO] [Rank 2] Finished. Latency: 250484 ms
2026-04-11 01:42:04 [INFO] [Rank 0] Finished. Latency: 250484 ms
2026-04-11 01:42:04 [INFO] [Rank 3] Finished. Latency: 250492 ms
2026-04-11 01:42:08 [INFO] Total latency:     250484 ms
2026-04-11 01:42:08 [INFO] Peak 5GB memory:   4542 MB
2026-04-11 01:42:08 [INFO] Avg  5GB memory:   2884 MB
2026-04-11 01:42:08 [INFO] [79/364] Split [16, 8, 4, 4] | Batch: 32 | Microbatch: 2 | Microbatches: 16
2026-04-11 01:42:08 [INFO] Loading WikiText... (SEQ_LEN=64, BATCH=32)
2026-04-11 01:42:23 [INFO] [Rank 2] Loading weights...
2026-04-11 01:42:24 [INFO] [Rank 2] Weights loaded.
2026-04-11 01:42:24 [INFO] [Rank 3] Loading weights...
2026-04-11 01:42:25 [INFO] [Rank 3] Weights loaded.
2026-04-11 01:42:29 [INFO] [Rank 1] Loading weights...
2026-04-11 01:42:30 [INFO] [Rank 1] Weights loaded.
2026-04-11 01:42:41 [INFO] [Rank 0] Loading weights...
2026-04-11 01:42:44 [INFO] [Rank 0] Weights loaded.
2026-04-11 01:50:39 [INFO] [Rank 1] Finished. Latency: 474728 ms
2026-04-11 01:50:39 [INFO] [Rank 2] Finished. Latency: 474728 ms
2026-04-11 01:50:39 [INFO] [Rank 0] Finished. Latency: 474728 ms
2026-04-11 01:50:39 [INFO] [Rank 3] Finished. Latency: 474735 ms
2026-04-11 01:50:43 [INFO] Total latency:     474728 ms
2026-04-11 01:50:43 [INFO] Peak 5GB memory:   3396 MB
2026-04-11 01:50:43 [INFO] Avg  5GB memory:   2773 MB
2026-04-11 01:50:43 [INFO] [80/364] Split [16, 8, 4, 4] | Batch: 64 | Microbatch: 32 | Microbatches: 2
2026-04-11 01:50:43 [INFO] Loading WikiText... (SEQ_LEN=64, BATCH=64)
2026-04-11 01:50:58 [INFO] [Rank 2] Loading weights...
2026-04-11 01:50:58 [INFO] [Rank 2] Weights loaded.
2026-04-11 01:50:59 [INFO] [Rank 3] Loading weights...
2026-04-11 01:51:00 [INFO] [Rank 3] Weights loaded.
2026-04-11 01:51:03 [INFO] [Rank 1] Loading weights...
2026-04-11 01:51:05 [INFO] [Rank 1] Weights loaded.
2026-04-11 01:51:16 [INFO] [Rank 0] Loading weights...
2026-04-11 01:51:18 [INFO] [Rank 0] Weights loaded.
2026-04-11 01:53:32 [INFO] [Rank 1] Finished. Latency: 133482 ms
2026-04-11 01:53:32 [INFO] [Rank 2] Finished. Latency: 133482 ms
2026-04-11 01:53:32 [INFO] [Rank 0] Finished. Latency: 133482 ms
2026-04-11 01:53:32 [INFO] [Rank 3] Finished. Latency: 133513 ms
2026-04-11 01:53:36 [INFO] Total latency:     133482 ms
2026-04-11 01:53:36 [INFO] Peak 5GB memory:   4864 MB
2026-04-11 01:53:36 [INFO] Avg  5GB memory:   3522 MB
2026-04-11 01:53:36 [INFO] [81/364] Split [16, 8, 4, 4] | Batch: 64 | Microbatch: 16 | Microbatches: 4
2026-04-11 01:53:36 [INFO] Loading WikiText... (SEQ_LEN=64, BATCH=64)
2026-04-11 01:53:51 [INFO] [Rank 2] Loading weights...
2026-04-11 01:53:52 [INFO] [Rank 2] Weights loaded.
2026-04-11 01:53:52 [INFO] [Rank 3] Loading weights...
2026-04-11 01:53:53 [INFO] [Rank 3] Weights loaded.
2026-04-11 01:53:57 [INFO] [Rank 1] Loading weights...
2026-04-11 01:53:58 [INFO] [Rank 1] Weights loaded.
2026-04-11 01:54:10 [INFO] [Rank 0] Loading weights...
2026-04-11 01:54:12 [INFO] [Rank 0] Weights loaded.
2026-04-11 01:57:11 [INFO] [Rank 2] Finished. Latency: 178633 ms
2026-04-11 01:57:11 [INFO] [Rank 0] Finished. Latency: 178634 ms
2026-04-11 01:57:11 [INFO] [Rank 1] Finished. Latency: 178634 ms
2026-04-11 01:57:11 [INFO] [Rank 3] Finished. Latency: 178652 ms
2026-04-11 01:57:15 [INFO] Total latency:     178634 ms
2026-04-11 01:57:15 [INFO] Peak 5GB memory:   4778 MB
2026-04-11 01:57:15 [INFO] Avg  5GB memory:   3533 MB
2026-04-11 01:57:15 [INFO] [82/364] Split [16, 8, 4, 4] | Batch: 64 | Microbatch: 8 | Microbatches: 8
2026-04-11 01:57:15 [INFO] Loading WikiText... (SEQ_LEN=64, BATCH=64)
2026-04-11 01:57:29 [INFO] [Rank 2] Loading weights...
2026-04-11 01:57:30 [INFO] [Rank 2] Weights loaded.
2026-04-11 01:57:30 [INFO] [Rank 3] Loading weights...
2026-04-11 01:57:31 [INFO] [Rank 3] Weights loaded.
2026-04-11 01:57:35 [INFO] [Rank 1] Loading weights...
2026-04-11 01:57:37 [INFO] [Rank 1] Weights loaded.
2026-04-11 01:57:48 [INFO] [Rank 0] Loading weights...
2026-04-11 01:57:50 [INFO] [Rank 0] Weights loaded.
2026-04-11 02:02:31 [INFO] [Rank 2] Finished. Latency: 280994 ms
2026-04-11 02:02:31 [INFO] [Rank 1] Finished. Latency: 280994 ms
2026-04-11 02:02:31 [INFO] [Rank 0] Finished. Latency: 280994 ms
2026-04-11 02:02:31 [INFO] [Rank 3] Finished. Latency: 281006 ms
2026-04-11 02:02:35 [INFO] Total latency:     280994 ms
2026-04-11 02:02:35 [INFO] Peak 5GB memory:   4682 MB
2026-04-11 02:02:35 [INFO] Avg  5GB memory:   3555 MB
2026-04-11 02:02:35 [INFO] [83/364] Split [16, 8, 4, 4] | Batch: 64 | Microbatch: 4 | Microbatches: 16
2026-04-11 02:02:35 [INFO] Loading WikiText... (SEQ_LEN=64, BATCH=64)
2026-04-11 02:02:50 [INFO] [Rank 2] Loading weights...
2026-04-11 02:02:51 [INFO] [Rank 2] Weights loaded.
2026-04-11 02:02:51 [INFO] [Rank 3] Loading weights...
2026-04-11 02:02:52 [INFO] [Rank 3] Weights loaded.
2026-04-11 02:02:56 [INFO] [Rank 1] Loading weights...
2026-04-11 02:02:57 [INFO] [Rank 1] Weights loaded.
2026-04-11 02:03:09 [INFO] [Rank 0] Loading weights...
2026-04-11 02:03:11 [INFO] [Rank 0] Weights loaded.
2026-04-11 02:11:32 [INFO] [Rank 2] Finished. Latency: 500530 ms
2026-04-11 02:11:32 [INFO] [Rank 1] Finished. Latency: 500530 ms
2026-04-11 02:11:32 [INFO] [Rank 0] Finished. Latency: 500530 ms
2026-04-11 02:11:32 [INFO] [Rank 3] Finished. Latency: 500540 ms
2026-04-11 02:11:35 [INFO] Total latency:     500530 ms
2026-04-11 02:11:35 [INFO] Peak 5GB memory:   4770 MB
2026-04-11 02:11:35 [INFO] Avg  5GB memory:   3528 MB
2026-04-11 02:11:35 [INFO] [84/364] Split [16, 8, 4, 4] | Batch: 64 | Microbatch: 2 | Microbatches: 32
2026-04-11 02:11:35 [INFO] Loading WikiText... (SEQ_LEN=64, BATCH=64)
2026-04-11 02:11:51 [INFO] [Rank 2] Loading weights...
2026-04-11 02:11:52 [INFO] [Rank 2] Weights loaded.
2026-04-11 02:11:52 [INFO] [Rank 3] Loading weights...
2026-04-11 02:11:53 [INFO] [Rank 3] Weights loaded.
2026-04-11 02:11:57 [INFO] [Rank 1] Loading weights...
2026-04-11 02:11:58 [INFO] [Rank 1] Weights loaded.
2026-04-11 02:12:09 [INFO] [Rank 0] Loading weights...
2026-04-11 02:12:11 [INFO] [Rank 0] Weights loaded.
2026-04-11 02:28:02 [INFO] [Rank 2] Finished. Latency: 950652 ms
2026-04-11 02:28:02 [INFO] [Rank 1] Finished. Latency: 950652 ms
2026-04-11 02:28:02 [INFO] [Rank 0] Finished. Latency: 950652 ms
2026-04-11 02:28:02 [INFO] [Rank 3] Finished. Latency: 950659 ms
2026-04-11 02:28:06 [INFO] Total latency:     950652 ms
2026-04-11 02:28:06 [INFO] Peak 5GB memory:   4820 MB
2026-04-11 02:28:06 [INFO] Avg  5GB memory:   3698 MB
2026-04-11 02:28:06 [INFO] [85/364] Split [16, 8, 5, 3] | Batch: 8 | Microbatch: 4 | Microbatches: 2
2026-04-11 02:28:06 [INFO] Loading WikiText... (SEQ_LEN=64, BATCH=8)
2026-04-11 02:28:21 [INFO] [Rank 3] Loading weights...
2026-04-11 02:28:21 [INFO] [Rank 3] Weights loaded.
2026-04-11 02:28:23 [INFO] [Rank 2] Loading weights...
2026-04-11 02:28:24 [INFO] [Rank 2] Weights loaded.
2026-04-11 02:28:27 [INFO] [Rank 1] Loading weights...
2026-04-11 02:28:28 [INFO] [Rank 1] Weights loaded.
2026-04-11 02:28:39 [INFO] [Rank 0] Loading weights...
2026-04-11 02:28:42 [INFO] [Rank 0] Weights loaded.
2026-04-11 02:29:46 [INFO] [Rank 2] Finished. Latency: 63855 ms
2026-04-11 02:29:46 [INFO] [Rank 1] Finished. Latency: 63855 ms
2026-04-11 02:29:46 [INFO] [Rank 0] Finished. Latency: 63855 ms
2026-04-11 02:29:46 [INFO] [Rank 3] Finished. Latency: 63862 ms
2026-04-11 02:29:49 [INFO] Total latency:     63855 ms
2026-04-11 02:29:49 [INFO] Peak 5GB memory:   2056 MB
2026-04-11 02:29:49 [INFO] Avg  5GB memory:   1548 MB
2026-04-11 02:29:49 [INFO] [86/364] Split [16, 8, 5, 3] | Batch: 8 | Microbatch: 2 | Microbatches: 4
2026-04-11 02:29:49 [INFO] Loading WikiText... (SEQ_LEN=64, BATCH=8)
2026-04-11 02:29:52 [WARNING] '('Connection broken: IncompleteRead(0 bytes read, 65536 more expected)', IncompleteRead(0 bytes read, 65536 more expected))' thrown while requesting GET https://huggingface.co/datasets/wikitext/resolve/b08601e04326c79dfdd32d625aee71d232d685c3/wikitext-2-raw-v1/test-00000-of-00001.parquet
2026-04-11 02:29:52 [WARNING] Retrying in 1s [Retry 1/5].
2026-04-11 02:30:06 [INFO] [Rank 3] Loading weights...
2026-04-11 02:30:07 [INFO] [Rank 3] Weights loaded.
2026-04-11 02:30:08 [INFO] [Rank 2] Loading weights...
2026-04-11 02:30:09 [INFO] [Rank 2] Weights loaded.
2026-04-11 02:30:13 [INFO] [Rank 1] Loading weights...
2026-04-11 02:30:14 [INFO] [Rank 1] Weights loaded.
2026-04-11 02:30:25 [INFO] [Rank 0] Loading weights...
2026-04-11 02:30:27 [INFO] [Rank 0] Weights loaded.
2026-04-11 02:32:27 [INFO] [Rank 2] Finished. Latency: 119765 ms
2026-04-11 02:32:27 [INFO] [Rank 0] Finished. Latency: 119765 ms
2026-04-11 02:32:27 [INFO] [Rank 1] Finished. Latency: 119765 ms
2026-04-11 02:32:27 [INFO] [Rank 3] Finished. Latency: 119770 ms
2026-04-11 02:32:31 [INFO] Total latency:     119765 ms
2026-04-11 02:32:31 [INFO] Peak 5GB memory:   1852 MB
2026-04-11 02:32:31 [INFO] Avg  5GB memory:   1600 MB
2026-04-11 02:32:31 [INFO] [87/364] Split [16, 8, 5, 3] | Batch: 16 | Microbatch: 8 | Microbatches: 2
2026-04-11 02:32:31 [INFO] Loading WikiText... (SEQ_LEN=64, BATCH=16)
2026-04-11 02:32:46 [INFO] [Rank 3] Loading weights...
2026-04-11 02:32:47 [INFO] [Rank 3] Weights loaded.
2026-04-11 02:32:48 [INFO] [Rank 2] Loading weights...
2026-04-11 02:32:49 [INFO] [Rank 2] Weights loaded.
2026-04-11 02:32:52 [INFO] [Rank 1] Loading weights...
2026-04-11 02:32:53 [INFO] [Rank 1] Weights loaded.
2026-04-11 02:33:05 [INFO] [Rank 0] Loading weights...
2026-04-11 02:33:07 [INFO] [Rank 0] Weights loaded.
2026-04-11 02:34:18 [INFO] [Rank 2] Finished. Latency: 70764 ms
2026-04-11 02:34:18 [INFO] [Rank 1] Finished. Latency: 70764 ms
2026-04-11 02:34:18 [INFO] [Rank 0] Finished. Latency: 70764 ms
2026-04-11 02:34:18 [INFO] [Rank 3] Finished. Latency: 70773 ms
2026-04-11 02:34:22 [INFO] Total latency:     70764 ms
2026-04-11 02:34:22 [INFO] Peak 5GB memory:   4462 MB
2026-04-11 02:34:22 [INFO] Avg  5GB memory:   2093 MB
2026-04-11 02:34:22 [INFO] [88/364] Split [16, 8, 5, 3] | Batch: 16 | Microbatch: 4 | Microbatches: 4
2026-04-11 02:34:22 [INFO] Loading WikiText... (SEQ_LEN=64, BATCH=16)
2026-04-11 02:34:36 [INFO] [Rank 3] Loading weights...
2026-04-11 02:34:37 [INFO] [Rank 3] Weights loaded.
2026-04-11 02:34:38 [INFO] [Rank 2] Loading weights...
2026-04-11 02:34:39 [INFO] [Rank 2] Weights loaded.
2026-04-11 02:34:42 [INFO] [Rank 1] Loading weights...
2026-04-11 02:34:44 [INFO] [Rank 1] Weights loaded.
2026-04-11 02:34:55 [INFO] [Rank 0] Loading weights...
2026-04-11 02:34:57 [INFO] [Rank 0] Weights loaded.
2026-04-11 02:37:03 [INFO] [Rank 2] Finished. Latency: 126363 ms
2026-04-11 02:37:03 [INFO] [Rank 1] Finished. Latency: 126363 ms
2026-04-11 02:37:03 [INFO] [Rank 0] Finished. Latency: 126363 ms
2026-04-11 02:37:03 [INFO] [Rank 3] Finished. Latency: 126370 ms
2026-04-11 02:37:07 [INFO] Total latency:     126363 ms
2026-04-11 02:37:07 [INFO] Peak 5GB memory:   2536 MB
2026-04-11 02:37:07 [INFO] Avg  5GB memory:   1807 MB
2026-04-11 02:37:07 [INFO] [89/364] Split [16, 8, 5, 3] | Batch: 16 | Microbatch: 2 | Microbatches: 8
2026-04-11 02:37:07 [INFO] Loading WikiText... (SEQ_LEN=64, BATCH=16)
2026-04-11 02:37:22 [INFO] [Rank 3] Loading weights...
2026-04-11 02:37:23 [INFO] [Rank 3] Weights loaded.
2026-04-11 02:37:24 [INFO] [Rank 2] Loading weights...
2026-04-11 02:37:25 [INFO] [Rank 2] Weights loaded.
2026-04-11 02:37:28 [INFO] [Rank 1] Loading weights...
2026-04-11 02:37:30 [INFO] [Rank 1] Weights loaded.
2026-04-11 02:37:41 [INFO] [Rank 0] Loading weights...
2026-04-11 02:37:43 [INFO] [Rank 0] Weights loaded.
2026-04-11 02:41:42 [INFO] [Rank 2] Finished. Latency: 238841 ms
2026-04-11 02:41:42 [INFO] [Rank 1] Finished. Latency: 238841 ms
2026-04-11 02:41:42 [INFO] [Rank 0] Finished. Latency: 238841 ms
2026-04-11 02:41:42 [INFO] [Rank 3] Finished. Latency: 238847 ms
2026-04-11 02:41:46 [INFO] Total latency:     238841 ms
2026-04-11 02:41:46 [INFO] Peak 5GB memory:   2120 MB
2026-04-11 02:41:46 [INFO] Avg  5GB memory:   1815 MB
2026-04-11 02:41:46 [INFO] [90/364] Split [16, 8, 5, 3] | Batch: 32 | Microbatch: 16 | Microbatches: 2
2026-04-11 02:41:46 [INFO] Loading WikiText... (SEQ_LEN=64, BATCH=32)
2026-04-11 02:42:01 [INFO] [Rank 3] Loading weights...
2026-04-11 02:42:02 [INFO] [Rank 3] Weights loaded.
2026-04-11 02:42:03 [INFO] [Rank 2] Loading weights...
2026-04-11 02:42:04 [INFO] [Rank 2] Weights loaded.
2026-04-11 02:42:07 [INFO] [Rank 1] Loading weights...
2026-04-11 02:42:09 [INFO] [Rank 1] Weights loaded.
2026-04-11 02:42:20 [INFO] [Rank 0] Loading weights...
2026-04-11 02:42:22 [INFO] [Rank 0] Weights loaded.
2026-04-11 02:43:51 [INFO] [Rank 1] Finished. Latency: 89024 ms
2026-04-11 02:43:51 [INFO] [Rank 0] Finished. Latency: 89025 ms
2026-04-11 02:43:51 [INFO] [Rank 2] Finished. Latency: 89024 ms
2026-04-11 02:43:51 [INFO] [Rank 3] Finished. Latency: 89038 ms
2026-04-11 02:43:55 [INFO] Total latency:     89025 ms
2026-04-11 02:43:55 [INFO] Peak 5GB memory:   4822 MB
2026-04-11 02:43:55 [INFO] Avg  5GB memory:   2677 MB
2026-04-11 02:43:55 [INFO] [91/364] Split [16, 8, 5, 3] | Batch: 32 | Microbatch: 8 | Microbatches: 4
2026-04-11 02:43:55 [INFO] Loading WikiText... (SEQ_LEN=64, BATCH=32)
2026-04-11 02:44:10 [INFO] [Rank 3] Loading weights...
2026-04-11 02:44:10 [INFO] [Rank 3] Weights loaded.
2026-04-11 02:44:12 [INFO] [Rank 2] Loading weights...
2026-04-11 02:44:13 [INFO] [Rank 2] Weights loaded.
2026-04-11 02:44:16 [INFO] [Rank 1] Loading weights...
2026-04-11 02:44:17 [INFO] [Rank 1] Weights loaded.
2026-04-11 02:44:29 [INFO] [Rank 0] Loading weights...
2026-04-11 02:44:31 [INFO] [Rank 0] Weights loaded.
2026-04-11 02:46:52 [INFO] [Rank 1] Finished. Latency: 141131 ms
2026-04-11 02:46:52 [INFO] [Rank 2] Finished. Latency: 141131 ms
2026-04-11 02:46:52 [INFO] [Rank 0] Finished. Latency: 141131 ms
2026-04-11 02:46:52 [INFO] [Rank 3] Finished. Latency: 141140 ms
2026-04-11 02:46:56 [INFO] Total latency:     141131 ms
2026-04-11 02:46:56 [INFO] Peak 5GB memory:   4500 MB
2026-04-11 02:46:56 [INFO] Avg  5GB memory:   2552 MB
2026-04-11 02:46:56 [INFO] [92/364] Split [16, 8, 5, 3] | Batch: 32 | Microbatch: 4 | Microbatches: 8
2026-04-11 02:46:56 [INFO] Loading WikiText... (SEQ_LEN=64, BATCH=32)
2026-04-11 02:47:11 [INFO] [Rank 3] Loading weights...
2026-04-11 02:47:12 [INFO] [Rank 3] Weights loaded.
2026-04-11 02:47:13 [INFO] [Rank 2] Loading weights...
2026-04-11 02:47:14 [INFO] [Rank 2] Weights loaded.
2026-04-11 02:47:17 [INFO] [Rank 1] Loading weights...
2026-04-11 02:47:19 [INFO] [Rank 1] Weights loaded.
2026-04-11 02:47:29 [INFO] [Rank 0] Loading weights...
2026-04-11 02:47:32 [INFO] [Rank 0] Weights loaded.
2026-04-11 02:51:43 [INFO] [Rank 1] Finished. Latency: 251057 ms
2026-04-11 02:51:43 [INFO] [Rank 2] Finished. Latency: 251057 ms
2026-04-11 02:51:43 [INFO] [Rank 0] Finished. Latency: 251057 ms
2026-04-11 02:51:43 [INFO] [Rank 3] Finished. Latency: 251064 ms
2026-04-11 02:51:47 [INFO] Total latency:     251057 ms
2026-04-11 02:51:47 [INFO] Peak 5GB memory:   3516 MB
2026-04-11 02:51:47 [INFO] Avg  5GB memory:   2275 MB
2026-04-11 02:51:47 [INFO] [93/364] Split [16, 8, 5, 3] | Batch: 32 | Microbatch: 2 | Microbatches: 16
2026-04-11 02:51:47 [INFO] Loading WikiText... (SEQ_LEN=64, BATCH=32)
2026-04-11 02:51:49 [WARNING] '('Connection broken: IncompleteRead(0 bytes read, 65536 more expected)', IncompleteRead(0 bytes read, 65536 more expected))' thrown while requesting GET https://huggingface.co/datasets/wikitext/resolve/b08601e04326c79dfdd32d625aee71d232d685c3/wikitext-2-raw-v1/test-00000-of-00001.parquet
2026-04-11 02:51:49 [WARNING] Retrying in 1s [Retry 1/5].
2026-04-11 02:52:04 [INFO] [Rank 3] Loading weights...
2026-04-11 02:52:05 [INFO] [Rank 3] Weights loaded.
2026-04-11 02:52:06 [INFO] [Rank 2] Loading weights...
2026-04-11 02:52:07 [INFO] [Rank 2] Weights loaded.
2026-04-11 02:52:11 [INFO] [Rank 1] Loading weights...
2026-04-11 02:52:12 [INFO] [Rank 1] Weights loaded.
2026-04-11 02:52:23 [INFO] [Rank 0] Loading weights...
2026-04-11 02:52:25 [INFO] [Rank 0] Weights loaded.
2026-04-11 03:00:20 [INFO] [Rank 1] Finished. Latency: 474730 ms
2026-04-11 03:00:20 [INFO] [Rank 0] Finished. Latency: 474730 ms
2026-04-11 03:00:20 [INFO] [Rank 2] Finished. Latency: 474730 ms
2026-04-11 03:00:20 [INFO] [Rank 3] Finished. Latency: 474736 ms
2026-04-11 03:00:24 [INFO] Total latency:     474730 ms
2026-04-11 03:00:24 [INFO] Peak 5GB memory:   2658 MB
2026-04-11 03:00:24 [INFO] Avg  5GB memory:   2185 MB
2026-04-11 03:00:24 [INFO] [94/364] Split [16, 8, 5, 3] | Batch: 64 | Microbatch: 32 | Microbatches: 2
2026-04-11 03:00:24 [INFO] Loading WikiText... (SEQ_LEN=64, BATCH=64)
2026-04-11 03:00:38 [INFO] [Rank 3] Loading weights...
2026-04-11 03:00:39 [INFO] [Rank 3] Weights loaded.
2026-04-11 03:00:40 [INFO] [Rank 2] Loading weights...
2026-04-11 03:00:41 [INFO] [Rank 2] Weights loaded.
2026-04-11 03:00:45 [INFO] [Rank 1] Loading weights...
2026-04-11 03:00:46 [INFO] [Rank 1] Weights loaded.
2026-04-11 03:00:57 [INFO] [Rank 0] Loading weights...
2026-04-11 03:01:00 [INFO] [Rank 0] Weights loaded.
2026-04-11 03:02:54 [ERROR] [Rank 2] OOM
2026-04-11 03:02:54 [ERROR] [Rank 3] Unexpected exception:
Traceback (most recent call last):
  File "/home/anurag_dutt/scripts/benchmark_pipeline_microbatching.py", line 545, in run_pipeline
    decode_recv_handles[mb_idx].wait()
  File "/home/anurag_dutt/scripts/mig_transport_pipeline_non_blocking.py", line 121, in wait
    _ORIGINAL_SEND(
  File "/home/anurag_dutt/scripts/mig_env/lib/python3.10/site-packages/torch/distributed/c10d_logger.py", line 81, in wrapper
    return func(*args, **kwargs)
  File "/home/anurag_dutt/scripts/mig_env/lib/python3.10/site-packages/torch/distributed/distributed_c10d.py", line 2496, in send
    work.wait()
RuntimeError: [/pytorch/third_party/gloo/gloo/transport/tcp/pair.cc:547] Connection closed by peer [10.128.0.8]:16807

2026-04-11 03:02:54 [ERROR] [Rank 0] Unexpected exception:
Traceback (most recent call last):
  File "/home/anurag_dutt/scripts/benchmark_pipeline_microbatching.py", line 576, in run_pipeline
    dist.recv(next_tokens, src=world_size - 1, tag=tok_tag)
  File "/home/anurag_dutt/scripts/mig_transport_pipeline_non_blocking.py", line 407, in patched_recv
    return _MIG_PIPE_ENGINE.recv(tensor, src, group=group, tag=tag)
  File "/home/anurag_dutt/scripts/mig_transport_pipeline_non_blocking.py", line 281, in recv
    _ORIGINAL_RECV(handshake, src=src, group=group, tag=tag)
  File "/home/anurag_dutt/scripts/mig_env/lib/python3.10/site-packages/torch/distributed/c10d_logger.py", line 81, in wrapper
    return func(*args, **kwargs)
  File "/home/anurag_dutt/scripts/mig_env/lib/python3.10/site-packages/torch/distributed/distributed_c10d.py", line 2529, in recv
    work.wait()
RuntimeError: [/pytorch/third_party/gloo/gloo/transport/tcp/pair.cc:547] Connection closed by peer [10.128.0.8]:17330

2026-04-11 03:02:54 [ERROR] [Rank 1] Unexpected exception:
Traceback (most recent call last):
  File "/home/anurag_dutt/scripts/benchmark_pipeline_microbatching.py", line 545, in run_pipeline
    decode_recv_handles[mb_idx].wait()
  File "/home/anurag_dutt/scripts/mig_transport_pipeline_non_blocking.py", line 113, in wait
    self._dist_handle.wait()
RuntimeError: [/pytorch/third_party/gloo/gloo/transport/tcp/pair.cc:547] Connection closed by peer [10.128.0.8]:24730

2026-04-11 03:02:57 [WARNING] OOM on Rank 2 — skipping.
2026-04-11 03:02:57 [INFO] [95/364] Split [16, 8, 5, 3] | Batch: 64 | Microbatch: 16 | Microbatches: 4
2026-04-11 03:02:57 [INFO] Loading WikiText... (SEQ_LEN=64, BATCH=64)
2026-04-11 03:03:12 [INFO] [Rank 3] Loading weights...
2026-04-11 03:03:13 [INFO] [Rank 3] Weights loaded.
2026-04-11 03:03:14 [INFO] [Rank 2] Loading weights...
2026-04-11 03:03:15 [INFO] [Rank 2] Weights loaded.
2026-04-11 03:03:19 [INFO] [Rank 1] Loading weights...
2026-04-11 03:03:20 [INFO] [Rank 1] Weights loaded.
2026-04-11 03:03:31 [INFO] [Rank 0] Loading weights...
2026-04-11 03:03:33 [INFO] [Rank 0] Weights loaded.
2026-04-11 03:06:12 [ERROR] [Rank 2] OOM
2026-04-11 03:06:12 [ERROR] [Rank 1] Unexpected exception:
Traceback (most recent call last):
  File "/home/anurag_dutt/scripts/benchmark_pipeline_microbatching.py", line 568, in run_pipeline
    h.wait()
  File "/home/anurag_dutt/scripts/mig_transport_pipeline_non_blocking.py", line 79, in wait
    _ORIGINAL_RECV(
  File "/home/anurag_dutt/scripts/mig_env/lib/python3.10/site-packages/torch/distributed/c10d_logger.py", line 81, in wrapper
    return func(*args, **kwargs)
  File "/home/anurag_dutt/scripts/mig_env/lib/python3.10/site-packages/torch/distributed/distributed_c10d.py", line 2529, in recv
    work.wait()
RuntimeError: [/pytorch/third_party/gloo/gloo/transport/tcp/pair.cc:547] Connection closed by peer [10.128.0.8]:44266

2026-04-11 03:06:12 [ERROR] [Rank 3] Unexpected exception:
Traceback (most recent call last):
  File "/home/anurag_dutt/scripts/benchmark_pipeline_microbatching.py", line 545, in run_pipeline
    decode_recv_handles[mb_idx].wait()
  File "/home/anurag_dutt/scripts/mig_transport_pipeline_non_blocking.py", line 121, in wait
    _ORIGINAL_SEND(
  File "/home/anurag_dutt/scripts/mig_env/lib/python3.10/site-packages/torch/distributed/c10d_logger.py", line 81, in wrapper
    return func(*args, **kwargs)
  File "/home/anurag_dutt/scripts/mig_env/lib/python3.10/site-packages/torch/distributed/distributed_c10d.py", line 2496, in send
    work.wait()
RuntimeError: [/pytorch/third_party/gloo/gloo/transport/tcp/pair.cc:547] Connection closed by peer [10.128.0.8]:55716

2026-04-11 03:06:12 [ERROR] [Rank 0] Unexpected exception:
Traceback (most recent call last):
  File "/home/anurag_dutt/scripts/benchmark_pipeline_microbatching.py", line 576, in run_pipeline
    dist.recv(next_tokens, src=world_size - 1, tag=tok_tag)
  File "/home/anurag_dutt/scripts/mig_transport_pipeline_non_blocking.py", line 407, in patched_recv
    return _MIG_PIPE_ENGINE.recv(tensor, src, group=group, tag=tag)
  File "/home/anurag_dutt/scripts/mig_transport_pipeline_non_blocking.py", line 281, in recv
    _ORIGINAL_RECV(handshake, src=src, group=group, tag=tag)
  File "/home/anurag_dutt/scripts/mig_env/lib/python3.10/site-packages/torch/distributed/c10d_logger.py", line 81, in wrapper
    return func(*args, **kwargs)
  File "/home/anurag_dutt/scripts/mig_env/lib/python3.10/site-packages/torch/distributed/distributed_c10d.py", line 2529, in recv
    work.wait()
RuntimeError: [/pytorch/third_party/gloo/gloo/transport/tcp/pair.cc:547] Connection closed by peer [10.128.0.8]:21164

2026-04-11 03:06:16 [WARNING] OOM on Rank 2 — skipping.
2026-04-11 03:06:16 [INFO] [96/364] Split [16, 8, 5, 3] | Batch: 64 | Microbatch: 8 | Microbatches: 8
2026-04-11 03:06:16 [INFO] Loading WikiText... (SEQ_LEN=64, BATCH=64)
2026-04-11 03:06:31 [INFO] [Rank 3] Loading weights...
2026-04-11 03:06:32 [INFO] [Rank 3] Weights loaded.
2026-04-11 03:06:33 [INFO] [Rank 2] Loading weights...
2026-04-11 03:06:34 [INFO] [Rank 2] Weights loaded.
2026-04-11 03:06:37 [INFO] [Rank 1] Loading weights...
2026-04-11 03:06:39 [INFO] [Rank 1] Weights loaded.
2026-04-11 03:06:50 [INFO] [Rank 0] Loading weights...
2026-04-11 03:06:52 [INFO] [Rank 0] Weights loaded.
2026-04-11 03:10:54 [ERROR] [Rank 2] OOM
2026-04-11 03:10:54 [ERROR] [Rank 3] Unexpected exception:
Traceback (most recent call last):
  File "/home/anurag_dutt/scripts/benchmark_pipeline_microbatching.py", line 545, in run_pipeline
    decode_recv_handles[mb_idx].wait()
  File "/home/anurag_dutt/scripts/mig_transport_pipeline_non_blocking.py", line 121, in wait
    _ORIGINAL_SEND(
  File "/home/anurag_dutt/scripts/mig_env/lib/python3.10/site-packages/torch/distributed/c10d_logger.py", line 81, in wrapper
    return func(*args, **kwargs)
  File "/home/anurag_dutt/scripts/mig_env/lib/python3.10/site-packages/torch/distributed/distributed_c10d.py", line 2496, in send
    work.wait()
RuntimeError: [/pytorch/third_party/gloo/gloo/transport/tcp/pair.cc:547] Connection closed by peer [10.128.0.8]:12478

2026-04-11 03:10:54 [ERROR] [Rank 0] Unexpected exception:
Traceback (most recent call last):
  File "/home/anurag_dutt/scripts/benchmark_pipeline_microbatching.py", line 576, in run_pipeline
    dist.recv(next_tokens, src=world_size - 1, tag=tok_tag)
  File "/home/anurag_dutt/scripts/mig_transport_pipeline_non_blocking.py", line 407, in patched_recv
    return _MIG_PIPE_ENGINE.recv(tensor, src, group=group, tag=tag)
  File "/home/anurag_dutt/scripts/mig_transport_pipeline_non_blocking.py", line 281, in recv
    _ORIGINAL_RECV(handshake, src=src, group=group, tag=tag)
  File "/home/anurag_dutt/scripts/mig_env/lib/python3.10/site-packages/torch/distributed/c10d_logger.py", line 81, in wrapper
    return func(*args, **kwargs)
  File "/home/anurag_dutt/scripts/mig_env/lib/python3.10/site-packages/torch/distributed/distributed_c10d.py", line 2529, in recv
    work.wait()
RuntimeError: [/pytorch/third_party/gloo/gloo/transport/tcp/pair.cc:547] Connection closed by peer [10.128.0.8]:9115

2026-04-11 03:10:54 [ERROR] [Rank 1] Unexpected exception:
Traceback (most recent call last):
  File "/home/anurag_dutt/scripts/benchmark_pipeline_microbatching.py", line 545, in run_pipeline
    decode_recv_handles[mb_idx].wait()
  File "/home/anurag_dutt/scripts/mig_transport_pipeline_non_blocking.py", line 113, in wait
    self._dist_handle.wait()
RuntimeError: [/pytorch/third_party/gloo/gloo/transport/tcp/pair.cc:547] Connection closed by peer [10.128.0.8]:34959

2026-04-11 03:10:58 [WARNING] OOM on Rank 2 — skipping.
2026-04-11 03:10:58 [INFO] [97/364] Split [16, 8, 5, 3] | Batch: 64 | Microbatch: 4 | Microbatches: 16
2026-04-11 03:10:58 [INFO] Loading WikiText... (SEQ_LEN=64, BATCH=64)
2026-04-11 03:11:12 [INFO] [Rank 3] Loading weights...
2026-04-11 03:11:13 [INFO] [Rank 3] Weights loaded.
2026-04-11 03:11:14 [INFO] [Rank 2] Loading weights...
2026-04-11 03:11:15 [INFO] [Rank 2] Weights loaded.
2026-04-11 03:11:19 [INFO] [Rank 1] Loading weights...
2026-04-11 03:11:20 [INFO] [Rank 1] Weights loaded.
2026-04-11 03:11:31 [INFO] [Rank 0] Loading weights...
2026-04-11 03:11:33 [INFO] [Rank 0] Weights loaded.
2026-04-11 03:17:27 [ERROR] [Rank 2] OOM
2026-04-11 03:17:27 [ERROR] [Rank 1] Unexpected exception:
Traceback (most recent call last):
  File "/home/anurag_dutt/scripts/benchmark_pipeline_microbatching.py", line 568, in run_pipeline
    h.wait()
  File "/home/anurag_dutt/scripts/mig_transport_pipeline_non_blocking.py", line 79, in wait
    _ORIGINAL_RECV(
  File "/home/anurag_dutt/scripts/mig_env/lib/python3.10/site-packages/torch/distributed/c10d_logger.py", line 81, in wrapper
    return func(*args, **kwargs)
  File "/home/anurag_dutt/scripts/mig_env/lib/python3.10/site-packages/torch/distributed/distributed_c10d.py", line 2529, in recv
    work.wait()
RuntimeError: [/pytorch/third_party/gloo/gloo/transport/tcp/pair.cc:547] Connection closed by peer [10.128.0.8]:11430

2026-04-11 03:17:27 [ERROR] [Rank 3] Unexpected exception:
Traceback (most recent call last):
  File "/home/anurag_dutt/scripts/benchmark_pipeline_microbatching.py", line 545, in run_pipeline
    decode_recv_handles[mb_idx].wait()
  File "/home/anurag_dutt/scripts/mig_transport_pipeline_non_blocking.py", line 113, in wait
    self._dist_handle.wait()
RuntimeError: [/pytorch/third_party/gloo/gloo/transport/tcp/pair.cc:547] Connection closed by peer [10.128.0.8]:57763

2026-04-11 03:17:27 [ERROR] [Rank 0] Unexpected exception:
Traceback (most recent call last):
  File "/home/anurag_dutt/scripts/benchmark_pipeline_microbatching.py", line 576, in run_pipeline
    dist.recv(next_tokens, src=world_size - 1, tag=tok_tag)
  File "/home/anurag_dutt/scripts/mig_transport_pipeline_non_blocking.py", line 407, in patched_recv
    return _MIG_PIPE_ENGINE.recv(tensor, src, group=group, tag=tag)
  File "/home/anurag_dutt/scripts/mig_transport_pipeline_non_blocking.py", line 281, in recv
    _ORIGINAL_RECV(handshake, src=src, group=group, tag=tag)
  File "/home/anurag_dutt/scripts/mig_env/lib/python3.10/site-packages/torch/distributed/c10d_logger.py", line 81, in wrapper
    return func(*args, **kwargs)
  File "/home/anurag_dutt/scripts/mig_env/lib/python3.10/site-packages/torch/distributed/distributed_c10d.py", line 2529, in recv
    work.wait()
RuntimeError: [/pytorch/third_party/gloo/gloo/transport/tcp/pair.cc:547] Connection closed by peer [10.128.0.8]:34998

2026-04-11 03:17:30 [WARNING] OOM on Rank 2 — skipping.
2026-04-11 03:17:30 [INFO] [98/364] Split [16, 8, 5, 3] | Batch: 64 | Microbatch: 2 | Microbatches: 32
2026-04-11 03:17:30 [INFO] Loading WikiText... (SEQ_LEN=64, BATCH=64)
2026-04-11 03:17:45 [INFO] [Rank 3] Loading weights...
2026-04-11 03:17:46 [INFO] [Rank 3] Weights loaded.
2026-04-11 03:17:47 [INFO] [Rank 2] Loading weights...
2026-04-11 03:17:48 [INFO] [Rank 2] Weights loaded.
2026-04-11 03:17:51 [INFO] [Rank 1] Loading weights...
2026-04-11 03:17:52 [INFO] [Rank 1] Weights loaded.
2026-04-11 03:18:03 [INFO] [Rank 0] Loading weights...
2026-04-11 03:18:05 [INFO] [Rank 0] Weights loaded.
2026-04-11 03:28:43 [ERROR] [Rank 2] OOM
2026-04-11 03:28:43 [ERROR] [Rank 1] Unexpected exception:
Traceback (most recent call last):
  File "/home/anurag_dutt/scripts/benchmark_pipeline_microbatching.py", line 568, in run_pipeline
    h.wait()
  File "/home/anurag_dutt/scripts/mig_transport_pipeline_non_blocking.py", line 79, in wait
    _ORIGINAL_RECV(
  File "/home/anurag_dutt/scripts/mig_env/lib/python3.10/site-packages/torch/distributed/c10d_logger.py", line 81, in wrapper
    return func(*args, **kwargs)
  File "/home/anurag_dutt/scripts/mig_env/lib/python3.10/site-packages/torch/distributed/distributed_c10d.py", line 2529, in recv
    work.wait()
RuntimeError: [/pytorch/third_party/gloo/gloo/transport/tcp/pair.cc:547] Connection closed by peer [10.128.0.8]:47815

2026-04-11 03:28:43 [ERROR] [Rank 3] Unexpected exception:
Traceback (most recent call last):
  File "/home/anurag_dutt/scripts/benchmark_pipeline_microbatching.py", line 545, in run_pipeline
    decode_recv_handles[mb_idx].wait()
  File "/home/anurag_dutt/scripts/mig_transport_pipeline_non_blocking.py", line 121, in wait
    _ORIGINAL_SEND(
  File "/home/anurag_dutt/scripts/mig_env/lib/python3.10/site-packages/torch/distributed/c10d_logger.py", line 81, in wrapper
    return func(*args, **kwargs)
  File "/home/anurag_dutt/scripts/mig_env/lib/python3.10/site-packages/torch/distributed/distributed_c10d.py", line 2496, in send
    work.wait()
RuntimeError: [/pytorch/third_party/gloo/gloo/transport/tcp/pair.cc:547] Connection closed by peer [10.128.0.8]:56464

2026-04-11 03:28:43 [ERROR] [Rank 0] Unexpected exception:
Traceback (most recent call last):
  File "/home/anurag_dutt/scripts/benchmark_pipeline_microbatching.py", line 576, in run_pipeline
    dist.recv(next_tokens, src=world_size - 1, tag=tok_tag)
  File "/home/anurag_dutt/scripts/mig_transport_pipeline_non_blocking.py", line 407, in patched_recv
    return _MIG_PIPE_ENGINE.recv(tensor, src, group=group, tag=tag)
  File "/home/anurag_dutt/scripts/mig_transport_pipeline_non_blocking.py", line 281, in recv
    _ORIGINAL_RECV(handshake, src=src, group=group, tag=tag)
  File "/home/anurag_dutt/scripts/mig_env/lib/python3.10/site-packages/torch/distributed/c10d_logger.py", line 81, in wrapper
    return func(*args, **kwargs)
  File "/home/anurag_dutt/scripts/mig_env/lib/python3.10/site-packages/torch/distributed/distributed_c10d.py", line 2529, in recv
    work.wait()
RuntimeError: [/pytorch/third_party/gloo/gloo/transport/tcp/pair.cc:547] Connection closed by peer [10.128.0.8]:53679

2026-04-11 03:28:47 [WARNING] OOM on Rank 2 — skipping.
2026-04-11 03:28:47 [INFO] [99/364] Split [16, 9, 4, 3] | Batch: 8 | Microbatch: 4 | Microbatches: 2
2026-04-11 03:28:47 [INFO] Loading WikiText... (SEQ_LEN=64, BATCH=8)
2026-04-11 03:29:01 [INFO] [Rank 3] Loading weights...
2026-04-11 03:29:01 [INFO] [Rank 2] Loading weights...
2026-04-11 03:29:02 [INFO] [Rank 3] Weights loaded.
2026-04-11 03:29:02 [INFO] [Rank 2] Weights loaded.
2026-04-11 03:29:08 [INFO] [Rank 1] Loading weights...
2026-04-11 03:29:10 [INFO] [Rank 1] Weights loaded.
2026-04-11 03:29:19 [INFO] [Rank 0] Loading weights...
2026-04-11 03:29:21 [INFO] [Rank 0] Weights loaded.
2026-04-11 03:30:21 [INFO] [Rank 2] Finished. Latency: 59218 ms
2026-04-11 03:30:21 [INFO] [Rank 0] Finished. Latency: 59218 ms
2026-04-11 03:30:21 [INFO] [Rank 1] Finished. Latency: 59218 ms
2026-04-11 03:30:21 [INFO] [Rank 3] Finished. Latency: 59225 ms
2026-04-11 03:30:24 [INFO] Total latency:     59218 ms
2026-04-11 03:30:24 [INFO] Peak 5GB memory:   2056 MB
2026-04-11 03:30:24 [INFO] Avg  5GB memory:   1545 MB
2026-04-11 03:30:24 [INFO] [100/364] Split [16, 9, 4, 3] | Batch: 8 | Microbatch: 2 | Microbatches: 4
2026-04-11 03:30:24 [INFO] Loading WikiText... (SEQ_LEN=64, BATCH=8)
2026-04-11 03:30:27 [WARNING] '('Connection broken: IncompleteRead(0 bytes read, 65536 more expected)', IncompleteRead(0 bytes read, 65536 more expected))' thrown while requesting GET https://huggingface.co/datasets/wikitext/resolve/b08601e04326c79dfdd32d625aee71d232d685c3/wikitext-2-raw-v1/test-00000-of-00001.parquet
2026-04-11 03:30:27 [WARNING] Retrying in 1s [Retry 1/5].
2026-04-11 03:30:41 [INFO] [Rank 3] Loading weights...
2026-04-11 03:30:42 [INFO] [Rank 2] Loading weights...
2026-04-11 03:30:42 [INFO] [Rank 3] Weights loaded.
2026-04-11 03:30:42 [INFO] [Rank 2] Weights loaded.
2026-04-11 03:30:49 [INFO] [Rank 1] Loading weights...
2026-04-11 03:30:50 [INFO] [Rank 1] Weights loaded.
2026-04-11 03:31:00 [INFO] [Rank 0] Loading weights...
2026-04-11 03:31:02 [INFO] [Rank 0] Weights loaded.
2026-04-11 03:32:55 [INFO] [Rank 1] Finished. Latency: 112798 ms
2026-04-11 03:32:55 [INFO] [Rank 2] Finished. Latency: 112798 ms
2026-04-11 03:32:55 [INFO] [Rank 0] Finished. Latency: 112798 ms
2026-04-11 03:32:55 [INFO] [Rank 3] Finished. Latency: 112804 ms
2026-04-11 03:32:58 [INFO] Total latency:     112798 ms
2026-04-11 03:32:58 [INFO] Peak 5GB memory:   1852 MB
2026-04-11 03:32:58 [INFO] Avg  5GB memory:   1587 MB
2026-04-11 03:32:58 [INFO] [101/364] Split [16, 9, 4, 3] | Batch: 16 | Microbatch: 8 | Microbatches: 2
2026-04-11 03:32:58 [INFO] Loading WikiText... (SEQ_LEN=64, BATCH=16)
2026-04-11 03:33:12 [INFO] [Rank 3] Loading weights...
2026-04-11 03:33:13 [INFO] [Rank 2] Loading weights...
2026-04-11 03:33:13 [INFO] [Rank 3] Weights loaded.
2026-04-11 03:33:13 [INFO] [Rank 2] Weights loaded.
2026-04-11 03:33:20 [INFO] [Rank 1] Loading weights...
2026-04-11 03:33:21 [INFO] [Rank 1] Weights loaded.
2026-04-11 03:33:30 [INFO] [Rank 0] Loading weights...
2026-04-11 03:33:33 [INFO] [Rank 0] Weights loaded.
2026-04-11 03:34:40 [INFO] [Rank 1] Finished. Latency: 66851 ms
2026-04-11 03:34:40 [INFO] [Rank 0] Finished. Latency: 66851 ms
2026-04-11 03:34:40 [INFO] [Rank 2] Finished. Latency: 66851 ms
2026-04-11 03:34:40 [INFO] [Rank 3] Finished. Latency: 66861 ms
2026-04-11 03:34:43 [INFO] Total latency:     66851 ms
2026-04-11 03:34:43 [INFO] Peak 5GB memory:   4462 MB
2026-04-11 03:34:43 [INFO] Avg  5GB memory:   2094 MB
2026-04-11 03:34:43 [INFO] [102/364] Split [16, 9, 4, 3] | Batch: 16 | Microbatch: 4 | Microbatches: 4
2026-04-11 03:34:43 [INFO] Loading WikiText... (SEQ_LEN=64, BATCH=16)
2026-04-11 03:34:57 [INFO] [Rank 3] Loading weights...
2026-04-11 03:34:58 [INFO] [Rank 2] Loading weights...
2026-04-11 03:34:58 [INFO] [Rank 3] Weights loaded.
2026-04-11 03:34:58 [INFO] [Rank 2] Weights loaded.
2026-04-11 03:35:05 [INFO] [Rank 1] Loading weights...
2026-04-11 03:35:06 [INFO] [Rank 1] Weights loaded.
2026-04-11 03:35:16 [INFO] [Rank 0] Loading weights...
2026-04-11 03:35:18 [INFO] [Rank 0] Weights loaded.
2026-04-11 03:37:16 [INFO] [Rank 2] Finished. Latency: 118053 ms
2026-04-11 03:37:16 [INFO] [Rank 1] Finished. Latency: 118053 ms
2026-04-11 03:37:16 [INFO] [Rank 0] Finished. Latency: 118053 ms
2026-04-11 03:37:16 [INFO] [Rank 3] Finished. Latency: 118061 ms
2026-04-11 03:37:20 [INFO] Total latency:     118053 ms
2026-04-11 03:37:20 [INFO] Peak 5GB memory:   2536 MB
2026-04-11 03:37:20 [INFO] Avg  5GB memory:   1800 MB
2026-04-11 03:37:20 [INFO] [103/364] Split [16, 9, 4, 3] | Batch: 16 | Microbatch: 2 | Microbatches: 8
2026-04-11 03:37:20 [INFO] Loading WikiText... (SEQ_LEN=64, BATCH=16)
2026-04-11 03:37:22 [WARNING] '('Connection broken: IncompleteRead(0 bytes read, 65536 more expected)', IncompleteRead(0 bytes read, 65536 more expected))' thrown while requesting GET https://huggingface.co/datasets/wikitext/resolve/b08601e04326c79dfdd32d625aee71d232d685c3/wikitext-2-raw-v1/test-00000-of-00001.parquet
2026-04-11 03:37:22 [WARNING] Retrying in 1s [Retry 1/5].
2026-04-11 03:37:36 [INFO] [Rank 3] Loading weights...
2026-04-11 03:37:37 [INFO] [Rank 2] Loading weights...
2026-04-11 03:37:37 [INFO] [Rank 3] Weights loaded.
2026-04-11 03:37:37 [INFO] [Rank 2] Weights loaded.
2026-04-11 03:37:44 [INFO] [Rank 1] Loading weights...
2026-04-11 03:37:45 [INFO] [Rank 1] Weights loaded.
2026-04-11 03:37:55 [INFO] [Rank 0] Loading weights...
2026-04-11 03:37:57 [INFO] [Rank 0] Weights loaded.
2026-04-11 03:41:40 [INFO] [Rank 0] Finished. Latency: 222927 ms
2026-04-11 03:41:40 [INFO] [Rank 2] Finished. Latency: 222927 ms
2026-04-11 03:41:40 [INFO] [Rank 1] Finished. Latency: 222927 ms
2026-04-11 03:41:40 [INFO] [Rank 3] Finished. Latency: 222933 ms
2026-04-11 03:41:43 [INFO] Total latency:     222927 ms
2026-04-11 03:41:43 [INFO] Peak 5GB memory:   2120 MB
2026-04-11 03:41:43 [INFO] Avg  5GB memory:   1812 MB
2026-04-11 03:41:43 [INFO] [104/364] Split [16, 9, 4, 3] | Batch: 32 | Microbatch: 16 | Microbatches: 2
2026-04-11 03:41:43 [INFO] Loading WikiText... (SEQ_LEN=64, BATCH=32)
2026-04-11 03:41:57 [INFO] [Rank 3] Loading weights...
2026-04-11 03:41:58 [INFO] [Rank 2] Loading weights...
2026-04-11 03:41:58 [INFO] [Rank 3] Weights loaded.
2026-04-11 03:41:59 [INFO] [Rank 2] Weights loaded.
2026-04-11 03:42:05 [INFO] [Rank 1] Loading weights...
2026-04-11 03:42:06 [INFO] [Rank 1] Weights loaded.
2026-04-11 03:42:16 [INFO] [Rank 0] Loading weights...
2026-04-11 03:42:18 [INFO] [Rank 0] Weights loaded.
2026-04-11 03:43:42 [INFO] [Rank 2] Finished. Latency: 84326 ms
2026-04-11 03:43:42 [INFO] [Rank 1] Finished. Latency: 84326 ms
2026-04-11 03:43:42 [INFO] [Rank 0] Finished. Latency: 84326 ms
2026-04-11 03:43:42 [INFO] [Rank 3] Finished. Latency: 84340 ms
2026-04-11 03:43:46 [INFO] Total latency:     84326 ms
2026-04-11 03:43:46 [INFO] Peak 5GB memory:   4822 MB
2026-04-11 03:43:46 [INFO] Avg  5GB memory:   2670 MB
2026-04-11 03:43:46 [INFO] [105/364] Split [16, 9, 4, 3] | Batch: 32 | Microbatch: 8 | Microbatches: 4
2026-04-11 03:43:46 [INFO] Loading WikiText... (SEQ_LEN=64, BATCH=32)
2026-04-11 03:44:00 [INFO] [Rank 3] Loading weights...
2026-04-11 03:44:01 [INFO] [Rank 2] Loading weights...
2026-04-11 03:44:01 [INFO] [Rank 3] Weights loaded.
2026-04-11 03:44:01 [INFO] [Rank 2] Weights loaded.
2026-04-11 03:44:08 [INFO] [Rank 1] Loading weights...
2026-04-11 03:44:09 [INFO] [Rank 1] Weights loaded.
2026-04-11 03:44:18 [INFO] [Rank 0] Loading weights...
2026-04-11 03:44:21 [INFO] [Rank 0] Weights loaded.
2026-04-11 03:46:34 [INFO] [Rank 2] Finished. Latency: 132809 ms
2026-04-11 03:46:34 [INFO] [Rank 1] Finished. Latency: 132809 ms
2026-04-11 03:46:34 [INFO] [Rank 0] Finished. Latency: 132809 ms
2026-04-11 03:46:34 [INFO] [Rank 3] Finished. Latency: 132819 ms
2026-04-11 03:46:37 [INFO] Total latency:     132809 ms
2026-04-11 03:46:37 [INFO] Peak 5GB memory:   4500 MB
2026-04-11 03:46:37 [INFO] Avg  5GB memory:   2546 MB
2026-04-11 03:46:37 [INFO] [106/364] Split [16, 9, 4, 3] | Batch: 32 | Microbatch: 4 | Microbatches: 8
2026-04-11 03:46:37 [INFO] Loading WikiText... (SEQ_LEN=64, BATCH=32)
2026-04-11 03:46:52 [INFO] [Rank 3] Loading weights...
2026-04-11 03:46:52 [INFO] [Rank 2] Loading weights...
2026-04-11 03:46:52 [INFO] [Rank 3] Weights loaded.
2026-04-11 03:46:53 [INFO] [Rank 2] Weights loaded.
2026-04-11 03:46:59 [INFO] [Rank 1] Loading weights...
2026-04-11 03:47:00 [INFO] [Rank 1] Weights loaded.
2026-04-11 03:47:10 [INFO] [Rank 0] Loading weights...
2026-04-11 03:47:12 [INFO] [Rank 0] Weights loaded.
2026-04-11 03:51:07 [INFO] [Rank 2] Finished. Latency: 234666 ms
2026-04-11 03:51:07 [INFO] [Rank 0] Finished. Latency: 234666 ms
2026-04-11 03:51:07 [INFO] [Rank 1] Finished. Latency: 234666 ms
2026-04-11 03:51:07 [INFO] [Rank 3] Finished. Latency: 234674 ms
2026-04-11 03:51:11 [INFO] Total latency:     234666 ms
2026-04-11 03:51:11 [INFO] Peak 5GB memory:   3516 MB
2026-04-11 03:51:11 [INFO] Avg  5GB memory:   2267 MB
2026-04-11 03:51:11 [INFO] [107/364] Split [16, 9, 4, 3] | Batch: 32 | Microbatch: 2 | Microbatches: 16
2026-04-11 03:51:11 [INFO] Loading WikiText... (SEQ_LEN=64, BATCH=32)
2026-04-11 03:51:13 [WARNING] '('Connection broken: IncompleteRead(0 bytes read, 732606 more expected)', IncompleteRead(0 bytes read, 732606 more expected))' thrown while requesting GET https://huggingface.co/datasets/wikitext/resolve/b08601e04326c79dfdd32d625aee71d232d685c3/wikitext-2-raw-v1/test-00000-of-00001.parquet
2026-04-11 03:51:13 [WARNING] Retrying in 1s [Retry 1/5].
2026-04-11 03:51:27 [INFO] [Rank 3] Loading weights...
2026-04-11 03:51:27 [INFO] [Rank 2] Loading weights...
2026-04-11 03:51:28 [INFO] [Rank 3] Weights loaded.
2026-04-11 03:51:28 [INFO] [Rank 2] Weights loaded.
2026-04-11 03:51:35 [INFO] [Rank 1] Loading weights...
2026-04-11 03:51:36 [INFO] [Rank 1] Weights loaded.
2026-04-11 03:51:45 [INFO] [Rank 0] Loading weights...
2026-04-11 03:51:48 [INFO] [Rank 0] Weights loaded.
2026-04-11 03:59:13 [INFO] [Rank 2] Finished. Latency: 445479 ms
2026-04-11 03:59:13 [INFO] [Rank 1] Finished. Latency: 445479 ms
2026-04-11 03:59:13 [INFO] [Rank 0] Finished. Latency: 445479 ms
2026-04-11 03:59:13 [INFO] [Rank 3] Finished. Latency: 445485 ms
2026-04-11 03:59:17 [INFO] Total latency:     445479 ms
2026-04-11 03:59:17 [INFO] Peak 5GB memory:   2658 MB
2026-04-11 03:59:17 [INFO] Avg  5GB memory:   2187 MB
2026-04-11 03:59:17 [INFO] [108/364] Split [16, 9, 4, 3] | Batch: 64 | Microbatch: 32 | Microbatches: 2
2026-04-11 03:59:17 [INFO] Loading WikiText... (SEQ_LEN=64, BATCH=64)
2026-04-11 03:59:31 [INFO] [Rank 3] Loading weights...
2026-04-11 03:59:31 [INFO] [Rank 2] Loading weights...
2026-04-11 03:59:32 [INFO] [Rank 3] Weights loaded.
2026-04-11 03:59:32 [INFO] [Rank 2] Weights loaded.
2026-04-11 03:59:39 [INFO] [Rank 1] Loading weights...
2026-04-11 03:59:40 [INFO] [Rank 1] Weights loaded.
2026-04-11 03:59:50 [INFO] [Rank 0] Loading weights...
2026-04-11 03:59:52 [INFO] [Rank 0] Weights loaded.
2026-04-11 04:02:00 [INFO] [Rank 2] Finished. Latency: 127751 ms
2026-04-11 04:02:00 [INFO] [Rank 1] Finished. Latency: 127751 ms
2026-04-11 04:02:00 [INFO] [Rank 0] Finished. Latency: 127751 ms
2026-04-11 04:02:00 [INFO] [Rank 3] Finished. Latency: 127775 ms
2026-04-11 04:02:03 [INFO] Total latency:     127751 ms
2026-04-11 04:02:03 [INFO] Peak 5GB memory:   4864 MB
2026-04-11 04:02:03 [INFO] Avg  5GB memory:   3128 MB
2026-04-11 04:02:03 [INFO] [109/364] Split [16, 9, 4, 3] | Batch: 64 | Microbatch: 16 | Microbatches: 4
2026-04-11 04:02:03 [INFO] Loading WikiText... (SEQ_LEN=64, BATCH=64)
2026-04-11 04:02:06 [WARNING] '('Connection broken: IncompleteRead(0 bytes read, 732606 more expected)', IncompleteRead(0 bytes read, 732606 more expected))' thrown while requesting GET https://huggingface.co/datasets/wikitext/resolve/b08601e04326c79dfdd32d625aee71d232d685c3/wikitext-2-raw-v1/test-00000-of-00001.parquet
2026-04-11 04:02:06 [WARNING] Retrying in 1s [Retry 1/5].
2026-04-11 04:02:20 [INFO] [Rank 3] Loading weights...
2026-04-11 04:02:20 [INFO] [Rank 2] Loading weights...
2026-04-11 04:02:20 [INFO] [Rank 3] Weights loaded.
2026-04-11 04:02:21 [INFO] [Rank 2] Weights loaded.
2026-04-11 04:02:27 [INFO] [Rank 1] Loading weights...
2026-04-11 04:02:29 [INFO] [Rank 1] Weights loaded.
2026-04-11 04:02:38 [INFO] [Rank 0] Loading weights...
2026-04-11 04:02:40 [INFO] [Rank 0] Weights loaded.
2026-04-11 04:05:30 [INFO] [Rank 2] Finished. Latency: 169579 ms
2026-04-11 04:05:30 [INFO] [Rank 1] Finished. Latency: 169579 ms
2026-04-11 04:05:30 [INFO] [Rank 0] Finished. Latency: 169579 ms
2026-04-11 04:05:30 [INFO] [Rank 3] Finished. Latency: 169593 ms
2026-04-11 04:05:33 [INFO] Total latency:     169579 ms
2026-04-11 04:05:33 [INFO] Peak 5GB memory:   4864 MB
2026-04-11 04:05:33 [INFO] Avg  5GB memory:   3105 MB
2026-04-11 04:05:33 [INFO] [110/364] Split [16, 9, 4, 3] | Batch: 64 | Microbatch: 8 | Microbatches: 8
2026-04-11 04:05:33 [INFO] Loading WikiText... (SEQ_LEN=64, BATCH=64)
2026-04-11 04:05:48 [INFO] [Rank 3] Loading weights...
2026-04-11 04:05:49 [INFO] [Rank 2] Loading weights...
2026-04-11 04:05:49 [INFO] [Rank 3] Weights loaded.
2026-04-11 04:05:50 [INFO] [Rank 2] Weights loaded.
2026-04-11 04:05:56 [INFO] [Rank 1] Loading weights...
2026-04-11 04:05:57 [INFO] [Rank 1] Weights loaded.
2026-04-11 04:06:07 [INFO] [Rank 0] Loading weights...
2026-04-11 04:06:09 [INFO] [Rank 0] Weights loaded.
2026-04-11 04:10:34 [INFO] [Rank 1] Finished. Latency: 265191 ms
2026-04-11 04:10:34 [INFO] [Rank 2] Finished. Latency: 265191 ms
2026-04-11 04:10:34 [INFO] [Rank 0] Finished. Latency: 265191 ms
2026-04-11 04:10:34 [INFO] [Rank 3] Finished. Latency: 265201 ms
2026-04-11 04:10:38 [INFO] Total latency:     265191 ms
2026-04-11 04:10:38 [INFO] Peak 5GB memory:   4700 MB
2026-04-11 04:10:38 [INFO] Avg  5GB memory:   3289 MB
2026-04-11 04:10:38 [INFO] [111/364] Split [16, 9, 4, 3] | Batch: 64 | Microbatch: 4 | Microbatches: 16
2026-04-11 04:10:38 [INFO] Loading WikiText... (SEQ_LEN=64, BATCH=64)
2026-04-11 04:10:52 [INFO] [Rank 3] Loading weights...
2026-04-11 04:10:53 [INFO] [Rank 2] Loading weights...
2026-04-11 04:10:53 [INFO] [Rank 3] Weights loaded.
2026-04-11 04:10:53 [INFO] [Rank 2] Weights loaded.
2026-04-11 04:11:00 [INFO] [Rank 1] Loading weights...
2026-04-11 04:11:01 [INFO] [Rank 1] Weights loaded.
2026-04-11 04:11:10 [INFO] [Rank 0] Loading weights...
2026-04-11 04:11:12 [INFO] [Rank 0] Weights loaded.
2026-04-11 04:19:00 [INFO] [Rank 2] Finished. Latency: 467291 ms
2026-04-11 04:19:00 [INFO] [Rank 0] Finished. Latency: 467291 ms
2026-04-11 04:19:00 [INFO] [Rank 1] Finished. Latency: 467291 ms
2026-04-11 04:19:00 [INFO] [Rank 3] Finished. Latency: 467298 ms
2026-04-11 04:19:04 [INFO] Total latency:     467291 ms
2026-04-11 04:19:04 [INFO] Peak 5GB memory:   4594 MB
2026-04-11 04:19:04 [INFO] Avg  5GB memory:   2970 MB
2026-04-11 04:19:04 [INFO] [112/364] Split [16, 9, 4, 3] | Batch: 64 | Microbatch: 2 | Microbatches: 32
2026-04-11 04:19:04 [INFO] Loading WikiText... (SEQ_LEN=64, BATCH=64)
2026-04-11 04:19:18 [INFO] [Rank 3] Loading weights...
2026-04-11 04:19:18 [INFO] [Rank 2] Loading weights...
2026-04-11 04:19:18 [INFO] [Rank 3] Weights loaded.
2026-04-11 04:19:19 [INFO] [Rank 2] Weights loaded.
2026-04-11 04:19:25 [INFO] [Rank 1] Loading weights...
2026-04-11 04:19:26 [INFO] [Rank 1] Weights loaded.
2026-04-11 04:19:36 [INFO] [Rank 0] Loading weights...
2026-04-11 04:19:38 [INFO] [Rank 0] Weights loaded.
2026-04-11 04:34:27 [INFO] [Rank 0] Finished. Latency: 888541 ms
2026-04-11 04:34:27 [INFO] [Rank 1] Finished. Latency: 888541 ms
2026-04-11 04:34:27 [INFO] [Rank 2] Finished. Latency: 888541 ms
2026-04-11 04:34:27 [INFO] [Rank 3] Finished. Latency: 888547 ms
2026-04-11 04:34:30 [INFO] Total latency:     888541 ms
2026-04-11 04:34:30 [INFO] Peak 5GB memory:   3730 MB
2026-04-11 04:34:30 [INFO] Avg  5GB memory:   2885 MB
2026-04-11 04:34:31 [INFO] [113/364] Split [16, 9, 5, 2] | Batch: 8 | Microbatch: 4 | Microbatches: 2
2026-04-11 04:34:31 [INFO] Loading WikiText... (SEQ_LEN=64, BATCH=8)
2026-04-11 04:34:43 [INFO] [Rank 3] Loading weights...
2026-04-11 04:34:44 [INFO] [Rank 3] Weights loaded.
2026-04-11 04:34:47 [INFO] [Rank 2] Loading weights...
2026-04-11 04:34:48 [INFO] [Rank 2] Weights loaded.
2026-04-11 04:34:53 [INFO] [Rank 1] Loading weights...
2026-04-11 04:34:54 [INFO] [Rank 1] Weights loaded.
2026-04-11 04:35:03 [INFO] [Rank 0] Loading weights...
2026-04-11 04:35:05 [INFO] [Rank 0] Weights loaded.
2026-04-11 04:36:05 [INFO] [Rank 1] Finished. Latency: 59450 ms
2026-04-11 04:36:05 [INFO] [Rank 0] Finished. Latency: 59450 ms
2026-04-11 04:36:05 [INFO] [Rank 2] Finished. Latency: 59450 ms
2026-04-11 04:36:05 [INFO] [Rank 3] Finished. Latency: 59455 ms
2026-04-11 04:36:09 [INFO] Total latency:     59450 ms
2026-04-11 04:36:09 [INFO] Peak 5GB memory:   1632 MB
2026-04-11 04:36:09 [INFO] Avg  5GB memory:   1156 MB
2026-04-11 04:36:09 [INFO] [114/364] Split [16, 9, 5, 2] | Batch: 8 | Microbatch: 2 | Microbatches: 4
2026-04-11 04:36:09 [INFO] Loading WikiText... (SEQ_LEN=64, BATCH=8)
2026-04-11 04:36:21 [INFO] [Rank 3] Loading weights...
2026-04-11 04:36:22 [INFO] [Rank 3] Weights loaded.
2026-04-11 04:36:25 [INFO] [Rank 2] Loading weights...
2026-04-11 04:36:26 [INFO] [Rank 2] Weights loaded.
2026-04-11 04:36:30 [INFO] [Rank 1] Loading weights...
2026-04-11 04:36:32 [INFO] [Rank 1] Weights loaded.
2026-04-11 04:36:41 [INFO] [Rank 0] Loading weights...
2026-04-11 04:36:43 [INFO] [Rank 0] Weights loaded.
2026-04-11 04:38:36 [INFO] [Rank 2] Finished. Latency: 112186 ms
2026-04-11 04:38:36 [INFO] [Rank 1] Finished. Latency: 112186 ms
2026-04-11 04:38:36 [INFO] [Rank 0] Finished. Latency: 112186 ms
2026-04-11 04:38:36 [INFO] [Rank 3] Finished. Latency: 112191 ms
2026-04-11 04:38:39 [INFO] Total latency:     112186 ms
2026-04-11 04:38:39 [INFO] Peak 5GB memory:   1382 MB
2026-04-11 04:38:39 [INFO] Avg  5GB memory:   1196 MB
2026-04-11 04:38:39 [INFO] [115/364] Split [16, 9, 5, 2] | Batch: 16 | Microbatch: 8 | Microbatches: 2
2026-04-11 04:38:39 [INFO] Loading WikiText... (SEQ_LEN=64, BATCH=16)
2026-04-11 04:38:51 [INFO] [Rank 3] Loading weights...
2026-04-11 04:38:52 [INFO] [Rank 3] Weights loaded.
2026-04-11 04:38:55 [INFO] [Rank 2] Loading weights...
2026-04-11 04:38:56 [INFO] [Rank 2] Weights loaded.
2026-04-11 04:39:01 [INFO] [Rank 1] Loading weights...
2026-04-11 04:39:02 [INFO] [Rank 1] Weights loaded.
2026-04-11 04:39:11 [INFO] [Rank 0] Loading weights...
2026-04-11 04:39:13 [INFO] [Rank 0] Weights loaded.
2026-04-11 04:40:20 [INFO] [Rank 2] Finished. Latency: 66630 ms
2026-04-11 04:40:20 [INFO] [Rank 1] Finished. Latency: 66630 ms
2026-04-11 04:40:20 [INFO] [Rank 0] Finished. Latency: 66630 ms
2026-04-11 04:40:20 [INFO] [Rank 3] Finished. Latency: 66637 ms
2026-04-11 04:40:24 [INFO] Total latency:     66630 ms
2026-04-11 04:40:24 [INFO] Peak 5GB memory:   3798 MB
2026-04-11 04:40:24 [INFO] Avg  5GB memory:   1751 MB
2026-04-11 04:40:24 [INFO] [116/364] Split [16, 9, 5, 2] | Batch: 16 | Microbatch: 4 | Microbatches: 4
2026-04-11 04:40:24 [INFO] Loading WikiText... (SEQ_LEN=64, BATCH=16)
2026-04-11 04:40:36 [INFO] [Rank 3] Loading weights...
2026-04-11 04:40:37 [INFO] [Rank 3] Weights loaded.
2026-04-11 04:40:40 [INFO] [Rank 2] Loading weights...
2026-04-11 04:40:40 [INFO] [Rank 2] Weights loaded.
2026-04-11 04:40:45 [INFO] [Rank 1] Loading weights...
2026-04-11 04:40:47 [INFO] [Rank 1] Weights loaded.
2026-04-11 04:40:56 [INFO] [Rank 0] Loading weights...
2026-04-11 04:40:58 [INFO] [Rank 0] Weights loaded.
2026-04-11 04:42:56 [INFO] [Rank 2] Finished. Latency: 117571 ms
2026-04-11 04:42:56 [INFO] [Rank 1] Finished. Latency: 117571 ms
2026-04-11 04:42:56 [INFO] [Rank 0] Finished. Latency: 117571 ms
2026-04-11 04:42:56 [INFO] [Rank 3] Finished. Latency: 117577 ms
2026-04-11 04:43:00 [INFO] Total latency:     117571 ms
2026-04-11 04:43:00 [INFO] Peak 5GB memory:   1830 MB
2026-04-11 04:43:00 [INFO] Avg  5GB memory:   1335 MB
2026-04-11 04:43:00 [INFO] [117/364] Split [16, 9, 5, 2] | Batch: 16 | Microbatch: 2 | Microbatches: 8
2026-04-11 04:43:00 [INFO] Loading WikiText... (SEQ_LEN=64, BATCH=16)
2026-04-11 04:43:12 [INFO] [Rank 3] Loading weights...
2026-04-11 04:43:12 [INFO] [Rank 3] Weights loaded.
2026-04-11 04:43:15 [INFO] [Rank 2] Loading weights...
2026-04-11 04:43:16 [INFO] [Rank 2] Weights loaded.
2026-04-11 04:43:21 [INFO] [Rank 1] Loading weights...
2026-04-11 04:43:22 [INFO] [Rank 1] Weights loaded.
2026-04-11 04:43:32 [INFO] [Rank 0] Loading weights...
2026-04-11 04:43:34 [INFO] [Rank 0] Weights loaded.
2026-04-11 04:47:18 [INFO] [Rank 2] Finished. Latency: 223674 ms
2026-04-11 04:47:18 [INFO] [Rank 1] Finished. Latency: 223674 ms
2026-04-11 04:47:18 [INFO] [Rank 0] Finished. Latency: 223674 ms
2026-04-11 04:47:18 [INFO] [Rank 3] Finished. Latency: 223678 ms
2026-04-11 04:47:21 [INFO] Total latency:     223674 ms
2026-04-11 04:47:21 [INFO] Peak 5GB memory:   1632 MB
2026-04-11 04:47:21 [INFO] Avg  5GB memory:   1348 MB
2026-04-11 04:47:21 [INFO] [118/364] Split [16, 9, 5, 2] | Batch: 32 | Microbatch: 16 | Microbatches: 2
2026-04-11 04:47:21 [INFO] Loading WikiText... (SEQ_LEN=64, BATCH=32)
2026-04-11 04:47:34 [INFO] [Rank 3] Loading weights...
2026-04-11 04:47:35 [INFO] [Rank 3] Weights loaded.
2026-04-11 04:47:38 [INFO] [Rank 2] Loading weights...
2026-04-11 04:47:39 [INFO] [Rank 2] Weights loaded.
2026-04-11 04:47:44 [INFO] [Rank 1] Loading weights...
2026-04-11 04:47:45 [INFO] [Rank 1] Weights loaded.
2026-04-11 04:47:54 [INFO] [Rank 0] Loading weights...
2026-04-11 04:47:56 [INFO] [Rank 0] Weights loaded.
2026-04-11 04:49:21 [INFO] [Rank 2] Finished. Latency: 84604 ms
2026-04-11 04:49:21 [INFO] [Rank 1] Finished. Latency: 84604 ms
2026-04-11 04:49:21 [INFO] [Rank 0] Finished. Latency: 84604 ms
2026-04-11 04:49:21 [INFO] [Rank 3] Finished. Latency: 84614 ms
2026-04-11 04:49:25 [INFO] Total latency:     84604 ms
2026-04-11 04:49:25 [INFO] Peak 5GB memory:   4864 MB
2026-04-11 04:49:25 [INFO] Avg  5GB memory:   2252 MB
2026-04-11 04:49:25 [INFO] [119/364] Split [16, 9, 5, 2] | Batch: 32 | Microbatch: 8 | Microbatches: 4
2026-04-11 04:49:25 [INFO] Loading WikiText... (SEQ_LEN=64, BATCH=32)
2026-04-11 04:49:27 [WARNING] '('Connection broken: IncompleteRead(0 bytes read, 65536 more expected)', IncompleteRead(0 bytes read, 65536 more expected))' thrown while requesting GET https://huggingface.co/datasets/wikitext/resolve/b08601e04326c79dfdd32d625aee71d232d685c3/wikitext-2-raw-v1/test-00000-of-00001.parquet
2026-04-11 04:49:27 [WARNING] Retrying in 1s [Retry 1/5].
2026-04-11 04:49:39 [INFO] [Rank 3] Loading weights...
2026-04-11 04:49:40 [INFO] [Rank 3] Weights loaded.
2026-04-11 04:49:43 [INFO] [Rank 2] Loading weights...
2026-04-11 04:49:44 [INFO] [Rank 2] Weights loaded.
2026-04-11 04:49:48 [INFO] [Rank 1] Loading weights...
2026-04-11 04:49:50 [INFO] [Rank 1] Weights loaded.
2026-04-11 04:49:59 [INFO] [Rank 0] Loading weights...
2026-04-11 04:50:01 [INFO] [Rank 0] Weights loaded.
2026-04-11 04:52:14 [INFO] [Rank 1] Finished. Latency: 132534 ms
2026-04-11 04:52:14 [INFO] [Rank 2] Finished. Latency: 132534 ms
2026-04-11 04:52:14 [INFO] [Rank 0] Finished. Latency: 132534 ms
2026-04-11 04:52:14 [INFO] [Rank 3] Finished. Latency: 132541 ms
2026-04-11 04:52:18 [INFO] Total latency:     132534 ms
2026-04-11 04:52:18 [INFO] Peak 5GB memory:   4400 MB
2026-04-11 04:52:18 [INFO] Avg  5GB memory:   2088 MB
2026-04-11 04:52:18 [INFO] [120/364] Split [16, 9, 5, 2] | Batch: 32 | Microbatch: 4 | Microbatches: 8
2026-04-11 04:52:18 [INFO] Loading WikiText... (SEQ_LEN=64, BATCH=32)
2026-04-11 04:52:30 [INFO] [Rank 3] Loading weights...
2026-04-11 04:52:31 [INFO] [Rank 3] Weights loaded.
2026-04-11 04:52:34 [INFO] [Rank 2] Loading weights...
2026-04-11 04:52:35 [INFO] [Rank 2] Weights loaded.
2026-04-11 04:52:39 [INFO] [Rank 1] Loading weights...
2026-04-11 04:52:41 [INFO] [Rank 1] Weights loaded.
2026-04-11 04:52:50 [INFO] [Rank 0] Loading weights...
2026-04-11 04:52:52 [INFO] [Rank 0] Weights loaded.
2026-04-11 04:56:47 [INFO] [Rank 2] Finished. Latency: 234757 ms
2026-04-11 04:56:47 [INFO] [Rank 1] Finished. Latency: 234757 ms
2026-04-11 04:56:47 [INFO] [Rank 0] Finished. Latency: 234757 ms
2026-04-11 04:56:47 [INFO] [Rank 3] Finished. Latency: 234762 ms
2026-04-11 04:56:51 [INFO] Total latency:     234757 ms
2026-04-11 04:56:51 [INFO] Peak 5GB memory:   2490 MB
2026-04-11 04:56:51 [INFO] Avg  5GB memory:   1655 MB
2026-04-11 04:56:51 [INFO] [121/364] Split [16, 9, 5, 2] | Batch: 32 | Microbatch: 2 | Microbatches: 16
2026-04-11 04:56:51 [INFO] Loading WikiText... (SEQ_LEN=64, BATCH=32)
2026-04-11 04:57:03 [INFO] [Rank 3] Loading weights...
2026-04-11 04:57:04 [INFO] [Rank 3] Weights loaded.
2026-04-11 04:57:07 [INFO] [Rank 2] Loading weights...
2026-04-11 04:57:08 [INFO] [Rank 2] Weights loaded.
2026-04-11 04:57:13 [INFO] [Rank 1] Loading weights...
2026-04-11 04:57:14 [INFO] [Rank 1] Weights loaded.
2026-04-11 04:57:23 [INFO] [Rank 0] Loading weights...
2026-04-11 04:57:25 [INFO] [Rank 0] Weights loaded.
2026-04-11 05:04:50 [INFO] [Rank 2] Finished. Latency: 444792 ms
2026-04-11 05:04:50 [INFO] [Rank 1] Finished. Latency: 444792 ms
2026-04-11 05:04:50 [INFO] [Rank 0] Finished. Latency: 444792 ms
2026-04-11 05:04:50 [INFO] [Rank 3] Finished. Latency: 444796 ms
2026-04-11 05:04:54 [INFO] Total latency:     444792 ms
2026-04-11 05:04:54 [INFO] Peak 5GB memory:   1920 MB
2026-04-11 05:04:54 [INFO] Avg  5GB memory:   1601 MB
2026-04-11 05:04:54 [INFO] [122/364] Split [16, 9, 5, 2] | Batch: 64 | Microbatch: 32 | Microbatches: 2
2026-04-11 05:04:54 [INFO] Loading WikiText... (SEQ_LEN=64, BATCH=64)
2026-04-11 05:04:56 [WARNING] '('Connection broken: IncompleteRead(0 bytes read, 65536 more expected)', IncompleteRead(0 bytes read, 65536 more expected))' thrown while requesting GET https://huggingface.co/datasets/wikitext/resolve/b08601e04326c79dfdd32d625aee71d232d685c3/wikitext-2-raw-v1/test-00000-of-00001.parquet
2026-04-11 05:04:56 [WARNING] Retrying in 1s [Retry 1/5].
2026-04-11 05:05:09 [INFO] [Rank 3] Loading weights...
2026-04-11 05:05:10 [INFO] [Rank 3] Weights loaded.
2026-04-11 05:05:13 [INFO] [Rank 2] Loading weights...
2026-04-11 05:05:14 [INFO] [Rank 2] Weights loaded.
2026-04-11 05:05:19 [INFO] [Rank 1] Loading weights...
2026-04-11 05:05:20 [INFO] [Rank 1] Weights loaded.
2026-04-11 05:05:29 [INFO] [Rank 0] Loading weights...
2026-04-11 05:05:31 [INFO] [Rank 0] Weights loaded.
2026-04-11 05:07:21 [ERROR] [Rank 2] OOM
2026-04-11 05:07:21 [ERROR] [Rank 3] Unexpected exception:
Traceback (most recent call last):
  File "/home/anurag_dutt/scripts/benchmark_pipeline_microbatching.py", line 545, in run_pipeline
    decode_recv_handles[mb_idx].wait()
  File "/home/anurag_dutt/scripts/mig_transport_pipeline_non_blocking.py", line 121, in wait
    _ORIGINAL_SEND(
  File "/home/anurag_dutt/scripts/mig_env/lib/python3.10/site-packages/torch/distributed/c10d_logger.py", line 81, in wrapper
    return func(*args, **kwargs)
  File "/home/anurag_dutt/scripts/mig_env/lib/python3.10/site-packages/torch/distributed/distributed_c10d.py", line 2496, in send
    work.wait()
RuntimeError: [/pytorch/third_party/gloo/gloo/transport/tcp/pair.cc:547] Connection closed by peer [10.128.0.8]:38092

2026-04-11 05:07:21 [ERROR] [Rank 0] Unexpected exception:
Traceback (most recent call last):
  File "/home/anurag_dutt/scripts/benchmark_pipeline_microbatching.py", line 576, in run_pipeline
    dist.recv(next_tokens, src=world_size - 1, tag=tok_tag)
  File "/home/anurag_dutt/scripts/mig_transport_pipeline_non_blocking.py", line 407, in patched_recv
    return _MIG_PIPE_ENGINE.recv(tensor, src, group=group, tag=tag)
  File "/home/anurag_dutt/scripts/mig_transport_pipeline_non_blocking.py", line 281, in recv
    _ORIGINAL_RECV(handshake, src=src, group=group, tag=tag)
  File "/home/anurag_dutt/scripts/mig_env/lib/python3.10/site-packages/torch/distributed/c10d_logger.py", line 81, in wrapper
    return func(*args, **kwargs)
  File "/home/anurag_dutt/scripts/mig_env/lib/python3.10/site-packages/torch/distributed/distributed_c10d.py", line 2529, in recv
    work.wait()
RuntimeError: [/pytorch/third_party/gloo/gloo/transport/tcp/pair.cc:547] Connection closed by peer [10.128.0.8]:9646

2026-04-11 05:07:21 [ERROR] [Rank 1] Unexpected exception:
Traceback (most recent call last):
  File "/home/anurag_dutt/scripts/benchmark_pipeline_microbatching.py", line 545, in run_pipeline
    decode_recv_handles[mb_idx].wait()
  File "/home/anurag_dutt/scripts/mig_transport_pipeline_non_blocking.py", line 113, in wait
    self._dist_handle.wait()
RuntimeError: [/pytorch/third_party/gloo/gloo/transport/tcp/pair.cc:547] Connection closed by peer [10.128.0.8]:13459

2026-04-11 05:07:24 [WARNING] OOM on Rank 2 — skipping.
2026-04-11 05:07:24 [INFO] [123/364] Split [16, 9, 5, 2] | Batch: 64 | Microbatch: 16 | Microbatches: 4
2026-04-11 05:07:24 [INFO] Loading WikiText... (SEQ_LEN=64, BATCH=64)
2026-04-11 05:07:26 [WARNING] '('Connection broken: IncompleteRead(0 bytes read, 65536 more expected)', IncompleteRead(0 bytes read, 65536 more expected))' thrown while requesting GET https://huggingface.co/datasets/wikitext/resolve/b08601e04326c79dfdd32d625aee71d232d685c3/wikitext-2-raw-v1/test-00000-of-00001.parquet
2026-04-11 05:07:26 [WARNING] Retrying in 1s [Retry 1/5].
2026-04-11 05:07:39 [INFO] [Rank 3] Loading weights...
2026-04-11 05:07:40 [INFO] [Rank 3] Weights loaded.
2026-04-11 05:07:43 [INFO] [Rank 2] Loading weights...
2026-04-11 05:07:43 [INFO] [Rank 2] Weights loaded.
2026-04-11 05:07:49 [INFO] [Rank 1] Loading weights...
2026-04-11 05:07:50 [INFO] [Rank 1] Weights loaded.
2026-04-11 05:07:59 [INFO] [Rank 0] Loading weights...
2026-04-11 05:08:01 [INFO] [Rank 0] Weights loaded.
2026-04-11 05:10:32 [ERROR] [Rank 2] OOM
2026-04-11 05:10:32 [ERROR] [Rank 1] Unexpected exception:
Traceback (most recent call last):
  File "/home/anurag_dutt/scripts/benchmark_pipeline_microbatching.py", line 568, in run_pipeline
    h.wait()
  File "/home/anurag_dutt/scripts/mig_transport_pipeline_non_blocking.py", line 79, in wait
    _ORIGINAL_RECV(
  File "/home/anurag_dutt/scripts/mig_env/lib/python3.10/site-packages/torch/distributed/c10d_logger.py", line 81, in wrapper
    return func(*args, **kwargs)
  File "/home/anurag_dutt/scripts/mig_env/lib/python3.10/site-packages/torch/distributed/distributed_c10d.py", line 2529, in recv
    work.wait()
RuntimeError: [/pytorch/third_party/gloo/gloo/transport/tcp/pair.cc:547] Connection closed by peer [10.128.0.8]:43689

2026-04-11 05:10:32 [ERROR] [Rank 3] Unexpected exception:
Traceback (most recent call last):
  File "/home/anurag_dutt/scripts/benchmark_pipeline_microbatching.py", line 545, in run_pipeline
    decode_recv_handles[mb_idx].wait()
  File "/home/anurag_dutt/scripts/mig_transport_pipeline_non_blocking.py", line 121, in wait
    _ORIGINAL_SEND(
  File "/home/anurag_dutt/scripts/mig_env/lib/python3.10/site-packages/torch/distributed/c10d_logger.py", line 81, in wrapper
    return func(*args, **kwargs)
  File "/home/anurag_dutt/scripts/mig_env/lib/python3.10/site-packages/torch/distributed/distributed_c10d.py", line 2496, in send
    work.wait()
RuntimeError: [/pytorch/third_party/gloo/gloo/transport/tcp/pair.cc:547] Connection closed by peer [10.128.0.8]:47019

2026-04-11 05:10:32 [ERROR] [Rank 0] Unexpected exception:
Traceback (most recent call last):
  File "/home/anurag_dutt/scripts/benchmark_pipeline_microbatching.py", line 576, in run_pipeline
    dist.recv(next_tokens, src=world_size - 1, tag=tok_tag)
  File "/home/anurag_dutt/scripts/mig_transport_pipeline_non_blocking.py", line 407, in patched_recv
    return _MIG_PIPE_ENGINE.recv(tensor, src, group=group, tag=tag)
  File "/home/anurag_dutt/scripts/mig_transport_pipeline_non_blocking.py", line 281, in recv
    _ORIGINAL_RECV(handshake, src=src, group=group, tag=tag)
  File "/home/anurag_dutt/scripts/mig_env/lib/python3.10/site-packages/torch/distributed/c10d_logger.py", line 81, in wrapper
    return func(*args, **kwargs)
  File "/home/anurag_dutt/scripts/mig_env/lib/python3.10/site-packages/torch/distributed/distributed_c10d.py", line 2529, in recv
    work.wait()
RuntimeError: [/pytorch/third_party/gloo/gloo/transport/tcp/pair.cc:547] Connection closed by peer [10.128.0.8]:56202

2026-04-11 05:10:36 [WARNING] OOM on Rank 2 — skipping.
2026-04-11 05:10:36 [INFO] [124/364] Split [16, 9, 5, 2] | Batch: 64 | Microbatch: 8 | Microbatches: 8
2026-04-11 05:10:36 [INFO] Loading WikiText... (SEQ_LEN=64, BATCH=64)
2026-04-11 05:10:48 [INFO] [Rank 3] Loading weights...
2026-04-11 05:10:49 [INFO] [Rank 3] Weights loaded.
2026-04-11 05:10:51 [INFO] [Rank 2] Loading weights...
2026-04-11 05:10:52 [INFO] [Rank 2] Weights loaded.
2026-04-11 05:10:57 [INFO] [Rank 1] Loading weights...
2026-04-11 05:10:59 [INFO] [Rank 1] Weights loaded.
2026-04-11 05:11:08 [INFO] [Rank 0] Loading weights...
2026-04-11 05:11:10 [INFO] [Rank 0] Weights loaded.
2026-04-11 05:14:58 [ERROR] [Rank 2] OOM
2026-04-11 05:14:58 [ERROR] [Rank 3] Unexpected exception:
Traceback (most recent call last):
  File "/home/anurag_dutt/scripts/benchmark_pipeline_microbatching.py", line 545, in run_pipeline
    decode_recv_handles[mb_idx].wait()
  File "/home/anurag_dutt/scripts/mig_transport_pipeline_non_blocking.py", line 121, in wait
    _ORIGINAL_SEND(
  File "/home/anurag_dutt/scripts/mig_env/lib/python3.10/site-packages/torch/distributed/c10d_logger.py", line 81, in wrapper
    return func(*args, **kwargs)
  File "/home/anurag_dutt/scripts/mig_env/lib/python3.10/site-packages/torch/distributed/distributed_c10d.py", line 2496, in send
    work.wait()
RuntimeError: [/pytorch/third_party/gloo/gloo/transport/tcp/pair.cc:547] Connection closed by peer [10.128.0.8]:55186

2026-04-11 05:14:58 [ERROR] [Rank 0] Unexpected exception:
Traceback (most recent call last):
  File "/home/anurag_dutt/scripts/benchmark_pipeline_microbatching.py", line 576, in run_pipeline
    dist.recv(next_tokens, src=world_size - 1, tag=tok_tag)
  File "/home/anurag_dutt/scripts/mig_transport_pipeline_non_blocking.py", line 407, in patched_recv
    return _MIG_PIPE_ENGINE.recv(tensor, src, group=group, tag=tag)
  File "/home/anurag_dutt/scripts/mig_transport_pipeline_non_blocking.py", line 281, in recv
    _ORIGINAL_RECV(handshake, src=src, group=group, tag=tag)
  File "/home/anurag_dutt/scripts/mig_env/lib/python3.10/site-packages/torch/distributed/c10d_logger.py", line 81, in wrapper
    return func(*args, **kwargs)
  File "/home/anurag_dutt/scripts/mig_env/lib/python3.10/site-packages/torch/distributed/distributed_c10d.py", line 2529, in recv
    work.wait()
RuntimeError: [/pytorch/third_party/gloo/gloo/transport/tcp/pair.cc:547] Connection closed by peer [10.128.0.8]:10896

2026-04-11 05:14:58 [ERROR] [Rank 1] Unexpected exception:
Traceback (most recent call last):
  File "/home/anurag_dutt/scripts/benchmark_pipeline_microbatching.py", line 545, in run_pipeline
    decode_recv_handles[mb_idx].wait()
  File "/home/anurag_dutt/scripts/mig_transport_pipeline_non_blocking.py", line 113, in wait
    self._dist_handle.wait()
RuntimeError: [/pytorch/third_party/gloo/gloo/transport/tcp/pair.cc:547] Connection closed by peer [10.128.0.8]:8097

2026-04-11 05:15:02 [WARNING] OOM on Rank 2 — skipping.
2026-04-11 05:15:02 [INFO] [125/364] Split [16, 9, 5, 2] | Batch: 64 | Microbatch: 4 | Microbatches: 16
2026-04-11 05:15:02 [INFO] Loading WikiText... (SEQ_LEN=64, BATCH=64)
2026-04-11 05:15:14 [INFO] [Rank 3] Loading weights...
2026-04-11 05:15:15 [INFO] [Rank 3] Weights loaded.
2026-04-11 05:15:18 [INFO] [Rank 2] Loading weights...
2026-04-11 05:15:19 [INFO] [Rank 2] Weights loaded.
2026-04-11 05:15:23 [INFO] [Rank 1] Loading weights...
2026-04-11 05:15:25 [INFO] [Rank 1] Weights loaded.
2026-04-11 05:15:34 [INFO] [Rank 0] Loading weights...
2026-04-11 05:15:36 [INFO] [Rank 0] Weights loaded.
2026-04-11 05:21:22 [ERROR] [Rank 2] OOM
2026-04-11 05:21:22 [ERROR] [Rank 1] Unexpected exception:
Traceback (most recent call last):
  File "/home/anurag_dutt/scripts/benchmark_pipeline_microbatching.py", line 568, in run_pipeline
    h.wait()
  File "/home/anurag_dutt/scripts/mig_transport_pipeline_non_blocking.py", line 79, in wait
    _ORIGINAL_RECV(
  File "/home/anurag_dutt/scripts/mig_env/lib/python3.10/site-packages/torch/distributed/c10d_logger.py", line 81, in wrapper
    return func(*args, **kwargs)
  File "/home/anurag_dutt/scripts/mig_env/lib/python3.10/site-packages/torch/distributed/distributed_c10d.py", line 2529, in recv
    work.wait()
RuntimeError: [/pytorch/third_party/gloo/gloo/transport/tcp/pair.cc:547] Connection closed by peer [10.128.0.8]:32444

2026-04-11 05:21:22 [ERROR] [Rank 3] Unexpected exception:
Traceback (most recent call last):
  File "/home/anurag_dutt/scripts/benchmark_pipeline_microbatching.py", line 545, in run_pipeline
    decode_recv_handles[mb_idx].wait()
  File "/home/anurag_dutt/scripts/mig_transport_pipeline_non_blocking.py", line 113, in wait
    self._dist_handle.wait()
RuntimeError: [/pytorch/third_party/gloo/gloo/transport/tcp/pair.cc:547] Connection closed by peer [10.128.0.8]:20640

2026-04-11 05:21:22 [ERROR] [Rank 0] Unexpected exception:
Traceback (most recent call last):
  File "/home/anurag_dutt/scripts/benchmark_pipeline_microbatching.py", line 576, in run_pipeline
    dist.recv(next_tokens, src=world_size - 1, tag=tok_tag)
  File "/home/anurag_dutt/scripts/mig_transport_pipeline_non_blocking.py", line 407, in patched_recv
    return _MIG_PIPE_ENGINE.recv(tensor, src, group=group, tag=tag)
  File "/home/anurag_dutt/scripts/mig_transport_pipeline_non_blocking.py", line 281, in recv
    _ORIGINAL_RECV(handshake, src=src, group=group, tag=tag)
  File "/home/anurag_dutt/scripts/mig_env/lib/python3.10/site-packages/torch/distributed/c10d_logger.py", line 81, in wrapper
    return func(*args, **kwargs)
  File "/home/anurag_dutt/scripts/mig_env/lib/python3.10/site-packages/torch/distributed/distributed_c10d.py", line 2529, in recv
    work.wait()
RuntimeError: [/pytorch/third_party/gloo/gloo/transport/tcp/pair.cc:547] Connection closed by peer [10.128.0.8]:29087

2026-04-11 05:21:26 [WARNING] OOM on Rank 2 — skipping.
2026-04-11 05:21:26 [INFO] [126/364] Split [16, 9, 5, 2] | Batch: 64 | Microbatch: 2 | Microbatches: 32
2026-04-11 05:21:26 [INFO] Loading WikiText... (SEQ_LEN=64, BATCH=64)
2026-04-11 05:21:39 [INFO] [Rank 3] Loading weights...
2026-04-11 05:21:40 [INFO] [Rank 3] Weights loaded.
2026-04-11 05:21:43 [INFO] [Rank 2] Loading weights...
2026-04-11 05:21:43 [INFO] [Rank 2] Weights loaded.
2026-04-11 05:21:48 [INFO] [Rank 1] Loading weights...
2026-04-11 05:21:49 [INFO] [Rank 1] Weights loaded.
2026-04-11 05:21:59 [INFO] [Rank 0] Loading weights...
2026-04-11 05:22:01 [INFO] [Rank 0] Weights loaded.
2026-04-11 05:32:25 [ERROR] [Rank 2] OOM
2026-04-11 05:32:25 [ERROR] [Rank 1] Unexpected exception:
Traceback (most recent call last):
  File "/home/anurag_dutt/scripts/benchmark_pipeline_microbatching.py", line 568, in run_pipeline
    h.wait()
  File "/home/anurag_dutt/scripts/mig_transport_pipeline_non_blocking.py", line 79, in wait
    _ORIGINAL_RECV(
  File "/home/anurag_dutt/scripts/mig_env/lib/python3.10/site-packages/torch/distributed/c10d_logger.py", line 81, in wrapper
    return func(*args, **kwargs)
  File "/home/anurag_dutt/scripts/mig_env/lib/python3.10/site-packages/torch/distributed/distributed_c10d.py", line 2529, in recv
    work.wait()
RuntimeError: [/pytorch/third_party/gloo/gloo/transport/tcp/pair.cc:547] Connection closed by peer [10.128.0.8]:10457

2026-04-11 05:32:25 [ERROR] [Rank 3] Unexpected exception:
Traceback (most recent call last):
  File "/home/anurag_dutt/scripts/benchmark_pipeline_microbatching.py", line 545, in run_pipeline
    decode_recv_handles[mb_idx].wait()
  File "/home/anurag_dutt/scripts/mig_transport_pipeline_non_blocking.py", line 121, in wait
    _ORIGINAL_SEND(
  File "/home/anurag_dutt/scripts/mig_env/lib/python3.10/site-packages/torch/distributed/c10d_logger.py", line 81, in wrapper
    return func(*args, **kwargs)
  File "/home/anurag_dutt/scripts/mig_env/lib/python3.10/site-packages/torch/distributed/distributed_c10d.py", line 2496, in send
    work.wait()
RuntimeError: [/pytorch/third_party/gloo/gloo/transport/tcp/pair.cc:547] Connection closed by peer [10.128.0.8]:36530

2026-04-11 05:32:25 [ERROR] [Rank 0] Unexpected exception:
Traceback (most recent call last):
  File "/home/anurag_dutt/scripts/benchmark_pipeline_microbatching.py", line 576, in run_pipeline
    dist.recv(next_tokens, src=world_size - 1, tag=tok_tag)
  File "/home/anurag_dutt/scripts/mig_transport_pipeline_non_blocking.py", line 407, in patched_recv
    return _MIG_PIPE_ENGINE.recv(tensor, src, group=group, tag=tag)
  File "/home/anurag_dutt/scripts/mig_transport_pipeline_non_blocking.py", line 281, in recv
    _ORIGINAL_RECV(handshake, src=src, group=group, tag=tag)
  File "/home/anurag_dutt/scripts/mig_env/lib/python3.10/site-packages/torch/distributed/c10d_logger.py", line 81, in wrapper
    return func(*args, **kwargs)
  File "/home/anurag_dutt/scripts/mig_env/lib/python3.10/site-packages/torch/distributed/distributed_c10d.py", line 2529, in recv
    work.wait()
RuntimeError: [/pytorch/third_party/gloo/gloo/transport/tcp/pair.cc:547] Connection closed by peer [10.128.0.8]:19328

2026-04-11 05:32:29 [WARNING] OOM on Rank 2 — skipping.
2026-04-11 05:32:29 [INFO] [127/364] Split [17, 6, 5, 4] | Batch: 8 | Microbatch: 4 | Microbatches: 2
2026-04-11 05:32:29 [INFO] Loading WikiText... (SEQ_LEN=64, BATCH=8)
2026-04-11 05:32:44 [INFO] [Rank 3] Loading weights...
2026-04-11 05:32:45 [INFO] [Rank 2] Loading weights...
2026-04-11 05:32:45 [INFO] [Rank 3] Weights loaded.
2026-04-11 05:32:45 [INFO] [Rank 2] Weights loaded.
2026-04-11 05:32:46 [INFO] [Rank 1] Loading weights...
2026-04-11 05:32:47 [INFO] [Rank 1] Weights loaded.
2026-04-11 05:33:02 [INFO] [Rank 0] Loading weights...
2026-04-11 05:33:05 [INFO] [Rank 0] Weights loaded.
2026-04-11 05:34:06 [INFO] [Rank 2] Finished. Latency: 61683 ms
2026-04-11 05:34:06 [INFO] [Rank 0] Finished. Latency: 61683 ms
2026-04-11 05:34:06 [INFO] [Rank 1] Finished. Latency: 61683 ms
2026-04-11 05:34:06 [INFO] [Rank 3] Finished. Latency: 61693 ms
2026-04-11 05:34:10 [INFO] Total latency:     61683 ms
2026-04-11 05:34:10 [INFO] Peak 5GB memory:   2602 MB
2026-04-11 05:34:10 [INFO] Avg  5GB memory:   1925 MB
2026-04-11 05:34:10 [INFO] [128/364] Split [17, 6, 5, 4] | Batch: 8 | Microbatch: 2 | Microbatches: 4
2026-04-11 05:34:10 [INFO] Loading WikiText... (SEQ_LEN=64, BATCH=8)
2026-04-11 05:34:25 [INFO] [Rank 3] Loading weights...
2026-04-11 05:34:26 [INFO] [Rank 2] Loading weights...
2026-04-11 05:34:26 [INFO] [Rank 3] Weights loaded.
2026-04-11 05:34:27 [INFO] [Rank 2] Weights loaded.
2026-04-11 05:34:27 [INFO] [Rank 1] Loading weights...
2026-04-11 05:34:28 [INFO] [Rank 1] Weights loaded.
2026-04-11 05:34:44 [INFO] [Rank 0] Loading weights...
2026-04-11 05:34:46 [INFO] [Rank 0] Weights loaded.
2026-04-11 05:36:43 [INFO] [Rank 2] Finished. Latency: 116642 ms
2026-04-11 05:36:43 [INFO] [Rank 1] Finished. Latency: 116642 ms
2026-04-11 05:36:43 [INFO] [Rank 0] Finished. Latency: 116642 ms
2026-04-11 05:36:43 [INFO] [Rank 3] Finished. Latency: 116650 ms
2026-04-11 05:36:46 [INFO] Total latency:     116642 ms
2026-04-11 05:36:46 [INFO] Peak 5GB memory:   2326 MB
2026-04-11 05:36:46 [INFO] Avg  5GB memory:   1989 MB
2026-04-11 05:36:46 [INFO] [129/364] Split [17, 6, 5, 4] | Batch: 16 | Microbatch: 8 | Microbatches: 2
2026-04-11 05:36:46 [INFO] Loading WikiText... (SEQ_LEN=64, BATCH=16)
2026-04-11 05:37:02 [INFO] [Rank 3] Loading weights...
2026-04-11 05:37:02 [INFO] [Rank 2] Loading weights...
2026-04-11 05:37:03 [INFO] [Rank 3] Weights loaded.
2026-04-11 05:37:03 [INFO] [Rank 2] Weights loaded.
2026-04-11 05:37:04 [INFO] [Rank 1] Loading weights...
2026-04-11 05:37:05 [INFO] [Rank 1] Weights loaded.
2026-04-11 05:37:20 [INFO] [Rank 0] Loading weights...
2026-04-11 05:37:22 [INFO] [Rank 0] Weights loaded.
2026-04-11 05:38:32 [INFO] [Rank 2] Finished. Latency: 69226 ms
2026-04-11 05:38:32 [INFO] [Rank 0] Finished. Latency: 69226 ms
2026-04-11 05:38:32 [INFO] [Rank 1] Finished. Latency: 69226 ms
2026-04-11 05:38:32 [INFO] [Rank 3] Finished. Latency: 69239 ms
2026-04-11 05:38:35 [INFO] Total latency:     69226 ms
2026-04-11 05:38:35 [INFO] Peak 5GB memory:   4702 MB
2026-04-11 05:38:35 [INFO] Avg  5GB memory:   2573 MB
2026-04-11 05:38:35 [INFO] [130/364] Split [17, 6, 5, 4] | Batch: 16 | Microbatch: 4 | Microbatches: 4
2026-04-11 05:38:35 [INFO] Loading WikiText... (SEQ_LEN=64, BATCH=16)
2026-04-11 05:38:37 [WARNING] '('Connection broken: IncompleteRead(0 bytes read, 65536 more expected)', IncompleteRead(0 bytes read, 65536 more expected))' thrown while requesting GET https://huggingface.co/datasets/wikitext/resolve/b08601e04326c79dfdd32d625aee71d232d685c3/wikitext-2-raw-v1/test-00000-of-00001.parquet
2026-04-11 05:38:37 [WARNING] Retrying in 1s [Retry 1/5].
2026-04-11 05:38:53 [INFO] [Rank 3] Loading weights...
2026-04-11 05:38:53 [INFO] [Rank 2] Loading weights...
2026-04-11 05:38:53 [INFO] [Rank 3] Weights loaded.
2026-04-11 05:38:54 [INFO] [Rank 2] Weights loaded.
2026-04-11 05:38:55 [INFO] [Rank 1] Loading weights...
2026-04-11 05:38:56 [INFO] [Rank 1] Weights loaded.
2026-04-11 05:39:11 [INFO] [Rank 0] Loading weights...
2026-04-11 05:39:13 [INFO] [Rank 0] Weights loaded.
2026-04-11 05:41:16 [INFO] [Rank 2] Finished. Latency: 122366 ms
2026-04-11 05:41:16 [INFO] [Rank 1] Finished. Latency: 122366 ms
2026-04-11 05:41:16 [INFO] [Rank 0] Finished. Latency: 122366 ms
2026-04-11 05:41:16 [INFO] [Rank 3] Finished. Latency: 122375 ms
2026-04-11 05:41:19 [INFO] Total latency:     122366 ms
2026-04-11 05:41:19 [INFO] Peak 5GB memory:   3202 MB
2026-04-11 05:41:19 [INFO] Avg  5GB memory:   2267 MB
2026-04-11 05:41:19 [INFO] [131/364] Split [17, 6, 5, 4] | Batch: 16 | Microbatch: 2 | Microbatches: 8
2026-04-11 05:41:19 [INFO] Loading WikiText... (SEQ_LEN=64, BATCH=16)
2026-04-11 05:41:35 [INFO] [Rank 3] Loading weights...
2026-04-11 05:41:35 [INFO] [Rank 2] Loading weights...
2026-04-11 05:41:35 [INFO] [Rank 3] Weights loaded.
2026-04-11 05:41:36 [INFO] [Rank 2] Weights loaded.
2026-04-11 05:41:37 [INFO] [Rank 1] Loading weights...
2026-04-11 05:41:38 [INFO] [Rank 1] Weights loaded.
2026-04-11 05:41:53 [INFO] [Rank 0] Loading weights...
2026-04-11 05:41:55 [INFO] [Rank 0] Weights loaded.
2026-04-11 05:45:47 [INFO] [Rank 2] Finished. Latency: 231374 ms
2026-04-11 05:45:47 [INFO] [Rank 1] Finished. Latency: 231374 ms
2026-04-11 05:45:47 [INFO] [Rank 0] Finished. Latency: 231375 ms
2026-04-11 05:45:47 [INFO] [Rank 3] Finished. Latency: 231383 ms
2026-04-11 05:45:50 [INFO] Total latency:     231375 ms
2026-04-11 05:45:50 [INFO] Peak 5GB memory:   2682 MB
2026-04-11 05:45:50 [INFO] Avg  5GB memory:   2276 MB
2026-04-11 05:45:50 [INFO] [132/364] Split [17, 6, 5, 4] | Batch: 32 | Microbatch: 16 | Microbatches: 2
2026-04-11 05:45:50 [INFO] Loading WikiText... (SEQ_LEN=64, BATCH=32)
2026-04-11 05:46:06 [INFO] [Rank 3] Loading weights...
2026-04-11 05:46:07 [INFO] [Rank 2] Loading weights...
2026-04-11 05:46:07 [INFO] [Rank 3] Weights loaded.
2026-04-11 05:46:08 [INFO] [Rank 2] Weights loaded.
2026-04-11 05:46:08 [INFO] [Rank 1] Loading weights...
2026-04-11 05:46:09 [INFO] [Rank 1] Weights loaded.
2026-04-11 05:46:25 [INFO] [Rank 0] Loading weights...
2026-04-11 05:46:27 [INFO] [Rank 0] Weights loaded.
2026-04-11 05:47:55 [INFO] [Rank 1] Finished. Latency: 87614 ms
2026-04-11 05:47:55 [INFO] [Rank 2] Finished. Latency: 87614 ms
2026-04-11 05:47:55 [INFO] [Rank 0] Finished. Latency: 87614 ms
2026-04-11 05:47:55 [INFO] [Rank 3] Finished. Latency: 87634 ms
2026-04-11 05:47:58 [INFO] Total latency:     87614 ms
2026-04-11 05:47:58 [INFO] Peak 5GB memory:   4792 MB
2026-04-11 05:47:58 [INFO] Avg  5GB memory:   2902 MB
2026-04-11 05:47:58 [INFO] [133/364] Split [17, 6, 5, 4] | Batch: 32 | Microbatch: 8 | Microbatches: 4
2026-04-11 05:47:58 [INFO] Loading WikiText... (SEQ_LEN=64, BATCH=32)
2026-04-11 05:48:14 [INFO] [Rank 3] Loading weights...
2026-04-11 05:48:14 [INFO] [Rank 2] Loading weights...
2026-04-11 05:48:15 [INFO] [Rank 3] Weights loaded.
2026-04-11 05:48:15 [INFO] [Rank 2] Weights loaded.
2026-04-11 05:48:16 [INFO] [Rank 1] Loading weights...
2026-04-11 05:48:17 [INFO] [Rank 1] Weights loaded.
2026-04-11 05:48:32 [INFO] [Rank 0] Loading weights...
2026-04-11 05:48:35 [INFO] [Rank 0] Weights loaded.
2026-04-11 05:50:52 [INFO] [Rank 1] Finished. Latency: 137699 ms
2026-04-11 05:50:52 [INFO] [Rank 2] Finished. Latency: 137698 ms
2026-04-11 05:50:52 [INFO] [Rank 0] Finished. Latency: 137699 ms
2026-04-11 05:50:52 [INFO] [Rank 3] Finished. Latency: 137711 ms
2026-04-11 05:50:56 [INFO] Total latency:     137699 ms
2026-04-11 05:50:56 [INFO] Peak 5GB memory:   4670 MB
2026-04-11 05:50:56 [INFO] Avg  5GB memory:   2949 MB
2026-04-11 05:50:56 [INFO] [134/364] Split [17, 6, 5, 4] | Batch: 32 | Microbatch: 4 | Microbatches: 8
2026-04-11 05:50:56 [INFO] Loading WikiText... (SEQ_LEN=64, BATCH=32)
2026-04-11 05:51:11 [INFO] [Rank 3] Loading weights...
2026-04-11 05:51:12 [INFO] [Rank 2] Loading weights...
2026-04-11 05:51:12 [INFO] [Rank 3] Weights loaded.
2026-04-11 05:51:13 [INFO] [Rank 2] Weights loaded.
2026-04-11 05:51:13 [INFO] [Rank 1] Loading weights...
2026-04-11 05:51:14 [INFO] [Rank 1] Weights loaded.
2026-04-11 05:51:30 [INFO] [Rank 0] Loading weights...
2026-04-11 05:51:32 [INFO] [Rank 0] Weights loaded.
2026-04-11 05:55:34 [INFO] [Rank 2] Finished. Latency: 242589 ms
2026-04-11 05:55:34 [INFO] [Rank 0] Finished. Latency: 242589 ms
2026-04-11 05:55:34 [INFO] [Rank 1] Finished. Latency: 242589 ms
2026-04-11 05:55:34 [INFO] [Rank 3] Finished. Latency: 242599 ms
2026-04-11 05:55:38 [INFO] Total latency:     242589 ms
2026-04-11 05:55:38 [INFO] Peak 5GB memory:   4542 MB
2026-04-11 05:55:38 [INFO] Avg  5GB memory:   2881 MB
2026-04-11 05:55:38 [INFO] [135/364] Split [17, 6, 5, 4] | Batch: 32 | Microbatch: 2 | Microbatches: 16
2026-04-11 05:55:38 [INFO] Loading WikiText... (SEQ_LEN=64, BATCH=32)
2026-04-11 05:55:41 [WARNING] '('Connection broken: IncompleteRead(0 bytes read, 732606 more expected)', IncompleteRead(0 bytes read, 732606 more expected))' thrown while requesting GET https://huggingface.co/datasets/wikitext/resolve/b08601e04326c79dfdd32d625aee71d232d685c3/wikitext-2-raw-v1/test-00000-of-00001.parquet
2026-04-11 05:55:41 [WARNING] Retrying in 1s [Retry 1/5].
2026-04-11 05:55:43 [WARNING] '('Connection broken: IncompleteRead(0 bytes read, 732606 more expected)', IncompleteRead(0 bytes read, 732606 more expected))' thrown while requesting GET https://huggingface.co/datasets/wikitext/resolve/b08601e04326c79dfdd32d625aee71d232d685c3/wikitext-2-raw-v1/test-00000-of-00001.parquet
2026-04-11 05:55:43 [WARNING] Retrying in 2s [Retry 2/5].
2026-04-11 05:55:59 [INFO] [Rank 3] Loading weights...
2026-04-11 05:56:00 [INFO] [Rank 2] Loading weights...
2026-04-11 05:56:00 [INFO] [Rank 3] Weights loaded.
2026-04-11 05:56:01 [INFO] [Rank 2] Weights loaded.
2026-04-11 05:56:01 [INFO] [Rank 1] Loading weights...
2026-04-11 05:56:02 [INFO] [Rank 1] Weights loaded.
2026-04-11 05:56:17 [INFO] [Rank 0] Loading weights...
2026-04-11 05:56:20 [INFO] [Rank 0] Weights loaded.
2026-04-11 06:04:03 [INFO] [Rank 1] Finished. Latency: 462837 ms
2026-04-11 06:04:03 [INFO] [Rank 2] Finished. Latency: 462837 ms
2026-04-11 06:04:03 [INFO] [Rank 0] Finished. Latency: 462837 ms
2026-04-11 06:04:03 [INFO] [Rank 3] Finished. Latency: 462845 ms
2026-04-11 06:04:06 [INFO] Total latency:     462837 ms
2026-04-11 06:04:06 [INFO] Peak 5GB memory:   3396 MB
2026-04-11 06:04:06 [INFO] Avg  5GB memory:   2772 MB
2026-04-11 06:04:06 [INFO] [136/364] Split [17, 6, 5, 4] | Batch: 64 | Microbatch: 32 | Microbatches: 2
2026-04-11 06:04:06 [INFO] Loading WikiText... (SEQ_LEN=64, BATCH=64)
2026-04-11 06:04:22 [INFO] [Rank 3] Loading weights...
2026-04-11 06:04:23 [INFO] [Rank 2] Loading weights...
2026-04-11 06:04:23 [INFO] [Rank 3] Weights loaded.
2026-04-11 06:04:24 [INFO] [Rank 2] Weights loaded.
2026-04-11 06:04:24 [INFO] [Rank 1] Loading weights...
2026-04-11 06:04:25 [INFO] [Rank 1] Weights loaded.
2026-04-11 06:04:41 [INFO] [Rank 0] Loading weights...
2026-04-11 06:04:43 [INFO] [Rank 0] Weights loaded.
2026-04-11 06:06:36 [ERROR] [Rank 2] OOM
2026-04-11 06:06:36 [ERROR] [Rank 3] Unexpected exception:
Traceback (most recent call last):
  File "/home/anurag_dutt/scripts/benchmark_pipeline_microbatching.py", line 545, in run_pipeline
    decode_recv_handles[mb_idx].wait()
  File "/home/anurag_dutt/scripts/mig_transport_pipeline_non_blocking.py", line 121, in wait
    _ORIGINAL_SEND(
  File "/home/anurag_dutt/scripts/mig_env/lib/python3.10/site-packages/torch/distributed/c10d_logger.py", line 81, in wrapper
    return func(*args, **kwargs)
  File "/home/anurag_dutt/scripts/mig_env/lib/python3.10/site-packages/torch/distributed/distributed_c10d.py", line 2496, in send
    work.wait()
RuntimeError: [/pytorch/third_party/gloo/gloo/transport/tcp/pair.cc:547] Connection closed by peer [10.128.0.8]:43217

2026-04-11 06:06:36 [ERROR] [Rank 0] Unexpected exception:
Traceback (most recent call last):
  File "/home/anurag_dutt/scripts/benchmark_pipeline_microbatching.py", line 576, in run_pipeline
    dist.recv(next_tokens, src=world_size - 1, tag=tok_tag)
  File "/home/anurag_dutt/scripts/mig_transport_pipeline_non_blocking.py", line 407, in patched_recv
    return _MIG_PIPE_ENGINE.recv(tensor, src, group=group, tag=tag)
  File "/home/anurag_dutt/scripts/mig_transport_pipeline_non_blocking.py", line 281, in recv
    _ORIGINAL_RECV(handshake, src=src, group=group, tag=tag)
  File "/home/anurag_dutt/scripts/mig_env/lib/python3.10/site-packages/torch/distributed/c10d_logger.py", line 81, in wrapper
    return func(*args, **kwargs)
  File "/home/anurag_dutt/scripts/mig_env/lib/python3.10/site-packages/torch/distributed/distributed_c10d.py", line 2529, in recv
    work.wait()
RuntimeError: [/pytorch/third_party/gloo/gloo/transport/tcp/pair.cc:547] Connection closed by peer [10.128.0.8]:18839

2026-04-11 06:06:36 [ERROR] [Rank 1] Unexpected exception:
Traceback (most recent call last):
  File "/home/anurag_dutt/scripts/benchmark_pipeline_microbatching.py", line 545, in run_pipeline
    decode_recv_handles[mb_idx].wait()
  File "/home/anurag_dutt/scripts/mig_transport_pipeline_non_blocking.py", line 113, in wait
    self._dist_handle.wait()
RuntimeError: [/pytorch/third_party/gloo/gloo/transport/tcp/pair.cc:547] Connection closed by peer [10.128.0.8]:29074

2026-04-11 06:06:40 [WARNING] OOM on Rank 2 — skipping.
2026-04-11 06:06:40 [INFO] [137/364] Split [17, 6, 5, 4] | Batch: 64 | Microbatch: 16 | Microbatches: 4
2026-04-11 06:06:40 [INFO] Loading WikiText... (SEQ_LEN=64, BATCH=64)
2026-04-11 06:06:56 [INFO] [Rank 3] Loading weights...
2026-04-11 06:06:56 [INFO] [Rank 2] Loading weights...
2026-04-11 06:06:57 [INFO] [Rank 3] Weights loaded.
2026-04-11 06:06:57 [INFO] [Rank 2] Weights loaded.
2026-04-11 06:06:58 [INFO] [Rank 1] Loading weights...
2026-04-11 06:06:59 [INFO] [Rank 1] Weights loaded.
2026-04-11 06:07:14 [INFO] [Rank 0] Loading weights...
2026-04-11 06:07:16 [INFO] [Rank 0] Weights loaded.
2026-04-11 06:09:53 [ERROR] [Rank 2] OOM
2026-04-11 06:09:53 [ERROR] [Rank 1] Unexpected exception:
Traceback (most recent call last):
  File "/home/anurag_dutt/scripts/benchmark_pipeline_microbatching.py", line 568, in run_pipeline
    h.wait()
  File "/home/anurag_dutt/scripts/mig_transport_pipeline_non_blocking.py", line 79, in wait
    _ORIGINAL_RECV(
  File "/home/anurag_dutt/scripts/mig_env/lib/python3.10/site-packages/torch/distributed/c10d_logger.py", line 81, in wrapper
    return func(*args, **kwargs)
  File "/home/anurag_dutt/scripts/mig_env/lib/python3.10/site-packages/torch/distributed/distributed_c10d.py", line 2529, in recv
    work.wait()
RuntimeError: [/pytorch/third_party/gloo/gloo/transport/tcp/pair.cc:547] Connection closed by peer [10.128.0.8]:46977

2026-04-11 06:09:53 [ERROR] [Rank 3] Unexpected exception:
Traceback (most recent call last):
  File "/home/anurag_dutt/scripts/benchmark_pipeline_microbatching.py", line 545, in run_pipeline
    decode_recv_handles[mb_idx].wait()
  File "/home/anurag_dutt/scripts/mig_transport_pipeline_non_blocking.py", line 121, in wait
    _ORIGINAL_SEND(
  File "/home/anurag_dutt/scripts/mig_env/lib/python3.10/site-packages/torch/distributed/c10d_logger.py", line 81, in wrapper
    return func(*args, **kwargs)
  File "/home/anurag_dutt/scripts/mig_env/lib/python3.10/site-packages/torch/distributed/distributed_c10d.py", line 2496, in send
    work.wait()
RuntimeError: [/pytorch/third_party/gloo/gloo/transport/tcp/pair.cc:547] Connection closed by peer [10.128.0.8]:18127

2026-04-11 06:09:53 [ERROR] [Rank 0] Unexpected exception:
Traceback (most recent call last):
  File "/home/anurag_dutt/scripts/benchmark_pipeline_microbatching.py", line 576, in run_pipeline
    dist.recv(next_tokens, src=world_size - 1, tag=tok_tag)
  File "/home/anurag_dutt/scripts/mig_transport_pipeline_non_blocking.py", line 407, in patched_recv
    return _MIG_PIPE_ENGINE.recv(tensor, src, group=group, tag=tag)
  File "/home/anurag_dutt/scripts/mig_transport_pipeline_non_blocking.py", line 281, in recv
    _ORIGINAL_RECV(handshake, src=src, group=group, tag=tag)
  File "/home/anurag_dutt/scripts/mig_env/lib/python3.10/site-packages/torch/distributed/c10d_logger.py", line 81, in wrapper
    return func(*args, **kwargs)
  File "/home/anurag_dutt/scripts/mig_env/lib/python3.10/site-packages/torch/distributed/distributed_c10d.py", line 2529, in recv
    work.wait()
RuntimeError: [/pytorch/third_party/gloo/gloo/transport/tcp/pair.cc:547] Connection closed by peer [10.128.0.8]:10156

2026-04-11 06:09:56 [WARNING] OOM on Rank 2 — skipping.
2026-04-11 06:09:56 [INFO] [138/364] Split [17, 6, 5, 4] | Batch: 64 | Microbatch: 8 | Microbatches: 8
2026-04-11 06:09:56 [INFO] Loading WikiText... (SEQ_LEN=64, BATCH=64)
2026-04-11 06:10:12 [INFO] [Rank 3] Loading weights...
2026-04-11 06:10:12 [INFO] [Rank 2] Loading weights...
2026-04-11 06:10:12 [INFO] [Rank 3] Weights loaded.
2026-04-11 06:10:13 [INFO] [Rank 2] Weights loaded.
2026-04-11 06:10:14 [INFO] [Rank 1] Loading weights...
2026-04-11 06:10:15 [INFO] [Rank 1] Weights loaded.
2026-04-11 06:10:30 [INFO] [Rank 0] Loading weights...
2026-04-11 06:10:32 [INFO] [Rank 0] Weights loaded.
2026-04-11 06:14:29 [ERROR] [Rank 2] OOM
2026-04-11 06:14:29 [ERROR] [Rank 3] Unexpected exception:
Traceback (most recent call last):
  File "/home/anurag_dutt/scripts/benchmark_pipeline_microbatching.py", line 545, in run_pipeline
    decode_recv_handles[mb_idx].wait()
  File "/home/anurag_dutt/scripts/mig_transport_pipeline_non_blocking.py", line 121, in wait
    _ORIGINAL_SEND(
  File "/home/anurag_dutt/scripts/mig_env/lib/python3.10/site-packages/torch/distributed/c10d_logger.py", line 81, in wrapper
    return func(*args, **kwargs)
  File "/home/anurag_dutt/scripts/mig_env/lib/python3.10/site-packages/torch/distributed/distributed_c10d.py", line 2496, in send
    work.wait()
RuntimeError: [/pytorch/third_party/gloo/gloo/transport/tcp/pair.cc:547] Connection closed by peer [10.128.0.8]:15551

2026-04-11 06:14:29 [ERROR] [Rank 0] Unexpected exception:
Traceback (most recent call last):
  File "/home/anurag_dutt/scripts/benchmark_pipeline_microbatching.py", line 576, in run_pipeline
    dist.recv(next_tokens, src=world_size - 1, tag=tok_tag)
  File "/home/anurag_dutt/scripts/mig_transport_pipeline_non_blocking.py", line 407, in patched_recv
    return _MIG_PIPE_ENGINE.recv(tensor, src, group=group, tag=tag)
  File "/home/anurag_dutt/scripts/mig_transport_pipeline_non_blocking.py", line 281, in recv
    _ORIGINAL_RECV(handshake, src=src, group=group, tag=tag)
  File "/home/anurag_dutt/scripts/mig_env/lib/python3.10/site-packages/torch/distributed/c10d_logger.py", line 81, in wrapper
    return func(*args, **kwargs)
  File "/home/anurag_dutt/scripts/mig_env/lib/python3.10/site-packages/torch/distributed/distributed_c10d.py", line 2529, in recv
    work.wait()
RuntimeError: [/pytorch/third_party/gloo/gloo/transport/tcp/pair.cc:547] Connection closed by peer [10.128.0.8]:48010

2026-04-11 06:14:29 [ERROR] [Rank 1] Unexpected exception:
Traceback (most recent call last):
  File "/home/anurag_dutt/scripts/benchmark_pipeline_microbatching.py", line 545, in run_pipeline
    decode_recv_handles[mb_idx].wait()
  File "/home/anurag_dutt/scripts/mig_transport_pipeline_non_blocking.py", line 113, in wait
    self._dist_handle.wait()
RuntimeError: [/pytorch/third_party/gloo/gloo/transport/tcp/pair.cc:547] Connection closed by peer [10.128.0.8]:16575

2026-04-11 06:14:33 [WARNING] OOM on Rank 2 — skipping.
2026-04-11 06:14:33 [INFO] [139/364] Split [17, 6, 5, 4] | Batch: 64 | Microbatch: 4 | Microbatches: 16
2026-04-11 06:14:33 [INFO] Loading WikiText... (SEQ_LEN=64, BATCH=64)
2026-04-11 06:14:49 [INFO] [Rank 3] Loading weights...
2026-04-11 06:14:49 [INFO] [Rank 2] Loading weights...
2026-04-11 06:14:49 [INFO] [Rank 3] Weights loaded.
2026-04-11 06:14:50 [INFO] [Rank 2] Weights loaded.
2026-04-11 06:14:51 [INFO] [Rank 1] Loading weights...
2026-04-11 06:14:52 [INFO] [Rank 1] Weights loaded.
2026-04-11 06:15:07 [INFO] [Rank 0] Loading weights...
2026-04-11 06:15:09 [INFO] [Rank 0] Weights loaded.
2026-04-11 06:21:08 [ERROR] [Rank 2] OOM
2026-04-11 06:21:08 [ERROR] [Rank 1] Unexpected exception:
Traceback (most recent call last):
  File "/home/anurag_dutt/scripts/benchmark_pipeline_microbatching.py", line 568, in run_pipeline
    h.wait()
  File "/home/anurag_dutt/scripts/mig_transport_pipeline_non_blocking.py", line 79, in wait
    _ORIGINAL_RECV(
  File "/home/anurag_dutt/scripts/mig_env/lib/python3.10/site-packages/torch/distributed/c10d_logger.py", line 81, in wrapper
    return func(*args, **kwargs)
  File "/home/anurag_dutt/scripts/mig_env/lib/python3.10/site-packages/torch/distributed/distributed_c10d.py", line 2529, in recv
    work.wait()
RuntimeError: [/pytorch/third_party/gloo/gloo/transport/tcp/pair.cc:547] Connection closed by peer [10.128.0.8]:12451

2026-04-11 06:21:08 [ERROR] [Rank 3] Unexpected exception:
Traceback (most recent call last):
  File "/home/anurag_dutt/scripts/benchmark_pipeline_microbatching.py", line 545, in run_pipeline
    decode_recv_handles[mb_idx].wait()
  File "/home/anurag_dutt/scripts/mig_transport_pipeline_non_blocking.py", line 113, in wait
    self._dist_handle.wait()
RuntimeError: [/pytorch/third_party/gloo/gloo/transport/tcp/pair.cc:547] Connection closed by peer [10.128.0.8]:31926

2026-04-11 06:21:08 [ERROR] [Rank 0] Unexpected exception:
Traceback (most recent call last):
  File "/home/anurag_dutt/scripts/benchmark_pipeline_microbatching.py", line 576, in run_pipeline
    dist.recv(next_tokens, src=world_size - 1, tag=tok_tag)
  File "/home/anurag_dutt/scripts/mig_transport_pipeline_non_blocking.py", line 407, in patched_recv
    return _MIG_PIPE_ENGINE.recv(tensor, src, group=group, tag=tag)
  File "/home/anurag_dutt/scripts/mig_transport_pipeline_non_blocking.py", line 281, in recv
    _ORIGINAL_RECV(handshake, src=src, group=group, tag=tag)
  File "/home/anurag_dutt/scripts/mig_env/lib/python3.10/site-packages/torch/distributed/c10d_logger.py", line 81, in wrapper
    return func(*args, **kwargs)
  File "/home/anurag_dutt/scripts/mig_env/lib/python3.10/site-packages/torch/distributed/distributed_c10d.py", line 2529, in recv
    work.wait()
RuntimeError: [/pytorch/third_party/gloo/gloo/transport/tcp/pair.cc:547] Connection closed by peer [10.128.0.8]:17548

2026-04-11 06:21:12 [WARNING] OOM on Rank 2 — skipping.
2026-04-11 06:21:12 [INFO] [140/364] Split [17, 6, 5, 4] | Batch: 64 | Microbatch: 2 | Microbatches: 32
2026-04-11 06:21:12 [INFO] Loading WikiText... (SEQ_LEN=64, BATCH=64)
2026-04-11 06:21:28 [INFO] [Rank 3] Loading weights...
2026-04-11 06:21:28 [INFO] [Rank 2] Loading weights...
2026-04-11 06:21:28 [INFO] [Rank 3] Weights loaded.
2026-04-11 06:21:29 [INFO] [Rank 2] Weights loaded.
2026-04-11 06:21:29 [INFO] [Rank 1] Loading weights...
2026-04-11 06:21:30 [INFO] [Rank 1] Weights loaded.
2026-04-11 06:21:46 [INFO] [Rank 0] Loading weights...
2026-04-11 06:21:48 [INFO] [Rank 0] Weights loaded.
2026-04-11 06:32:36 [ERROR] [Rank 2] OOM
2026-04-11 06:32:36 [ERROR] [Rank 1] Unexpected exception:
Traceback (most recent call last):
  File "/home/anurag_dutt/scripts/benchmark_pipeline_microbatching.py", line 568, in run_pipeline
    h.wait()
  File "/home/anurag_dutt/scripts/mig_transport_pipeline_non_blocking.py", line 79, in wait
    _ORIGINAL_RECV(
  File "/home/anurag_dutt/scripts/mig_env/lib/python3.10/site-packages/torch/distributed/c10d_logger.py", line 81, in wrapper
    return func(*args, **kwargs)
  File "/home/anurag_dutt/scripts/mig_env/lib/python3.10/site-packages/torch/distributed/distributed_c10d.py", line 2529, in recv
    work.wait()
RuntimeError: [/pytorch/third_party/gloo/gloo/transport/tcp/pair.cc:547] Connection closed by peer [10.128.0.8]:17331

2026-04-11 06:32:36 [ERROR] [Rank 3] Unexpected exception:
Traceback (most recent call last):
  File "/home/anurag_dutt/scripts/benchmark_pipeline_microbatching.py", line 545, in run_pipeline
    decode_recv_handles[mb_idx].wait()
  File "/home/anurag_dutt/scripts/mig_transport_pipeline_non_blocking.py", line 121, in wait
    _ORIGINAL_SEND(
  File "/home/anurag_dutt/scripts/mig_env/lib/python3.10/site-packages/torch/distributed/c10d_logger.py", line 81, in wrapper
    return func(*args, **kwargs)
  File "/home/anurag_dutt/scripts/mig_env/lib/python3.10/site-packages/torch/distributed/distributed_c10d.py", line 2496, in send
    work.wait()
RuntimeError: [/pytorch/third_party/gloo/gloo/transport/tcp/pair.cc:547] Connection closed by peer [10.128.0.8]:43750

2026-04-11 06:32:36 [ERROR] [Rank 0] Unexpected exception:
Traceback (most recent call last):
  File "/home/anurag_dutt/scripts/benchmark_pipeline_microbatching.py", line 576, in run_pipeline
    dist.recv(next_tokens, src=world_size - 1, tag=tok_tag)
  File "/home/anurag_dutt/scripts/mig_transport_pipeline_non_blocking.py", line 407, in patched_recv
    return _MIG_PIPE_ENGINE.recv(tensor, src, group=group, tag=tag)
  File "/home/anurag_dutt/scripts/mig_transport_pipeline_non_blocking.py", line 281, in recv
    _ORIGINAL_RECV(handshake, src=src, group=group, tag=tag)
  File "/home/anurag_dutt/scripts/mig_env/lib/python3.10/site-packages/torch/distributed/c10d_logger.py", line 81, in wrapper
    return func(*args, **kwargs)
  File "/home/anurag_dutt/scripts/mig_env/lib/python3.10/site-packages/torch/distributed/distributed_c10d.py", line 2529, in recv
    work.wait()
RuntimeError: [/pytorch/third_party/gloo/gloo/transport/tcp/pair.cc:547] Connection closed by peer [10.128.0.8]:946

2026-04-11 06:32:40 [WARNING] OOM on Rank 2 — skipping.
2026-04-11 06:32:40 [INFO] [141/364] Split [17, 7, 4, 4] | Batch: 8 | Microbatch: 4 | Microbatches: 2
2026-04-11 06:32:40 [INFO] Loading WikiText... (SEQ_LEN=64, BATCH=8)
2026-04-11 06:32:55 [INFO] [Rank 2] Loading weights...
2026-04-11 06:32:56 [INFO] [Rank 2] Weights loaded.
2026-04-11 06:32:56 [INFO] [Rank 3] Loading weights...
2026-04-11 06:32:57 [INFO] [Rank 3] Weights loaded.
2026-04-11 06:32:59 [INFO] [Rank 1] Loading weights...
2026-04-11 06:33:01 [INFO] [Rank 1] Weights loaded.
2026-04-11 06:33:15 [INFO] [Rank 0] Loading weights...
2026-04-11 06:33:17 [INFO] [Rank 0] Weights loaded.
2026-04-11 06:34:17 [INFO] [Rank 1] Finished. Latency: 59713 ms
2026-04-11 06:34:17 [INFO] [Rank 2] Finished. Latency: 59713 ms
2026-04-11 06:34:17 [INFO] [Rank 0] Finished. Latency: 59713 ms
2026-04-11 06:34:17 [INFO] [Rank 3] Finished. Latency: 59723 ms
2026-04-11 06:34:20 [INFO] Total latency:     59713 ms
2026-04-11 06:34:20 [INFO] Peak 5GB memory:   2602 MB
2026-04-11 06:34:20 [INFO] Avg  5GB memory:   1898 MB
2026-04-11 06:34:20 [INFO] [142/364] Split [17, 7, 4, 4] | Batch: 8 | Microbatch: 2 | Microbatches: 4
2026-04-11 06:34:20 [INFO] Loading WikiText... (SEQ_LEN=64, BATCH=8)
2026-04-11 06:34:34 [INFO] [Rank 2] Loading weights...
2026-04-11 06:34:35 [INFO] [Rank 2] Weights loaded.
2026-04-11 06:34:35 [INFO] [Rank 3] Loading weights...
2026-04-11 06:34:36 [INFO] [Rank 3] Weights loaded.
2026-04-11 06:34:39 [INFO] [Rank 1] Loading weights...
2026-04-11 06:34:40 [INFO] [Rank 1] Weights loaded.
2026-04-11 06:34:54 [INFO] [Rank 0] Loading weights...
2026-04-11 06:34:56 [INFO] [Rank 0] Weights loaded.
2026-04-11 06:36:50 [INFO] [Rank 2] Finished. Latency: 113731 ms
2026-04-11 06:36:50 [INFO] [Rank 0] Finished. Latency: 113731 ms
2026-04-11 06:36:50 [INFO] [Rank 1] Finished. Latency: 113731 ms
2026-04-11 06:36:50 [INFO] [Rank 3] Finished. Latency: 113739 ms
2026-04-11 06:36:53 [INFO] Total latency:     113731 ms
2026-04-11 06:36:53 [INFO] Peak 5GB memory:   2404 MB
2026-04-11 06:36:53 [INFO] Avg  5GB memory:   1992 MB
2026-04-11 06:36:54 [INFO] [143/364] Split [17, 7, 4, 4] | Batch: 16 | Microbatch: 8 | Microbatches: 2
2026-04-11 06:36:54 [INFO] Loading WikiText... (SEQ_LEN=64, BATCH=16)
2026-04-11 06:37:08 [INFO] [Rank 2] Loading weights...
2026-04-11 06:37:08 [INFO] [Rank 2] Weights loaded.
2026-04-11 06:37:09 [INFO] [Rank 3] Loading weights...
2026-04-11 06:37:09 [INFO] [Rank 3] Weights loaded.
2026-04-11 06:37:12 [INFO] [Rank 1] Loading weights...
2026-04-11 06:37:13 [INFO] [Rank 1] Weights loaded.
2026-04-11 06:37:27 [INFO] [Rank 0] Loading weights...
2026-04-11 06:37:29 [INFO] [Rank 0] Weights loaded.
2026-04-11 06:38:37 [INFO] [Rank 2] Finished. Latency: 67461 ms
2026-04-11 06:38:37 [INFO] [Rank 1] Finished. Latency: 67461 ms
2026-04-11 06:38:37 [INFO] [Rank 0] Finished. Latency: 67461 ms
2026-04-11 06:38:37 [INFO] [Rank 3] Finished. Latency: 67474 ms
2026-04-11 06:38:41 [INFO] Total latency:     67461 ms
2026-04-11 06:38:41 [INFO] Peak 5GB memory:   4702 MB
2026-04-11 06:38:41 [INFO] Avg  5GB memory:   2551 MB
2026-04-11 06:38:41 [INFO] [144/364] Split [17, 7, 4, 4] | Batch: 16 | Microbatch: 4 | Microbatches: 4
2026-04-11 06:38:41 [INFO] Loading WikiText... (SEQ_LEN=64, BATCH=16)
2026-04-11 06:38:55 [INFO] [Rank 2] Loading weights...
2026-04-11 06:38:55 [INFO] [Rank 2] Weights loaded.
2026-04-11 06:38:56 [INFO] [Rank 3] Loading weights...
2026-04-11 06:38:56 [INFO] [Rank 3] Weights loaded.
2026-04-11 06:38:59 [INFO] [Rank 1] Loading weights...
2026-04-11 06:39:00 [INFO] [Rank 1] Weights loaded.
2026-04-11 06:39:14 [INFO] [Rank 0] Loading weights...
2026-04-11 06:39:16 [INFO] [Rank 0] Weights loaded.
2026-04-11 06:41:15 [INFO] [Rank 1] Finished. Latency: 119111 ms
2026-04-11 06:41:15 [INFO] [Rank 0] Finished. Latency: 119111 ms
2026-04-11 06:41:15 [INFO] [Rank 2] Finished. Latency: 119111 ms
2026-04-11 06:41:16 [INFO] [Rank 3] Finished. Latency: 119121 ms
2026-04-11 06:41:19 [INFO] Total latency:     119111 ms
2026-04-11 06:41:19 [INFO] Peak 5GB memory:   3202 MB
2026-04-11 06:41:19 [INFO] Avg  5GB memory:   2262 MB
2026-04-11 06:41:19 [INFO] [145/364] Split [17, 7, 4, 4] | Batch: 16 | Microbatch: 2 | Microbatches: 8
2026-04-11 06:41:19 [INFO] Loading WikiText... (SEQ_LEN=64, BATCH=16)
2026-04-11 06:41:33 [INFO] [Rank 2] Loading weights...
2026-04-11 06:41:34 [INFO] [Rank 2] Weights loaded.
2026-04-11 06:41:35 [INFO] [Rank 3] Loading weights...
2026-04-11 06:41:35 [INFO] [Rank 3] Weights loaded.
2026-04-11 06:41:38 [INFO] [Rank 1] Loading weights...
2026-04-11 06:41:39 [INFO] [Rank 1] Weights loaded.
2026-04-11 06:41:53 [INFO] [Rank 0] Loading weights...
2026-04-11 06:41:55 [INFO] [Rank 0] Weights loaded.
2026-04-11 06:45:42 [INFO] [Rank 1] Finished. Latency: 226700 ms
2026-04-11 06:45:42 [INFO] [Rank 2] Finished. Latency: 226699 ms
2026-04-11 06:45:42 [INFO] [Rank 0] Finished. Latency: 226700 ms
2026-04-11 06:45:42 [INFO] [Rank 3] Finished. Latency: 226708 ms
2026-04-11 06:45:45 [INFO] Total latency:     226700 ms
2026-04-11 06:45:45 [INFO] Peak 5GB memory:   2682 MB
2026-04-11 06:45:45 [INFO] Avg  5GB memory:   2274 MB
2026-04-11 06:45:46 [INFO] [146/364] Split [17, 7, 4, 4] | Batch: 32 | Microbatch: 16 | Microbatches: 2
2026-04-11 06:45:46 [INFO] Loading WikiText... (SEQ_LEN=64, BATCH=32)
2026-04-11 06:45:48 [WARNING] '('Connection broken: IncompleteRead(0 bytes read, 732606 more expected)', IncompleteRead(0 bytes read, 732606 more expected))' thrown while requesting GET https://huggingface.co/datasets/wikitext/resolve/b08601e04326c79dfdd32d625aee71d232d685c3/wikitext-2-raw-v1/test-00000-of-00001.parquet
2026-04-11 06:45:48 [WARNING] Retrying in 1s [Retry 1/5].
2026-04-11 06:46:03 [INFO] [Rank 2] Loading weights...
2026-04-11 06:46:04 [INFO] [Rank 2] Weights loaded.
2026-04-11 06:46:04 [INFO] [Rank 3] Loading weights...
2026-04-11 06:46:05 [INFO] [Rank 3] Weights loaded.
2026-04-11 06:46:07 [INFO] [Rank 1] Loading weights...
2026-04-11 06:46:08 [INFO] [Rank 1] Weights loaded.
2026-04-11 06:46:22 [INFO] [Rank 0] Loading weights...
2026-04-11 06:46:24 [INFO] [Rank 0] Weights loaded.
2026-04-11 06:47:50 [INFO] [Rank 1] Finished. Latency: 85549 ms
2026-04-11 06:47:50 [INFO] [Rank 0] Finished. Latency: 85549 ms
2026-04-11 06:47:50 [INFO] [Rank 2] Finished. Latency: 85549 ms
2026-04-11 06:47:50 [INFO] [Rank 3] Finished. Latency: 85568 ms
2026-04-11 06:47:54 [INFO] Total latency:     85549 ms
2026-04-11 06:47:54 [INFO] Peak 5GB memory:   4852 MB
2026-04-11 06:47:54 [INFO] Avg  5GB memory:   2898 MB
2026-04-11 06:47:54 [INFO] [147/364] Split [17, 7, 4, 4] | Batch: 32 | Microbatch: 8 | Microbatches: 4
2026-04-11 06:47:54 [INFO] Loading WikiText... (SEQ_LEN=64, BATCH=32)
2026-04-11 06:47:59 [WARNING] '('Connection broken: IncompleteRead(0 bytes read, 732606 more expected)', IncompleteRead(0 bytes read, 732606 more expected))' thrown while requesting GET https://huggingface.co/datasets/wikitext/resolve/b08601e04326c79dfdd32d625aee71d232d685c3/wikitext-2-raw-v1/test-00000-of-00001.parquet
2026-04-11 06:47:59 [WARNING] Retrying in 1s [Retry 1/5].
2026-04-11 06:48:13 [INFO] [Rank 2] Loading weights...
2026-04-11 06:48:14 [INFO] [Rank 2] Weights loaded.
2026-04-11 06:48:14 [INFO] [Rank 3] Loading weights...
2026-04-11 06:48:15 [INFO] [Rank 3] Weights loaded.
2026-04-11 06:48:18 [INFO] [Rank 1] Loading weights...
2026-04-11 06:48:19 [INFO] [Rank 1] Weights loaded.
2026-04-11 06:48:33 [INFO] [Rank 0] Loading weights...
2026-04-11 06:48:35 [INFO] [Rank 0] Weights loaded.
2026-04-11 06:50:49 [INFO] [Rank 2] Finished. Latency: 134339 ms
2026-04-11 06:50:49 [INFO] [Rank 1] Finished. Latency: 134339 ms
2026-04-11 06:50:49 [INFO] [Rank 0] Finished. Latency: 134339 ms
2026-04-11 06:50:49 [INFO] [Rank 3] Finished. Latency: 134351 ms
2026-04-11 06:50:53 [INFO] Total latency:     134339 ms
2026-04-11 06:50:53 [INFO] Peak 5GB memory:   4670 MB
2026-04-11 06:50:53 [INFO] Avg  5GB memory:   2951 MB
2026-04-11 06:50:53 [INFO] [148/364] Split [17, 7, 4, 4] | Batch: 32 | Microbatch: 4 | Microbatches: 8
2026-04-11 06:50:53 [INFO] Loading WikiText... (SEQ_LEN=64, BATCH=32)
2026-04-11 06:51:07 [INFO] [Rank 2] Loading weights...
2026-04-11 06:51:08 [INFO] [Rank 2] Weights loaded.
2026-04-11 06:51:08 [INFO] [Rank 3] Loading weights...
2026-04-11 06:51:09 [INFO] [Rank 3] Weights loaded.
2026-04-11 06:51:12 [INFO] [Rank 1] Loading weights...
2026-04-11 06:51:13 [INFO] [Rank 1] Weights loaded.
2026-04-11 06:51:26 [INFO] [Rank 0] Loading weights...
2026-04-11 06:51:29 [INFO] [Rank 0] Weights loaded.
2026-04-11 06:55:26 [INFO] [Rank 1] Finished. Latency: 237634 ms
2026-04-11 06:55:26 [INFO] [Rank 2] Finished. Latency: 237634 ms
2026-04-11 06:55:26 [INFO] [Rank 0] Finished. Latency: 237634 ms
2026-04-11 06:55:26 [INFO] [Rank 3] Finished. Latency: 237644 ms
2026-04-11 06:55:30 [INFO] Total latency:     237634 ms
2026-04-11 06:55:30 [INFO] Peak 5GB memory:   4542 MB
2026-04-11 06:55:30 [INFO] Avg  5GB memory:   2888 MB
2026-04-11 06:55:30 [INFO] [149/364] Split [17, 7, 4, 4] | Batch: 32 | Microbatch: 2 | Microbatches: 16
2026-04-11 06:55:30 [INFO] Loading WikiText... (SEQ_LEN=64, BATCH=32)
2026-04-11 06:55:45 [INFO] [Rank 2] Loading weights...
2026-04-11 06:55:46 [INFO] [Rank 2] Weights loaded.
2026-04-11 06:55:46 [INFO] [Rank 3] Loading weights...
2026-04-11 06:55:47 [INFO] [Rank 3] Weights loaded.
2026-04-11 06:55:50 [INFO] [Rank 1] Loading weights...
2026-04-11 06:55:51 [INFO] [Rank 1] Weights loaded.
2026-04-11 06:56:05 [INFO] [Rank 0] Loading weights...
2026-04-11 06:56:07 [INFO] [Rank 0] Weights loaded.
2026-04-11 07:03:39 [INFO] [Rank 2] Finished. Latency: 451736 ms
2026-04-11 07:03:39 [INFO] [Rank 1] Finished. Latency: 451736 ms
2026-04-11 07:03:39 [INFO] [Rank 0] Finished. Latency: 451736 ms
2026-04-11 07:03:39 [INFO] [Rank 3] Finished. Latency: 451743 ms
2026-04-11 07:03:42 [INFO] Total latency:     451736 ms
2026-04-11 07:03:42 [INFO] Peak 5GB memory:   3396 MB
2026-04-11 07:03:42 [INFO] Avg  5GB memory:   2764 MB
2026-04-11 07:03:42 [INFO] [150/364] Split [17, 7, 4, 4] | Batch: 64 | Microbatch: 32 | Microbatches: 2
2026-04-11 07:03:42 [INFO] Loading WikiText... (SEQ_LEN=64, BATCH=64)
2026-04-11 07:03:57 [INFO] [Rank 2] Loading weights...
2026-04-11 07:03:58 [INFO] [Rank 2] Weights loaded.
2026-04-11 07:03:58 [INFO] [Rank 3] Loading weights...
2026-04-11 07:03:59 [INFO] [Rank 3] Weights loaded.
2026-04-11 07:04:02 [INFO] [Rank 1] Loading weights...
2026-04-11 07:04:03 [INFO] [Rank 1] Weights loaded.
2026-04-11 07:04:17 [INFO] [Rank 0] Loading weights...
2026-04-11 07:04:19 [INFO] [Rank 0] Weights loaded.
2026-04-11 07:06:29 [INFO] [Rank 2] Finished. Latency: 129234 ms
2026-04-11 07:06:29 [INFO] [Rank 1] Finished. Latency: 129234 ms
2026-04-11 07:06:29 [INFO] [Rank 0] Finished. Latency: 129234 ms
2026-04-11 07:06:29 [INFO] [Rank 3] Finished. Latency: 129266 ms
2026-04-11 07:06:32 [INFO] Total latency:     129234 ms
2026-04-11 07:06:32 [INFO] Peak 5GB memory:   4864 MB
2026-04-11 07:06:32 [INFO] Avg  5GB memory:   3489 MB
2026-04-11 07:06:32 [INFO] [151/364] Split [17, 7, 4, 4] | Batch: 64 | Microbatch: 16 | Microbatches: 4
2026-04-11 07:06:32 [INFO] Loading WikiText... (SEQ_LEN=64, BATCH=64)
2026-04-11 07:06:47 [INFO] [Rank 2] Loading weights...
2026-04-11 07:06:48 [INFO] [Rank 2] Weights loaded.
2026-04-11 07:06:48 [INFO] [Rank 3] Loading weights...
2026-04-11 07:06:49 [INFO] [Rank 3] Weights loaded.
2026-04-11 07:06:51 [INFO] [Rank 1] Loading weights...
2026-04-11 07:06:52 [INFO] [Rank 1] Weights loaded.
2026-04-11 07:07:06 [INFO] [Rank 0] Loading weights...
2026-04-11 07:07:08 [INFO] [Rank 0] Weights loaded.
2026-04-11 07:10:00 [INFO] [Rank 2] Finished. Latency: 171987 ms
2026-04-11 07:10:00 [INFO] [Rank 1] Finished. Latency: 171987 ms
2026-04-11 07:10:00 [INFO] [Rank 0] Finished. Latency: 171987 ms
2026-04-11 07:10:01 [INFO] [Rank 3] Finished. Latency: 172006 ms
2026-04-11 07:10:04 [INFO] Total latency:     171987 ms
2026-04-11 07:10:04 [INFO] Peak 5GB memory:   4842 MB
2026-04-11 07:10:04 [INFO] Avg  5GB memory:   3537 MB
2026-04-11 07:10:04 [INFO] [152/364] Split [17, 7, 4, 4] | Batch: 64 | Microbatch: 8 | Microbatches: 8
2026-04-11 07:10:04 [INFO] Loading WikiText... (SEQ_LEN=64, BATCH=64)
2026-04-11 07:10:18 [INFO] [Rank 2] Loading weights...
2026-04-11 07:10:19 [INFO] [Rank 2] Weights loaded.
2026-04-11 07:10:19 [INFO] [Rank 3] Loading weights...
2026-04-11 07:10:20 [INFO] [Rank 3] Weights loaded.
2026-04-11 07:10:23 [INFO] [Rank 1] Loading weights...
2026-04-11 07:10:24 [INFO] [Rank 1] Weights loaded.
2026-04-11 07:10:38 [INFO] [Rank 0] Loading weights...
2026-04-11 07:10:40 [INFO] [Rank 0] Weights loaded.
2026-04-11 07:15:09 [INFO] [Rank 1] Finished. Latency: 268606 ms
2026-04-11 07:15:09 [INFO] [Rank 2] Finished. Latency: 268606 ms
2026-04-11 07:15:09 [INFO] [Rank 0] Finished. Latency: 268606 ms
2026-04-11 07:15:09 [INFO] [Rank 3] Finished. Latency: 268619 ms
2026-04-11 07:15:12 [INFO] Total latency:     268606 ms
2026-04-11 07:15:12 [INFO] Peak 5GB memory:   4798 MB
2026-04-11 07:15:12 [INFO] Avg  5GB memory:   3555 MB
2026-04-11 07:15:12 [INFO] [153/364] Split [17, 7, 4, 4] | Batch: 64 | Microbatch: 4 | Microbatches: 16
2026-04-11 07:15:12 [INFO] Loading WikiText... (SEQ_LEN=64, BATCH=64)
2026-04-11 07:15:27 [INFO] [Rank 2] Loading weights...
2026-04-11 07:15:28 [INFO] [Rank 2] Weights loaded.
2026-04-11 07:15:28 [INFO] [Rank 3] Loading weights...
2026-04-11 07:15:29 [INFO] [Rank 3] Weights loaded.
2026-04-11 07:15:31 [INFO] [Rank 1] Loading weights...
2026-04-11 07:15:32 [INFO] [Rank 1] Weights loaded.
2026-04-11 07:15:46 [INFO] [Rank 0] Loading weights...
2026-04-11 07:15:49 [INFO] [Rank 0] Weights loaded.
2026-04-11 07:23:41 [INFO] [Rank 2] Finished. Latency: 472731 ms
2026-04-11 07:23:41 [INFO] [Rank 1] Finished. Latency: 472731 ms
2026-04-11 07:23:41 [INFO] [Rank 0] Finished. Latency: 472731 ms
2026-04-11 07:23:41 [INFO] [Rank 3] Finished. Latency: 472741 ms
2026-04-11 07:23:45 [INFO] Total latency:     472731 ms
2026-04-11 07:23:45 [INFO] Peak 5GB memory:   4798 MB
2026-04-11 07:23:45 [INFO] Avg  5GB memory:   3511 MB
2026-04-11 07:23:45 [INFO] [154/364] Split [17, 7, 4, 4] | Batch: 64 | Microbatch: 2 | Microbatches: 32
2026-04-11 07:23:45 [INFO] Loading WikiText... (SEQ_LEN=64, BATCH=64)
2026-04-11 07:24:00 [INFO] [Rank 2] Loading weights...
2026-04-11 07:24:00 [INFO] [Rank 2] Weights loaded.
2026-04-11 07:24:01 [INFO] [Rank 3] Loading weights...
2026-04-11 07:24:02 [INFO] [Rank 3] Weights loaded.
2026-04-11 07:24:04 [INFO] [Rank 1] Loading weights...
2026-04-11 07:24:05 [INFO] [Rank 1] Weights loaded.
2026-04-11 07:24:19 [INFO] [Rank 0] Loading weights...
2026-04-11 07:24:21 [INFO] [Rank 0] Weights loaded.
2026-04-11 07:39:28 [INFO] [Rank 2] Finished. Latency: 906550 ms
2026-04-11 07:39:28 [INFO] [Rank 0] Finished. Latency: 906550 ms
2026-04-11 07:39:28 [INFO] [Rank 1] Finished. Latency: 906550 ms
2026-04-11 07:39:28 [INFO] [Rank 3] Finished. Latency: 906558 ms
2026-04-11 07:39:32 [INFO] Total latency:     906550 ms
2026-04-11 07:39:32 [INFO] Peak 5GB memory:   4820 MB
2026-04-11 07:39:32 [INFO] Avg  5GB memory:   3695 MB
2026-04-11 07:39:32 [INFO] [155/364] Split [17, 7, 5, 3] | Batch: 8 | Microbatch: 4 | Microbatches: 2
2026-04-11 07:39:32 [INFO] Loading WikiText... (SEQ_LEN=64, BATCH=8)
2026-04-11 07:39:46 [INFO] [Rank 3] Loading weights...
2026-04-11 07:39:46 [INFO] [Rank 3] Weights loaded.
2026-04-11 07:39:48 [INFO] [Rank 2] Loading weights...
2026-04-11 07:39:49 [INFO] [Rank 2] Weights loaded.
2026-04-11 07:39:51 [INFO] [Rank 1] Loading weights...
2026-04-11 07:39:52 [INFO] [Rank 1] Weights loaded.
2026-04-11 07:40:06 [INFO] [Rank 0] Loading weights...
2026-04-11 07:40:08 [INFO] [Rank 0] Weights loaded.
2026-04-11 07:41:08 [INFO] [Rank 1] Finished. Latency: 59886 ms
2026-04-11 07:41:08 [INFO] [Rank 2] Finished. Latency: 59886 ms
2026-04-11 07:41:08 [INFO] [Rank 0] Finished. Latency: 59887 ms
2026-04-11 07:41:08 [INFO] [Rank 3] Finished. Latency: 59894 ms
2026-04-11 07:41:12 [INFO] Total latency:     59887 ms
2026-04-11 07:41:12 [INFO] Peak 5GB memory:   2056 MB
2026-04-11 07:41:12 [INFO] Avg  5GB memory:   1540 MB
2026-04-11 07:41:12 [INFO] [156/364] Split [17, 7, 5, 3] | Batch: 8 | Microbatch: 2 | Microbatches: 4
2026-04-11 07:41:12 [INFO] Loading WikiText... (SEQ_LEN=64, BATCH=8)
2026-04-11 07:41:25 [INFO] [Rank 3] Loading weights...
2026-04-11 07:41:26 [INFO] [Rank 3] Weights loaded.
2026-04-11 07:41:27 [INFO] [Rank 2] Loading weights...
2026-04-11 07:41:28 [INFO] [Rank 2] Weights loaded.
2026-04-11 07:41:30 [INFO] [Rank 1] Loading weights...
2026-04-11 07:41:31 [INFO] [Rank 1] Weights loaded.
2026-04-11 07:41:45 [INFO] [Rank 0] Loading weights...
2026-04-11 07:41:47 [INFO] [Rank 0] Weights loaded.
2026-04-11 07:43:41 [INFO] [Rank 2] Finished. Latency: 113520 ms
2026-04-11 07:43:41 [INFO] [Rank 1] Finished. Latency: 113520 ms
2026-04-11 07:43:41 [INFO] [Rank 0] Finished. Latency: 113520 ms
2026-04-11 07:43:41 [INFO] [Rank 3] Finished. Latency: 113526 ms
2026-04-11 07:43:44 [INFO] Total latency:     113520 ms
2026-04-11 07:43:44 [INFO] Peak 5GB memory:   2018 MB
2026-04-11 07:43:44 [INFO] Avg  5GB memory:   1600 MB
2026-04-11 07:43:44 [INFO] [157/364] Split [17, 7, 5, 3] | Batch: 16 | Microbatch: 8 | Microbatches: 2
2026-04-11 07:43:44 [INFO] Loading WikiText... (SEQ_LEN=64, BATCH=16)
2026-04-11 07:43:58 [INFO] [Rank 3] Loading weights...
2026-04-11 07:43:59 [INFO] [Rank 3] Weights loaded.
2026-04-11 07:44:00 [INFO] [Rank 2] Loading weights...
2026-04-11 07:44:01 [INFO] [Rank 2] Weights loaded.
2026-04-11 07:44:03 [INFO] [Rank 1] Loading weights...
2026-04-11 07:44:04 [INFO] [Rank 1] Weights loaded.
2026-04-11 07:44:18 [INFO] [Rank 0] Loading weights...
2026-04-11 07:44:20 [INFO] [Rank 0] Weights loaded.
2026-04-11 07:45:28 [INFO] [Rank 2] Finished. Latency: 67673 ms
2026-04-11 07:45:28 [INFO] [Rank 1] Finished. Latency: 67673 ms
2026-04-11 07:45:28 [INFO] [Rank 0] Finished. Latency: 67673 ms
2026-04-11 07:45:28 [INFO] [Rank 3] Finished. Latency: 67683 ms
2026-04-11 07:45:31 [INFO] Total latency:     67673 ms
2026-04-11 07:45:31 [INFO] Peak 5GB memory:   4462 MB
2026-04-11 07:45:31 [INFO] Avg  5GB memory:   2097 MB
2026-04-11 07:45:31 [INFO] [158/364] Split [17, 7, 5, 3] | Batch: 16 | Microbatch: 4 | Microbatches: 4
2026-04-11 07:45:31 [INFO] Loading WikiText... (SEQ_LEN=64, BATCH=16)
2026-04-11 07:45:46 [INFO] [Rank 3] Loading weights...
2026-04-11 07:45:47 [INFO] [Rank 3] Weights loaded.
2026-04-11 07:45:48 [INFO] [Rank 2] Loading weights...
2026-04-11 07:45:49 [INFO] [Rank 2] Weights loaded.
2026-04-11 07:45:51 [INFO] [Rank 1] Loading weights...
2026-04-11 07:45:52 [INFO] [Rank 1] Weights loaded.
2026-04-11 07:46:06 [INFO] [Rank 0] Loading weights...
2026-04-11 07:46:08 [INFO] [Rank 0] Weights loaded.
2026-04-11 07:48:07 [INFO] [Rank 1] Finished. Latency: 119480 ms
2026-04-11 07:48:07 [INFO] [Rank 2] Finished. Latency: 119480 ms
2026-04-11 07:48:07 [INFO] [Rank 0] Finished. Latency: 119480 ms
2026-04-11 07:48:07 [INFO] [Rank 3] Finished. Latency: 119487 ms
2026-04-11 07:48:11 [INFO] Total latency:     119480 ms
2026-04-11 07:48:11 [INFO] Peak 5GB memory:   2536 MB
2026-04-11 07:48:11 [INFO] Avg  5GB memory:   1792 MB
2026-04-11 07:48:11 [INFO] [159/364] Split [17, 7, 5, 3] | Batch: 16 | Microbatch: 2 | Microbatches: 8
2026-04-11 07:48:11 [INFO] Loading WikiText... (SEQ_LEN=64, BATCH=16)
2026-04-11 07:48:13 [WARNING] '('Connection broken: IncompleteRead(0 bytes read, 65536 more expected)', IncompleteRead(0 bytes read, 65536 more expected))' thrown while requesting GET https://huggingface.co/datasets/wikitext/resolve/b08601e04326c79dfdd32d625aee71d232d685c3/wikitext-2-raw-v1/test-00000-of-00001.parquet
2026-04-11 07:48:13 [WARNING] Retrying in 1s [Retry 1/5].
2026-04-11 07:48:28 [INFO] [Rank 3] Loading weights...
2026-04-11 07:48:28 [INFO] [Rank 3] Weights loaded.
2026-04-11 07:48:30 [INFO] [Rank 2] Loading weights...
2026-04-11 07:48:30 [INFO] [Rank 2] Weights loaded.
2026-04-11 07:48:32 [INFO] [Rank 1] Loading weights...
2026-04-11 07:48:34 [INFO] [Rank 1] Weights loaded.
2026-04-11 07:48:48 [INFO] [Rank 0] Loading weights...
2026-04-11 07:48:50 [INFO] [Rank 0] Weights loaded.
2026-04-11 07:52:36 [INFO] [Rank 2] Finished. Latency: 226484 ms
2026-04-11 07:52:36 [INFO] [Rank 0] Finished. Latency: 226484 ms
2026-04-11 07:52:36 [INFO] [Rank 1] Finished. Latency: 226484 ms
2026-04-11 07:52:36 [INFO] [Rank 3] Finished. Latency: 226490 ms
2026-04-11 07:52:40 [INFO] Total latency:     226484 ms
2026-04-11 07:52:40 [INFO] Peak 5GB memory:   2120 MB
2026-04-11 07:52:40 [INFO] Avg  5GB memory:   1807 MB
2026-04-11 07:52:40 [INFO] [160/364] Split [17, 7, 5, 3] | Batch: 32 | Microbatch: 16 | Microbatches: 2
2026-04-11 07:52:40 [INFO] Loading WikiText... (SEQ_LEN=64, BATCH=32)
2026-04-11 07:52:42 [WARNING] '('Connection broken: IncompleteRead(0 bytes read, 65536 more expected)', IncompleteRead(0 bytes read, 65536 more expected))' thrown while requesting GET https://huggingface.co/datasets/wikitext/resolve/b08601e04326c79dfdd32d625aee71d232d685c3/wikitext-2-raw-v1/test-00000-of-00001.parquet
2026-04-11 07:52:42 [WARNING] Retrying in 1s [Retry 1/5].
2026-04-11 07:52:45 [WARNING] '('Connection broken: IncompleteRead(0 bytes read, 65536 more expected)', IncompleteRead(0 bytes read, 65536 more expected))' thrown while requesting GET https://huggingface.co/datasets/wikitext/resolve/b08601e04326c79dfdd32d625aee71d232d685c3/wikitext-2-raw-v1/test-00000-of-00001.parquet
2026-04-11 07:52:45 [WARNING] Retrying in 2s [Retry 2/5].
2026-04-11 07:53:00 [INFO] [Rank 3] Loading weights...
2026-04-11 07:53:00 [INFO] [Rank 3] Weights loaded.
2026-04-11 07:53:02 [INFO] [Rank 2] Loading weights...
2026-04-11 07:53:03 [INFO] [Rank 2] Weights loaded.
2026-04-11 07:53:04 [INFO] [Rank 1] Loading weights...
2026-04-11 07:53:06 [INFO] [Rank 1] Weights loaded.
2026-04-11 07:53:19 [INFO] [Rank 0] Loading weights...
2026-04-11 07:53:22 [INFO] [Rank 0] Weights loaded.
2026-04-11 07:54:47 [INFO] [Rank 2] Finished. Latency: 85483 ms
2026-04-11 07:54:47 [INFO] [Rank 1] Finished. Latency: 85483 ms
2026-04-11 07:54:47 [INFO] [Rank 0] Finished. Latency: 85483 ms
2026-04-11 07:54:47 [INFO] [Rank 3] Finished. Latency: 85497 ms
2026-04-11 07:54:51 [INFO] Total latency:     85483 ms
2026-04-11 07:54:51 [INFO] Peak 5GB memory:   4822 MB
2026-04-11 07:54:51 [INFO] Avg  5GB memory:   2669 MB
2026-04-11 07:54:51 [INFO] [161/364] Split [17, 7, 5, 3] | Batch: 32 | Microbatch: 8 | Microbatches: 4
2026-04-11 07:54:51 [INFO] Loading WikiText... (SEQ_LEN=64, BATCH=32)
2026-04-11 07:55:04 [INFO] [Rank 3] Loading weights...
2026-04-11 07:55:05 [INFO] [Rank 3] Weights loaded.
2026-04-11 07:55:06 [INFO] [Rank 2] Loading weights...
2026-04-11 07:55:07 [INFO] [Rank 2] Weights loaded.
2026-04-11 07:55:09 [INFO] [Rank 1] Loading weights...
2026-04-11 07:55:10 [INFO] [Rank 1] Weights loaded.
2026-04-11 07:55:24 [INFO] [Rank 0] Loading weights...
2026-04-11 07:55:26 [INFO] [Rank 0] Weights loaded.
2026-04-11 07:57:41 [INFO] [Rank 2] Finished. Latency: 134394 ms
2026-04-11 07:57:41 [INFO] [Rank 1] Finished. Latency: 134394 ms
2026-04-11 07:57:41 [INFO] [Rank 0] Finished. Latency: 134394 ms
2026-04-11 07:57:41 [INFO] [Rank 3] Finished. Latency: 134404 ms
2026-04-11 07:57:45 [INFO] Total latency:     134394 ms
2026-04-11 07:57:45 [INFO] Peak 5GB memory:   4500 MB
2026-04-11 07:57:45 [INFO] Avg  5GB memory:   2548 MB
2026-04-11 07:57:45 [INFO] [162/364] Split [17, 7, 5, 3] | Batch: 32 | Microbatch: 4 | Microbatches: 8
2026-04-11 07:57:45 [INFO] Loading WikiText... (SEQ_LEN=64, BATCH=32)
2026-04-11 07:57:58 [INFO] [Rank 3] Loading weights...
2026-04-11 07:57:59 [INFO] [Rank 3] Weights loaded.
2026-04-11 07:58:00 [INFO] [Rank 2] Loading weights...
2026-04-11 07:58:01 [INFO] [Rank 2] Weights loaded.
2026-04-11 07:58:03 [INFO] [Rank 1] Loading weights...
2026-04-11 07:58:04 [INFO] [Rank 1] Weights loaded.
2026-04-11 07:58:18 [INFO] [Rank 0] Loading weights...
2026-04-11 07:58:20 [INFO] [Rank 0] Weights loaded.
2026-04-11 08:02:18 [INFO] [Rank 2] Finished. Latency: 237715 ms
2026-04-11 08:02:18 [INFO] [Rank 1] Finished. Latency: 237715 ms
2026-04-11 08:02:18 [INFO] [Rank 0] Finished. Latency: 237715 ms
2026-04-11 08:02:18 [INFO] [Rank 3] Finished. Latency: 237723 ms
2026-04-11 08:02:22 [INFO] Total latency:     237715 ms
2026-04-11 08:02:22 [INFO] Peak 5GB memory:   3516 MB
2026-04-11 08:02:22 [INFO] Avg  5GB memory:   2272 MB
2026-04-11 08:02:22 [INFO] [163/364] Split [17, 7, 5, 3] | Batch: 32 | Microbatch: 2 | Microbatches: 16
2026-04-11 08:02:22 [INFO] Loading WikiText... (SEQ_LEN=64, BATCH=32)
2026-04-11 08:02:36 [INFO] [Rank 3] Loading weights...
2026-04-11 08:02:37 [INFO] [Rank 3] Weights loaded.
2026-04-11 08:02:38 [INFO] [Rank 2] Loading weights...
2026-04-11 08:02:39 [INFO] [Rank 2] Weights loaded.
2026-04-11 08:02:41 [INFO] [Rank 1] Loading weights...
2026-04-11 08:02:42 [INFO] [Rank 1] Weights loaded.
2026-04-11 08:02:56 [INFO] [Rank 0] Loading weights...
2026-04-11 08:02:58 [INFO] [Rank 0] Weights loaded.
2026-04-11 08:10:27 [INFO] [Rank 2] Finished. Latency: 448884 ms
2026-04-11 08:10:27 [INFO] [Rank 0] Finished. Latency: 448884 ms
2026-04-11 08:10:27 [INFO] [Rank 1] Finished. Latency: 448884 ms
2026-04-11 08:10:27 [INFO] [Rank 3] Finished. Latency: 448890 ms
2026-04-11 08:10:31 [INFO] Total latency:     448884 ms
2026-04-11 08:10:31 [INFO] Peak 5GB memory:   2658 MB
2026-04-11 08:10:31 [INFO] Avg  5GB memory:   2183 MB
2026-04-11 08:10:31 [INFO] [164/364] Split [17, 7, 5, 3] | Batch: 64 | Microbatch: 32 | Microbatches: 2
2026-04-11 08:10:31 [INFO] Loading WikiText... (SEQ_LEN=64, BATCH=64)
2026-04-11 08:10:45 [INFO] [Rank 3] Loading weights...
2026-04-11 08:10:46 [INFO] [Rank 3] Weights loaded.
2026-04-11 08:10:47 [INFO] [Rank 2] Loading weights...
2026-04-11 08:10:48 [INFO] [Rank 2] Weights loaded.
2026-04-11 08:10:50 [INFO] [Rank 1] Loading weights...
2026-04-11 08:10:51 [INFO] [Rank 1] Weights loaded.
2026-04-11 08:11:05 [INFO] [Rank 0] Loading weights...
2026-04-11 08:11:07 [INFO] [Rank 0] Weights loaded.
2026-04-11 08:12:57 [ERROR] [Rank 2] OOM
2026-04-11 08:12:57 [ERROR] [Rank 3] Unexpected exception:
Traceback (most recent call last):
  File "/home/anurag_dutt/scripts/benchmark_pipeline_microbatching.py", line 545, in run_pipeline
    decode_recv_handles[mb_idx].wait()
  File "/home/anurag_dutt/scripts/mig_transport_pipeline_non_blocking.py", line 121, in wait
    _ORIGINAL_SEND(
  File "/home/anurag_dutt/scripts/mig_env/lib/python3.10/site-packages/torch/distributed/c10d_logger.py", line 81, in wrapper
    return func(*args, **kwargs)
  File "/home/anurag_dutt/scripts/mig_env/lib/python3.10/site-packages/torch/distributed/distributed_c10d.py", line 2496, in send
    work.wait()
RuntimeError: [/pytorch/third_party/gloo/gloo/transport/tcp/pair.cc:547] Connection closed by peer [10.128.0.8]:37088

2026-04-11 08:12:57 [ERROR] [Rank 0] Unexpected exception:
Traceback (most recent call last):
  File "/home/anurag_dutt/scripts/benchmark_pipeline_microbatching.py", line 576, in run_pipeline
    dist.recv(next_tokens, src=world_size - 1, tag=tok_tag)
  File "/home/anurag_dutt/scripts/mig_transport_pipeline_non_blocking.py", line 407, in patched_recv
    return _MIG_PIPE_ENGINE.recv(tensor, src, group=group, tag=tag)
  File "/home/anurag_dutt/scripts/mig_transport_pipeline_non_blocking.py", line 281, in recv
    _ORIGINAL_RECV(handshake, src=src, group=group, tag=tag)
  File "/home/anurag_dutt/scripts/mig_env/lib/python3.10/site-packages/torch/distributed/c10d_logger.py", line 81, in wrapper
    return func(*args, **kwargs)
  File "/home/anurag_dutt/scripts/mig_env/lib/python3.10/site-packages/torch/distributed/distributed_c10d.py", line 2529, in recv
    work.wait()
RuntimeError: [/pytorch/third_party/gloo/gloo/transport/tcp/pair.cc:547] Connection closed by peer [10.128.0.8]:16809

2026-04-11 08:12:57 [ERROR] [Rank 1] Unexpected exception:
Traceback (most recent call last):
  File "/home/anurag_dutt/scripts/benchmark_pipeline_microbatching.py", line 545, in run_pipeline
    decode_recv_handles[mb_idx].wait()
  File "/home/anurag_dutt/scripts/mig_transport_pipeline_non_blocking.py", line 113, in wait
    self._dist_handle.wait()
RuntimeError: [/pytorch/third_party/gloo/gloo/transport/tcp/pair.cc:547] Connection closed by peer [10.128.0.8]:42220

2026-04-11 08:13:01 [WARNING] OOM on Rank 2 — skipping.
2026-04-11 08:13:01 [INFO] [165/364] Split [17, 7, 5, 3] | Batch: 64 | Microbatch: 16 | Microbatches: 4
2026-04-11 08:13:01 [INFO] Loading WikiText... (SEQ_LEN=64, BATCH=64)
2026-04-11 08:13:15 [INFO] [Rank 3] Loading weights...
2026-04-11 08:13:16 [INFO] [Rank 3] Weights loaded.
2026-04-11 08:13:17 [INFO] [Rank 2] Loading weights...
2026-04-11 08:13:18 [INFO] [Rank 2] Weights loaded.
2026-04-11 08:13:20 [INFO] [Rank 1] Loading weights...
2026-04-11 08:13:21 [INFO] [Rank 1] Weights loaded.
2026-04-11 08:13:35 [INFO] [Rank 0] Loading weights...
2026-04-11 08:13:37 [INFO] [Rank 0] Weights loaded.
2026-04-11 08:16:10 [ERROR] [Rank 2] OOM
2026-04-11 08:16:10 [ERROR] [Rank 1] Unexpected exception:
Traceback (most recent call last):
  File "/home/anurag_dutt/scripts/benchmark_pipeline_microbatching.py", line 568, in run_pipeline
    h.wait()
  File "/home/anurag_dutt/scripts/mig_transport_pipeline_non_blocking.py", line 79, in wait
    _ORIGINAL_RECV(
  File "/home/anurag_dutt/scripts/mig_env/lib/python3.10/site-packages/torch/distributed/c10d_logger.py", line 81, in wrapper
    return func(*args, **kwargs)
  File "/home/anurag_dutt/scripts/mig_env/lib/python3.10/site-packages/torch/distributed/distributed_c10d.py", line 2529, in recv
    work.wait()
RuntimeError: [/pytorch/third_party/gloo/gloo/transport/tcp/pair.cc:547] Connection closed by peer [10.128.0.8]:13216

2026-04-11 08:16:10 [ERROR] [Rank 3] Unexpected exception:
Traceback (most recent call last):
  File "/home/anurag_dutt/scripts/benchmark_pipeline_microbatching.py", line 545, in run_pipeline
    decode_recv_handles[mb_idx].wait()
  File "/home/anurag_dutt/scripts/mig_transport_pipeline_non_blocking.py", line 121, in wait
    _ORIGINAL_SEND(
  File "/home/anurag_dutt/scripts/mig_env/lib/python3.10/site-packages/torch/distributed/c10d_logger.py", line 81, in wrapper
    return func(*args, **kwargs)
  File "/home/anurag_dutt/scripts/mig_env/lib/python3.10/site-packages/torch/distributed/distributed_c10d.py", line 2496, in send
    work.wait()
RuntimeError: [/pytorch/third_party/gloo/gloo/transport/tcp/pair.cc:547] Connection closed by peer [10.128.0.8]:14512

2026-04-11 08:16:10 [ERROR] [Rank 0] Unexpected exception:
Traceback (most recent call last):
  File "/home/anurag_dutt/scripts/benchmark_pipeline_microbatching.py", line 576, in run_pipeline
    dist.recv(next_tokens, src=world_size - 1, tag=tok_tag)
  File "/home/anurag_dutt/scripts/mig_transport_pipeline_non_blocking.py", line 407, in patched_recv
    return _MIG_PIPE_ENGINE.recv(tensor, src, group=group, tag=tag)
  File "/home/anurag_dutt/scripts/mig_transport_pipeline_non_blocking.py", line 281, in recv
    _ORIGINAL_RECV(handshake, src=src, group=group, tag=tag)
  File "/home/anurag_dutt/scripts/mig_env/lib/python3.10/site-packages/torch/distributed/c10d_logger.py", line 81, in wrapper
    return func(*args, **kwargs)
  File "/home/anurag_dutt/scripts/mig_env/lib/python3.10/site-packages/torch/distributed/distributed_c10d.py", line 2529, in recv
    work.wait()
RuntimeError: [/pytorch/third_party/gloo/gloo/transport/tcp/pair.cc:547] Connection closed by peer [10.128.0.8]:6573

2026-04-11 08:16:14 [WARNING] OOM on Rank 2 — skipping.
2026-04-11 08:16:14 [INFO] [166/364] Split [17, 7, 5, 3] | Batch: 64 | Microbatch: 8 | Microbatches: 8
2026-04-11 08:16:14 [INFO] Loading WikiText... (SEQ_LEN=64, BATCH=64)
2026-04-11 08:16:28 [INFO] [Rank 3] Loading weights...
2026-04-11 08:16:29 [INFO] [Rank 3] Weights loaded.
2026-04-11 08:16:30 [INFO] [Rank 2] Loading weights...
2026-04-11 08:16:31 [INFO] [Rank 2] Weights loaded.
2026-04-11 08:16:33 [INFO] [Rank 1] Loading weights...
2026-04-11 08:16:34 [INFO] [Rank 1] Weights loaded.
2026-04-11 08:16:48 [INFO] [Rank 0] Loading weights...
2026-04-11 08:16:50 [INFO] [Rank 0] Weights loaded.
2026-04-11 08:20:42 [ERROR] [Rank 2] OOM
2026-04-11 08:20:42 [ERROR] [Rank 3] Unexpected exception:
Traceback (most recent call last):
  File "/home/anurag_dutt/scripts/benchmark_pipeline_microbatching.py", line 545, in run_pipeline
    decode_recv_handles[mb_idx].wait()
  File "/home/anurag_dutt/scripts/mig_transport_pipeline_non_blocking.py", line 121, in wait
    _ORIGINAL_SEND(
  File "/home/anurag_dutt/scripts/mig_env/lib/python3.10/site-packages/torch/distributed/c10d_logger.py", line 81, in wrapper
    return func(*args, **kwargs)
  File "/home/anurag_dutt/scripts/mig_env/lib/python3.10/site-packages/torch/distributed/distributed_c10d.py", line 2496, in send
    work.wait()
RuntimeError: [/pytorch/third_party/gloo/gloo/transport/tcp/pair.cc:547] Connection closed by peer [10.128.0.8]:26343

2026-04-11 08:20:42 [ERROR] [Rank 0] Unexpected exception:
Traceback (most recent call last):
  File "/home/anurag_dutt/scripts/benchmark_pipeline_microbatching.py", line 576, in run_pipeline
    dist.recv(next_tokens, src=world_size - 1, tag=tok_tag)
  File "/home/anurag_dutt/scripts/mig_transport_pipeline_non_blocking.py", line 407, in patched_recv
    return _MIG_PIPE_ENGINE.recv(tensor, src, group=group, tag=tag)
  File "/home/anurag_dutt/scripts/mig_transport_pipeline_non_blocking.py", line 281, in recv
    _ORIGINAL_RECV(handshake, src=src, group=group, tag=tag)
  File "/home/anurag_dutt/scripts/mig_env/lib/python3.10/site-packages/torch/distributed/c10d_logger.py", line 81, in wrapper
    return func(*args, **kwargs)
  File "/home/anurag_dutt/scripts/mig_env/lib/python3.10/site-packages/torch/distributed/distributed_c10d.py", line 2529, in recv
    work.wait()
RuntimeError: [/pytorch/third_party/gloo/gloo/transport/tcp/pair.cc:547] Connection closed by peer [10.128.0.8]:7048

2026-04-11 08:20:42 [ERROR] [Rank 1] Unexpected exception:
Traceback (most recent call last):
  File "/home/anurag_dutt/scripts/benchmark_pipeline_microbatching.py", line 545, in run_pipeline
    decode_recv_handles[mb_idx].wait()
  File "/home/anurag_dutt/scripts/mig_transport_pipeline_non_blocking.py", line 113, in wait
    self._dist_handle.wait()
RuntimeError: [/pytorch/third_party/gloo/gloo/transport/tcp/pair.cc:547] Connection closed by peer [10.128.0.8]:15010

2026-04-11 08:20:46 [WARNING] OOM on Rank 2 — skipping.
2026-04-11 08:20:46 [INFO] [167/364] Split [17, 7, 5, 3] | Batch: 64 | Microbatch: 4 | Microbatches: 16
2026-04-11 08:20:46 [INFO] Loading WikiText... (SEQ_LEN=64, BATCH=64)
2026-04-11 08:21:00 [INFO] [Rank 3] Loading weights...
2026-04-11 08:21:01 [INFO] [Rank 3] Weights loaded.
2026-04-11 08:21:02 [INFO] [Rank 2] Loading weights...
2026-04-11 08:21:03 [INFO] [Rank 2] Weights loaded.
2026-04-11 08:21:05 [INFO] [Rank 1] Loading weights...
2026-04-11 08:21:06 [INFO] [Rank 1] Weights loaded.
2026-04-11 08:21:20 [INFO] [Rank 0] Loading weights...
2026-04-11 08:21:22 [INFO] [Rank 0] Weights loaded.
2026-04-11 08:27:13 [ERROR] [Rank 2] OOM
2026-04-11 08:27:13 [ERROR] [Rank 1] Unexpected exception:
Traceback (most recent call last):
  File "/home/anurag_dutt/scripts/benchmark_pipeline_microbatching.py", line 568, in run_pipeline
    h.wait()
  File "/home/anurag_dutt/scripts/mig_transport_pipeline_non_blocking.py", line 79, in wait
    _ORIGINAL_RECV(
  File "/home/anurag_dutt/scripts/mig_env/lib/python3.10/site-packages/torch/distributed/c10d_logger.py", line 81, in wrapper
    return func(*args, **kwargs)
  File "/home/anurag_dutt/scripts/mig_env/lib/python3.10/site-packages/torch/distributed/distributed_c10d.py", line 2529, in recv
    work.wait()
RuntimeError: [/pytorch/third_party/gloo/gloo/transport/tcp/pair.cc:547] Connection closed by peer [10.128.0.8]:27267

2026-04-11 08:27:13 [ERROR] [Rank 3] Unexpected exception:
Traceback (most recent call last):
  File "/home/anurag_dutt/scripts/benchmark_pipeline_microbatching.py", line 545, in run_pipeline
    decode_recv_handles[mb_idx].wait()
  File "/home/anurag_dutt/scripts/mig_transport_pipeline_non_blocking.py", line 113, in wait
    self._dist_handle.wait()
RuntimeError: [/pytorch/third_party/gloo/gloo/transport/tcp/pair.cc:547] Connection closed by peer [10.128.0.8]:44949

2026-04-11 08:27:13 [ERROR] [Rank 0] Unexpected exception:
Traceback (most recent call last):
  File "/home/anurag_dutt/scripts/benchmark_pipeline_microbatching.py", line 576, in run_pipeline
    dist.recv(next_tokens, src=world_size - 1, tag=tok_tag)
  File "/home/anurag_dutt/scripts/mig_transport_pipeline_non_blocking.py", line 407, in patched_recv
    return _MIG_PIPE_ENGINE.recv(tensor, src, group=group, tag=tag)
  File "/home/anurag_dutt/scripts/mig_transport_pipeline_non_blocking.py", line 281, in recv
    _ORIGINAL_RECV(handshake, src=src, group=group, tag=tag)
  File "/home/anurag_dutt/scripts/mig_env/lib/python3.10/site-packages/torch/distributed/c10d_logger.py", line 81, in wrapper
    return func(*args, **kwargs)
  File "/home/anurag_dutt/scripts/mig_env/lib/python3.10/site-packages/torch/distributed/distributed_c10d.py", line 2529, in recv
    work.wait()
RuntimeError: [/pytorch/third_party/gloo/gloo/transport/tcp/pair.cc:547] Connection closed by peer [10.128.0.8]:42152

2026-04-11 08:27:16 [WARNING] OOM on Rank 2 — skipping.
2026-04-11 08:27:16 [INFO] [168/364] Split [17, 7, 5, 3] | Batch: 64 | Microbatch: 2 | Microbatches: 32
2026-04-11 08:27:16 [INFO] Loading WikiText... (SEQ_LEN=64, BATCH=64)
2026-04-11 08:27:31 [INFO] [Rank 3] Loading weights...
2026-04-11 08:27:32 [INFO] [Rank 3] Weights loaded.
2026-04-11 08:27:33 [INFO] [Rank 2] Loading weights...
2026-04-11 08:27:34 [INFO] [Rank 2] Weights loaded.
2026-04-11 08:27:36 [INFO] [Rank 1] Loading weights...
2026-04-11 08:27:37 [INFO] [Rank 1] Weights loaded.
2026-04-11 08:27:51 [INFO] [Rank 0] Loading weights...
2026-04-11 08:27:53 [INFO] [Rank 0] Weights loaded.
2026-04-11 08:38:29 [ERROR] [Rank 2] OOM
2026-04-11 08:38:29 [ERROR] [Rank 1] Unexpected exception:
Traceback (most recent call last):
  File "/home/anurag_dutt/scripts/benchmark_pipeline_microbatching.py", line 568, in run_pipeline
    h.wait()
  File "/home/anurag_dutt/scripts/mig_transport_pipeline_non_blocking.py", line 79, in wait
    _ORIGINAL_RECV(
  File "/home/anurag_dutt/scripts/mig_env/lib/python3.10/site-packages/torch/distributed/c10d_logger.py", line 81, in wrapper
    return func(*args, **kwargs)
  File "/home/anurag_dutt/scripts/mig_env/lib/python3.10/site-packages/torch/distributed/distributed_c10d.py", line 2529, in recv
    work.wait()
RuntimeError: [/pytorch/third_party/gloo/gloo/transport/tcp/pair.cc:547] Connection closed by peer [10.128.0.8]:22448

2026-04-11 08:38:29 [ERROR] [Rank 3] Unexpected exception:
Traceback (most recent call last):
  File "/home/anurag_dutt/scripts/benchmark_pipeline_microbatching.py", line 545, in run_pipeline
    decode_recv_handles[mb_idx].wait()
  File "/home/anurag_dutt/scripts/mig_transport_pipeline_non_blocking.py", line 121, in wait
    _ORIGINAL_SEND(
  File "/home/anurag_dutt/scripts/mig_env/lib/python3.10/site-packages/torch/distributed/c10d_logger.py", line 81, in wrapper
    return func(*args, **kwargs)
  File "/home/anurag_dutt/scripts/mig_env/lib/python3.10/site-packages/torch/distributed/distributed_c10d.py", line 2496, in send
    work.wait()
RuntimeError: [/pytorch/third_party/gloo/gloo/transport/tcp/pair.cc:547] Connection closed by peer [10.128.0.8]:22448

2026-04-11 08:38:29 [ERROR] [Rank 0] Unexpected exception:
Traceback (most recent call last):
  File "/home/anurag_dutt/scripts/benchmark_pipeline_microbatching.py", line 576, in run_pipeline
    dist.recv(next_tokens, src=world_size - 1, tag=tok_tag)
  File "/home/anurag_dutt/scripts/mig_transport_pipeline_non_blocking.py", line 407, in patched_recv
    return _MIG_PIPE_ENGINE.recv(tensor, src, group=group, tag=tag)
  File "/home/anurag_dutt/scripts/mig_transport_pipeline_non_blocking.py", line 281, in recv
    _ORIGINAL_RECV(handshake, src=src, group=group, tag=tag)
  File "/home/anurag_dutt/scripts/mig_env/lib/python3.10/site-packages/torch/distributed/c10d_logger.py", line 81, in wrapper
    return func(*args, **kwargs)
  File "/home/anurag_dutt/scripts/mig_env/lib/python3.10/site-packages/torch/distributed/distributed_c10d.py", line 2529, in recv
    work.wait()
RuntimeError: [/pytorch/third_party/gloo/gloo/transport/tcp/pair.cc:547] Connection closed by peer [10.128.0.8]:56041

2026-04-11 08:38:33 [WARNING] OOM on Rank 2 — skipping.
2026-04-11 08:38:33 [INFO] [169/364] Split [17, 8, 4, 3] | Batch: 8 | Microbatch: 4 | Microbatches: 2
2026-04-11 08:38:33 [INFO] Loading WikiText... (SEQ_LEN=64, BATCH=8)
2026-04-11 08:38:35 [WARNING] '('Connection broken: IncompleteRead(0 bytes read, 65536 more expected)', IncompleteRead(0 bytes read, 65536 more expected))' thrown while requesting GET https://huggingface.co/datasets/wikitext/resolve/b08601e04326c79dfdd32d625aee71d232d685c3/wikitext-2-raw-v1/test-00000-of-00001.parquet
2026-04-11 08:38:35 [WARNING] Retrying in 1s [Retry 1/5].
2026-04-11 08:38:49 [INFO] [Rank 3] Loading weights...
2026-04-11 08:38:50 [INFO] [Rank 2] Loading weights...
2026-04-11 08:38:50 [INFO] [Rank 3] Weights loaded.
2026-04-11 08:38:51 [INFO] [Rank 2] Weights loaded.
2026-04-11 08:38:56 [INFO] [Rank 1] Loading weights...
2026-04-11 08:38:57 [INFO] [Rank 1] Weights loaded.
2026-04-11 08:39:09 [INFO] [Rank 0] Loading weights...
2026-04-11 08:39:12 [INFO] [Rank 0] Weights loaded.
2026-04-11 08:40:11 [INFO] [Rank 2] Finished. Latency: 58994 ms
2026-04-11 08:40:11 [INFO] [Rank 0] Finished. Latency: 58994 ms
2026-04-11 08:40:11 [INFO] [Rank 1] Finished. Latency: 58994 ms
2026-04-11 08:40:11 [INFO] [Rank 3] Finished. Latency: 59001 ms
2026-04-11 08:40:14 [INFO] Total latency:     58994 ms
2026-04-11 08:40:14 [INFO] Peak 5GB memory:   2056 MB
2026-04-11 08:40:14 [INFO] Avg  5GB memory:   1537 MB
2026-04-11 08:40:14 [INFO] [170/364] Split [17, 8, 4, 3] | Batch: 8 | Microbatch: 2 | Microbatches: 4
2026-04-11 08:40:14 [INFO] Loading WikiText... (SEQ_LEN=64, BATCH=8)
2026-04-11 08:40:28 [INFO] [Rank 3] Loading weights...
2026-04-11 08:40:29 [INFO] [Rank 2] Loading weights...
2026-04-11 08:40:29 [INFO] [Rank 3] Weights loaded.
2026-04-11 08:40:30 [INFO] [Rank 2] Weights loaded.
2026-04-11 08:40:34 [INFO] [Rank 1] Loading weights...
2026-04-11 08:40:36 [INFO] [Rank 1] Weights loaded.
2026-04-11 08:40:48 [INFO] [Rank 0] Loading weights...
2026-04-11 08:40:50 [INFO] [Rank 0] Weights loaded.
2026-04-11 08:42:42 [INFO] [Rank 2] Finished. Latency: 111858 ms
2026-04-11 08:42:42 [INFO] [Rank 1] Finished. Latency: 111858 ms
2026-04-11 08:42:42 [INFO] [Rank 0] Finished. Latency: 111858 ms
2026-04-11 08:42:42 [INFO] [Rank 3] Finished. Latency: 111864 ms
2026-04-11 08:42:46 [INFO] Total latency:     111858 ms
2026-04-11 08:42:46 [INFO] Peak 5GB memory:   1852 MB
2026-04-11 08:42:46 [INFO] Avg  5GB memory:   1591 MB
2026-04-11 08:42:46 [INFO] [171/364] Split [17, 8, 4, 3] | Batch: 16 | Microbatch: 8 | Microbatches: 2
2026-04-11 08:42:46 [INFO] Loading WikiText... (SEQ_LEN=64, BATCH=16)
2026-04-11 08:43:00 [INFO] [Rank 3] Loading weights...
2026-04-11 08:43:01 [INFO] [Rank 2] Loading weights...
2026-04-11 08:43:01 [INFO] [Rank 3] Weights loaded.
2026-04-11 08:43:01 [INFO] [Rank 2] Weights loaded.
2026-04-11 08:43:06 [INFO] [Rank 1] Loading weights...
2026-04-11 08:43:07 [INFO] [Rank 1] Weights loaded.
2026-04-11 08:43:20 [INFO] [Rank 0] Loading weights...
2026-04-11 08:43:22 [INFO] [Rank 0] Weights loaded.
2026-04-11 08:44:28 [INFO] [Rank 2] Finished. Latency: 66106 ms
2026-04-11 08:44:28 [INFO] [Rank 0] Finished. Latency: 66106 ms
2026-04-11 08:44:28 [INFO] [Rank 1] Finished. Latency: 66106 ms
2026-04-11 08:44:28 [INFO] [Rank 3] Finished. Latency: 66116 ms
2026-04-11 08:44:32 [INFO] Total latency:     66106 ms
2026-04-11 08:44:32 [INFO] Peak 5GB memory:   4462 MB
2026-04-11 08:44:32 [INFO] Avg  5GB memory:   2081 MB
2026-04-11 08:44:32 [INFO] [172/364] Split [17, 8, 4, 3] | Batch: 16 | Microbatch: 4 | Microbatches: 4
2026-04-11 08:44:32 [INFO] Loading WikiText... (SEQ_LEN=64, BATCH=16)
2026-04-11 08:44:46 [INFO] [Rank 3] Loading weights...
2026-04-11 08:44:47 [INFO] [Rank 2] Loading weights...
2026-04-11 08:44:47 [INFO] [Rank 3] Weights loaded.
2026-04-11 08:44:48 [INFO] [Rank 2] Weights loaded.
2026-04-11 08:44:53 [INFO] [Rank 1] Loading weights...
2026-04-11 08:44:54 [INFO] [Rank 1] Weights loaded.
2026-04-11 08:45:06 [INFO] [Rank 0] Loading weights...
2026-04-11 08:45:09 [INFO] [Rank 0] Weights loaded.
2026-04-11 08:47:06 [INFO] [Rank 2] Finished. Latency: 116914 ms
2026-04-11 08:47:06 [INFO] [Rank 1] Finished. Latency: 116914 ms
2026-04-11 08:47:06 [INFO] [Rank 0] Finished. Latency: 116914 ms
2026-04-11 08:47:06 [INFO] [Rank 3] Finished. Latency: 116921 ms
2026-04-11 08:47:09 [INFO] Total latency:     116914 ms
2026-04-11 08:47:09 [INFO] Peak 5GB memory:   2536 MB
2026-04-11 08:47:09 [INFO] Avg  5GB memory:   1790 MB
2026-04-11 08:47:09 [INFO] [173/364] Split [17, 8, 4, 3] | Batch: 16 | Microbatch: 2 | Microbatches: 8
2026-04-11 08:47:09 [INFO] Loading WikiText... (SEQ_LEN=64, BATCH=16)
2026-04-11 08:47:23 [INFO] [Rank 3] Loading weights...
2026-04-11 08:47:24 [INFO] [Rank 2] Loading weights...
2026-04-11 08:47:24 [INFO] [Rank 3] Weights loaded.
2026-04-11 08:47:25 [INFO] [Rank 2] Weights loaded.
2026-04-11 08:47:30 [INFO] [Rank 1] Loading weights...
2026-04-11 08:47:31 [INFO] [Rank 1] Weights loaded.
2026-04-11 08:47:43 [INFO] [Rank 0] Loading weights...
2026-04-11 08:47:46 [INFO] [Rank 0] Weights loaded.
2026-04-11 08:51:26 [INFO] [Rank 2] Finished. Latency: 220790 ms
2026-04-11 08:51:26 [INFO] [Rank 1] Finished. Latency: 220790 ms
2026-04-11 08:51:26 [INFO] [Rank 0] Finished. Latency: 220791 ms
2026-04-11 08:51:26 [INFO] [Rank 3] Finished. Latency: 220797 ms
2026-04-11 08:51:30 [INFO] Total latency:     220791 ms
2026-04-11 08:51:30 [INFO] Peak 5GB memory:   2120 MB
2026-04-11 08:51:30 [INFO] Avg  5GB memory:   1809 MB
2026-04-11 08:51:30 [INFO] [174/364] Split [17, 8, 4, 3] | Batch: 32 | Microbatch: 16 | Microbatches: 2
2026-04-11 08:51:30 [INFO] Loading WikiText... (SEQ_LEN=64, BATCH=32)
2026-04-11 08:51:44 [INFO] [Rank 3] Loading weights...
2026-04-11 08:51:45 [INFO] [Rank 2] Loading weights...
2026-04-11 08:51:45 [INFO] [Rank 3] Weights loaded.
2026-04-11 08:51:45 [INFO] [Rank 2] Weights loaded.
2026-04-11 08:51:50 [INFO] [Rank 1] Loading weights...
2026-04-11 08:51:51 [INFO] [Rank 1] Weights loaded.
2026-04-11 08:52:06 [INFO] [Rank 0] Loading weights...
2026-04-11 08:52:08 [INFO] [Rank 0] Weights loaded.
2026-04-11 08:53:32 [INFO] [Rank 1] Finished. Latency: 83438 ms
2026-04-11 08:53:32 [INFO] [Rank 2] Finished. Latency: 83438 ms
2026-04-11 08:53:32 [INFO] [Rank 0] Finished. Latency: 83438 ms
2026-04-11 08:53:32 [INFO] [Rank 3] Finished. Latency: 83453 ms
2026-04-11 08:53:36 [INFO] Total latency:     83438 ms
2026-04-11 08:53:36 [INFO] Peak 5GB memory:   4822 MB
2026-04-11 08:53:36 [INFO] Avg  5GB memory:   2634 MB
2026-04-11 08:53:36 [INFO] [175/364] Split [17, 8, 4, 3] | Batch: 32 | Microbatch: 8 | Microbatches: 4
2026-04-11 08:53:36 [INFO] Loading WikiText... (SEQ_LEN=64, BATCH=32)
2026-04-11 08:53:50 [INFO] [Rank 3] Loading weights...
2026-04-11 08:53:50 [INFO] [Rank 2] Loading weights...
2026-04-11 08:53:51 [INFO] [Rank 3] Weights loaded.
2026-04-11 08:53:51 [INFO] [Rank 2] Weights loaded.
2026-04-11 08:53:56 [INFO] [Rank 1] Loading weights...
2026-04-11 08:53:57 [INFO] [Rank 1] Weights loaded.
2026-04-11 08:54:10 [INFO] [Rank 0] Loading weights...
2026-04-11 08:54:12 [INFO] [Rank 0] Weights loaded.
2026-04-11 08:56:23 [INFO] [Rank 2] Finished. Latency: 131297 ms
2026-04-11 08:56:23 [INFO] [Rank 1] Finished. Latency: 131297 ms
2026-04-11 08:56:23 [INFO] [Rank 0] Finished. Latency: 131297 ms
2026-04-11 08:56:23 [INFO] [Rank 3] Finished. Latency: 131307 ms
2026-04-11 08:56:27 [INFO] Total latency:     131297 ms
2026-04-11 08:56:27 [INFO] Peak 5GB memory:   4500 MB
2026-04-11 08:56:27 [INFO] Avg  5GB memory:   2528 MB
2026-04-11 08:56:27 [INFO] [176/364] Split [17, 8, 4, 3] | Batch: 32 | Microbatch: 4 | Microbatches: 8
2026-04-11 08:56:27 [INFO] Loading WikiText... (SEQ_LEN=64, BATCH=32)
2026-04-11 08:56:41 [INFO] [Rank 3] Loading weights...
2026-04-11 08:56:41 [INFO] [Rank 2] Loading weights...
2026-04-11 08:56:42 [INFO] [Rank 3] Weights loaded.
2026-04-11 08:56:42 [INFO] [Rank 2] Weights loaded.
2026-04-11 08:56:47 [INFO] [Rank 1] Loading weights...
2026-04-11 08:56:48 [INFO] [Rank 1] Weights loaded.
2026-04-11 08:57:00 [INFO] [Rank 0] Loading weights...
2026-04-11 08:57:03 [INFO] [Rank 0] Weights loaded.
2026-04-11 09:00:55 [INFO] [Rank 1] Finished. Latency: 232012 ms
2026-04-11 09:00:55 [INFO] [Rank 2] Finished. Latency: 232012 ms
2026-04-11 09:00:55 [INFO] [Rank 0] Finished. Latency: 232012 ms
2026-04-11 09:00:55 [INFO] [Rank 3] Finished. Latency: 232020 ms
2026-04-11 09:00:58 [INFO] Total latency:     232012 ms
2026-04-11 09:00:58 [INFO] Peak 5GB memory:   3516 MB
2026-04-11 09:00:58 [INFO] Avg  5GB memory:   2267 MB
2026-04-11 09:00:58 [INFO] [177/364] Split [17, 8, 4, 3] | Batch: 32 | Microbatch: 2 | Microbatches: 16
2026-04-11 09:00:58 [INFO] Loading WikiText... (SEQ_LEN=64, BATCH=32)
2026-04-11 09:01:12 [INFO] [Rank 3] Loading weights...
2026-04-11 09:01:13 [INFO] [Rank 2] Loading weights...
2026-04-11 09:01:13 [INFO] [Rank 3] Weights loaded.
2026-04-11 09:01:14 [INFO] [Rank 2] Weights loaded.
2026-04-11 09:01:19 [INFO] [Rank 1] Loading weights...
2026-04-11 09:01:20 [INFO] [Rank 1] Weights loaded.
2026-04-11 09:01:33 [INFO] [Rank 0] Loading weights...
2026-04-11 09:01:36 [INFO] [Rank 0] Weights loaded.
2026-04-11 09:08:57 [INFO] [Rank 2] Finished. Latency: 441418 ms
2026-04-11 09:08:57 [INFO] [Rank 1] Finished. Latency: 441418 ms
2026-04-11 09:08:57 [INFO] [Rank 0] Finished. Latency: 441418 ms
2026-04-11 09:08:57 [INFO] [Rank 3] Finished. Latency: 441424 ms
2026-04-11 09:09:01 [INFO] Total latency:     441418 ms
2026-04-11 09:09:01 [INFO] Peak 5GB memory:   2658 MB
2026-04-11 09:09:01 [INFO] Avg  5GB memory:   2183 MB
2026-04-11 09:09:01 [INFO] [178/364] Split [17, 8, 4, 3] | Batch: 64 | Microbatch: 32 | Microbatches: 2
2026-04-11 09:09:01 [INFO] Loading WikiText... (SEQ_LEN=64, BATCH=64)
2026-04-11 09:09:03 [WARNING] '('Connection broken: IncompleteRead(0 bytes read, 732606 more expected)', IncompleteRead(0 bytes read, 732606 more expected))' thrown while requesting GET https://huggingface.co/datasets/wikitext/resolve/b08601e04326c79dfdd32d625aee71d232d685c3/wikitext-2-raw-v1/test-00000-of-00001.parquet
2026-04-11 09:09:03 [WARNING] Retrying in 1s [Retry 1/5].
2026-04-11 09:09:17 [INFO] [Rank 3] Loading weights...
2026-04-11 09:09:18 [INFO] [Rank 2] Loading weights...
2026-04-11 09:09:18 [INFO] [Rank 3] Weights loaded.
2026-04-11 09:09:18 [INFO] [Rank 2] Weights loaded.
2026-04-11 09:09:23 [INFO] [Rank 1] Loading weights...
2026-04-11 09:09:24 [INFO] [Rank 1] Weights loaded.
2026-04-11 09:09:37 [INFO] [Rank 0] Loading weights...
2026-04-11 09:09:39 [INFO] [Rank 0] Weights loaded.
2026-04-11 09:11:45 [INFO] [Rank 2] Finished. Latency: 126176 ms
2026-04-11 09:11:45 [INFO] [Rank 1] Finished. Latency: 126177 ms
2026-04-11 09:11:45 [INFO] [Rank 0] Finished. Latency: 126177 ms
2026-04-11 09:11:45 [INFO] [Rank 3] Finished. Latency: 126201 ms
2026-04-11 09:11:49 [INFO] Total latency:     126177 ms
2026-04-11 09:11:49 [INFO] Peak 5GB memory:   4864 MB
2026-04-11 09:11:49 [INFO] Avg  5GB memory:   3120 MB
2026-04-11 09:11:49 [INFO] [179/364] Split [17, 8, 4, 3] | Batch: 64 | Microbatch: 16 | Microbatches: 4
2026-04-11 09:11:49 [INFO] Loading WikiText... (SEQ_LEN=64, BATCH=64)
2026-04-11 09:11:51 [WARNING] '('Connection broken: IncompleteRead(0 bytes read, 65536 more expected)', IncompleteRead(0 bytes read, 65536 more expected))' thrown while requesting GET https://huggingface.co/datasets/wikitext/resolve/b08601e04326c79dfdd32d625aee71d232d685c3/wikitext-2-raw-v1/test-00000-of-00001.parquet
2026-04-11 09:11:51 [WARNING] Retrying in 1s [Retry 1/5].
2026-04-11 09:12:05 [INFO] [Rank 3] Loading weights...
2026-04-11 09:12:06 [INFO] [Rank 2] Loading weights...
2026-04-11 09:12:06 [INFO] [Rank 3] Weights loaded.
2026-04-11 09:12:06 [INFO] [Rank 2] Weights loaded.
2026-04-11 09:12:11 [INFO] [Rank 1] Loading weights...
2026-04-11 09:12:13 [INFO] [Rank 1] Weights loaded.
2026-04-11 09:12:25 [INFO] [Rank 0] Loading weights...
2026-04-11 09:12:27 [INFO] [Rank 0] Weights loaded.
2026-04-11 09:15:15 [INFO] [Rank 2] Finished. Latency: 167818 ms
2026-04-11 09:15:15 [INFO] [Rank 1] Finished. Latency: 167818 ms
2026-04-11 09:15:15 [INFO] [Rank 0] Finished. Latency: 167818 ms
2026-04-11 09:15:15 [INFO] [Rank 3] Finished. Latency: 167833 ms
2026-04-11 09:15:19 [INFO] Total latency:     167818 ms
2026-04-11 09:15:19 [INFO] Peak 5GB memory:   4864 MB
2026-04-11 09:15:19 [INFO] Avg  5GB memory:   3077 MB
2026-04-11 09:15:19 [INFO] [180/364] Split [17, 8, 4, 3] | Batch: 64 | Microbatch: 8 | Microbatches: 8
2026-04-11 09:15:19 [INFO] Loading WikiText... (SEQ_LEN=64, BATCH=64)
2026-04-11 09:15:33 [INFO] [Rank 3] Loading weights...
2026-04-11 09:15:33 [INFO] [Rank 2] Loading weights...
2026-04-11 09:15:34 [INFO] [Rank 3] Weights loaded.
2026-04-11 09:15:34 [INFO] [Rank 2] Weights loaded.
2026-04-11 09:15:39 [INFO] [Rank 1] Loading weights...
2026-04-11 09:15:40 [INFO] [Rank 1] Weights loaded.
2026-04-11 09:15:53 [INFO] [Rank 0] Loading weights...
2026-04-11 09:15:55 [INFO] [Rank 0] Weights loaded.
2026-04-11 09:20:17 [INFO] [Rank 1] Finished. Latency: 262218 ms
2026-04-11 09:20:17 [INFO] [Rank 2] Finished. Latency: 262218 ms
2026-04-11 09:20:17 [INFO] [Rank 0] Finished. Latency: 262218 ms
2026-04-11 09:20:17 [INFO] [Rank 3] Finished. Latency: 262228 ms
2026-04-11 09:20:21 [INFO] Total latency:     262218 ms
2026-04-11 09:20:21 [INFO] Peak 5GB memory:   4700 MB
2026-04-11 09:20:21 [INFO] Avg  5GB memory:   3286 MB
2026-04-11 09:20:21 [INFO] [181/364] Split [17, 8, 4, 3] | Batch: 64 | Microbatch: 4 | Microbatches: 16
2026-04-11 09:20:21 [INFO] Loading WikiText... (SEQ_LEN=64, BATCH=64)
2026-04-11 09:20:23 [WARNING] '('Connection broken: IncompleteRead(0 bytes read, 65536 more expected)', IncompleteRead(0 bytes read, 65536 more expected))' thrown while requesting GET https://huggingface.co/datasets/wikitext/resolve/b08601e04326c79dfdd32d625aee71d232d685c3/wikitext-2-raw-v1/test-00000-of-00001.parquet
2026-04-11 09:20:23 [WARNING] Retrying in 1s [Retry 1/5].
2026-04-11 09:20:37 [INFO] [Rank 3] Loading weights...
2026-04-11 09:20:38 [INFO] [Rank 2] Loading weights...
2026-04-11 09:20:38 [INFO] [Rank 3] Weights loaded.
2026-04-11 09:20:39 [INFO] [Rank 2] Weights loaded.
2026-04-11 09:20:44 [INFO] [Rank 1] Loading weights...
2026-04-11 09:20:45 [INFO] [Rank 1] Weights loaded.
2026-04-11 09:20:57 [INFO] [Rank 0] Loading weights...
2026-04-11 09:20:59 [INFO] [Rank 0] Weights loaded.
2026-04-11 09:28:41 [INFO] [Rank 2] Finished. Latency: 461742 ms
2026-04-11 09:28:41 [INFO] [Rank 1] Finished. Latency: 461742 ms
2026-04-11 09:28:41 [INFO] [Rank 0] Finished. Latency: 461742 ms
2026-04-11 09:28:41 [INFO] [Rank 3] Finished. Latency: 461749 ms
2026-04-11 09:28:45 [INFO] Total latency:     461742 ms
2026-04-11 09:28:45 [INFO] Peak 5GB memory:   4594 MB
2026-04-11 09:28:45 [INFO] Avg  5GB memory:   2965 MB
2026-04-11 09:28:45 [INFO] [182/364] Split [17, 8, 4, 3] | Batch: 64 | Microbatch: 2 | Microbatches: 32
2026-04-11 09:28:45 [INFO] Loading WikiText... (SEQ_LEN=64, BATCH=64)
2026-04-11 09:28:59 [INFO] [Rank 3] Loading weights...
2026-04-11 09:28:59 [INFO] [Rank 2] Loading weights...
2026-04-11 09:29:00 [INFO] [Rank 3] Weights loaded.
2026-04-11 09:29:00 [INFO] [Rank 2] Weights loaded.
2026-04-11 09:29:05 [INFO] [Rank 1] Loading weights...
2026-04-11 09:29:06 [INFO] [Rank 1] Weights loaded.
2026-04-11 09:29:19 [INFO] [Rank 0] Loading weights...
2026-04-11 09:29:21 [INFO] [Rank 0] Weights loaded.
2026-04-11 09:44:04 [INFO] [Rank 2] Finished. Latency: 883441 ms
2026-04-11 09:44:04 [INFO] [Rank 1] Finished. Latency: 883441 ms
2026-04-11 09:44:04 [INFO] [Rank 0] Finished. Latency: 883441 ms
2026-04-11 09:44:04 [INFO] [Rank 3] Finished. Latency: 883447 ms
2026-04-11 09:44:08 [INFO] Total latency:     883441 ms
2026-04-11 09:44:08 [INFO] Peak 5GB memory:   3730 MB
2026-04-11 09:44:08 [INFO] Avg  5GB memory:   2883 MB
2026-04-11 09:44:08 [INFO] [183/364] Split [17, 8, 5, 2] | Batch: 8 | Microbatch: 4 | Microbatches: 2
2026-04-11 09:44:08 [INFO] Loading WikiText... (SEQ_LEN=64, BATCH=8)
2026-04-11 09:44:21 [INFO] [Rank 3] Loading weights...
2026-04-11 09:44:22 [INFO] [Rank 3] Weights loaded.
2026-04-11 09:44:25 [INFO] [Rank 2] Loading weights...
2026-04-11 09:44:26 [INFO] [Rank 2] Weights loaded.
2026-04-11 09:44:29 [INFO] [Rank 1] Loading weights...
2026-04-11 09:44:30 [INFO] [Rank 1] Weights loaded.
2026-04-11 09:44:43 [INFO] [Rank 0] Loading weights...
2026-04-11 09:44:45 [INFO] [Rank 0] Weights loaded.
2026-04-11 09:45:44 [INFO] [Rank 0] Finished. Latency: 59048 ms
2026-04-11 09:45:44 [INFO] [Rank 2] Finished. Latency: 59048 ms
2026-04-11 09:45:44 [INFO] [Rank 1] Finished. Latency: 59048 ms
2026-04-11 09:45:44 [INFO] [Rank 3] Finished. Latency: 59053 ms
2026-04-11 09:45:48 [INFO] Total latency:     59048 ms
2026-04-11 09:45:48 [INFO] Peak 5GB memory:   1632 MB
2026-04-11 09:45:48 [INFO] Avg  5GB memory:   1155 MB
2026-04-11 09:45:48 [INFO] [184/364] Split [17, 8, 5, 2] | Batch: 8 | Microbatch: 2 | Microbatches: 4
2026-04-11 09:45:48 [INFO] Loading WikiText... (SEQ_LEN=64, BATCH=8)
2026-04-11 09:46:00 [INFO] [Rank 3] Loading weights...
2026-04-11 09:46:01 [INFO] [Rank 3] Weights loaded.
2026-04-11 09:46:03 [INFO] [Rank 2] Loading weights...
2026-04-11 09:46:04 [INFO] [Rank 2] Weights loaded.
2026-04-11 09:46:08 [INFO] [Rank 1] Loading weights...
2026-04-11 09:46:09 [INFO] [Rank 1] Weights loaded.
2026-04-11 09:46:21 [INFO] [Rank 0] Loading weights...
2026-04-11 09:46:24 [INFO] [Rank 0] Weights loaded.
2026-04-11 09:48:15 [INFO] [Rank 1] Finished. Latency: 110963 ms
2026-04-11 09:48:15 [INFO] [Rank 2] Finished. Latency: 110963 ms
2026-04-11 09:48:15 [INFO] [Rank 0] Finished. Latency: 110963 ms
2026-04-11 09:48:15 [INFO] [Rank 3] Finished. Latency: 110968 ms
2026-04-11 09:48:18 [INFO] Total latency:     110963 ms
2026-04-11 09:48:18 [INFO] Peak 5GB memory:   1378 MB
2026-04-11 09:48:18 [INFO] Avg  5GB memory:   1194 MB
2026-04-11 09:48:18 [INFO] [185/364] Split [17, 8, 5, 2] | Batch: 16 | Microbatch: 8 | Microbatches: 2
2026-04-11 09:48:18 [INFO] Loading WikiText... (SEQ_LEN=64, BATCH=16)
2026-04-11 09:48:31 [INFO] [Rank 3] Loading weights...
2026-04-11 09:48:31 [INFO] [Rank 3] Weights loaded.
2026-04-11 09:48:34 [INFO] [Rank 2] Loading weights...
2026-04-11 09:48:35 [INFO] [Rank 2] Weights loaded.
2026-04-11 09:48:39 [INFO] [Rank 1] Loading weights...
2026-04-11 09:48:40 [INFO] [Rank 1] Weights loaded.
2026-04-11 09:48:52 [INFO] [Rank 0] Loading weights...
2026-04-11 09:48:54 [INFO] [Rank 0] Weights loaded.
2026-04-11 09:50:00 [INFO] [Rank 1] Finished. Latency: 65993 ms
2026-04-11 09:50:00 [INFO] [Rank 2] Finished. Latency: 65993 ms
2026-04-11 09:50:00 [INFO] [Rank 0] Finished. Latency: 65993 ms
2026-04-11 09:50:00 [INFO] [Rank 3] Finished. Latency: 65999 ms
2026-04-11 09:50:04 [INFO] Total latency:     65993 ms
2026-04-11 09:50:04 [INFO] Peak 5GB memory:   3798 MB
2026-04-11 09:50:04 [INFO] Avg  5GB memory:   1730 MB
2026-04-11 09:50:04 [INFO] [186/364] Split [17, 8, 5, 2] | Batch: 16 | Microbatch: 4 | Microbatches: 4
2026-04-11 09:50:04 [INFO] Loading WikiText... (SEQ_LEN=64, BATCH=16)
2026-04-11 09:50:17 [INFO] [Rank 3] Loading weights...
2026-04-11 09:50:17 [INFO] [Rank 3] Weights loaded.
2026-04-11 09:50:20 [INFO] [Rank 2] Loading weights...
2026-04-11 09:50:21 [INFO] [Rank 2] Weights loaded.
2026-04-11 09:50:24 [INFO] [Rank 1] Loading weights...
2026-04-11 09:50:26 [INFO] [Rank 1] Weights loaded.
2026-04-11 09:50:38 [INFO] [Rank 0] Loading weights...
2026-04-11 09:50:40 [INFO] [Rank 0] Weights loaded.
2026-04-11 09:52:37 [INFO] [Rank 2] Finished. Latency: 116457 ms
2026-04-11 09:52:37 [INFO] [Rank 1] Finished. Latency: 116457 ms
2026-04-11 09:52:37 [INFO] [Rank 0] Finished. Latency: 116457 ms
2026-04-11 09:52:37 [INFO] [Rank 3] Finished. Latency: 116462 ms
2026-04-11 09:52:41 [INFO] Total latency:     116457 ms
2026-04-11 09:52:41 [INFO] Peak 5GB memory:   1830 MB
2026-04-11 09:52:41 [INFO] Avg  5GB memory:   1327 MB
2026-04-11 09:52:41 [INFO] [187/364] Split [17, 8, 5, 2] | Batch: 16 | Microbatch: 2 | Microbatches: 8
2026-04-11 09:52:41 [INFO] Loading WikiText... (SEQ_LEN=64, BATCH=16)
2026-04-11 09:52:53 [INFO] [Rank 3] Loading weights...
2026-04-11 09:52:54 [INFO] [Rank 3] Weights loaded.
2026-04-11 09:52:57 [INFO] [Rank 2] Loading weights...
2026-04-11 09:52:58 [INFO] [Rank 2] Weights loaded.
2026-04-11 09:53:01 [INFO] [Rank 1] Loading weights...
2026-04-11 09:53:02 [INFO] [Rank 1] Weights loaded.
2026-04-11 09:53:15 [INFO] [Rank 0] Loading weights...
2026-04-11 09:53:17 [INFO] [Rank 0] Weights loaded.
2026-04-11 09:56:58 [INFO] [Rank 2] Finished. Latency: 221161 ms
2026-04-11 09:56:58 [INFO] [Rank 1] Finished. Latency: 221161 ms
2026-04-11 09:56:58 [INFO] [Rank 0] Finished. Latency: 221162 ms
2026-04-11 09:56:58 [INFO] [Rank 3] Finished. Latency: 221166 ms
2026-04-11 09:57:02 [INFO] Total latency:     221162 ms
2026-04-11 09:57:02 [INFO] Peak 5GB memory:   1558 MB
2026-04-11 09:57:02 [INFO] Avg  5GB memory:   1340 MB
2026-04-11 09:57:02 [INFO] [188/364] Split [17, 8, 5, 2] | Batch: 32 | Microbatch: 16 | Microbatches: 2
2026-04-11 09:57:02 [INFO] Loading WikiText... (SEQ_LEN=64, BATCH=32)
2026-04-11 09:57:04 [WARNING] '('Connection broken: IncompleteRead(0 bytes read, 732606 more expected)', IncompleteRead(0 bytes read, 732606 more expected))' thrown while requesting GET https://huggingface.co/datasets/wikitext/resolve/b08601e04326c79dfdd32d625aee71d232d685c3/wikitext-2-raw-v1/test-00000-of-00001.parquet
2026-04-11 09:57:04 [WARNING] Retrying in 1s [Retry 1/5].
2026-04-11 09:57:17 [INFO] [Rank 3] Loading weights...
2026-04-11 09:57:17 [INFO] [Rank 3] Weights loaded.
2026-04-11 09:57:20 [INFO] [Rank 2] Loading weights...
2026-04-11 09:57:21 [INFO] [Rank 2] Weights loaded.
2026-04-11 09:57:25 [INFO] [Rank 1] Loading weights...
2026-04-11 09:57:26 [INFO] [Rank 1] Weights loaded.
2026-04-11 09:57:38 [INFO] [Rank 0] Loading weights...
2026-04-11 09:57:40 [INFO] [Rank 0] Weights loaded.
2026-04-11 09:59:04 [INFO] [Rank 2] Finished. Latency: 83595 ms
2026-04-11 09:59:04 [INFO] [Rank 1] Finished. Latency: 83595 ms
2026-04-11 09:59:04 [INFO] [Rank 0] Finished. Latency: 83596 ms
2026-04-11 09:59:04 [INFO] [Rank 3] Finished. Latency: 83606 ms
2026-04-11 09:59:08 [INFO] Total latency:     83596 ms
2026-04-11 09:59:08 [INFO] Peak 5GB memory:   4864 MB
2026-04-11 09:59:08 [INFO] Avg  5GB memory:   2231 MB
2026-04-11 09:59:08 [INFO] [189/364] Split [17, 8, 5, 2] | Batch: 32 | Microbatch: 8 | Microbatches: 4
2026-04-11 09:59:08 [INFO] Loading WikiText... (SEQ_LEN=64, BATCH=32)
2026-04-11 09:59:20 [INFO] [Rank 3] Loading weights...
2026-04-11 09:59:21 [INFO] [Rank 3] Weights loaded.
2026-04-11 09:59:23 [INFO] [Rank 2] Loading weights...
2026-04-11 09:59:24 [INFO] [Rank 2] Weights loaded.
2026-04-11 09:59:28 [INFO] [Rank 1] Loading weights...
2026-04-11 09:59:29 [INFO] [Rank 1] Weights loaded.
2026-04-11 09:59:41 [INFO] [Rank 0] Loading weights...
2026-04-11 09:59:43 [INFO] [Rank 0] Weights loaded.
2026-04-11 10:01:55 [INFO] [Rank 2] Finished. Latency: 131064 ms
2026-04-11 10:01:55 [INFO] [Rank 1] Finished. Latency: 131064 ms
2026-04-11 10:01:55 [INFO] [Rank 0] Finished. Latency: 131064 ms
2026-04-11 10:01:55 [INFO] [Rank 3] Finished. Latency: 131071 ms
2026-04-11 10:01:58 [INFO] Total latency:     131064 ms
2026-04-11 10:01:58 [INFO] Peak 5GB memory:   4400 MB
2026-04-11 10:01:58 [INFO] Avg  5GB memory:   2072 MB
2026-04-11 10:01:58 [INFO] [190/364] Split [17, 8, 5, 2] | Batch: 32 | Microbatch: 4 | Microbatches: 8
2026-04-11 10:01:58 [INFO] Loading WikiText... (SEQ_LEN=64, BATCH=32)
2026-04-11 10:02:11 [INFO] [Rank 3] Loading weights...
2026-04-11 10:02:11 [INFO] [Rank 3] Weights loaded.
2026-04-11 10:02:14 [INFO] [Rank 2] Loading weights...
2026-04-11 10:02:15 [INFO] [Rank 2] Weights loaded.
2026-04-11 10:02:18 [INFO] [Rank 1] Loading weights...
2026-04-11 10:02:20 [INFO] [Rank 1] Weights loaded.
2026-04-11 10:02:32 [INFO] [Rank 0] Loading weights...
2026-04-11 10:02:34 [INFO] [Rank 0] Weights loaded.
2026-04-11 10:06:27 [INFO] [Rank 2] Finished. Latency: 232605 ms
2026-04-11 10:06:27 [INFO] [Rank 1] Finished. Latency: 232605 ms
2026-04-11 10:06:27 [INFO] [Rank 0] Finished. Latency: 232606 ms
2026-04-11 10:06:27 [INFO] [Rank 3] Finished. Latency: 232611 ms
2026-04-11 10:06:31 [INFO] Total latency:     232606 ms
2026-04-11 10:06:31 [INFO] Peak 5GB memory:   2490 MB
2026-04-11 10:06:31 [INFO] Avg  5GB memory:   1653 MB
2026-04-11 10:06:31 [INFO] [191/364] Split [17, 8, 5, 2] | Batch: 32 | Microbatch: 2 | Microbatches: 16
2026-04-11 10:06:31 [INFO] Loading WikiText... (SEQ_LEN=64, BATCH=32)
2026-04-11 10:06:33 [WARNING] '('Connection broken: IncompleteRead(0 bytes read, 65536 more expected)', IncompleteRead(0 bytes read, 65536 more expected))' thrown while requesting GET https://huggingface.co/datasets/wikitext/resolve/b08601e04326c79dfdd32d625aee71d232d685c3/wikitext-2-raw-v1/test-00000-of-00001.parquet
2026-04-11 10:06:33 [WARNING] Retrying in 1s [Retry 1/5].
2026-04-11 10:06:35 [WARNING] '('Connection broken: IncompleteRead(0 bytes read, 65536 more expected)', IncompleteRead(0 bytes read, 65536 more expected))' thrown while requesting GET https://huggingface.co/datasets/wikitext/resolve/b08601e04326c79dfdd32d625aee71d232d685c3/wikitext-2-raw-v1/test-00000-of-00001.parquet
2026-04-11 10:06:35 [WARNING] Retrying in 2s [Retry 2/5].
2026-04-11 10:06:39 [WARNING] '('Connection broken: IncompleteRead(0 bytes read, 732606 more expected)', IncompleteRead(0 bytes read, 732606 more expected))' thrown while requesting GET https://huggingface.co/datasets/wikitext/resolve/b08601e04326c79dfdd32d625aee71d232d685c3/wikitext-2-raw-v1/test-00000-of-00001.parquet
2026-04-11 10:06:39 [WARNING] Retrying in 1s [Retry 1/5].
2026-04-11 10:06:51 [INFO] [Rank 3] Loading weights...
2026-04-11 10:06:52 [INFO] [Rank 3] Weights loaded.
2026-04-11 10:06:55 [INFO] [Rank 2] Loading weights...
2026-04-11 10:06:56 [INFO] [Rank 2] Weights loaded.
2026-04-11 10:06:59 [INFO] [Rank 1] Loading weights...
2026-04-11 10:07:00 [INFO] [Rank 1] Weights loaded.
2026-04-11 10:07:13 [INFO] [Rank 0] Loading weights...
2026-04-11 10:07:15 [INFO] [Rank 0] Weights loaded.
2026-04-11 10:14:39 [INFO] [Rank 2] Finished. Latency: 443288 ms
2026-04-11 10:14:39 [INFO] [Rank 1] Finished. Latency: 443288 ms
2026-04-11 10:14:39 [INFO] [Rank 0] Finished. Latency: 443288 ms
2026-04-11 10:14:39 [INFO] [Rank 3] Finished. Latency: 443292 ms
2026-04-11 10:14:42 [INFO] Total latency:     443288 ms
2026-04-11 10:14:42 [INFO] Peak 5GB memory:   1920 MB
2026-04-11 10:14:42 [INFO] Avg  5GB memory:   1598 MB
2026-04-11 10:14:42 [INFO] [192/364] Split [17, 8, 5, 2] | Batch: 64 | Microbatch: 32 | Microbatches: 2
2026-04-11 10:14:42 [INFO] Loading WikiText... (SEQ_LEN=64, BATCH=64)
2026-04-11 10:14:45 [WARNING] '('Connection broken: IncompleteRead(0 bytes read, 65536 more expected)', IncompleteRead(0 bytes read, 65536 more expected))' thrown while requesting GET https://huggingface.co/datasets/wikitext/resolve/b08601e04326c79dfdd32d625aee71d232d685c3/wikitext-2-raw-v1/test-00000-of-00001.parquet
2026-04-11 10:14:45 [WARNING] Retrying in 1s [Retry 1/5].
2026-04-11 10:14:57 [INFO] [Rank 3] Loading weights...
2026-04-11 10:14:58 [INFO] [Rank 3] Weights loaded.
2026-04-11 10:15:01 [INFO] [Rank 2] Loading weights...
2026-04-11 10:15:02 [INFO] [Rank 2] Weights loaded.
2026-04-11 10:15:05 [INFO] [Rank 1] Loading weights...
2026-04-11 10:15:06 [INFO] [Rank 1] Weights loaded.
2026-04-11 10:15:19 [INFO] [Rank 0] Loading weights...
2026-04-11 10:15:21 [INFO] [Rank 0] Weights loaded.
2026-04-11 10:17:09 [ERROR] [Rank 2] OOM
2026-04-11 10:17:09 [ERROR] [Rank 3] Unexpected exception:
Traceback (most recent call last):
  File "/home/anurag_dutt/scripts/benchmark_pipeline_microbatching.py", line 545, in run_pipeline
    decode_recv_handles[mb_idx].wait()
  File "/home/anurag_dutt/scripts/mig_transport_pipeline_non_blocking.py", line 121, in wait
    _ORIGINAL_SEND(
  File "/home/anurag_dutt/scripts/mig_env/lib/python3.10/site-packages/torch/distributed/c10d_logger.py", line 81, in wrapper
    return func(*args, **kwargs)
  File "/home/anurag_dutt/scripts/mig_env/lib/python3.10/site-packages/torch/distributed/distributed_c10d.py", line 2496, in send
    work.wait()
RuntimeError: [/pytorch/third_party/gloo/gloo/transport/tcp/pair.cc:547] Connection closed by peer [10.128.0.8]:6571

2026-04-11 10:17:09 [ERROR] [Rank 0] Unexpected exception:
Traceback (most recent call last):
  File "/home/anurag_dutt/scripts/benchmark_pipeline_microbatching.py", line 576, in run_pipeline
    dist.recv(next_tokens, src=world_size - 1, tag=tok_tag)
  File "/home/anurag_dutt/scripts/mig_transport_pipeline_non_blocking.py", line 407, in patched_recv
    return _MIG_PIPE_ENGINE.recv(tensor, src, group=group, tag=tag)
  File "/home/anurag_dutt/scripts/mig_transport_pipeline_non_blocking.py", line 281, in recv
    _ORIGINAL_RECV(handshake, src=src, group=group, tag=tag)
  File "/home/anurag_dutt/scripts/mig_env/lib/python3.10/site-packages/torch/distributed/c10d_logger.py", line 81, in wrapper
    return func(*args, **kwargs)
  File "/home/anurag_dutt/scripts/mig_env/lib/python3.10/site-packages/torch/distributed/distributed_c10d.py", line 2529, in recv
    work.wait()
RuntimeError: [/pytorch/third_party/gloo/gloo/transport/tcp/pair.cc:547] Connection closed by peer [10.128.0.8]:9945

2026-04-11 10:17:09 [ERROR] [Rank 1] Unexpected exception:
Traceback (most recent call last):
  File "/home/anurag_dutt/scripts/benchmark_pipeline_microbatching.py", line 545, in run_pipeline
    decode_recv_handles[mb_idx].wait()
  File "/home/anurag_dutt/scripts/mig_transport_pipeline_non_blocking.py", line 113, in wait
    self._dist_handle.wait()
RuntimeError: [/pytorch/third_party/gloo/gloo/transport/tcp/pair.cc:547] Connection closed by peer [10.128.0.8]:64131

2026-04-11 10:17:13 [WARNING] OOM on Rank 2 — skipping.
2026-04-11 10:17:13 [INFO] [193/364] Split [17, 8, 5, 2] | Batch: 64 | Microbatch: 16 | Microbatches: 4
2026-04-11 10:17:13 [INFO] Loading WikiText... (SEQ_LEN=64, BATCH=64)
2026-04-11 10:17:15 [WARNING] '('Connection broken: IncompleteRead(0 bytes read, 65536 more expected)', IncompleteRead(0 bytes read, 65536 more expected))' thrown while requesting GET https://huggingface.co/datasets/wikitext/resolve/b08601e04326c79dfdd32d625aee71d232d685c3/wikitext-2-raw-v1/test-00000-of-00001.parquet
2026-04-11 10:17:15 [WARNING] Retrying in 1s [Retry 1/5].
2026-04-11 10:17:28 [INFO] [Rank 3] Loading weights...
2026-04-11 10:17:28 [INFO] [Rank 3] Weights loaded.
2026-04-11 10:17:31 [INFO] [Rank 2] Loading weights...
2026-04-11 10:17:32 [INFO] [Rank 2] Weights loaded.
2026-04-11 10:17:35 [INFO] [Rank 1] Loading weights...
2026-04-11 10:17:37 [INFO] [Rank 1] Weights loaded.
2026-04-11 10:17:49 [INFO] [Rank 0] Loading weights...
2026-04-11 10:17:51 [INFO] [Rank 0] Weights loaded.
2026-04-11 10:20:20 [ERROR] [Rank 2] OOM
2026-04-11 10:20:20 [ERROR] [Rank 1] Unexpected exception:
Traceback (most recent call last):
  File "/home/anurag_dutt/scripts/benchmark_pipeline_microbatching.py", line 568, in run_pipeline
    h.wait()
  File "/home/anurag_dutt/scripts/mig_transport_pipeline_non_blocking.py", line 79, in wait
    _ORIGINAL_RECV(
  File "/home/anurag_dutt/scripts/mig_env/lib/python3.10/site-packages/torch/distributed/c10d_logger.py", line 81, in wrapper
    return func(*args, **kwargs)
  File "/home/anurag_dutt/scripts/mig_env/lib/python3.10/site-packages/torch/distributed/distributed_c10d.py", line 2529, in recv
    work.wait()
RuntimeError: [/pytorch/third_party/gloo/gloo/transport/tcp/pair.cc:547] Connection closed by peer [10.128.0.8]:9100

2026-04-11 10:20:20 [ERROR] [Rank 3] Unexpected exception:
Traceback (most recent call last):
  File "/home/anurag_dutt/scripts/benchmark_pipeline_microbatching.py", line 545, in run_pipeline
    decode_recv_handles[mb_idx].wait()
  File "/home/anurag_dutt/scripts/mig_transport_pipeline_non_blocking.py", line 121, in wait
    _ORIGINAL_SEND(
  File "/home/anurag_dutt/scripts/mig_env/lib/python3.10/site-packages/torch/distributed/c10d_logger.py", line 81, in wrapper
    return func(*args, **kwargs)
  File "/home/anurag_dutt/scripts/mig_env/lib/python3.10/site-packages/torch/distributed/distributed_c10d.py", line 2496, in send
    work.wait()
RuntimeError: [/pytorch/third_party/gloo/gloo/transport/tcp/pair.cc:547] Connection closed by peer [10.128.0.8]:9100

2026-04-11 10:20:20 [ERROR] [Rank 0] Unexpected exception:
Traceback (most recent call last):
  File "/home/anurag_dutt/scripts/benchmark_pipeline_microbatching.py", line 576, in run_pipeline
    dist.recv(next_tokens, src=world_size - 1, tag=tok_tag)
  File "/home/anurag_dutt/scripts/mig_transport_pipeline_non_blocking.py", line 407, in patched_recv
    return _MIG_PIPE_ENGINE.recv(tensor, src, group=group, tag=tag)
  File "/home/anurag_dutt/scripts/mig_transport_pipeline_non_blocking.py", line 281, in recv
    _ORIGINAL_RECV(handshake, src=src, group=group, tag=tag)
  File "/home/anurag_dutt/scripts/mig_env/lib/python3.10/site-packages/torch/distributed/c10d_logger.py", line 81, in wrapper
    return func(*args, **kwargs)
  File "/home/anurag_dutt/scripts/mig_env/lib/python3.10/site-packages/torch/distributed/distributed_c10d.py", line 2529, in recv
    work.wait()
RuntimeError: [/pytorch/third_party/gloo/gloo/transport/tcp/pair.cc:547] Connection closed by peer [10.128.0.8]:3260

2026-04-11 10:20:24 [WARNING] OOM on Rank 2 — skipping.
2026-04-11 10:20:24 [INFO] [194/364] Split [17, 8, 5, 2] | Batch: 64 | Microbatch: 8 | Microbatches: 8
2026-04-11 10:20:24 [INFO] Loading WikiText... (SEQ_LEN=64, BATCH=64)
2026-04-11 10:20:36 [INFO] [Rank 3] Loading weights...
2026-04-11 10:20:37 [INFO] [Rank 3] Weights loaded.
2026-04-11 10:20:40 [INFO] [Rank 2] Loading weights...
2026-04-11 10:20:41 [INFO] [Rank 2] Weights loaded.
2026-04-11 10:20:44 [INFO] [Rank 1] Loading weights...
2026-04-11 10:20:45 [INFO] [Rank 1] Weights loaded.
2026-04-11 10:20:58 [INFO] [Rank 0] Loading weights...
2026-04-11 10:21:00 [INFO] [Rank 0] Weights loaded.
2026-04-11 10:24:46 [ERROR] [Rank 2] OOM
2026-04-11 10:24:46 [ERROR] [Rank 3] Unexpected exception:
Traceback (most recent call last):
  File "/home/anurag_dutt/scripts/benchmark_pipeline_microbatching.py", line 545, in run_pipeline
    decode_recv_handles[mb_idx].wait()
  File "/home/anurag_dutt/scripts/mig_transport_pipeline_non_blocking.py", line 121, in wait
    _ORIGINAL_SEND(
  File "/home/anurag_dutt/scripts/mig_env/lib/python3.10/site-packages/torch/distributed/c10d_logger.py", line 81, in wrapper
    return func(*args, **kwargs)
  File "/home/anurag_dutt/scripts/mig_env/lib/python3.10/site-packages/torch/distributed/distributed_c10d.py", line 2496, in send
    work.wait()
RuntimeError: [/pytorch/third_party/gloo/gloo/transport/tcp/pair.cc:547] Connection closed by peer [10.128.0.8]:50050

2026-04-11 10:24:46 [ERROR] [Rank 0] Unexpected exception:
Traceback (most recent call last):
  File "/home/anurag_dutt/scripts/benchmark_pipeline_microbatching.py", line 576, in run_pipeline
    dist.recv(next_tokens, src=world_size - 1, tag=tok_tag)
  File "/home/anurag_dutt/scripts/mig_transport_pipeline_non_blocking.py", line 407, in patched_recv
    return _MIG_PIPE_ENGINE.recv(tensor, src, group=group, tag=tag)
  File "/home/anurag_dutt/scripts/mig_transport_pipeline_non_blocking.py", line 281, in recv
    _ORIGINAL_RECV(handshake, src=src, group=group, tag=tag)
  File "/home/anurag_dutt/scripts/mig_env/lib/python3.10/site-packages/torch/distributed/c10d_logger.py", line 81, in wrapper
    return func(*args, **kwargs)
  File "/home/anurag_dutt/scripts/mig_env/lib/python3.10/site-packages/torch/distributed/distributed_c10d.py", line 2529, in recv
    work.wait()
RuntimeError: [/pytorch/third_party/gloo/gloo/transport/tcp/pair.cc:547] Connection closed by peer [10.128.0.8]:697

2026-04-11 10:24:46 [ERROR] [Rank 1] Unexpected exception:
Traceback (most recent call last):
  File "/home/anurag_dutt/scripts/benchmark_pipeline_microbatching.py", line 545, in run_pipeline
    decode_recv_handles[mb_idx].wait()
  File "/home/anurag_dutt/scripts/mig_transport_pipeline_non_blocking.py", line 113, in wait
    self._dist_handle.wait()
RuntimeError: [/pytorch/third_party/gloo/gloo/transport/tcp/pair.cc:547] Connection closed by peer [10.128.0.8]:9108

2026-04-11 10:24:50 [WARNING] OOM on Rank 2 — skipping.
2026-04-11 10:24:50 [INFO] [195/364] Split [17, 8, 5, 2] | Batch: 64 | Microbatch: 4 | Microbatches: 16
2026-04-11 10:24:50 [INFO] Loading WikiText... (SEQ_LEN=64, BATCH=64)
2026-04-11 10:25:02 [INFO] [Rank 3] Loading weights...
2026-04-11 10:25:03 [INFO] [Rank 3] Weights loaded.
2026-04-11 10:25:06 [INFO] [Rank 2] Loading weights...
2026-04-11 10:25:07 [INFO] [Rank 2] Weights loaded.
2026-04-11 10:25:10 [INFO] [Rank 1] Loading weights...
2026-04-11 10:25:11 [INFO] [Rank 1] Weights loaded.
2026-04-11 10:25:24 [INFO] [Rank 0] Loading weights...
2026-04-11 10:25:26 [INFO] [Rank 0] Weights loaded.
2026-04-11 10:31:09 [ERROR] [Rank 2] OOM
2026-04-11 10:31:09 [ERROR] [Rank 1] Unexpected exception:
Traceback (most recent call last):
  File "/home/anurag_dutt/scripts/benchmark_pipeline_microbatching.py", line 568, in run_pipeline
    h.wait()
  File "/home/anurag_dutt/scripts/mig_transport_pipeline_non_blocking.py", line 79, in wait
    _ORIGINAL_RECV(
  File "/home/anurag_dutt/scripts/mig_env/lib/python3.10/site-packages/torch/distributed/c10d_logger.py", line 81, in wrapper
    return func(*args, **kwargs)
  File "/home/anurag_dutt/scripts/mig_env/lib/python3.10/site-packages/torch/distributed/distributed_c10d.py", line 2529, in recv
    work.wait()
RuntimeError: [/pytorch/third_party/gloo/gloo/transport/tcp/pair.cc:547] Connection closed by peer [10.128.0.8]:22922

2026-04-11 10:31:09 [ERROR] [Rank 3] Unexpected exception:
Traceback (most recent call last):
  File "/home/anurag_dutt/scripts/benchmark_pipeline_microbatching.py", line 545, in run_pipeline
    decode_recv_handles[mb_idx].wait()
  File "/home/anurag_dutt/scripts/mig_transport_pipeline_non_blocking.py", line 113, in wait
    self._dist_handle.wait()
RuntimeError: [/pytorch/third_party/gloo/gloo/transport/tcp/pair.cc:547] Connection closed by peer [10.128.0.8]:57477

2026-04-11 10:31:09 [ERROR] [Rank 0] Unexpected exception:
Traceback (most recent call last):
  File "/home/anurag_dutt/scripts/benchmark_pipeline_microbatching.py", line 576, in run_pipeline
    dist.recv(next_tokens, src=world_size - 1, tag=tok_tag)
  File "/home/anurag_dutt/scripts/mig_transport_pipeline_non_blocking.py", line 407, in patched_recv
    return _MIG_PIPE_ENGINE.recv(tensor, src, group=group, tag=tag)
  File "/home/anurag_dutt/scripts/mig_transport_pipeline_non_blocking.py", line 281, in recv
    _ORIGINAL_RECV(handshake, src=src, group=group, tag=tag)
  File "/home/anurag_dutt/scripts/mig_env/lib/python3.10/site-packages/torch/distributed/c10d_logger.py", line 81, in wrapper
    return func(*args, **kwargs)
  File "/home/anurag_dutt/scripts/mig_env/lib/python3.10/site-packages/torch/distributed/distributed_c10d.py", line 2529, in recv
    work.wait()
RuntimeError: [/pytorch/third_party/gloo/gloo/transport/tcp/pair.cc:547] Connection closed by peer [10.128.0.8]:6041

2026-04-11 10:31:13 [WARNING] OOM on Rank 2 — skipping.
2026-04-11 10:31:13 [INFO] [196/364] Split [17, 8, 5, 2] | Batch: 64 | Microbatch: 2 | Microbatches: 32
2026-04-11 10:31:13 [INFO] Loading WikiText... (SEQ_LEN=64, BATCH=64)
2026-04-11 10:31:25 [INFO] [Rank 3] Loading weights...
2026-04-11 10:31:26 [INFO] [Rank 3] Weights loaded.
2026-04-11 10:31:28 [INFO] [Rank 2] Loading weights...
2026-04-11 10:31:29 [INFO] [Rank 2] Weights loaded.
2026-04-11 10:31:33 [INFO] [Rank 1] Loading weights...
2026-04-11 10:31:34 [INFO] [Rank 1] Weights loaded.
2026-04-11 10:31:46 [INFO] [Rank 0] Loading weights...
2026-04-11 10:31:49 [INFO] [Rank 0] Weights loaded.
2026-04-11 10:42:09 [ERROR] [Rank 2] OOM
2026-04-11 10:42:09 [ERROR] [Rank 1] Unexpected exception:
Traceback (most recent call last):
  File "/home/anurag_dutt/scripts/benchmark_pipeline_microbatching.py", line 568, in run_pipeline
    h.wait()
  File "/home/anurag_dutt/scripts/mig_transport_pipeline_non_blocking.py", line 79, in wait
    _ORIGINAL_RECV(
  File "/home/anurag_dutt/scripts/mig_env/lib/python3.10/site-packages/torch/distributed/c10d_logger.py", line 81, in wrapper
    return func(*args, **kwargs)
  File "/home/anurag_dutt/scripts/mig_env/lib/python3.10/site-packages/torch/distributed/distributed_c10d.py", line 2529, in recv
    work.wait()
RuntimeError: [/pytorch/third_party/gloo/gloo/transport/tcp/pair.cc:547] Connection closed by peer [10.128.0.8]:28585

2026-04-11 10:42:09 [ERROR] [Rank 3] Unexpected exception:
Traceback (most recent call last):
  File "/home/anurag_dutt/scripts/benchmark_pipeline_microbatching.py", line 545, in run_pipeline
    decode_recv_handles[mb_idx].wait()
  File "/home/anurag_dutt/scripts/mig_transport_pipeline_non_blocking.py", line 121, in wait
    _ORIGINAL_SEND(
  File "/home/anurag_dutt/scripts/mig_env/lib/python3.10/site-packages/torch/distributed/c10d_logger.py", line 81, in wrapper
    return func(*args, **kwargs)
  File "/home/anurag_dutt/scripts/mig_env/lib/python3.10/site-packages/torch/distributed/distributed_c10d.py", line 2496, in send
    work.wait()
RuntimeError: [/pytorch/third_party/gloo/gloo/transport/tcp/pair.cc:547] Connection closed by peer [10.128.0.8]:5809

2026-04-11 10:42:09 [ERROR] [Rank 0] Unexpected exception:
Traceback (most recent call last):
  File "/home/anurag_dutt/scripts/benchmark_pipeline_microbatching.py", line 576, in run_pipeline
    dist.recv(next_tokens, src=world_size - 1, tag=tok_tag)
  File "/home/anurag_dutt/scripts/mig_transport_pipeline_non_blocking.py", line 407, in patched_recv
    return _MIG_PIPE_ENGINE.recv(tensor, src, group=group, tag=tag)
  File "/home/anurag_dutt/scripts/mig_transport_pipeline_non_blocking.py", line 281, in recv
    _ORIGINAL_RECV(handshake, src=src, group=group, tag=tag)
  File "/home/anurag_dutt/scripts/mig_env/lib/python3.10/site-packages/torch/distributed/c10d_logger.py", line 81, in wrapper
    return func(*args, **kwargs)
  File "/home/anurag_dutt/scripts/mig_env/lib/python3.10/site-packages/torch/distributed/distributed_c10d.py", line 2529, in recv
    work.wait()
RuntimeError: [/pytorch/third_party/gloo/gloo/transport/tcp/pair.cc:547] Connection closed by peer [10.128.0.8]:63707

2026-04-11 10:42:13 [WARNING] OOM on Rank 2 — skipping.
2026-04-11 10:42:13 [INFO] [197/364] Split [17, 9, 3, 3] | Batch: 8 | Microbatch: 4 | Microbatches: 2
2026-04-11 10:42:13 [INFO] Loading WikiText... (SEQ_LEN=64, BATCH=8)
2026-04-11 10:42:26 [INFO] [Rank 2] Loading weights...
2026-04-11 10:42:27 [INFO] [Rank 2] Weights loaded.
2026-04-11 10:42:27 [INFO] [Rank 3] Loading weights...
2026-04-11 10:42:28 [INFO] [Rank 3] Weights loaded.
2026-04-11 10:42:35 [INFO] [Rank 1] Loading weights...
2026-04-11 10:42:36 [INFO] [Rank 1] Weights loaded.
2026-04-11 10:42:47 [INFO] [Rank 0] Loading weights...
2026-04-11 10:42:49 [INFO] [Rank 0] Weights loaded.
2026-04-11 10:43:47 [INFO] [Rank 1] Finished. Latency: 57519 ms
2026-04-11 10:43:47 [INFO] [Rank 0] Finished. Latency: 57519 ms
2026-04-11 10:43:47 [INFO] [Rank 2] Finished. Latency: 57519 ms
2026-04-11 10:43:47 [INFO] [Rank 3] Finished. Latency: 57526 ms
2026-04-11 10:43:51 [INFO] Total latency:     57519 ms
2026-04-11 10:43:51 [INFO] Peak 5GB memory:   2056 MB
2026-04-11 10:43:51 [INFO] Avg  5GB memory:   1541 MB
2026-04-11 10:43:51 [INFO] [198/364] Split [17, 9, 3, 3] | Batch: 8 | Microbatch: 2 | Microbatches: 4
2026-04-11 10:43:51 [INFO] Loading WikiText... (SEQ_LEN=64, BATCH=8)
2026-04-11 10:44:03 [INFO] [Rank 2] Loading weights...
2026-04-11 10:44:04 [INFO] [Rank 2] Weights loaded.
2026-04-11 10:44:04 [INFO] [Rank 3] Loading weights...
2026-04-11 10:44:05 [INFO] [Rank 3] Weights loaded.
2026-04-11 10:44:12 [INFO] [Rank 1] Loading weights...
2026-04-11 10:44:13 [INFO] [Rank 1] Weights loaded.
2026-04-11 10:44:24 [INFO] [Rank 0] Loading weights...
2026-04-11 10:44:26 [INFO] [Rank 0] Weights loaded.
2026-04-11 10:46:16 [INFO] [Rank 1] Finished. Latency: 109061 ms
2026-04-11 10:46:16 [INFO] [Rank 0] Finished. Latency: 109061 ms
2026-04-11 10:46:16 [INFO] [Rank 2] Finished. Latency: 109061 ms
2026-04-11 10:46:16 [INFO] [Rank 3] Finished. Latency: 109067 ms
2026-04-11 10:46:19 [INFO] Total latency:     109061 ms
2026-04-11 10:46:19 [INFO] Peak 5GB memory:   1852 MB
2026-04-11 10:46:19 [INFO] Avg  5GB memory:   1588 MB
2026-04-11 10:46:19 [INFO] [199/364] Split [17, 9, 3, 3] | Batch: 16 | Microbatch: 8 | Microbatches: 2
2026-04-11 10:46:19 [INFO] Loading WikiText... (SEQ_LEN=64, BATCH=16)
2026-04-11 10:46:33 [INFO] [Rank 2] Loading weights...
2026-04-11 10:46:33 [INFO] [Rank 2] Weights loaded.
2026-04-11 10:46:34 [INFO] [Rank 3] Loading weights...
2026-04-11 10:46:34 [INFO] [Rank 3] Weights loaded.
2026-04-11 10:46:41 [INFO] [Rank 1] Loading weights...
2026-04-11 10:46:43 [INFO] [Rank 1] Weights loaded.
2026-04-11 10:46:54 [INFO] [Rank 0] Loading weights...
2026-04-11 10:46:56 [INFO] [Rank 0] Weights loaded.
2026-04-11 10:48:00 [INFO] [Rank 2] Finished. Latency: 64350 ms
2026-04-11 10:48:00 [INFO] [Rank 0] Finished. Latency: 64350 ms
2026-04-11 10:48:00 [INFO] [Rank 1] Finished. Latency: 64350 ms
2026-04-11 10:48:00 [INFO] [Rank 3] Finished. Latency: 64360 ms
2026-04-11 10:48:04 [INFO] Total latency:     64350 ms
2026-04-11 10:48:04 [INFO] Peak 5GB memory:   4462 MB
2026-04-11 10:48:04 [INFO] Avg  5GB memory:   2058 MB
2026-04-11 10:48:04 [INFO] [200/364] Split [17, 9, 3, 3] | Batch: 16 | Microbatch: 4 | Microbatches: 4
2026-04-11 10:48:04 [INFO] Loading WikiText... (SEQ_LEN=64, BATCH=16)
2026-04-11 10:48:17 [INFO] [Rank 2] Loading weights...
2026-04-11 10:48:18 [INFO] [Rank 2] Weights loaded.
2026-04-11 10:48:18 [INFO] [Rank 3] Loading weights...
2026-04-11 10:48:19 [INFO] [Rank 3] Weights loaded.
2026-04-11 10:48:26 [INFO] [Rank 1] Loading weights...
2026-04-11 10:48:27 [INFO] [Rank 1] Weights loaded.
2026-04-11 10:48:38 [INFO] [Rank 0] Loading weights...
2026-04-11 10:48:40 [INFO] [Rank 0] Weights loaded.
2026-04-11 10:50:34 [INFO] [Rank 2] Finished. Latency: 113830 ms
2026-04-11 10:50:34 [INFO] [Rank 1] Finished. Latency: 113830 ms
2026-04-11 10:50:34 [INFO] [Rank 0] Finished. Latency: 113830 ms
2026-04-11 10:50:34 [INFO] [Rank 3] Finished. Latency: 113837 ms
2026-04-11 10:50:38 [INFO] Total latency:     113830 ms
2026-04-11 10:50:38 [INFO] Peak 5GB memory:   2536 MB
2026-04-11 10:50:38 [INFO] Avg  5GB memory:   1791 MB
2026-04-11 10:50:38 [INFO] [201/364] Split [17, 9, 3, 3] | Batch: 16 | Microbatch: 2 | Microbatches: 8
2026-04-11 10:50:38 [INFO] Loading WikiText... (SEQ_LEN=64, BATCH=16)
2026-04-11 10:50:50 [INFO] [Rank 2] Loading weights...
2026-04-11 10:50:51 [INFO] [Rank 2] Weights loaded.
2026-04-11 10:50:51 [INFO] [Rank 3] Loading weights...
2026-04-11 10:50:52 [INFO] [Rank 3] Weights loaded.
2026-04-11 10:50:59 [INFO] [Rank 1] Loading weights...
2026-04-11 10:51:00 [INFO] [Rank 1] Weights loaded.
2026-04-11 10:51:11 [INFO] [Rank 0] Loading weights...
2026-04-11 10:51:13 [INFO] [Rank 0] Weights loaded.
2026-04-11 10:54:50 [INFO] [Rank 2] Finished. Latency: 216938 ms
2026-04-11 10:54:50 [INFO] [Rank 0] Finished. Latency: 216938 ms
2026-04-11 10:54:50 [INFO] [Rank 1] Finished. Latency: 216938 ms
2026-04-11 10:54:50 [INFO] [Rank 3] Finished. Latency: 216944 ms
2026-04-11 10:54:54 [INFO] Total latency:     216938 ms
2026-04-11 10:54:54 [INFO] Peak 5GB memory:   2120 MB
2026-04-11 10:54:54 [INFO] Avg  5GB memory:   1805 MB
2026-04-11 10:54:54 [INFO] [202/364] Split [17, 9, 3, 3] | Batch: 32 | Microbatch: 16 | Microbatches: 2
2026-04-11 10:54:54 [INFO] Loading WikiText... (SEQ_LEN=64, BATCH=32)
2026-04-11 10:55:08 [INFO] [Rank 2] Loading weights...
2026-04-11 10:55:08 [INFO] [Rank 2] Weights loaded.
2026-04-11 10:55:08 [INFO] [Rank 3] Loading weights...
2026-04-11 10:55:09 [INFO] [Rank 3] Weights loaded.
2026-04-11 10:55:16 [INFO] [Rank 1] Loading weights...
2026-04-11 10:55:17 [INFO] [Rank 1] Weights loaded.
2026-04-11 10:55:28 [INFO] [Rank 0] Loading weights...
2026-04-11 10:55:31 [INFO] [Rank 0] Weights loaded.
2026-04-11 10:56:52 [INFO] [Rank 2] Finished. Latency: 81507 ms
2026-04-11 10:56:52 [INFO] [Rank 1] Finished. Latency: 81507 ms
2026-04-11 10:56:52 [INFO] [Rank 0] Finished. Latency: 81507 ms
2026-04-11 10:56:52 [INFO] [Rank 3] Finished. Latency: 81522 ms
2026-04-11 10:56:56 [INFO] Total latency:     81507 ms
2026-04-11 10:56:56 [INFO] Peak 5GB memory:   4822 MB
2026-04-11 10:56:56 [INFO] Avg  5GB memory:   2637 MB
2026-04-11 10:56:56 [INFO] [203/364] Split [17, 9, 3, 3] | Batch: 32 | Microbatch: 8 | Microbatches: 4
2026-04-11 10:56:56 [INFO] Loading WikiText... (SEQ_LEN=64, BATCH=32)
2026-04-11 10:56:58 [WARNING] '('Connection broken: IncompleteRead(0 bytes read, 732606 more expected)', IncompleteRead(0 bytes read, 732606 more expected))' thrown while requesting GET https://huggingface.co/datasets/wikitext/resolve/b08601e04326c79dfdd32d625aee71d232d685c3/wikitext-2-raw-v1/test-00000-of-00001.parquet
2026-04-11 10:56:58 [WARNING] Retrying in 1s [Retry 1/5].
2026-04-11 10:57:12 [INFO] [Rank 2] Loading weights...
2026-04-11 10:57:12 [INFO] [Rank 2] Weights loaded.
2026-04-11 10:57:12 [INFO] [Rank 3] Loading weights...
2026-04-11 10:57:13 [INFO] [Rank 3] Weights loaded.
2026-04-11 10:57:20 [INFO] [Rank 1] Loading weights...
2026-04-11 10:57:21 [INFO] [Rank 1] Weights loaded.
2026-04-11 10:57:32 [INFO] [Rank 0] Loading weights...
2026-04-11 10:57:35 [INFO] [Rank 0] Weights loaded.
2026-04-11 10:59:43 [INFO] [Rank 1] Finished. Latency: 127916 ms
2026-04-11 10:59:43 [INFO] [Rank 2] Finished. Latency: 127916 ms
2026-04-11 10:59:43 [INFO] [Rank 0] Finished. Latency: 127916 ms
2026-04-11 10:59:43 [INFO] [Rank 3] Finished. Latency: 127925 ms
2026-04-11 10:59:46 [INFO] Total latency:     127916 ms
2026-04-11 10:59:46 [INFO] Peak 5GB memory:   4500 MB
2026-04-11 10:59:46 [INFO] Avg  5GB memory:   2526 MB
2026-04-11 10:59:46 [INFO] [204/364] Split [17, 9, 3, 3] | Batch: 32 | Microbatch: 4 | Microbatches: 8
2026-04-11 10:59:46 [INFO] Loading WikiText... (SEQ_LEN=64, BATCH=32)
2026-04-11 11:00:00 [INFO] [Rank 2] Loading weights...
2026-04-11 11:00:00 [INFO] [Rank 2] Weights loaded.
2026-04-11 11:00:01 [INFO] [Rank 3] Loading weights...
2026-04-11 11:00:01 [INFO] [Rank 3] Weights loaded.
2026-04-11 11:00:08 [INFO] [Rank 1] Loading weights...
2026-04-11 11:00:10 [INFO] [Rank 1] Weights loaded.
2026-04-11 11:00:21 [INFO] [Rank 0] Loading weights...
2026-04-11 11:00:23 [INFO] [Rank 0] Weights loaded.
2026-04-11 11:04:10 [INFO] [Rank 2] Finished. Latency: 226845 ms
2026-04-11 11:04:10 [INFO] [Rank 1] Finished. Latency: 226845 ms
2026-04-11 11:04:10 [INFO] [Rank 0] Finished. Latency: 226846 ms
2026-04-11 11:04:10 [INFO] [Rank 3] Finished. Latency: 226853 ms
2026-04-11 11:04:13 [INFO] Total latency:     226846 ms
2026-04-11 11:04:13 [INFO] Peak 5GB memory:   3516 MB
2026-04-11 11:04:13 [INFO] Avg  5GB memory:   2258 MB
2026-04-11 11:04:13 [INFO] [205/364] Split [17, 9, 3, 3] | Batch: 32 | Microbatch: 2 | Microbatches: 16
2026-04-11 11:04:13 [INFO] Loading WikiText... (SEQ_LEN=64, BATCH=32)
2026-04-11 11:04:26 [INFO] [Rank 2] Loading weights...
2026-04-11 11:04:27 [INFO] [Rank 2] Weights loaded.
2026-04-11 11:04:27 [INFO] [Rank 3] Loading weights...
2026-04-11 11:04:28 [INFO] [Rank 3] Weights loaded.
2026-04-11 11:04:35 [INFO] [Rank 1] Loading weights...
2026-04-11 11:04:36 [INFO] [Rank 1] Weights loaded.
2026-04-11 11:04:47 [INFO] [Rank 0] Loading weights...
2026-04-11 11:04:49 [INFO] [Rank 0] Weights loaded.
2026-04-11 11:12:02 [INFO] [Rank 2] Finished. Latency: 433004 ms
2026-04-11 11:12:02 [INFO] [Rank 0] Finished. Latency: 433004 ms
2026-04-11 11:12:02 [INFO] [Rank 1] Finished. Latency: 433003 ms
2026-04-11 11:12:02 [INFO] [Rank 3] Finished. Latency: 433010 ms
2026-04-11 11:12:06 [INFO] Total latency:     433004 ms
2026-04-11 11:12:06 [INFO] Peak 5GB memory:   2658 MB
2026-04-11 11:12:06 [INFO] Avg  5GB memory:   2182 MB
2026-04-11 11:12:06 [INFO] [206/364] Split [17, 9, 3, 3] | Batch: 64 | Microbatch: 32 | Microbatches: 2
2026-04-11 11:12:06 [INFO] Loading WikiText... (SEQ_LEN=64, BATCH=64)
2026-04-11 11:12:19 [INFO] [Rank 2] Loading weights...
2026-04-11 11:12:20 [INFO] [Rank 2] Weights loaded.
2026-04-11 11:12:21 [INFO] [Rank 3] Loading weights...
2026-04-11 11:12:21 [INFO] [Rank 3] Weights loaded.
2026-04-11 11:12:28 [INFO] [Rank 1] Loading weights...
2026-04-11 11:12:29 [INFO] [Rank 1] Weights loaded.
2026-04-11 11:12:40 [INFO] [Rank 0] Loading weights...
2026-04-11 11:12:43 [INFO] [Rank 0] Weights loaded.
2026-04-11 11:14:46 [INFO] [Rank 2] Finished. Latency: 123179 ms
2026-04-11 11:14:46 [INFO] [Rank 1] Finished. Latency: 123179 ms
2026-04-11 11:14:46 [INFO] [Rank 0] Finished. Latency: 123179 ms
2026-04-11 11:14:46 [INFO] [Rank 3] Finished. Latency: 123203 ms
2026-04-11 11:14:49 [INFO] Total latency:     123179 ms
2026-04-11 11:14:49 [INFO] Peak 5GB memory:   4864 MB
2026-04-11 11:14:49 [INFO] Avg  5GB memory:   3089 MB
2026-04-11 11:14:50 [INFO] [207/364] Split [17, 9, 3, 3] | Batch: 64 | Microbatch: 16 | Microbatches: 4
2026-04-11 11:14:50 [INFO] Loading WikiText... (SEQ_LEN=64, BATCH=64)
2026-04-11 11:15:03 [INFO] [Rank 2] Loading weights...
2026-04-11 11:15:03 [INFO] [Rank 2] Weights loaded.
2026-04-11 11:15:04 [INFO] [Rank 3] Loading weights...
2026-04-11 11:15:04 [INFO] [Rank 3] Weights loaded.
2026-04-11 11:15:11 [INFO] [Rank 1] Loading weights...
2026-04-11 11:15:13 [INFO] [Rank 1] Weights loaded.
2026-04-11 11:15:23 [INFO] [Rank 0] Loading weights...
2026-04-11 11:15:26 [INFO] [Rank 0] Weights loaded.
2026-04-11 11:18:10 [INFO] [Rank 2] Finished. Latency: 163928 ms
2026-04-11 11:18:10 [INFO] [Rank 1] Finished. Latency: 163928 ms
2026-04-11 11:18:10 [INFO] [Rank 0] Finished. Latency: 163928 ms
2026-04-11 11:18:10 [INFO] [Rank 3] Finished. Latency: 163942 ms
2026-04-11 11:18:13 [INFO] Total latency:     163928 ms
2026-04-11 11:18:13 [INFO] Peak 5GB memory:   4864 MB
2026-04-11 11:18:13 [INFO] Avg  5GB memory:   3079 MB
2026-04-11 11:18:14 [INFO] [208/364] Split [17, 9, 3, 3] | Batch: 64 | Microbatch: 8 | Microbatches: 8
2026-04-11 11:18:14 [INFO] Loading WikiText... (SEQ_LEN=64, BATCH=64)
2026-04-11 11:18:16 [WARNING] '('Connection broken: IncompleteRead(0 bytes read, 65536 more expected)', IncompleteRead(0 bytes read, 65536 more expected))' thrown while requesting GET https://huggingface.co/datasets/wikitext/resolve/b08601e04326c79dfdd32d625aee71d232d685c3/wikitext-2-raw-v1/test-00000-of-00001.parquet
2026-04-11 11:18:16 [WARNING] Retrying in 1s [Retry 1/5].
2026-04-11 11:18:29 [INFO] [Rank 2] Loading weights...
2026-04-11 11:18:30 [INFO] [Rank 2] Weights loaded.
2026-04-11 11:18:30 [INFO] [Rank 3] Loading weights...
2026-04-11 11:18:31 [INFO] [Rank 3] Weights loaded.
2026-04-11 11:18:37 [INFO] [Rank 1] Loading weights...
2026-04-11 11:18:39 [INFO] [Rank 1] Weights loaded.
2026-04-11 11:18:50 [INFO] [Rank 0] Loading weights...
2026-04-11 11:18:52 [INFO] [Rank 0] Weights loaded.
2026-04-11 11:23:07 [INFO] [Rank 2] Finished. Latency: 255255 ms
2026-04-11 11:23:07 [INFO] [Rank 1] Finished. Latency: 255255 ms
2026-04-11 11:23:07 [INFO] [Rank 0] Finished. Latency: 255255 ms
2026-04-11 11:23:07 [INFO] [Rank 3] Finished. Latency: 255265 ms
2026-04-11 11:23:11 [INFO] Total latency:     255255 ms
2026-04-11 11:23:11 [INFO] Peak 5GB memory:   4700 MB
2026-04-11 11:23:11 [INFO] Avg  5GB memory:   3271 MB
2026-04-11 11:23:11 [INFO] [209/364] Split [17, 9, 3, 3] | Batch: 64 | Microbatch: 4 | Microbatches: 16
2026-04-11 11:23:11 [INFO] Loading WikiText... (SEQ_LEN=64, BATCH=64)
2026-04-11 11:23:25 [INFO] [Rank 2] Loading weights...
2026-04-11 11:23:25 [INFO] [Rank 2] Weights loaded.
2026-04-11 11:23:26 [INFO] [Rank 3] Loading weights...
2026-04-11 11:23:26 [INFO] [Rank 3] Weights loaded.
2026-04-11 11:23:33 [INFO] [Rank 1] Loading weights...
2026-04-11 11:23:35 [INFO] [Rank 1] Weights loaded.
2026-04-11 11:23:46 [INFO] [Rank 0] Loading weights...
2026-04-11 11:23:48 [INFO] [Rank 0] Weights loaded.
2026-04-11 11:31:19 [INFO] [Rank 2] Finished. Latency: 450912 ms
2026-04-11 11:31:19 [INFO] [Rank 1] Finished. Latency: 450912 ms
2026-04-11 11:31:19 [INFO] [Rank 0] Finished. Latency: 450912 ms
2026-04-11 11:31:19 [INFO] [Rank 3] Finished. Latency: 450919 ms
2026-04-11 11:31:23 [INFO] Total latency:     450912 ms
2026-04-11 11:31:23 [INFO] Peak 5GB memory:   4594 MB
2026-04-11 11:31:23 [INFO] Avg  5GB memory:   2957 MB
2026-04-11 11:31:23 [INFO] [210/364] Split [17, 9, 3, 3] | Batch: 64 | Microbatch: 2 | Microbatches: 32
2026-04-11 11:31:23 [INFO] Loading WikiText... (SEQ_LEN=64, BATCH=64)
2026-04-11 11:31:36 [INFO] [Rank 2] Loading weights...
2026-04-11 11:31:37 [INFO] [Rank 2] Weights loaded.
2026-04-11 11:31:37 [INFO] [Rank 3] Loading weights...
2026-04-11 11:31:38 [INFO] [Rank 3] Weights loaded.
2026-04-11 11:31:45 [INFO] [Rank 1] Loading weights...
2026-04-11 11:31:46 [INFO] [Rank 1] Weights loaded.
2026-04-11 11:31:57 [INFO] [Rank 0] Loading weights...
2026-04-11 11:31:59 [INFO] [Rank 0] Weights loaded.
2026-04-11 11:46:24 [INFO] [Rank 2] Finished. Latency: 864253 ms
2026-04-11 11:46:24 [INFO] [Rank 0] Finished. Latency: 864253 ms
2026-04-11 11:46:24 [INFO] [Rank 1] Finished. Latency: 864253 ms
2026-04-11 11:46:24 [INFO] [Rank 3] Finished. Latency: 864259 ms
2026-04-11 11:46:27 [INFO] Total latency:     864253 ms
2026-04-11 11:46:27 [INFO] Peak 5GB memory:   3730 MB
2026-04-11 11:46:27 [INFO] Avg  5GB memory:   2880 MB
2026-04-11 11:46:27 [INFO] [211/364] Split [17, 9, 4, 2] | Batch: 8 | Microbatch: 4 | Microbatches: 2
2026-04-11 11:46:27 [INFO] Loading WikiText... (SEQ_LEN=64, BATCH=8)
2026-04-11 11:46:30 [WARNING] '('Connection broken: IncompleteRead(0 bytes read, 65536 more expected)', IncompleteRead(0 bytes read, 65536 more expected))' thrown while requesting GET https://huggingface.co/datasets/wikitext/resolve/b08601e04326c79dfdd32d625aee71d232d685c3/wikitext-2-raw-v1/test-00000-of-00001.parquet
2026-04-11 11:46:30 [WARNING] Retrying in 1s [Retry 1/5].
2026-04-11 11:46:32 [WARNING] '('Connection broken: IncompleteRead(0 bytes read, 732606 more expected)', IncompleteRead(0 bytes read, 732606 more expected))' thrown while requesting GET https://huggingface.co/datasets/wikitext/resolve/b08601e04326c79dfdd32d625aee71d232d685c3/wikitext-2-raw-v1/test-00000-of-00001.parquet
2026-04-11 11:46:32 [WARNING] Retrying in 1s [Retry 1/5].
2026-04-11 11:46:45 [INFO] [Rank 3] Loading weights...
2026-04-11 11:46:46 [INFO] [Rank 3] Weights loaded.
2026-04-11 11:46:47 [INFO] [Rank 2] Loading weights...
2026-04-11 11:46:48 [INFO] [Rank 2] Weights loaded.
2026-04-11 11:46:54 [INFO] [Rank 1] Loading weights...
2026-04-11 11:46:56 [INFO] [Rank 1] Weights loaded.
2026-04-11 11:47:07 [INFO] [Rank 0] Loading weights...
2026-04-11 11:47:09 [INFO] [Rank 0] Weights loaded.
2026-04-11 11:48:06 [INFO] [Rank 2] Finished. Latency: 57262 ms
2026-04-11 11:48:06 [INFO] [Rank 1] Finished. Latency: 57262 ms
2026-04-11 11:48:06 [INFO] [Rank 0] Finished. Latency: 57262 ms
2026-04-11 11:48:06 [INFO] [Rank 3] Finished. Latency: 57267 ms
2026-04-11 11:48:10 [INFO] Total latency:     57262 ms
2026-04-11 11:48:10 [INFO] Peak 5GB memory:   1510 MB
2026-04-11 11:48:10 [INFO] Avg  5GB memory:   1146 MB
2026-04-11 11:48:10 [INFO] [212/364] Split [17, 9, 4, 2] | Batch: 8 | Microbatch: 2 | Microbatches: 4
2026-04-11 11:48:10 [INFO] Loading WikiText... (SEQ_LEN=64, BATCH=8)
2026-04-11 11:48:22 [INFO] [Rank 3] Loading weights...
2026-04-11 11:48:23 [INFO] [Rank 3] Weights loaded.
2026-04-11 11:48:24 [INFO] [Rank 2] Loading weights...
2026-04-11 11:48:25 [INFO] [Rank 2] Weights loaded.
2026-04-11 11:48:32 [INFO] [Rank 1] Loading weights...
2026-04-11 11:48:33 [INFO] [Rank 1] Weights loaded.
2026-04-11 11:48:44 [INFO] [Rank 0] Loading weights...
2026-04-11 11:48:46 [INFO] [Rank 0] Weights loaded.
2026-04-11 11:50:35 [INFO] [Rank 2] Finished. Latency: 109016 ms
2026-04-11 11:50:35 [INFO] [Rank 0] Finished. Latency: 109016 ms
2026-04-11 11:50:35 [INFO] [Rank 1] Finished. Latency: 109016 ms
2026-04-11 11:50:35 [INFO] [Rank 3] Finished. Latency: 109020 ms
2026-04-11 11:50:39 [INFO] Total latency:     109016 ms
2026-04-11 11:50:39 [INFO] Peak 5GB memory:   1632 MB
2026-04-11 11:50:39 [INFO] Avg  5GB memory:   1194 MB
2026-04-11 11:50:39 [INFO] [213/364] Split [17, 9, 4, 2] | Batch: 16 | Microbatch: 8 | Microbatches: 2
2026-04-11 11:50:39 [INFO] Loading WikiText... (SEQ_LEN=64, BATCH=16)
2026-04-11 11:50:51 [INFO] [Rank 3] Loading weights...
2026-04-11 11:50:52 [INFO] [Rank 3] Weights loaded.
2026-04-11 11:50:53 [INFO] [Rank 2] Loading weights...
2026-04-11 11:50:54 [INFO] [Rank 2] Weights loaded.
2026-04-11 11:51:00 [INFO] [Rank 1] Loading weights...
2026-04-11 11:51:02 [INFO] [Rank 1] Weights loaded.
2026-04-11 11:51:13 [INFO] [Rank 0] Loading weights...
2026-04-11 11:51:15 [INFO] [Rank 0] Weights loaded.
2026-04-11 11:52:19 [INFO] [Rank 2] Finished. Latency: 64229 ms
2026-04-11 11:52:19 [INFO] [Rank 1] Finished. Latency: 64229 ms
2026-04-11 11:52:19 [INFO] [Rank 0] Finished. Latency: 64229 ms
2026-04-11 11:52:19 [INFO] [Rank 3] Finished. Latency: 64236 ms
2026-04-11 11:52:23 [INFO] Total latency:     64229 ms
2026-04-11 11:52:23 [INFO] Peak 5GB memory:   3798 MB
2026-04-11 11:52:23 [INFO] Avg  5GB memory:   1721 MB
2026-04-11 11:52:23 [INFO] [214/364] Split [17, 9, 4, 2] | Batch: 16 | Microbatch: 4 | Microbatches: 4
2026-04-11 11:52:23 [INFO] Loading WikiText... (SEQ_LEN=64, BATCH=16)
2026-04-11 11:52:35 [INFO] [Rank 3] Loading weights...
2026-04-11 11:52:36 [INFO] [Rank 3] Weights loaded.
2026-04-11 11:52:37 [INFO] [Rank 2] Loading weights...
2026-04-11 11:52:38 [INFO] [Rank 2] Weights loaded.
2026-04-11 11:52:44 [INFO] [Rank 1] Loading weights...
2026-04-11 11:52:46 [INFO] [Rank 1] Weights loaded.
2026-04-11 11:52:56 [INFO] [Rank 0] Loading weights...
2026-04-11 11:52:59 [INFO] [Rank 0] Weights loaded.
2026-04-11 11:54:53 [INFO] [Rank 1] Finished. Latency: 113901 ms
2026-04-11 11:54:53 [INFO] [Rank 2] Finished. Latency: 113901 ms
2026-04-11 11:54:53 [INFO] [Rank 0] Finished. Latency: 113901 ms
2026-04-11 11:54:53 [INFO] [Rank 3] Finished. Latency: 113906 ms
2026-04-11 11:54:56 [INFO] Total latency:     113901 ms
2026-04-11 11:54:56 [INFO] Peak 5GB memory:   1830 MB
2026-04-11 11:54:56 [INFO] Avg  5GB memory:   1333 MB
2026-04-11 11:54:56 [INFO] [215/364] Split [17, 9, 4, 2] | Batch: 16 | Microbatch: 2 | Microbatches: 8
2026-04-11 11:54:56 [INFO] Loading WikiText... (SEQ_LEN=64, BATCH=16)
2026-04-11 11:54:59 [WARNING] '('Connection broken: IncompleteRead(0 bytes read, 65536 more expected)', IncompleteRead(0 bytes read, 65536 more expected))' thrown while requesting GET https://huggingface.co/datasets/wikitext/resolve/b08601e04326c79dfdd32d625aee71d232d685c3/wikitext-2-raw-v1/test-00000-of-00001.parquet
2026-04-11 11:54:59 [WARNING] Retrying in 1s [Retry 1/5].
2026-04-11 11:55:12 [INFO] [Rank 3] Loading weights...
2026-04-11 11:55:12 [INFO] [Rank 3] Weights loaded.
2026-04-11 11:55:13 [INFO] [Rank 2] Loading weights...
2026-04-11 11:55:14 [INFO] [Rank 2] Weights loaded.
2026-04-11 11:55:21 [INFO] [Rank 1] Loading weights...
2026-04-11 11:55:22 [INFO] [Rank 1] Weights loaded.
2026-04-11 11:55:33 [INFO] [Rank 0] Loading weights...
2026-04-11 11:55:35 [INFO] [Rank 0] Weights loaded.
2026-04-11 11:59:13 [INFO] [Rank 2] Finished. Latency: 217286 ms
2026-04-11 11:59:13 [INFO] [Rank 1] Finished. Latency: 217286 ms
2026-04-11 11:59:13 [INFO] [Rank 0] Finished. Latency: 217286 ms
2026-04-11 11:59:13 [INFO] [Rank 3] Finished. Latency: 217291 ms
2026-04-11 11:59:16 [INFO] Total latency:     217286 ms
2026-04-11 11:59:16 [INFO] Peak 5GB memory:   1558 MB
2026-04-11 11:59:16 [INFO] Avg  5GB memory:   1338 MB
2026-04-11 11:59:16 [INFO] [216/364] Split [17, 9, 4, 2] | Batch: 32 | Microbatch: 16 | Microbatches: 2
2026-04-11 11:59:16 [INFO] Loading WikiText... (SEQ_LEN=64, BATCH=32)
2026-04-11 11:59:29 [INFO] [Rank 3] Loading weights...
2026-04-11 11:59:30 [INFO] [Rank 3] Weights loaded.
2026-04-11 11:59:31 [INFO] [Rank 2] Loading weights...
2026-04-11 11:59:32 [INFO] [Rank 2] Weights loaded.
2026-04-11 11:59:38 [INFO] [Rank 1] Loading weights...
2026-04-11 11:59:39 [INFO] [Rank 1] Weights loaded.
2026-04-11 11:59:50 [INFO] [Rank 0] Loading weights...
2026-04-11 11:59:52 [INFO] [Rank 0] Weights loaded.
2026-04-11 12:01:14 [INFO] [Rank 1] Finished. Latency: 81428 ms
2026-04-11 12:01:14 [INFO] [Rank 2] Finished. Latency: 81428 ms
2026-04-11 12:01:14 [INFO] [Rank 0] Finished. Latency: 81428 ms
2026-04-11 12:01:14 [INFO] [Rank 3] Finished. Latency: 81438 ms
2026-04-11 12:01:18 [INFO] Total latency:     81428 ms
2026-04-11 12:01:18 [INFO] Peak 5GB memory:   4864 MB
2026-04-11 12:01:18 [INFO] Avg  5GB memory:   2234 MB
2026-04-11 12:01:18 [INFO] [217/364] Split [17, 9, 4, 2] | Batch: 32 | Microbatch: 8 | Microbatches: 4
2026-04-11 12:01:18 [INFO] Loading WikiText... (SEQ_LEN=64, BATCH=32)
2026-04-11 12:01:30 [INFO] [Rank 3] Loading weights...
2026-04-11 12:01:30 [INFO] [Rank 3] Weights loaded.
2026-04-11 12:01:32 [INFO] [Rank 2] Loading weights...
2026-04-11 12:01:32 [INFO] [Rank 2] Weights loaded.
2026-04-11 12:01:39 [INFO] [Rank 1] Loading weights...
2026-04-11 12:01:40 [INFO] [Rank 1] Weights loaded.
2026-04-11 12:01:51 [INFO] [Rank 0] Loading weights...
2026-04-11 12:01:53 [INFO] [Rank 0] Weights loaded.
2026-04-11 12:04:01 [INFO] [Rank 2] Finished. Latency: 127978 ms
2026-04-11 12:04:01 [INFO] [Rank 1] Finished. Latency: 127978 ms
2026-04-11 12:04:01 [INFO] [Rank 0] Finished. Latency: 127978 ms
2026-04-11 12:04:01 [INFO] [Rank 3] Finished. Latency: 127985 ms
2026-04-11 12:04:05 [INFO] Total latency:     127978 ms
2026-04-11 12:04:05 [INFO] Peak 5GB memory:   4400 MB
2026-04-11 12:04:05 [INFO] Avg  5GB memory:   2069 MB
2026-04-11 12:04:05 [INFO] [218/364] Split [17, 9, 4, 2] | Batch: 32 | Microbatch: 4 | Microbatches: 8
2026-04-11 12:04:05 [INFO] Loading WikiText... (SEQ_LEN=64, BATCH=32)
2026-04-11 12:04:17 [INFO] [Rank 3] Loading weights...
2026-04-11 12:04:18 [INFO] [Rank 3] Weights loaded.
2026-04-11 12:04:19 [INFO] [Rank 2] Loading weights...
2026-04-11 12:04:20 [INFO] [Rank 2] Weights loaded.
2026-04-11 12:04:26 [INFO] [Rank 1] Loading weights...
2026-04-11 12:04:28 [INFO] [Rank 1] Weights loaded.
2026-04-11 12:04:39 [INFO] [Rank 0] Loading weights...
2026-04-11 12:04:41 [INFO] [Rank 0] Weights loaded.
2026-04-11 12:08:26 [INFO] [Rank 2] Finished. Latency: 225423 ms
2026-04-11 12:08:26 [INFO] [Rank 1] Finished. Latency: 225423 ms
2026-04-11 12:08:26 [INFO] [Rank 0] Finished. Latency: 225423 ms
2026-04-11 12:08:26 [INFO] [Rank 3] Finished. Latency: 225428 ms
2026-04-11 12:08:30 [INFO] Total latency:     225423 ms
2026-04-11 12:08:30 [INFO] Peak 5GB memory:   2490 MB
2026-04-11 12:08:30 [INFO] Avg  5GB memory:   1648 MB
2026-04-11 12:08:30 [INFO] [219/364] Split [17, 9, 4, 2] | Batch: 32 | Microbatch: 2 | Microbatches: 16
2026-04-11 12:08:30 [INFO] Loading WikiText... (SEQ_LEN=64, BATCH=32)
2026-04-11 12:08:43 [INFO] [Rank 3] Loading weights...
2026-04-11 12:08:43 [INFO] [Rank 3] Weights loaded.
2026-04-11 12:08:45 [INFO] [Rank 2] Loading weights...
2026-04-11 12:08:45 [INFO] [Rank 2] Weights loaded.
2026-04-11 12:08:52 [INFO] [Rank 1] Loading weights...
2026-04-11 12:08:53 [INFO] [Rank 1] Weights loaded.
2026-04-11 12:09:04 [INFO] [Rank 0] Loading weights...
2026-04-11 12:09:06 [INFO] [Rank 0] Weights loaded.
2026-04-11 12:16:20 [INFO] [Rank 2] Finished. Latency: 433200 ms
2026-04-11 12:16:20 [INFO] [Rank 1] Finished. Latency: 433200 ms
2026-04-11 12:16:20 [INFO] [Rank 0] Finished. Latency: 433200 ms
2026-04-11 12:16:20 [INFO] [Rank 3] Finished. Latency: 433204 ms
2026-04-11 12:16:23 [INFO] Total latency:     433200 ms
2026-04-11 12:16:23 [INFO] Peak 5GB memory:   1920 MB
2026-04-11 12:16:23 [INFO] Avg  5GB memory:   1598 MB
2026-04-11 12:16:23 [INFO] [220/364] Split [17, 9, 4, 2] | Batch: 64 | Microbatch: 32 | Microbatches: 2
2026-04-11 12:16:23 [INFO] Loading WikiText... (SEQ_LEN=64, BATCH=64)
2026-04-11 12:16:36 [INFO] [Rank 3] Loading weights...
2026-04-11 12:16:37 [INFO] [Rank 3] Weights loaded.
2026-04-11 12:16:38 [INFO] [Rank 2] Loading weights...
2026-04-11 12:16:39 [INFO] [Rank 2] Weights loaded.
2026-04-11 12:16:45 [INFO] [Rank 1] Loading weights...
2026-04-11 12:16:47 [INFO] [Rank 1] Weights loaded.
2026-04-11 12:16:57 [INFO] [Rank 0] Loading weights...
2026-04-11 12:17:00 [INFO] [Rank 0] Weights loaded.
2026-04-11 12:19:03 [INFO] [Rank 2] Finished. Latency: 123265 ms
2026-04-11 12:19:03 [INFO] [Rank 1] Finished. Latency: 123265 ms
2026-04-11 12:19:03 [INFO] [Rank 0] Finished. Latency: 123265 ms
2026-04-11 12:19:03 [INFO] [Rank 3] Finished. Latency: 123281 ms
2026-04-11 12:19:07 [INFO] Total latency:     123265 ms
2026-04-11 12:19:07 [INFO] Peak 5GB memory:   4608 MB
2026-04-11 12:19:07 [INFO] Avg  5GB memory:   2641 MB
2026-04-11 12:19:07 [INFO] [221/364] Split [17, 9, 4, 2] | Batch: 64 | Microbatch: 16 | Microbatches: 4
2026-04-11 12:19:07 [INFO] Loading WikiText... (SEQ_LEN=64, BATCH=64)
2026-04-11 12:19:19 [INFO] [Rank 3] Loading weights...
2026-04-11 12:19:20 [INFO] [Rank 3] Weights loaded.
2026-04-11 12:19:21 [INFO] [Rank 2] Loading weights...
2026-04-11 12:19:22 [INFO] [Rank 2] Weights loaded.
2026-04-11 12:19:28 [INFO] [Rank 1] Loading weights...
2026-04-11 12:19:30 [INFO] [Rank 1] Weights loaded.
2026-04-11 12:19:41 [INFO] [Rank 0] Loading weights...
2026-04-11 12:19:43 [INFO] [Rank 0] Weights loaded.
2026-04-11 12:22:27 [INFO] [Rank 2] Finished. Latency: 163674 ms
2026-04-11 12:22:27 [INFO] [Rank 1] Finished. Latency: 163674 ms
2026-04-11 12:22:27 [INFO] [Rank 0] Finished. Latency: 163674 ms
2026-04-11 12:22:27 [INFO] [Rank 3] Finished. Latency: 163684 ms
2026-04-11 12:22:30 [INFO] Total latency:     163674 ms
2026-04-11 12:22:30 [INFO] Peak 5GB memory:   4788 MB
2026-04-11 12:22:30 [INFO] Avg  5GB memory:   2768 MB
2026-04-11 12:22:30 [INFO] [222/364] Split [17, 9, 4, 2] | Batch: 64 | Microbatch: 8 | Microbatches: 8
2026-04-11 12:22:30 [INFO] Loading WikiText... (SEQ_LEN=64, BATCH=64)
2026-04-11 12:22:43 [INFO] [Rank 3] Loading weights...
2026-04-11 12:22:44 [INFO] [Rank 3] Weights loaded.
2026-04-11 12:22:45 [INFO] [Rank 2] Loading weights...
2026-04-11 12:22:46 [INFO] [Rank 2] Weights loaded.
2026-04-11 12:22:52 [INFO] [Rank 1] Loading weights...
2026-04-11 12:22:54 [INFO] [Rank 1] Weights loaded.
2026-04-11 12:23:04 [INFO] [Rank 0] Loading weights...
2026-04-11 12:23:07 [INFO] [Rank 0] Weights loaded.
2026-04-11 12:27:22 [INFO] [Rank 1] Finished. Latency: 255106 ms
2026-04-11 12:27:22 [INFO] [Rank 2] Finished. Latency: 255106 ms
2026-04-11 12:27:22 [INFO] [Rank 0] Finished. Latency: 255106 ms
2026-04-11 12:27:22 [INFO] [Rank 3] Finished. Latency: 255113 ms
2026-04-11 12:27:26 [INFO] Total latency:     255106 ms
2026-04-11 12:27:26 [INFO] Peak 5GB memory:   4770 MB
2026-04-11 12:27:26 [INFO] Avg  5GB memory:   2716 MB
2026-04-11 12:27:26 [INFO] [223/364] Split [17, 9, 4, 2] | Batch: 64 | Microbatch: 4 | Microbatches: 16
2026-04-11 12:27:26 [INFO] Loading WikiText... (SEQ_LEN=64, BATCH=64)
2026-04-11 12:27:38 [INFO] [Rank 3] Loading weights...
2026-04-11 12:27:39 [INFO] [Rank 3] Weights loaded.
2026-04-11 12:27:40 [INFO] [Rank 2] Loading weights...
2026-04-11 12:27:41 [INFO] [Rank 2] Weights loaded.
2026-04-11 12:27:47 [INFO] [Rank 1] Loading weights...
2026-04-11 12:27:49 [INFO] [Rank 1] Weights loaded.
2026-04-11 12:28:00 [INFO] [Rank 0] Loading weights...
2026-04-11 12:28:02 [INFO] [Rank 0] Weights loaded.
2026-04-11 12:35:33 [INFO] [Rank 2] Finished. Latency: 451273 ms
2026-04-11 12:35:33 [INFO] [Rank 1] Finished. Latency: 451273 ms
2026-04-11 12:35:33 [INFO] [Rank 0] Finished. Latency: 451273 ms
2026-04-11 12:35:33 [INFO] [Rank 3] Finished. Latency: 451279 ms
2026-04-11 12:35:37 [INFO] Total latency:     451273 ms
2026-04-11 12:35:37 [INFO] Peak 5GB memory:   3792 MB
2026-04-11 12:35:37 [INFO] Avg  5GB memory:   2248 MB
2026-04-11 12:35:37 [INFO] [224/364] Split [17, 9, 4, 2] | Batch: 64 | Microbatch: 2 | Microbatches: 32
2026-04-11 12:35:37 [INFO] Loading WikiText... (SEQ_LEN=64, BATCH=64)
2026-04-11 12:35:50 [INFO] [Rank 3] Loading weights...
2026-04-11 12:35:51 [INFO] [Rank 3] Weights loaded.
2026-04-11 12:35:52 [INFO] [Rank 2] Loading weights...
2026-04-11 12:35:53 [INFO] [Rank 2] Weights loaded.
2026-04-11 12:35:59 [INFO] [Rank 1] Loading weights...
2026-04-11 12:36:01 [INFO] [Rank 1] Weights loaded.
2026-04-11 12:36:12 [INFO] [Rank 0] Loading weights...
2026-04-11 12:36:14 [INFO] [Rank 0] Weights loaded.
2026-04-11 12:50:37 [INFO] [Rank 2] Finished. Latency: 862527 ms
2026-04-11 12:50:37 [INFO] [Rank 1] Finished. Latency: 862527 ms
2026-04-11 12:50:37 [INFO] [Rank 0] Finished. Latency: 862527 ms
2026-04-11 12:50:37 [INFO] [Rank 3] Finished. Latency: 862531 ms
2026-04-11 12:50:40 [INFO] Total latency:     862527 ms
2026-04-11 12:50:40 [INFO] Peak 5GB memory:   2640 MB
2026-04-11 12:50:40 [INFO] Avg  5GB memory:   2070 MB
2026-04-11 12:50:40 [INFO] [225/364] Split [17, 9, 5, 1] | Batch: 8 | Microbatch: 4 | Microbatches: 2
2026-04-11 12:50:40 [INFO] Loading WikiText... (SEQ_LEN=64, BATCH=8)
2026-04-11 12:50:52 [INFO] [Rank 3] Loading weights...
2026-04-11 12:50:52 [INFO] [Rank 3] Weights loaded.
2026-04-11 12:50:57 [INFO] [Rank 2] Loading weights...
2026-04-11 12:50:58 [INFO] [Rank 2] Weights loaded.
2026-04-11 12:51:02 [INFO] [Rank 1] Loading weights...
2026-04-11 12:51:04 [INFO] [Rank 1] Weights loaded.
2026-04-11 12:51:15 [INFO] [Rank 0] Loading weights...
2026-04-11 12:51:17 [INFO] [Rank 0] Weights loaded.
2026-04-11 12:52:14 [INFO] [Rank 1] Finished. Latency: 57036 ms
2026-04-11 12:52:14 [INFO] [Rank 2] Finished. Latency: 57037 ms
2026-04-11 12:52:14 [INFO] [Rank 0] Finished. Latency: 57037 ms
2026-04-11 12:52:14 [INFO] [Rank 3] Finished. Latency: 57040 ms
2026-04-11 12:52:18 [INFO] Total latency:     57037 ms
2026-04-11 12:52:18 [INFO] Peak 5GB memory:   964 MB
2026-04-11 12:52:18 [INFO] Avg  5GB memory:   756 MB
2026-04-11 12:52:18 [INFO] [226/364] Split [17, 9, 5, 1] | Batch: 8 | Microbatch: 2 | Microbatches: 4
2026-04-11 12:52:18 [INFO] Loading WikiText... (SEQ_LEN=64, BATCH=8)
2026-04-11 12:52:20 [WARNING] '('Connection broken: IncompleteRead(0 bytes read, 732606 more expected)', IncompleteRead(0 bytes read, 732606 more expected))' thrown while requesting GET https://huggingface.co/datasets/wikitext/resolve/b08601e04326c79dfdd32d625aee71d232d685c3/wikitext-2-raw-v1/test-00000-of-00001.parquet
2026-04-11 12:52:20 [WARNING] Retrying in 1s [Retry 1/5].
2026-04-11 12:52:31 [INFO] [Rank 3] Loading weights...
2026-04-11 12:52:31 [INFO] [Rank 3] Weights loaded.
2026-04-11 12:52:35 [INFO] [Rank 2] Loading weights...
2026-04-11 12:52:36 [INFO] [Rank 2] Weights loaded.
2026-04-11 12:52:41 [INFO] [Rank 1] Loading weights...
2026-04-11 12:52:42 [INFO] [Rank 1] Weights loaded.
2026-04-11 12:52:53 [INFO] [Rank 0] Loading weights...
2026-04-11 12:52:55 [INFO] [Rank 0] Weights loaded.
2026-04-11 12:54:44 [INFO] [Rank 0] Finished. Latency: 108856 ms
2026-04-11 12:54:44 [INFO] [Rank 1] Finished. Latency: 108856 ms
2026-04-11 12:54:44 [INFO] [Rank 2] Finished. Latency: 108856 ms
2026-04-11 12:54:44 [INFO] [Rank 3] Finished. Latency: 108859 ms
2026-04-11 12:54:48 [INFO] Total latency:     108856 ms
2026-04-11 12:54:48 [INFO] Peak 5GB memory:   1246 MB
2026-04-11 12:54:48 [INFO] Avg  5GB memory:   795 MB
2026-04-11 12:54:48 [INFO] [227/364] Split [17, 9, 5, 1] | Batch: 16 | Microbatch: 8 | Microbatches: 2
2026-04-11 12:54:48 [INFO] Loading WikiText... (SEQ_LEN=64, BATCH=16)
2026-04-11 12:54:59 [INFO] [Rank 3] Loading weights...
2026-04-11 12:54:59 [INFO] [Rank 3] Weights loaded.
2026-04-11 12:55:04 [INFO] [Rank 2] Loading weights...
2026-04-11 12:55:04 [INFO] [Rank 2] Weights loaded.
2026-04-11 12:55:09 [INFO] [Rank 1] Loading weights...
2026-04-11 12:55:11 [INFO] [Rank 1] Weights loaded.
2026-04-11 12:55:22 [INFO] [Rank 0] Loading weights...
2026-04-11 12:55:24 [INFO] [Rank 0] Weights loaded.
2026-04-11 12:56:28 [INFO] [Rank 2] Finished. Latency: 64400 ms
2026-04-11 12:56:28 [INFO] [Rank 1] Finished. Latency: 64400 ms
2026-04-11 12:56:28 [INFO] [Rank 0] Finished. Latency: 64400 ms
2026-04-11 12:56:28 [INFO] [Rank 3] Finished. Latency: 64404 ms
2026-04-11 12:56:32 [INFO] Total latency:     64400 ms
2026-04-11 12:56:32 [INFO] Peak 5GB memory:   2236 MB
2026-04-11 12:56:32 [INFO] Avg  5GB memory:   1089 MB
2026-04-11 12:56:32 [INFO] [228/364] Split [17, 9, 5, 1] | Batch: 16 | Microbatch: 4 | Microbatches: 4
2026-04-11 12:56:32 [INFO] Loading WikiText... (SEQ_LEN=64, BATCH=16)
2026-04-11 12:56:43 [INFO] [Rank 3] Loading weights...
2026-04-11 12:56:44 [INFO] [Rank 3] Weights loaded.
2026-04-11 12:56:48 [INFO] [Rank 2] Loading weights...
2026-04-11 12:56:49 [INFO] [Rank 2] Weights loaded.
2026-04-11 12:56:54 [INFO] [Rank 1] Loading weights...
2026-04-11 12:56:55 [INFO] [Rank 1] Weights loaded.
2026-04-11 12:57:06 [INFO] [Rank 0] Loading weights...
2026-04-11 12:57:08 [INFO] [Rank 0] Weights loaded.
2026-04-11 12:59:02 [INFO] [Rank 2] Finished. Latency: 113765 ms
2026-04-11 12:59:02 [INFO] [Rank 1] Finished. Latency: 113765 ms
2026-04-11 12:59:02 [INFO] [Rank 0] Finished. Latency: 113765 ms
2026-04-11 12:59:02 [INFO] [Rank 3] Finished. Latency: 113768 ms
2026-04-11 12:59:06 [INFO] Total latency:     113765 ms
2026-04-11 12:59:06 [INFO] Peak 5GB memory:   1084 MB
2026-04-11 12:59:06 [INFO] Avg  5GB memory:   858 MB
2026-04-11 12:59:06 [INFO] [229/364] Split [17, 9, 5, 1] | Batch: 16 | Microbatch: 2 | Microbatches: 8
2026-04-11 12:59:06 [INFO] Loading WikiText... (SEQ_LEN=64, BATCH=16)
2026-04-11 12:59:16 [INFO] [Rank 3] Loading weights...
2026-04-11 12:59:17 [INFO] [Rank 3] Weights loaded.
2026-04-11 12:59:21 [INFO] [Rank 2] Loading weights...
2026-04-11 12:59:22 [INFO] [Rank 2] Weights loaded.
2026-04-11 12:59:27 [INFO] [Rank 1] Loading weights...
2026-04-11 12:59:28 [INFO] [Rank 1] Weights loaded.
2026-04-11 12:59:39 [INFO] [Rank 0] Loading weights...
2026-04-11 12:59:42 [INFO] [Rank 0] Weights loaded.
2026-04-11 13:03:19 [INFO] [Rank 2] Finished. Latency: 217294 ms
2026-04-11 13:03:19 [INFO] [Rank 1] Finished. Latency: 217294 ms
2026-04-11 13:03:19 [INFO] [Rank 0] Finished. Latency: 217294 ms
2026-04-11 13:03:19 [INFO] [Rank 3] Finished. Latency: 217296 ms
2026-04-11 13:03:23 [INFO] Total latency:     217294 ms
2026-04-11 13:03:23 [INFO] Peak 5GB memory:   1246 MB
2026-04-11 13:03:23 [INFO] Avg  5GB memory:   877 MB
2026-04-11 13:03:23 [INFO] [230/364] Split [17, 9, 5, 1] | Batch: 32 | Microbatch: 16 | Microbatches: 2
2026-04-11 13:03:23 [INFO] Loading WikiText... (SEQ_LEN=64, BATCH=32)
2026-04-11 13:03:34 [INFO] [Rank 3] Loading weights...
2026-04-11 13:03:35 [INFO] [Rank 3] Weights loaded.
2026-04-11 13:03:39 [INFO] [Rank 2] Loading weights...
2026-04-11 13:03:40 [INFO] [Rank 2] Weights loaded.
2026-04-11 13:03:45 [INFO] [Rank 1] Loading weights...
2026-04-11 13:03:46 [INFO] [Rank 1] Weights loaded.
2026-04-11 13:03:57 [INFO] [Rank 0] Loading weights...
2026-04-11 13:03:59 [INFO] [Rank 0] Weights loaded.
2026-04-11 13:05:21 [INFO] [Rank 2] Finished. Latency: 81484 ms
2026-04-11 13:05:21 [INFO] [Rank 1] Finished. Latency: 81484 ms
2026-04-11 13:05:21 [INFO] [Rank 0] Finished. Latency: 81484 ms
2026-04-11 13:05:21 [INFO] [Rank 3] Finished. Latency: 81489 ms
2026-04-11 13:05:24 [INFO] Total latency:     81484 ms
2026-04-11 13:05:24 [INFO] Peak 5GB memory:   4678 MB
2026-04-11 13:05:24 [INFO] Avg  5GB memory:   1785 MB
2026-04-11 13:05:24 [INFO] [231/364] Split [17, 9, 5, 1] | Batch: 32 | Microbatch: 8 | Microbatches: 4
2026-04-11 13:05:24 [INFO] Loading WikiText... (SEQ_LEN=64, BATCH=32)
2026-04-11 13:05:35 [INFO] [Rank 3] Loading weights...
2026-04-11 13:05:36 [INFO] [Rank 3] Weights loaded.
2026-04-11 13:05:40 [INFO] [Rank 2] Loading weights...
2026-04-11 13:05:41 [INFO] [Rank 2] Weights loaded.
2026-04-11 13:05:46 [INFO] [Rank 1] Loading weights...
2026-04-11 13:05:47 [INFO] [Rank 1] Weights loaded.
2026-04-11 13:05:58 [INFO] [Rank 0] Loading weights...
2026-04-11 13:06:00 [INFO] [Rank 0] Weights loaded.
2026-04-11 13:08:09 [INFO] [Rank 1] Finished. Latency: 128182 ms
2026-04-11 13:08:09 [INFO] [Rank 2] Finished. Latency: 128182 ms
2026-04-11 13:08:09 [INFO] [Rank 0] Finished. Latency: 128182 ms
2026-04-11 13:08:09 [INFO] [Rank 3] Finished. Latency: 128186 ms
2026-04-11 13:08:12 [INFO] Total latency:     128182 ms
2026-04-11 13:08:12 [INFO] Peak 5GB memory:   3432 MB
2026-04-11 13:08:12 [INFO] Avg  5GB memory:   1546 MB
2026-04-11 13:08:12 [INFO] [232/364] Split [17, 9, 5, 1] | Batch: 32 | Microbatch: 4 | Microbatches: 8
2026-04-11 13:08:12 [INFO] Loading WikiText... (SEQ_LEN=64, BATCH=32)
2026-04-11 13:08:14 [WARNING] '('Connection broken: IncompleteRead(0 bytes read, 65536 more expected)', IncompleteRead(0 bytes read, 65536 more expected))' thrown while requesting GET https://huggingface.co/datasets/wikitext/resolve/b08601e04326c79dfdd32d625aee71d232d685c3/wikitext-2-raw-v1/test-00000-of-00001.parquet
2026-04-11 13:08:14 [WARNING] Retrying in 1s [Retry 1/5].
2026-04-11 13:08:26 [INFO] [Rank 3] Loading weights...
2026-04-11 13:08:26 [INFO] [Rank 3] Weights loaded.
2026-04-11 13:08:31 [INFO] [Rank 2] Loading weights...
2026-04-11 13:08:32 [INFO] [Rank 2] Weights loaded.
2026-04-11 13:08:36 [INFO] [Rank 1] Loading weights...
2026-04-11 13:08:38 [INFO] [Rank 1] Weights loaded.
2026-04-11 13:08:49 [INFO] [Rank 0] Loading weights...
2026-04-11 13:08:51 [INFO] [Rank 0] Weights loaded.
2026-04-11 13:12:38 [INFO] [Rank 2] Finished. Latency: 226948 ms
2026-04-11 13:12:38 [INFO] [Rank 1] Finished. Latency: 226948 ms
2026-04-11 13:12:38 [INFO] [Rank 0] Finished. Latency: 226948 ms
2026-04-11 13:12:38 [INFO] [Rank 3] Finished. Latency: 226952 ms
2026-04-11 13:12:42 [INFO] Total latency:     226948 ms
2026-04-11 13:12:42 [INFO] Peak 5GB memory:   1464 MB
2026-04-11 13:12:42 [INFO] Avg  5GB memory:   1033 MB
2026-04-11 13:12:42 [INFO] [233/364] Split [17, 9, 5, 1] | Batch: 32 | Microbatch: 2 | Microbatches: 16
2026-04-11 13:12:42 [INFO] Loading WikiText... (SEQ_LEN=64, BATCH=32)
2026-04-11 13:12:44 [WARNING] '('Connection broken: IncompleteRead(0 bytes read, 65536 more expected)', IncompleteRead(0 bytes read, 65536 more expected))' thrown while requesting GET https://huggingface.co/datasets/wikitext/resolve/b08601e04326c79dfdd32d625aee71d232d685c3/wikitext-2-raw-v1/test-00000-of-00001.parquet
2026-04-11 13:12:44 [WARNING] Retrying in 1s [Retry 1/5].
2026-04-11 13:12:46 [WARNING] '('Connection broken: IncompleteRead(0 bytes read, 65536 more expected)', IncompleteRead(0 bytes read, 65536 more expected))' thrown while requesting GET https://huggingface.co/datasets/wikitext/resolve/b08601e04326c79dfdd32d625aee71d232d685c3/wikitext-2-raw-v1/test-00000-of-00001.parquet
2026-04-11 13:12:46 [WARNING] Retrying in 2s [Retry 2/5].
2026-04-11 13:12:58 [INFO] [Rank 3] Loading weights...
2026-04-11 13:12:59 [INFO] [Rank 3] Weights loaded.
2026-04-11 13:13:03 [INFO] [Rank 2] Loading weights...
2026-04-11 13:13:04 [INFO] [Rank 2] Weights loaded.
2026-04-11 13:13:09 [INFO] [Rank 1] Loading weights...
2026-04-11 13:13:10 [INFO] [Rank 1] Weights loaded.
2026-04-11 13:13:21 [INFO] [Rank 0] Loading weights...
2026-04-11 13:13:23 [INFO] [Rank 0] Weights loaded.
2026-04-11 13:20:36 [INFO] [Rank 2] Finished. Latency: 432455 ms
2026-04-11 13:20:36 [INFO] [Rank 1] Finished. Latency: 432455 ms
2026-04-11 13:20:36 [INFO] [Rank 0] Finished. Latency: 432455 ms
2026-04-11 13:20:36 [INFO] [Rank 3] Finished. Latency: 432458 ms
2026-04-11 13:20:39 [INFO] Total latency:     432455 ms
2026-04-11 13:20:39 [INFO] Peak 5GB memory:   1180 MB
2026-04-11 13:20:39 [INFO] Avg  5GB memory:   1010 MB
2026-04-11 13:20:40 [INFO] [234/364] Split [17, 9, 5, 1] | Batch: 64 | Microbatch: 32 | Microbatches: 2
2026-04-11 13:20:40 [INFO] Loading WikiText... (SEQ_LEN=64, BATCH=64)
2026-04-11 13:20:50 [INFO] [Rank 3] Loading weights...
2026-04-11 13:20:51 [INFO] [Rank 3] Weights loaded.
2026-04-11 13:20:55 [INFO] [Rank 2] Loading weights...
2026-04-11 13:20:56 [INFO] [Rank 2] Weights loaded.
2026-04-11 13:21:01 [INFO] [Rank 1] Loading weights...
2026-04-11 13:21:03 [INFO] [Rank 1] Weights loaded.
2026-04-11 13:21:13 [INFO] [Rank 0] Loading weights...
2026-04-11 13:21:15 [INFO] [Rank 0] Weights loaded.
2026-04-11 13:23:01 [ERROR] [Rank 2] OOM
2026-04-11 13:23:01 [ERROR] [Rank 3] Unexpected exception:
Traceback (most recent call last):
  File "/home/anurag_dutt/scripts/benchmark_pipeline_microbatching.py", line 545, in run_pipeline
    decode_recv_handles[mb_idx].wait()
  File "/home/anurag_dutt/scripts/mig_transport_pipeline_non_blocking.py", line 121, in wait
    _ORIGINAL_SEND(
  File "/home/anurag_dutt/scripts/mig_env/lib/python3.10/site-packages/torch/distributed/c10d_logger.py", line 81, in wrapper
    return func(*args, **kwargs)
  File "/home/anurag_dutt/scripts/mig_env/lib/python3.10/site-packages/torch/distributed/distributed_c10d.py", line 2496, in send
    work.wait()
RuntimeError: [/pytorch/third_party/gloo/gloo/transport/tcp/pair.cc:547] Connection closed by peer [10.128.0.8]:36589

2026-04-11 13:23:01 [ERROR] [Rank 0] Unexpected exception:
Traceback (most recent call last):
  File "/home/anurag_dutt/scripts/benchmark_pipeline_microbatching.py", line 576, in run_pipeline
    dist.recv(next_tokens, src=world_size - 1, tag=tok_tag)
  File "/home/anurag_dutt/scripts/mig_transport_pipeline_non_blocking.py", line 407, in patched_recv
    return _MIG_PIPE_ENGINE.recv(tensor, src, group=group, tag=tag)
  File "/home/anurag_dutt/scripts/mig_transport_pipeline_non_blocking.py", line 281, in recv
    _ORIGINAL_RECV(handshake, src=src, group=group, tag=tag)
  File "/home/anurag_dutt/scripts/mig_env/lib/python3.10/site-packages/torch/distributed/c10d_logger.py", line 81, in wrapper
    return func(*args, **kwargs)
  File "/home/anurag_dutt/scripts/mig_env/lib/python3.10/site-packages/torch/distributed/distributed_c10d.py", line 2529, in recv
    work.wait()
RuntimeError: [/pytorch/third_party/gloo/gloo/transport/tcp/pair.cc:547] Connection closed by peer [10.128.0.8]:53380

2026-04-11 13:23:01 [ERROR] [Rank 1] Unexpected exception:
Traceback (most recent call last):
  File "/home/anurag_dutt/scripts/benchmark_pipeline_microbatching.py", line 545, in run_pipeline
    decode_recv_handles[mb_idx].wait()
  File "/home/anurag_dutt/scripts/mig_transport_pipeline_non_blocking.py", line 113, in wait
    self._dist_handle.wait()
RuntimeError: [/pytorch/third_party/gloo/gloo/transport/tcp/pair.cc:547] Connection closed by peer [10.128.0.8]:16273

2026-04-11 13:23:05 [WARNING] OOM on Rank 2 — skipping.
2026-04-11 13:23:05 [INFO] [235/364] Split [17, 9, 5, 1] | Batch: 64 | Microbatch: 16 | Microbatches: 4
2026-04-11 13:23:05 [INFO] Loading WikiText... (SEQ_LEN=64, BATCH=64)
2026-04-11 13:23:16 [INFO] [Rank 3] Loading weights...
2026-04-11 13:23:16 [INFO] [Rank 3] Weights loaded.
2026-04-11 13:23:21 [INFO] [Rank 2] Loading weights...
2026-04-11 13:23:21 [INFO] [Rank 2] Weights loaded.
2026-04-11 13:23:26 [INFO] [Rank 1] Loading weights...
2026-04-11 13:23:28 [INFO] [Rank 1] Weights loaded.
2026-04-11 13:23:38 [INFO] [Rank 0] Loading weights...
2026-04-11 13:23:41 [INFO] [Rank 0] Weights loaded.
2026-04-11 13:26:06 [ERROR] [Rank 2] OOM
2026-04-11 13:26:06 [ERROR] [Rank 1] Unexpected exception:
Traceback (most recent call last):
  File "/home/anurag_dutt/scripts/benchmark_pipeline_microbatching.py", line 568, in run_pipeline
    h.wait()
  File "/home/anurag_dutt/scripts/mig_transport_pipeline_non_blocking.py", line 79, in wait
    _ORIGINAL_RECV(
  File "/home/anurag_dutt/scripts/mig_env/lib/python3.10/site-packages/torch/distributed/c10d_logger.py", line 81, in wrapper
    return func(*args, **kwargs)
  File "/home/anurag_dutt/scripts/mig_env/lib/python3.10/site-packages/torch/distributed/distributed_c10d.py", line 2529, in recv
    work.wait()
RuntimeError: [/pytorch/third_party/gloo/gloo/transport/tcp/pair.cc:547] Connection closed by peer [10.128.0.8]:34211

2026-04-11 13:26:06 [ERROR] [Rank 3] Unexpected exception:
Traceback (most recent call last):
  File "/home/anurag_dutt/scripts/benchmark_pipeline_microbatching.py", line 545, in run_pipeline
    decode_recv_handles[mb_idx].wait()
  File "/home/anurag_dutt/scripts/mig_transport_pipeline_non_blocking.py", line 121, in wait
    _ORIGINAL_SEND(
  File "/home/anurag_dutt/scripts/mig_env/lib/python3.10/site-packages/torch/distributed/c10d_logger.py", line 81, in wrapper
    return func(*args, **kwargs)
  File "/home/anurag_dutt/scripts/mig_env/lib/python3.10/site-packages/torch/distributed/distributed_c10d.py", line 2496, in send
    work.wait()
RuntimeError: [/pytorch/third_party/gloo/gloo/transport/tcp/pair.cc:547] Connection closed by peer [10.128.0.8]:5813

2026-04-11 13:26:06 [ERROR] [Rank 0] Unexpected exception:
Traceback (most recent call last):
  File "/home/anurag_dutt/scripts/benchmark_pipeline_microbatching.py", line 576, in run_pipeline
    dist.recv(next_tokens, src=world_size - 1, tag=tok_tag)
  File "/home/anurag_dutt/scripts/mig_transport_pipeline_non_blocking.py", line 407, in patched_recv
    return _MIG_PIPE_ENGINE.recv(tensor, src, group=group, tag=tag)
  File "/home/anurag_dutt/scripts/mig_transport_pipeline_non_blocking.py", line 281, in recv
    _ORIGINAL_RECV(handshake, src=src, group=group, tag=tag)
  File "/home/anurag_dutt/scripts/mig_env/lib/python3.10/site-packages/torch/distributed/c10d_logger.py", line 81, in wrapper
    return func(*args, **kwargs)
  File "/home/anurag_dutt/scripts/mig_env/lib/python3.10/site-packages/torch/distributed/distributed_c10d.py", line 2529, in recv
    work.wait()
RuntimeError: [/pytorch/third_party/gloo/gloo/transport/tcp/pair.cc:547] Connection closed by peer [10.128.0.8]:10648

2026-04-11 13:26:10 [WARNING] OOM on Rank 2 — skipping.
2026-04-11 13:26:10 [INFO] [236/364] Split [17, 9, 5, 1] | Batch: 64 | Microbatch: 8 | Microbatches: 8
2026-04-11 13:26:10 [INFO] Loading WikiText... (SEQ_LEN=64, BATCH=64)
2026-04-11 13:26:21 [INFO] [Rank 3] Loading weights...
2026-04-11 13:26:22 [INFO] [Rank 3] Weights loaded.
2026-04-11 13:26:26 [INFO] [Rank 2] Loading weights...
2026-04-11 13:26:27 [INFO] [Rank 2] Weights loaded.
2026-04-11 13:26:32 [INFO] [Rank 1] Loading weights...
2026-04-11 13:26:33 [INFO] [Rank 1] Weights loaded.
2026-04-11 13:26:44 [INFO] [Rank 0] Loading weights...
2026-04-11 13:26:47 [INFO] [Rank 0] Weights loaded.
2026-04-11 13:30:27 [ERROR] [Rank 2] OOM
2026-04-11 13:30:27 [ERROR] [Rank 3] Unexpected exception:
Traceback (most recent call last):
  File "/home/anurag_dutt/scripts/benchmark_pipeline_microbatching.py", line 545, in run_pipeline
    decode_recv_handles[mb_idx].wait()
  File "/home/anurag_dutt/scripts/mig_transport_pipeline_non_blocking.py", line 121, in wait
    _ORIGINAL_SEND(
  File "/home/anurag_dutt/scripts/mig_env/lib/python3.10/site-packages/torch/distributed/c10d_logger.py", line 81, in wrapper
    return func(*args, **kwargs)
  File "/home/anurag_dutt/scripts/mig_env/lib/python3.10/site-packages/torch/distributed/distributed_c10d.py", line 2496, in send
    work.wait()
RuntimeError: [/pytorch/third_party/gloo/gloo/transport/tcp/pair.cc:547] Connection closed by peer [10.128.0.8]:51410

2026-04-11 13:30:27 [ERROR] [Rank 0] Unexpected exception:
Traceback (most recent call last):
  File "/home/anurag_dutt/scripts/benchmark_pipeline_microbatching.py", line 576, in run_pipeline
    dist.recv(next_tokens, src=world_size - 1, tag=tok_tag)
  File "/home/anurag_dutt/scripts/mig_transport_pipeline_non_blocking.py", line 407, in patched_recv
    return _MIG_PIPE_ENGINE.recv(tensor, src, group=group, tag=tag)
  File "/home/anurag_dutt/scripts/mig_transport_pipeline_non_blocking.py", line 281, in recv
    _ORIGINAL_RECV(handshake, src=src, group=group, tag=tag)
  File "/home/anurag_dutt/scripts/mig_env/lib/python3.10/site-packages/torch/distributed/c10d_logger.py", line 81, in wrapper
    return func(*args, **kwargs)
  File "/home/anurag_dutt/scripts/mig_env/lib/python3.10/site-packages/torch/distributed/distributed_c10d.py", line 2529, in recv
    work.wait()
RuntimeError: [/pytorch/third_party/gloo/gloo/transport/tcp/pair.cc:547] Connection closed by peer [10.128.0.8]:20195

2026-04-11 13:30:27 [ERROR] [Rank 1] Unexpected exception:
Traceback (most recent call last):
  File "/home/anurag_dutt/scripts/benchmark_pipeline_microbatching.py", line 545, in run_pipeline
    decode_recv_handles[mb_idx].wait()
  File "/home/anurag_dutt/scripts/mig_transport_pipeline_non_blocking.py", line 113, in wait
    self._dist_handle.wait()
RuntimeError: [/pytorch/third_party/gloo/gloo/transport/tcp/pair.cc:547] Connection closed by peer [10.128.0.8]:8080

2026-04-11 13:30:31 [WARNING] OOM on Rank 2 — skipping.
2026-04-11 13:30:31 [INFO] [237/364] Split [17, 9, 5, 1] | Batch: 64 | Microbatch: 4 | Microbatches: 16
2026-04-11 13:30:31 [INFO] Loading WikiText... (SEQ_LEN=64, BATCH=64)
2026-04-11 13:30:42 [INFO] [Rank 3] Loading weights...
2026-04-11 13:30:43 [INFO] [Rank 3] Weights loaded.
2026-04-11 13:30:47 [INFO] [Rank 2] Loading weights...
2026-04-11 13:30:48 [INFO] [Rank 2] Weights loaded.
2026-04-11 13:30:53 [INFO] [Rank 1] Loading weights...
2026-04-11 13:30:54 [INFO] [Rank 1] Weights loaded.
2026-04-11 13:31:05 [INFO] [Rank 0] Loading weights...
2026-04-11 13:31:07 [INFO] [Rank 0] Weights loaded.
2026-04-11 13:36:42 [ERROR] [Rank 2] OOM
2026-04-11 13:36:42 [ERROR] [Rank 1] Unexpected exception:
Traceback (most recent call last):
  File "/home/anurag_dutt/scripts/benchmark_pipeline_microbatching.py", line 568, in run_pipeline
    h.wait()
  File "/home/anurag_dutt/scripts/mig_transport_pipeline_non_blocking.py", line 79, in wait
    _ORIGINAL_RECV(
  File "/home/anurag_dutt/scripts/mig_env/lib/python3.10/site-packages/torch/distributed/c10d_logger.py", line 81, in wrapper
    return func(*args, **kwargs)
  File "/home/anurag_dutt/scripts/mig_env/lib/python3.10/site-packages/torch/distributed/distributed_c10d.py", line 2529, in recv
    work.wait()
RuntimeError: [/pytorch/third_party/gloo/gloo/transport/tcp/pair.cc:547] Connection closed by peer [10.128.0.8]:23459

2026-04-11 13:36:42 [ERROR] [Rank 3] Unexpected exception:
Traceback (most recent call last):
  File "/home/anurag_dutt/scripts/benchmark_pipeline_microbatching.py", line 545, in run_pipeline
    decode_recv_handles[mb_idx].wait()
  File "/home/anurag_dutt/scripts/mig_transport_pipeline_non_blocking.py", line 113, in wait
    self._dist_handle.wait()
RuntimeError: [/pytorch/third_party/gloo/gloo/transport/tcp/pair.cc:547] Connection closed by peer [10.128.0.8]:11461

2026-04-11 13:36:43 [ERROR] [Rank 0] Unexpected exception:
Traceback (most recent call last):
  File "/home/anurag_dutt/scripts/benchmark_pipeline_microbatching.py", line 576, in run_pipeline
    dist.recv(next_tokens, src=world_size - 1, tag=tok_tag)
  File "/home/anurag_dutt/scripts/mig_transport_pipeline_non_blocking.py", line 407, in patched_recv
    return _MIG_PIPE_ENGINE.recv(tensor, src, group=group, tag=tag)
  File "/home/anurag_dutt/scripts/mig_transport_pipeline_non_blocking.py", line 281, in recv
    _ORIGINAL_RECV(handshake, src=src, group=group, tag=tag)
  File "/home/anurag_dutt/scripts/mig_env/lib/python3.10/site-packages/torch/distributed/c10d_logger.py", line 81, in wrapper
    return func(*args, **kwargs)
  File "/home/anurag_dutt/scripts/mig_env/lib/python3.10/site-packages/torch/distributed/distributed_c10d.py", line 2529, in recv
    work.wait()
RuntimeError: [/pytorch/third_party/gloo/gloo/transport/tcp/pair.cc:547] Connection closed by peer [10.128.0.8]:7055

2026-04-11 13:36:46 [WARNING] OOM on Rank 2 — skipping.
2026-04-11 13:36:46 [INFO] [238/364] Split [17, 9, 5, 1] | Batch: 64 | Microbatch: 2 | Microbatches: 32
2026-04-11 13:36:46 [INFO] Loading WikiText... (SEQ_LEN=64, BATCH=64)
2026-04-11 13:36:57 [INFO] [Rank 3] Loading weights...
2026-04-11 13:36:58 [INFO] [Rank 3] Weights loaded.
2026-04-11 13:37:02 [INFO] [Rank 2] Loading weights...
2026-04-11 13:37:03 [INFO] [Rank 2] Weights loaded.
2026-04-11 13:37:08 [INFO] [Rank 1] Loading weights...
2026-04-11 13:37:09 [INFO] [Rank 1] Weights loaded.
2026-04-11 13:37:20 [INFO] [Rank 0] Loading weights...
2026-04-11 13:37:23 [INFO] [Rank 0] Weights loaded.
2026-04-11 13:47:28 [ERROR] [Rank 2] OOM
2026-04-11 13:47:28 [ERROR] [Rank 1] Unexpected exception:
Traceback (most recent call last):
  File "/home/anurag_dutt/scripts/benchmark_pipeline_microbatching.py", line 568, in run_pipeline
    h.wait()
  File "/home/anurag_dutt/scripts/mig_transport_pipeline_non_blocking.py", line 79, in wait
    _ORIGINAL_RECV(
  File "/home/anurag_dutt/scripts/mig_env/lib/python3.10/site-packages/torch/distributed/c10d_logger.py", line 81, in wrapper
    return func(*args, **kwargs)
  File "/home/anurag_dutt/scripts/mig_env/lib/python3.10/site-packages/torch/distributed/distributed_c10d.py", line 2529, in recv
    work.wait()
RuntimeError: [/pytorch/third_party/gloo/gloo/transport/tcp/pair.cc:547] Connection closed by peer [10.128.0.8]:36514

2026-04-11 13:47:28 [ERROR] [Rank 3] Unexpected exception:
Traceback (most recent call last):
  File "/home/anurag_dutt/scripts/benchmark_pipeline_microbatching.py", line 545, in run_pipeline
    decode_recv_handles[mb_idx].wait()
  File "/home/anurag_dutt/scripts/mig_transport_pipeline_non_blocking.py", line 121, in wait
    _ORIGINAL_SEND(
  File "/home/anurag_dutt/scripts/mig_env/lib/python3.10/site-packages/torch/distributed/c10d_logger.py", line 81, in wrapper
    return func(*args, **kwargs)
  File "/home/anurag_dutt/scripts/mig_env/lib/python3.10/site-packages/torch/distributed/distributed_c10d.py", line 2496, in send
    work.wait()
RuntimeError: [/pytorch/third_party/gloo/gloo/transport/tcp/pair.cc:547] Connection closed by peer [10.128.0.8]:49814

2026-04-11 13:47:28 [ERROR] [Rank 0] Unexpected exception:
Traceback (most recent call last):
  File "/home/anurag_dutt/scripts/benchmark_pipeline_microbatching.py", line 576, in run_pipeline
    dist.recv(next_tokens, src=world_size - 1, tag=tok_tag)
  File "/home/anurag_dutt/scripts/mig_transport_pipeline_non_blocking.py", line 407, in patched_recv
    return _MIG_PIPE_ENGINE.recv(tensor, src, group=group, tag=tag)
  File "/home/anurag_dutt/scripts/mig_transport_pipeline_non_blocking.py", line 281, in recv
    _ORIGINAL_RECV(handshake, src=src, group=group, tag=tag)
  File "/home/anurag_dutt/scripts/mig_env/lib/python3.10/site-packages/torch/distributed/c10d_logger.py", line 81, in wrapper
    return func(*args, **kwargs)
  File "/home/anurag_dutt/scripts/mig_env/lib/python3.10/site-packages/torch/distributed/distributed_c10d.py", line 2529, in recv
    work.wait()
RuntimeError: [/pytorch/third_party/gloo/gloo/transport/tcp/pair.cc:547] Connection closed by peer [10.128.0.8]:427

2026-04-11 13:47:32 [WARNING] OOM on Rank 2 — skipping.
2026-04-11 13:47:32 [INFO] [239/364] Split [18, 6, 4, 4] | Batch: 8 | Microbatch: 4 | Microbatches: 2
2026-04-11 13:47:32 [INFO] Loading WikiText... (SEQ_LEN=64, BATCH=8)
2026-04-11 13:47:47 [INFO] [Rank 2] Loading weights...
2026-04-11 13:47:47 [INFO] [Rank 2] Weights loaded.
2026-04-11 13:47:47 [INFO] [Rank 3] Loading weights...
2026-04-11 13:47:48 [INFO] [Rank 3] Weights loaded.
2026-04-11 13:47:49 [INFO] [Rank 1] Loading weights...
2026-04-11 13:47:50 [INFO] [Rank 1] Weights loaded.
2026-04-11 13:48:07 [INFO] [Rank 0] Loading weights...
2026-04-11 13:48:10 [INFO] [Rank 0] Weights loaded.
2026-04-11 13:49:09 [INFO] [Rank 1] Finished. Latency: 59397 ms
2026-04-11 13:49:09 [INFO] [Rank 2] Finished. Latency: 59397 ms
2026-04-11 13:49:09 [INFO] [Rank 0] Finished. Latency: 59397 ms
2026-04-11 13:49:09 [INFO] [Rank 3] Finished. Latency: 59407 ms
2026-04-11 13:49:13 [INFO] Total latency:     59397 ms
2026-04-11 13:49:13 [INFO] Peak 5GB memory:   2602 MB
2026-04-11 13:49:13 [INFO] Avg  5GB memory:   1908 MB
2026-04-11 13:49:13 [INFO] [240/364] Split [18, 6, 4, 4] | Batch: 8 | Microbatch: 2 | Microbatches: 4
2026-04-11 13:49:13 [INFO] Loading WikiText... (SEQ_LEN=64, BATCH=8)
2026-04-11 13:49:27 [INFO] [Rank 2] Loading weights...
2026-04-11 13:49:28 [INFO] [Rank 2] Weights loaded.
2026-04-11 13:49:28 [INFO] [Rank 3] Loading weights...
2026-04-11 13:49:29 [INFO] [Rank 3] Weights loaded.
2026-04-11 13:49:30 [INFO] [Rank 1] Loading weights...
2026-04-11 13:49:31 [INFO] [Rank 1] Weights loaded.
2026-04-11 13:49:48 [INFO] [Rank 0] Loading weights...
2026-04-11 13:49:50 [INFO] [Rank 0] Weights loaded.
2026-04-11 13:51:42 [INFO] [Rank 0] Finished. Latency: 111833 ms
2026-04-11 13:51:42 [INFO] [Rank 2] Finished. Latency: 111833 ms
2026-04-11 13:51:42 [INFO] [Rank 1] Finished. Latency: 111833 ms
2026-04-11 13:51:42 [INFO] [Rank 3] Finished. Latency: 111841 ms
2026-04-11 13:51:46 [INFO] Total latency:     111833 ms
2026-04-11 13:51:46 [INFO] Peak 5GB memory:   2404 MB
2026-04-11 13:51:46 [INFO] Avg  5GB memory:   1989 MB
2026-04-11 13:51:46 [INFO] [241/364] Split [18, 6, 4, 4] | Batch: 16 | Microbatch: 8 | Microbatches: 2
2026-04-11 13:51:46 [INFO] Loading WikiText... (SEQ_LEN=64, BATCH=16)
2026-04-11 13:52:00 [INFO] [Rank 2] Loading weights...
2026-04-11 13:52:01 [INFO] [Rank 2] Weights loaded.
2026-04-11 13:52:01 [INFO] [Rank 3] Loading weights...
2026-04-11 13:52:02 [INFO] [Rank 3] Weights loaded.
2026-04-11 13:52:03 [INFO] [Rank 1] Loading weights...
2026-04-11 13:52:04 [INFO] [Rank 1] Weights loaded.
2026-04-11 13:52:21 [INFO] [Rank 0] Loading weights...
2026-04-11 13:52:23 [INFO] [Rank 0] Weights loaded.
2026-04-11 13:53:30 [INFO] [Rank 2] Finished. Latency: 66824 ms
2026-04-11 13:53:30 [INFO] [Rank 1] Finished. Latency: 66824 ms
2026-04-11 13:53:30 [INFO] [Rank 0] Finished. Latency: 66824 ms
2026-04-11 13:53:30 [INFO] [Rank 3] Finished. Latency: 66837 ms
2026-04-11 13:53:33 [INFO] Total latency:     66824 ms
2026-04-11 13:53:33 [INFO] Peak 5GB memory:   4702 MB
2026-04-11 13:53:33 [INFO] Avg  5GB memory:   2545 MB
2026-04-11 13:53:33 [INFO] [242/364] Split [18, 6, 4, 4] | Batch: 16 | Microbatch: 4 | Microbatches: 4
2026-04-11 13:53:33 [INFO] Loading WikiText... (SEQ_LEN=64, BATCH=16)
2026-04-11 13:53:48 [INFO] [Rank 2] Loading weights...
2026-04-11 13:53:49 [INFO] [Rank 2] Weights loaded.
2026-04-11 13:53:49 [INFO] [Rank 3] Loading weights...
2026-04-11 13:53:50 [INFO] [Rank 3] Weights loaded.
2026-04-11 13:53:51 [INFO] [Rank 1] Loading weights...
2026-04-11 13:53:52 [INFO] [Rank 1] Weights loaded.
2026-04-11 13:54:09 [INFO] [Rank 0] Loading weights...
2026-04-11 13:54:11 [INFO] [Rank 0] Weights loaded.
2026-04-11 13:56:09 [INFO] [Rank 2] Finished. Latency: 117975 ms
2026-04-11 13:56:09 [INFO] [Rank 1] Finished. Latency: 117975 ms
2026-04-11 13:56:09 [INFO] [Rank 0] Finished. Latency: 117975 ms
2026-04-11 13:56:09 [INFO] [Rank 3] Finished. Latency: 117985 ms
2026-04-11 13:56:13 [INFO] Total latency:     117975 ms
2026-04-11 13:56:13 [INFO] Peak 5GB memory:   3202 MB
2026-04-11 13:56:13 [INFO] Avg  5GB memory:   2252 MB
2026-04-11 13:56:13 [INFO] [243/364] Split [18, 6, 4, 4] | Batch: 16 | Microbatch: 2 | Microbatches: 8
2026-04-11 13:56:13 [INFO] Loading WikiText... (SEQ_LEN=64, BATCH=16)
2026-04-11 13:56:28 [INFO] [Rank 2] Loading weights...
2026-04-11 13:56:28 [INFO] [Rank 2] Weights loaded.
2026-04-11 13:56:28 [INFO] [Rank 3] Loading weights...
2026-04-11 13:56:29 [INFO] [Rank 3] Weights loaded.
2026-04-11 13:56:30 [INFO] [Rank 1] Loading weights...
2026-04-11 13:56:31 [INFO] [Rank 1] Weights loaded.
2026-04-11 13:56:48 [INFO] [Rank 0] Loading weights...
2026-04-11 13:56:51 [INFO] [Rank 0] Weights loaded.
2026-04-11 14:00:35 [INFO] [Rank 2] Finished. Latency: 224675 ms
2026-04-11 14:00:35 [INFO] [Rank 0] Finished. Latency: 224675 ms
2026-04-11 14:00:35 [INFO] [Rank 1] Finished. Latency: 224675 ms
2026-04-11 14:00:35 [INFO] [Rank 3] Finished. Latency: 224683 ms
2026-04-11 14:00:39 [INFO] Total latency:     224675 ms
2026-04-11 14:00:39 [INFO] Peak 5GB memory:   2682 MB
2026-04-11 14:00:39 [INFO] Avg  5GB memory:   2265 MB
2026-04-11 14:00:39 [INFO] [244/364] Split [18, 6, 4, 4] | Batch: 32 | Microbatch: 16 | Microbatches: 2
2026-04-11 14:00:39 [INFO] Loading WikiText... (SEQ_LEN=64, BATCH=32)
2026-04-11 14:00:54 [INFO] [Rank 2] Loading weights...
2026-04-11 14:00:55 [INFO] [Rank 2] Weights loaded.
2026-04-11 14:00:55 [INFO] [Rank 3] Loading weights...
2026-04-11 14:00:56 [INFO] [Rank 3] Weights loaded.
2026-04-11 14:00:57 [INFO] [Rank 1] Loading weights...
2026-04-11 14:00:58 [INFO] [Rank 1] Weights loaded.
2026-04-11 14:01:15 [INFO] [Rank 0] Loading weights...
2026-04-11 14:01:17 [INFO] [Rank 0] Weights loaded.
2026-04-11 14:02:42 [INFO] [Rank 2] Finished. Latency: 84616 ms
2026-04-11 14:02:42 [INFO] [Rank 1] Finished. Latency: 84617 ms
2026-04-11 14:02:42 [INFO] [Rank 0] Finished. Latency: 84617 ms
2026-04-11 14:02:42 [INFO] [Rank 3] Finished. Latency: 84636 ms
2026-04-11 14:02:45 [INFO] Total latency:     84617 ms
2026-04-11 14:02:45 [INFO] Peak 5GB memory:   4852 MB
2026-04-11 14:02:45 [INFO] Avg  5GB memory:   2886 MB
2026-04-11 14:02:45 [INFO] [245/364] Split [18, 6, 4, 4] | Batch: 32 | Microbatch: 8 | Microbatches: 4
2026-04-11 14:02:45 [INFO] Loading WikiText... (SEQ_LEN=64, BATCH=32)
2026-04-11 14:03:00 [INFO] [Rank 2] Loading weights...
2026-04-11 14:03:01 [INFO] [Rank 2] Weights loaded.
2026-04-11 14:03:01 [INFO] [Rank 3] Loading weights...
2026-04-11 14:03:02 [INFO] [Rank 3] Weights loaded.
2026-04-11 14:03:03 [INFO] [Rank 1] Loading weights...
2026-04-11 14:03:04 [INFO] [Rank 1] Weights loaded.
2026-04-11 14:03:21 [INFO] [Rank 0] Loading weights...
2026-04-11 14:03:23 [INFO] [Rank 0] Weights loaded.
2026-04-11 14:05:36 [INFO] [Rank 1] Finished. Latency: 133043 ms
2026-04-11 14:05:36 [INFO] [Rank 2] Finished. Latency: 133043 ms
2026-04-11 14:05:36 [INFO] [Rank 0] Finished. Latency: 133043 ms
2026-04-11 14:05:36 [INFO] [Rank 3] Finished. Latency: 133056 ms
2026-04-11 14:05:40 [INFO] Total latency:     133043 ms
2026-04-11 14:05:40 [INFO] Peak 5GB memory:   4670 MB
2026-04-11 14:05:40 [INFO] Avg  5GB memory:   2924 MB
2026-04-11 14:05:40 [INFO] [246/364] Split [18, 6, 4, 4] | Batch: 32 | Microbatch: 4 | Microbatches: 8
2026-04-11 14:05:40 [INFO] Loading WikiText... (SEQ_LEN=64, BATCH=32)
2026-04-11 14:05:55 [INFO] [Rank 2] Loading weights...
2026-04-11 14:05:56 [INFO] [Rank 2] Weights loaded.
2026-04-11 14:05:56 [INFO] [Rank 3] Loading weights...
2026-04-11 14:05:57 [INFO] [Rank 3] Weights loaded.
2026-04-11 14:05:58 [INFO] [Rank 1] Loading weights...
2026-04-11 14:05:59 [INFO] [Rank 1] Weights loaded.
2026-04-11 14:06:15 [INFO] [Rank 0] Loading weights...
2026-04-11 14:06:18 [INFO] [Rank 0] Weights loaded.
2026-04-11 14:10:13 [INFO] [Rank 2] Finished. Latency: 234872 ms
2026-04-11 14:10:13 [INFO] [Rank 1] Finished. Latency: 234872 ms
2026-04-11 14:10:13 [INFO] [Rank 0] Finished. Latency: 234872 ms
2026-04-11 14:10:13 [INFO] [Rank 3] Finished. Latency: 234882 ms
2026-04-11 14:10:17 [INFO] Total latency:     234872 ms
2026-04-11 14:10:17 [INFO] Peak 5GB memory:   4542 MB
2026-04-11 14:10:17 [INFO] Avg  5GB memory:   2869 MB
2026-04-11 14:10:17 [INFO] [247/364] Split [18, 6, 4, 4] | Batch: 32 | Microbatch: 2 | Microbatches: 16
2026-04-11 14:10:17 [INFO] Loading WikiText... (SEQ_LEN=64, BATCH=32)
2026-04-11 14:10:31 [INFO] [Rank 2] Loading weights...
2026-04-11 14:10:32 [INFO] [Rank 2] Weights loaded.
2026-04-11 14:10:32 [INFO] [Rank 3] Loading weights...
2026-04-11 14:10:33 [INFO] [Rank 3] Weights loaded.
2026-04-11 14:10:34 [INFO] [Rank 1] Loading weights...
2026-04-11 14:10:35 [INFO] [Rank 1] Weights loaded.
2026-04-11 14:10:52 [INFO] [Rank 0] Loading weights...
2026-04-11 14:10:54 [INFO] [Rank 0] Weights loaded.
2026-04-11 14:18:22 [INFO] [Rank 2] Finished. Latency: 447411 ms
2026-04-11 14:18:22 [INFO] [Rank 1] Finished. Latency: 447411 ms
2026-04-11 14:18:22 [INFO] [Rank 0] Finished. Latency: 447411 ms
2026-04-11 14:18:22 [INFO] [Rank 3] Finished. Latency: 447419 ms
2026-04-11 14:18:25 [INFO] Total latency:     447411 ms
2026-04-11 14:18:25 [INFO] Peak 5GB memory:   3396 MB
2026-04-11 14:18:25 [INFO] Avg  5GB memory:   2765 MB
2026-04-11 14:18:25 [INFO] [248/364] Split [18, 6, 4, 4] | Batch: 64 | Microbatch: 32 | Microbatches: 2
2026-04-11 14:18:25 [INFO] Loading WikiText... (SEQ_LEN=64, BATCH=64)
2026-04-11 14:18:40 [INFO] [Rank 2] Loading weights...
2026-04-11 14:18:41 [INFO] [Rank 2] Weights loaded.
2026-04-11 14:18:41 [INFO] [Rank 3] Loading weights...
2026-04-11 14:18:42 [INFO] [Rank 3] Weights loaded.
2026-04-11 14:18:43 [INFO] [Rank 1] Loading weights...
2026-04-11 14:18:44 [INFO] [Rank 1] Weights loaded.
2026-04-11 14:19:01 [INFO] [Rank 0] Loading weights...
2026-04-11 14:19:03 [INFO] [Rank 0] Weights loaded.
2026-04-11 14:21:12 [INFO] [Rank 1] Finished. Latency: 128647 ms
2026-04-11 14:21:12 [INFO] [Rank 2] Finished. Latency: 128647 ms
2026-04-11 14:21:12 [INFO] [Rank 0] Finished. Latency: 128647 ms
2026-04-11 14:21:12 [INFO] [Rank 3] Finished. Latency: 128679 ms
2026-04-11 14:21:16 [INFO] Total latency:     128647 ms
2026-04-11 14:21:16 [INFO] Peak 5GB memory:   4864 MB
2026-04-11 14:21:16 [INFO] Avg  5GB memory:   3497 MB
2026-04-11 14:21:16 [INFO] [249/364] Split [18, 6, 4, 4] | Batch: 64 | Microbatch: 16 | Microbatches: 4
2026-04-11 14:21:16 [INFO] Loading WikiText... (SEQ_LEN=64, BATCH=64)
2026-04-11 14:21:30 [INFO] [Rank 2] Loading weights...
2026-04-11 14:21:31 [INFO] [Rank 2] Weights loaded.
2026-04-11 14:21:31 [INFO] [Rank 3] Loading weights...
2026-04-11 14:21:32 [INFO] [Rank 3] Weights loaded.
2026-04-11 14:21:33 [INFO] [Rank 1] Loading weights...
2026-04-11 14:21:34 [INFO] [Rank 1] Weights loaded.
2026-04-11 14:21:51 [INFO] [Rank 0] Loading weights...
2026-04-11 14:21:53 [INFO] [Rank 0] Weights loaded.
2026-04-11 14:24:44 [INFO] [Rank 2] Finished. Latency: 170459 ms
2026-04-11 14:24:44 [INFO] [Rank 1] Finished. Latency: 170459 ms
2026-04-11 14:24:44 [INFO] [Rank 0] Finished. Latency: 170459 ms
2026-04-11 14:24:44 [INFO] [Rank 3] Finished. Latency: 170478 ms
2026-04-11 14:24:48 [INFO] Total latency:     170459 ms
2026-04-11 14:24:48 [INFO] Peak 5GB memory:   4778 MB
2026-04-11 14:24:48 [INFO] Avg  5GB memory:   3515 MB
2026-04-11 14:24:48 [INFO] [250/364] Split [18, 6, 4, 4] | Batch: 64 | Microbatch: 8 | Microbatches: 8
2026-04-11 14:24:48 [INFO] Loading WikiText... (SEQ_LEN=64, BATCH=64)
2026-04-11 14:25:02 [INFO] [Rank 2] Loading weights...
2026-04-11 14:25:03 [INFO] [Rank 2] Weights loaded.
2026-04-11 14:25:03 [INFO] [Rank 3] Loading weights...
2026-04-11 14:25:04 [INFO] [Rank 3] Weights loaded.
2026-04-11 14:25:05 [INFO] [Rank 1] Loading weights...
2026-04-11 14:25:06 [INFO] [Rank 1] Weights loaded.
2026-04-11 14:25:22 [INFO] [Rank 0] Loading weights...
2026-04-11 14:25:25 [INFO] [Rank 0] Weights loaded.
2026-04-11 14:29:51 [INFO] [Rank 2] Finished. Latency: 265795 ms
2026-04-11 14:29:51 [INFO] [Rank 1] Finished. Latency: 265795 ms
2026-04-11 14:29:51 [INFO] [Rank 0] Finished. Latency: 265795 ms
2026-04-11 14:29:51 [INFO] [Rank 3] Finished. Latency: 265808 ms
2026-04-11 14:29:54 [INFO] Total latency:     265795 ms
2026-04-11 14:29:54 [INFO] Peak 5GB memory:   4824 MB
2026-04-11 14:29:54 [INFO] Avg  5GB memory:   3544 MB
2026-04-11 14:29:54 [INFO] [251/364] Split [18, 6, 4, 4] | Batch: 64 | Microbatch: 4 | Microbatches: 16
2026-04-11 14:29:54 [INFO] Loading WikiText... (SEQ_LEN=64, BATCH=64)
2026-04-11 14:30:10 [INFO] [Rank 2] Loading weights...
2026-04-11 14:30:10 [INFO] [Rank 2] Weights loaded.
2026-04-11 14:30:10 [INFO] [Rank 3] Loading weights...
2026-04-11 14:30:11 [INFO] [Rank 3] Weights loaded.
2026-04-11 14:30:12 [INFO] [Rank 1] Loading weights...
2026-04-11 14:30:13 [INFO] [Rank 1] Weights loaded.
2026-04-11 14:30:30 [INFO] [Rank 0] Loading weights...
2026-04-11 14:30:33 [INFO] [Rank 0] Weights loaded.
2026-04-11 14:38:22 [INFO] [Rank 2] Finished. Latency: 469262 ms
2026-04-11 14:38:22 [INFO] [Rank 1] Finished. Latency: 469262 ms
2026-04-11 14:38:22 [INFO] [Rank 0] Finished. Latency: 469262 ms
2026-04-11 14:38:22 [INFO] [Rank 3] Finished. Latency: 469271 ms
2026-04-11 14:38:26 [INFO] Total latency:     469262 ms
2026-04-11 14:38:26 [INFO] Peak 5GB memory:   4818 MB
2026-04-11 14:38:26 [INFO] Avg  5GB memory:   3511 MB
2026-04-11 14:38:26 [INFO] [252/364] Split [18, 6, 4, 4] | Batch: 64 | Microbatch: 2 | Microbatches: 32
2026-04-11 14:38:26 [INFO] Loading WikiText... (SEQ_LEN=64, BATCH=64)
2026-04-11 14:38:28 [WARNING] '('Connection broken: IncompleteRead(0 bytes read, 65536 more expected)', IncompleteRead(0 bytes read, 65536 more expected))' thrown while requesting GET https://huggingface.co/datasets/wikitext/resolve/b08601e04326c79dfdd32d625aee71d232d685c3/wikitext-2-raw-v1/test-00000-of-00001.parquet
2026-04-11 14:38:28 [WARNING] Retrying in 1s [Retry 1/5].
2026-04-11 14:38:31 [WARNING] '('Connection broken: IncompleteRead(0 bytes read, 732606 more expected)', IncompleteRead(0 bytes read, 732606 more expected))' thrown while requesting GET https://huggingface.co/datasets/wikitext/resolve/b08601e04326c79dfdd32d625aee71d232d685c3/wikitext-2-raw-v1/test-00000-of-00001.parquet
2026-04-11 14:38:31 [WARNING] Retrying in 1s [Retry 1/5].
2026-04-11 14:38:45 [INFO] [Rank 2] Loading weights...
2026-04-11 14:38:46 [INFO] [Rank 2] Weights loaded.
2026-04-11 14:38:46 [INFO] [Rank 3] Loading weights...
2026-04-11 14:38:47 [INFO] [Rank 3] Weights loaded.
2026-04-11 14:38:48 [INFO] [Rank 1] Loading weights...
2026-04-11 14:38:49 [INFO] [Rank 1] Weights loaded.
2026-04-11 14:39:06 [INFO] [Rank 0] Loading weights...
2026-04-11 14:39:08 [INFO] [Rank 0] Weights loaded.
2026-04-11 14:54:04 [INFO] [Rank 2] Finished. Latency: 896301 ms
2026-04-11 14:54:04 [INFO] [Rank 1] Finished. Latency: 896301 ms
2026-04-11 14:54:04 [INFO] [Rank 0] Finished. Latency: 896302 ms
2026-04-11 14:54:04 [INFO] [Rank 3] Finished. Latency: 896310 ms
2026-04-11 14:54:08 [INFO] Total latency:     896302 ms
2026-04-11 14:54:08 [INFO] Peak 5GB memory:   4820 MB
2026-04-11 14:54:08 [INFO] Avg  5GB memory:   3688 MB
2026-04-11 14:54:08 [INFO] [253/364] Split [18, 6, 5, 3] | Batch: 8 | Microbatch: 4 | Microbatches: 2
2026-04-11 14:54:08 [INFO] Loading WikiText... (SEQ_LEN=64, BATCH=8)
2026-04-11 14:54:22 [INFO] [Rank 3] Loading weights...
2026-04-11 14:54:23 [INFO] [Rank 3] Weights loaded.
2026-04-11 14:54:24 [INFO] [Rank 2] Loading weights...
2026-04-11 14:54:25 [INFO] [Rank 2] Weights loaded.
2026-04-11 14:54:26 [INFO] [Rank 1] Loading weights...
2026-04-11 14:54:27 [INFO] [Rank 1] Weights loaded.
2026-04-11 14:54:43 [INFO] [Rank 0] Loading weights...
2026-04-11 14:54:46 [INFO] [Rank 0] Weights loaded.
2026-04-11 14:55:46 [INFO] [Rank 1] Finished. Latency: 59640 ms
2026-04-11 14:55:46 [INFO] [Rank 2] Finished. Latency: 59640 ms
2026-04-11 14:55:46 [INFO] [Rank 0] Finished. Latency: 59640 ms
2026-04-11 14:55:46 [INFO] [Rank 3] Finished. Latency: 59647 ms
2026-04-11 14:55:49 [INFO] Total latency:     59640 ms
2026-04-11 14:55:49 [INFO] Peak 5GB memory:   2056 MB
2026-04-11 14:55:49 [INFO] Avg  5GB memory:   1538 MB
2026-04-11 14:55:49 [INFO] [254/364] Split [18, 6, 5, 3] | Batch: 8 | Microbatch: 2 | Microbatches: 4
2026-04-11 14:55:49 [INFO] Loading WikiText... (SEQ_LEN=64, BATCH=8)
2026-04-11 14:56:03 [INFO] [Rank 3] Loading weights...
2026-04-11 14:56:04 [INFO] [Rank 3] Weights loaded.
2026-04-11 14:56:05 [INFO] [Rank 2] Loading weights...
2026-04-11 14:56:06 [INFO] [Rank 2] Weights loaded.
2026-04-11 14:56:06 [INFO] [Rank 1] Loading weights...
2026-04-11 14:56:07 [INFO] [Rank 1] Weights loaded.
2026-04-11 14:56:24 [INFO] [Rank 0] Loading weights...
2026-04-11 14:56:27 [INFO] [Rank 0] Weights loaded.
2026-04-11 14:58:19 [INFO] [Rank 0] Finished. Latency: 112733 ms
2026-04-11 14:58:19 [INFO] [Rank 1] Finished. Latency: 112733 ms
2026-04-11 14:58:19 [INFO] [Rank 2] Finished. Latency: 112733 ms
2026-04-11 14:58:19 [INFO] [Rank 3] Finished. Latency: 112740 ms
2026-04-11 14:58:23 [INFO] Total latency:     112733 ms
2026-04-11 14:58:23 [INFO] Peak 5GB memory:   2018 MB
2026-04-11 14:58:23 [INFO] Avg  5GB memory:   1598 MB
2026-04-11 14:58:23 [INFO] [255/364] Split [18, 6, 5, 3] | Batch: 16 | Microbatch: 8 | Microbatches: 2
2026-04-11 14:58:23 [INFO] Loading WikiText... (SEQ_LEN=64, BATCH=16)
2026-04-11 14:58:37 [INFO] [Rank 3] Loading weights...
2026-04-11 14:58:38 [INFO] [Rank 3] Weights loaded.
2026-04-11 14:58:39 [INFO] [Rank 2] Loading weights...
2026-04-11 14:58:40 [INFO] [Rank 2] Weights loaded.
2026-04-11 14:58:41 [INFO] [Rank 1] Loading weights...
2026-04-11 14:58:42 [INFO] [Rank 1] Weights loaded.
2026-04-11 14:58:59 [INFO] [Rank 0] Loading weights...
2026-04-11 14:59:01 [INFO] [Rank 0] Weights loaded.
2026-04-11 15:00:08 [INFO] [Rank 2] Finished. Latency: 66993 ms
2026-04-11 15:00:08 [INFO] [Rank 1] Finished. Latency: 66993 ms
2026-04-11 15:00:08 [INFO] [Rank 0] Finished. Latency: 66993 ms
2026-04-11 15:00:08 [INFO] [Rank 3] Finished. Latency: 67003 ms
2026-04-11 15:00:12 [INFO] Total latency:     66993 ms
2026-04-11 15:00:12 [INFO] Peak 5GB memory:   4462 MB
2026-04-11 15:00:12 [INFO] Avg  5GB memory:   2064 MB
2026-04-11 15:00:12 [INFO] [256/364] Split [18, 6, 5, 3] | Batch: 16 | Microbatch: 4 | Microbatches: 4
2026-04-11 15:00:12 [INFO] Loading WikiText... (SEQ_LEN=64, BATCH=16)
2026-04-11 15:00:14 [WARNING] '('Connection broken: IncompleteRead(0 bytes read, 732606 more expected)', IncompleteRead(0 bytes read, 732606 more expected))' thrown while requesting GET https://huggingface.co/datasets/wikitext/resolve/b08601e04326c79dfdd32d625aee71d232d685c3/wikitext-2-raw-v1/test-00000-of-00001.parquet
2026-04-11 15:00:14 [WARNING] Retrying in 1s [Retry 1/5].
2026-04-11 15:00:28 [INFO] [Rank 3] Loading weights...
2026-04-11 15:00:29 [INFO] [Rank 3] Weights loaded.
2026-04-11 15:00:30 [INFO] [Rank 2] Loading weights...
2026-04-11 15:00:31 [INFO] [Rank 2] Weights loaded.
2026-04-11 15:00:31 [INFO] [Rank 1] Loading weights...
2026-04-11 15:00:32 [INFO] [Rank 1] Weights loaded.
2026-04-11 15:00:49 [INFO] [Rank 0] Loading weights...
2026-04-11 15:00:52 [INFO] [Rank 0] Weights loaded.
2026-04-11 15:02:50 [INFO] [Rank 2] Finished. Latency: 118159 ms
2026-04-11 15:02:50 [INFO] [Rank 0] Finished. Latency: 118159 ms
2026-04-11 15:02:50 [INFO] [Rank 1] Finished. Latency: 118159 ms
2026-04-11 15:02:50 [INFO] [Rank 3] Finished. Latency: 118167 ms
2026-04-11 15:02:54 [INFO] Total latency:     118159 ms
2026-04-11 15:02:54 [INFO] Peak 5GB memory:   2536 MB
2026-04-11 15:02:54 [INFO] Avg  5GB memory:   1792 MB
2026-04-11 15:02:54 [INFO] [257/364] Split [18, 6, 5, 3] | Batch: 16 | Microbatch: 2 | Microbatches: 8
2026-04-11 15:02:54 [INFO] Loading WikiText... (SEQ_LEN=64, BATCH=16)
2026-04-11 15:02:56 [WARNING] '('Connection broken: IncompleteRead(0 bytes read, 65536 more expected)', IncompleteRead(0 bytes read, 65536 more expected))' thrown while requesting GET https://huggingface.co/datasets/wikitext/resolve/b08601e04326c79dfdd32d625aee71d232d685c3/wikitext-2-raw-v1/test-00000-of-00001.parquet
2026-04-11 15:02:56 [WARNING] Retrying in 1s [Retry 1/5].
2026-04-11 15:03:10 [INFO] [Rank 3] Loading weights...
2026-04-11 15:03:10 [INFO] [Rank 3] Weights loaded.
2026-04-11 15:03:12 [INFO] [Rank 2] Loading weights...
2026-04-11 15:03:13 [INFO] [Rank 2] Weights loaded.
2026-04-11 15:03:13 [INFO] [Rank 1] Loading weights...
2026-04-11 15:03:14 [INFO] [Rank 1] Weights loaded.
2026-04-11 15:03:31 [INFO] [Rank 0] Loading weights...
2026-04-11 15:03:33 [INFO] [Rank 0] Weights loaded.
2026-04-11 15:07:18 [INFO] [Rank 2] Finished. Latency: 224937 ms
2026-04-11 15:07:18 [INFO] [Rank 1] Finished. Latency: 224937 ms
2026-04-11 15:07:18 [INFO] [Rank 0] Finished. Latency: 224937 ms
2026-04-11 15:07:18 [INFO] [Rank 3] Finished. Latency: 224943 ms
2026-04-11 15:07:22 [INFO] Total latency:     224937 ms
2026-04-11 15:07:22 [INFO] Peak 5GB memory:   2120 MB
2026-04-11 15:07:22 [INFO] Avg  5GB memory:   1810 MB
2026-04-11 15:07:22 [INFO] [258/364] Split [18, 6, 5, 3] | Batch: 32 | Microbatch: 16 | Microbatches: 2
2026-04-11 15:07:22 [INFO] Loading WikiText... (SEQ_LEN=64, BATCH=32)
2026-04-11 15:07:37 [INFO] [Rank 3] Loading weights...
2026-04-11 15:07:38 [INFO] [Rank 3] Weights loaded.
2026-04-11 15:07:39 [INFO] [Rank 2] Loading weights...
2026-04-11 15:07:40 [INFO] [Rank 2] Weights loaded.
2026-04-11 15:07:40 [INFO] [Rank 1] Loading weights...
2026-04-11 15:07:41 [INFO] [Rank 1] Weights loaded.
2026-04-11 15:07:58 [INFO] [Rank 0] Loading weights...
2026-04-11 15:08:01 [INFO] [Rank 0] Weights loaded.
2026-04-11 15:09:25 [INFO] [Rank 2] Finished. Latency: 84671 ms
2026-04-11 15:09:25 [INFO] [Rank 0] Finished. Latency: 84671 ms
2026-04-11 15:09:25 [INFO] [Rank 1] Finished. Latency: 84671 ms
2026-04-11 15:09:26 [INFO] [Rank 3] Finished. Latency: 84685 ms
2026-04-11 15:09:29 [INFO] Total latency:     84671 ms
2026-04-11 15:09:29 [INFO] Peak 5GB memory:   4822 MB
2026-04-11 15:09:29 [INFO] Avg  5GB memory:   2633 MB
2026-04-11 15:09:29 [INFO] [259/364] Split [18, 6, 5, 3] | Batch: 32 | Microbatch: 8 | Microbatches: 4
2026-04-11 15:09:29 [INFO] Loading WikiText... (SEQ_LEN=64, BATCH=32)
2026-04-11 15:09:43 [INFO] [Rank 3] Loading weights...
2026-04-11 15:09:44 [INFO] [Rank 3] Weights loaded.
2026-04-11 15:09:45 [INFO] [Rank 2] Loading weights...
2026-04-11 15:09:45 [INFO] [Rank 2] Weights loaded.
2026-04-11 15:09:46 [INFO] [Rank 1] Loading weights...
2026-04-11 15:09:47 [INFO] [Rank 1] Weights loaded.
2026-04-11 15:10:04 [INFO] [Rank 0] Loading weights...
2026-04-11 15:10:06 [INFO] [Rank 0] Weights loaded.
2026-04-11 15:12:20 [INFO] [Rank 2] Finished. Latency: 133185 ms
2026-04-11 15:12:20 [INFO] [Rank 1] Finished. Latency: 133185 ms
2026-04-11 15:12:20 [INFO] [Rank 0] Finished. Latency: 133186 ms
2026-04-11 15:12:20 [INFO] [Rank 3] Finished. Latency: 133195 ms
2026-04-11 15:12:23 [INFO] Total latency:     133186 ms
2026-04-11 15:12:23 [INFO] Peak 5GB memory:   4840 MB
2026-04-11 15:12:23 [INFO] Avg  5GB memory:   2538 MB
2026-04-11 15:12:23 [INFO] [260/364] Split [18, 6, 5, 3] | Batch: 32 | Microbatch: 4 | Microbatches: 8
2026-04-11 15:12:23 [INFO] Loading WikiText... (SEQ_LEN=64, BATCH=32)
2026-04-11 15:12:38 [INFO] [Rank 3] Loading weights...
2026-04-11 15:12:38 [INFO] [Rank 3] Weights loaded.
2026-04-11 15:12:40 [INFO] [Rank 2] Loading weights...
2026-04-11 15:12:41 [INFO] [Rank 2] Weights loaded.
2026-04-11 15:12:41 [INFO] [Rank 1] Loading weights...
2026-04-11 15:12:42 [INFO] [Rank 1] Weights loaded.
2026-04-11 15:12:59 [INFO] [Rank 0] Loading weights...
2026-04-11 15:13:01 [INFO] [Rank 0] Weights loaded.
2026-04-11 15:16:56 [INFO] [Rank 2] Finished. Latency: 234702 ms
2026-04-11 15:16:56 [INFO] [Rank 1] Finished. Latency: 234703 ms
2026-04-11 15:16:56 [INFO] [Rank 0] Finished. Latency: 234703 ms
2026-04-11 15:16:56 [INFO] [Rank 3] Finished. Latency: 234710 ms
2026-04-11 15:17:00 [INFO] Total latency:     234703 ms
2026-04-11 15:17:00 [INFO] Peak 5GB memory:   3516 MB
2026-04-11 15:17:00 [INFO] Avg  5GB memory:   2260 MB
2026-04-11 15:17:00 [INFO] [261/364] Split [18, 6, 5, 3] | Batch: 32 | Microbatch: 2 | Microbatches: 16
2026-04-11 15:17:00 [INFO] Loading WikiText... (SEQ_LEN=64, BATCH=32)
2026-04-11 15:17:14 [INFO] [Rank 3] Loading weights...
2026-04-11 15:17:15 [INFO] [Rank 3] Weights loaded.
2026-04-11 15:17:17 [INFO] [Rank 2] Loading weights...
2026-04-11 15:17:17 [INFO] [Rank 2] Weights loaded.
2026-04-11 15:17:18 [INFO] [Rank 1] Loading weights...
2026-04-11 15:17:19 [INFO] [Rank 1] Weights loaded.
2026-04-11 15:17:36 [INFO] [Rank 0] Loading weights...
2026-04-11 15:17:38 [INFO] [Rank 0] Weights loaded.
2026-04-11 15:25:03 [INFO] [Rank 1] Finished. Latency: 444788 ms
2026-04-11 15:25:03 [INFO] [Rank 0] Finished. Latency: 444788 ms
2026-04-11 15:25:03 [INFO] [Rank 2] Finished. Latency: 444788 ms
2026-04-11 15:25:03 [INFO] [Rank 3] Finished. Latency: 444793 ms
2026-04-11 15:25:07 [INFO] Total latency:     444788 ms
2026-04-11 15:25:07 [INFO] Peak 5GB memory:   2658 MB
2026-04-11 15:25:07 [INFO] Avg  5GB memory:   2179 MB
2026-04-11 15:25:07 [INFO] [262/364] Split [18, 6, 5, 3] | Batch: 64 | Microbatch: 32 | Microbatches: 2
2026-04-11 15:25:07 [INFO] Loading WikiText... (SEQ_LEN=64, BATCH=64)
2026-04-11 15:25:22 [INFO] [Rank 3] Loading weights...
2026-04-11 15:25:22 [INFO] [Rank 3] Weights loaded.
2026-04-11 15:25:24 [INFO] [Rank 2] Loading weights...
2026-04-11 15:25:24 [INFO] [Rank 2] Weights loaded.
2026-04-11 15:25:25 [INFO] [Rank 1] Loading weights...
2026-04-11 15:25:26 [INFO] [Rank 1] Weights loaded.
2026-04-11 15:25:43 [INFO] [Rank 0] Loading weights...
2026-04-11 15:25:45 [INFO] [Rank 0] Weights loaded.
2026-04-11 15:27:35 [ERROR] [Rank 2] OOM
2026-04-11 15:27:35 [ERROR] [Rank 3] Unexpected exception:
Traceback (most recent call last):
  File "/home/anurag_dutt/scripts/benchmark_pipeline_microbatching.py", line 545, in run_pipeline
    decode_recv_handles[mb_idx].wait()
  File "/home/anurag_dutt/scripts/mig_transport_pipeline_non_blocking.py", line 121, in wait
    _ORIGINAL_SEND(
  File "/home/anurag_dutt/scripts/mig_env/lib/python3.10/site-packages/torch/distributed/c10d_logger.py", line 81, in wrapper
    return func(*args, **kwargs)
  File "/home/anurag_dutt/scripts/mig_env/lib/python3.10/site-packages/torch/distributed/distributed_c10d.py", line 2496, in send
    work.wait()
RuntimeError: [/pytorch/third_party/gloo/gloo/transport/tcp/pair.cc:547] Connection closed by peer [10.128.0.8]:18858

2026-04-11 15:27:35 [ERROR] [Rank 0] Unexpected exception:
Traceback (most recent call last):
  File "/home/anurag_dutt/scripts/benchmark_pipeline_microbatching.py", line 576, in run_pipeline
    dist.recv(next_tokens, src=world_size - 1, tag=tok_tag)
  File "/home/anurag_dutt/scripts/mig_transport_pipeline_non_blocking.py", line 407, in patched_recv
    return _MIG_PIPE_ENGINE.recv(tensor, src, group=group, tag=tag)
  File "/home/anurag_dutt/scripts/mig_transport_pipeline_non_blocking.py", line 281, in recv
    _ORIGINAL_RECV(handshake, src=src, group=group, tag=tag)
  File "/home/anurag_dutt/scripts/mig_env/lib/python3.10/site-packages/torch/distributed/c10d_logger.py", line 81, in wrapper
    return func(*args, **kwargs)
  File "/home/anurag_dutt/scripts/mig_env/lib/python3.10/site-packages/torch/distributed/distributed_c10d.py", line 2529, in recv
    work.wait()
RuntimeError: [/pytorch/third_party/gloo/gloo/transport/tcp/pair.cc:547] Connection closed by peer [10.128.0.8]:40340

2026-04-11 15:27:35 [ERROR] [Rank 1] Unexpected exception:
Traceback (most recent call last):
  File "/home/anurag_dutt/scripts/benchmark_pipeline_microbatching.py", line 545, in run_pipeline
    decode_recv_handles[mb_idx].wait()
  File "/home/anurag_dutt/scripts/mig_transport_pipeline_non_blocking.py", line 113, in wait
    self._dist_handle.wait()
RuntimeError: [/pytorch/third_party/gloo/gloo/transport/tcp/pair.cc:547] Connection closed by peer [10.128.0.8]:30442

2026-04-11 15:27:39 [WARNING] OOM on Rank 2 — skipping.
2026-04-11 15:27:39 [INFO] [263/364] Split [18, 6, 5, 3] | Batch: 64 | Microbatch: 16 | Microbatches: 4
2026-04-11 15:27:39 [INFO] Loading WikiText... (SEQ_LEN=64, BATCH=64)
2026-04-11 15:27:41 [WARNING] '('Connection broken: IncompleteRead(0 bytes read, 732606 more expected)', IncompleteRead(0 bytes read, 732606 more expected))' thrown while requesting GET https://huggingface.co/datasets/wikitext/resolve/b08601e04326c79dfdd32d625aee71d232d685c3/wikitext-2-raw-v1/test-00000-of-00001.parquet
2026-04-11 15:27:41 [WARNING] Retrying in 1s [Retry 1/5].
2026-04-11 15:27:55 [INFO] [Rank 3] Loading weights...
2026-04-11 15:27:56 [INFO] [Rank 3] Weights loaded.
2026-04-11 15:27:57 [INFO] [Rank 2] Loading weights...
2026-04-11 15:27:58 [INFO] [Rank 2] Weights loaded.
2026-04-11 15:27:59 [INFO] [Rank 1] Loading weights...
2026-04-11 15:28:00 [INFO] [Rank 1] Weights loaded.
2026-04-11 15:28:17 [INFO] [Rank 0] Loading weights...
2026-04-11 15:28:19 [INFO] [Rank 0] Weights loaded.
2026-04-11 15:30:50 [ERROR] [Rank 2] OOM
2026-04-11 15:30:50 [ERROR] [Rank 1] Unexpected exception:
Traceback (most recent call last):
  File "/home/anurag_dutt/scripts/benchmark_pipeline_microbatching.py", line 568, in run_pipeline
    h.wait()
  File "/home/anurag_dutt/scripts/mig_transport_pipeline_non_blocking.py", line 79, in wait
    _ORIGINAL_RECV(
  File "/home/anurag_dutt/scripts/mig_env/lib/python3.10/site-packages/torch/distributed/c10d_logger.py", line 81, in wrapper
    return func(*args, **kwargs)
  File "/home/anurag_dutt/scripts/mig_env/lib/python3.10/site-packages/torch/distributed/distributed_c10d.py", line 2529, in recv
    work.wait()
RuntimeError: [/pytorch/third_party/gloo/gloo/transport/tcp/pair.cc:547] Connection closed by peer [10.128.0.8]:42916

2026-04-11 15:30:50 [ERROR] [Rank 3] Unexpected exception:
Traceback (most recent call last):
  File "/home/anurag_dutt/scripts/benchmark_pipeline_microbatching.py", line 545, in run_pipeline
    decode_recv_handles[mb_idx].wait()
  File "/home/anurag_dutt/scripts/mig_transport_pipeline_non_blocking.py", line 121, in wait
    _ORIGINAL_SEND(
  File "/home/anurag_dutt/scripts/mig_env/lib/python3.10/site-packages/torch/distributed/c10d_logger.py", line 81, in wrapper
    return func(*args, **kwargs)
  File "/home/anurag_dutt/scripts/mig_env/lib/python3.10/site-packages/torch/distributed/distributed_c10d.py", line 2496, in send
    work.wait()
RuntimeError: [/pytorch/third_party/gloo/gloo/transport/tcp/pair.cc:547] Connection closed by peer [10.128.0.8]:42916

2026-04-11 15:30:50 [ERROR] [Rank 0] Unexpected exception:
Traceback (most recent call last):
  File "/home/anurag_dutt/scripts/benchmark_pipeline_microbatching.py", line 576, in run_pipeline
    dist.recv(next_tokens, src=world_size - 1, tag=tok_tag)
  File "/home/anurag_dutt/scripts/mig_transport_pipeline_non_blocking.py", line 407, in patched_recv
    return _MIG_PIPE_ENGINE.recv(tensor, src, group=group, tag=tag)
  File "/home/anurag_dutt/scripts/mig_transport_pipeline_non_blocking.py", line 281, in recv
    _ORIGINAL_RECV(handshake, src=src, group=group, tag=tag)
  File "/home/anurag_dutt/scripts/mig_env/lib/python3.10/site-packages/torch/distributed/c10d_logger.py", line 81, in wrapper
    return func(*args, **kwargs)
  File "/home/anurag_dutt/scripts/mig_env/lib/python3.10/site-packages/torch/distributed/distributed_c10d.py", line 2529, in recv
    work.wait()
RuntimeError: [/pytorch/third_party/gloo/gloo/transport/tcp/pair.cc:547] Connection closed by peer [10.128.0.8]:48309

2026-04-11 15:30:54 [WARNING] OOM on Rank 2 — skipping.
2026-04-11 15:30:54 [INFO] [264/364] Split [18, 6, 5, 3] | Batch: 64 | Microbatch: 8 | Microbatches: 8
2026-04-11 15:30:54 [INFO] Loading WikiText... (SEQ_LEN=64, BATCH=64)
2026-04-11 15:31:08 [INFO] [Rank 3] Loading weights...
2026-04-11 15:31:09 [INFO] [Rank 3] Weights loaded.
2026-04-11 15:31:10 [INFO] [Rank 2] Loading weights...
2026-04-11 15:31:11 [INFO] [Rank 2] Weights loaded.
2026-04-11 15:31:12 [INFO] [Rank 1] Loading weights...
2026-04-11 15:31:13 [INFO] [Rank 1] Weights loaded.
2026-04-11 15:31:30 [INFO] [Rank 0] Loading weights...
2026-04-11 15:31:32 [INFO] [Rank 0] Weights loaded.
2026-04-11 15:35:20 [ERROR] [Rank 2] OOM
2026-04-11 15:35:20 [ERROR] [Rank 3] Unexpected exception:
Traceback (most recent call last):
  File "/home/anurag_dutt/scripts/benchmark_pipeline_microbatching.py", line 545, in run_pipeline
    decode_recv_handles[mb_idx].wait()
  File "/home/anurag_dutt/scripts/mig_transport_pipeline_non_blocking.py", line 121, in wait
    _ORIGINAL_SEND(
  File "/home/anurag_dutt/scripts/mig_env/lib/python3.10/site-packages/torch/distributed/c10d_logger.py", line 81, in wrapper
    return func(*args, **kwargs)
  File "/home/anurag_dutt/scripts/mig_env/lib/python3.10/site-packages/torch/distributed/distributed_c10d.py", line 2496, in send
    work.wait()
RuntimeError: [/pytorch/third_party/gloo/gloo/transport/tcp/pair.cc:547] Connection closed by peer [10.128.0.8]:55488

2026-04-11 15:35:20 [ERROR] [Rank 0] Unexpected exception:
Traceback (most recent call last):
  File "/home/anurag_dutt/scripts/benchmark_pipeline_microbatching.py", line 576, in run_pipeline
    dist.recv(next_tokens, src=world_size - 1, tag=tok_tag)
  File "/home/anurag_dutt/scripts/mig_transport_pipeline_non_blocking.py", line 407, in patched_recv
    return _MIG_PIPE_ENGINE.recv(tensor, src, group=group, tag=tag)
  File "/home/anurag_dutt/scripts/mig_transport_pipeline_non_blocking.py", line 281, in recv
    _ORIGINAL_RECV(handshake, src=src, group=group, tag=tag)
  File "/home/anurag_dutt/scripts/mig_env/lib/python3.10/site-packages/torch/distributed/c10d_logger.py", line 81, in wrapper
    return func(*args, **kwargs)
  File "/home/anurag_dutt/scripts/mig_env/lib/python3.10/site-packages/torch/distributed/distributed_c10d.py", line 2529, in recv
    work.wait()
RuntimeError: [/pytorch/third_party/gloo/gloo/transport/tcp/pair.cc:547] Connection closed by peer [10.128.0.8]:33695

2026-04-11 15:35:20 [ERROR] [Rank 1] Unexpected exception:
Traceback (most recent call last):
  File "/home/anurag_dutt/scripts/benchmark_pipeline_microbatching.py", line 545, in run_pipeline
    decode_recv_handles[mb_idx].wait()
  File "/home/anurag_dutt/scripts/mig_transport_pipeline_non_blocking.py", line 113, in wait
    self._dist_handle.wait()
RuntimeError: [/pytorch/third_party/gloo/gloo/transport/tcp/pair.cc:547] Connection closed by peer [10.128.0.8]:45211

2026-04-11 15:35:24 [WARNING] OOM on Rank 2 — skipping.
2026-04-11 15:35:24 [INFO] [265/364] Split [18, 6, 5, 3] | Batch: 64 | Microbatch: 4 | Microbatches: 16
2026-04-11 15:35:24 [INFO] Loading WikiText... (SEQ_LEN=64, BATCH=64)
2026-04-11 15:35:26 [WARNING] '('Connection broken: IncompleteRead(0 bytes read, 65536 more expected)', IncompleteRead(0 bytes read, 65536 more expected))' thrown while requesting GET https://huggingface.co/datasets/wikitext/resolve/b08601e04326c79dfdd32d625aee71d232d685c3/wikitext-2-raw-v1/test-00000-of-00001.parquet
2026-04-11 15:35:26 [WARNING] Retrying in 1s [Retry 1/5].
2026-04-11 15:35:41 [INFO] [Rank 3] Loading weights...
2026-04-11 15:35:42 [INFO] [Rank 3] Weights loaded.
2026-04-11 15:35:43 [INFO] [Rank 2] Loading weights...
2026-04-11 15:35:44 [INFO] [Rank 2] Weights loaded.
2026-04-11 15:35:45 [INFO] [Rank 1] Loading weights...
2026-04-11 15:35:46 [INFO] [Rank 1] Weights loaded.
2026-04-11 15:36:02 [INFO] [Rank 0] Loading weights...
2026-04-11 15:36:05 [INFO] [Rank 0] Weights loaded.
2026-04-11 15:41:51 [ERROR] [Rank 2] OOM
2026-04-11 15:41:51 [ERROR] [Rank 1] Unexpected exception:
Traceback (most recent call last):
  File "/home/anurag_dutt/scripts/benchmark_pipeline_microbatching.py", line 568, in run_pipeline
    h.wait()
  File "/home/anurag_dutt/scripts/mig_transport_pipeline_non_blocking.py", line 79, in wait
    _ORIGINAL_RECV(
  File "/home/anurag_dutt/scripts/mig_env/lib/python3.10/site-packages/torch/distributed/c10d_logger.py", line 81, in wrapper
    return func(*args, **kwargs)
  File "/home/anurag_dutt/scripts/mig_env/lib/python3.10/site-packages/torch/distributed/distributed_c10d.py", line 2529, in recv
    work.wait()
RuntimeError: [/pytorch/third_party/gloo/gloo/transport/tcp/pair.cc:547] Connection closed by peer [10.128.0.8]:15744

2026-04-11 15:41:51 [ERROR] [Rank 3] Unexpected exception:
Traceback (most recent call last):
  File "/home/anurag_dutt/scripts/benchmark_pipeline_microbatching.py", line 545, in run_pipeline
    decode_recv_handles[mb_idx].wait()
  File "/home/anurag_dutt/scripts/mig_transport_pipeline_non_blocking.py", line 113, in wait
    self._dist_handle.wait()
RuntimeError: [/pytorch/third_party/gloo/gloo/transport/tcp/pair.cc:547] Connection closed by peer [10.128.0.8]:20204

2026-04-11 15:41:51 [ERROR] [Rank 0] Unexpected exception:
Traceback (most recent call last):
  File "/home/anurag_dutt/scripts/benchmark_pipeline_microbatching.py", line 576, in run_pipeline
    dist.recv(next_tokens, src=world_size - 1, tag=tok_tag)
  File "/home/anurag_dutt/scripts/mig_transport_pipeline_non_blocking.py", line 407, in patched_recv
    return _MIG_PIPE_ENGINE.recv(tensor, src, group=group, tag=tag)
  File "/home/anurag_dutt/scripts/mig_transport_pipeline_non_blocking.py", line 281, in recv
    _ORIGINAL_RECV(handshake, src=src, group=group, tag=tag)
  File "/home/anurag_dutt/scripts/mig_env/lib/python3.10/site-packages/torch/distributed/c10d_logger.py", line 81, in wrapper
    return func(*args, **kwargs)
  File "/home/anurag_dutt/scripts/mig_env/lib/python3.10/site-packages/torch/distributed/distributed_c10d.py", line 2529, in recv
    work.wait()
RuntimeError: [/pytorch/third_party/gloo/gloo/transport/tcp/pair.cc:547] Connection closed by peer [10.128.0.8]:6052

2026-04-11 15:41:54 [WARNING] OOM on Rank 2 — skipping.
2026-04-11 15:41:54 [INFO] [266/364] Split [18, 6, 5, 3] | Batch: 64 | Microbatch: 2 | Microbatches: 32
2026-04-11 15:41:54 [INFO] Loading WikiText... (SEQ_LEN=64, BATCH=64)
2026-04-11 15:42:09 [INFO] [Rank 3] Loading weights...
2026-04-11 15:42:10 [INFO] [Rank 3] Weights loaded.
2026-04-11 15:42:11 [INFO] [Rank 2] Loading weights...
2026-04-11 15:42:12 [INFO] [Rank 2] Weights loaded.
2026-04-11 15:42:13 [INFO] [Rank 1] Loading weights...
2026-04-11 15:42:14 [INFO] [Rank 1] Weights loaded.
2026-04-11 15:42:30 [INFO] [Rank 0] Loading weights...
2026-04-11 15:42:33 [INFO] [Rank 0] Weights loaded.
2026-04-11 15:53:03 [ERROR] [Rank 2] OOM
2026-04-11 15:53:03 [ERROR] [Rank 1] Unexpected exception:
Traceback (most recent call last):
  File "/home/anurag_dutt/scripts/benchmark_pipeline_microbatching.py", line 568, in run_pipeline
    h.wait()
  File "/home/anurag_dutt/scripts/mig_transport_pipeline_non_blocking.py", line 79, in wait
    _ORIGINAL_RECV(
  File "/home/anurag_dutt/scripts/mig_env/lib/python3.10/site-packages/torch/distributed/c10d_logger.py", line 81, in wrapper
    return func(*args, **kwargs)
  File "/home/anurag_dutt/scripts/mig_env/lib/python3.10/site-packages/torch/distributed/distributed_c10d.py", line 2529, in recv
    work.wait()
RuntimeError: [/pytorch/third_party/gloo/gloo/transport/tcp/pair.cc:547] Connection closed by peer [10.128.0.8]:18115

2026-04-11 15:53:03 [ERROR] [Rank 3] Unexpected exception:
Traceback (most recent call last):
  File "/home/anurag_dutt/scripts/benchmark_pipeline_microbatching.py", line 545, in run_pipeline
    decode_recv_handles[mb_idx].wait()
  File "/home/anurag_dutt/scripts/mig_transport_pipeline_non_blocking.py", line 121, in wait
    _ORIGINAL_SEND(
  File "/home/anurag_dutt/scripts/mig_env/lib/python3.10/site-packages/torch/distributed/c10d_logger.py", line 81, in wrapper
    return func(*args, **kwargs)
  File "/home/anurag_dutt/scripts/mig_env/lib/python3.10/site-packages/torch/distributed/distributed_c10d.py", line 2496, in send
    work.wait()
RuntimeError: [/pytorch/third_party/gloo/gloo/transport/tcp/pair.cc:547] Connection closed by peer [10.128.0.8]:47236

2026-04-11 15:53:03 [ERROR] [Rank 0] Unexpected exception:
Traceback (most recent call last):
  File "/home/anurag_dutt/scripts/benchmark_pipeline_microbatching.py", line 576, in run_pipeline
    dist.recv(next_tokens, src=world_size - 1, tag=tok_tag)
  File "/home/anurag_dutt/scripts/mig_transport_pipeline_non_blocking.py", line 407, in patched_recv
    return _MIG_PIPE_ENGINE.recv(tensor, src, group=group, tag=tag)
  File "/home/anurag_dutt/scripts/mig_transport_pipeline_non_blocking.py", line 281, in recv
    _ORIGINAL_RECV(handshake, src=src, group=group, tag=tag)
  File "/home/anurag_dutt/scripts/mig_env/lib/python3.10/site-packages/torch/distributed/c10d_logger.py", line 81, in wrapper
    return func(*args, **kwargs)
  File "/home/anurag_dutt/scripts/mig_env/lib/python3.10/site-packages/torch/distributed/distributed_c10d.py", line 2529, in recv
    work.wait()
RuntimeError: [/pytorch/third_party/gloo/gloo/transport/tcp/pair.cc:547] Connection closed by peer [10.128.0.8]:60074

2026-04-11 15:53:06 [WARNING] OOM on Rank 2 — skipping.
2026-04-11 15:53:06 [INFO] [267/364] Split [18, 7, 4, 3] | Batch: 8 | Microbatch: 4 | Microbatches: 2
2026-04-11 15:53:06 [INFO] Loading WikiText... (SEQ_LEN=64, BATCH=8)
2026-04-11 15:53:09 [WARNING] '('Connection broken: IncompleteRead(0 bytes read, 65536 more expected)', IncompleteRead(0 bytes read, 65536 more expected))' thrown while requesting GET https://huggingface.co/datasets/wikitext/resolve/b08601e04326c79dfdd32d625aee71d232d685c3/wikitext-2-raw-v1/test-00000-of-00001.parquet
2026-04-11 15:53:09 [WARNING] Retrying in 1s [Retry 1/5].
2026-04-11 15:53:23 [INFO] [Rank 3] Loading weights...
2026-04-11 15:53:24 [INFO] [Rank 2] Loading weights...
2026-04-11 15:53:24 [INFO] [Rank 3] Weights loaded.
2026-04-11 15:53:25 [INFO] [Rank 2] Weights loaded.
2026-04-11 15:53:28 [INFO] [Rank 1] Loading weights...
2026-04-11 15:53:29 [INFO] [Rank 1] Weights loaded.
2026-04-11 15:53:45 [INFO] [Rank 0] Loading weights...
2026-04-11 15:53:47 [INFO] [Rank 0] Weights loaded.
2026-04-11 15:54:45 [INFO] [Rank 2] Finished. Latency: 58155 ms
2026-04-11 15:54:45 [INFO] [Rank 1] Finished. Latency: 58155 ms
2026-04-11 15:54:45 [INFO] [Rank 0] Finished. Latency: 58155 ms
2026-04-11 15:54:45 [INFO] [Rank 3] Finished. Latency: 58163 ms
2026-04-11 15:54:49 [INFO] Total latency:     58155 ms
2026-04-11 15:54:49 [INFO] Peak 5GB memory:   2056 MB
2026-04-11 15:54:49 [INFO] Avg  5GB memory:   1533 MB
2026-04-11 15:54:49 [INFO] [268/364] Split [18, 7, 4, 3] | Batch: 8 | Microbatch: 2 | Microbatches: 4
2026-04-11 15:54:49 [INFO] Loading WikiText... (SEQ_LEN=64, BATCH=8)
2026-04-11 15:54:51 [WARNING] '('Connection broken: IncompleteRead(0 bytes read, 65536 more expected)', IncompleteRead(0 bytes read, 65536 more expected))' thrown while requesting GET https://huggingface.co/datasets/wikitext/resolve/b08601e04326c79dfdd32d625aee71d232d685c3/wikitext-2-raw-v1/test-00000-of-00001.parquet
2026-04-11 15:54:51 [WARNING] Retrying in 1s [Retry 1/5].
2026-04-11 15:55:06 [INFO] [Rank 3] Loading weights...
2026-04-11 15:55:06 [INFO] [Rank 2] Loading weights...
2026-04-11 15:55:06 [INFO] [Rank 3] Weights loaded.
2026-04-11 15:55:07 [INFO] [Rank 2] Weights loaded.
2026-04-11 15:55:10 [INFO] [Rank 1] Loading weights...
2026-04-11 15:55:11 [INFO] [Rank 1] Weights loaded.
2026-04-11 15:55:27 [INFO] [Rank 0] Loading weights...
2026-04-11 15:55:29 [INFO] [Rank 0] Weights loaded.
2026-04-11 15:57:20 [INFO] [Rank 2] Finished. Latency: 110334 ms
2026-04-11 15:57:20 [INFO] [Rank 1] Finished. Latency: 110334 ms
2026-04-11 15:57:20 [INFO] [Rank 0] Finished. Latency: 110334 ms
2026-04-11 15:57:20 [INFO] [Rank 3] Finished. Latency: 110341 ms
2026-04-11 15:57:23 [INFO] Total latency:     110334 ms
2026-04-11 15:57:23 [INFO] Peak 5GB memory:   2018 MB
2026-04-11 15:57:23 [INFO] Avg  5GB memory:   1585 MB
2026-04-11 15:57:23 [INFO] [269/364] Split [18, 7, 4, 3] | Batch: 16 | Microbatch: 8 | Microbatches: 2
2026-04-11 15:57:23 [INFO] Loading WikiText... (SEQ_LEN=64, BATCH=16)
2026-04-11 15:57:37 [INFO] [Rank 3] Loading weights...
2026-04-11 15:57:38 [INFO] [Rank 2] Loading weights...
2026-04-11 15:57:38 [INFO] [Rank 3] Weights loaded.
2026-04-11 15:57:39 [INFO] [Rank 2] Weights loaded.
2026-04-11 15:57:42 [INFO] [Rank 1] Loading weights...
2026-04-11 15:57:43 [INFO] [Rank 1] Weights loaded.
2026-04-11 15:57:59 [INFO] [Rank 0] Loading weights...
2026-04-11 15:58:01 [INFO] [Rank 0] Weights loaded.
2026-04-11 15:59:06 [INFO] [Rank 1] Finished. Latency: 65133 ms
2026-04-11 15:59:06 [INFO] [Rank 2] Finished. Latency: 65133 ms
2026-04-11 15:59:06 [INFO] [Rank 0] Finished. Latency: 65133 ms
2026-04-11 15:59:06 [INFO] [Rank 3] Finished. Latency: 65143 ms
2026-04-11 15:59:10 [INFO] Total latency:     65133 ms
2026-04-11 15:59:10 [INFO] Peak 5GB memory:   4462 MB
2026-04-11 15:59:10 [INFO] Avg  5GB memory:   2068 MB
2026-04-11 15:59:10 [INFO] [270/364] Split [18, 7, 4, 3] | Batch: 16 | Microbatch: 4 | Microbatches: 4
2026-04-11 15:59:10 [INFO] Loading WikiText... (SEQ_LEN=64, BATCH=16)
2026-04-11 15:59:24 [INFO] [Rank 3] Loading weights...
2026-04-11 15:59:24 [INFO] [Rank 2] Loading weights...
2026-04-11 15:59:24 [INFO] [Rank 3] Weights loaded.
2026-04-11 15:59:25 [INFO] [Rank 2] Weights loaded.
2026-04-11 15:59:29 [INFO] [Rank 1] Loading weights...
2026-04-11 15:59:30 [INFO] [Rank 1] Weights loaded.
2026-04-11 15:59:45 [INFO] [Rank 0] Loading weights...
2026-04-11 15:59:47 [INFO] [Rank 0] Weights loaded.
2026-04-11 16:01:43 [INFO] [Rank 1] Finished. Latency: 115597 ms
2026-04-11 16:01:43 [INFO] [Rank 2] Finished. Latency: 115597 ms
2026-04-11 16:01:43 [INFO] [Rank 0] Finished. Latency: 115597 ms
2026-04-11 16:01:43 [INFO] [Rank 3] Finished. Latency: 115604 ms
2026-04-11 16:01:47 [INFO] Total latency:     115597 ms
2026-04-11 16:01:47 [INFO] Peak 5GB memory:   2536 MB
2026-04-11 16:01:47 [INFO] Avg  5GB memory:   1790 MB
2026-04-11 16:01:47 [INFO] [271/364] Split [18, 7, 4, 3] | Batch: 16 | Microbatch: 2 | Microbatches: 8
2026-04-11 16:01:47 [INFO] Loading WikiText... (SEQ_LEN=64, BATCH=16)
2026-04-11 16:01:49 [WARNING] '('Connection broken: IncompleteRead(0 bytes read, 732606 more expected)', IncompleteRead(0 bytes read, 732606 more expected))' thrown while requesting GET https://huggingface.co/datasets/wikitext/resolve/b08601e04326c79dfdd32d625aee71d232d685c3/wikitext-2-raw-v1/test-00000-of-00001.parquet
2026-04-11 16:01:49 [WARNING] Retrying in 1s [Retry 1/5].
2026-04-11 16:02:04 [INFO] [Rank 3] Loading weights...
2026-04-11 16:02:04 [INFO] [Rank 2] Loading weights...
2026-04-11 16:02:04 [INFO] [Rank 3] Weights loaded.
2026-04-11 16:02:05 [INFO] [Rank 2] Weights loaded.
2026-04-11 16:02:08 [INFO] [Rank 1] Loading weights...
2026-04-11 16:02:09 [INFO] [Rank 1] Weights loaded.
2026-04-11 16:02:25 [INFO] [Rank 0] Loading weights...
2026-04-11 16:02:27 [INFO] [Rank 0] Weights loaded.
2026-04-11 16:06:07 [INFO] [Rank 0] Finished. Latency: 219398 ms
2026-04-11 16:06:07 [INFO] [Rank 2] Finished. Latency: 219398 ms
2026-04-11 16:06:07 [INFO] [Rank 1] Finished. Latency: 219398 ms
2026-04-11 16:06:07 [INFO] [Rank 3] Finished. Latency: 219404 ms
2026-04-11 16:06:10 [INFO] Total latency:     219398 ms
2026-04-11 16:06:10 [INFO] Peak 5GB memory:   2120 MB
2026-04-11 16:06:10 [INFO] Avg  5GB memory:   1803 MB
2026-04-11 16:06:10 [INFO] [272/364] Split [18, 7, 4, 3] | Batch: 32 | Microbatch: 16 | Microbatches: 2
2026-04-11 16:06:10 [INFO] Loading WikiText... (SEQ_LEN=64, BATCH=32)
2026-04-11 16:06:13 [WARNING] '('Connection broken: IncompleteRead(0 bytes read, 732606 more expected)', IncompleteRead(0 bytes read, 732606 more expected))' thrown while requesting GET https://huggingface.co/datasets/wikitext/resolve/b08601e04326c79dfdd32d625aee71d232d685c3/wikitext-2-raw-v1/test-00000-of-00001.parquet
2026-04-11 16:06:13 [WARNING] Retrying in 1s [Retry 1/5].
2026-04-11 16:06:27 [INFO] [Rank 3] Loading weights...
2026-04-11 16:06:28 [INFO] [Rank 2] Loading weights...
2026-04-11 16:06:28 [INFO] [Rank 3] Weights loaded.
2026-04-11 16:06:28 [INFO] [Rank 2] Weights loaded.
2026-04-11 16:06:32 [INFO] [Rank 1] Loading weights...
2026-04-11 16:06:33 [INFO] [Rank 1] Weights loaded.
2026-04-11 16:06:48 [INFO] [Rank 0] Loading weights...
2026-04-11 16:06:50 [INFO] [Rank 0] Weights loaded.
2026-04-11 16:08:13 [INFO] [Rank 2] Finished. Latency: 82635 ms
2026-04-11 16:08:13 [INFO] [Rank 1] Finished. Latency: 82635 ms
2026-04-11 16:08:13 [INFO] [Rank 0] Finished. Latency: 82635 ms
2026-04-11 16:08:13 [INFO] [Rank 3] Finished. Latency: 82650 ms
2026-04-11 16:08:17 [INFO] Total latency:     82635 ms
2026-04-11 16:08:17 [INFO] Peak 5GB memory:   4822 MB
2026-04-11 16:08:17 [INFO] Avg  5GB memory:   2642 MB
2026-04-11 16:08:17 [INFO] [273/364] Split [18, 7, 4, 3] | Batch: 32 | Microbatch: 8 | Microbatches: 4
2026-04-11 16:08:17 [INFO] Loading WikiText... (SEQ_LEN=64, BATCH=32)
2026-04-11 16:08:31 [INFO] [Rank 3] Loading weights...
2026-04-11 16:08:32 [INFO] [Rank 2] Loading weights...
2026-04-11 16:08:32 [INFO] [Rank 3] Weights loaded.
2026-04-11 16:08:32 [INFO] [Rank 2] Weights loaded.
2026-04-11 16:08:36 [INFO] [Rank 1] Loading weights...
2026-04-11 16:08:37 [INFO] [Rank 1] Weights loaded.
2026-04-11 16:08:52 [INFO] [Rank 0] Loading weights...
2026-04-11 16:08:55 [INFO] [Rank 0] Weights loaded.
2026-04-11 16:11:05 [INFO] [Rank 1] Finished. Latency: 130109 ms
2026-04-11 16:11:05 [INFO] [Rank 2] Finished. Latency: 130109 ms
2026-04-11 16:11:05 [INFO] [Rank 0] Finished. Latency: 130109 ms
2026-04-11 16:11:05 [INFO] [Rank 3] Finished. Latency: 130119 ms
2026-04-11 16:11:09 [INFO] Total latency:     130109 ms
2026-04-11 16:11:09 [INFO] Peak 5GB memory:   4500 MB
2026-04-11 16:11:09 [INFO] Avg  5GB memory:   2525 MB
2026-04-11 16:11:09 [INFO] [274/364] Split [18, 7, 4, 3] | Batch: 32 | Microbatch: 4 | Microbatches: 8
2026-04-11 16:11:09 [INFO] Loading WikiText... (SEQ_LEN=64, BATCH=32)
2026-04-11 16:11:11 [WARNING] '('Connection broken: IncompleteRead(0 bytes read, 732606 more expected)', IncompleteRead(0 bytes read, 732606 more expected))' thrown while requesting GET https://huggingface.co/datasets/wikitext/resolve/b08601e04326c79dfdd32d625aee71d232d685c3/wikitext-2-raw-v1/test-00000-of-00001.parquet
2026-04-11 16:11:11 [WARNING] Retrying in 1s [Retry 1/5].
2026-04-11 16:11:25 [INFO] [Rank 3] Loading weights...
2026-04-11 16:11:26 [INFO] [Rank 2] Loading weights...
2026-04-11 16:11:26 [INFO] [Rank 3] Weights loaded.
2026-04-11 16:11:26 [INFO] [Rank 2] Weights loaded.
2026-04-11 16:11:30 [INFO] [Rank 1] Loading weights...
2026-04-11 16:11:31 [INFO] [Rank 1] Weights loaded.
2026-04-11 16:11:46 [INFO] [Rank 0] Loading weights...
2026-04-11 16:11:49 [INFO] [Rank 0] Weights loaded.
2026-04-11 16:15:39 [INFO] [Rank 1] Finished. Latency: 230266 ms
2026-04-11 16:15:39 [INFO] [Rank 2] Finished. Latency: 230266 ms
2026-04-11 16:15:39 [INFO] [Rank 0] Finished. Latency: 230266 ms
2026-04-11 16:15:39 [INFO] [Rank 3] Finished. Latency: 230273 ms
2026-04-11 16:15:43 [INFO] Total latency:     230266 ms
2026-04-11 16:15:43 [INFO] Peak 5GB memory:   3516 MB
2026-04-11 16:15:43 [INFO] Avg  5GB memory:   2260 MB
2026-04-11 16:15:43 [INFO] [275/364] Split [18, 7, 4, 3] | Batch: 32 | Microbatch: 2 | Microbatches: 16
2026-04-11 16:15:43 [INFO] Loading WikiText... (SEQ_LEN=64, BATCH=32)
2026-04-11 16:15:57 [INFO] [Rank 3] Loading weights...
2026-04-11 16:15:58 [INFO] [Rank 2] Loading weights...
2026-04-11 16:15:58 [INFO] [Rank 3] Weights loaded.
2026-04-11 16:15:58 [INFO] [Rank 2] Weights loaded.
2026-04-11 16:16:02 [INFO] [Rank 1] Loading weights...
2026-04-11 16:16:03 [INFO] [Rank 1] Weights loaded.
2026-04-11 16:16:18 [INFO] [Rank 0] Loading weights...
2026-04-11 16:16:21 [INFO] [Rank 0] Weights loaded.
2026-04-11 16:23:34 [INFO] [Rank 2] Finished. Latency: 433159 ms
2026-04-11 16:23:34 [INFO] [Rank 1] Finished. Latency: 433159 ms
2026-04-11 16:23:34 [INFO] [Rank 0] Finished. Latency: 433159 ms
2026-04-11 16:23:34 [INFO] [Rank 3] Finished. Latency: 433165 ms
2026-04-11 16:23:38 [INFO] Total latency:     433159 ms
2026-04-11 16:23:38 [INFO] Peak 5GB memory:   2658 MB
2026-04-11 16:23:38 [INFO] Avg  5GB memory:   2179 MB
2026-04-11 16:23:38 [INFO] [276/364] Split [18, 7, 4, 3] | Batch: 64 | Microbatch: 32 | Microbatches: 2
2026-04-11 16:23:38 [INFO] Loading WikiText... (SEQ_LEN=64, BATCH=64)
2026-04-11 16:23:52 [INFO] [Rank 3] Loading weights...
2026-04-11 16:23:53 [INFO] [Rank 2] Loading weights...
2026-04-11 16:23:53 [INFO] [Rank 3] Weights loaded.
2026-04-11 16:23:54 [INFO] [Rank 2] Weights loaded.
2026-04-11 16:23:57 [INFO] [Rank 1] Loading weights...
2026-04-11 16:23:58 [INFO] [Rank 1] Weights loaded.
2026-04-11 16:24:14 [INFO] [Rank 0] Loading weights...
2026-04-11 16:24:16 [INFO] [Rank 0] Weights loaded.
2026-04-11 16:26:21 [INFO] [Rank 1] Finished. Latency: 125092 ms
2026-04-11 16:26:21 [INFO] [Rank 2] Finished. Latency: 125092 ms
2026-04-11 16:26:21 [INFO] [Rank 0] Finished. Latency: 125092 ms
2026-04-11 16:26:21 [INFO] [Rank 3] Finished. Latency: 125116 ms
2026-04-11 16:26:25 [INFO] Total latency:     125092 ms
2026-04-11 16:26:25 [INFO] Peak 5GB memory:   4864 MB
2026-04-11 16:26:25 [INFO] Avg  5GB memory:   3096 MB
2026-04-11 16:26:25 [INFO] [277/364] Split [18, 7, 4, 3] | Batch: 64 | Microbatch: 16 | Microbatches: 4
2026-04-11 16:26:25 [INFO] Loading WikiText... (SEQ_LEN=64, BATCH=64)
2026-04-11 16:26:39 [INFO] [Rank 3] Loading weights...
2026-04-11 16:26:39 [INFO] [Rank 2] Loading weights...
2026-04-11 16:26:39 [INFO] [Rank 3] Weights loaded.
2026-04-11 16:26:40 [INFO] [Rank 2] Weights loaded.
2026-04-11 16:26:43 [INFO] [Rank 1] Loading weights...
2026-04-11 16:26:44 [INFO] [Rank 1] Weights loaded.
2026-04-11 16:27:00 [INFO] [Rank 0] Loading weights...
2026-04-11 16:27:02 [INFO] [Rank 0] Weights loaded.
2026-04-11 16:29:48 [INFO] [Rank 2] Finished. Latency: 166057 ms
2026-04-11 16:29:48 [INFO] [Rank 1] Finished. Latency: 166057 ms
2026-04-11 16:29:48 [INFO] [Rank 0] Finished. Latency: 166057 ms
2026-04-11 16:29:48 [INFO] [Rank 3] Finished. Latency: 166072 ms
2026-04-11 16:29:52 [INFO] Total latency:     166057 ms
2026-04-11 16:29:52 [INFO] Peak 5GB memory:   4864 MB
2026-04-11 16:29:52 [INFO] Avg  5GB memory:   3079 MB
2026-04-11 16:29:52 [INFO] [278/364] Split [18, 7, 4, 3] | Batch: 64 | Microbatch: 8 | Microbatches: 8
2026-04-11 16:29:52 [INFO] Loading WikiText... (SEQ_LEN=64, BATCH=64)
2026-04-11 16:29:55 [WARNING] '('Connection broken: IncompleteRead(0 bytes read, 65536 more expected)', IncompleteRead(0 bytes read, 65536 more expected))' thrown while requesting GET https://huggingface.co/datasets/wikitext/resolve/b08601e04326c79dfdd32d625aee71d232d685c3/wikitext-2-raw-v1/test-00000-of-00001.parquet
2026-04-11 16:29:55 [WARNING] Retrying in 1s [Retry 1/5].
2026-04-11 16:30:09 [INFO] [Rank 3] Loading weights...
2026-04-11 16:30:10 [INFO] [Rank 2] Loading weights...
2026-04-11 16:30:10 [INFO] [Rank 3] Weights loaded.
2026-04-11 16:30:10 [INFO] [Rank 2] Weights loaded.
2026-04-11 16:30:14 [INFO] [Rank 1] Loading weights...
2026-04-11 16:30:15 [INFO] [Rank 1] Weights loaded.
2026-04-11 16:30:30 [INFO] [Rank 0] Loading weights...
2026-04-11 16:30:33 [INFO] [Rank 0] Weights loaded.
2026-04-11 16:34:52 [INFO] [Rank 1] Finished. Latency: 259457 ms
2026-04-11 16:34:52 [INFO] [Rank 2] Finished. Latency: 259457 ms
2026-04-11 16:34:52 [INFO] [Rank 0] Finished. Latency: 259457 ms
2026-04-11 16:34:52 [INFO] [Rank 3] Finished. Latency: 259466 ms
2026-04-11 16:34:56 [INFO] Total latency:     259457 ms
2026-04-11 16:34:56 [INFO] Peak 5GB memory:   4728 MB
2026-04-11 16:34:56 [INFO] Avg  5GB memory:   3272 MB
2026-04-11 16:34:56 [INFO] [279/364] Split [18, 7, 4, 3] | Batch: 64 | Microbatch: 4 | Microbatches: 16
2026-04-11 16:34:56 [INFO] Loading WikiText... (SEQ_LEN=64, BATCH=64)
2026-04-11 16:34:59 [WARNING] '('Connection broken: IncompleteRead(0 bytes read, 65536 more expected)', IncompleteRead(0 bytes read, 65536 more expected))' thrown while requesting GET https://huggingface.co/datasets/wikitext/resolve/b08601e04326c79dfdd32d625aee71d232d685c3/wikitext-2-raw-v1/test-00000-of-00001.parquet
2026-04-11 16:34:59 [WARNING] Retrying in 1s [Retry 1/5].
2026-04-11 16:35:12 [INFO] [Rank 3] Loading weights...
2026-04-11 16:35:13 [INFO] [Rank 2] Loading weights...
2026-04-11 16:35:13 [INFO] [Rank 3] Weights loaded.
2026-04-11 16:35:14 [INFO] [Rank 2] Weights loaded.
2026-04-11 16:35:17 [INFO] [Rank 1] Loading weights...
2026-04-11 16:35:18 [INFO] [Rank 1] Weights loaded.
2026-04-11 16:35:34 [INFO] [Rank 0] Loading weights...
2026-04-11 16:35:36 [INFO] [Rank 0] Weights loaded.
2026-04-11 16:43:15 [INFO] [Rank 2] Finished. Latency: 458929 ms
2026-04-11 16:43:15 [INFO] [Rank 1] Finished. Latency: 458928 ms
2026-04-11 16:43:15 [INFO] [Rank 0] Finished. Latency: 458929 ms
2026-04-11 16:43:15 [INFO] [Rank 3] Finished. Latency: 458936 ms
2026-04-11 16:43:19 [INFO] Total latency:     458929 ms
2026-04-11 16:43:19 [INFO] Peak 5GB memory:   4594 MB
2026-04-11 16:43:19 [INFO] Avg  5GB memory:   2960 MB
2026-04-11 16:43:19 [INFO] [280/364] Split [18, 7, 4, 3] | Batch: 64 | Microbatch: 2 | Microbatches: 32
2026-04-11 16:43:19 [INFO] Loading WikiText... (SEQ_LEN=64, BATCH=64)
2026-04-11 16:43:33 [INFO] [Rank 3] Loading weights...
2026-04-11 16:43:34 [INFO] [Rank 2] Loading weights...
2026-04-11 16:43:34 [INFO] [Rank 3] Weights loaded.
2026-04-11 16:43:35 [INFO] [Rank 2] Weights loaded.
2026-04-11 16:43:38 [INFO] [Rank 1] Loading weights...
2026-04-11 16:43:39 [INFO] [Rank 1] Weights loaded.
2026-04-11 16:43:54 [INFO] [Rank 0] Loading weights...
2026-04-11 16:43:57 [INFO] [Rank 0] Weights loaded.
2026-04-11 16:58:36 [INFO] [Rank 2] Finished. Latency: 879163 ms
2026-04-11 16:58:36 [INFO] [Rank 1] Finished. Latency: 879163 ms
2026-04-11 16:58:36 [INFO] [Rank 0] Finished. Latency: 879163 ms
2026-04-11 16:58:36 [INFO] [Rank 3] Finished. Latency: 879169 ms
2026-04-11 16:58:40 [INFO] Total latency:     879163 ms
2026-04-11 16:58:40 [INFO] Peak 5GB memory:   3730 MB
2026-04-11 16:58:40 [INFO] Avg  5GB memory:   2878 MB
2026-04-11 16:58:40 [INFO] [281/364] Split [18, 7, 5, 2] | Batch: 8 | Microbatch: 4 | Microbatches: 2
2026-04-11 16:58:40 [INFO] Loading WikiText... (SEQ_LEN=64, BATCH=8)
2026-04-11 16:58:53 [INFO] [Rank 3] Loading weights...
2026-04-11 16:58:53 [INFO] [Rank 3] Weights loaded.
2026-04-11 16:58:57 [INFO] [Rank 2] Loading weights...
2026-04-11 16:58:57 [INFO] [Rank 2] Weights loaded.
2026-04-11 16:58:59 [INFO] [Rank 1] Loading weights...
2026-04-11 16:59:00 [INFO] [Rank 1] Weights loaded.
2026-04-11 16:59:15 [INFO] [Rank 0] Loading weights...
2026-04-11 16:59:18 [INFO] [Rank 0] Weights loaded.
2026-04-11 17:00:16 [INFO] [Rank 1] Finished. Latency: 58147 ms
2026-04-11 17:00:16 [INFO] [Rank 2] Finished. Latency: 58147 ms
2026-04-11 17:00:16 [INFO] [Rank 0] Finished. Latency: 58147 ms
2026-04-11 17:00:16 [INFO] [Rank 3] Finished. Latency: 58152 ms
2026-04-11 17:00:20 [INFO] Total latency:     58147 ms
2026-04-11 17:00:20 [INFO] Peak 5GB memory:   1510 MB
2026-04-11 17:00:20 [INFO] Avg  5GB memory:   1154 MB
2026-04-11 17:00:20 [INFO] [282/364] Split [18, 7, 5, 2] | Batch: 8 | Microbatch: 2 | Microbatches: 4
2026-04-11 17:00:20 [INFO] Loading WikiText... (SEQ_LEN=64, BATCH=8)
2026-04-11 17:00:33 [INFO] [Rank 3] Loading weights...
2026-04-11 17:00:34 [INFO] [Rank 3] Weights loaded.
2026-04-11 17:00:36 [INFO] [Rank 2] Loading weights...
2026-04-11 17:00:37 [INFO] [Rank 2] Weights loaded.
2026-04-11 17:00:39 [INFO] [Rank 1] Loading weights...
2026-04-11 17:00:40 [INFO] [Rank 1] Weights loaded.
2026-04-11 17:00:56 [INFO] [Rank 0] Loading weights...
2026-04-11 17:00:58 [INFO] [Rank 0] Weights loaded.
2026-04-11 17:02:48 [INFO] [Rank 2] Finished. Latency: 109588 ms
2026-04-11 17:02:48 [INFO] [Rank 1] Finished. Latency: 109588 ms
2026-04-11 17:02:48 [INFO] [Rank 0] Finished. Latency: 109588 ms
2026-04-11 17:02:48 [INFO] [Rank 3] Finished. Latency: 109593 ms
2026-04-11 17:02:52 [INFO] Total latency:     109588 ms
2026-04-11 17:02:52 [INFO] Peak 5GB memory:   1382 MB
2026-04-11 17:02:52 [INFO] Avg  5GB memory:   1188 MB
2026-04-11 17:02:52 [INFO] [283/364] Split [18, 7, 5, 2] | Batch: 16 | Microbatch: 8 | Microbatches: 2
2026-04-11 17:02:52 [INFO] Loading WikiText... (SEQ_LEN=64, BATCH=16)
2026-04-11 17:03:04 [INFO] [Rank 3] Loading weights...
2026-04-11 17:03:05 [INFO] [Rank 3] Weights loaded.
2026-04-11 17:03:08 [INFO] [Rank 2] Loading weights...
2026-04-11 17:03:09 [INFO] [Rank 2] Weights loaded.
2026-04-11 17:03:11 [INFO] [Rank 1] Loading weights...
2026-04-11 17:03:12 [INFO] [Rank 1] Weights loaded.
2026-04-11 17:03:27 [INFO] [Rank 0] Loading weights...
2026-04-11 17:03:29 [INFO] [Rank 0] Weights loaded.
2026-04-11 17:04:35 [INFO] [Rank 2] Finished. Latency: 65148 ms
2026-04-11 17:04:35 [INFO] [Rank 0] Finished. Latency: 65148 ms
2026-04-11 17:04:35 [INFO] [Rank 1] Finished. Latency: 65148 ms
2026-04-11 17:04:35 [INFO] [Rank 3] Finished. Latency: 65155 ms
2026-04-11 17:04:38 [INFO] Total latency:     65148 ms
2026-04-11 17:04:38 [INFO] Peak 5GB memory:   3798 MB
2026-04-11 17:04:38 [INFO] Avg  5GB memory:   1722 MB
2026-04-11 17:04:38 [INFO] [284/364] Split [18, 7, 5, 2] | Batch: 16 | Microbatch: 4 | Microbatches: 4
2026-04-11 17:04:38 [INFO] Loading WikiText... (SEQ_LEN=64, BATCH=16)
2026-04-11 17:04:51 [INFO] [Rank 3] Loading weights...
2026-04-11 17:04:52 [INFO] [Rank 3] Weights loaded.
2026-04-11 17:04:55 [INFO] [Rank 2] Loading weights...
2026-04-11 17:04:56 [INFO] [Rank 2] Weights loaded.
2026-04-11 17:04:58 [INFO] [Rank 1] Loading weights...
2026-04-11 17:04:59 [INFO] [Rank 1] Weights loaded.
2026-04-11 17:05:14 [INFO] [Rank 0] Loading weights...
2026-04-11 17:05:16 [INFO] [Rank 0] Weights loaded.
2026-04-11 17:07:12 [INFO] [Rank 1] Finished. Latency: 115420 ms
2026-04-11 17:07:12 [INFO] [Rank 2] Finished. Latency: 115420 ms
2026-04-11 17:07:12 [INFO] [Rank 0] Finished. Latency: 115420 ms
2026-04-11 17:07:12 [INFO] [Rank 3] Finished. Latency: 115426 ms
2026-04-11 17:07:16 [INFO] Total latency:     115420 ms
2026-04-11 17:07:16 [INFO] Peak 5GB memory:   1830 MB
2026-04-11 17:07:16 [INFO] Avg  5GB memory:   1328 MB
2026-04-11 17:07:16 [INFO] [285/364] Split [18, 7, 5, 2] | Batch: 16 | Microbatch: 2 | Microbatches: 8
2026-04-11 17:07:16 [INFO] Loading WikiText... (SEQ_LEN=64, BATCH=16)
2026-04-11 17:07:28 [INFO] [Rank 3] Loading weights...
2026-04-11 17:07:28 [INFO] [Rank 3] Weights loaded.
2026-04-11 17:07:31 [INFO] [Rank 2] Loading weights...
2026-04-11 17:07:32 [INFO] [Rank 2] Weights loaded.
2026-04-11 17:07:34 [INFO] [Rank 1] Loading weights...
2026-04-11 17:07:35 [INFO] [Rank 1] Weights loaded.
2026-04-11 17:07:50 [INFO] [Rank 0] Loading weights...
2026-04-11 17:07:53 [INFO] [Rank 0] Weights loaded.
2026-04-11 17:11:32 [INFO] [Rank 1] Finished. Latency: 219558 ms
2026-04-11 17:11:32 [INFO] [Rank 2] Finished. Latency: 219558 ms
2026-04-11 17:11:32 [INFO] [Rank 0] Finished. Latency: 219557 ms
2026-04-11 17:11:33 [INFO] [Rank 3] Finished. Latency: 219562 ms
2026-04-11 17:11:36 [INFO] Total latency:     219557 ms
2026-04-11 17:11:36 [INFO] Peak 5GB memory:   1632 MB
2026-04-11 17:11:36 [INFO] Avg  5GB memory:   1344 MB
2026-04-11 17:11:36 [INFO] [286/364] Split [18, 7, 5, 2] | Batch: 32 | Microbatch: 16 | Microbatches: 2
2026-04-11 17:11:36 [INFO] Loading WikiText... (SEQ_LEN=64, BATCH=32)
2026-04-11 17:11:50 [INFO] [Rank 3] Loading weights...
2026-04-11 17:11:50 [INFO] [Rank 3] Weights loaded.
2026-04-11 17:11:53 [INFO] [Rank 2] Loading weights...
2026-04-11 17:11:54 [INFO] [Rank 2] Weights loaded.
2026-04-11 17:11:56 [INFO] [Rank 1] Loading weights...
2026-04-11 17:11:57 [INFO] [Rank 1] Weights loaded.
2026-04-11 17:12:12 [INFO] [Rank 0] Loading weights...
2026-04-11 17:12:15 [INFO] [Rank 0] Weights loaded.
2026-04-11 17:13:38 [INFO] [Rank 2] Finished. Latency: 82750 ms
2026-04-11 17:13:38 [INFO] [Rank 1] Finished. Latency: 82750 ms
2026-04-11 17:13:38 [INFO] [Rank 0] Finished. Latency: 82750 ms
2026-04-11 17:13:38 [INFO] [Rank 3] Finished. Latency: 82760 ms
2026-04-11 17:13:41 [INFO] Total latency:     82750 ms
2026-04-11 17:13:41 [INFO] Peak 5GB memory:   4864 MB
2026-04-11 17:13:41 [INFO] Avg  5GB memory:   2213 MB
2026-04-11 17:13:41 [INFO] [287/364] Split [18, 7, 5, 2] | Batch: 32 | Microbatch: 8 | Microbatches: 4
2026-04-11 17:13:41 [INFO] Loading WikiText... (SEQ_LEN=64, BATCH=32)
2026-04-11 17:13:54 [INFO] [Rank 3] Loading weights...
2026-04-11 17:13:55 [INFO] [Rank 3] Weights loaded.
2026-04-11 17:13:57 [INFO] [Rank 2] Loading weights...
2026-04-11 17:13:58 [INFO] [Rank 2] Weights loaded.
2026-04-11 17:14:00 [INFO] [Rank 1] Loading weights...
2026-04-11 17:14:01 [INFO] [Rank 1] Weights loaded.
2026-04-11 17:14:17 [INFO] [Rank 0] Loading weights...
2026-04-11 17:14:19 [INFO] [Rank 0] Weights loaded.
2026-04-11 17:16:29 [INFO] [Rank 2] Finished. Latency: 129523 ms
2026-04-11 17:16:29 [INFO] [Rank 1] Finished. Latency: 129523 ms
2026-04-11 17:16:29 [INFO] [Rank 0] Finished. Latency: 129523 ms
2026-04-11 17:16:29 [INFO] [Rank 3] Finished. Latency: 129530 ms
2026-04-11 17:16:32 [INFO] Total latency:     129523 ms
2026-04-11 17:16:32 [INFO] Peak 5GB memory:   4400 MB
2026-04-11 17:16:32 [INFO] Avg  5GB memory:   2053 MB
2026-04-11 17:16:32 [INFO] [288/364] Split [18, 7, 5, 2] | Batch: 32 | Microbatch: 4 | Microbatches: 8
2026-04-11 17:16:32 [INFO] Loading WikiText... (SEQ_LEN=64, BATCH=32)
2026-04-11 17:16:45 [INFO] [Rank 3] Loading weights...
2026-04-11 17:16:46 [INFO] [Rank 3] Weights loaded.
2026-04-11 17:16:49 [INFO] [Rank 2] Loading weights...
2026-04-11 17:16:50 [INFO] [Rank 2] Weights loaded.
2026-04-11 17:16:51 [INFO] [Rank 1] Loading weights...
2026-04-11 17:16:53 [INFO] [Rank 1] Weights loaded.
2026-04-11 17:17:08 [INFO] [Rank 0] Loading weights...
2026-04-11 17:17:10 [INFO] [Rank 0] Weights loaded.
2026-04-11 17:20:59 [INFO] [Rank 2] Finished. Latency: 228950 ms
2026-04-11 17:20:59 [INFO] [Rank 1] Finished. Latency: 228950 ms
2026-04-11 17:20:59 [INFO] [Rank 0] Finished. Latency: 228950 ms
2026-04-11 17:20:59 [INFO] [Rank 3] Finished. Latency: 228955 ms
2026-04-11 17:21:03 [INFO] Total latency:     228950 ms
2026-04-11 17:21:03 [INFO] Peak 5GB memory:   2490 MB
2026-04-11 17:21:03 [INFO] Avg  5GB memory:   1645 MB
2026-04-11 17:21:03 [INFO] [289/364] Split [18, 7, 5, 2] | Batch: 32 | Microbatch: 2 | Microbatches: 16
2026-04-11 17:21:03 [INFO] Loading WikiText... (SEQ_LEN=64, BATCH=32)
2026-04-11 17:21:16 [INFO] [Rank 3] Loading weights...
2026-04-11 17:21:16 [INFO] [Rank 3] Weights loaded.
2026-04-11 17:21:19 [INFO] [Rank 2] Loading weights...
2026-04-11 17:21:20 [INFO] [Rank 2] Weights loaded.
2026-04-11 17:21:22 [INFO] [Rank 1] Loading weights...
2026-04-11 17:21:23 [INFO] [Rank 1] Weights loaded.
2026-04-11 17:21:38 [INFO] [Rank 0] Loading weights...
2026-04-11 17:21:41 [INFO] [Rank 0] Weights loaded.
2026-04-11 17:29:01 [INFO] [Rank 1] Finished. Latency: 440174 ms
2026-04-11 17:29:01 [INFO] [Rank 0] Finished. Latency: 440174 ms
2026-04-11 17:29:01 [INFO] [Rank 2] Finished. Latency: 440174 ms
2026-04-11 17:29:01 [INFO] [Rank 3] Finished. Latency: 440178 ms
2026-04-11 17:29:05 [INFO] Total latency:     440174 ms
2026-04-11 17:29:05 [INFO] Peak 5GB memory:   1920 MB
2026-04-11 17:29:05 [INFO] Avg  5GB memory:   1598 MB
2026-04-11 17:29:05 [INFO] [290/364] Split [18, 7, 5, 2] | Batch: 64 | Microbatch: 32 | Microbatches: 2
2026-04-11 17:29:05 [INFO] Loading WikiText... (SEQ_LEN=64, BATCH=64)
2026-04-11 17:29:18 [INFO] [Rank 3] Loading weights...
2026-04-11 17:29:19 [INFO] [Rank 3] Weights loaded.
2026-04-11 17:29:21 [INFO] [Rank 2] Loading weights...
2026-04-11 17:29:22 [INFO] [Rank 2] Weights loaded.
2026-04-11 17:29:24 [INFO] [Rank 1] Loading weights...
2026-04-11 17:29:25 [INFO] [Rank 1] Weights loaded.
2026-04-11 17:29:41 [INFO] [Rank 0] Loading weights...
2026-04-11 17:29:43 [INFO] [Rank 0] Weights loaded.
2026-04-11 17:31:30 [ERROR] [Rank 2] OOM
2026-04-11 17:31:30 [ERROR] [Rank 3] Unexpected exception:
Traceback (most recent call last):
  File "/home/anurag_dutt/scripts/benchmark_pipeline_microbatching.py", line 545, in run_pipeline
    decode_recv_handles[mb_idx].wait()
  File "/home/anurag_dutt/scripts/mig_transport_pipeline_non_blocking.py", line 121, in wait
    _ORIGINAL_SEND(
  File "/home/anurag_dutt/scripts/mig_env/lib/python3.10/site-packages/torch/distributed/c10d_logger.py", line 81, in wrapper
    return func(*args, **kwargs)
  File "/home/anurag_dutt/scripts/mig_env/lib/python3.10/site-packages/torch/distributed/distributed_c10d.py", line 2496, in send
    work.wait()
RuntimeError: [/pytorch/third_party/gloo/gloo/transport/tcp/pair.cc:547] Connection closed by peer [10.128.0.8]:33683

2026-04-11 17:31:30 [ERROR] [Rank 0] Unexpected exception:
Traceback (most recent call last):
  File "/home/anurag_dutt/scripts/benchmark_pipeline_microbatching.py", line 576, in run_pipeline
    dist.recv(next_tokens, src=world_size - 1, tag=tok_tag)
  File "/home/anurag_dutt/scripts/mig_transport_pipeline_non_blocking.py", line 407, in patched_recv
    return _MIG_PIPE_ENGINE.recv(tensor, src, group=group, tag=tag)
  File "/home/anurag_dutt/scripts/mig_transport_pipeline_non_blocking.py", line 281, in recv
    _ORIGINAL_RECV(handshake, src=src, group=group, tag=tag)
  File "/home/anurag_dutt/scripts/mig_env/lib/python3.10/site-packages/torch/distributed/c10d_logger.py", line 81, in wrapper
    return func(*args, **kwargs)
  File "/home/anurag_dutt/scripts/mig_env/lib/python3.10/site-packages/torch/distributed/distributed_c10d.py", line 2529, in recv
    work.wait()
RuntimeError: [/pytorch/third_party/gloo/gloo/transport/tcp/pair.cc:547] Connection closed by peer [10.128.0.8]:35743

2026-04-11 17:31:30 [ERROR] [Rank 1] Unexpected exception:
Traceback (most recent call last):
  File "/home/anurag_dutt/scripts/benchmark_pipeline_microbatching.py", line 545, in run_pipeline
    decode_recv_handles[mb_idx].wait()
  File "/home/anurag_dutt/scripts/mig_transport_pipeline_non_blocking.py", line 113, in wait
    self._dist_handle.wait()
RuntimeError: [/pytorch/third_party/gloo/gloo/transport/tcp/pair.cc:547] Connection closed by peer [10.128.0.8]:9356

2026-04-11 17:31:34 [WARNING] OOM on Rank 2 — skipping.
2026-04-11 17:31:34 [INFO] [291/364] Split [18, 7, 5, 2] | Batch: 64 | Microbatch: 16 | Microbatches: 4
2026-04-11 17:31:34 [INFO] Loading WikiText... (SEQ_LEN=64, BATCH=64)
2026-04-11 17:31:36 [WARNING] '('Connection broken: IncompleteRead(0 bytes read, 65536 more expected)', IncompleteRead(0 bytes read, 65536 more expected))' thrown while requesting GET https://huggingface.co/datasets/wikitext/resolve/b08601e04326c79dfdd32d625aee71d232d685c3/wikitext-2-raw-v1/test-00000-of-00001.parquet
2026-04-11 17:31:36 [WARNING] Retrying in 1s [Retry 1/5].
2026-04-11 17:31:49 [INFO] [Rank 3] Loading weights...
2026-04-11 17:31:49 [INFO] [Rank 3] Weights loaded.
2026-04-11 17:31:52 [INFO] [Rank 2] Loading weights...
2026-04-11 17:31:53 [INFO] [Rank 2] Weights loaded.
2026-04-11 17:31:55 [INFO] [Rank 1] Loading weights...
2026-04-11 17:31:56 [INFO] [Rank 1] Weights loaded.
2026-04-11 17:32:12 [INFO] [Rank 0] Loading weights...
2026-04-11 17:32:14 [INFO] [Rank 0] Weights loaded.
2026-04-11 17:34:41 [ERROR] [Rank 2] OOM
2026-04-11 17:34:41 [ERROR] [Rank 1] Unexpected exception:
Traceback (most recent call last):
  File "/home/anurag_dutt/scripts/benchmark_pipeline_microbatching.py", line 568, in run_pipeline
    h.wait()
  File "/home/anurag_dutt/scripts/mig_transport_pipeline_non_blocking.py", line 79, in wait
    _ORIGINAL_RECV(
  File "/home/anurag_dutt/scripts/mig_env/lib/python3.10/site-packages/torch/distributed/c10d_logger.py", line 81, in wrapper
    return func(*args, **kwargs)
  File "/home/anurag_dutt/scripts/mig_env/lib/python3.10/site-packages/torch/distributed/distributed_c10d.py", line 2529, in recv
    work.wait()
RuntimeError: [/pytorch/third_party/gloo/gloo/transport/tcp/pair.cc:547] Connection closed by peer [10.128.0.8]:12997

2026-04-11 17:34:41 [ERROR] [Rank 3] Unexpected exception:
Traceback (most recent call last):
  File "/home/anurag_dutt/scripts/benchmark_pipeline_microbatching.py", line 545, in run_pipeline
    decode_recv_handles[mb_idx].wait()
  File "/home/anurag_dutt/scripts/mig_transport_pipeline_non_blocking.py", line 121, in wait
    _ORIGINAL_SEND(
  File "/home/anurag_dutt/scripts/mig_env/lib/python3.10/site-packages/torch/distributed/c10d_logger.py", line 81, in wrapper
    return func(*args, **kwargs)
  File "/home/anurag_dutt/scripts/mig_env/lib/python3.10/site-packages/torch/distributed/distributed_c10d.py", line 2496, in send
    work.wait()
RuntimeError: [/pytorch/third_party/gloo/gloo/transport/tcp/pair.cc:547] Connection closed by peer [10.128.0.8]:59528

2026-04-11 17:34:41 [ERROR] [Rank 0] Unexpected exception:
Traceback (most recent call last):
  File "/home/anurag_dutt/scripts/benchmark_pipeline_microbatching.py", line 576, in run_pipeline
    dist.recv(next_tokens, src=world_size - 1, tag=tok_tag)
  File "/home/anurag_dutt/scripts/mig_transport_pipeline_non_blocking.py", line 407, in patched_recv
    return _MIG_PIPE_ENGINE.recv(tensor, src, group=group, tag=tag)
  File "/home/anurag_dutt/scripts/mig_transport_pipeline_non_blocking.py", line 281, in recv
    _ORIGINAL_RECV(handshake, src=src, group=group, tag=tag)
  File "/home/anurag_dutt/scripts/mig_env/lib/python3.10/site-packages/torch/distributed/c10d_logger.py", line 81, in wrapper
    return func(*args, **kwargs)
  File "/home/anurag_dutt/scripts/mig_env/lib/python3.10/site-packages/torch/distributed/distributed_c10d.py", line 2529, in recv
    work.wait()
RuntimeError: [/pytorch/third_party/gloo/gloo/transport/tcp/pair.cc:547] Connection closed by peer [10.128.0.8]:30108

2026-04-11 17:34:45 [WARNING] OOM on Rank 2 — skipping.
2026-04-11 17:34:45 [INFO] [292/364] Split [18, 7, 5, 2] | Batch: 64 | Microbatch: 8 | Microbatches: 8
2026-04-11 17:34:45 [INFO] Loading WikiText... (SEQ_LEN=64, BATCH=64)
2026-04-11 17:34:57 [INFO] [Rank 3] Loading weights...
2026-04-11 17:34:58 [INFO] [Rank 3] Weights loaded.
2026-04-11 17:35:01 [INFO] [Rank 2] Loading weights...
2026-04-11 17:35:02 [INFO] [Rank 2] Weights loaded.
2026-04-11 17:35:04 [INFO] [Rank 1] Loading weights...
2026-04-11 17:35:05 [INFO] [Rank 1] Weights loaded.
2026-04-11 17:35:20 [INFO] [Rank 0] Loading weights...
2026-04-11 17:35:22 [INFO] [Rank 0] Weights loaded.
2026-04-11 17:39:06 [ERROR] [Rank 2] OOM
2026-04-11 17:39:06 [ERROR] [Rank 3] Unexpected exception:
Traceback (most recent call last):
  File "/home/anurag_dutt/scripts/benchmark_pipeline_microbatching.py", line 545, in run_pipeline
    decode_recv_handles[mb_idx].wait()
  File "/home/anurag_dutt/scripts/mig_transport_pipeline_non_blocking.py", line 121, in wait
    _ORIGINAL_SEND(
  File "/home/anurag_dutt/scripts/mig_env/lib/python3.10/site-packages/torch/distributed/c10d_logger.py", line 81, in wrapper
    return func(*args, **kwargs)
  File "/home/anurag_dutt/scripts/mig_env/lib/python3.10/site-packages/torch/distributed/distributed_c10d.py", line 2496, in send
    work.wait()
RuntimeError: [/pytorch/third_party/gloo/gloo/transport/tcp/pair.cc:547] Connection closed by peer [10.128.0.8]:8068

2026-04-11 17:39:06 [ERROR] [Rank 0] Unexpected exception:
Traceback (most recent call last):
  File "/home/anurag_dutt/scripts/benchmark_pipeline_microbatching.py", line 576, in run_pipeline
    dist.recv(next_tokens, src=world_size - 1, tag=tok_tag)
  File "/home/anurag_dutt/scripts/mig_transport_pipeline_non_blocking.py", line 407, in patched_recv
    return _MIG_PIPE_ENGINE.recv(tensor, src, group=group, tag=tag)
  File "/home/anurag_dutt/scripts/mig_transport_pipeline_non_blocking.py", line 281, in recv
    _ORIGINAL_RECV(handshake, src=src, group=group, tag=tag)
  File "/home/anurag_dutt/scripts/mig_env/lib/python3.10/site-packages/torch/distributed/c10d_logger.py", line 81, in wrapper
    return func(*args, **kwargs)
  File "/home/anurag_dutt/scripts/mig_env/lib/python3.10/site-packages/torch/distributed/distributed_c10d.py", line 2529, in recv
    work.wait()
RuntimeError: [/pytorch/third_party/gloo/gloo/transport/tcp/pair.cc:547] Connection closed by peer [10.128.0.8]:17078

2026-04-11 17:39:06 [ERROR] [Rank 1] Unexpected exception:
Traceback (most recent call last):
  File "/home/anurag_dutt/scripts/benchmark_pipeline_microbatching.py", line 545, in run_pipeline
    decode_recv_handles[mb_idx].wait()
  File "/home/anurag_dutt/scripts/mig_transport_pipeline_non_blocking.py", line 113, in wait
    self._dist_handle.wait()
RuntimeError: [/pytorch/third_party/gloo/gloo/transport/tcp/pair.cc:547] Connection closed by peer [10.128.0.8]:14208

2026-04-11 17:39:09 [WARNING] OOM on Rank 2 — skipping.
2026-04-11 17:39:09 [INFO] [293/364] Split [18, 7, 5, 2] | Batch: 64 | Microbatch: 4 | Microbatches: 16
2026-04-11 17:39:09 [INFO] Loading WikiText... (SEQ_LEN=64, BATCH=64)
2026-04-11 17:39:23 [INFO] [Rank 3] Loading weights...
2026-04-11 17:39:23 [INFO] [Rank 3] Weights loaded.
2026-04-11 17:39:26 [INFO] [Rank 2] Loading weights...
2026-04-11 17:39:27 [INFO] [Rank 2] Weights loaded.
2026-04-11 17:39:29 [INFO] [Rank 1] Loading weights...
2026-04-11 17:39:30 [INFO] [Rank 1] Weights loaded.
2026-04-11 17:39:45 [INFO] [Rank 0] Loading weights...
2026-04-11 17:39:48 [INFO] [Rank 0] Weights loaded.
2026-04-11 17:45:27 [ERROR] [Rank 2] OOM
2026-04-11 17:45:27 [ERROR] [Rank 1] Unexpected exception:
Traceback (most recent call last):
  File "/home/anurag_dutt/scripts/benchmark_pipeline_microbatching.py", line 568, in run_pipeline
    h.wait()
  File "/home/anurag_dutt/scripts/mig_transport_pipeline_non_blocking.py", line 79, in wait
    _ORIGINAL_RECV(
  File "/home/anurag_dutt/scripts/mig_env/lib/python3.10/site-packages/torch/distributed/c10d_logger.py", line 81, in wrapper
    return func(*args, **kwargs)
  File "/home/anurag_dutt/scripts/mig_env/lib/python3.10/site-packages/torch/distributed/distributed_c10d.py", line 2529, in recv
    work.wait()
RuntimeError: [/pytorch/third_party/gloo/gloo/transport/tcp/pair.cc:547] Connection closed by peer [10.128.0.8]:8628

2026-04-11 17:45:27 [ERROR] [Rank 3] Unexpected exception:
Traceback (most recent call last):
  File "/home/anurag_dutt/scripts/benchmark_pipeline_microbatching.py", line 545, in run_pipeline
    decode_recv_handles[mb_idx].wait()
  File "/home/anurag_dutt/scripts/mig_transport_pipeline_non_blocking.py", line 113, in wait
    self._dist_handle.wait()
RuntimeError: [/pytorch/third_party/gloo/gloo/transport/tcp/pair.cc:547] Connection closed by peer [10.128.0.8]:44699

2026-04-11 17:45:27 [ERROR] [Rank 0] Unexpected exception:
Traceback (most recent call last):
  File "/home/anurag_dutt/scripts/benchmark_pipeline_microbatching.py", line 576, in run_pipeline
    dist.recv(next_tokens, src=world_size - 1, tag=tok_tag)
  File "/home/anurag_dutt/scripts/mig_transport_pipeline_non_blocking.py", line 407, in patched_recv
    return _MIG_PIPE_ENGINE.recv(tensor, src, group=group, tag=tag)
  File "/home/anurag_dutt/scripts/mig_transport_pipeline_non_blocking.py", line 281, in recv
    _ORIGINAL_RECV(handshake, src=src, group=group, tag=tag)
  File "/home/anurag_dutt/scripts/mig_env/lib/python3.10/site-packages/torch/distributed/c10d_logger.py", line 81, in wrapper
    return func(*args, **kwargs)
  File "/home/anurag_dutt/scripts/mig_env/lib/python3.10/site-packages/torch/distributed/distributed_c10d.py", line 2529, in recv
    work.wait()
RuntimeError: [/pytorch/third_party/gloo/gloo/transport/tcp/pair.cc:547] Connection closed by peer [10.128.0.8]:4512

2026-04-11 17:45:31 [WARNING] OOM on Rank 2 — skipping.
2026-04-11 17:45:31 [INFO] [294/364] Split [18, 7, 5, 2] | Batch: 64 | Microbatch: 2 | Microbatches: 32
2026-04-11 17:45:31 [INFO] Loading WikiText... (SEQ_LEN=64, BATCH=64)
2026-04-11 17:45:44 [INFO] [Rank 3] Loading weights...
2026-04-11 17:45:45 [INFO] [Rank 3] Weights loaded.
2026-04-11 17:45:48 [INFO] [Rank 2] Loading weights...
2026-04-11 17:45:49 [INFO] [Rank 2] Weights loaded.
2026-04-11 17:45:50 [INFO] [Rank 1] Loading weights...
2026-04-11 17:45:52 [INFO] [Rank 1] Weights loaded.
2026-04-11 17:46:07 [INFO] [Rank 0] Loading weights...
2026-04-11 17:46:09 [INFO] [Rank 0] Weights loaded.
2026-04-11 17:56:26 [ERROR] [Rank 2] OOM
2026-04-11 17:56:26 [ERROR] [Rank 1] Unexpected exception:
Traceback (most recent call last):
  File "/home/anurag_dutt/scripts/benchmark_pipeline_microbatching.py", line 568, in run_pipeline
    h.wait()
  File "/home/anurag_dutt/scripts/mig_transport_pipeline_non_blocking.py", line 79, in wait
    _ORIGINAL_RECV(
  File "/home/anurag_dutt/scripts/mig_env/lib/python3.10/site-packages/torch/distributed/c10d_logger.py", line 81, in wrapper
    return func(*args, **kwargs)
  File "/home/anurag_dutt/scripts/mig_env/lib/python3.10/site-packages/torch/distributed/distributed_c10d.py", line 2529, in recv
    work.wait()
RuntimeError: [/pytorch/third_party/gloo/gloo/transport/tcp/pair.cc:547] Connection closed by peer [10.128.0.8]:36744

2026-04-11 17:56:26 [ERROR] [Rank 3] Unexpected exception:
Traceback (most recent call last):
  File "/home/anurag_dutt/scripts/benchmark_pipeline_microbatching.py", line 545, in run_pipeline
    decode_recv_handles[mb_idx].wait()
  File "/home/anurag_dutt/scripts/mig_transport_pipeline_non_blocking.py", line 121, in wait
    _ORIGINAL_SEND(
  File "/home/anurag_dutt/scripts/mig_env/lib/python3.10/site-packages/torch/distributed/c10d_logger.py", line 81, in wrapper
    return func(*args, **kwargs)
  File "/home/anurag_dutt/scripts/mig_env/lib/python3.10/site-packages/torch/distributed/distributed_c10d.py", line 2496, in send
    work.wait()
RuntimeError: [/pytorch/third_party/gloo/gloo/transport/tcp/pair.cc:547] Connection closed by peer [10.128.0.8]:56454

2026-04-11 17:56:26 [ERROR] [Rank 0] Unexpected exception:
Traceback (most recent call last):
  File "/home/anurag_dutt/scripts/benchmark_pipeline_microbatching.py", line 576, in run_pipeline
    dist.recv(next_tokens, src=world_size - 1, tag=tok_tag)
  File "/home/anurag_dutt/scripts/mig_transport_pipeline_non_blocking.py", line 407, in patched_recv
    return _MIG_PIPE_ENGINE.recv(tensor, src, group=group, tag=tag)
  File "/home/anurag_dutt/scripts/mig_transport_pipeline_non_blocking.py", line 281, in recv
    _ORIGINAL_RECV(handshake, src=src, group=group, tag=tag)
  File "/home/anurag_dutt/scripts/mig_env/lib/python3.10/site-packages/torch/distributed/c10d_logger.py", line 81, in wrapper
    return func(*args, **kwargs)
  File "/home/anurag_dutt/scripts/mig_env/lib/python3.10/site-packages/torch/distributed/distributed_c10d.py", line 2529, in recv
    work.wait()
RuntimeError: [/pytorch/third_party/gloo/gloo/transport/tcp/pair.cc:547] Connection closed by peer [10.128.0.8]:46782

2026-04-11 17:56:30 [WARNING] OOM on Rank 2 — skipping.
2026-04-11 17:56:30 [INFO] [295/364] Split [18, 8, 3, 3] | Batch: 8 | Microbatch: 4 | Microbatches: 2
2026-04-11 17:56:30 [INFO] Loading WikiText... (SEQ_LEN=64, BATCH=8)
2026-04-11 17:56:43 [INFO] [Rank 2] Loading weights...
2026-04-11 17:56:43 [INFO] [Rank 2] Weights loaded.
2026-04-11 17:56:44 [INFO] [Rank 3] Loading weights...
2026-04-11 17:56:44 [INFO] [Rank 3] Weights loaded.
2026-04-11 17:56:50 [INFO] [Rank 1] Loading weights...
2026-04-11 17:56:51 [INFO] [Rank 1] Weights loaded.
2026-04-11 17:57:05 [INFO] [Rank 0] Loading weights...
2026-04-11 17:57:07 [INFO] [Rank 0] Weights loaded.
2026-04-11 17:58:04 [INFO] [Rank 2] Finished. Latency: 56708 ms
2026-04-11 17:58:04 [INFO] [Rank 1] Finished. Latency: 56708 ms
2026-04-11 17:58:04 [INFO] [Rank 0] Finished. Latency: 56708 ms
2026-04-11 17:58:04 [INFO] [Rank 3] Finished. Latency: 56716 ms
2026-04-11 17:58:08 [INFO] Total latency:     56708 ms
2026-04-11 17:58:08 [INFO] Peak 5GB memory:   2056 MB
2026-04-11 17:58:08 [INFO] Avg  5GB memory:   1534 MB
2026-04-11 17:58:08 [INFO] [296/364] Split [18, 8, 3, 3] | Batch: 8 | Microbatch: 2 | Microbatches: 4
2026-04-11 17:58:08 [INFO] Loading WikiText... (SEQ_LEN=64, BATCH=8)
2026-04-11 17:58:21 [INFO] [Rank 2] Loading weights...
2026-04-11 17:58:21 [INFO] [Rank 2] Weights loaded.
2026-04-11 17:58:22 [INFO] [Rank 3] Loading weights...
2026-04-11 17:58:22 [INFO] [Rank 3] Weights loaded.
2026-04-11 17:58:28 [INFO] [Rank 1] Loading weights...
2026-04-11 17:58:29 [INFO] [Rank 1] Weights loaded.
2026-04-11 17:58:43 [INFO] [Rank 0] Loading weights...
2026-04-11 17:58:45 [INFO] [Rank 0] Weights loaded.
2026-04-11 18:00:33 [INFO] [Rank 2] Finished. Latency: 108003 ms
2026-04-11 18:00:33 [INFO] [Rank 1] Finished. Latency: 108003 ms
2026-04-11 18:00:33 [INFO] [Rank 0] Finished. Latency: 108003 ms
2026-04-11 18:00:33 [INFO] [Rank 3] Finished. Latency: 108010 ms
2026-04-11 18:00:37 [INFO] Total latency:     108003 ms
2026-04-11 18:00:37 [INFO] Peak 5GB memory:   2018 MB
2026-04-11 18:00:37 [INFO] Avg  5GB memory:   1592 MB
2026-04-11 18:00:37 [INFO] [297/364] Split [18, 8, 3, 3] | Batch: 16 | Microbatch: 8 | Microbatches: 2
2026-04-11 18:00:37 [INFO] Loading WikiText... (SEQ_LEN=64, BATCH=16)
2026-04-11 18:00:50 [INFO] [Rank 2] Loading weights...
2026-04-11 18:00:51 [INFO] [Rank 2] Weights loaded.
2026-04-11 18:00:51 [INFO] [Rank 3] Loading weights...
2026-04-11 18:00:52 [INFO] [Rank 3] Weights loaded.
2026-04-11 18:00:58 [INFO] [Rank 1] Loading weights...
2026-04-11 18:00:59 [INFO] [Rank 1] Weights loaded.
2026-04-11 18:01:13 [INFO] [Rank 0] Loading weights...
2026-04-11 18:01:15 [INFO] [Rank 0] Weights loaded.
2026-04-11 18:02:19 [INFO] [Rank 2] Finished. Latency: 63552 ms
2026-04-11 18:02:19 [INFO] [Rank 0] Finished. Latency: 63552 ms
2026-04-11 18:02:19 [INFO] [Rank 1] Finished. Latency: 63552 ms
2026-04-11 18:02:19 [INFO] [Rank 3] Finished. Latency: 63562 ms
2026-04-11 18:02:22 [INFO] Total latency:     63552 ms
2026-04-11 18:02:22 [INFO] Peak 5GB memory:   4462 MB
2026-04-11 18:02:22 [INFO] Avg  5GB memory:   2051 MB
2026-04-11 18:02:22 [INFO] [298/364] Split [18, 8, 3, 3] | Batch: 16 | Microbatch: 4 | Microbatches: 4
2026-04-11 18:02:22 [INFO] Loading WikiText... (SEQ_LEN=64, BATCH=16)
2026-04-11 18:02:25 [WARNING] '('Connection broken: IncompleteRead(0 bytes read, 732606 more expected)', IncompleteRead(0 bytes read, 732606 more expected))' thrown while requesting GET https://huggingface.co/datasets/wikitext/resolve/b08601e04326c79dfdd32d625aee71d232d685c3/wikitext-2-raw-v1/test-00000-of-00001.parquet
2026-04-11 18:02:25 [WARNING] Retrying in 1s [Retry 1/5].
2026-04-11 18:02:38 [INFO] [Rank 2] Loading weights...
2026-04-11 18:02:39 [INFO] [Rank 2] Weights loaded.
2026-04-11 18:02:39 [INFO] [Rank 3] Loading weights...
2026-04-11 18:02:40 [INFO] [Rank 3] Weights loaded.
2026-04-11 18:02:45 [INFO] [Rank 1] Loading weights...
2026-04-11 18:02:46 [INFO] [Rank 1] Weights loaded.
2026-04-11 18:03:00 [INFO] [Rank 0] Loading weights...
2026-04-11 18:03:03 [INFO] [Rank 0] Weights loaded.
2026-04-11 18:04:56 [INFO] [Rank 2] Finished. Latency: 112970 ms
2026-04-11 18:04:56 [INFO] [Rank 1] Finished. Latency: 112971 ms
2026-04-11 18:04:56 [INFO] [Rank 0] Finished. Latency: 112971 ms
2026-04-11 18:04:56 [INFO] [Rank 3] Finished. Latency: 112978 ms
2026-04-11 18:05:00 [INFO] Total latency:     112971 ms
2026-04-11 18:05:00 [INFO] Peak 5GB memory:   2536 MB
2026-04-11 18:05:00 [INFO] Avg  5GB memory:   1782 MB
2026-04-11 18:05:00 [INFO] [299/364] Split [18, 8, 3, 3] | Batch: 16 | Microbatch: 2 | Microbatches: 8
2026-04-11 18:05:00 [INFO] Loading WikiText... (SEQ_LEN=64, BATCH=16)
2026-04-11 18:05:13 [INFO] [Rank 2] Loading weights...
2026-04-11 18:05:14 [INFO] [Rank 2] Weights loaded.
2026-04-11 18:05:14 [INFO] [Rank 3] Loading weights...
2026-04-11 18:05:15 [INFO] [Rank 3] Weights loaded.
2026-04-11 18:05:20 [INFO] [Rank 1] Loading weights...
2026-04-11 18:05:21 [INFO] [Rank 1] Weights loaded.
2026-04-11 18:05:35 [INFO] [Rank 0] Loading weights...
2026-04-11 18:05:38 [INFO] [Rank 0] Weights loaded.
2026-04-11 18:09:12 [INFO] [Rank 2] Finished. Latency: 213860 ms
2026-04-11 18:09:12 [INFO] [Rank 1] Finished. Latency: 213860 ms
2026-04-11 18:09:12 [INFO] [Rank 0] Finished. Latency: 213860 ms
2026-04-11 18:09:12 [INFO] [Rank 3] Finished. Latency: 213866 ms
2026-04-11 18:09:15 [INFO] Total latency:     213860 ms
2026-04-11 18:09:15 [INFO] Peak 5GB memory:   2120 MB
2026-04-11 18:09:15 [INFO] Avg  5GB memory:   1803 MB
2026-04-11 18:09:15 [INFO] [300/364] Split [18, 8, 3, 3] | Batch: 32 | Microbatch: 16 | Microbatches: 2
2026-04-11 18:09:15 [INFO] Loading WikiText... (SEQ_LEN=64, BATCH=32)
2026-04-11 18:09:29 [INFO] [Rank 2] Loading weights...
2026-04-11 18:09:30 [INFO] [Rank 2] Weights loaded.
2026-04-11 18:09:30 [INFO] [Rank 3] Loading weights...
2026-04-11 18:09:31 [INFO] [Rank 3] Weights loaded.
2026-04-11 18:09:36 [INFO] [Rank 1] Loading weights...
2026-04-11 18:09:37 [INFO] [Rank 1] Weights loaded.
2026-04-11 18:09:51 [INFO] [Rank 0] Loading weights...
2026-04-11 18:09:53 [INFO] [Rank 0] Weights loaded.
2026-04-11 18:11:14 [INFO] [Rank 1] Finished. Latency: 80648 ms
2026-04-11 18:11:14 [INFO] [Rank 2] Finished. Latency: 80648 ms
2026-04-11 18:11:14 [INFO] [Rank 0] Finished. Latency: 80648 ms
2026-04-11 18:11:14 [INFO] [Rank 3] Finished. Latency: 80663 ms
2026-04-11 18:11:18 [INFO] Total latency:     80648 ms
2026-04-11 18:11:18 [INFO] Peak 5GB memory:   4822 MB
2026-04-11 18:11:18 [INFO] Avg  5GB memory:   2615 MB
2026-04-11 18:11:18 [INFO] [301/364] Split [18, 8, 3, 3] | Batch: 32 | Microbatch: 8 | Microbatches: 4
2026-04-11 18:11:18 [INFO] Loading WikiText... (SEQ_LEN=64, BATCH=32)
2026-04-11 18:11:31 [INFO] [Rank 2] Loading weights...
2026-04-11 18:11:31 [INFO] [Rank 2] Weights loaded.
2026-04-11 18:11:32 [INFO] [Rank 3] Loading weights...
2026-04-11 18:11:32 [INFO] [Rank 3] Weights loaded.
2026-04-11 18:11:38 [INFO] [Rank 1] Loading weights...
2026-04-11 18:11:39 [INFO] [Rank 1] Weights loaded.
2026-04-11 18:11:53 [INFO] [Rank 0] Loading weights...
2026-04-11 18:11:55 [INFO] [Rank 0] Weights loaded.
2026-04-11 18:14:01 [INFO] [Rank 2] Finished. Latency: 126371 ms
2026-04-11 18:14:01 [INFO] [Rank 1] Finished. Latency: 126371 ms
2026-04-11 18:14:01 [INFO] [Rank 0] Finished. Latency: 126371 ms
2026-04-11 18:14:01 [INFO] [Rank 3] Finished. Latency: 126381 ms
2026-04-11 18:14:05 [INFO] Total latency:     126371 ms
2026-04-11 18:14:05 [INFO] Peak 5GB memory:   4500 MB
2026-04-11 18:14:05 [INFO] Avg  5GB memory:   2512 MB
2026-04-11 18:14:05 [INFO] [302/364] Split [18, 8, 3, 3] | Batch: 32 | Microbatch: 4 | Microbatches: 8
2026-04-11 18:14:05 [INFO] Loading WikiText... (SEQ_LEN=64, BATCH=32)
2026-04-11 18:14:18 [INFO] [Rank 2] Loading weights...
2026-04-11 18:14:19 [INFO] [Rank 2] Weights loaded.
2026-04-11 18:14:19 [INFO] [Rank 3] Loading weights...
2026-04-11 18:14:20 [INFO] [Rank 3] Weights loaded.
2026-04-11 18:14:25 [INFO] [Rank 1] Loading weights...
2026-04-11 18:14:26 [INFO] [Rank 1] Weights loaded.
2026-04-11 18:14:40 [INFO] [Rank 0] Loading weights...
2026-04-11 18:14:43 [INFO] [Rank 0] Weights loaded.
2026-04-11 18:18:27 [INFO] [Rank 2] Finished. Latency: 224125 ms
2026-04-11 18:18:27 [INFO] [Rank 1] Finished. Latency: 224125 ms
2026-04-11 18:18:27 [INFO] [Rank 0] Finished. Latency: 224126 ms
2026-04-11 18:18:27 [INFO] [Rank 3] Finished. Latency: 224133 ms
2026-04-11 18:18:31 [INFO] Total latency:     224126 ms
2026-04-11 18:18:31 [INFO] Peak 5GB memory:   3516 MB
2026-04-11 18:18:31 [INFO] Avg  5GB memory:   2258 MB
2026-04-11 18:18:31 [INFO] [303/364] Split [18, 8, 3, 3] | Batch: 32 | Microbatch: 2 | Microbatches: 16
2026-04-11 18:18:31 [INFO] Loading WikiText... (SEQ_LEN=64, BATCH=32)
2026-04-11 18:18:45 [INFO] [Rank 2] Loading weights...
2026-04-11 18:18:45 [INFO] [Rank 2] Weights loaded.
2026-04-11 18:18:45 [INFO] [Rank 3] Loading weights...
2026-04-11 18:18:46 [INFO] [Rank 3] Weights loaded.
2026-04-11 18:18:52 [INFO] [Rank 1] Loading weights...
2026-04-11 18:18:53 [INFO] [Rank 1] Weights loaded.
2026-04-11 18:19:07 [INFO] [Rank 0] Loading weights...
2026-04-11 18:19:09 [INFO] [Rank 0] Weights loaded.
2026-04-11 18:26:18 [INFO] [Rank 1] Finished. Latency: 428382 ms
2026-04-11 18:26:18 [INFO] [Rank 2] Finished. Latency: 428382 ms
2026-04-11 18:26:18 [INFO] [Rank 0] Finished. Latency: 428382 ms
2026-04-11 18:26:18 [INFO] [Rank 3] Finished. Latency: 428388 ms
2026-04-11 18:26:21 [INFO] Total latency:     428382 ms
2026-04-11 18:26:21 [INFO] Peak 5GB memory:   2658 MB
2026-04-11 18:26:21 [INFO] Avg  5GB memory:   2174 MB
2026-04-11 18:26:21 [INFO] [304/364] Split [18, 8, 3, 3] | Batch: 64 | Microbatch: 32 | Microbatches: 2
2026-04-11 18:26:21 [INFO] Loading WikiText... (SEQ_LEN=64, BATCH=64)
2026-04-11 18:26:35 [INFO] [Rank 2] Loading weights...
2026-04-11 18:26:35 [INFO] [Rank 2] Weights loaded.
2026-04-11 18:26:36 [INFO] [Rank 3] Loading weights...
2026-04-11 18:26:36 [INFO] [Rank 3] Weights loaded.
2026-04-11 18:26:42 [INFO] [Rank 1] Loading weights...
2026-04-11 18:26:43 [INFO] [Rank 1] Weights loaded.
2026-04-11 18:26:57 [INFO] [Rank 0] Loading weights...
2026-04-11 18:26:59 [INFO] [Rank 0] Weights loaded.
2026-04-11 18:29:01 [INFO] [Rank 2] Finished. Latency: 122124 ms
2026-04-11 18:29:01 [INFO] [Rank 1] Finished. Latency: 122123 ms
2026-04-11 18:29:01 [INFO] [Rank 0] Finished. Latency: 122124 ms
2026-04-11 18:29:01 [INFO] [Rank 3] Finished. Latency: 122148 ms
2026-04-11 18:29:05 [INFO] Total latency:     122124 ms
2026-04-11 18:29:05 [INFO] Peak 5GB memory:   4864 MB
2026-04-11 18:29:05 [INFO] Avg  5GB memory:   3061 MB
2026-04-11 18:29:05 [INFO] [305/364] Split [18, 8, 3, 3] | Batch: 64 | Microbatch: 16 | Microbatches: 4
2026-04-11 18:29:05 [INFO] Loading WikiText... (SEQ_LEN=64, BATCH=64)
2026-04-11 18:29:18 [INFO] [Rank 2] Loading weights...
2026-04-11 18:29:18 [INFO] [Rank 2] Weights loaded.
2026-04-11 18:29:19 [INFO] [Rank 3] Loading weights...
2026-04-11 18:29:19 [INFO] [Rank 3] Weights loaded.
2026-04-11 18:29:25 [INFO] [Rank 1] Loading weights...
2026-04-11 18:29:26 [INFO] [Rank 1] Weights loaded.
2026-04-11 18:29:40 [INFO] [Rank 0] Loading weights...
2026-04-11 18:29:42 [INFO] [Rank 0] Weights loaded.
2026-04-11 18:32:24 [INFO] [Rank 1] Finished. Latency: 161865 ms
2026-04-11 18:32:24 [INFO] [Rank 2] Finished. Latency: 161865 ms
2026-04-11 18:32:24 [INFO] [Rank 0] Finished. Latency: 161865 ms
2026-04-11 18:32:24 [INFO] [Rank 3] Finished. Latency: 161879 ms
2026-04-11 18:32:28 [INFO] Total latency:     161865 ms
2026-04-11 18:32:28 [INFO] Peak 5GB memory:   4864 MB
2026-04-11 18:32:28 [INFO] Avg  5GB memory:   3074 MB
2026-04-11 18:32:28 [INFO] [306/364] Split [18, 8, 3, 3] | Batch: 64 | Microbatch: 8 | Microbatches: 8
2026-04-11 18:32:28 [INFO] Loading WikiText... (SEQ_LEN=64, BATCH=64)
2026-04-11 18:32:41 [INFO] [Rank 2] Loading weights...
2026-04-11 18:32:42 [INFO] [Rank 2] Weights loaded.
2026-04-11 18:32:42 [INFO] [Rank 3] Loading weights...
2026-04-11 18:32:43 [INFO] [Rank 3] Weights loaded.
2026-04-11 18:32:48 [INFO] [Rank 1] Loading weights...
2026-04-11 18:32:50 [INFO] [Rank 1] Weights loaded.
2026-04-11 18:33:03 [INFO] [Rank 0] Loading weights...
2026-04-11 18:33:06 [INFO] [Rank 0] Weights loaded.
2026-04-11 18:37:18 [INFO] [Rank 2] Finished. Latency: 252399 ms
2026-04-11 18:37:18 [INFO] [Rank 1] Finished. Latency: 252399 ms
2026-04-11 18:37:18 [INFO] [Rank 0] Finished. Latency: 252399 ms
2026-04-11 18:37:18 [INFO] [Rank 3] Finished. Latency: 252408 ms
2026-04-11 18:37:22 [INFO] Total latency:     252399 ms
2026-04-11 18:37:22 [INFO] Peak 5GB memory:   4864 MB
2026-04-11 18:37:22 [INFO] Avg  5GB memory:   3269 MB
2026-04-11 18:37:22 [INFO] [307/364] Split [18, 8, 3, 3] | Batch: 64 | Microbatch: 4 | Microbatches: 16
2026-04-11 18:37:22 [INFO] Loading WikiText... (SEQ_LEN=64, BATCH=64)
2026-04-11 18:37:35 [INFO] [Rank 2] Loading weights...
2026-04-11 18:37:36 [INFO] [Rank 2] Weights loaded.
2026-04-11 18:37:36 [INFO] [Rank 3] Loading weights...
2026-04-11 18:37:37 [INFO] [Rank 3] Weights loaded.
2026-04-11 18:37:42 [INFO] [Rank 1] Loading weights...
2026-04-11 18:37:44 [INFO] [Rank 1] Weights loaded.
2026-04-11 18:37:57 [INFO] [Rank 0] Loading weights...
2026-04-11 18:38:00 [INFO] [Rank 0] Weights loaded.
2026-04-11 18:45:28 [INFO] [Rank 2] Finished. Latency: 447877 ms
2026-04-11 18:45:28 [INFO] [Rank 1] Finished. Latency: 447877 ms
2026-04-11 18:45:28 [INFO] [Rank 0] Finished. Latency: 447877 ms
2026-04-11 18:45:28 [INFO] [Rank 3] Finished. Latency: 447885 ms
2026-04-11 18:45:31 [INFO] Total latency:     447877 ms
2026-04-11 18:45:31 [INFO] Peak 5GB memory:   4594 MB
2026-04-11 18:45:31 [INFO] Avg  5GB memory:   2957 MB
2026-04-11 18:45:31 [INFO] [308/364] Split [18, 8, 3, 3] | Batch: 64 | Microbatch: 2 | Microbatches: 32
2026-04-11 18:45:31 [INFO] Loading WikiText... (SEQ_LEN=64, BATCH=64)
2026-04-11 18:45:45 [INFO] [Rank 2] Loading weights...
2026-04-11 18:45:46 [INFO] [Rank 2] Weights loaded.
2026-04-11 18:45:46 [INFO] [Rank 3] Loading weights...
2026-04-11 18:45:47 [INFO] [Rank 3] Weights loaded.
2026-04-11 18:45:52 [INFO] [Rank 1] Loading weights...
2026-04-11 18:45:54 [INFO] [Rank 1] Weights loaded.
2026-04-11 18:46:07 [INFO] [Rank 0] Loading weights...
2026-04-11 18:46:10 [INFO] [Rank 0] Weights loaded.
2026-04-11 19:00:10 [INFO] [Rank 1] Finished. Latency: 840543 ms
2026-04-11 19:00:10 [INFO] [Rank 2] Finished. Latency: 840543 ms
2026-04-11 19:00:10 [INFO] [Rank 0] Finished. Latency: 840543 ms
2026-04-11 19:00:10 [INFO] [Rank 3] Finished. Latency: 840550 ms
2026-04-11 19:00:14 [INFO] Total latency:     840543 ms
2026-04-11 19:00:14 [INFO] Peak 5GB memory:   3730 MB
2026-04-11 19:00:14 [INFO] Avg  5GB memory:   2872 MB
2026-04-11 19:00:14 [INFO] [309/364] Split [18, 8, 4, 2] | Batch: 8 | Microbatch: 4 | Microbatches: 2
2026-04-11 19:00:14 [INFO] Loading WikiText... (SEQ_LEN=64, BATCH=8)
2026-04-11 19:00:27 [INFO] [Rank 3] Loading weights...
2026-04-11 19:00:27 [INFO] [Rank 3] Weights loaded.
2026-04-11 19:00:29 [INFO] [Rank 2] Loading weights...
2026-04-11 19:00:29 [INFO] [Rank 2] Weights loaded.
2026-04-11 19:00:34 [INFO] [Rank 1] Loading weights...
2026-04-11 19:00:36 [INFO] [Rank 1] Weights loaded.
2026-04-11 19:00:49 [INFO] [Rank 0] Loading weights...
2026-04-11 19:00:52 [INFO] [Rank 0] Weights loaded.
2026-04-11 19:01:49 [INFO] [Rank 2] Finished. Latency: 57134 ms
2026-04-11 19:01:49 [INFO] [Rank 0] Finished. Latency: 57134 ms
2026-04-11 19:01:49 [INFO] [Rank 1] Finished. Latency: 57134 ms
2026-04-11 19:01:49 [INFO] [Rank 3] Finished. Latency: 57140 ms
2026-04-11 19:01:53 [INFO] Total latency:     57134 ms
2026-04-11 19:01:53 [INFO] Peak 5GB memory:   1510 MB
2026-04-11 19:01:53 [INFO] Avg  5GB memory:   1157 MB
2026-04-11 19:01:53 [INFO] [310/364] Split [18, 8, 4, 2] | Batch: 8 | Microbatch: 2 | Microbatches: 4
2026-04-11 19:01:53 [INFO] Loading WikiText... (SEQ_LEN=64, BATCH=8)
2026-04-11 19:02:05 [INFO] [Rank 3] Loading weights...
2026-04-11 19:02:06 [INFO] [Rank 3] Weights loaded.
2026-04-11 19:02:07 [INFO] [Rank 2] Loading weights...
2026-04-11 19:02:08 [INFO] [Rank 2] Weights loaded.
2026-04-11 19:02:13 [INFO] [Rank 1] Loading weights...
2026-04-11 19:02:14 [INFO] [Rank 1] Weights loaded.
2026-04-11 19:02:28 [INFO] [Rank 0] Loading weights...
2026-04-11 19:02:30 [INFO] [Rank 0] Weights loaded.
2026-04-11 19:04:18 [INFO] [Rank 2] Finished. Latency: 107696 ms
2026-04-11 19:04:18 [INFO] [Rank 0] Finished. Latency: 107696 ms
2026-04-11 19:04:18 [INFO] [Rank 1] Finished. Latency: 107696 ms
2026-04-11 19:04:18 [INFO] [Rank 3] Finished. Latency: 107701 ms
2026-04-11 19:04:21 [INFO] Total latency:     107696 ms
2026-04-11 19:04:21 [INFO] Peak 5GB memory:   1382 MB
2026-04-11 19:04:21 [INFO] Avg  5GB memory:   1196 MB
2026-04-11 19:04:21 [INFO] [311/364] Split [18, 8, 4, 2] | Batch: 16 | Microbatch: 8 | Microbatches: 2
2026-04-11 19:04:21 [INFO] Loading WikiText... (SEQ_LEN=64, BATCH=16)
2026-04-11 19:04:34 [INFO] [Rank 3] Loading weights...
2026-04-11 19:04:35 [INFO] [Rank 3] Weights loaded.
2026-04-11 19:04:36 [INFO] [Rank 2] Loading weights...
2026-04-11 19:04:37 [INFO] [Rank 2] Weights loaded.
2026-04-11 19:04:42 [INFO] [Rank 1] Loading weights...
2026-04-11 19:04:43 [INFO] [Rank 1] Weights loaded.
2026-04-11 19:04:57 [INFO] [Rank 0] Loading weights...
2026-04-11 19:04:59 [INFO] [Rank 0] Weights loaded.
2026-04-11 19:06:03 [INFO] [Rank 2] Finished. Latency: 63838 ms
2026-04-11 19:06:03 [INFO] [Rank 1] Finished. Latency: 63838 ms
2026-04-11 19:06:03 [INFO] [Rank 0] Finished. Latency: 63839 ms
2026-04-11 19:06:03 [INFO] [Rank 3] Finished. Latency: 63844 ms
2026-04-11 19:06:07 [INFO] Total latency:     63839 ms
2026-04-11 19:06:07 [INFO] Peak 5GB memory:   3798 MB
2026-04-11 19:06:07 [INFO] Avg  5GB memory:   1708 MB
2026-04-11 19:06:07 [INFO] [312/364] Split [18, 8, 4, 2] | Batch: 16 | Microbatch: 4 | Microbatches: 4
2026-04-11 19:06:07 [INFO] Loading WikiText... (SEQ_LEN=64, BATCH=16)
2026-04-11 19:06:20 [INFO] [Rank 3] Loading weights...
2026-04-11 19:06:20 [INFO] [Rank 3] Weights loaded.
2026-04-11 19:06:22 [INFO] [Rank 2] Loading weights...
2026-04-11 19:06:22 [INFO] [Rank 2] Weights loaded.
2026-04-11 19:06:27 [INFO] [Rank 1] Loading weights...
2026-04-11 19:06:29 [INFO] [Rank 1] Weights loaded.
2026-04-11 19:06:43 [INFO] [Rank 0] Loading weights...
2026-04-11 19:06:45 [INFO] [Rank 0] Weights loaded.
2026-04-11 19:08:38 [INFO] [Rank 2] Finished. Latency: 112911 ms
2026-04-11 19:08:38 [INFO] [Rank 1] Finished. Latency: 112911 ms
2026-04-11 19:08:38 [INFO] [Rank 0] Finished. Latency: 112911 ms
2026-04-11 19:08:38 [INFO] [Rank 3] Finished. Latency: 112917 ms
2026-04-11 19:08:42 [INFO] Total latency:     112911 ms
2026-04-11 19:08:42 [INFO] Peak 5GB memory:   1830 MB
2026-04-11 19:08:42 [INFO] Avg  5GB memory:   1324 MB
2026-04-11 19:08:42 [INFO] [313/364] Split [18, 8, 4, 2] | Batch: 16 | Microbatch: 2 | Microbatches: 8
2026-04-11 19:08:42 [INFO] Loading WikiText... (SEQ_LEN=64, BATCH=16)
2026-04-11 19:08:54 [INFO] [Rank 3] Loading weights...
2026-04-11 19:08:55 [INFO] [Rank 3] Weights loaded.
2026-04-11 19:08:56 [INFO] [Rank 2] Loading weights...
2026-04-11 19:08:57 [INFO] [Rank 2] Weights loaded.
2026-04-11 19:09:02 [INFO] [Rank 1] Loading weights...
2026-04-11 19:09:03 [INFO] [Rank 1] Weights loaded.
2026-04-11 19:09:17 [INFO] [Rank 0] Loading weights...
2026-04-11 19:09:19 [INFO] [Rank 0] Weights loaded.
2026-04-11 19:12:55 [INFO] [Rank 2] Finished. Latency: 215480 ms
2026-04-11 19:12:55 [INFO] [Rank 1] Finished. Latency: 215480 ms
2026-04-11 19:12:55 [INFO] [Rank 0] Finished. Latency: 215480 ms
2026-04-11 19:12:55 [INFO] [Rank 3] Finished. Latency: 215484 ms
2026-04-11 19:12:58 [INFO] Total latency:     215480 ms
2026-04-11 19:12:58 [INFO] Peak 5GB memory:   1632 MB
2026-04-11 19:12:58 [INFO] Avg  5GB memory:   1342 MB
2026-04-11 19:12:58 [INFO] [314/364] Split [18, 8, 4, 2] | Batch: 32 | Microbatch: 16 | Microbatches: 2
2026-04-11 19:12:58 [INFO] Loading WikiText... (SEQ_LEN=64, BATCH=32)
2026-04-11 19:13:12 [INFO] [Rank 3] Loading weights...
2026-04-11 19:13:12 [INFO] [Rank 3] Weights loaded.
2026-04-11 19:13:14 [INFO] [Rank 2] Loading weights...
2026-04-11 19:13:14 [INFO] [Rank 2] Weights loaded.
2026-04-11 19:13:19 [INFO] [Rank 1] Loading weights...
2026-04-11 19:13:21 [INFO] [Rank 1] Weights loaded.
2026-04-11 19:13:34 [INFO] [Rank 0] Loading weights...
2026-04-11 19:13:37 [INFO] [Rank 0] Weights loaded.
2026-04-11 19:14:57 [INFO] [Rank 1] Finished. Latency: 80671 ms
2026-04-11 19:14:57 [INFO] [Rank 2] Finished. Latency: 80671 ms
2026-04-11 19:14:57 [INFO] [Rank 0] Finished. Latency: 80671 ms
2026-04-11 19:14:57 [INFO] [Rank 3] Finished. Latency: 80681 ms
2026-04-11 19:15:01 [INFO] Total latency:     80671 ms
2026-04-11 19:15:01 [INFO] Peak 5GB memory:   4864 MB
2026-04-11 19:15:01 [INFO] Avg  5GB memory:   2205 MB
2026-04-11 19:15:01 [INFO] [315/364] Split [18, 8, 4, 2] | Batch: 32 | Microbatch: 8 | Microbatches: 4
2026-04-11 19:15:01 [INFO] Loading WikiText... (SEQ_LEN=64, BATCH=32)
2026-04-11 19:15:14 [INFO] [Rank 3] Loading weights...
2026-04-11 19:15:15 [INFO] [Rank 3] Weights loaded.
2026-04-11 19:15:16 [INFO] [Rank 2] Loading weights...
2026-04-11 19:15:17 [INFO] [Rank 2] Weights loaded.
2026-04-11 19:15:22 [INFO] [Rank 1] Loading weights...
2026-04-11 19:15:23 [INFO] [Rank 1] Weights loaded.
2026-04-11 19:15:37 [INFO] [Rank 0] Loading weights...
2026-04-11 19:15:39 [INFO] [Rank 0] Weights loaded.
2026-04-11 19:17:46 [INFO] [Rank 2] Finished. Latency: 126777 ms
2026-04-11 19:17:46 [INFO] [Rank 1] Finished. Latency: 126777 ms
2026-04-11 19:17:46 [INFO] [Rank 0] Finished. Latency: 126777 ms
2026-04-11 19:17:46 [INFO] [Rank 3] Finished. Latency: 126784 ms
2026-04-11 19:17:50 [INFO] Total latency:     126777 ms
2026-04-11 19:17:50 [INFO] Peak 5GB memory:   4400 MB
2026-04-11 19:17:50 [INFO] Avg  5GB memory:   2043 MB
2026-04-11 19:17:50 [INFO] [316/364] Split [18, 8, 4, 2] | Batch: 32 | Microbatch: 4 | Microbatches: 8
2026-04-11 19:17:50 [INFO] Loading WikiText... (SEQ_LEN=64, BATCH=32)
2026-04-11 19:17:52 [WARNING] '('Connection broken: IncompleteRead(0 bytes read, 732606 more expected)', IncompleteRead(0 bytes read, 732606 more expected))' thrown while requesting GET https://huggingface.co/datasets/wikitext/resolve/b08601e04326c79dfdd32d625aee71d232d685c3/wikitext-2-raw-v1/test-00000-of-00001.parquet
2026-04-11 19:17:52 [WARNING] Retrying in 1s [Retry 1/5].
2026-04-11 19:18:04 [INFO] [Rank 3] Loading weights...
2026-04-11 19:18:05 [INFO] [Rank 3] Weights loaded.
2026-04-11 19:18:06 [INFO] [Rank 2] Loading weights...
2026-04-11 19:18:07 [INFO] [Rank 2] Weights loaded.
2026-04-11 19:18:12 [INFO] [Rank 1] Loading weights...
2026-04-11 19:18:13 [INFO] [Rank 1] Weights loaded.
2026-04-11 19:18:27 [INFO] [Rank 0] Loading weights...
2026-04-11 19:18:29 [INFO] [Rank 0] Weights loaded.
2026-04-11 19:22:14 [INFO] [Rank 2] Finished. Latency: 224084 ms
2026-04-11 19:22:14 [INFO] [Rank 1] Finished. Latency: 224084 ms
2026-04-11 19:22:14 [INFO] [Rank 0] Finished. Latency: 224083 ms
2026-04-11 19:22:14 [INFO] [Rank 3] Finished. Latency: 224089 ms
2026-04-11 19:22:17 [INFO] Total latency:     224083 ms
2026-04-11 19:22:17 [INFO] Peak 5GB memory:   2490 MB
2026-04-11 19:22:17 [INFO] Avg  5GB memory:   1645 MB
2026-04-11 19:22:17 [INFO] [317/364] Split [18, 8, 4, 2] | Batch: 32 | Microbatch: 2 | Microbatches: 16
2026-04-11 19:22:17 [INFO] Loading WikiText... (SEQ_LEN=64, BATCH=32)
2026-04-11 19:22:20 [WARNING] '('Connection broken: IncompleteRead(0 bytes read, 65536 more expected)', IncompleteRead(0 bytes read, 65536 more expected))' thrown while requesting GET https://huggingface.co/datasets/wikitext/resolve/b08601e04326c79dfdd32d625aee71d232d685c3/wikitext-2-raw-v1/test-00000-of-00001.parquet
2026-04-11 19:22:20 [WARNING] Retrying in 1s [Retry 1/5].
2026-04-11 19:22:33 [INFO] [Rank 3] Loading weights...
2026-04-11 19:22:33 [INFO] [Rank 3] Weights loaded.
2026-04-11 19:22:35 [INFO] [Rank 2] Loading weights...
2026-04-11 19:22:35 [INFO] [Rank 2] Weights loaded.
2026-04-11 19:22:40 [INFO] [Rank 1] Loading weights...
2026-04-11 19:22:41 [INFO] [Rank 1] Weights loaded.
2026-04-11 19:22:55 [INFO] [Rank 0] Loading weights...
2026-04-11 19:22:58 [INFO] [Rank 0] Weights loaded.
2026-04-11 19:30:07 [INFO] [Rank 1] Finished. Latency: 429068 ms
2026-04-11 19:30:07 [INFO] [Rank 0] Finished. Latency: 429068 ms
2026-04-11 19:30:07 [INFO] [Rank 2] Finished. Latency: 429068 ms
2026-04-11 19:30:07 [INFO] [Rank 3] Finished. Latency: 429072 ms
2026-04-11 19:30:10 [INFO] Total latency:     429068 ms
2026-04-11 19:30:10 [INFO] Peak 5GB memory:   1920 MB
2026-04-11 19:30:10 [INFO] Avg  5GB memory:   1596 MB
2026-04-11 19:30:10 [INFO] [318/364] Split [18, 8, 4, 2] | Batch: 64 | Microbatch: 32 | Microbatches: 2
2026-04-11 19:30:10 [INFO] Loading WikiText... (SEQ_LEN=64, BATCH=64)
2026-04-11 19:30:24 [INFO] [Rank 3] Loading weights...
2026-04-11 19:30:25 [INFO] [Rank 3] Weights loaded.
2026-04-11 19:30:26 [INFO] [Rank 2] Loading weights...
2026-04-11 19:30:27 [INFO] [Rank 2] Weights loaded.
2026-04-11 19:30:32 [INFO] [Rank 1] Loading weights...
2026-04-11 19:30:33 [INFO] [Rank 1] Weights loaded.
2026-04-11 19:30:47 [INFO] [Rank 0] Loading weights...
2026-04-11 19:30:49 [INFO] [Rank 0] Weights loaded.
2026-04-11 19:32:51 [INFO] [Rank 2] Finished. Latency: 122184 ms
2026-04-11 19:32:51 [INFO] [Rank 1] Finished. Latency: 122184 ms
2026-04-11 19:32:51 [INFO] [Rank 0] Finished. Latency: 122184 ms
2026-04-11 19:32:51 [INFO] [Rank 3] Finished. Latency: 122200 ms
2026-04-11 19:32:55 [INFO] Total latency:     122184 ms
2026-04-11 19:32:55 [INFO] Peak 5GB memory:   4748 MB
2026-04-11 19:32:55 [INFO] Avg  5GB memory:   2623 MB
2026-04-11 19:32:55 [INFO] [319/364] Split [18, 8, 4, 2] | Batch: 64 | Microbatch: 16 | Microbatches: 4
2026-04-11 19:32:55 [INFO] Loading WikiText... (SEQ_LEN=64, BATCH=64)
2026-04-11 19:33:08 [INFO] [Rank 3] Loading weights...
2026-04-11 19:33:08 [INFO] [Rank 3] Weights loaded.
2026-04-11 19:33:09 [INFO] [Rank 2] Loading weights...
2026-04-11 19:33:10 [INFO] [Rank 2] Weights loaded.
2026-04-11 19:33:15 [INFO] [Rank 1] Loading weights...
2026-04-11 19:33:16 [INFO] [Rank 1] Weights loaded.
2026-04-11 19:33:30 [INFO] [Rank 0] Loading weights...
2026-04-11 19:33:33 [INFO] [Rank 0] Weights loaded.
2026-04-11 19:36:15 [INFO] [Rank 2] Finished. Latency: 162079 ms
2026-04-11 19:36:15 [INFO] [Rank 1] Finished. Latency: 162079 ms
2026-04-11 19:36:15 [INFO] [Rank 0] Finished. Latency: 162079 ms
2026-04-11 19:36:15 [INFO] [Rank 3] Finished. Latency: 162089 ms
2026-04-11 19:36:18 [INFO] Total latency:     162079 ms
2026-04-11 19:36:18 [INFO] Peak 5GB memory:   4788 MB
2026-04-11 19:36:18 [INFO] Avg  5GB memory:   2750 MB
2026-04-11 19:36:18 [INFO] [320/364] Split [18, 8, 4, 2] | Batch: 64 | Microbatch: 8 | Microbatches: 8
2026-04-11 19:36:18 [INFO] Loading WikiText... (SEQ_LEN=64, BATCH=64)
2026-04-11 19:36:31 [INFO] [Rank 3] Loading weights...
2026-04-11 19:36:32 [INFO] [Rank 3] Weights loaded.
2026-04-11 19:36:33 [INFO] [Rank 2] Loading weights...
2026-04-11 19:36:34 [INFO] [Rank 2] Weights loaded.
2026-04-11 19:36:39 [INFO] [Rank 1] Loading weights...
2026-04-11 19:36:40 [INFO] [Rank 1] Weights loaded.
2026-04-11 19:36:54 [INFO] [Rank 0] Loading weights...
2026-04-11 19:36:56 [INFO] [Rank 0] Weights loaded.
2026-04-11 19:41:09 [INFO] [Rank 2] Finished. Latency: 252597 ms
2026-04-11 19:41:09 [INFO] [Rank 1] Finished. Latency: 252597 ms
2026-04-11 19:41:09 [INFO] [Rank 0] Finished. Latency: 252597 ms
2026-04-11 19:41:09 [INFO] [Rank 3] Finished. Latency: 252604 ms
2026-04-11 19:41:12 [INFO] Total latency:     252597 ms
2026-04-11 19:41:12 [INFO] Peak 5GB memory:   4770 MB
2026-04-11 19:41:12 [INFO] Avg  5GB memory:   2706 MB
2026-04-11 19:41:12 [INFO] [321/364] Split [18, 8, 4, 2] | Batch: 64 | Microbatch: 4 | Microbatches: 16
2026-04-11 19:41:12 [INFO] Loading WikiText... (SEQ_LEN=64, BATCH=64)
2026-04-11 19:41:15 [WARNING] '('Connection broken: IncompleteRead(0 bytes read, 732606 more expected)', IncompleteRead(0 bytes read, 732606 more expected))' thrown while requesting GET https://huggingface.co/datasets/wikitext/resolve/b08601e04326c79dfdd32d625aee71d232d685c3/wikitext-2-raw-v1/test-00000-of-00001.parquet
2026-04-11 19:41:15 [WARNING] Retrying in 1s [Retry 1/5].
2026-04-11 19:41:28 [INFO] [Rank 3] Loading weights...
2026-04-11 19:41:29 [INFO] [Rank 3] Weights loaded.
2026-04-11 19:41:30 [INFO] [Rank 2] Loading weights...
2026-04-11 19:41:31 [INFO] [Rank 2] Weights loaded.
2026-04-11 19:41:36 [INFO] [Rank 1] Loading weights...
2026-04-11 19:41:37 [INFO] [Rank 1] Weights loaded.
2026-04-11 19:41:51 [INFO] [Rank 0] Loading weights...
2026-04-11 19:41:53 [INFO] [Rank 0] Weights loaded.
2026-04-11 19:49:20 [INFO] [Rank 2] Finished. Latency: 447182 ms
2026-04-11 19:49:20 [INFO] [Rank 1] Finished. Latency: 447182 ms
2026-04-11 19:49:20 [INFO] [Rank 0] Finished. Latency: 447182 ms
2026-04-11 19:49:20 [INFO] [Rank 3] Finished. Latency: 447187 ms
2026-04-11 19:49:24 [INFO] Total latency:     447182 ms
2026-04-11 19:49:24 [INFO] Peak 5GB memory:   3792 MB
2026-04-11 19:49:24 [INFO] Avg  5GB memory:   2242 MB
2026-04-11 19:49:24 [INFO] [322/364] Split [18, 8, 4, 2] | Batch: 64 | Microbatch: 2 | Microbatches: 32
2026-04-11 19:49:24 [INFO] Loading WikiText... (SEQ_LEN=64, BATCH=64)
2026-04-11 19:49:27 [WARNING] '('Connection broken: IncompleteRead(0 bytes read, 732606 more expected)', IncompleteRead(0 bytes read, 732606 more expected))' thrown while requesting GET https://huggingface.co/datasets/wikitext/resolve/b08601e04326c79dfdd32d625aee71d232d685c3/wikitext-2-raw-v1/test-00000-of-00001.parquet
2026-04-11 19:49:27 [WARNING] Retrying in 1s [Retry 1/5].
2026-04-11 19:49:30 [WARNING] '('Connection broken: IncompleteRead(0 bytes read, 732606 more expected)', IncompleteRead(0 bytes read, 732606 more expected))' thrown while requesting GET https://huggingface.co/datasets/wikitext/resolve/b08601e04326c79dfdd32d625aee71d232d685c3/wikitext-2-raw-v1/test-00000-of-00001.parquet
2026-04-11 19:49:30 [WARNING] Retrying in 2s [Retry 2/5].
2026-04-11 19:49:43 [INFO] [Rank 3] Loading weights...
2026-04-11 19:49:44 [INFO] [Rank 3] Weights loaded.
2026-04-11 19:49:45 [INFO] [Rank 2] Loading weights...
2026-04-11 19:49:46 [INFO] [Rank 2] Weights loaded.
2026-04-11 19:49:51 [INFO] [Rank 1] Loading weights...
2026-04-11 19:49:52 [INFO] [Rank 1] Weights loaded.
2026-04-11 19:50:06 [INFO] [Rank 0] Loading weights...
2026-04-11 19:50:09 [INFO] [Rank 0] Weights loaded.
2026-04-11 20:04:26 [INFO] [Rank 1] Finished. Latency: 857685 ms
2026-04-11 20:04:26 [INFO] [Rank 2] Finished. Latency: 857685 ms
2026-04-11 20:04:26 [INFO] [Rank 0] Finished. Latency: 857685 ms
2026-04-11 20:04:26 [INFO] [Rank 3] Finished. Latency: 857689 ms
2026-04-11 20:04:30 [INFO] Total latency:     857685 ms
2026-04-11 20:04:30 [INFO] Peak 5GB memory:   2640 MB
2026-04-11 20:04:30 [INFO] Avg  5GB memory:   2068 MB
2026-04-11 20:04:30 [INFO] [323/364] Split [18, 8, 5, 1] | Batch: 8 | Microbatch: 4 | Microbatches: 2
2026-04-11 20:04:30 [INFO] Loading WikiText... (SEQ_LEN=64, BATCH=8)
2026-04-11 20:04:41 [INFO] [Rank 3] Loading weights...
2026-04-11 20:04:42 [INFO] [Rank 3] Weights loaded.
2026-04-11 20:04:46 [INFO] [Rank 2] Loading weights...
2026-04-11 20:04:47 [INFO] [Rank 2] Weights loaded.
2026-04-11 20:04:50 [INFO] [Rank 1] Loading weights...
2026-04-11 20:04:51 [INFO] [Rank 1] Weights loaded.
2026-04-11 20:05:05 [INFO] [Rank 0] Loading weights...
2026-04-11 20:05:08 [INFO] [Rank 0] Weights loaded.
2026-04-11 20:06:05 [INFO] [Rank 0] Finished. Latency: 56751 ms
2026-04-11 20:06:05 [INFO] [Rank 1] Finished. Latency: 56751 ms
2026-04-11 20:06:05 [INFO] [Rank 2] Finished. Latency: 56751 ms
2026-04-11 20:06:05 [INFO] [Rank 3] Finished. Latency: 56754 ms
2026-04-11 20:06:08 [INFO] Total latency:     56751 ms
2026-04-11 20:06:08 [INFO] Peak 5GB memory:   1246 MB
2026-04-11 20:06:08 [INFO] Avg  5GB memory:   766 MB
2026-04-11 20:06:08 [INFO] [324/364] Split [18, 8, 5, 1] | Batch: 8 | Microbatch: 2 | Microbatches: 4
2026-04-11 20:06:08 [INFO] Loading WikiText... (SEQ_LEN=64, BATCH=8)
2026-04-11 20:06:20 [INFO] [Rank 3] Loading weights...
2026-04-11 20:06:20 [INFO] [Rank 3] Weights loaded.
2026-04-11 20:06:24 [INFO] [Rank 2] Loading weights...
2026-04-11 20:06:25 [INFO] [Rank 2] Weights loaded.
2026-04-11 20:06:29 [INFO] [Rank 1] Loading weights...
2026-04-11 20:06:30 [INFO] [Rank 1] Weights loaded.
2026-04-11 20:06:44 [INFO] [Rank 0] Loading weights...
2026-04-11 20:06:46 [INFO] [Rank 0] Weights loaded.
2026-04-11 20:08:34 [INFO] [Rank 1] Finished. Latency: 107626 ms
2026-04-11 20:08:34 [INFO] [Rank 2] Finished. Latency: 107626 ms
2026-04-11 20:08:34 [INFO] [Rank 0] Finished. Latency: 107626 ms
2026-04-11 20:08:34 [INFO] [Rank 3] Finished. Latency: 107628 ms
2026-04-11 20:08:38 [INFO] Total latency:     107626 ms
2026-04-11 20:08:38 [INFO] Peak 5GB memory:   996 MB
2026-04-11 20:08:38 [INFO] Avg  5GB memory:   789 MB
2026-04-11 20:08:38 [INFO] [325/364] Split [18, 8, 5, 1] | Batch: 16 | Microbatch: 8 | Microbatches: 2
2026-04-11 20:08:38 [INFO] Loading WikiText... (SEQ_LEN=64, BATCH=16)
2026-04-11 20:08:49 [INFO] [Rank 3] Loading weights...
2026-04-11 20:08:50 [INFO] [Rank 3] Weights loaded.
2026-04-11 20:08:54 [INFO] [Rank 2] Loading weights...
2026-04-11 20:08:55 [INFO] [Rank 2] Weights loaded.
2026-04-11 20:08:59 [INFO] [Rank 1] Loading weights...
2026-04-11 20:09:00 [INFO] [Rank 1] Weights loaded.
2026-04-11 20:09:14 [INFO] [Rank 0] Loading weights...
2026-04-11 20:09:16 [INFO] [Rank 0] Weights loaded.
2026-04-11 20:10:19 [INFO] [Rank 2] Finished. Latency: 63462 ms
2026-04-11 20:10:19 [INFO] [Rank 1] Finished. Latency: 63462 ms
2026-04-11 20:10:19 [INFO] [Rank 0] Finished. Latency: 63462 ms
2026-04-11 20:10:19 [INFO] [Rank 3] Finished. Latency: 63466 ms
2026-04-11 20:10:23 [INFO] Total latency:     63462 ms
2026-04-11 20:10:23 [INFO] Peak 5GB memory:   2236 MB
2026-04-11 20:10:23 [INFO] Avg  5GB memory:   1076 MB
2026-04-11 20:10:23 [INFO] [326/364] Split [18, 8, 5, 1] | Batch: 16 | Microbatch: 4 | Microbatches: 4
2026-04-11 20:10:23 [INFO] Loading WikiText... (SEQ_LEN=64, BATCH=16)
2026-04-11 20:10:34 [INFO] [Rank 3] Loading weights...
2026-04-11 20:10:34 [INFO] [Rank 3] Weights loaded.
2026-04-11 20:10:39 [INFO] [Rank 2] Loading weights...
2026-04-11 20:10:40 [INFO] [Rank 2] Weights loaded.
2026-04-11 20:10:43 [INFO] [Rank 1] Loading weights...
2026-04-11 20:10:44 [INFO] [Rank 1] Weights loaded.
2026-04-11 20:10:58 [INFO] [Rank 0] Loading weights...
2026-04-11 20:11:00 [INFO] [Rank 0] Weights loaded.
2026-04-11 20:12:52 [INFO] [Rank 2] Finished. Latency: 112066 ms
2026-04-11 20:12:52 [INFO] [Rank 0] Finished. Latency: 112066 ms
2026-04-11 20:12:52 [INFO] [Rank 1] Finished. Latency: 112066 ms
2026-04-11 20:12:52 [INFO] [Rank 3] Finished. Latency: 112069 ms
2026-04-11 20:12:56 [INFO] Total latency:     112066 ms
2026-04-11 20:12:56 [INFO] Peak 5GB memory:   1084 MB
2026-04-11 20:12:56 [INFO] Avg  5GB memory:   860 MB
2026-04-11 20:12:56 [INFO] [327/364] Split [18, 8, 5, 1] | Batch: 16 | Microbatch: 2 | Microbatches: 8
2026-04-11 20:12:56 [INFO] Loading WikiText... (SEQ_LEN=64, BATCH=16)
2026-04-11 20:13:08 [INFO] [Rank 3] Loading weights...
2026-04-11 20:13:08 [INFO] [Rank 3] Weights loaded.
2026-04-11 20:13:12 [INFO] [Rank 2] Loading weights...
2026-04-11 20:13:13 [INFO] [Rank 2] Weights loaded.
2026-04-11 20:13:17 [INFO] [Rank 1] Loading weights...
2026-04-11 20:13:18 [INFO] [Rank 1] Weights loaded.
2026-04-11 20:13:32 [INFO] [Rank 0] Loading weights...
2026-04-11 20:13:34 [INFO] [Rank 0] Weights loaded.
2026-04-11 20:17:09 [INFO] [Rank 2] Finished. Latency: 214692 ms
2026-04-11 20:17:09 [INFO] [Rank 1] Finished. Latency: 214692 ms
2026-04-11 20:17:09 [INFO] [Rank 0] Finished. Latency: 214692 ms
2026-04-11 20:17:09 [INFO] [Rank 3] Finished. Latency: 214694 ms
2026-04-11 20:17:13 [INFO] Total latency:     214692 ms
2026-04-11 20:17:13 [INFO] Peak 5GB memory:   994 MB
2026-04-11 20:17:13 [INFO] Avg  5GB memory:   872 MB
2026-04-11 20:17:13 [INFO] [328/364] Split [18, 8, 5, 1] | Batch: 32 | Microbatch: 16 | Microbatches: 2
2026-04-11 20:17:13 [INFO] Loading WikiText... (SEQ_LEN=64, BATCH=32)
2026-04-11 20:17:15 [WARNING] '('Connection broken: IncompleteRead(0 bytes read, 732606 more expected)', IncompleteRead(0 bytes read, 732606 more expected))' thrown while requesting GET https://huggingface.co/datasets/wikitext/resolve/b08601e04326c79dfdd32d625aee71d232d685c3/wikitext-2-raw-v1/test-00000-of-00001.parquet
2026-04-11 20:17:15 [WARNING] Retrying in 1s [Retry 1/5].
2026-04-11 20:17:27 [INFO] [Rank 3] Loading weights...
2026-04-11 20:17:27 [INFO] [Rank 3] Weights loaded.
2026-04-11 20:17:31 [INFO] [Rank 2] Loading weights...
2026-04-11 20:17:32 [INFO] [Rank 2] Weights loaded.
2026-04-11 20:17:36 [INFO] [Rank 1] Loading weights...
2026-04-11 20:17:37 [INFO] [Rank 1] Weights loaded.
2026-04-11 20:17:51 [INFO] [Rank 0] Loading weights...
2026-04-11 20:17:53 [INFO] [Rank 0] Weights loaded.
2026-04-11 20:19:14 [INFO] [Rank 1] Finished. Latency: 80542 ms
2026-04-11 20:19:14 [INFO] [Rank 0] Finished. Latency: 80542 ms
2026-04-11 20:19:14 [INFO] [Rank 2] Finished. Latency: 80542 ms
2026-04-11 20:19:14 [INFO] [Rank 3] Finished. Latency: 80547 ms
2026-04-11 20:19:18 [INFO] Total latency:     80542 ms
2026-04-11 20:19:18 [INFO] Peak 5GB memory:   4678 MB
2026-04-11 20:19:18 [INFO] Avg  5GB memory:   1765 MB
2026-04-11 20:19:18 [INFO] [329/364] Split [18, 8, 5, 1] | Batch: 32 | Microbatch: 8 | Microbatches: 4
2026-04-11 20:19:18 [INFO] Loading WikiText... (SEQ_LEN=64, BATCH=32)
2026-04-11 20:19:20 [WARNING] '('Connection broken: IncompleteRead(0 bytes read, 732606 more expected)', IncompleteRead(0 bytes read, 732606 more expected))' thrown while requesting GET https://huggingface.co/datasets/wikitext/resolve/b08601e04326c79dfdd32d625aee71d232d685c3/wikitext-2-raw-v1/test-00000-of-00001.parquet
2026-04-11 20:19:20 [WARNING] Retrying in 1s [Retry 1/5].
2026-04-11 20:19:22 [WARNING] '('Connection broken: IncompleteRead(0 bytes read, 732606 more expected)', IncompleteRead(0 bytes read, 732606 more expected))' thrown while requesting GET https://huggingface.co/datasets/wikitext/resolve/b08601e04326c79dfdd32d625aee71d232d685c3/wikitext-2-raw-v1/test-00000-of-00001.parquet
2026-04-11 20:19:22 [WARNING] Retrying in 2s [Retry 2/5].
2026-04-11 20:19:34 [INFO] [Rank 3] Loading weights...
2026-04-11 20:19:35 [INFO] [Rank 3] Weights loaded.
2026-04-11 20:19:39 [INFO] [Rank 2] Loading weights...
2026-04-11 20:19:40 [INFO] [Rank 2] Weights loaded.
2026-04-11 20:19:44 [INFO] [Rank 1] Loading weights...
2026-04-11 20:19:45 [INFO] [Rank 1] Weights loaded.
2026-04-11 20:19:59 [INFO] [Rank 0] Loading weights...
2026-04-11 20:20:01 [INFO] [Rank 0] Weights loaded.
2026-04-11 20:22:07 [INFO] [Rank 1] Finished. Latency: 126419 ms
2026-04-11 20:22:07 [INFO] [Rank 2] Finished. Latency: 126419 ms
2026-04-11 20:22:07 [INFO] [Rank 0] Finished. Latency: 126419 ms
2026-04-11 20:22:07 [INFO] [Rank 3] Finished. Latency: 126423 ms
2026-04-11 20:22:11 [INFO] Total latency:     126419 ms
2026-04-11 20:22:11 [INFO] Peak 5GB memory:   3432 MB
2026-04-11 20:22:11 [INFO] Avg  5GB memory:   1534 MB
2026-04-11 20:22:11 [INFO] [330/364] Split [18, 8, 5, 1] | Batch: 32 | Microbatch: 4 | Microbatches: 8
2026-04-11 20:22:11 [INFO] Loading WikiText... (SEQ_LEN=64, BATCH=32)
2026-04-11 20:22:14 [WARNING] '('Connection broken: IncompleteRead(0 bytes read, 732606 more expected)', IncompleteRead(0 bytes read, 732606 more expected))' thrown while requesting GET https://huggingface.co/datasets/wikitext/resolve/b08601e04326c79dfdd32d625aee71d232d685c3/wikitext-2-raw-v1/test-00000-of-00001.parquet
2026-04-11 20:22:14 [WARNING] Retrying in 1s [Retry 1/5].
2026-04-11 20:22:25 [INFO] [Rank 3] Loading weights...
2026-04-11 20:22:25 [INFO] [Rank 3] Weights loaded.
2026-04-11 20:22:30 [INFO] [Rank 2] Loading weights...
2026-04-11 20:22:30 [INFO] [Rank 2] Weights loaded.
2026-04-11 20:22:34 [INFO] [Rank 1] Loading weights...
2026-04-11 20:22:35 [INFO] [Rank 1] Weights loaded.
2026-04-11 20:22:49 [INFO] [Rank 0] Loading weights...
2026-04-11 20:22:51 [INFO] [Rank 0] Weights loaded.
2026-04-11 20:26:35 [INFO] [Rank 1] Finished. Latency: 223317 ms
2026-04-11 20:26:35 [INFO] [Rank 2] Finished. Latency: 223317 ms
2026-04-11 20:26:35 [INFO] [Rank 0] Finished. Latency: 223317 ms
2026-04-11 20:26:35 [INFO] [Rank 3] Finished. Latency: 223320 ms
2026-04-11 20:26:38 [INFO] Total latency:     223317 ms
2026-04-11 20:26:38 [INFO] Peak 5GB memory:   1464 MB
2026-04-11 20:26:38 [INFO] Avg  5GB memory:   1032 MB
2026-04-11 20:26:38 [INFO] [331/364] Split [18, 8, 5, 1] | Batch: 32 | Microbatch: 2 | Microbatches: 16
2026-04-11 20:26:38 [INFO] Loading WikiText... (SEQ_LEN=64, BATCH=32)
2026-04-11 20:26:50 [INFO] [Rank 3] Loading weights...
2026-04-11 20:26:51 [INFO] [Rank 3] Weights loaded.
2026-04-11 20:26:55 [INFO] [Rank 2] Loading weights...
2026-04-11 20:26:56 [INFO] [Rank 2] Weights loaded.
2026-04-11 20:27:00 [INFO] [Rank 1] Loading weights...
2026-04-11 20:27:01 [INFO] [Rank 1] Weights loaded.
2026-04-11 20:27:15 [INFO] [Rank 0] Loading weights...
2026-04-11 20:27:17 [INFO] [Rank 0] Weights loaded.
2026-04-11 20:34:25 [INFO] [Rank 0] Finished. Latency: 427667 ms
2026-04-11 20:34:25 [INFO] [Rank 2] Finished. Latency: 427667 ms
2026-04-11 20:34:25 [INFO] [Rank 1] Finished. Latency: 427667 ms
2026-04-11 20:34:25 [INFO] [Rank 3] Finished. Latency: 427670 ms
2026-04-11 20:34:28 [INFO] Total latency:     427667 ms
2026-04-11 20:34:28 [INFO] Peak 5GB memory:   1180 MB
2026-04-11 20:34:28 [INFO] Avg  5GB memory:   1006 MB
2026-04-11 20:34:28 [INFO] [332/364] Split [18, 8, 5, 1] | Batch: 64 | Microbatch: 32 | Microbatches: 2
2026-04-11 20:34:28 [INFO] Loading WikiText... (SEQ_LEN=64, BATCH=64)
2026-04-11 20:34:40 [INFO] [Rank 3] Loading weights...
2026-04-11 20:34:40 [INFO] [Rank 3] Weights loaded.
2026-04-11 20:34:45 [INFO] [Rank 2] Loading weights...
2026-04-11 20:34:46 [INFO] [Rank 2] Weights loaded.
2026-04-11 20:34:49 [INFO] [Rank 1] Loading weights...
2026-04-11 20:34:50 [INFO] [Rank 1] Weights loaded.
2026-04-11 20:35:04 [INFO] [Rank 0] Loading weights...
2026-04-11 20:35:06 [INFO] [Rank 0] Weights loaded.
2026-04-11 20:36:51 [ERROR] [Rank 2] OOM
2026-04-11 20:36:51 [ERROR] [Rank 3] Unexpected exception:
Traceback (most recent call last):
  File "/home/anurag_dutt/scripts/benchmark_pipeline_microbatching.py", line 545, in run_pipeline
    decode_recv_handles[mb_idx].wait()
  File "/home/anurag_dutt/scripts/mig_transport_pipeline_non_blocking.py", line 121, in wait
    _ORIGINAL_SEND(
  File "/home/anurag_dutt/scripts/mig_env/lib/python3.10/site-packages/torch/distributed/c10d_logger.py", line 81, in wrapper
    return func(*args, **kwargs)
  File "/home/anurag_dutt/scripts/mig_env/lib/python3.10/site-packages/torch/distributed/distributed_c10d.py", line 2496, in send
    work.wait()
RuntimeError: [/pytorch/third_party/gloo/gloo/transport/tcp/pair.cc:547] Connection closed by peer [10.128.0.8]:49869

2026-04-11 20:36:51 [ERROR] [Rank 0] Unexpected exception:
Traceback (most recent call last):
  File "/home/anurag_dutt/scripts/benchmark_pipeline_microbatching.py", line 576, in run_pipeline
    dist.recv(next_tokens, src=world_size - 1, tag=tok_tag)
  File "/home/anurag_dutt/scripts/mig_transport_pipeline_non_blocking.py", line 407, in patched_recv
    return _MIG_PIPE_ENGINE.recv(tensor, src, group=group, tag=tag)
  File "/home/anurag_dutt/scripts/mig_transport_pipeline_non_blocking.py", line 281, in recv
    _ORIGINAL_RECV(handshake, src=src, group=group, tag=tag)
  File "/home/anurag_dutt/scripts/mig_env/lib/python3.10/site-packages/torch/distributed/c10d_logger.py", line 81, in wrapper
    return func(*args, **kwargs)
  File "/home/anurag_dutt/scripts/mig_env/lib/python3.10/site-packages/torch/distributed/distributed_c10d.py", line 2529, in recv
    work.wait()
RuntimeError: [/pytorch/third_party/gloo/gloo/transport/tcp/pair.cc:547] Connection closed by peer [10.128.0.8]:13715

2026-04-11 20:36:51 [ERROR] [Rank 1] Unexpected exception:
Traceback (most recent call last):
  File "/home/anurag_dutt/scripts/benchmark_pipeline_microbatching.py", line 545, in run_pipeline
    decode_recv_handles[mb_idx].wait()
  File "/home/anurag_dutt/scripts/mig_transport_pipeline_non_blocking.py", line 113, in wait
    self._dist_handle.wait()
RuntimeError: [/pytorch/third_party/gloo/gloo/transport/tcp/pair.cc:547] Connection closed by peer [10.128.0.8]:50923

2026-04-11 20:36:55 [WARNING] OOM on Rank 2 — skipping.
2026-04-11 20:36:55 [INFO] [333/364] Split [18, 8, 5, 1] | Batch: 64 | Microbatch: 16 | Microbatches: 4
2026-04-11 20:36:55 [INFO] Loading WikiText... (SEQ_LEN=64, BATCH=64)
2026-04-11 20:36:57 [WARNING] '('Connection broken: IncompleteRead(0 bytes read, 732606 more expected)', IncompleteRead(0 bytes read, 732606 more expected))' thrown while requesting GET https://huggingface.co/datasets/wikitext/resolve/b08601e04326c79dfdd32d625aee71d232d685c3/wikitext-2-raw-v1/test-00000-of-00001.parquet
2026-04-11 20:36:57 [WARNING] Retrying in 1s [Retry 1/5].
2026-04-11 20:37:09 [INFO] [Rank 3] Loading weights...
2026-04-11 20:37:09 [INFO] [Rank 3] Weights loaded.
2026-04-11 20:37:13 [INFO] [Rank 2] Loading weights...
2026-04-11 20:37:14 [INFO] [Rank 2] Weights loaded.
2026-04-11 20:37:18 [INFO] [Rank 1] Loading weights...
2026-04-11 20:37:19 [INFO] [Rank 1] Weights loaded.
2026-04-11 20:37:33 [INFO] [Rank 0] Loading weights...
2026-04-11 20:37:35 [INFO] [Rank 0] Weights loaded.
2026-04-11 20:40:00 [ERROR] [Rank 2] OOM
2026-04-11 20:40:00 [ERROR] [Rank 1] Unexpected exception:
Traceback (most recent call last):
  File "/home/anurag_dutt/scripts/benchmark_pipeline_microbatching.py", line 568, in run_pipeline
    h.wait()
  File "/home/anurag_dutt/scripts/mig_transport_pipeline_non_blocking.py", line 79, in wait
    _ORIGINAL_RECV(
  File "/home/anurag_dutt/scripts/mig_env/lib/python3.10/site-packages/torch/distributed/c10d_logger.py", line 81, in wrapper
    return func(*args, **kwargs)
  File "/home/anurag_dutt/scripts/mig_env/lib/python3.10/site-packages/torch/distributed/distributed_c10d.py", line 2529, in recv
    work.wait()
RuntimeError: [/pytorch/third_party/gloo/gloo/transport/tcp/pair.cc:547] Connection closed by peer [10.128.0.8]:2462

2026-04-11 20:40:00 [ERROR] [Rank 3] Unexpected exception:
Traceback (most recent call last):
  File "/home/anurag_dutt/scripts/benchmark_pipeline_microbatching.py", line 545, in run_pipeline
    decode_recv_handles[mb_idx].wait()
  File "/home/anurag_dutt/scripts/mig_transport_pipeline_non_blocking.py", line 121, in wait
    _ORIGINAL_SEND(
  File "/home/anurag_dutt/scripts/mig_env/lib/python3.10/site-packages/torch/distributed/c10d_logger.py", line 81, in wrapper
    return func(*args, **kwargs)
  File "/home/anurag_dutt/scripts/mig_env/lib/python3.10/site-packages/torch/distributed/distributed_c10d.py", line 2496, in send
    work.wait()
RuntimeError: [/pytorch/third_party/gloo/gloo/transport/tcp/pair.cc:547] Connection closed by peer [10.128.0.8]:2462

2026-04-11 20:40:00 [ERROR] [Rank 0] Unexpected exception:
Traceback (most recent call last):
  File "/home/anurag_dutt/scripts/benchmark_pipeline_microbatching.py", line 576, in run_pipeline
    dist.recv(next_tokens, src=world_size - 1, tag=tok_tag)
  File "/home/anurag_dutt/scripts/mig_transport_pipeline_non_blocking.py", line 407, in patched_recv
    return _MIG_PIPE_ENGINE.recv(tensor, src, group=group, tag=tag)
  File "/home/anurag_dutt/scripts/mig_transport_pipeline_non_blocking.py", line 281, in recv
    _ORIGINAL_RECV(handshake, src=src, group=group, tag=tag)
  File "/home/anurag_dutt/scripts/mig_env/lib/python3.10/site-packages/torch/distributed/c10d_logger.py", line 81, in wrapper
    return func(*args, **kwargs)
  File "/home/anurag_dutt/scripts/mig_env/lib/python3.10/site-packages/torch/distributed/distributed_c10d.py", line 2529, in recv
    work.wait()
RuntimeError: [/pytorch/third_party/gloo/gloo/transport/tcp/pair.cc:547] Connection closed by peer [10.128.0.8]:37060

2026-04-11 20:40:04 [WARNING] OOM on Rank 2 — skipping.
2026-04-11 20:40:04 [INFO] [334/364] Split [18, 8, 5, 1] | Batch: 64 | Microbatch: 8 | Microbatches: 8
2026-04-11 20:40:04 [INFO] Loading WikiText... (SEQ_LEN=64, BATCH=64)
2026-04-11 20:40:06 [WARNING] '('Connection broken: IncompleteRead(0 bytes read, 65536 more expected)', IncompleteRead(0 bytes read, 65536 more expected))' thrown while requesting GET https://huggingface.co/datasets/wikitext/resolve/b08601e04326c79dfdd32d625aee71d232d685c3/wikitext-2-raw-v1/test-00000-of-00001.parquet
2026-04-11 20:40:06 [WARNING] Retrying in 1s [Retry 1/5].
2026-04-11 20:40:18 [INFO] [Rank 3] Loading weights...
2026-04-11 20:40:18 [INFO] [Rank 3] Weights loaded.
2026-04-11 20:40:23 [INFO] [Rank 2] Loading weights...
2026-04-11 20:40:23 [INFO] [Rank 2] Weights loaded.
2026-04-11 20:40:27 [INFO] [Rank 1] Loading weights...
2026-04-11 20:40:28 [INFO] [Rank 1] Weights loaded.
2026-04-11 20:40:42 [INFO] [Rank 0] Loading weights...
2026-04-11 20:40:44 [INFO] [Rank 0] Weights loaded.
2026-04-11 20:44:24 [ERROR] [Rank 2] OOM
2026-04-11 20:44:24 [ERROR] [Rank 3] Unexpected exception:
Traceback (most recent call last):
  File "/home/anurag_dutt/scripts/benchmark_pipeline_microbatching.py", line 545, in run_pipeline
    decode_recv_handles[mb_idx].wait()
  File "/home/anurag_dutt/scripts/mig_transport_pipeline_non_blocking.py", line 121, in wait
    _ORIGINAL_SEND(
  File "/home/anurag_dutt/scripts/mig_env/lib/python3.10/site-packages/torch/distributed/c10d_logger.py", line 81, in wrapper
    return func(*args, **kwargs)
  File "/home/anurag_dutt/scripts/mig_env/lib/python3.10/site-packages/torch/distributed/distributed_c10d.py", line 2496, in send
    work.wait()
RuntimeError: [/pytorch/third_party/gloo/gloo/transport/tcp/pair.cc:547] Connection closed by peer [10.128.0.8]:29610

2026-04-11 20:44:24 [ERROR] [Rank 0] Unexpected exception:
Traceback (most recent call last):
  File "/home/anurag_dutt/scripts/benchmark_pipeline_microbatching.py", line 576, in run_pipeline
    dist.recv(next_tokens, src=world_size - 1, tag=tok_tag)
  File "/home/anurag_dutt/scripts/mig_transport_pipeline_non_blocking.py", line 407, in patched_recv
    return _MIG_PIPE_ENGINE.recv(tensor, src, group=group, tag=tag)
  File "/home/anurag_dutt/scripts/mig_transport_pipeline_non_blocking.py", line 281, in recv
    _ORIGINAL_RECV(handshake, src=src, group=group, tag=tag)
  File "/home/anurag_dutt/scripts/mig_env/lib/python3.10/site-packages/torch/distributed/c10d_logger.py", line 81, in wrapper
    return func(*args, **kwargs)
  File "/home/anurag_dutt/scripts/mig_env/lib/python3.10/site-packages/torch/distributed/distributed_c10d.py", line 2529, in recv
    work.wait()
RuntimeError: [/pytorch/third_party/gloo/gloo/transport/tcp/pair.cc:547] Connection closed by peer [10.128.0.8]:57040

2026-04-11 20:44:24 [ERROR] [Rank 1] Unexpected exception:
Traceback (most recent call last):
  File "/home/anurag_dutt/scripts/benchmark_pipeline_microbatching.py", line 545, in run_pipeline
    decode_recv_handles[mb_idx].wait()
  File "/home/anurag_dutt/scripts/mig_transport_pipeline_non_blocking.py", line 113, in wait
    self._dist_handle.wait()
RuntimeError: [/pytorch/third_party/gloo/gloo/transport/tcp/pair.cc:547] Connection closed by peer [10.128.0.8]:19378

2026-04-11 20:44:27 [WARNING] OOM on Rank 2 — skipping.
2026-04-11 20:44:27 [INFO] [335/364] Split [18, 8, 5, 1] | Batch: 64 | Microbatch: 4 | Microbatches: 16
2026-04-11 20:44:27 [INFO] Loading WikiText... (SEQ_LEN=64, BATCH=64)
2026-04-11 20:44:30 [WARNING] '('Connection broken: IncompleteRead(0 bytes read, 65536 more expected)', IncompleteRead(0 bytes read, 65536 more expected))' thrown while requesting GET https://huggingface.co/datasets/wikitext/resolve/b08601e04326c79dfdd32d625aee71d232d685c3/wikitext-2-raw-v1/test-00000-of-00001.parquet
2026-04-11 20:44:30 [WARNING] Retrying in 1s [Retry 1/5].
2026-04-11 20:44:41 [INFO] [Rank 3] Loading weights...
2026-04-11 20:44:42 [INFO] [Rank 3] Weights loaded.
2026-04-11 20:44:46 [INFO] [Rank 2] Loading weights...
2026-04-11 20:44:47 [INFO] [Rank 2] Weights loaded.
2026-04-11 20:44:50 [INFO] [Rank 1] Loading weights...
2026-04-11 20:44:52 [INFO] [Rank 1] Weights loaded.
2026-04-11 20:45:06 [INFO] [Rank 0] Loading weights...
2026-04-11 20:45:08 [INFO] [Rank 0] Weights loaded.
2026-04-11 20:50:42 [ERROR] [Rank 2] OOM
2026-04-11 20:50:42 [ERROR] [Rank 1] Unexpected exception:
Traceback (most recent call last):
  File "/home/anurag_dutt/scripts/benchmark_pipeline_microbatching.py", line 568, in run_pipeline
    h.wait()
  File "/home/anurag_dutt/scripts/mig_transport_pipeline_non_blocking.py", line 79, in wait
    _ORIGINAL_RECV(
  File "/home/anurag_dutt/scripts/mig_env/lib/python3.10/site-packages/torch/distributed/c10d_logger.py", line 81, in wrapper
    return func(*args, **kwargs)
  File "/home/anurag_dutt/scripts/mig_env/lib/python3.10/site-packages/torch/distributed/distributed_c10d.py", line 2529, in recv
    work.wait()
RuntimeError: [/pytorch/third_party/gloo/gloo/transport/tcp/pair.cc:547] Connection closed by peer [10.128.0.8]:64735

2026-04-11 20:50:42 [ERROR] [Rank 3] Unexpected exception:
Traceback (most recent call last):
  File "/home/anurag_dutt/scripts/benchmark_pipeline_microbatching.py", line 545, in run_pipeline
    decode_recv_handles[mb_idx].wait()
  File "/home/anurag_dutt/scripts/mig_transport_pipeline_non_blocking.py", line 113, in wait
    self._dist_handle.wait()
RuntimeError: [/pytorch/third_party/gloo/gloo/transport/tcp/pair.cc:547] Connection closed by peer [10.128.0.8]:49303

2026-04-11 20:50:42 [ERROR] [Rank 0] Unexpected exception:
Traceback (most recent call last):
  File "/home/anurag_dutt/scripts/benchmark_pipeline_microbatching.py", line 576, in run_pipeline
    dist.recv(next_tokens, src=world_size - 1, tag=tok_tag)
  File "/home/anurag_dutt/scripts/mig_transport_pipeline_non_blocking.py", line 407, in patched_recv
    return _MIG_PIPE_ENGINE.recv(tensor, src, group=group, tag=tag)
  File "/home/anurag_dutt/scripts/mig_transport_pipeline_non_blocking.py", line 281, in recv
    _ORIGINAL_RECV(handshake, src=src, group=group, tag=tag)
  File "/home/anurag_dutt/scripts/mig_env/lib/python3.10/site-packages/torch/distributed/c10d_logger.py", line 81, in wrapper
    return func(*args, **kwargs)
  File "/home/anurag_dutt/scripts/mig_env/lib/python3.10/site-packages/torch/distributed/distributed_c10d.py", line 2529, in recv
    work.wait()
RuntimeError: [/pytorch/third_party/gloo/gloo/transport/tcp/pair.cc:547] Connection closed by peer [10.128.0.8]:35722

2026-04-11 20:50:46 [WARNING] OOM on Rank 2 — skipping.
2026-04-11 20:50:46 [INFO] [336/364] Split [18, 8, 5, 1] | Batch: 64 | Microbatch: 2 | Microbatches: 32
2026-04-11 20:50:46 [INFO] Loading WikiText... (SEQ_LEN=64, BATCH=64)
2026-04-11 20:50:58 [INFO] [Rank 3] Loading weights...
2026-04-11 20:50:58 [INFO] [Rank 3] Weights loaded.
2026-04-11 20:51:07 [INFO] [Rank 1] Loading weights...
2026-04-11 20:51:08 [INFO] [Rank 1] Weights loaded.
2026-04-11 20:51:11 [INFO] [Rank 2] Loading weights...
2026-04-11 20:51:12 [INFO] [Rank 2] Weights loaded.
2026-04-11 20:51:22 [INFO] [Rank 0] Loading weights...
2026-04-11 20:51:24 [INFO] [Rank 0] Weights loaded.
2026-04-11 21:01:26 [ERROR] [Rank 2] OOM
2026-04-11 21:01:26 [ERROR] [Rank 1] Unexpected exception:
Traceback (most recent call last):
  File "/home/anurag_dutt/scripts/benchmark_pipeline_microbatching.py", line 568, in run_pipeline
    h.wait()
  File "/home/anurag_dutt/scripts/mig_transport_pipeline_non_blocking.py", line 79, in wait
    _ORIGINAL_RECV(
  File "/home/anurag_dutt/scripts/mig_env/lib/python3.10/site-packages/torch/distributed/c10d_logger.py", line 81, in wrapper
    return func(*args, **kwargs)
  File "/home/anurag_dutt/scripts/mig_env/lib/python3.10/site-packages/torch/distributed/distributed_c10d.py", line 2529, in recv
    work.wait()
RuntimeError: [/pytorch/third_party/gloo/gloo/transport/tcp/pair.cc:547] Connection closed by peer [10.128.0.8]:37518

2026-04-11 21:01:26 [ERROR] [Rank 3] Unexpected exception:
Traceback (most recent call last):
  File "/home/anurag_dutt/scripts/benchmark_pipeline_microbatching.py", line 545, in run_pipeline
    decode_recv_handles[mb_idx].wait()
  File "/home/anurag_dutt/scripts/mig_transport_pipeline_non_blocking.py", line 121, in wait
    _ORIGINAL_SEND(
  File "/home/anurag_dutt/scripts/mig_env/lib/python3.10/site-packages/torch/distributed/c10d_logger.py", line 81, in wrapper
    return func(*args, **kwargs)
  File "/home/anurag_dutt/scripts/mig_env/lib/python3.10/site-packages/torch/distributed/distributed_c10d.py", line 2496, in send
    work.wait()
RuntimeError: [/pytorch/third_party/gloo/gloo/transport/tcp/pair.cc:547] Connection closed by peer [10.128.0.8]:38277

2026-04-11 21:01:26 [ERROR] [Rank 0] Unexpected exception:
Traceback (most recent call last):
  File "/home/anurag_dutt/scripts/benchmark_pipeline_microbatching.py", line 576, in run_pipeline
    dist.recv(next_tokens, src=world_size - 1, tag=tok_tag)
  File "/home/anurag_dutt/scripts/mig_transport_pipeline_non_blocking.py", line 407, in patched_recv
    return _MIG_PIPE_ENGINE.recv(tensor, src, group=group, tag=tag)
  File "/home/anurag_dutt/scripts/mig_transport_pipeline_non_blocking.py", line 281, in recv
    _ORIGINAL_RECV(handshake, src=src, group=group, tag=tag)
  File "/home/anurag_dutt/scripts/mig_env/lib/python3.10/site-packages/torch/distributed/c10d_logger.py", line 81, in wrapper
    return func(*args, **kwargs)
  File "/home/anurag_dutt/scripts/mig_env/lib/python3.10/site-packages/torch/distributed/distributed_c10d.py", line 2529, in recv
    work.wait()
RuntimeError: [/pytorch/third_party/gloo/gloo/transport/tcp/pair.cc:547] Connection closed by peer [10.128.0.8]:58547

2026-04-11 21:01:30 [WARNING] OOM on Rank 2 — skipping.
2026-04-11 21:01:30 [INFO] [337/364] Split [18, 9, 3, 2] | Batch: 8 | Microbatch: 4 | Microbatches: 2
2026-04-11 21:01:30 [INFO] Loading WikiText... (SEQ_LEN=64, BATCH=8)
2026-04-11 21:01:33 [WARNING] '('Connection broken: IncompleteRead(0 bytes read, 732606 more expected)', IncompleteRead(0 bytes read, 732606 more expected))' thrown while requesting GET https://huggingface.co/datasets/wikitext/resolve/b08601e04326c79dfdd32d625aee71d232d685c3/wikitext-2-raw-v1/test-00000-of-00001.parquet
2026-04-11 21:01:33 [WARNING] Retrying in 1s [Retry 1/5].
2026-04-11 21:01:45 [INFO] [Rank 3] Loading weights...
2026-04-11 21:01:46 [INFO] [Rank 2] Loading weights...
2026-04-11 21:01:46 [INFO] [Rank 3] Weights loaded.
2026-04-11 21:01:46 [INFO] [Rank 2] Weights loaded.
2026-04-11 21:01:54 [INFO] [Rank 1] Loading weights...
2026-04-11 21:01:56 [INFO] [Rank 1] Weights loaded.
2026-04-11 21:02:08 [INFO] [Rank 0] Loading weights...
2026-04-11 21:02:10 [INFO] [Rank 0] Weights loaded.
2026-04-11 21:03:06 [INFO] [Rank 2] Finished. Latency: 55317 ms
2026-04-11 21:03:06 [INFO] [Rank 0] Finished. Latency: 55317 ms
2026-04-11 21:03:06 [INFO] [Rank 1] Finished. Latency: 55317 ms
2026-04-11 21:03:06 [INFO] [Rank 3] Finished. Latency: 55322 ms
2026-04-11 21:03:09 [INFO] Total latency:     55317 ms
2026-04-11 21:03:09 [INFO] Peak 5GB memory:   1632 MB
2026-04-11 21:03:09 [INFO] Avg  5GB memory:   1149 MB
2026-04-11 21:03:09 [INFO] [338/364] Split [18, 9, 3, 2] | Batch: 8 | Microbatch: 2 | Microbatches: 4
2026-04-11 21:03:09 [INFO] Loading WikiText... (SEQ_LEN=64, BATCH=8)
2026-04-11 21:03:22 [INFO] [Rank 3] Loading weights...
2026-04-11 21:03:23 [INFO] [Rank 2] Loading weights...
2026-04-11 21:03:23 [INFO] [Rank 3] Weights loaded.
2026-04-11 21:03:23 [INFO] [Rank 2] Weights loaded.
2026-04-11 21:03:31 [INFO] [Rank 1] Loading weights...
2026-04-11 21:03:33 [INFO] [Rank 1] Weights loaded.
2026-04-11 21:03:45 [INFO] [Rank 0] Loading weights...
2026-04-11 21:03:47 [INFO] [Rank 0] Weights loaded.
2026-04-11 21:05:33 [INFO] [Rank 1] Finished. Latency: 105511 ms
2026-04-11 21:05:33 [INFO] [Rank 0] Finished. Latency: 105511 ms
2026-04-11 21:05:33 [INFO] [Rank 2] Finished. Latency: 105511 ms
2026-04-11 21:05:33 [INFO] [Rank 3] Finished. Latency: 105515 ms
2026-04-11 21:05:37 [INFO] Total latency:     105511 ms
2026-04-11 21:05:37 [INFO] Peak 5GB memory:   1382 MB
2026-04-11 21:05:37 [INFO] Avg  5GB memory:   1188 MB
2026-04-11 21:05:37 [INFO] [339/364] Split [18, 9, 3, 2] | Batch: 16 | Microbatch: 8 | Microbatches: 2
2026-04-11 21:05:37 [INFO] Loading WikiText... (SEQ_LEN=64, BATCH=16)
2026-04-11 21:05:49 [INFO] [Rank 3] Loading weights...
2026-04-11 21:05:50 [INFO] [Rank 2] Loading weights...
2026-04-11 21:05:50 [INFO] [Rank 3] Weights loaded.
2026-04-11 21:05:51 [INFO] [Rank 2] Weights loaded.
2026-04-11 21:05:59 [INFO] [Rank 1] Loading weights...
2026-04-11 21:06:00 [INFO] [Rank 1] Weights loaded.
2026-04-11 21:06:12 [INFO] [Rank 0] Loading weights...
2026-04-11 21:06:15 [INFO] [Rank 0] Weights loaded.
2026-04-11 21:07:16 [INFO] [Rank 1] Finished. Latency: 61812 ms
2026-04-11 21:07:16 [INFO] [Rank 2] Finished. Latency: 61812 ms
2026-04-11 21:07:16 [INFO] [Rank 0] Finished. Latency: 61812 ms
2026-04-11 21:07:16 [INFO] [Rank 3] Finished. Latency: 61819 ms
2026-04-11 21:07:20 [INFO] Total latency:     61812 ms
2026-04-11 21:07:20 [INFO] Peak 5GB memory:   3798 MB
2026-04-11 21:07:20 [INFO] Avg  5GB memory:   1699 MB
2026-04-11 21:07:20 [INFO] [340/364] Split [18, 9, 3, 2] | Batch: 16 | Microbatch: 4 | Microbatches: 4
2026-04-11 21:07:20 [INFO] Loading WikiText... (SEQ_LEN=64, BATCH=16)
2026-04-11 21:07:32 [INFO] [Rank 3] Loading weights...
2026-04-11 21:07:33 [INFO] [Rank 2] Loading weights...
2026-04-11 21:07:33 [INFO] [Rank 3] Weights loaded.
2026-04-11 21:07:33 [INFO] [Rank 2] Weights loaded.
2026-04-11 21:07:41 [INFO] [Rank 1] Loading weights...
2026-04-11 21:07:43 [INFO] [Rank 1] Weights loaded.
2026-04-11 21:07:55 [INFO] [Rank 0] Loading weights...
2026-04-11 21:07:57 [INFO] [Rank 0] Weights loaded.
2026-04-11 21:09:47 [INFO] [Rank 2] Finished. Latency: 109574 ms
2026-04-11 21:09:47 [INFO] [Rank 1] Finished. Latency: 109574 ms
2026-04-11 21:09:47 [INFO] [Rank 0] Finished. Latency: 109574 ms
2026-04-11 21:09:47 [INFO] [Rank 3] Finished. Latency: 109580 ms
2026-04-11 21:09:51 [INFO] Total latency:     109574 ms
2026-04-11 21:09:51 [INFO] Peak 5GB memory:   1830 MB
2026-04-11 21:09:51 [INFO] Avg  5GB memory:   1326 MB
2026-04-11 21:09:51 [INFO] [341/364] Split [18, 9, 3, 2] | Batch: 16 | Microbatch: 2 | Microbatches: 8
2026-04-11 21:09:51 [INFO] Loading WikiText... (SEQ_LEN=64, BATCH=16)
2026-04-11 21:10:03 [INFO] [Rank 3] Loading weights...
2026-04-11 21:10:03 [INFO] [Rank 2] Loading weights...
2026-04-11 21:10:04 [INFO] [Rank 3] Weights loaded.
2026-04-11 21:10:04 [INFO] [Rank 2] Weights loaded.
2026-04-11 21:10:12 [INFO] [Rank 1] Loading weights...
2026-04-11 21:10:13 [INFO] [Rank 1] Weights loaded.
2026-04-11 21:10:26 [INFO] [Rank 0] Loading weights...
2026-04-11 21:10:28 [INFO] [Rank 0] Weights loaded.
2026-04-11 21:13:57 [INFO] [Rank 2] Finished. Latency: 208446 ms
2026-04-11 21:13:57 [INFO] [Rank 1] Finished. Latency: 208446 ms
2026-04-11 21:13:57 [INFO] [Rank 0] Finished. Latency: 208446 ms
2026-04-11 21:13:57 [INFO] [Rank 3] Finished. Latency: 208451 ms
2026-04-11 21:14:00 [INFO] Total latency:     208446 ms
2026-04-11 21:14:00 [INFO] Peak 5GB memory:   1558 MB
2026-04-11 21:14:00 [INFO] Avg  5GB memory:   1337 MB
2026-04-11 21:14:00 [INFO] [342/364] Split [18, 9, 3, 2] | Batch: 32 | Microbatch: 16 | Microbatches: 2
2026-04-11 21:14:00 [INFO] Loading WikiText... (SEQ_LEN=64, BATCH=32)
2026-04-11 21:14:14 [INFO] [Rank 3] Loading weights...
2026-04-11 21:14:14 [INFO] [Rank 2] Loading weights...
2026-04-11 21:14:14 [INFO] [Rank 3] Weights loaded.
2026-04-11 21:14:15 [INFO] [Rank 2] Weights loaded.
2026-04-11 21:14:23 [INFO] [Rank 1] Loading weights...
2026-04-11 21:14:24 [INFO] [Rank 1] Weights loaded.
2026-04-11 21:14:36 [INFO] [Rank 0] Loading weights...
2026-04-11 21:14:39 [INFO] [Rank 0] Weights loaded.
2026-04-11 21:15:57 [INFO] [Rank 2] Finished. Latency: 78478 ms
2026-04-11 21:15:57 [INFO] [Rank 1] Finished. Latency: 78478 ms
2026-04-11 21:15:57 [INFO] [Rank 0] Finished. Latency: 78478 ms
2026-04-11 21:15:57 [INFO] [Rank 3] Finished. Latency: 78488 ms
2026-04-11 21:16:01 [INFO] Total latency:     78478 ms
2026-04-11 21:16:01 [INFO] Peak 5GB memory:   4864 MB
2026-04-11 21:16:01 [INFO] Avg  5GB memory:   2182 MB
2026-04-11 21:16:01 [INFO] [343/364] Split [18, 9, 3, 2] | Batch: 32 | Microbatch: 8 | Microbatches: 4
2026-04-11 21:16:01 [INFO] Loading WikiText... (SEQ_LEN=64, BATCH=32)
2026-04-11 21:16:13 [INFO] [Rank 3] Loading weights...
2026-04-11 21:16:14 [INFO] [Rank 2] Loading weights...
2026-04-11 21:16:14 [INFO] [Rank 3] Weights loaded.
2026-04-11 21:16:15 [INFO] [Rank 2] Weights loaded.
2026-04-11 21:16:23 [INFO] [Rank 1] Loading weights...
2026-04-11 21:16:24 [INFO] [Rank 1] Weights loaded.
2026-04-11 21:16:36 [INFO] [Rank 0] Loading weights...
2026-04-11 21:16:38 [INFO] [Rank 0] Weights loaded.
2026-04-11 21:18:42 [INFO] [Rank 1] Finished. Latency: 123169 ms
2026-04-11 21:18:42 [INFO] [Rank 2] Finished. Latency: 123169 ms
2026-04-11 21:18:42 [INFO] [Rank 0] Finished. Latency: 123169 ms
2026-04-11 21:18:42 [INFO] [Rank 3] Finished. Latency: 123176 ms
2026-04-11 21:18:45 [INFO] Total latency:     123169 ms
2026-04-11 21:18:45 [INFO] Peak 5GB memory:   4400 MB
2026-04-11 21:18:45 [INFO] Avg  5GB memory:   2049 MB
2026-04-11 21:18:45 [INFO] [344/364] Split [18, 9, 3, 2] | Batch: 32 | Microbatch: 4 | Microbatches: 8
2026-04-11 21:18:45 [INFO] Loading WikiText... (SEQ_LEN=64, BATCH=32)
2026-04-11 21:18:58 [INFO] [Rank 3] Loading weights...
2026-04-11 21:18:59 [INFO] [Rank 2] Loading weights...
2026-04-11 21:18:59 [INFO] [Rank 3] Weights loaded.
2026-04-11 21:18:59 [INFO] [Rank 2] Weights loaded.
2026-04-11 21:19:07 [INFO] [Rank 1] Loading weights...
2026-04-11 21:19:09 [INFO] [Rank 1] Weights loaded.
2026-04-11 21:19:21 [INFO] [Rank 0] Loading weights...
2026-04-11 21:19:23 [INFO] [Rank 0] Weights loaded.
2026-04-11 21:23:01 [INFO] [Rank 0] Finished. Latency: 217766 ms
2026-04-11 21:23:01 [INFO] [Rank 1] Finished. Latency: 217766 ms
2026-04-11 21:23:01 [INFO] [Rank 2] Finished. Latency: 217766 ms
2026-04-11 21:23:01 [INFO] [Rank 3] Finished. Latency: 217771 ms
2026-04-11 21:23:05 [INFO] Total latency:     217766 ms
2026-04-11 21:23:05 [INFO] Peak 5GB memory:   2490 MB
2026-04-11 21:23:05 [INFO] Avg  5GB memory:   1639 MB
2026-04-11 21:23:05 [INFO] [345/364] Split [18, 9, 3, 2] | Batch: 32 | Microbatch: 2 | Microbatches: 16
2026-04-11 21:23:05 [INFO] Loading WikiText... (SEQ_LEN=64, BATCH=32)
2026-04-11 21:23:18 [INFO] [Rank 3] Loading weights...
2026-04-11 21:23:19 [INFO] [Rank 2] Loading weights...
2026-04-11 21:23:19 [INFO] [Rank 3] Weights loaded.
2026-04-11 21:23:19 [INFO] [Rank 2] Weights loaded.
2026-04-11 21:23:27 [INFO] [Rank 1] Loading weights...
2026-04-11 21:23:28 [INFO] [Rank 1] Weights loaded.
2026-04-11 21:23:41 [INFO] [Rank 0] Loading weights...
2026-04-11 21:23:43 [INFO] [Rank 0] Weights loaded.
2026-04-11 21:30:42 [INFO] [Rank 2] Finished. Latency: 419299 ms
2026-04-11 21:30:42 [INFO] [Rank 1] Finished. Latency: 419299 ms
2026-04-11 21:30:42 [INFO] [Rank 0] Finished. Latency: 419299 ms
2026-04-11 21:30:42 [INFO] [Rank 3] Finished. Latency: 419303 ms
2026-04-11 21:30:46 [INFO] Total latency:     419299 ms
2026-04-11 21:30:46 [INFO] Peak 5GB memory:   1920 MB
2026-04-11 21:30:46 [INFO] Avg  5GB memory:   1593 MB
2026-04-11 21:30:46 [INFO] [346/364] Split [18, 9, 3, 2] | Batch: 64 | Microbatch: 32 | Microbatches: 2
2026-04-11 21:30:46 [INFO] Loading WikiText... (SEQ_LEN=64, BATCH=64)
2026-04-11 21:31:00 [INFO] [Rank 3] Loading weights...
2026-04-11 21:31:00 [INFO] [Rank 2] Loading weights...
2026-04-11 21:31:00 [INFO] [Rank 3] Weights loaded.
2026-04-11 21:31:01 [INFO] [Rank 2] Weights loaded.
2026-04-11 21:31:09 [INFO] [Rank 1] Loading weights...
2026-04-11 21:31:10 [INFO] [Rank 1] Weights loaded.
2026-04-11 21:31:22 [INFO] [Rank 0] Loading weights...
2026-04-11 21:31:25 [INFO] [Rank 0] Weights loaded.
2026-04-11 21:33:24 [INFO] [Rank 1] Finished. Latency: 119077 ms
2026-04-11 21:33:24 [INFO] [Rank 2] Finished. Latency: 119077 ms
2026-04-11 21:33:24 [INFO] [Rank 0] Finished. Latency: 119077 ms
2026-04-11 21:33:24 [INFO] [Rank 3] Finished. Latency: 119094 ms
2026-04-11 21:33:28 [INFO] Total latency:     119077 ms
2026-04-11 21:33:28 [INFO] Peak 5GB memory:   4838 MB
2026-04-11 21:33:28 [INFO] Avg  5GB memory:   2642 MB
2026-04-11 21:33:28 [INFO] [347/364] Split [18, 9, 3, 2] | Batch: 64 | Microbatch: 16 | Microbatches: 4
2026-04-11 21:33:28 [INFO] Loading WikiText... (SEQ_LEN=64, BATCH=64)
2026-04-11 21:33:40 [INFO] [Rank 3] Loading weights...
2026-04-11 21:33:41 [INFO] [Rank 2] Loading weights...
2026-04-11 21:33:41 [INFO] [Rank 3] Weights loaded.
2026-04-11 21:33:41 [INFO] [Rank 2] Weights loaded.
2026-04-11 21:33:49 [INFO] [Rank 1] Loading weights...
2026-04-11 21:33:51 [INFO] [Rank 1] Weights loaded.
2026-04-11 21:34:03 [INFO] [Rank 0] Loading weights...
2026-04-11 21:34:05 [INFO] [Rank 0] Weights loaded.
2026-04-11 21:36:43 [INFO] [Rank 2] Finished. Latency: 157662 ms
2026-04-11 21:36:43 [INFO] [Rank 1] Finished. Latency: 157662 ms
2026-04-11 21:36:43 [INFO] [Rank 0] Finished. Latency: 157662 ms
2026-04-11 21:36:43 [INFO] [Rank 3] Finished. Latency: 157672 ms
2026-04-11 21:36:47 [INFO] Total latency:     157662 ms
2026-04-11 21:36:47 [INFO] Peak 5GB memory:   4788 MB
2026-04-11 21:36:47 [INFO] Avg  5GB memory:   2735 MB
2026-04-11 21:36:47 [INFO] [348/364] Split [18, 9, 3, 2] | Batch: 64 | Microbatch: 8 | Microbatches: 8
2026-04-11 21:36:47 [INFO] Loading WikiText... (SEQ_LEN=64, BATCH=64)
2026-04-11 21:36:49 [WARNING] '('Connection broken: IncompleteRead(0 bytes read, 732606 more expected)', IncompleteRead(0 bytes read, 732606 more expected))' thrown while requesting GET https://huggingface.co/datasets/wikitext/resolve/b08601e04326c79dfdd32d625aee71d232d685c3/wikitext-2-raw-v1/test-00000-of-00001.parquet
2026-04-11 21:36:49 [WARNING] Retrying in 1s [Retry 1/5].
2026-04-11 21:37:02 [INFO] [Rank 3] Loading weights...
2026-04-11 21:37:03 [INFO] [Rank 2] Loading weights...
2026-04-11 21:37:03 [INFO] [Rank 3] Weights loaded.
2026-04-11 21:37:03 [INFO] [Rank 2] Weights loaded.
2026-04-11 21:37:11 [INFO] [Rank 1] Loading weights...
2026-04-11 21:37:13 [INFO] [Rank 1] Weights loaded.
2026-04-11 21:37:25 [INFO] [Rank 0] Loading weights...
2026-04-11 21:37:27 [INFO] [Rank 0] Weights loaded.
2026-04-11 21:41:33 [INFO] [Rank 2] Finished. Latency: 245832 ms
2026-04-11 21:41:33 [INFO] [Rank 1] Finished. Latency: 245832 ms
2026-04-11 21:41:33 [INFO] [Rank 0] Finished. Latency: 245832 ms
2026-04-11 21:41:33 [INFO] [Rank 3] Finished. Latency: 245838 ms
2026-04-11 21:41:37 [INFO] Total latency:     245832 ms
2026-04-11 21:41:37 [INFO] Peak 5GB memory:   4770 MB
2026-04-11 21:41:37 [INFO] Avg  5GB memory:   2705 MB
2026-04-11 21:41:37 [INFO] [349/364] Split [18, 9, 3, 2] | Batch: 64 | Microbatch: 4 | Microbatches: 16
2026-04-11 21:41:37 [INFO] Loading WikiText... (SEQ_LEN=64, BATCH=64)
2026-04-11 21:41:49 [INFO] [Rank 3] Loading weights...
2026-04-11 21:41:50 [INFO] [Rank 2] Loading weights...
2026-04-11 21:41:50 [INFO] [Rank 3] Weights loaded.
2026-04-11 21:41:50 [INFO] [Rank 2] Weights loaded.
2026-04-11 21:41:59 [INFO] [Rank 1] Loading weights...
2026-04-11 21:42:00 [INFO] [Rank 1] Weights loaded.
2026-04-11 21:42:12 [INFO] [Rank 0] Loading weights...
2026-04-11 21:42:14 [INFO] [Rank 0] Weights loaded.
2026-04-11 21:49:27 [INFO] [Rank 2] Finished. Latency: 432822 ms
2026-04-11 21:49:27 [INFO] [Rank 1] Finished. Latency: 432822 ms
2026-04-11 21:49:27 [INFO] [Rank 0] Finished. Latency: 432822 ms
2026-04-11 21:49:27 [INFO] [Rank 3] Finished. Latency: 432827 ms
2026-04-11 21:49:31 [INFO] Total latency:     432822 ms
2026-04-11 21:49:31 [INFO] Peak 5GB memory:   3792 MB
2026-04-11 21:49:31 [INFO] Avg  5GB memory:   2235 MB
2026-04-11 21:49:31 [INFO] [350/364] Split [18, 9, 3, 2] | Batch: 64 | Microbatch: 2 | Microbatches: 32
2026-04-11 21:49:31 [INFO] Loading WikiText... (SEQ_LEN=64, BATCH=64)
2026-04-11 21:49:44 [INFO] [Rank 3] Loading weights...
2026-04-11 21:49:45 [INFO] [Rank 2] Loading weights...
2026-04-11 21:49:45 [INFO] [Rank 3] Weights loaded.
2026-04-11 21:49:46 [INFO] [Rank 2] Weights loaded.
2026-04-11 21:49:54 [INFO] [Rank 1] Loading weights...
2026-04-11 21:49:55 [INFO] [Rank 1] Weights loaded.
2026-04-11 21:50:07 [INFO] [Rank 0] Loading weights...
2026-04-11 21:50:10 [INFO] [Rank 0] Weights loaded.
2026-04-11 22:04:07 [INFO] [Rank 2] Finished. Latency: 836855 ms
2026-04-11 22:04:07 [INFO] [Rank 1] Finished. Latency: 836855 ms
2026-04-11 22:04:07 [INFO] [Rank 0] Finished. Latency: 836855 ms
2026-04-11 22:04:07 [INFO] [Rank 3] Finished. Latency: 836859 ms
2026-04-11 22:04:10 [INFO] Total latency:     836855 ms
2026-04-11 22:04:10 [INFO] Peak 5GB memory:   2640 MB
2026-04-11 22:04:10 [INFO] Avg  5GB memory:   2067 MB
2026-04-11 22:04:10 [INFO] [351/364] Split [18, 9, 4, 1] | Batch: 8 | Microbatch: 4 | Microbatches: 2
2026-04-11 22:04:10 [INFO] Loading WikiText... (SEQ_LEN=64, BATCH=8)
2026-04-11 22:04:22 [INFO] [Rank 3] Loading weights...
2026-04-11 22:04:23 [INFO] [Rank 3] Weights loaded.
2026-04-11 22:04:26 [INFO] [Rank 2] Loading weights...
2026-04-11 22:04:26 [INFO] [Rank 2] Weights loaded.
2026-04-11 22:04:33 [INFO] [Rank 1] Loading weights...
2026-04-11 22:04:34 [INFO] [Rank 1] Weights loaded.
2026-04-11 22:04:46 [INFO] [Rank 0] Loading weights...
2026-04-11 22:04:49 [INFO] [Rank 0] Weights loaded.
2026-04-11 22:05:45 [INFO] [Rank 2] Finished. Latency: 55722 ms
2026-04-11 22:05:45 [INFO] [Rank 1] Finished. Latency: 55722 ms
2026-04-11 22:05:45 [INFO] [Rank 0] Finished. Latency: 55722 ms
2026-04-11 22:05:45 [INFO] [Rank 3] Finished. Latency: 55726 ms
2026-04-11 22:05:48 [INFO] Total latency:     55722 ms
2026-04-11 22:05:48 [INFO] Peak 5GB memory:   964 MB
2026-04-11 22:05:48 [INFO] Avg  5GB memory:   759 MB
2026-04-11 22:05:48 [INFO] [352/364] Split [18, 9, 4, 1] | Batch: 8 | Microbatch: 2 | Microbatches: 4
2026-04-11 22:05:48 [INFO] Loading WikiText... (SEQ_LEN=64, BATCH=8)
2026-04-11 22:05:59 [INFO] [Rank 3] Loading weights...
2026-04-11 22:06:00 [INFO] [Rank 3] Weights loaded.
2026-04-11 22:06:03 [INFO] [Rank 2] Loading weights...
2026-04-11 22:06:03 [INFO] [Rank 2] Weights loaded.
2026-04-11 22:06:10 [INFO] [Rank 1] Loading weights...
2026-04-11 22:06:11 [INFO] [Rank 1] Weights loaded.
2026-04-11 22:06:23 [INFO] [Rank 0] Loading weights...
2026-04-11 22:06:26 [INFO] [Rank 0] Weights loaded.
2026-04-11 22:08:11 [INFO] [Rank 1] Finished. Latency: 105009 ms
2026-04-11 22:08:11 [INFO] [Rank 2] Finished. Latency: 105009 ms
2026-04-11 22:08:11 [INFO] [Rank 0] Finished. Latency: 105009 ms
2026-04-11 22:08:11 [INFO] [Rank 3] Finished. Latency: 105012 ms
2026-04-11 22:08:15 [INFO] Total latency:     105009 ms
2026-04-11 22:08:15 [INFO] Peak 5GB memory:   1246 MB
2026-04-11 22:08:15 [INFO] Avg  5GB memory:   790 MB
2026-04-11 22:08:15 [INFO] [353/364] Split [18, 9, 4, 1] | Batch: 16 | Microbatch: 8 | Microbatches: 2
2026-04-11 22:08:15 [INFO] Loading WikiText... (SEQ_LEN=64, BATCH=16)
2026-04-11 22:08:26 [INFO] [Rank 3] Loading weights...
2026-04-11 22:08:27 [INFO] [Rank 3] Weights loaded.
2026-04-11 22:08:29 [INFO] [Rank 2] Loading weights...
2026-04-11 22:08:30 [INFO] [Rank 2] Weights loaded.
2026-04-11 22:08:37 [INFO] [Rank 1] Loading weights...
2026-04-11 22:08:38 [INFO] [Rank 1] Weights loaded.
2026-04-11 22:08:50 [INFO] [Rank 0] Loading weights...
2026-04-11 22:08:52 [INFO] [Rank 0] Weights loaded.
2026-04-11 22:09:54 [INFO] [Rank 2] Finished. Latency: 61861 ms
2026-04-11 22:09:54 [INFO] [Rank 0] Finished. Latency: 61861 ms
2026-04-11 22:09:54 [INFO] [Rank 1] Finished. Latency: 61861 ms
2026-04-11 22:09:54 [INFO] [Rank 3] Finished. Latency: 61865 ms
2026-04-11 22:09:58 [INFO] Total latency:     61861 ms
2026-04-11 22:09:58 [INFO] Peak 5GB memory:   2236 MB
2026-04-11 22:09:58 [INFO] Avg  5GB memory:   1068 MB
2026-04-11 22:09:58 [INFO] [354/364] Split [18, 9, 4, 1] | Batch: 16 | Microbatch: 4 | Microbatches: 4
2026-04-11 22:09:58 [INFO] Loading WikiText... (SEQ_LEN=64, BATCH=16)
2026-04-11 22:10:10 [INFO] [Rank 3] Loading weights...
2026-04-11 22:10:10 [INFO] [Rank 3] Weights loaded.
2026-04-11 22:10:13 [INFO] [Rank 2] Loading weights...
2026-04-11 22:10:14 [INFO] [Rank 2] Weights loaded.
2026-04-11 22:10:20 [INFO] [Rank 1] Loading weights...
2026-04-11 22:10:21 [INFO] [Rank 1] Weights loaded.
2026-04-11 22:10:34 [INFO] [Rank 0] Loading weights...
2026-04-11 22:10:36 [INFO] [Rank 0] Weights loaded.
2026-04-11 22:12:26 [INFO] [Rank 0] Finished. Latency: 109611 ms
2026-04-11 22:12:26 [INFO] [Rank 2] Finished. Latency: 109611 ms
2026-04-11 22:12:26 [INFO] [Rank 1] Finished. Latency: 109611 ms
2026-04-11 22:12:26 [INFO] [Rank 3] Finished. Latency: 109614 ms
2026-04-11 22:12:30 [INFO] Total latency:     109611 ms
2026-04-11 22:12:30 [INFO] Peak 5GB memory:   1084 MB
2026-04-11 22:12:30 [INFO] Avg  5GB memory:   853 MB
2026-04-11 22:12:30 [INFO] [355/364] Split [18, 9, 4, 1] | Batch: 16 | Microbatch: 2 | Microbatches: 8
2026-04-11 22:12:30 [INFO] Loading WikiText... (SEQ_LEN=64, BATCH=16)
2026-04-11 22:12:41 [INFO] [Rank 3] Loading weights...
2026-04-11 22:12:41 [INFO] [Rank 3] Weights loaded.
2026-04-11 22:12:44 [INFO] [Rank 2] Loading weights...
2026-04-11 22:12:45 [INFO] [Rank 2] Weights loaded.
2026-04-11 22:12:51 [INFO] [Rank 1] Loading weights...
2026-04-11 22:12:53 [INFO] [Rank 1] Weights loaded.
2026-04-11 22:13:05 [INFO] [Rank 0] Loading weights...
2026-04-11 22:13:07 [INFO] [Rank 0] Weights loaded.
2026-04-11 22:16:37 [INFO] [Rank 2] Finished. Latency: 209422 ms
2026-04-11 22:16:37 [INFO] [Rank 1] Finished. Latency: 209422 ms
2026-04-11 22:16:37 [INFO] [Rank 0] Finished. Latency: 209422 ms
2026-04-11 22:16:37 [INFO] [Rank 3] Finished. Latency: 209425 ms
2026-04-11 22:16:41 [INFO] Total latency:     209422 ms
2026-04-11 22:16:41 [INFO] Peak 5GB memory:   1246 MB
2026-04-11 22:16:41 [INFO] Avg  5GB memory:   873 MB
2026-04-11 22:16:41 [INFO] [356/364] Split [18, 9, 4, 1] | Batch: 32 | Microbatch: 16 | Microbatches: 2
2026-04-11 22:16:41 [INFO] Loading WikiText... (SEQ_LEN=64, BATCH=32)
2026-04-11 22:16:53 [INFO] [Rank 3] Loading weights...
2026-04-11 22:16:53 [INFO] [Rank 3] Weights loaded.
2026-04-11 22:16:56 [INFO] [Rank 2] Loading weights...
2026-04-11 22:16:57 [INFO] [Rank 2] Weights loaded.
2026-04-11 22:17:03 [INFO] [Rank 1] Loading weights...
2026-04-11 22:17:05 [INFO] [Rank 1] Weights loaded.
2026-04-11 22:17:17 [INFO] [Rank 0] Loading weights...
2026-04-11 22:17:19 [INFO] [Rank 0] Weights loaded.
2026-04-11 22:18:38 [INFO] [Rank 1] Finished. Latency: 78358 ms
2026-04-11 22:18:38 [INFO] [Rank 2] Finished. Latency: 78358 ms
2026-04-11 22:18:38 [INFO] [Rank 0] Finished. Latency: 78358 ms
2026-04-11 22:18:38 [INFO] [Rank 3] Finished. Latency: 78363 ms
2026-04-11 22:18:41 [INFO] Total latency:     78358 ms
2026-04-11 22:18:41 [INFO] Peak 5GB memory:   4678 MB
2026-04-11 22:18:41 [INFO] Avg  5GB memory:   1741 MB
2026-04-11 22:18:41 [INFO] [357/364] Split [18, 9, 4, 1] | Batch: 32 | Microbatch: 8 | Microbatches: 4
2026-04-11 22:18:41 [INFO] Loading WikiText... (SEQ_LEN=64, BATCH=32)
2026-04-11 22:18:53 [INFO] [Rank 3] Loading weights...
2026-04-11 22:18:53 [INFO] [Rank 3] Weights loaded.
2026-04-11 22:18:56 [INFO] [Rank 2] Loading weights...
2026-04-11 22:18:57 [INFO] [Rank 2] Weights loaded.
2026-04-11 22:19:03 [INFO] [Rank 1] Loading weights...
2026-04-11 22:19:05 [INFO] [Rank 1] Weights loaded.
2026-04-11 22:19:17 [INFO] [Rank 0] Loading weights...
2026-04-11 22:19:19 [INFO] [Rank 0] Weights loaded.
2026-04-11 22:21:22 [INFO] [Rank 1] Finished. Latency: 123209 ms
2026-04-11 22:21:22 [INFO] [Rank 2] Finished. Latency: 123209 ms
2026-04-11 22:21:22 [INFO] [Rank 0] Finished. Latency: 123209 ms
2026-04-11 22:21:22 [INFO] [Rank 3] Finished. Latency: 123213 ms
2026-04-11 22:21:26 [INFO] Total latency:     123209 ms
2026-04-11 22:21:26 [INFO] Peak 5GB memory:   3432 MB
2026-04-11 22:21:26 [INFO] Avg  5GB memory:   1522 MB
2026-04-11 22:21:26 [INFO] [358/364] Split [18, 9, 4, 1] | Batch: 32 | Microbatch: 4 | Microbatches: 8
2026-04-11 22:21:26 [INFO] Loading WikiText... (SEQ_LEN=64, BATCH=32)
2026-04-11 22:21:37 [INFO] [Rank 3] Loading weights...
2026-04-11 22:21:38 [INFO] [Rank 3] Weights loaded.
2026-04-11 22:21:41 [INFO] [Rank 2] Loading weights...
2026-04-11 22:21:42 [INFO] [Rank 2] Weights loaded.
2026-04-11 22:21:48 [INFO] [Rank 1] Loading weights...
2026-04-11 22:21:49 [INFO] [Rank 1] Weights loaded.
2026-04-11 22:22:02 [INFO] [Rank 0] Loading weights...
2026-04-11 22:22:04 [INFO] [Rank 0] Weights loaded.
2026-04-11 22:25:42 [INFO] [Rank 2] Finished. Latency: 218096 ms
2026-04-11 22:25:42 [INFO] [Rank 1] Finished. Latency: 218096 ms
2026-04-11 22:25:42 [INFO] [Rank 0] Finished. Latency: 218096 ms
2026-04-11 22:25:42 [INFO] [Rank 3] Finished. Latency: 218099 ms
2026-04-11 22:25:46 [INFO] Total latency:     218096 ms
2026-04-11 22:25:46 [INFO] Peak 5GB memory:   1464 MB
2026-04-11 22:25:46 [INFO] Avg  5GB memory:   1028 MB
2026-04-11 22:25:46 [INFO] [359/364] Split [18, 9, 4, 1] | Batch: 32 | Microbatch: 2 | Microbatches: 16
2026-04-11 22:25:46 [INFO] Loading WikiText... (SEQ_LEN=64, BATCH=32)
2026-04-11 22:25:57 [INFO] [Rank 3] Loading weights...
2026-04-11 22:25:58 [INFO] [Rank 3] Weights loaded.
2026-04-11 22:26:01 [INFO] [Rank 2] Loading weights...
2026-04-11 22:26:01 [INFO] [Rank 2] Weights loaded.
2026-04-11 22:26:08 [INFO] [Rank 1] Loading weights...
2026-04-11 22:26:09 [INFO] [Rank 1] Weights loaded.
2026-04-11 22:26:21 [INFO] [Rank 0] Loading weights...
2026-04-11 22:26:24 [INFO] [Rank 0] Weights loaded.
2026-04-11 22:33:22 [INFO] [Rank 2] Finished. Latency: 418191 ms
2026-04-11 22:33:22 [INFO] [Rank 0] Finished. Latency: 418191 ms
2026-04-11 22:33:22 [INFO] [Rank 1] Finished. Latency: 418191 ms
2026-04-11 22:33:22 [INFO] [Rank 3] Finished. Latency: 418194 ms
2026-04-11 22:33:26 [INFO] Total latency:     418191 ms
2026-04-11 22:33:26 [INFO] Peak 5GB memory:   1180 MB
2026-04-11 22:33:26 [INFO] Avg  5GB memory:   1006 MB
2026-04-11 22:33:26 [INFO] [360/364] Split [18, 9, 4, 1] | Batch: 64 | Microbatch: 32 | Microbatches: 2
2026-04-11 22:33:26 [INFO] Loading WikiText... (SEQ_LEN=64, BATCH=64)
2026-04-11 22:33:28 [WARNING] '('Connection broken: IncompleteRead(0 bytes read, 65536 more expected)', IncompleteRead(0 bytes read, 65536 more expected))' thrown while requesting GET https://huggingface.co/datasets/wikitext/resolve/b08601e04326c79dfdd32d625aee71d232d685c3/wikitext-2-raw-v1/test-00000-of-00001.parquet
2026-04-11 22:33:28 [WARNING] Retrying in 1s [Retry 1/5].
2026-04-11 22:33:31 [WARNING] '('Connection broken: IncompleteRead(0 bytes read, 65536 more expected)', IncompleteRead(0 bytes read, 65536 more expected))' thrown while requesting GET https://huggingface.co/datasets/wikitext/resolve/b08601e04326c79dfdd32d625aee71d232d685c3/wikitext-2-raw-v1/test-00000-of-00001.parquet
2026-04-11 22:33:31 [WARNING] Retrying in 2s [Retry 2/5].
2026-04-11 22:33:43 [INFO] [Rank 3] Loading weights...
2026-04-11 22:33:44 [INFO] [Rank 3] Weights loaded.
2026-04-11 22:33:47 [INFO] [Rank 2] Loading weights...
2026-04-11 22:33:47 [INFO] [Rank 2] Weights loaded.
2026-04-11 22:33:54 [INFO] [Rank 1] Loading weights...
2026-04-11 22:33:55 [INFO] [Rank 1] Weights loaded.
2026-04-11 22:34:08 [INFO] [Rank 0] Loading weights...
2026-04-11 22:34:10 [INFO] [Rank 0] Weights loaded.
2026-04-11 22:36:09 [INFO] [Rank 1] Finished. Latency: 119457 ms
2026-04-11 22:36:09 [INFO] [Rank 2] Finished. Latency: 119457 ms
2026-04-11 22:36:09 [INFO] [Rank 0] Finished. Latency: 119457 ms
2026-04-11 22:36:09 [INFO] [Rank 3] Finished. Latency: 119466 ms
2026-04-11 22:36:13 [INFO] Total latency:     119457 ms
2026-04-11 22:36:13 [INFO] Peak 5GB memory:   4788 MB
2026-04-11 22:36:13 [INFO] Avg  5GB memory:   2254 MB
2026-04-11 22:36:13 [INFO] [361/364] Split [18, 9, 4, 1] | Batch: 64 | Microbatch: 16 | Microbatches: 4
2026-04-11 22:36:13 [INFO] Loading WikiText... (SEQ_LEN=64, BATCH=64)
2026-04-11 22:36:24 [INFO] [Rank 3] Loading weights...
2026-04-11 22:36:24 [INFO] [Rank 3] Weights loaded.
2026-04-11 22:36:27 [INFO] [Rank 2] Loading weights...
2026-04-11 22:36:28 [INFO] [Rank 2] Weights loaded.
2026-04-11 22:36:35 [INFO] [Rank 1] Loading weights...
2026-04-11 22:36:36 [INFO] [Rank 1] Weights loaded.
2026-04-11 22:36:48 [INFO] [Rank 0] Loading weights...
2026-04-11 22:36:50 [INFO] [Rank 0] Weights loaded.
2026-04-11 22:39:28 [INFO] [Rank 2] Finished. Latency: 157695 ms
2026-04-11 22:39:28 [INFO] [Rank 1] Finished. Latency: 157695 ms
2026-04-11 22:39:28 [INFO] [Rank 0] Finished. Latency: 157695 ms
2026-04-11 22:39:28 [INFO] [Rank 3] Finished. Latency: 157700 ms
2026-04-11 22:39:32 [INFO] Total latency:     157695 ms
2026-04-11 22:39:32 [INFO] Peak 5GB memory:   4804 MB
2026-04-11 22:39:32 [INFO] Avg  5GB memory:   2300 MB
2026-04-11 22:39:32 [INFO] [362/364] Split [18, 9, 4, 1] | Batch: 64 | Microbatch: 8 | Microbatches: 8
2026-04-11 22:39:32 [INFO] Loading WikiText... (SEQ_LEN=64, BATCH=64)
2026-04-11 22:39:43 [INFO] [Rank 3] Loading weights...
2026-04-11 22:39:44 [INFO] [Rank 3] Weights loaded.
2026-04-11 22:39:46 [INFO] [Rank 2] Loading weights...
2026-04-11 22:39:47 [INFO] [Rank 2] Weights loaded.
2026-04-11 22:39:54 [INFO] [Rank 1] Loading weights...
2026-04-11 22:39:55 [INFO] [Rank 1] Weights loaded.
2026-04-11 22:40:07 [INFO] [Rank 0] Loading weights...
2026-04-11 22:40:10 [INFO] [Rank 0] Weights loaded.
2026-04-11 22:44:16 [INFO] [Rank 1] Finished. Latency: 246247 ms
2026-04-11 22:44:16 [INFO] [Rank 2] Finished. Latency: 246247 ms
2026-04-11 22:44:16 [INFO] [Rank 0] Finished. Latency: 246247 ms
2026-04-11 22:44:16 [INFO] [Rank 3] Finished. Latency: 246250 ms
2026-04-11 22:44:20 [INFO] Total latency:     246247 ms
2026-04-11 22:44:20 [INFO] Peak 5GB memory:   4640 MB
2026-04-11 22:44:20 [INFO] Avg  5GB memory:   2020 MB
2026-04-11 22:44:20 [INFO] [363/364] Split [18, 9, 4, 1] | Batch: 64 | Microbatch: 4 | Microbatches: 16
2026-04-11 22:44:20 [INFO] Loading WikiText... (SEQ_LEN=64, BATCH=64)
2026-04-11 22:44:31 [INFO] [Rank 3] Loading weights...
2026-04-11 22:44:32 [INFO] [Rank 3] Weights loaded.
2026-04-11 22:44:35 [INFO] [Rank 2] Loading weights...
2026-04-11 22:44:36 [INFO] [Rank 2] Weights loaded.
2026-04-11 22:44:42 [INFO] [Rank 1] Loading weights...
2026-04-11 22:44:43 [INFO] [Rank 1] Weights loaded.
2026-04-11 22:44:56 [INFO] [Rank 0] Loading weights...
2026-04-11 22:44:58 [INFO] [Rank 0] Weights loaded.
2026-04-11 22:52:16 [INFO] [Rank 2] Finished. Latency: 437420 ms
2026-04-11 22:52:16 [INFO] [Rank 1] Finished. Latency: 437420 ms
2026-04-11 22:52:16 [INFO] [Rank 0] Finished. Latency: 437420 ms
2026-04-11 22:52:16 [INFO] [Rank 3] Finished. Latency: 437423 ms
2026-04-11 22:52:19 [INFO] Total latency:     437420 ms
2026-04-11 22:52:19 [INFO] Peak 5GB memory:   2126 MB
2026-04-11 22:52:19 [INFO] Avg  5GB memory:   1338 MB
2026-04-11 22:52:19 [INFO] [364/364] Split [18, 9, 4, 1] | Batch: 64 | Microbatch: 2 | Microbatches: 32
2026-04-11 22:52:19 [INFO] Loading WikiText... (SEQ_LEN=64, BATCH=64)
2026-04-11 22:52:30 [INFO] [Rank 3] Loading weights...
2026-04-11 22:52:31 [INFO] [Rank 3] Weights loaded.
2026-04-11 22:52:34 [INFO] [Rank 2] Loading weights...
2026-04-11 22:52:35 [INFO] [Rank 2] Weights loaded.
2026-04-11 22:52:41 [INFO] [Rank 1] Loading weights...
2026-04-11 22:52:42 [INFO] [Rank 1] Weights loaded.
2026-04-11 22:52:55 [INFO] [Rank 0] Loading weights...
2026-04-11 22:52:57 [INFO] [Rank 0] Weights loaded.
2026-04-11 23:06:52 [INFO] [Rank 2] Finished. Latency: 834918 ms
2026-04-11 23:06:52 [INFO] [Rank 1] Finished. Latency: 834918 ms
2026-04-11 23:06:52 [INFO] [Rank 0] Finished. Latency: 834918 ms
2026-04-11 23:06:52 [INFO] [Rank 3] Finished. Latency: 834921 ms
2026-04-11 23:06:56 [INFO] Total latency:     834918 ms
2026-04-11 23:06:56 [INFO] Peak 5GB memory:   1548 MB
2026-04-11 23:06:56 [INFO] Avg  5GB memory:   1256 MB
2026-04-11 23:06:56 [INFO] --- Best by Latency ---
2026-04-11 23:06:56 [INFO] Split: [18, 9, 3, 2] | Batch: 8 | MB: 4 | Latency: 55317 ms | Peak R2: 1806 MB | Peak R3: 1632 MB
2026-04-11 23:06:56 [INFO] --- Most Memory Efficient (lowest peak 5GB at batch=64) ---
2026-04-11 23:06:56 [INFO] Split: [17, 9, 3, 3] | MB: 2 | Latency: 864253 ms | Peak R2: 3476 MB | Peak R3: 3730 MB
2026-04-11 23:06:56 [INFO] 65 configurations skipped due to OOM
2026-04-11 23:06:56 [INFO] Done.
2026-04-11 23:06:56 [INFO] Benchmark results → mig_benchmark_results.csv
2026-04-11 23:06:56 [INFO] Memory trace      → mig_memory_trace.csv
