2026-04-06 05:45:35 [INFO] Setting up DCGM monitor group...
2026-04-06 05:45:36 [INFO] [1/198] Split [20, 10, 5, 5] | Batch: 32 | Microbatch: 16 | Microbatches: 2
2026-04-06 05:45:36 [INFO] Loading WikiText... (SEQ_LEN=64, BATCH=32)
2026-04-06 05:45:58 [INFO] [Rank 2] Loading weights...
2026-04-06 05:45:59 [INFO] [Rank 3] Loading weights...
2026-04-06 05:46:09 [INFO] [Rank 1] Loading weights...
2026-04-06 05:46:09 [INFO] [Rank 2] Weights loaded.
2026-04-06 05:46:10 [INFO] [Rank 3] Weights loaded.
2026-04-06 05:46:20 [INFO] [Rank 1] Weights loaded.
2026-04-06 05:46:32 [INFO] [Rank 0] Loading weights...
2026-04-06 05:46:45 [INFO] [Rank 0] Weights loaded.
2026-04-06 05:48:53 [INFO] [Rank 2] Finished. Latency: 127256 ms
2026-04-06 05:48:53 [INFO] [Rank 1] Finished. Latency: 127256 ms
2026-04-06 05:48:53 [INFO] [Rank 0] Finished. Latency: 127256 ms
2026-04-06 05:48:53 [INFO] [Rank 3] Finished. Latency: 127287 ms
2026-04-06 05:48:57 [INFO] Total latency:     127256 ms
2026-04-06 05:48:57 [INFO] Peak 10GB memory:  9724 MB
2026-04-06 05:48:57 [INFO] Avg  10GB memory:  5273 MB
2026-04-06 05:48:57 [INFO] [2/198] Split [20, 10, 5, 5] | Batch: 32 | Microbatch: 8 | Microbatches: 4
2026-04-06 05:48:57 [INFO] Loading WikiText... (SEQ_LEN=64, BATCH=32)
2026-04-06 05:49:17 [INFO] [Rank 2] Loading weights...
2026-04-06 05:49:18 [INFO] [Rank 3] Loading weights...
2026-04-06 05:49:28 [INFO] [Rank 1] Loading weights...
2026-04-06 05:49:28 [INFO] [Rank 2] Weights loaded.
2026-04-06 05:49:30 [INFO] [Rank 3] Weights loaded.
2026-04-06 05:49:40 [INFO] [Rank 1] Weights loaded.
2026-04-06 05:49:51 [INFO] [Rank 0] Loading weights...
2026-04-06 05:50:05 [INFO] [Rank 0] Weights loaded.
2026-04-06 05:53:21 [INFO] [Rank 2] Finished. Latency: 196596 ms
2026-04-06 05:53:21 [INFO] [Rank 1] Finished. Latency: 196596 ms
2026-04-06 05:53:21 [INFO] [Rank 0] Finished. Latency: 196596 ms
2026-04-06 05:53:21 [INFO] [Rank 3] Finished. Latency: 196616 ms
2026-04-06 05:53:25 [INFO] Total latency:     196596 ms
2026-04-06 05:53:25 [INFO] Peak 10GB memory:  9656 MB
2026-04-06 05:53:25 [INFO] Avg  10GB memory:  5480 MB
2026-04-06 05:53:25 [INFO] [3/198] Split [20, 10, 5, 5] | Batch: 32 | Microbatch: 4 | Microbatches: 8
2026-04-06 05:53:25 [INFO] Loading WikiText... (SEQ_LEN=64, BATCH=32)
2026-04-06 05:53:47 [INFO] [Rank 2] Loading weights...
2026-04-06 05:53:48 [INFO] [Rank 3] Loading weights...
2026-04-06 05:53:58 [INFO] [Rank 2] Weights loaded.
2026-04-06 05:53:58 [INFO] [Rank 1] Loading weights...
2026-04-06 05:54:00 [INFO] [Rank 3] Weights loaded.
2026-04-06 05:54:10 [INFO] [Rank 1] Weights loaded.
2026-04-06 05:54:21 [INFO] [Rank 0] Loading weights...
2026-04-06 05:54:35 [INFO] [Rank 0] Weights loaded.
2026-04-06 06:00:11 [INFO] [Rank 2] Finished. Latency: 336432 ms
2026-04-06 06:00:11 [INFO] [Rank 1] Finished. Latency: 336432 ms
2026-04-06 06:00:11 [INFO] [Rank 0] Finished. Latency: 336432 ms
2026-04-06 06:00:11 [INFO] [Rank 3] Finished. Latency: 336448 ms
2026-04-06 06:00:15 [INFO] Total latency:     336432 ms
2026-04-06 06:00:15 [INFO] Peak 10GB memory:  9324 MB
2026-04-06 06:00:15 [INFO] Avg  10GB memory:  5285 MB
2026-04-06 06:00:15 [INFO] [4/198] Split [20, 10, 5, 5] | Batch: 32 | Microbatch: 2 | Microbatches: 16
2026-04-06 06:00:15 [INFO] Loading WikiText... (SEQ_LEN=64, BATCH=32)
2026-04-06 06:00:36 [INFO] [Rank 2] Loading weights...
2026-04-06 06:00:37 [INFO] [Rank 3] Loading weights...
2026-04-06 06:00:47 [INFO] [Rank 2] Weights loaded.
2026-04-06 06:00:48 [INFO] [Rank 1] Loading weights...
2026-04-06 06:00:49 [INFO] [Rank 3] Weights loaded.
2026-04-06 06:01:00 [INFO] [Rank 1] Weights loaded.
2026-04-06 06:01:10 [INFO] [Rank 0] Loading weights...
2026-04-06 06:01:23 [INFO] [Rank 0] Weights loaded.
2026-04-06 06:11:46 [INFO] [Rank 2] Finished. Latency: 622342 ms
2026-04-06 06:11:46 [INFO] [Rank 1] Finished. Latency: 622342 ms
2026-04-06 06:11:46 [INFO] [Rank 0] Finished. Latency: 622342 ms
2026-04-06 06:11:46 [INFO] [Rank 3] Finished. Latency: 622355 ms
2026-04-06 06:11:50 [INFO] Total latency:     622342 ms
2026-04-06 06:11:50 [INFO] Peak 10GB memory:  6090 MB
2026-04-06 06:11:50 [INFO] Avg  10GB memory:  4591 MB
2026-04-06 06:11:50 [INFO] [5/198] Split [20, 10, 5, 5] | Batch: 64 | Microbatch: 32 | Microbatches: 2
2026-04-06 06:11:50 [INFO] Loading WikiText... (SEQ_LEN=64, BATCH=64)
2026-04-06 06:12:11 [INFO] [Rank 2] Loading weights...
2026-04-06 06:12:12 [INFO] [Rank 3] Loading weights...
2026-04-06 06:12:22 [INFO] [Rank 1] Loading weights...
2026-04-06 06:12:22 [INFO] [Rank 2] Weights loaded.
2026-04-06 06:12:24 [INFO] [Rank 3] Weights loaded.
2026-04-06 06:12:34 [INFO] [Rank 1] Weights loaded.
2026-04-06 06:12:45 [INFO] [Rank 0] Loading weights...
2026-04-06 06:12:59 [INFO] [Rank 0] Weights loaded.
2026-04-06 06:16:13 [INFO] [Rank 1] Finished. Latency: 194263 ms
2026-04-06 06:16:13 [INFO] [Rank 2] Finished. Latency: 194263 ms
2026-04-06 06:16:13 [INFO] [Rank 0] Finished. Latency: 194263 ms
2026-04-06 06:16:13 [INFO] [Rank 3] Finished. Latency: 194313 ms
2026-04-06 06:16:17 [INFO] Total latency:     194263 ms
2026-04-06 06:16:17 [INFO] Peak 10GB memory:  9720 MB
2026-04-06 06:16:17 [INFO] Avg  10GB memory:  6442 MB
2026-04-06 06:16:17 [INFO] [6/198] Split [20, 10, 5, 5] | Batch: 64 | Microbatch: 16 | Microbatches: 4
2026-04-06 06:16:17 [INFO] Loading WikiText... (SEQ_LEN=64, BATCH=64)
2026-04-06 06:16:38 [INFO] [Rank 2] Loading weights...
2026-04-06 06:16:39 [INFO] [Rank 3] Loading weights...
2026-04-06 06:16:49 [INFO] [Rank 1] Loading weights...
2026-04-06 06:16:49 [INFO] [Rank 2] Weights loaded.
2026-04-06 06:16:51 [INFO] [Rank 3] Weights loaded.
2026-04-06 06:17:01 [INFO] [Rank 1] Weights loaded.
2026-04-06 06:17:13 [INFO] [Rank 0] Loading weights...
2026-04-06 06:17:26 [INFO] [Rank 0] Weights loaded.
2026-04-06 06:21:41 [INFO] [Rank 2] Finished. Latency: 255168 ms
2026-04-06 06:21:41 [INFO] [Rank 1] Finished. Latency: 255168 ms
2026-04-06 06:21:41 [INFO] [Rank 0] Finished. Latency: 255168 ms
2026-04-06 06:21:41 [INFO] [Rank 3] Finished. Latency: 255198 ms
2026-04-06 06:21:45 [INFO] Total latency:     255168 ms
2026-04-06 06:21:45 [INFO] Peak 10GB memory:  9722 MB
2026-04-06 06:21:45 [INFO] Avg  10GB memory:  6670 MB
2026-04-06 06:21:45 [INFO] [7/198] Split [20, 10, 5, 5] | Batch: 64 | Microbatch: 8 | Microbatches: 8
2026-04-06 06:21:45 [INFO] Loading WikiText... (SEQ_LEN=64, BATCH=64)
2026-04-06 06:22:06 [INFO] [Rank 2] Loading weights...
2026-04-06 06:22:06 [INFO] [Rank 3] Loading weights...
2026-04-06 06:22:17 [INFO] [Rank 1] Loading weights...
2026-04-06 06:22:17 [INFO] [Rank 2] Weights loaded.
2026-04-06 06:22:18 [INFO] [Rank 3] Weights loaded.
2026-04-06 06:22:29 [INFO] [Rank 1] Weights loaded.
2026-04-06 06:22:40 [INFO] [Rank 0] Loading weights...
2026-04-06 06:22:53 [INFO] [Rank 0] Weights loaded.
2026-04-06 06:29:26 [INFO] [Rank 2] Finished. Latency: 392656 ms
2026-04-06 06:29:26 [INFO] [Rank 1] Finished. Latency: 392656 ms
2026-04-06 06:29:26 [INFO] [Rank 0] Finished. Latency: 392656 ms
2026-04-06 06:29:26 [INFO] [Rank 3] Finished. Latency: 392676 ms
2026-04-06 06:29:30 [INFO] Total latency:     392656 ms
2026-04-06 06:29:30 [INFO] Peak 10GB memory:  9722 MB
2026-04-06 06:29:30 [INFO] Avg  10GB memory:  6589 MB
2026-04-06 06:29:30 [INFO] [8/198] Split [20, 10, 5, 5] | Batch: 64 | Microbatch: 4 | Microbatches: 16
2026-04-06 06:29:30 [INFO] Loading WikiText... (SEQ_LEN=64, BATCH=64)
2026-04-06 06:29:51 [INFO] [Rank 2] Loading weights...
2026-04-06 06:29:52 [INFO] [Rank 3] Loading weights...
2026-04-06 06:30:02 [INFO] [Rank 1] Loading weights...
2026-04-06 06:30:02 [INFO] [Rank 2] Weights loaded.
2026-04-06 06:30:04 [INFO] [Rank 3] Weights loaded.
2026-04-06 06:30:14 [INFO] [Rank 1] Weights loaded.
2026-04-06 06:30:25 [INFO] [Rank 0] Loading weights...
2026-04-06 06:30:38 [INFO] [Rank 0] Weights loaded.
2026-04-06 06:41:50 [INFO] [Rank 2] Finished. Latency: 671736 ms
2026-04-06 06:41:50 [INFO] [Rank 1] Finished. Latency: 671736 ms
2026-04-06 06:41:50 [INFO] [Rank 0] Finished. Latency: 671736 ms
2026-04-06 06:41:50 [INFO] [Rank 3] Finished. Latency: 671751 ms
2026-04-06 06:41:54 [INFO] Total latency:     671736 ms
2026-04-06 06:41:54 [INFO] Peak 10GB memory:  9084 MB
2026-04-06 06:41:54 [INFO] Avg  10GB memory:  6310 MB
2026-04-06 06:41:54 [INFO] [9/198] Split [20, 10, 5, 5] | Batch: 64 | Microbatch: 2 | Microbatches: 32
2026-04-06 06:41:54 [INFO] Loading WikiText... (SEQ_LEN=64, BATCH=64)
2026-04-06 06:42:14 [INFO] [Rank 2] Loading weights...
2026-04-06 06:42:16 [INFO] [Rank 3] Loading weights...
2026-04-06 06:42:26 [INFO] [Rank 2] Weights loaded.
2026-04-06 06:42:26 [INFO] [Rank 1] Loading weights...
2026-04-06 06:42:28 [INFO] [Rank 3] Weights loaded.
2026-04-06 06:42:38 [INFO] [Rank 1] Weights loaded.
2026-04-06 06:42:49 [INFO] [Rank 0] Loading weights...
2026-04-06 06:43:02 [INFO] [Rank 0] Weights loaded.
2026-04-06 07:03:44 [INFO] [Rank 1] Finished. Latency: 1241908 ms
2026-04-06 07:03:44 [INFO] [Rank 2] Finished. Latency: 1241908 ms
2026-04-06 07:03:44 [INFO] [Rank 0] Finished. Latency: 1241908 ms
2026-04-06 07:03:44 [INFO] [Rank 3] Finished. Latency: 1241921 ms
2026-04-06 07:03:46 [ERROR] Hang detected: ranks still alive after timeout: 0
2026-04-06 07:03:48 [INFO] [10/198] Split [21, 9, 5, 5] | Batch: 32 | Microbatch: 16 | Microbatches: 2
2026-04-06 07:03:48 [INFO] Loading WikiText... (SEQ_LEN=64, BATCH=32)
2026-04-06 07:04:09 [INFO] [Rank 2] Loading weights...
2026-04-06 07:04:10 [INFO] [Rank 3] Loading weights...
2026-04-06 07:04:19 [INFO] [Rank 1] Loading weights...
2026-04-06 07:04:21 [INFO] [Rank 2] Weights loaded.
2026-04-06 07:04:22 [INFO] [Rank 3] Weights loaded.
2026-04-06 07:04:30 [INFO] [Rank 1] Weights loaded.
2026-04-06 07:04:46 [INFO] [Rank 0] Loading weights...
2026-04-06 07:05:00 [INFO] [Rank 0] Weights loaded.
2026-04-06 07:07:06 [INFO] [Rank 1] Finished. Latency: 125950 ms
2026-04-06 07:07:06 [INFO] [Rank 2] Finished. Latency: 125949 ms
2026-04-06 07:07:06 [INFO] [Rank 0] Finished. Latency: 125950 ms
2026-04-06 07:07:06 [INFO] [Rank 3] Finished. Latency: 125979 ms
2026-04-06 07:07:10 [INFO] Total latency:     125950 ms
2026-04-06 07:07:10 [INFO] Peak 10GB memory:  9680 MB
2026-04-06 07:07:10 [INFO] Avg  10GB memory:  5219 MB
2026-04-06 07:07:10 [INFO] [11/198] Split [21, 9, 5, 5] | Batch: 32 | Microbatch: 8 | Microbatches: 4
2026-04-06 07:07:10 [INFO] Loading WikiText... (SEQ_LEN=64, BATCH=32)
2026-04-06 07:07:31 [INFO] [Rank 2] Loading weights...
2026-04-06 07:07:32 [INFO] [Rank 3] Loading weights...
2026-04-06 07:07:40 [INFO] [Rank 1] Loading weights...
2026-04-06 07:07:42 [INFO] [Rank 2] Weights loaded.
2026-04-06 07:07:43 [INFO] [Rank 3] Weights loaded.
2026-04-06 07:07:52 [INFO] [Rank 1] Weights loaded.
2026-04-06 07:08:07 [INFO] [Rank 0] Loading weights...
2026-04-06 07:08:21 [INFO] [Rank 0] Weights loaded.
2026-04-06 07:11:35 [INFO] [Rank 1] Finished. Latency: 194718 ms
2026-04-06 07:11:35 [INFO] [Rank 2] Finished. Latency: 194718 ms
2026-04-06 07:11:35 [INFO] [Rank 0] Finished. Latency: 194718 ms
2026-04-06 07:11:35 [INFO] [Rank 3] Finished. Latency: 194738 ms
2026-04-06 07:11:39 [INFO] Total latency:     194718 ms
2026-04-06 07:11:39 [INFO] Peak 10GB memory:  9656 MB
2026-04-06 07:11:39 [INFO] Avg  10GB memory:  5439 MB
2026-04-06 07:11:39 [INFO] [12/198] Split [21, 9, 5, 5] | Batch: 32 | Microbatch: 4 | Microbatches: 8
2026-04-06 07:11:39 [INFO] Loading WikiText... (SEQ_LEN=64, BATCH=32)
2026-04-06 07:12:00 [INFO] [Rank 2] Loading weights...
2026-04-06 07:12:02 [INFO] [Rank 3] Loading weights...
2026-04-06 07:12:09 [INFO] [Rank 1] Loading weights...
2026-04-06 07:12:12 [INFO] [Rank 2] Weights loaded.
2026-04-06 07:12:13 [INFO] [Rank 3] Weights loaded.
2026-04-06 07:12:21 [INFO] [Rank 1] Weights loaded.
2026-04-06 07:12:37 [INFO] [Rank 0] Loading weights...
2026-04-06 07:12:51 [INFO] [Rank 0] Weights loaded.
2026-04-06 07:18:24 [INFO] [Rank 2] Finished. Latency: 333510 ms
2026-04-06 07:18:24 [INFO] [Rank 1] Finished. Latency: 333510 ms
2026-04-06 07:18:24 [INFO] [Rank 0] Finished. Latency: 333510 ms
2026-04-06 07:18:24 [INFO] [Rank 3] Finished. Latency: 333525 ms
2026-04-06 07:18:28 [INFO] Total latency:     333510 ms
2026-04-06 07:18:28 [INFO] Peak 10GB memory:  9324 MB
2026-04-06 07:18:28 [INFO] Avg  10GB memory:  5267 MB
2026-04-06 07:18:28 [INFO] [13/198] Split [21, 9, 5, 5] | Batch: 32 | Microbatch: 2 | Microbatches: 16
2026-04-06 07:18:28 [INFO] Loading WikiText... (SEQ_LEN=64, BATCH=32)
2026-04-06 07:18:49 [INFO] [Rank 2] Loading weights...
2026-04-06 07:18:50 [INFO] [Rank 3] Loading weights...
2026-04-06 07:18:58 [INFO] [Rank 1] Loading weights...
2026-04-06 07:19:00 [INFO] [Rank 2] Weights loaded.
2026-04-06 07:19:02 [INFO] [Rank 3] Weights loaded.
2026-04-06 07:19:10 [INFO] [Rank 1] Weights loaded.
2026-04-06 07:19:25 [INFO] [Rank 0] Loading weights...
2026-04-06 07:19:39 [INFO] [Rank 0] Weights loaded.
2026-04-06 07:29:57 [INFO] [Rank 2] Finished. Latency: 618392 ms
2026-04-06 07:29:57 [INFO] [Rank 1] Finished. Latency: 618392 ms
2026-04-06 07:29:57 [INFO] [Rank 0] Finished. Latency: 618392 ms
2026-04-06 07:29:57 [INFO] [Rank 3] Finished. Latency: 618405 ms
2026-04-06 07:30:01 [INFO] Total latency:     618392 ms
2026-04-06 07:30:01 [INFO] Peak 10GB memory:  6090 MB
2026-04-06 07:30:01 [INFO] Avg  10GB memory:  4582 MB
2026-04-06 07:30:01 [INFO] [14/198] Split [21, 9, 5, 5] | Batch: 64 | Microbatch: 32 | Microbatches: 2
2026-04-06 07:30:01 [INFO] Loading WikiText... (SEQ_LEN=64, BATCH=64)
2026-04-06 07:30:22 [INFO] [Rank 2] Loading weights...
2026-04-06 07:30:23 [INFO] [Rank 3] Loading weights...
2026-04-06 07:30:31 [INFO] [Rank 1] Loading weights...
2026-04-06 07:30:34 [INFO] [Rank 2] Weights loaded.
2026-04-06 07:30:35 [INFO] [Rank 3] Weights loaded.
2026-04-06 07:30:43 [INFO] [Rank 1] Weights loaded.
2026-04-06 07:30:59 [INFO] [Rank 0] Loading weights...
2026-04-06 07:31:12 [INFO] [Rank 0] Weights loaded.
2026-04-06 07:34:25 [INFO] [Rank 2] Finished. Latency: 192920 ms
2026-04-06 07:34:25 [INFO] [Rank 1] Finished. Latency: 192920 ms
2026-04-06 07:34:25 [INFO] [Rank 0] Finished. Latency: 192920 ms
2026-04-06 07:34:25 [INFO] [Rank 3] Finished. Latency: 192970 ms
2026-04-06 07:34:29 [INFO] Total latency:     192920 ms
2026-04-06 07:34:29 [INFO] Peak 10GB memory:  9714 MB
2026-04-06 07:34:29 [INFO] Avg  10GB memory:  6418 MB
2026-04-06 07:34:29 [INFO] [15/198] Split [21, 9, 5, 5] | Batch: 64 | Microbatch: 16 | Microbatches: 4
2026-04-06 07:34:29 [INFO] Loading WikiText... (SEQ_LEN=64, BATCH=64)
2026-04-06 07:34:40 [WARNING] '(ReadTimeoutError("HTTPSConnectionPool(host='huggingface.co', port=443): Read timed out. (read timeout=10)"), '(Request ID: c81150f9-dc5d-4bc4-8da5-c8b3201e68e7)')' thrown while requesting GET https://huggingface.co/datasets/wikitext/resolve/b08601e04326c79dfdd32d625aee71d232d685c3/wikitext-2-raw-v1/test-00000-of-00001.parquet
2026-04-06 07:34:40 [WARNING] Retrying in 1s [Retry 1/5].
2026-04-06 07:35:00 [WARNING] '(ReadTimeoutError("HTTPSConnectionPool(host='huggingface.co', port=443): Read timed out. (read timeout=10)"), '(Request ID: cf5b6cef-3e37-4775-b4ce-e1b1d182364a)')' thrown while requesting HEAD https://huggingface.co/lmsys/vicuna-13b-v1.5/resolve/main/config.json
2026-04-06 07:35:00 [WARNING] Retrying in 1s [Retry 1/5].
2026-04-06 07:35:03 [INFO] [Rank 3] Loading weights...
2026-04-06 07:35:11 [INFO] [Rank 1] Loading weights...
2026-04-06 07:35:13 [INFO] [Rank 2] Loading weights...
2026-04-06 07:35:15 [INFO] [Rank 3] Weights loaded.
2026-04-06 07:35:23 [INFO] [Rank 1] Weights loaded.
2026-04-06 07:35:24 [INFO] [Rank 2] Weights loaded.
2026-04-06 07:35:39 [INFO] [Rank 0] Loading weights...
2026-04-06 07:35:52 [INFO] [Rank 0] Weights loaded.
2026-04-06 07:40:05 [INFO] [Rank 1] Finished. Latency: 253176 ms
2026-04-06 07:40:05 [INFO] [Rank 2] Finished. Latency: 253176 ms
2026-04-06 07:40:05 [INFO] [Rank 0] Finished. Latency: 253176 ms
2026-04-06 07:40:05 [INFO] [Rank 3] Finished. Latency: 253206 ms
2026-04-06 07:40:09 [INFO] Total latency:     253176 ms
2026-04-06 07:40:09 [INFO] Peak 10GB memory:  9698 MB
2026-04-06 07:40:09 [INFO] Avg  10GB memory:  6614 MB
2026-04-06 07:40:09 [INFO] [16/198] Split [21, 9, 5, 5] | Batch: 64 | Microbatch: 8 | Microbatches: 8
2026-04-06 07:40:09 [INFO] Loading WikiText... (SEQ_LEN=64, BATCH=64)
2026-04-06 07:40:30 [INFO] [Rank 2] Loading weights...
2026-04-06 07:40:31 [INFO] [Rank 3] Loading weights...
2026-04-06 07:40:40 [INFO] [Rank 1] Loading weights...
2026-04-06 07:40:42 [INFO] [Rank 2] Weights loaded.
2026-04-06 07:40:43 [INFO] [Rank 3] Weights loaded.
2026-04-06 07:40:52 [INFO] [Rank 1] Weights loaded.
2026-04-06 07:41:07 [INFO] [Rank 0] Loading weights...
2026-04-06 07:41:21 [INFO] [Rank 0] Weights loaded.
2026-04-06 07:47:51 [INFO] [Rank 2] Finished. Latency: 389962 ms
2026-04-06 07:47:51 [INFO] [Rank 1] Finished. Latency: 389962 ms
2026-04-06 07:47:51 [INFO] [Rank 0] Finished. Latency: 389962 ms
2026-04-06 07:47:51 [INFO] [Rank 3] Finished. Latency: 389982 ms
2026-04-06 07:47:55 [INFO] Total latency:     389962 ms
2026-04-06 07:47:55 [INFO] Peak 10GB memory:  9716 MB
2026-04-06 07:47:55 [INFO] Avg  10GB memory:  6556 MB
2026-04-06 07:47:55 [INFO] [17/198] Split [21, 9, 5, 5] | Batch: 64 | Microbatch: 4 | Microbatches: 16
2026-04-06 07:47:55 [INFO] Loading WikiText... (SEQ_LEN=64, BATCH=64)
2026-04-06 07:48:15 [INFO] [Rank 2] Loading weights...
2026-04-06 07:48:16 [INFO] [Rank 3] Loading weights...
2026-04-06 07:48:24 [INFO] [Rank 1] Loading weights...
2026-04-06 07:48:27 [INFO] [Rank 2] Weights loaded.
2026-04-06 07:48:28 [INFO] [Rank 3] Weights loaded.
2026-04-06 07:48:36 [INFO] [Rank 1] Weights loaded.
2026-04-06 07:48:52 [INFO] [Rank 0] Loading weights...
2026-04-06 07:49:05 [INFO] [Rank 0] Weights loaded.
2026-04-06 08:00:10 [INFO] [Rank 2] Finished. Latency: 665170 ms
2026-04-06 08:00:10 [INFO] [Rank 1] Finished. Latency: 665170 ms
2026-04-06 08:00:10 [INFO] [Rank 0] Finished. Latency: 665170 ms
2026-04-06 08:00:10 [INFO] [Rank 3] Finished. Latency: 665186 ms
2026-04-06 08:00:14 [INFO] Total latency:     665170 ms
2026-04-06 08:00:14 [INFO] Peak 10GB memory:  9084 MB
2026-04-06 08:00:14 [INFO] Avg  10GB memory:  6295 MB
2026-04-06 08:00:14 [INFO] [18/198] Split [21, 9, 5, 5] | Batch: 64 | Microbatch: 2 | Microbatches: 32
2026-04-06 08:00:14 [INFO] Loading WikiText... (SEQ_LEN=64, BATCH=64)
2026-04-06 08:00:35 [INFO] [Rank 2] Loading weights...
2026-04-06 08:00:36 [INFO] [Rank 3] Loading weights...
2026-04-06 08:00:44 [INFO] [Rank 1] Loading weights...
2026-04-06 08:00:46 [INFO] [Rank 2] Weights loaded.
2026-04-06 08:00:48 [INFO] [Rank 3] Weights loaded.
2026-04-06 08:00:56 [INFO] [Rank 1] Weights loaded.
2026-04-06 08:01:12 [INFO] [Rank 0] Loading weights...
2026-04-06 08:01:25 [INFO] [Rank 0] Weights loaded.
2026-04-06 08:21:54 [INFO] [Rank 2] Finished. Latency: 1228650 ms
2026-04-06 08:21:54 [INFO] [Rank 1] Finished. Latency: 1228650 ms
2026-04-06 08:21:54 [INFO] [Rank 0] Finished. Latency: 1228650 ms
2026-04-06 08:21:54 [INFO] [Rank 3] Finished. Latency: 1228663 ms
2026-04-06 08:21:56 [ERROR] Hang detected: ranks still alive after timeout: 0
2026-04-06 08:21:58 [INFO] [19/198] Split [21, 10, 5, 4] | Batch: 32 | Microbatch: 16 | Microbatches: 2
2026-04-06 08:21:58 [INFO] Loading WikiText... (SEQ_LEN=64, BATCH=32)
2026-04-06 08:22:18 [INFO] [Rank 3] Loading weights...
2026-04-06 08:22:19 [INFO] [Rank 2] Loading weights...
2026-04-06 08:22:30 [INFO] [Rank 3] Weights loaded.
2026-04-06 08:22:30 [INFO] [Rank 1] Loading weights...
2026-04-06 08:22:31 [INFO] [Rank 2] Weights loaded.
2026-04-06 08:22:42 [INFO] [Rank 1] Weights loaded.
2026-04-06 08:22:56 [INFO] [Rank 0] Loading weights...
2026-04-06 08:23:09 [INFO] [Rank 0] Weights loaded.
2026-04-06 08:25:13 [INFO] [Rank 2] Finished. Latency: 123360 ms
2026-04-06 08:25:13 [INFO] [Rank 1] Finished. Latency: 123360 ms
2026-04-06 08:25:13 [INFO] [Rank 0] Finished. Latency: 123360 ms
2026-04-06 08:25:13 [INFO] [Rank 3] Finished. Latency: 123384 ms
2026-04-06 08:25:16 [INFO] Total latency:     123360 ms
2026-04-06 08:25:16 [INFO] Peak 10GB memory:  9642 MB
2026-04-06 08:25:16 [INFO] Avg  10GB memory:  4866 MB
2026-04-06 08:25:17 [INFO] [20/198] Split [21, 10, 5, 4] | Batch: 32 | Microbatch: 8 | Microbatches: 4
2026-04-06 08:25:17 [INFO] Loading WikiText... (SEQ_LEN=64, BATCH=32)
2026-04-06 08:25:35 [INFO] [Rank 3] Loading weights...
2026-04-06 08:25:37 [INFO] [Rank 2] Loading weights...
2026-04-06 08:25:47 [INFO] [Rank 3] Weights loaded.
2026-04-06 08:25:48 [INFO] [Rank 1] Loading weights...
2026-04-06 08:25:48 [INFO] [Rank 2] Weights loaded.
2026-04-06 08:26:00 [INFO] [Rank 1] Weights loaded.
2026-04-06 08:26:13 [INFO] [Rank 0] Loading weights...
2026-04-06 08:26:27 [INFO] [Rank 0] Weights loaded.
2026-04-06 08:29:38 [INFO] [Rank 2] Finished. Latency: 190862 ms
2026-04-06 08:29:38 [INFO] [Rank 1] Finished. Latency: 190862 ms
2026-04-06 08:29:38 [INFO] [Rank 0] Finished. Latency: 190862 ms
2026-04-06 08:29:38 [INFO] [Rank 3] Finished. Latency: 190879 ms
2026-04-06 08:29:42 [INFO] Total latency:     190862 ms
2026-04-06 08:29:42 [INFO] Peak 10GB memory:  9726 MB
2026-04-06 08:29:42 [INFO] Avg  10GB memory:  4965 MB
2026-04-06 08:29:42 [INFO] [21/198] Split [21, 10, 5, 4] | Batch: 32 | Microbatch: 4 | Microbatches: 8
2026-04-06 08:29:42 [INFO] Loading WikiText... (SEQ_LEN=64, BATCH=32)
2026-04-06 08:30:02 [INFO] [Rank 3] Loading weights...
2026-04-06 08:30:03 [INFO] [Rank 2] Loading weights...
2026-04-06 08:30:13 [INFO] [Rank 3] Weights loaded.
2026-04-06 08:30:14 [INFO] [Rank 1] Loading weights...
2026-04-06 08:30:14 [INFO] [Rank 2] Weights loaded.
2026-04-06 08:30:26 [INFO] [Rank 1] Weights loaded.
2026-04-06 08:30:39 [INFO] [Rank 0] Loading weights...
2026-04-06 08:30:53 [INFO] [Rank 0] Weights loaded.
2026-04-06 08:36:20 [INFO] [Rank 2] Finished. Latency: 326772 ms
2026-04-06 08:36:20 [INFO] [Rank 1] Finished. Latency: 326772 ms
2026-04-06 08:36:20 [INFO] [Rank 0] Finished. Latency: 326772 ms
2026-04-06 08:36:20 [INFO] [Rank 3] Finished. Latency: 326784 ms
2026-04-06 08:36:24 [INFO] Total latency:     326772 ms
2026-04-06 08:36:24 [INFO] Peak 10GB memory:  9124 MB
2026-04-06 08:36:24 [INFO] Avg  10GB memory:  4404 MB
2026-04-06 08:36:24 [INFO] [22/198] Split [21, 10, 5, 4] | Batch: 32 | Microbatch: 2 | Microbatches: 16
2026-04-06 08:36:24 [INFO] Loading WikiText... (SEQ_LEN=64, BATCH=32)
2026-04-06 08:36:43 [INFO] [Rank 3] Loading weights...
2026-04-06 08:36:44 [INFO] [Rank 2] Loading weights...
2026-04-06 08:36:54 [INFO] [Rank 3] Weights loaded.
2026-04-06 08:36:55 [INFO] [Rank 1] Loading weights...
2026-04-06 08:36:56 [INFO] [Rank 2] Weights loaded.
2026-04-06 08:37:07 [INFO] [Rank 1] Weights loaded.
2026-04-06 08:37:20 [INFO] [Rank 0] Loading weights...
2026-04-06 08:37:34 [INFO] [Rank 0] Weights loaded.
2026-04-06 08:47:39 [INFO] [Rank 1] Finished. Latency: 604856 ms
2026-04-06 08:47:39 [INFO] [Rank 2] Finished. Latency: 604856 ms
2026-04-06 08:47:39 [INFO] [Rank 0] Finished. Latency: 604856 ms
2026-04-06 08:47:39 [INFO] [Rank 3] Finished. Latency: 604867 ms
2026-04-06 08:47:43 [INFO] Total latency:     604856 ms
2026-04-06 08:47:43 [INFO] Peak 10GB memory:  4970 MB
2026-04-06 08:47:43 [INFO] Avg  10GB memory:  3770 MB
2026-04-06 08:47:43 [INFO] [23/198] Split [21, 10, 5, 4] | Batch: 64 | Microbatch: 32 | Microbatches: 2
2026-04-06 08:47:43 [INFO] Loading WikiText... (SEQ_LEN=64, BATCH=64)
2026-04-06 08:48:03 [INFO] [Rank 3] Loading weights...
2026-04-06 08:48:04 [INFO] [Rank 2] Loading weights...
2026-04-06 08:48:14 [INFO] [Rank 3] Weights loaded.
2026-04-06 08:48:15 [INFO] [Rank 1] Loading weights...
2026-04-06 08:48:15 [INFO] [Rank 2] Weights loaded.
2026-04-06 08:48:27 [INFO] [Rank 1] Weights loaded.
2026-04-06 08:48:40 [INFO] [Rank 0] Loading weights...
2026-04-06 08:48:53 [INFO] [Rank 0] Weights loaded.
2026-04-06 08:52:02 [INFO] [Rank 2] Finished. Latency: 188904 ms
2026-04-06 08:52:02 [INFO] [Rank 1] Finished. Latency: 188904 ms
2026-04-06 08:52:02 [INFO] [Rank 0] Finished. Latency: 188904 ms
2026-04-06 08:52:02 [INFO] [Rank 3] Finished. Latency: 188943 ms
2026-04-06 08:52:06 [INFO] Total latency:     188904 ms
2026-04-06 08:52:06 [INFO] Peak 10GB memory:  9700 MB
2026-04-06 08:52:06 [INFO] Avg  10GB memory:  5794 MB
2026-04-06 08:52:06 [INFO] [24/198] Split [21, 10, 5, 4] | Batch: 64 | Microbatch: 16 | Microbatches: 4
2026-04-06 08:52:06 [INFO] Loading WikiText... (SEQ_LEN=64, BATCH=64)
2026-04-06 08:52:26 [INFO] [Rank 3] Loading weights...
2026-04-06 08:52:28 [INFO] [Rank 2] Loading weights...
2026-04-06 08:52:38 [INFO] [Rank 3] Weights loaded.
2026-04-06 08:52:39 [INFO] [Rank 1] Loading weights...
2026-04-06 08:52:39 [INFO] [Rank 2] Weights loaded.
2026-04-06 08:52:51 [INFO] [Rank 1] Weights loaded.
2026-04-06 08:53:04 [INFO] [Rank 0] Loading weights...
2026-04-06 08:53:18 [INFO] [Rank 0] Weights loaded.
2026-04-06 08:57:26 [INFO] [Rank 1] Finished. Latency: 247907 ms
2026-04-06 08:57:26 [INFO] [Rank 2] Finished. Latency: 247907 ms
2026-04-06 08:57:26 [INFO] [Rank 0] Finished. Latency: 247907 ms
2026-04-06 08:57:26 [INFO] [Rank 3] Finished. Latency: 247932 ms
2026-04-06 08:57:30 [INFO] Total latency:     247907 ms
2026-04-06 08:57:30 [INFO] Peak 10GB memory:  9718 MB
2026-04-06 08:57:30 [INFO] Avg  10GB memory:  5686 MB
2026-04-06 08:57:30 [INFO] [25/198] Split [21, 10, 5, 4] | Batch: 64 | Microbatch: 8 | Microbatches: 8
2026-04-06 08:57:30 [INFO] Loading WikiText... (SEQ_LEN=64, BATCH=64)
2026-04-06 08:57:50 [INFO] [Rank 3] Loading weights...
2026-04-06 08:57:51 [INFO] [Rank 2] Loading weights...
2026-04-06 08:58:01 [INFO] [Rank 3] Weights loaded.
2026-04-06 08:58:02 [INFO] [Rank 1] Loading weights...
2026-04-06 08:58:03 [INFO] [Rank 2] Weights loaded.
2026-04-06 08:58:14 [INFO] [Rank 1] Weights loaded.
2026-04-06 08:58:28 [INFO] [Rank 0] Loading weights...
2026-04-06 08:58:41 [INFO] [Rank 0] Weights loaded.
2026-04-06 09:05:03 [INFO] [Rank 2] Finished. Latency: 381621 ms
2026-04-06 09:05:03 [INFO] [Rank 1] Finished. Latency: 381621 ms
2026-04-06 09:05:03 [INFO] [Rank 0] Finished. Latency: 381621 ms
2026-04-06 09:05:03 [INFO] [Rank 3] Finished. Latency: 381637 ms
2026-04-06 09:05:07 [INFO] Total latency:     381621 ms
2026-04-06 09:05:07 [INFO] Peak 10GB memory:  9650 MB
2026-04-06 09:05:07 [INFO] Avg  10GB memory:  5931 MB
2026-04-06 09:05:07 [INFO] [26/198] Split [21, 10, 5, 4] | Batch: 64 | Microbatch: 4 | Microbatches: 16
2026-04-06 09:05:07 [INFO] Loading WikiText... (SEQ_LEN=64, BATCH=64)
2026-04-06 09:05:26 [INFO] [Rank 3] Loading weights...
2026-04-06 09:05:27 [INFO] [Rank 2] Loading weights...
2026-04-06 09:05:38 [INFO] [Rank 3] Weights loaded.
2026-04-06 09:05:38 [INFO] [Rank 1] Loading weights...
2026-04-06 09:05:39 [INFO] [Rank 2] Weights loaded.
2026-04-06 09:05:50 [INFO] [Rank 1] Weights loaded.
2026-04-06 09:06:03 [INFO] [Rank 0] Loading weights...
2026-04-06 09:06:17 [INFO] [Rank 0] Weights loaded.
2026-04-06 09:17:07 [INFO] [Rank 2] Finished. Latency: 650178 ms
2026-04-06 09:17:07 [INFO] [Rank 1] Finished. Latency: 650178 ms
2026-04-06 09:17:07 [INFO] [Rank 0] Finished. Latency: 650178 ms
2026-04-06 09:17:07 [INFO] [Rank 3] Finished. Latency: 650191 ms
2026-04-06 09:17:11 [INFO] Total latency:     650178 ms
2026-04-06 09:17:11 [INFO] Peak 10GB memory:  9360 MB
2026-04-06 09:17:11 [INFO] Avg  10GB memory:  5713 MB
2026-04-06 09:17:11 [INFO] [27/198] Split [21, 10, 5, 4] | Batch: 64 | Microbatch: 2 | Microbatches: 32
2026-04-06 09:17:11 [INFO] Loading WikiText... (SEQ_LEN=64, BATCH=64)
2026-04-06 09:17:31 [INFO] [Rank 3] Loading weights...
2026-04-06 09:17:32 [INFO] [Rank 2] Loading weights...
2026-04-06 09:17:42 [INFO] [Rank 3] Weights loaded.
2026-04-06 09:17:43 [INFO] [Rank 1] Loading weights...
2026-04-06 09:17:43 [INFO] [Rank 2] Weights loaded.
2026-04-06 09:17:55 [INFO] [Rank 1] Weights loaded.
2026-04-06 09:18:08 [INFO] [Rank 0] Loading weights...
2026-04-06 09:18:22 [INFO] [Rank 0] Weights loaded.
2026-04-06 09:38:24 [INFO] [Rank 1] Finished. Latency: 1202274 ms
2026-04-06 09:38:24 [INFO] [Rank 2] Finished. Latency: 1202274 ms
2026-04-06 09:38:24 [INFO] [Rank 0] Finished. Latency: 1202274 ms
2026-04-06 09:38:24 [INFO] [Rank 3] Finished. Latency: 1202285 ms
2026-04-06 09:38:28 [INFO] Total latency:     1202274 ms
2026-04-06 09:38:28 [INFO] Peak 10GB memory:  7038 MB
2026-04-06 09:38:28 [INFO] Avg  10GB memory:  4807 MB
2026-04-06 09:38:28 [INFO] [28/198] Split [22, 8, 5, 5] | Batch: 32 | Microbatch: 16 | Microbatches: 2
2026-04-06 09:38:28 [INFO] Loading WikiText... (SEQ_LEN=64, BATCH=32)
2026-04-06 09:38:49 [INFO] [Rank 2] Loading weights...
2026-04-06 09:38:50 [INFO] [Rank 3] Loading weights...
2026-04-06 09:38:56 [INFO] [Rank 1] Loading weights...
2026-04-06 09:39:00 [INFO] [Rank 2] Weights loaded.
2026-04-06 09:39:02 [INFO] [Rank 3] Weights loaded.
2026-04-06 09:39:07 [INFO] [Rank 1] Weights loaded.
2026-04-06 09:39:27 [INFO] [Rank 0] Loading weights...
2026-04-06 09:39:41 [INFO] [Rank 0] Weights loaded.
2026-04-06 09:41:46 [INFO] [Rank 1] Finished. Latency: 125007 ms
2026-04-06 09:41:46 [INFO] [Rank 2] Finished. Latency: 125007 ms
2026-04-06 09:41:46 [INFO] [Rank 0] Finished. Latency: 125008 ms
2026-04-06 09:41:46 [INFO] [Rank 3] Finished. Latency: 125038 ms
2026-04-06 09:41:50 [INFO] Total latency:     125008 ms
2026-04-06 09:41:50 [INFO] Peak 10GB memory:  9692 MB
2026-04-06 09:41:50 [INFO] Avg  10GB memory:  5206 MB
2026-04-06 09:41:50 [INFO] [29/198] Split [22, 8, 5, 5] | Batch: 32 | Microbatch: 8 | Microbatches: 4
2026-04-06 09:41:50 [INFO] Loading WikiText... (SEQ_LEN=64, BATCH=32)
2026-04-06 09:42:11 [INFO] [Rank 2] Loading weights...
2026-04-06 09:42:12 [INFO] [Rank 3] Loading weights...
2026-04-06 09:42:18 [INFO] [Rank 1] Loading weights...
2026-04-06 09:42:22 [INFO] [Rank 2] Weights loaded.
2026-04-06 09:42:23 [INFO] [Rank 3] Weights loaded.
2026-04-06 09:42:29 [INFO] [Rank 1] Weights loaded.
2026-04-06 09:42:49 [INFO] [Rank 0] Loading weights...
2026-04-06 09:43:03 [INFO] [Rank 0] Weights loaded.
2026-04-06 09:46:16 [INFO] [Rank 2] Finished. Latency: 192836 ms
2026-04-06 09:46:16 [INFO] [Rank 1] Finished. Latency: 192836 ms
2026-04-06 09:46:16 [INFO] [Rank 0] Finished. Latency: 192836 ms
2026-04-06 09:46:16 [INFO] [Rank 3] Finished. Latency: 192856 ms
2026-04-06 09:46:20 [INFO] Total latency:     192836 ms
2026-04-06 09:46:20 [INFO] Peak 10GB memory:  9656 MB
2026-04-06 09:46:20 [INFO] Avg  10GB memory:  5443 MB
2026-04-06 09:46:20 [INFO] [30/198] Split [22, 8, 5, 5] | Batch: 32 | Microbatch: 4 | Microbatches: 8
2026-04-06 09:46:20 [INFO] Loading WikiText... (SEQ_LEN=64, BATCH=32)
2026-04-06 09:46:41 [INFO] [Rank 2] Loading weights...
2026-04-06 09:46:42 [INFO] [Rank 3] Loading weights...
2026-04-06 09:46:48 [INFO] [Rank 1] Loading weights...
2026-04-06 09:46:52 [INFO] [Rank 2] Weights loaded.
2026-04-06 09:46:54 [INFO] [Rank 3] Weights loaded.
2026-04-06 09:46:59 [INFO] [Rank 1] Weights loaded.
2026-04-06 09:47:19 [INFO] [Rank 0] Loading weights...
2026-04-06 09:47:33 [INFO] [Rank 0] Weights loaded.
2026-04-06 09:53:03 [INFO] [Rank 2] Finished. Latency: 329807 ms
2026-04-06 09:53:03 [INFO] [Rank 1] Finished. Latency: 329807 ms
2026-04-06 09:53:03 [INFO] [Rank 0] Finished. Latency: 329807 ms
2026-04-06 09:53:03 [INFO] [Rank 3] Finished. Latency: 329822 ms
2026-04-06 09:53:07 [INFO] Total latency:     329807 ms
2026-04-06 09:53:07 [INFO] Peak 10GB memory:  9324 MB
2026-04-06 09:53:07 [INFO] Avg  10GB memory:  5257 MB
2026-04-06 09:53:07 [INFO] [31/198] Split [22, 8, 5, 5] | Batch: 32 | Microbatch: 2 | Microbatches: 16
2026-04-06 09:53:07 [INFO] Loading WikiText... (SEQ_LEN=64, BATCH=32)
2026-04-06 09:53:28 [INFO] [Rank 2] Loading weights...
2026-04-06 09:53:29 [INFO] [Rank 3] Loading weights...
2026-04-06 09:53:35 [INFO] [Rank 1] Loading weights...
2026-04-06 09:53:40 [INFO] [Rank 2] Weights loaded.
2026-04-06 09:53:41 [INFO] [Rank 3] Weights loaded.
2026-04-06 09:53:47 [INFO] [Rank 1] Weights loaded.
2026-04-06 09:54:07 [INFO] [Rank 0] Loading weights...
2026-04-06 09:54:20 [INFO] [Rank 0] Weights loaded.
2026-04-06 10:04:30 [INFO] [Rank 2] Finished. Latency: 610001 ms
2026-04-06 10:04:30 [INFO] [Rank 1] Finished. Latency: 610001 ms
2026-04-06 10:04:30 [INFO] [Rank 0] Finished. Latency: 610001 ms
2026-04-06 10:04:30 [INFO] [Rank 3] Finished. Latency: 610014 ms
2026-04-06 10:04:34 [INFO] Total latency:     610001 ms
2026-04-06 10:04:34 [INFO] Peak 10GB memory:  6090 MB
2026-04-06 10:04:34 [INFO] Avg  10GB memory:  4577 MB
2026-04-06 10:04:34 [INFO] [32/198] Split [22, 8, 5, 5] | Batch: 64 | Microbatch: 32 | Microbatches: 2
2026-04-06 10:04:34 [INFO] Loading WikiText... (SEQ_LEN=64, BATCH=64)
2026-04-06 10:04:55 [INFO] [Rank 2] Loading weights...
2026-04-06 10:04:57 [INFO] [Rank 3] Loading weights...
2026-04-06 10:05:02 [INFO] [Rank 1] Loading weights...
2026-04-06 10:05:07 [INFO] [Rank 2] Weights loaded.
2026-04-06 10:05:08 [INFO] [Rank 3] Weights loaded.
2026-04-06 10:05:14 [INFO] [Rank 1] Weights loaded.
2026-04-06 10:05:34 [INFO] [Rank 0] Loading weights...
2026-04-06 10:05:47 [INFO] [Rank 0] Weights loaded.
2026-04-06 10:08:58 [INFO] [Rank 2] Finished. Latency: 190913 ms
2026-04-06 10:08:58 [INFO] [Rank 1] Finished. Latency: 190913 ms
2026-04-06 10:08:58 [INFO] [Rank 0] Finished. Latency: 190913 ms
2026-04-06 10:08:58 [INFO] [Rank 3] Finished. Latency: 190963 ms
2026-04-06 10:09:02 [INFO] Total latency:     190913 ms
2026-04-06 10:09:02 [INFO] Peak 10GB memory:  9714 MB
2026-04-06 10:09:02 [INFO] Avg  10GB memory:  6407 MB
2026-04-06 10:09:02 [INFO] [33/198] Split [22, 8, 5, 5] | Batch: 64 | Microbatch: 16 | Microbatches: 4
2026-04-06 10:09:02 [INFO] Loading WikiText... (SEQ_LEN=64, BATCH=64)
2026-04-06 10:09:23 [INFO] [Rank 2] Loading weights...
2026-04-06 10:09:24 [INFO] [Rank 3] Loading weights...
2026-04-06 10:09:30 [INFO] [Rank 1] Loading weights...
2026-04-06 10:09:34 [INFO] [Rank 2] Weights loaded.
2026-04-06 10:09:36 [INFO] [Rank 3] Weights loaded.
2026-04-06 10:09:41 [INFO] [Rank 1] Weights loaded.
2026-04-06 10:10:01 [INFO] [Rank 0] Loading weights...
2026-04-06 10:10:15 [INFO] [Rank 0] Weights loaded.
2026-04-06 10:14:26 [INFO] [Rank 2] Finished. Latency: 251324 ms
2026-04-06 10:14:26 [INFO] [Rank 1] Finished. Latency: 251324 ms
2026-04-06 10:14:26 [INFO] [Rank 0] Finished. Latency: 251324 ms
2026-04-06 10:14:26 [INFO] [Rank 3] Finished. Latency: 251354 ms
2026-04-06 10:14:30 [INFO] Total latency:     251324 ms
2026-04-06 10:14:30 [INFO] Peak 10GB memory:  9722 MB
2026-04-06 10:14:30 [INFO] Avg  10GB memory:  6611 MB
2026-04-06 10:14:30 [INFO] [34/198] Split [22, 8, 5, 5] | Batch: 64 | Microbatch: 8 | Microbatches: 8
2026-04-06 10:14:30 [INFO] Loading WikiText... (SEQ_LEN=64, BATCH=64)
2026-04-06 10:14:50 [INFO] [Rank 2] Loading weights...
2026-04-06 10:14:52 [INFO] [Rank 3] Loading weights...
2026-04-06 10:14:57 [INFO] [Rank 1] Loading weights...
2026-04-06 10:15:02 [INFO] [Rank 2] Weights loaded.
2026-04-06 10:15:03 [INFO] [Rank 3] Weights loaded.
2026-04-06 10:15:09 [INFO] [Rank 1] Weights loaded.
2026-04-06 10:15:29 [INFO] [Rank 0] Loading weights...
2026-04-06 10:15:43 [INFO] [Rank 0] Weights loaded.
2026-04-06 10:22:08 [INFO] [Rank 2] Finished. Latency: 385388 ms
2026-04-06 10:22:08 [INFO] [Rank 1] Finished. Latency: 385388 ms
2026-04-06 10:22:08 [INFO] [Rank 0] Finished. Latency: 385388 ms
2026-04-06 10:22:08 [INFO] [Rank 3] Finished. Latency: 385408 ms
2026-04-06 10:22:12 [INFO] Total latency:     385388 ms
2026-04-06 10:22:12 [INFO] Peak 10GB memory:  9716 MB
2026-04-06 10:22:12 [INFO] Avg  10GB memory:  6537 MB
2026-04-06 10:22:12 [INFO] [35/198] Split [22, 8, 5, 5] | Batch: 64 | Microbatch: 4 | Microbatches: 16
2026-04-06 10:22:12 [INFO] Loading WikiText... (SEQ_LEN=64, BATCH=64)
2026-04-06 10:22:33 [INFO] [Rank 2] Loading weights...
2026-04-06 10:22:34 [INFO] [Rank 3] Loading weights...
2026-04-06 10:22:40 [INFO] [Rank 1] Loading weights...
2026-04-06 10:22:45 [INFO] [Rank 2] Weights loaded.
2026-04-06 10:22:46 [INFO] [Rank 3] Weights loaded.
2026-04-06 10:22:52 [INFO] [Rank 1] Weights loaded.
2026-04-06 10:23:12 [INFO] [Rank 0] Loading weights...
2026-04-06 10:23:25 [INFO] [Rank 0] Weights loaded.
2026-04-06 10:34:23 [INFO] [Rank 1] Finished. Latency: 657094 ms
2026-04-06 10:34:23 [INFO] [Rank 2] Finished. Latency: 657094 ms
2026-04-06 10:34:23 [INFO] [Rank 0] Finished. Latency: 657094 ms
2026-04-06 10:34:23 [INFO] [Rank 3] Finished. Latency: 657110 ms
2026-04-06 10:34:27 [INFO] Total latency:     657094 ms
2026-04-06 10:34:27 [INFO] Peak 10GB memory:  9512 MB
2026-04-06 10:34:27 [INFO] Avg  10GB memory:  6283 MB
2026-04-06 10:34:27 [INFO] [36/198] Split [22, 8, 5, 5] | Batch: 64 | Microbatch: 2 | Microbatches: 32
2026-04-06 10:34:27 [INFO] Loading WikiText... (SEQ_LEN=64, BATCH=64)
2026-04-06 10:34:48 [INFO] [Rank 2] Loading weights...
2026-04-06 10:34:49 [INFO] [Rank 3] Loading weights...
2026-04-06 10:34:55 [INFO] [Rank 1] Loading weights...
2026-04-06 10:34:59 [INFO] [Rank 2] Weights loaded.
2026-04-06 10:35:01 [INFO] [Rank 3] Weights loaded.
2026-04-06 10:35:06 [INFO] [Rank 1] Weights loaded.
2026-04-06 10:35:26 [INFO] [Rank 0] Loading weights...
2026-04-06 10:35:40 [INFO] [Rank 0] Weights loaded.
2026-04-06 10:55:52 [INFO] [Rank 2] Finished. Latency: 1212042 ms
2026-04-06 10:55:52 [INFO] [Rank 1] Finished. Latency: 1212042 ms
2026-04-06 10:55:52 [INFO] [Rank 0] Finished. Latency: 1212042 ms
2026-04-06 10:55:52 [INFO] [Rank 3] Finished. Latency: 1212055 ms
2026-04-06 10:55:56 [INFO] Total latency:     1212042 ms
2026-04-06 10:55:56 [INFO] Peak 10GB memory:  8670 MB
2026-04-06 10:55:56 [INFO] Avg  10GB memory:  5878 MB
2026-04-06 10:55:56 [INFO] [37/198] Split [22, 9, 5, 4] | Batch: 32 | Microbatch: 16 | Microbatches: 2
2026-04-06 10:55:56 [INFO] Loading WikiText... (SEQ_LEN=64, BATCH=32)
2026-04-06 10:56:15 [INFO] [Rank 3] Loading weights...
2026-04-06 10:56:16 [INFO] [Rank 2] Loading weights...
2026-04-06 10:56:25 [INFO] [Rank 1] Loading weights...
2026-04-06 10:56:26 [INFO] [Rank 3] Weights loaded.
2026-04-06 10:56:28 [INFO] [Rank 2] Weights loaded.
2026-04-06 10:56:37 [INFO] [Rank 1] Weights loaded.
2026-04-06 10:56:55 [INFO] [Rank 0] Loading weights...
2026-04-06 10:57:08 [INFO] [Rank 0] Weights loaded.
2026-04-06 10:59:11 [INFO] [Rank 1] Finished. Latency: 122393 ms
2026-04-06 10:59:11 [INFO] [Rank 2] Finished. Latency: 122393 ms
2026-04-06 10:59:11 [INFO] [Rank 0] Finished. Latency: 122393 ms
2026-04-06 10:59:11 [INFO] [Rank 3] Finished. Latency: 122417 ms
2026-04-06 10:59:15 [INFO] Total latency:     122393 ms
2026-04-06 10:59:15 [INFO] Peak 10GB memory:  9720 MB
2026-04-06 10:59:15 [INFO] Avg  10GB memory:  4921 MB
2026-04-06 10:59:15 [INFO] [38/198] Split [22, 9, 5, 4] | Batch: 32 | Microbatch: 8 | Microbatches: 4
2026-04-06 10:59:15 [INFO] Loading WikiText... (SEQ_LEN=64, BATCH=32)
2026-04-06 10:59:34 [INFO] [Rank 3] Loading weights...
2026-04-06 10:59:36 [INFO] [Rank 2] Loading weights...
2026-04-06 10:59:45 [INFO] [Rank 1] Loading weights...
2026-04-06 10:59:46 [INFO] [Rank 3] Weights loaded.
2026-04-06 10:59:47 [INFO] [Rank 2] Weights loaded.
2026-04-06 10:59:56 [INFO] [Rank 1] Weights loaded.
2026-04-06 11:00:14 [INFO] [Rank 0] Loading weights...
2026-04-06 11:00:28 [INFO] [Rank 0] Weights loaded.
2026-04-06 11:03:37 [INFO] [Rank 1] Finished. Latency: 188646 ms
2026-04-06 11:03:37 [INFO] [Rank 2] Finished. Latency: 188646 ms
2026-04-06 11:03:37 [INFO] [Rank 0] Finished. Latency: 188646 ms
2026-04-06 11:03:37 [INFO] [Rank 3] Finished. Latency: 188662 ms
2026-04-06 11:03:40 [INFO] Total latency:     188646 ms
2026-04-06 11:03:40 [INFO] Peak 10GB memory:  9306 MB
2026-04-06 11:03:40 [INFO] Avg  10GB memory:  4916 MB
2026-04-06 11:03:41 [INFO] [39/198] Split [22, 9, 5, 4] | Batch: 32 | Microbatch: 4 | Microbatches: 8
2026-04-06 11:03:41 [INFO] Loading WikiText... (SEQ_LEN=64, BATCH=32)
2026-04-06 11:04:01 [INFO] [Rank 3] Loading weights...
2026-04-06 11:04:01 [INFO] [Rank 2] Loading weights...
2026-04-06 11:04:11 [INFO] [Rank 1] Loading weights...
2026-04-06 11:04:12 [INFO] [Rank 3] Weights loaded.
2026-04-06 11:04:13 [INFO] [Rank 2] Weights loaded.
2026-04-06 11:04:22 [INFO] [Rank 1] Weights loaded.
2026-04-06 11:04:40 [INFO] [Rank 0] Loading weights...
2026-04-06 11:04:54 [INFO] [Rank 0] Weights loaded.
2026-04-06 11:10:17 [INFO] [Rank 2] Finished. Latency: 322738 ms
2026-04-06 11:10:17 [INFO] [Rank 1] Finished. Latency: 322738 ms
2026-04-06 11:10:17 [INFO] [Rank 0] Finished. Latency: 322738 ms
2026-04-06 11:10:17 [INFO] [Rank 3] Finished. Latency: 322751 ms
2026-04-06 11:10:21 [INFO] Total latency:     322738 ms
2026-04-06 11:10:21 [INFO] Peak 10GB memory:  9124 MB
2026-04-06 11:10:21 [INFO] Avg  10GB memory:  4377 MB
2026-04-06 11:10:21 [INFO] [40/198] Split [22, 9, 5, 4] | Batch: 32 | Microbatch: 2 | Microbatches: 16
2026-04-06 11:10:21 [INFO] Loading WikiText... (SEQ_LEN=64, BATCH=32)
2026-04-06 11:10:40 [INFO] [Rank 3] Loading weights...
2026-04-06 11:10:42 [INFO] [Rank 2] Loading weights...
2026-04-06 11:10:51 [INFO] [Rank 1] Loading weights...
2026-04-06 11:10:52 [INFO] [Rank 3] Weights loaded.
2026-04-06 11:10:53 [INFO] [Rank 2] Weights loaded.
2026-04-06 11:11:02 [INFO] [Rank 1] Weights loaded.
2026-04-06 11:11:20 [INFO] [Rank 0] Loading weights...
2026-04-06 11:11:34 [INFO] [Rank 0] Weights loaded.
2026-04-06 11:21:32 [INFO] [Rank 2] Finished. Latency: 598078 ms
2026-04-06 11:21:32 [INFO] [Rank 1] Finished. Latency: 598079 ms
2026-04-06 11:21:32 [INFO] [Rank 0] Finished. Latency: 598079 ms
2026-04-06 11:21:32 [INFO] [Rank 3] Finished. Latency: 598089 ms
2026-04-06 11:21:36 [INFO] Total latency:     598079 ms
2026-04-06 11:21:36 [INFO] Peak 10GB memory:  4970 MB
2026-04-06 11:21:36 [INFO] Avg  10GB memory:  3762 MB
2026-04-06 11:21:36 [INFO] [41/198] Split [22, 9, 5, 4] | Batch: 64 | Microbatch: 32 | Microbatches: 2
2026-04-06 11:21:36 [INFO] Loading WikiText... (SEQ_LEN=64, BATCH=64)
2026-04-06 11:21:56 [INFO] [Rank 3] Loading weights...
2026-04-06 11:21:57 [INFO] [Rank 2] Loading weights...
2026-04-06 11:22:06 [INFO] [Rank 1] Loading weights...
2026-04-06 11:22:07 [INFO] [Rank 3] Weights loaded.
2026-04-06 11:22:08 [INFO] [Rank 2] Weights loaded.
2026-04-06 11:22:18 [INFO] [Rank 1] Weights loaded.
2026-04-06 11:22:35 [INFO] [Rank 0] Loading weights...
2026-04-06 11:22:49 [INFO] [Rank 0] Weights loaded.
2026-04-06 11:25:56 [INFO] [Rank 1] Finished. Latency: 187084 ms
2026-04-06 11:25:56 [INFO] [Rank 2] Finished. Latency: 187084 ms
2026-04-06 11:25:56 [INFO] [Rank 0] Finished. Latency: 187084 ms
2026-04-06 11:25:56 [INFO] [Rank 3] Finished. Latency: 187124 ms
2026-04-06 11:26:00 [INFO] Total latency:     187084 ms
2026-04-06 11:26:00 [INFO] Peak 10GB memory:  9700 MB
2026-04-06 11:26:00 [INFO] Avg  10GB memory:  5740 MB
2026-04-06 11:26:00 [INFO] [42/198] Split [22, 9, 5, 4] | Batch: 64 | Microbatch: 16 | Microbatches: 4
2026-04-06 11:26:00 [INFO] Loading WikiText... (SEQ_LEN=64, BATCH=64)
2026-04-06 11:26:20 [INFO] [Rank 3] Loading weights...
2026-04-06 11:26:21 [INFO] [Rank 2] Loading weights...
2026-04-06 11:26:30 [INFO] [Rank 1] Loading weights...
2026-04-06 11:26:31 [INFO] [Rank 3] Weights loaded.
2026-04-06 11:26:32 [INFO] [Rank 2] Weights loaded.
2026-04-06 11:26:41 [INFO] [Rank 1] Weights loaded.
2026-04-06 11:27:00 [INFO] [Rank 0] Loading weights...
2026-04-06 11:27:13 [INFO] [Rank 0] Weights loaded.
2026-04-06 11:31:19 [INFO] [Rank 2] Finished. Latency: 246013 ms
2026-04-06 11:31:19 [INFO] [Rank 1] Finished. Latency: 246013 ms
2026-04-06 11:31:19 [INFO] [Rank 0] Finished. Latency: 246013 ms
2026-04-06 11:31:19 [INFO] [Rank 3] Finished. Latency: 246037 ms
2026-04-06 11:31:23 [INFO] Total latency:     246013 ms
2026-04-06 11:31:23 [INFO] Peak 10GB memory:  9718 MB
2026-04-06 11:31:23 [INFO] Avg  10GB memory:  5689 MB
2026-04-06 11:31:23 [INFO] [43/198] Split [22, 9, 5, 4] | Batch: 64 | Microbatch: 8 | Microbatches: 8
2026-04-06 11:31:23 [INFO] Loading WikiText... (SEQ_LEN=64, BATCH=64)
2026-04-06 11:31:43 [INFO] [Rank 3] Loading weights...
2026-04-06 11:31:44 [INFO] [Rank 2] Loading weights...
2026-04-06 11:31:53 [INFO] [Rank 1] Loading weights...
2026-04-06 11:31:55 [INFO] [Rank 3] Weights loaded.
2026-04-06 11:31:55 [INFO] [Rank 2] Weights loaded.
2026-04-06 11:32:05 [INFO] [Rank 1] Weights loaded.
2026-04-06 11:32:23 [INFO] [Rank 0] Loading weights...
2026-04-06 11:32:36 [INFO] [Rank 0] Weights loaded.
2026-04-06 11:38:54 [INFO] [Rank 2] Finished. Latency: 377516 ms
2026-04-06 11:38:54 [INFO] [Rank 1] Finished. Latency: 377516 ms
2026-04-06 11:38:54 [INFO] [Rank 0] Finished. Latency: 377516 ms
2026-04-06 11:38:54 [INFO] [Rank 3] Finished. Latency: 377533 ms
2026-04-06 11:38:58 [INFO] Total latency:     377516 ms
2026-04-06 11:38:58 [INFO] Peak 10GB memory:  9650 MB
2026-04-06 11:38:58 [INFO] Avg  10GB memory:  5907 MB
2026-04-06 11:38:58 [INFO] [44/198] Split [22, 9, 5, 4] | Batch: 64 | Microbatch: 4 | Microbatches: 16
2026-04-06 11:38:58 [INFO] Loading WikiText... (SEQ_LEN=64, BATCH=64)
2026-04-06 11:39:18 [INFO] [Rank 3] Loading weights...
2026-04-06 11:39:19 [INFO] [Rank 2] Loading weights...
2026-04-06 11:39:28 [INFO] [Rank 1] Loading weights...
2026-04-06 11:39:29 [INFO] [Rank 3] Weights loaded.
2026-04-06 11:39:31 [INFO] [Rank 2] Weights loaded.
2026-04-06 11:39:40 [INFO] [Rank 1] Weights loaded.
2026-04-06 11:39:57 [INFO] [Rank 0] Loading weights...
2026-04-06 11:40:11 [INFO] [Rank 0] Weights loaded.
2026-04-06 11:50:56 [INFO] [Rank 2] Finished. Latency: 644542 ms
2026-04-06 11:50:56 [INFO] [Rank 1] Finished. Latency: 644542 ms
2026-04-06 11:50:56 [INFO] [Rank 0] Finished. Latency: 644542 ms
2026-04-06 11:50:56 [INFO] [Rank 3] Finished. Latency: 644554 ms
2026-04-06 11:51:00 [INFO] Total latency:     644542 ms
2026-04-06 11:51:00 [INFO] Peak 10GB memory:  9354 MB
2026-04-06 11:51:00 [INFO] Avg  10GB memory:  5688 MB
2026-04-06 11:51:00 [INFO] [45/198] Split [22, 9, 5, 4] | Batch: 64 | Microbatch: 2 | Microbatches: 32
2026-04-06 11:51:00 [INFO] Loading WikiText... (SEQ_LEN=64, BATCH=64)
2026-04-06 11:51:19 [INFO] [Rank 3] Loading weights...
2026-04-06 11:51:20 [INFO] [Rank 2] Loading weights...
2026-04-06 11:51:29 [INFO] [Rank 1] Loading weights...
2026-04-06 11:51:31 [INFO] [Rank 3] Weights loaded.
2026-04-06 11:51:32 [INFO] [Rank 2] Weights loaded.
2026-04-06 11:51:41 [INFO] [Rank 1] Weights loaded.
2026-04-06 11:51:59 [INFO] [Rank 0] Loading weights...
2026-04-06 11:52:13 [INFO] [Rank 0] Weights loaded.
2026-04-06 12:12:05 [INFO] [Rank 2] Finished. Latency: 1192719 ms
2026-04-06 12:12:05 [INFO] [Rank 1] Finished. Latency: 1192719 ms
2026-04-06 12:12:05 [INFO] [Rank 0] Finished. Latency: 1192719 ms
2026-04-06 12:12:05 [INFO] [Rank 3] Finished. Latency: 1192730 ms
2026-04-06 12:12:07 [ERROR] Hang detected: ranks still alive after timeout: 0
2026-04-06 12:12:09 [INFO] [46/198] Split [22, 10, 4, 4] | Batch: 32 | Microbatch: 16 | Microbatches: 2
2026-04-06 12:12:09 [INFO] Loading WikiText... (SEQ_LEN=64, BATCH=32)
2026-04-06 12:14:28 [INFO] [Rank 2] Loading weights...
2026-04-06 12:14:29 [WARNING] '(ReadTimeoutError("HTTPSConnectionPool(host='huggingface.co', port=443): Read timed out. (read timeout=10)"), '(Request ID: 5070ded7-cec8-4d33-915b-81fc841c7b7b)')' thrown while requesting HEAD https://huggingface.co/lmsys/vicuna-13b-v1.5/resolve/main/config.json
2026-04-06 12:14:29 [WARNING] Retrying in 1s [Retry 1/5].
2026-04-06 12:14:29 [WARNING] '(ReadTimeoutError("HTTPSConnectionPool(host='huggingface.co', port=443): Read timed out. (read timeout=10)"), '(Request ID: defe8f8d-551b-46a3-b323-fab6450a65a9)')' thrown while requesting HEAD https://huggingface.co/lmsys/vicuna-13b-v1.5/resolve/main/config.json
2026-04-06 12:14:29 [WARNING] Retrying in 1s [Retry 1/5].
2026-04-06 12:14:39 [INFO] [Rank 2] Weights loaded.
2026-04-06 12:14:40 [WARNING] '(ReadTimeoutError("HTTPSConnectionPool(host='huggingface.co', port=443): Read timed out. (read timeout=10)"), '(Request ID: 08294b6c-e7ec-46b8-8a08-c587f22a1b69)')' thrown while requesting HEAD https://huggingface.co/lmsys/vicuna-13b-v1.5/resolve/main/config.json
2026-04-06 12:14:40 [WARNING] Retrying in 2s [Retry 2/5].
2026-04-06 12:14:40 [INFO] [Rank 3] Loading weights...
2026-04-06 12:14:41 [INFO] [Rank 1] Loading weights...
2026-04-06 12:14:51 [INFO] [Rank 3] Weights loaded.
2026-04-06 12:14:52 [WARNING] '(ReadTimeoutError("HTTPSConnectionPool(host='huggingface.co', port=443): Read timed out. (read timeout=10)"), '(Request ID: 1c5f1d90-459f-411c-a8f3-f02bc30d1385)')' thrown while requesting HEAD https://huggingface.co/lmsys/vicuna-13b-v1.5/resolve/main/config.json
2026-04-06 12:14:52 [WARNING] Retrying in 4s [Retry 3/5].
2026-04-06 12:14:53 [INFO] [Rank 1] Weights loaded.
2026-04-06 12:15:45 [INFO] [Rank 0] Loading weights...
2026-04-06 12:15:55 [WARNING] '(ReadTimeoutError("HTTPSConnectionPool(host='huggingface.co', port=443): Read timed out. (read timeout=10)"), '(Request ID: 02225493-c341-46d3-91e2-8b76a5abacd9)')' thrown while requesting HEAD https://huggingface.co/lmsys/vicuna-13b-v1.5/resolve/main/pytorch_model.bin.index.json
2026-04-06 12:15:55 [WARNING] Retrying in 1s [Retry 1/5].
2026-04-06 12:16:06 [WARNING] '(ReadTimeoutError("HTTPSConnectionPool(host='huggingface.co', port=443): Read timed out. (read timeout=10)"), '(Request ID: 6ac29f89-5694-46bc-80ec-582cfd16d86d)')' thrown while requesting HEAD https://huggingface.co/lmsys/vicuna-13b-v1.5/resolve/main/pytorch_model.bin.index.json
2026-04-06 12:16:06 [WARNING] Retrying in 2s [Retry 2/5].
2026-04-06 12:16:18 [WARNING] '(ReadTimeoutError("HTTPSConnectionPool(host='huggingface.co', port=443): Read timed out. (read timeout=10)"), '(Request ID: e3c240d2-ec72-489f-b600-7c644631fafc)')' thrown while requesting HEAD https://huggingface.co/lmsys/vicuna-13b-v1.5/resolve/main/pytorch_model.bin.index.json
2026-04-06 12:16:18 [WARNING] Retrying in 4s [Retry 3/5].
2026-04-06 12:16:32 [WARNING] '(ReadTimeoutError("HTTPSConnectionPool(host='huggingface.co', port=443): Read timed out. (read timeout=10)"), '(Request ID: 5cb2b80b-0437-4864-88a5-f4a50e8ab4ca)')' thrown while requesting HEAD https://huggingface.co/lmsys/vicuna-13b-v1.5/resolve/main/pytorch_model.bin.index.json
2026-04-06 12:16:32 [WARNING] Retrying in 8s [Retry 4/5].
2026-04-06 12:16:54 [INFO] [Rank 0] Weights loaded.
2026-04-06 12:18:54 [INFO] [Rank 1] Finished. Latency: 120022 ms
2026-04-06 12:18:54 [INFO] [Rank 2] Finished. Latency: 120022 ms
2026-04-06 12:18:54 [INFO] [Rank 0] Finished. Latency: 120022 ms
2026-04-06 12:18:54 [INFO] [Rank 3] Finished. Latency: 120046 ms
2026-04-06 12:18:58 [INFO] Total latency:     120022 ms
2026-04-06 12:18:58 [INFO] Peak 10GB memory:  9696 MB
2026-04-06 12:18:58 [INFO] Avg  10GB memory:  4109 MB
2026-04-06 12:18:58 [INFO] [47/198] Split [22, 10, 4, 4] | Batch: 32 | Microbatch: 8 | Microbatches: 4
2026-04-06 12:18:58 [INFO] Loading WikiText... (SEQ_LEN=64, BATCH=32)
2026-04-06 12:19:08 [WARNING] '(ReadTimeoutError("HTTPSConnectionPool(host='huggingface.co', port=443): Read timed out. (read timeout=10)"), '(Request ID: 0f314b3f-9af7-4579-b1dd-5bfa579f929f)')' thrown while requesting HEAD https://huggingface.co/datasets/Salesforce/wikitext/resolve/b08601e04326c79dfdd32d625aee71d232d685c3/wikitext.py
2026-04-06 12:19:08 [WARNING] Retrying in 1s [Retry 1/5].
2026-04-06 12:19:20 [WARNING] '(ReadTimeoutError("HTTPSConnectionPool(host='huggingface.co', port=443): Read timed out. (read timeout=10)"), '(Request ID: 6fde8d5d-9efc-46b7-971a-8d6b322e941d)')' thrown while requesting HEAD https://huggingface.co/lmsys/vicuna-13b-v1.5/resolve/main/tokenizer_config.json
2026-04-06 12:19:20 [WARNING] Retrying in 1s [Retry 1/5].
2026-04-06 12:19:56 [INFO] [Rank 2] Loading weights...
2026-04-06 12:19:57 [INFO] [Rank 3] Loading weights...
2026-04-06 12:20:08 [INFO] [Rank 2] Weights loaded.
2026-04-06 12:20:09 [INFO] [Rank 3] Weights loaded.
2026-04-06 12:20:10 [INFO] [Rank 1] Loading weights...
2026-04-06 12:20:22 [INFO] [Rank 1] Weights loaded.
2026-04-06 12:20:38 [INFO] [Rank 0] Loading weights...
2026-04-06 12:20:51 [INFO] [Rank 0] Weights loaded.
2026-04-06 12:23:56 [INFO] [Rank 2] Finished. Latency: 185097 ms
2026-04-06 12:23:56 [INFO] [Rank 1] Finished. Latency: 185097 ms
2026-04-06 12:23:56 [INFO] [Rank 0] Finished. Latency: 185097 ms
2026-04-06 12:23:56 [INFO] [Rank 3] Finished. Latency: 185114 ms
2026-04-06 12:24:00 [INFO] Total latency:     185097 ms
2026-04-06 12:24:00 [INFO] Peak 10GB memory:  9306 MB
2026-04-06 12:24:00 [INFO] Avg  10GB memory:  4915 MB
2026-04-06 12:24:00 [INFO] [48/198] Split [22, 10, 4, 4] | Batch: 32 | Microbatch: 4 | Microbatches: 8
2026-04-06 12:24:00 [INFO] Loading WikiText... (SEQ_LEN=64, BATCH=32)
2026-04-06 12:24:19 [INFO] [Rank 2] Loading weights...
2026-04-06 12:24:20 [INFO] [Rank 3] Loading weights...
2026-04-06 12:24:30 [INFO] [Rank 2] Weights loaded.
2026-04-06 12:24:31 [INFO] [Rank 3] Weights loaded.
2026-04-06 12:24:32 [INFO] [Rank 1] Loading weights...
2026-04-06 12:24:44 [INFO] [Rank 1] Weights loaded.
2026-04-06 12:25:00 [INFO] [Rank 0] Loading weights...
2026-04-06 12:25:13 [INFO] [Rank 0] Weights loaded.
2026-04-06 12:30:30 [INFO] [Rank 2] Finished. Latency: 316369 ms
2026-04-06 12:30:30 [INFO] [Rank 1] Finished. Latency: 316369 ms
2026-04-06 12:30:30 [INFO] [Rank 0] Finished. Latency: 316369 ms
2026-04-06 12:30:30 [INFO] [Rank 3] Finished. Latency: 316382 ms
2026-04-06 12:30:34 [INFO] Total latency:     316369 ms
2026-04-06 12:30:34 [INFO] Peak 10GB memory:  9124 MB
2026-04-06 12:30:34 [INFO] Avg  10GB memory:  4388 MB
2026-04-06 12:30:34 [INFO] [49/198] Split [22, 10, 4, 4] | Batch: 32 | Microbatch: 2 | Microbatches: 16
2026-04-06 12:30:34 [INFO] Loading WikiText... (SEQ_LEN=64, BATCH=32)
2026-04-06 12:30:52 [INFO] [Rank 2] Loading weights...
2026-04-06 12:30:53 [INFO] [Rank 3] Loading weights...
2026-04-06 12:31:03 [INFO] [Rank 2] Weights loaded.
2026-04-06 12:31:04 [INFO] [Rank 3] Weights loaded.
2026-04-06 12:31:06 [INFO] [Rank 1] Loading weights...
2026-04-06 12:31:17 [INFO] [Rank 1] Weights loaded.
2026-04-06 12:31:33 [INFO] [Rank 0] Loading weights...
2026-04-06 12:31:46 [INFO] [Rank 0] Weights loaded.
2026-04-06 12:41:33 [INFO] [Rank 2] Finished. Latency: 586721 ms
2026-04-06 12:41:33 [INFO] [Rank 1] Finished. Latency: 586721 ms
2026-04-06 12:41:33 [INFO] [Rank 0] Finished. Latency: 586721 ms
2026-04-06 12:41:33 [INFO] [Rank 3] Finished. Latency: 586731 ms
2026-04-06 12:41:37 [INFO] Total latency:     586721 ms
2026-04-06 12:41:37 [INFO] Peak 10GB memory:  4970 MB
2026-04-06 12:41:37 [INFO] Avg  10GB memory:  3763 MB
2026-04-06 12:41:37 [INFO] [50/198] Split [22, 10, 4, 4] | Batch: 64 | Microbatch: 32 | Microbatches: 2
2026-04-06 12:41:37 [INFO] Loading WikiText... (SEQ_LEN=64, BATCH=64)
2026-04-06 12:41:55 [INFO] [Rank 2] Loading weights...
2026-04-06 12:41:56 [INFO] [Rank 3] Loading weights...
2026-04-06 12:42:07 [INFO] [Rank 2] Weights loaded.
2026-04-06 12:42:08 [INFO] [Rank 3] Weights loaded.
2026-04-06 12:42:09 [INFO] [Rank 1] Loading weights...
2026-04-06 12:42:21 [INFO] [Rank 1] Weights loaded.
2026-04-06 12:42:36 [INFO] [Rank 0] Loading weights...
2026-04-06 12:42:50 [INFO] [Rank 0] Weights loaded.
2026-04-06 12:45:54 [INFO] [Rank 2] Finished. Latency: 183846 ms
2026-04-06 12:45:54 [INFO] [Rank 0] Finished. Latency: 183846 ms
2026-04-06 12:45:54 [INFO] [Rank 1] Finished. Latency: 183846 ms
2026-04-06 12:45:54 [INFO] [Rank 3] Finished. Latency: 183886 ms
2026-04-06 12:45:58 [INFO] Total latency:     183846 ms
2026-04-06 12:45:58 [INFO] Peak 10GB memory:  9718 MB
2026-04-06 12:45:58 [INFO] Avg  10GB memory:  5738 MB
2026-04-06 12:45:58 [INFO] [51/198] Split [22, 10, 4, 4] | Batch: 64 | Microbatch: 16 | Microbatches: 4
2026-04-06 12:45:58 [INFO] Loading WikiText... (SEQ_LEN=64, BATCH=64)
2026-04-06 12:46:16 [INFO] [Rank 2] Loading weights...
2026-04-06 12:46:17 [INFO] [Rank 3] Loading weights...
2026-04-06 12:46:28 [INFO] [Rank 2] Weights loaded.
2026-04-06 12:46:29 [INFO] [Rank 3] Weights loaded.
2026-04-06 12:46:30 [INFO] [Rank 1] Loading weights...
2026-04-06 12:46:41 [INFO] [Rank 1] Weights loaded.
2026-04-06 12:46:57 [INFO] [Rank 0] Loading weights...
2026-04-06 12:47:11 [INFO] [Rank 0] Weights loaded.
2026-04-06 12:51:12 [INFO] [Rank 1] Finished. Latency: 241184 ms
2026-04-06 12:51:12 [INFO] [Rank 2] Finished. Latency: 241184 ms
2026-04-06 12:51:12 [INFO] [Rank 0] Finished. Latency: 241185 ms
2026-04-06 12:51:12 [INFO] [Rank 3] Finished. Latency: 241209 ms
2026-04-06 12:51:16 [INFO] Total latency:     241185 ms
2026-04-06 12:51:16 [INFO] Peak 10GB memory:  9718 MB
2026-04-06 12:51:16 [INFO] Avg  10GB memory:  5656 MB
2026-04-06 12:51:16 [INFO] [52/198] Split [22, 10, 4, 4] | Batch: 64 | Microbatch: 8 | Microbatches: 8
2026-04-06 12:51:16 [INFO] Loading WikiText... (SEQ_LEN=64, BATCH=64)
2026-04-06 12:51:35 [INFO] [Rank 2] Loading weights...
2026-04-06 12:51:36 [INFO] [Rank 3] Loading weights...
2026-04-06 12:51:46 [INFO] [Rank 2] Weights loaded.
2026-04-06 12:51:48 [INFO] [Rank 3] Weights loaded.
2026-04-06 12:51:49 [INFO] [Rank 1] Loading weights...
2026-04-06 12:52:01 [INFO] [Rank 1] Weights loaded.
2026-04-06 12:52:16 [INFO] [Rank 0] Loading weights...
2026-04-06 12:52:30 [INFO] [Rank 0] Weights loaded.
2026-04-06 12:58:40 [INFO] [Rank 2] Finished. Latency: 369849 ms
2026-04-06 12:58:40 [INFO] [Rank 1] Finished. Latency: 369849 ms
2026-04-06 12:58:40 [INFO] [Rank 0] Finished. Latency: 369849 ms
2026-04-06 12:58:40 [INFO] [Rank 3] Finished. Latency: 369866 ms
2026-04-06 12:58:44 [INFO] Total latency:     369849 ms
2026-04-06 12:58:44 [INFO] Peak 10GB memory:  9650 MB
2026-04-06 12:58:44 [INFO] Avg  10GB memory:  5885 MB
2026-04-06 12:58:44 [INFO] [53/198] Split [22, 10, 4, 4] | Batch: 64 | Microbatch: 4 | Microbatches: 16
2026-04-06 12:58:44 [INFO] Loading WikiText... (SEQ_LEN=64, BATCH=64)
2026-04-06 12:59:02 [INFO] [Rank 2] Loading weights...
2026-04-06 12:59:03 [INFO] [Rank 3] Loading weights...
2026-04-06 12:59:13 [INFO] [Rank 2] Weights loaded.
2026-04-06 12:59:15 [INFO] [Rank 3] Weights loaded.
2026-04-06 12:59:16 [INFO] [Rank 1] Loading weights...
2026-04-06 12:59:28 [INFO] [Rank 1] Weights loaded.
2026-04-06 12:59:43 [INFO] [Rank 0] Loading weights...
2026-04-06 12:59:57 [INFO] [Rank 0] Weights loaded.
2026-04-06 13:10:28 [INFO] [Rank 2] Finished. Latency: 631030 ms
2026-04-06 13:10:28 [INFO] [Rank 1] Finished. Latency: 631030 ms
2026-04-06 13:10:28 [INFO] [Rank 0] Finished. Latency: 631030 ms
2026-04-06 13:10:28 [INFO] [Rank 3] Finished. Latency: 631042 ms
2026-04-06 13:10:32 [INFO] Total latency:     631030 ms
2026-04-06 13:10:32 [INFO] Peak 10GB memory:  9354 MB
2026-04-06 13:10:32 [INFO] Avg  10GB memory:  5686 MB
2026-04-06 13:10:32 [INFO] [54/198] Split [22, 10, 4, 4] | Batch: 64 | Microbatch: 2 | Microbatches: 32
2026-04-06 13:10:32 [INFO] Loading WikiText... (SEQ_LEN=64, BATCH=64)
2026-04-06 13:10:50 [INFO] [Rank 2] Loading weights...
2026-04-06 13:10:51 [INFO] [Rank 3] Loading weights...
2026-04-06 13:11:02 [INFO] [Rank 2] Weights loaded.
2026-04-06 13:11:03 [INFO] [Rank 3] Weights loaded.
2026-04-06 13:11:03 [INFO] [Rank 1] Loading weights...
2026-04-06 13:11:15 [INFO] [Rank 1] Weights loaded.
2026-04-06 13:11:31 [INFO] [Rank 0] Loading weights...
2026-04-06 13:11:45 [INFO] [Rank 0] Weights loaded.
2026-04-06 13:31:16 [INFO] [Rank 2] Finished. Latency: 1171686 ms
2026-04-06 13:31:16 [INFO] [Rank 1] Finished. Latency: 1171686 ms
2026-04-06 13:31:16 [INFO] [Rank 0] Finished. Latency: 1171686 ms
2026-04-06 13:31:16 [INFO] [Rank 3] Finished. Latency: 1171697 ms
2026-04-06 13:31:20 [INFO] Total latency:     1171686 ms
2026-04-06 13:31:20 [INFO] Peak 10GB memory:  7038 MB
2026-04-06 13:31:20 [INFO] Avg  10GB memory:  4798 MB
2026-04-06 13:31:20 [INFO] [55/198] Split [22, 10, 5, 3] | Batch: 32 | Microbatch: 16 | Microbatches: 2
2026-04-06 13:31:20 [INFO] Loading WikiText... (SEQ_LEN=64, BATCH=32)
2026-04-06 13:31:38 [INFO] [Rank 3] Loading weights...
2026-04-06 13:31:41 [INFO] [Rank 2] Loading weights...
2026-04-06 13:31:49 [INFO] [Rank 3] Weights loaded.
2026-04-06 13:31:52 [INFO] [Rank 1] Loading weights...
2026-04-06 13:31:53 [INFO] [Rank 2] Weights loaded.
2026-04-06 13:32:04 [INFO] [Rank 1] Weights loaded.
2026-04-06 13:32:20 [INFO] [Rank 0] Loading weights...
2026-04-06 13:32:34 [INFO] [Rank 0] Weights loaded.
2026-04-06 13:34:34 [INFO] [Rank 2] Finished. Latency: 120254 ms
2026-04-06 13:34:34 [INFO] [Rank 1] Finished. Latency: 120254 ms
2026-04-06 13:34:34 [INFO] [Rank 0] Finished. Latency: 120254 ms
2026-04-06 13:34:34 [INFO] [Rank 3] Finished. Latency: 120272 ms
2026-04-06 13:34:38 [INFO] Total latency:     120254 ms
2026-04-06 13:34:38 [INFO] Peak 10GB memory:  9606 MB
2026-04-06 13:34:38 [INFO] Avg  10GB memory:  4298 MB
2026-04-06 13:34:38 [INFO] [56/198] Split [22, 10, 5, 3] | Batch: 32 | Microbatch: 8 | Microbatches: 4
2026-04-06 13:34:38 [INFO] Loading WikiText... (SEQ_LEN=64, BATCH=32)
2026-04-06 13:34:56 [INFO] [Rank 3] Loading weights...
2026-04-06 13:34:59 [INFO] [Rank 2] Loading weights...
2026-04-06 13:35:07 [INFO] [Rank 3] Weights loaded.
2026-04-06 13:35:10 [INFO] [Rank 1] Loading weights...
2026-04-06 13:35:11 [INFO] [Rank 2] Weights loaded.
2026-04-06 13:35:22 [INFO] [Rank 1] Weights loaded.
2026-04-06 13:35:38 [INFO] [Rank 0] Loading weights...
2026-04-06 13:35:51 [INFO] [Rank 0] Weights loaded.
2026-04-06 13:38:57 [INFO] [Rank 1] Finished. Latency: 185449 ms
2026-04-06 13:38:57 [INFO] [Rank 2] Finished. Latency: 185448 ms
2026-04-06 13:38:57 [INFO] [Rank 0] Finished. Latency: 185449 ms
2026-04-06 13:38:57 [INFO] [Rank 3] Finished. Latency: 185461 ms
2026-04-06 13:39:01 [INFO] Total latency:     185449 ms
2026-04-06 13:39:01 [INFO] Peak 10GB memory:  9602 MB
2026-04-06 13:39:01 [INFO] Avg  10GB memory:  4359 MB
2026-04-06 13:39:01 [INFO] [57/198] Split [22, 10, 5, 3] | Batch: 32 | Microbatch: 4 | Microbatches: 8
2026-04-06 13:39:01 [INFO] Loading WikiText... (SEQ_LEN=64, BATCH=32)
2026-04-06 13:39:19 [INFO] [Rank 3] Loading weights...
2026-04-06 13:39:22 [INFO] [Rank 2] Loading weights...
2026-04-06 13:39:30 [INFO] [Rank 3] Weights loaded.
2026-04-06 13:39:34 [INFO] [Rank 1] Loading weights...
2026-04-06 13:39:34 [INFO] [Rank 2] Weights loaded.
2026-04-06 13:39:46 [INFO] [Rank 1] Weights loaded.
2026-04-06 13:40:01 [INFO] [Rank 0] Loading weights...
2026-04-06 13:40:14 [INFO] [Rank 0] Weights loaded.
2026-04-06 13:45:32 [INFO] [Rank 1] Finished. Latency: 317234 ms
2026-04-06 13:45:32 [INFO] [Rank 2] Finished. Latency: 317234 ms
2026-04-06 13:45:32 [INFO] [Rank 0] Finished. Latency: 317234 ms
2026-04-06 13:45:32 [INFO] [Rank 3] Finished. Latency: 317244 ms
2026-04-06 13:45:36 [INFO] Total latency:     317234 ms
2026-04-06 13:45:36 [INFO] Peak 10GB memory:  6980 MB
2026-04-06 13:45:36 [INFO] Avg  10GB memory:  3412 MB
2026-04-06 13:45:36 [INFO] [58/198] Split [22, 10, 5, 3] | Batch: 32 | Microbatch: 2 | Microbatches: 16
2026-04-06 13:45:36 [INFO] Loading WikiText... (SEQ_LEN=64, BATCH=32)
2026-04-06 13:45:53 [INFO] [Rank 3] Loading weights...
2026-04-06 13:45:57 [INFO] [Rank 2] Loading weights...
2026-04-06 13:46:05 [INFO] [Rank 3] Weights loaded.
2026-04-06 13:46:08 [INFO] [Rank 1] Loading weights...
2026-04-06 13:46:08 [INFO] [Rank 2] Weights loaded.
2026-04-06 13:46:20 [INFO] [Rank 1] Weights loaded.
2026-04-06 13:46:35 [INFO] [Rank 0] Loading weights...
2026-04-06 13:46:49 [INFO] [Rank 0] Weights loaded.
2026-04-06 13:56:36 [INFO] [Rank 1] Finished. Latency: 586686 ms
2026-04-06 13:56:36 [INFO] [Rank 2] Finished. Latency: 586686 ms
2026-04-06 13:56:36 [INFO] [Rank 0] Finished. Latency: 586686 ms
2026-04-06 13:56:36 [INFO] [Rank 3] Finished. Latency: 586694 ms
2026-04-06 13:56:40 [INFO] Total latency:     586686 ms
2026-04-06 13:56:40 [INFO] Peak 10GB memory:  3850 MB
2026-04-06 13:56:40 [INFO] Avg  10GB memory:  2946 MB
2026-04-06 13:56:40 [INFO] [59/198] Split [22, 10, 5, 3] | Batch: 64 | Microbatch: 32 | Microbatches: 2
2026-04-06 13:56:40 [INFO] Loading WikiText... (SEQ_LEN=64, BATCH=64)
2026-04-06 13:56:57 [INFO] [Rank 3] Loading weights...
2026-04-06 13:57:01 [INFO] [Rank 2] Loading weights...
2026-04-06 13:57:09 [INFO] [Rank 3] Weights loaded.
2026-04-06 13:57:12 [INFO] [Rank 1] Loading weights...
2026-04-06 13:57:12 [INFO] [Rank 2] Weights loaded.
2026-04-06 13:57:24 [INFO] [Rank 1] Weights loaded.
2026-04-06 13:57:40 [INFO] [Rank 0] Loading weights...
2026-04-06 13:57:53 [INFO] [Rank 0] Weights loaded.
2026-04-06 14:00:58 [INFO] [Rank 2] Finished. Latency: 184281 ms
2026-04-06 14:00:58 [INFO] [Rank 1] Finished. Latency: 184281 ms
2026-04-06 14:00:58 [INFO] [Rank 0] Finished. Latency: 184281 ms
2026-04-06 14:00:58 [INFO] [Rank 3] Finished. Latency: 184311 ms
2026-04-06 14:01:02 [INFO] Total latency:     184281 ms
2026-04-06 14:01:02 [INFO] Peak 10GB memory:  9666 MB
2026-04-06 14:01:02 [INFO] Avg  10GB memory:  5119 MB
2026-04-06 14:01:02 [INFO] [60/198] Split [22, 10, 5, 3] | Batch: 64 | Microbatch: 16 | Microbatches: 4
2026-04-06 14:01:02 [INFO] Loading WikiText... (SEQ_LEN=64, BATCH=64)
2026-04-06 14:01:19 [INFO] [Rank 3] Loading weights...
2026-04-06 14:01:22 [INFO] [Rank 2] Loading weights...
2026-04-06 14:01:30 [INFO] [Rank 3] Weights loaded.
2026-04-06 14:01:34 [INFO] [Rank 1] Loading weights...
2026-04-06 14:01:34 [INFO] [Rank 2] Weights loaded.
2026-04-06 14:01:45 [INFO] [Rank 1] Weights loaded.
2026-04-06 14:02:01 [INFO] [Rank 0] Loading weights...
2026-04-06 14:02:14 [INFO] [Rank 0] Weights loaded.
2026-04-06 14:06:16 [INFO] [Rank 1] Finished. Latency: 241626 ms
2026-04-06 14:06:16 [INFO] [Rank 2] Finished. Latency: 241626 ms
2026-04-06 14:06:16 [INFO] [Rank 0] Finished. Latency: 241626 ms
2026-04-06 14:06:16 [INFO] [Rank 3] Finished. Latency: 241644 ms
2026-04-06 14:06:20 [INFO] Total latency:     241626 ms
2026-04-06 14:06:20 [INFO] Peak 10GB memory:  9714 MB
2026-04-06 14:06:20 [INFO] Avg  10GB memory:  5122 MB
2026-04-06 14:06:20 [INFO] [61/198] Split [22, 10, 5, 3] | Batch: 64 | Microbatch: 8 | Microbatches: 8
2026-04-06 14:06:20 [INFO] Loading WikiText... (SEQ_LEN=64, BATCH=64)
2026-04-06 14:06:38 [INFO] [Rank 3] Loading weights...
2026-04-06 14:06:42 [INFO] [Rank 2] Loading weights...
2026-04-06 14:06:50 [INFO] [Rank 3] Weights loaded.
2026-04-06 14:06:53 [INFO] [Rank 2] Weights loaded.
2026-04-06 14:06:55 [INFO] [Rank 1] Loading weights...
2026-04-06 14:07:07 [INFO] [Rank 1] Weights loaded.
2026-04-06 14:07:21 [INFO] [Rank 0] Loading weights...
2026-04-06 14:07:34 [INFO] [Rank 0] Weights loaded.
2026-04-06 14:13:44 [INFO] [Rank 2] Finished. Latency: 370267 ms
2026-04-06 14:13:44 [INFO] [Rank 1] Finished. Latency: 370268 ms
2026-04-06 14:13:44 [INFO] [Rank 0] Finished. Latency: 370268 ms
2026-04-06 14:13:44 [INFO] [Rank 3] Finished. Latency: 370280 ms
2026-04-06 14:13:48 [INFO] Total latency:     370268 ms
2026-04-06 14:13:48 [INFO] Peak 10GB memory:  9716 MB
2026-04-06 14:13:48 [INFO] Avg  10GB memory:  5175 MB
2026-04-06 14:13:48 [INFO] [62/198] Split [22, 10, 5, 3] | Batch: 64 | Microbatch: 4 | Microbatches: 16
2026-04-06 14:13:48 [INFO] Loading WikiText... (SEQ_LEN=64, BATCH=64)
2026-04-06 14:14:06 [INFO] [Rank 3] Loading weights...
2026-04-06 14:14:09 [INFO] [Rank 2] Loading weights...
2026-04-06 14:14:17 [INFO] [Rank 3] Weights loaded.
2026-04-06 14:14:20 [INFO] [Rank 1] Loading weights...
2026-04-06 14:14:21 [INFO] [Rank 2] Weights loaded.
2026-04-06 14:14:32 [INFO] [Rank 1] Weights loaded.
2026-04-06 14:14:48 [INFO] [Rank 0] Loading weights...
2026-04-06 14:15:01 [INFO] [Rank 0] Weights loaded.
2026-04-06 14:25:34 [INFO] [Rank 2] Finished. Latency: 632128 ms
2026-04-06 14:25:34 [INFO] [Rank 1] Finished. Latency: 632128 ms
2026-04-06 14:25:34 [INFO] [Rank 0] Finished. Latency: 632128 ms
2026-04-06 14:25:34 [INFO] [Rank 3] Finished. Latency: 632138 ms
2026-04-06 14:25:38 [INFO] Total latency:     632128 ms
2026-04-06 14:25:38 [INFO] Peak 10GB memory:  9280 MB
2026-04-06 14:25:38 [INFO] Avg  10GB memory:  4723 MB
2026-04-06 14:25:38 [INFO] [63/198] Split [22, 10, 5, 3] | Batch: 64 | Microbatch: 2 | Microbatches: 32
2026-04-06 14:25:38 [INFO] Loading WikiText... (SEQ_LEN=64, BATCH=64)
2026-04-06 14:25:55 [INFO] [Rank 3] Loading weights...
2026-04-06 14:25:59 [INFO] [Rank 2] Loading weights...
2026-04-06 14:26:07 [INFO] [Rank 3] Weights loaded.
2026-04-06 14:26:10 [INFO] [Rank 1] Loading weights...
2026-04-06 14:26:10 [INFO] [Rank 2] Weights loaded.
2026-04-06 14:26:22 [INFO] [Rank 1] Weights loaded.
2026-04-06 14:26:38 [INFO] [Rank 0] Loading weights...
2026-04-06 14:26:51 [INFO] [Rank 0] Weights loaded.
2026-04-06 14:46:31 [INFO] [Rank 1] Finished. Latency: 1179388 ms
2026-04-06 14:46:31 [INFO] [Rank 2] Finished. Latency: 1179388 ms
2026-04-06 14:46:31 [INFO] [Rank 0] Finished. Latency: 1179388 ms
2026-04-06 14:46:31 [INFO] [Rank 3] Finished. Latency: 1179396 ms
2026-04-06 14:46:33 [ERROR] Hang detected: ranks still alive after timeout: 0
2026-04-06 14:46:35 [INFO] [64/198] Split [23, 7, 5, 5] | Batch: 32 | Microbatch: 16 | Microbatches: 2
2026-04-06 14:46:35 [INFO] Loading WikiText... (SEQ_LEN=64, BATCH=32)
2026-04-06 14:46:56 [INFO] [Rank 2] Loading weights...
2026-04-06 14:46:58 [INFO] [Rank 3] Loading weights...
2026-04-06 14:47:01 [INFO] [Rank 1] Loading weights...
2026-04-06 14:47:08 [INFO] [Rank 2] Weights loaded.
2026-04-06 14:47:09 [INFO] [Rank 3] Weights loaded.
2026-04-06 14:47:13 [INFO] [Rank 1] Weights loaded.
2026-04-06 14:47:38 [INFO] [Rank 0] Loading weights...
2026-04-06 14:47:52 [INFO] [Rank 0] Weights loaded.
2026-04-06 14:49:57 [INFO] [Rank 2] Finished. Latency: 125122 ms
2026-04-06 14:49:57 [INFO] [Rank 1] Finished. Latency: 125122 ms
2026-04-06 14:49:57 [INFO] [Rank 0] Finished. Latency: 125122 ms
2026-04-06 14:49:57 [INFO] [Rank 3] Finished. Latency: 125152 ms
2026-04-06 14:50:01 [INFO] Total latency:     125122 ms
2026-04-06 14:50:01 [INFO] Peak 10GB memory:  9692 MB
2026-04-06 14:50:01 [INFO] Avg  10GB memory:  5194 MB
2026-04-06 14:50:01 [INFO] [65/198] Split [23, 7, 5, 5] | Batch: 32 | Microbatch: 8 | Microbatches: 4
2026-04-06 14:50:01 [INFO] Loading WikiText... (SEQ_LEN=64, BATCH=32)
2026-04-06 14:50:21 [INFO] [Rank 2] Loading weights...
2026-04-06 14:50:22 [INFO] [Rank 3] Loading weights...
2026-04-06 14:50:25 [INFO] [Rank 1] Loading weights...
2026-04-06 14:50:33 [INFO] [Rank 2] Weights loaded.
2026-04-06 14:50:34 [INFO] [Rank 3] Weights loaded.
2026-04-06 14:50:37 [INFO] [Rank 1] Weights loaded.
2026-04-06 14:51:02 [INFO] [Rank 0] Loading weights...
2026-04-06 14:51:16 [INFO] [Rank 0] Weights loaded.
2026-04-06 14:54:27 [INFO] [Rank 1] Finished. Latency: 191442 ms
2026-04-06 14:54:27 [INFO] [Rank 2] Finished. Latency: 191442 ms
2026-04-06 14:54:27 [INFO] [Rank 0] Finished. Latency: 191442 ms
2026-04-06 14:54:27 [INFO] [Rank 3] Finished. Latency: 191462 ms
2026-04-06 14:54:31 [INFO] Total latency:     191442 ms
2026-04-06 14:54:31 [INFO] Peak 10GB memory:  9656 MB
2026-04-06 14:54:31 [INFO] Avg  10GB memory:  5417 MB
2026-04-06 14:54:31 [INFO] [66/198] Split [23, 7, 5, 5] | Batch: 32 | Microbatch: 4 | Microbatches: 8
2026-04-06 14:54:31 [INFO] Loading WikiText... (SEQ_LEN=64, BATCH=32)
2026-04-06 14:54:53 [INFO] [Rank 2] Loading weights...
2026-04-06 14:54:54 [INFO] [Rank 3] Loading weights...
2026-04-06 14:54:58 [INFO] [Rank 1] Loading weights...
2026-04-06 14:55:04 [INFO] [Rank 2] Weights loaded.
2026-04-06 14:55:06 [INFO] [Rank 3] Weights loaded.
2026-04-06 14:55:10 [INFO] [Rank 1] Weights loaded.
2026-04-06 14:55:36 [INFO] [Rank 0] Loading weights...
2026-04-06 14:55:50 [INFO] [Rank 0] Weights loaded.
2026-04-06 15:01:18 [INFO] [Rank 1] Finished. Latency: 327595 ms
2026-04-06 15:01:18 [INFO] [Rank 2] Finished. Latency: 327595 ms
2026-04-06 15:01:18 [INFO] [Rank 0] Finished. Latency: 327595 ms
2026-04-06 15:01:18 [INFO] [Rank 3] Finished. Latency: 327610 ms
2026-04-06 15:01:22 [INFO] Total latency:     327595 ms
2026-04-06 15:01:22 [INFO] Peak 10GB memory:  9324 MB
2026-04-06 15:01:22 [INFO] Avg  10GB memory:  5222 MB
2026-04-06 15:01:22 [INFO] [67/198] Split [23, 7, 5, 5] | Batch: 32 | Microbatch: 2 | Microbatches: 16
2026-04-06 15:01:22 [INFO] Loading WikiText... (SEQ_LEN=64, BATCH=32)
2026-04-06 15:01:43 [INFO] [Rank 2] Loading weights...
2026-04-06 15:01:44 [INFO] [Rank 3] Loading weights...
2026-04-06 15:01:48 [INFO] [Rank 1] Loading weights...
2026-04-06 15:01:54 [INFO] [Rank 2] Weights loaded.
2026-04-06 15:01:55 [INFO] [Rank 3] Weights loaded.
2026-04-06 15:01:59 [INFO] [Rank 1] Weights loaded.
2026-04-06 15:02:24 [INFO] [Rank 0] Loading weights...
2026-04-06 15:02:38 [INFO] [Rank 0] Weights loaded.
2026-04-06 15:12:48 [INFO] [Rank 1] Finished. Latency: 609950 ms
2026-04-06 15:12:48 [INFO] [Rank 2] Finished. Latency: 609950 ms
2026-04-06 15:12:48 [INFO] [Rank 0] Finished. Latency: 609950 ms
2026-04-06 15:12:48 [INFO] [Rank 3] Finished. Latency: 609963 ms
2026-04-06 15:12:52 [INFO] Total latency:     609950 ms
2026-04-06 15:12:52 [INFO] Peak 10GB memory:  6090 MB
2026-04-06 15:12:52 [INFO] Avg  10GB memory:  4573 MB
2026-04-06 15:12:52 [INFO] [68/198] Split [23, 7, 5, 5] | Batch: 64 | Microbatch: 32 | Microbatches: 2
2026-04-06 15:12:52 [INFO] Loading WikiText... (SEQ_LEN=64, BATCH=64)
2026-04-06 15:13:13 [INFO] [Rank 2] Loading weights...
2026-04-06 15:13:14 [INFO] [Rank 3] Loading weights...
2026-04-06 15:13:17 [INFO] [Rank 1] Loading weights...
2026-04-06 15:13:24 [INFO] [Rank 2] Weights loaded.
2026-04-06 15:13:25 [INFO] [Rank 3] Weights loaded.
2026-04-06 15:13:29 [INFO] [Rank 1] Weights loaded.
2026-04-06 15:13:53 [INFO] [Rank 0] Loading weights...
2026-04-06 15:14:07 [INFO] [Rank 0] Weights loaded.
2026-04-06 15:17:18 [INFO] [Rank 1] Finished. Latency: 190565 ms
2026-04-06 15:17:18 [INFO] [Rank 2] Finished. Latency: 190565 ms
2026-04-06 15:17:18 [INFO] [Rank 0] Finished. Latency: 190565 ms
2026-04-06 15:17:18 [INFO] [Rank 3] Finished. Latency: 190615 ms
2026-04-06 15:17:21 [INFO] Total latency:     190565 ms
2026-04-06 15:17:21 [INFO] Peak 10GB memory:  9714 MB
2026-04-06 15:17:21 [INFO] Avg  10GB memory:  6390 MB
2026-04-06 15:17:22 [INFO] [69/198] Split [23, 7, 5, 5] | Batch: 64 | Microbatch: 16 | Microbatches: 4
2026-04-06 15:17:22 [INFO] Loading WikiText... (SEQ_LEN=64, BATCH=64)
2026-04-06 15:17:43 [INFO] [Rank 2] Loading weights...
2026-04-06 15:17:44 [INFO] [Rank 3] Loading weights...
2026-04-06 15:17:47 [INFO] [Rank 1] Loading weights...
2026-04-06 15:17:54 [INFO] [Rank 2] Weights loaded.
2026-04-06 15:17:55 [INFO] [Rank 3] Weights loaded.
2026-04-06 15:17:59 [INFO] [Rank 1] Weights loaded.
2026-04-06 15:18:24 [INFO] [Rank 0] Loading weights...
2026-04-06 15:18:37 [INFO] [Rank 0] Weights loaded.
2026-04-06 15:22:48 [INFO] [Rank 1] Finished. Latency: 250403 ms
2026-04-06 15:22:48 [INFO] [Rank 2] Finished. Latency: 250403 ms
2026-04-06 15:22:48 [INFO] [Rank 0] Finished. Latency: 250403 ms
2026-04-06 15:22:48 [INFO] [Rank 3] Finished. Latency: 250433 ms
2026-04-06 15:22:52 [INFO] Total latency:     250403 ms
2026-04-06 15:22:52 [INFO] Peak 10GB memory:  9698 MB
2026-04-06 15:22:52 [INFO] Avg  10GB memory:  6597 MB
2026-04-06 15:22:52 [INFO] [70/198] Split [23, 7, 5, 5] | Batch: 64 | Microbatch: 8 | Microbatches: 8
2026-04-06 15:22:52 [INFO] Loading WikiText... (SEQ_LEN=64, BATCH=64)
2026-04-06 15:23:14 [INFO] [Rank 2] Loading weights...
2026-04-06 15:23:15 [INFO] [Rank 3] Loading weights...
2026-04-06 15:23:18 [INFO] [Rank 1] Loading weights...
2026-04-06 15:23:25 [INFO] [Rank 2] Weights loaded.
2026-04-06 15:23:26 [INFO] [Rank 3] Weights loaded.
2026-04-06 15:23:30 [INFO] [Rank 1] Weights loaded.
2026-04-06 15:23:55 [INFO] [Rank 0] Loading weights...
2026-04-06 15:24:08 [INFO] [Rank 0] Weights loaded.
2026-04-06 15:30:32 [INFO] [Rank 2] Finished. Latency: 383335 ms
2026-04-06 15:30:32 [INFO] [Rank 1] Finished. Latency: 383335 ms
2026-04-06 15:30:32 [INFO] [Rank 0] Finished. Latency: 383335 ms
2026-04-06 15:30:32 [INFO] [Rank 3] Finished. Latency: 383355 ms
2026-04-06 15:30:36 [INFO] Total latency:     383335 ms
2026-04-06 15:30:36 [INFO] Peak 10GB memory:  9718 MB
2026-04-06 15:30:36 [INFO] Avg  10GB memory:  6525 MB
2026-04-06 15:30:36 [INFO] [71/198] Split [23, 7, 5, 5] | Batch: 64 | Microbatch: 4 | Microbatches: 16
2026-04-06 15:30:36 [INFO] Loading WikiText... (SEQ_LEN=64, BATCH=64)
2026-04-06 15:30:56 [INFO] [Rank 2] Loading weights...
2026-04-06 15:30:57 [INFO] [Rank 3] Loading weights...
2026-04-06 15:31:01 [INFO] [Rank 1] Loading weights...
2026-04-06 15:31:08 [INFO] [Rank 2] Weights loaded.
2026-04-06 15:31:09 [INFO] [Rank 3] Weights loaded.
2026-04-06 15:31:12 [INFO] [Rank 1] Weights loaded.
2026-04-06 15:31:38 [INFO] [Rank 0] Loading weights...
2026-04-06 15:31:51 [INFO] [Rank 0] Weights loaded.
2026-04-06 15:42:44 [INFO] [Rank 2] Finished. Latency: 652739 ms
2026-04-06 15:42:44 [INFO] [Rank 1] Finished. Latency: 652739 ms
2026-04-06 15:42:44 [INFO] [Rank 0] Finished. Latency: 652739 ms
2026-04-06 15:42:44 [INFO] [Rank 3] Finished. Latency: 652754 ms
2026-04-06 15:42:48 [INFO] Total latency:     652739 ms
2026-04-06 15:42:48 [INFO] Peak 10GB memory:  9332 MB
2026-04-06 15:42:48 [INFO] Avg  10GB memory:  6277 MB
2026-04-06 15:42:48 [INFO] [72/198] Split [23, 7, 5, 5] | Batch: 64 | Microbatch: 2 | Microbatches: 32
2026-04-06 15:42:48 [INFO] Loading WikiText... (SEQ_LEN=64, BATCH=64)
2026-04-06 15:43:10 [INFO] [Rank 2] Loading weights...
2026-04-06 15:43:11 [INFO] [Rank 3] Loading weights...
2026-04-06 15:43:14 [INFO] [Rank 1] Loading weights...
2026-04-06 15:43:21 [INFO] [Rank 2] Weights loaded.
2026-04-06 15:43:22 [INFO] [Rank 3] Weights loaded.
2026-04-06 15:43:26 [INFO] [Rank 1] Weights loaded.
2026-04-06 15:43:50 [INFO] [Rank 0] Loading weights...
2026-04-06 15:44:04 [INFO] [Rank 0] Weights loaded.
2026-04-06 16:04:16 [INFO] [Rank 1] Finished. Latency: 1211355 ms
2026-04-06 16:04:16 [INFO] [Rank 2] Finished. Latency: 1211355 ms
2026-04-06 16:04:16 [INFO] [Rank 0] Finished. Latency: 1211355 ms
2026-04-06 16:04:16 [INFO] [Rank 3] Finished. Latency: 1211368 ms
2026-04-06 16:04:17 [ERROR] Hang detected: ranks still alive after timeout: 0
2026-04-06 16:04:20 [INFO] [73/198] Split [23, 8, 5, 4] | Batch: 32 | Microbatch: 16 | Microbatches: 2
2026-04-06 16:04:20 [INFO] Loading WikiText... (SEQ_LEN=64, BATCH=32)
2026-04-06 16:04:40 [INFO] [Rank 3] Loading weights...
2026-04-06 16:04:41 [INFO] [Rank 2] Loading weights...
2026-04-06 16:04:48 [INFO] [Rank 1] Loading weights...
2026-04-06 16:04:51 [INFO] [Rank 3] Weights loaded.
2026-04-06 16:04:52 [INFO] [Rank 2] Weights loaded.
2026-04-06 16:04:59 [INFO] [Rank 1] Weights loaded.
2026-04-06 16:05:22 [INFO] [Rank 0] Loading weights...
2026-04-06 16:05:35 [INFO] [Rank 0] Weights loaded.
2026-04-06 16:07:37 [INFO] [Rank 2] Finished. Latency: 121474 ms
2026-04-06 16:07:37 [INFO] [Rank 1] Finished. Latency: 121474 ms
2026-04-06 16:07:37 [INFO] [Rank 0] Finished. Latency: 121474 ms
2026-04-06 16:07:37 [INFO] [Rank 3] Finished. Latency: 121499 ms
2026-04-06 16:07:41 [INFO] Total latency:     121474 ms
2026-04-06 16:07:41 [INFO] Peak 10GB memory:  9642 MB
2026-04-06 16:07:41 [INFO] Avg  10GB memory:  4786 MB
2026-04-06 16:07:41 [INFO] [74/198] Split [23, 8, 5, 4] | Batch: 32 | Microbatch: 8 | Microbatches: 4
2026-04-06 16:07:41 [INFO] Loading WikiText... (SEQ_LEN=64, BATCH=32)
2026-04-06 16:08:00 [INFO] [Rank 3] Loading weights...
2026-04-06 16:08:01 [INFO] [Rank 2] Loading weights...
2026-04-06 16:08:08 [INFO] [Rank 1] Loading weights...
2026-04-06 16:08:12 [INFO] [Rank 3] Weights loaded.
2026-04-06 16:08:12 [INFO] [Rank 2] Weights loaded.
2026-04-06 16:08:20 [INFO] [Rank 1] Weights loaded.
2026-04-06 16:08:42 [INFO] [Rank 0] Loading weights...
2026-04-06 16:08:56 [INFO] [Rank 0] Weights loaded.
2026-04-06 16:12:03 [INFO] [Rank 2] Finished. Latency: 187597 ms
2026-04-06 16:12:03 [INFO] [Rank 1] Finished. Latency: 187597 ms
2026-04-06 16:12:03 [INFO] [Rank 0] Finished. Latency: 187597 ms
2026-04-06 16:12:03 [INFO] [Rank 3] Finished. Latency: 187613 ms
2026-04-06 16:12:07 [INFO] Total latency:     187597 ms
2026-04-06 16:12:07 [INFO] Peak 10GB memory:  9306 MB
2026-04-06 16:12:07 [INFO] Avg  10GB memory:  4906 MB
2026-04-06 16:12:07 [INFO] [75/198] Split [23, 8, 5, 4] | Batch: 32 | Microbatch: 4 | Microbatches: 8
2026-04-06 16:12:07 [INFO] Loading WikiText... (SEQ_LEN=64, BATCH=32)
2026-04-06 16:12:28 [INFO] [Rank 3] Loading weights...
2026-04-06 16:12:29 [INFO] [Rank 2] Loading weights...
2026-04-06 16:12:36 [INFO] [Rank 1] Loading weights...
2026-04-06 16:12:39 [INFO] [Rank 3] Weights loaded.
2026-04-06 16:12:40 [INFO] [Rank 2] Weights loaded.
2026-04-06 16:12:47 [INFO] [Rank 1] Weights loaded.
2026-04-06 16:13:10 [INFO] [Rank 0] Loading weights...
2026-04-06 16:13:23 [INFO] [Rank 0] Weights loaded.
2026-04-06 16:18:44 [INFO] [Rank 1] Finished. Latency: 320602 ms
2026-04-06 16:18:44 [INFO] [Rank 2] Finished. Latency: 320602 ms
2026-04-06 16:18:44 [INFO] [Rank 0] Finished. Latency: 320602 ms
2026-04-06 16:18:44 [INFO] [Rank 3] Finished. Latency: 320615 ms
2026-04-06 16:18:48 [INFO] Total latency:     320602 ms
2026-04-06 16:18:48 [INFO] Peak 10GB memory:  9124 MB
2026-04-06 16:18:48 [INFO] Avg  10GB memory:  4380 MB
2026-04-06 16:18:48 [INFO] [76/198] Split [23, 8, 5, 4] | Batch: 32 | Microbatch: 2 | Microbatches: 16
2026-04-06 16:18:48 [INFO] Loading WikiText... (SEQ_LEN=64, BATCH=32)
2026-04-06 16:19:08 [INFO] [Rank 3] Loading weights...
2026-04-06 16:19:09 [INFO] [Rank 2] Loading weights...
2026-04-06 16:19:16 [INFO] [Rank 1] Loading weights...
2026-04-06 16:19:20 [INFO] [Rank 3] Weights loaded.
2026-04-06 16:19:21 [INFO] [Rank 2] Weights loaded.
2026-04-06 16:19:27 [INFO] [Rank 1] Weights loaded.
2026-04-06 16:19:51 [INFO] [Rank 0] Loading weights...
2026-04-06 16:20:05 [INFO] [Rank 0] Weights loaded.
2026-04-06 16:29:57 [INFO] [Rank 1] Finished. Latency: 592481 ms
2026-04-06 16:29:57 [INFO] [Rank 2] Finished. Latency: 592481 ms
2026-04-06 16:29:57 [INFO] [Rank 0] Finished. Latency: 592481 ms
2026-04-06 16:29:57 [INFO] [Rank 3] Finished. Latency: 592491 ms
2026-04-06 16:30:01 [INFO] Total latency:     592481 ms
2026-04-06 16:30:01 [INFO] Peak 10GB memory:  4970 MB
2026-04-06 16:30:01 [INFO] Avg  10GB memory:  3756 MB
2026-04-06 16:30:01 [INFO] [77/198] Split [23, 8, 5, 4] | Batch: 64 | Microbatch: 32 | Microbatches: 2
2026-04-06 16:30:01 [INFO] Loading WikiText... (SEQ_LEN=64, BATCH=64)
2026-04-06 16:30:21 [INFO] [Rank 3] Loading weights...
2026-04-06 16:30:22 [INFO] [Rank 2] Loading weights...
2026-04-06 16:30:29 [INFO] [Rank 1] Loading weights...
2026-04-06 16:30:33 [INFO] [Rank 3] Weights loaded.
2026-04-06 16:30:34 [INFO] [Rank 2] Weights loaded.
2026-04-06 16:30:41 [INFO] [Rank 1] Weights loaded.
2026-04-06 16:31:03 [INFO] [Rank 0] Loading weights...
2026-04-06 16:31:17 [INFO] [Rank 0] Weights loaded.
2026-04-06 16:34:23 [INFO] [Rank 2] Finished. Latency: 186140 ms
2026-04-06 16:34:23 [INFO] [Rank 1] Finished. Latency: 186140 ms
2026-04-06 16:34:23 [INFO] [Rank 0] Finished. Latency: 186140 ms
2026-04-06 16:34:23 [INFO] [Rank 3] Finished. Latency: 186180 ms
2026-04-06 16:34:27 [INFO] Total latency:     186140 ms
2026-04-06 16:34:27 [INFO] Peak 10GB memory:  9700 MB
2026-04-06 16:34:27 [INFO] Avg  10GB memory:  5718 MB
2026-04-06 16:34:27 [INFO] [78/198] Split [23, 8, 5, 4] | Batch: 64 | Microbatch: 16 | Microbatches: 4
2026-04-06 16:34:27 [INFO] Loading WikiText... (SEQ_LEN=64, BATCH=64)
2026-04-06 16:34:47 [INFO] [Rank 3] Loading weights...
2026-04-06 16:34:48 [INFO] [Rank 2] Loading weights...
2026-04-06 16:34:55 [INFO] [Rank 1] Loading weights...
2026-04-06 16:34:58 [INFO] [Rank 3] Weights loaded.
2026-04-06 16:35:00 [INFO] [Rank 2] Weights loaded.
2026-04-06 16:35:07 [INFO] [Rank 1] Weights loaded.
2026-04-06 16:35:29 [INFO] [Rank 0] Loading weights...
2026-04-06 16:35:43 [INFO] [Rank 0] Weights loaded.
2026-04-06 16:39:48 [INFO] [Rank 2] Finished. Latency: 245055 ms
2026-04-06 16:39:48 [INFO] [Rank 1] Finished. Latency: 245055 ms
2026-04-06 16:39:48 [INFO] [Rank 0] Finished. Latency: 245055 ms
2026-04-06 16:39:48 [INFO] [Rank 3] Finished. Latency: 245079 ms
2026-04-06 16:39:52 [INFO] Total latency:     245055 ms
2026-04-06 16:39:52 [INFO] Peak 10GB memory:  9718 MB
2026-04-06 16:39:52 [INFO] Avg  10GB memory:  5642 MB
2026-04-06 16:39:52 [INFO] [79/198] Split [23, 8, 5, 4] | Batch: 64 | Microbatch: 8 | Microbatches: 8
2026-04-06 16:39:52 [INFO] Loading WikiText... (SEQ_LEN=64, BATCH=64)
2026-04-06 16:40:12 [INFO] [Rank 3] Loading weights...
2026-04-06 16:40:13 [INFO] [Rank 2] Loading weights...
2026-04-06 16:40:20 [INFO] [Rank 1] Loading weights...
2026-04-06 16:40:23 [INFO] [Rank 3] Weights loaded.
2026-04-06 16:40:24 [INFO] [Rank 2] Weights loaded.
2026-04-06 16:40:31 [INFO] [Rank 1] Weights loaded.
2026-04-06 16:40:54 [INFO] [Rank 0] Loading weights...
2026-04-06 16:41:07 [INFO] [Rank 0] Weights loaded.
2026-04-06 16:47:23 [INFO] [Rank 2] Finished. Latency: 375501 ms
2026-04-06 16:47:23 [INFO] [Rank 1] Finished. Latency: 375501 ms
2026-04-06 16:47:23 [INFO] [Rank 0] Finished. Latency: 375501 ms
2026-04-06 16:47:23 [INFO] [Rank 3] Finished. Latency: 375517 ms
2026-04-06 16:47:27 [INFO] Total latency:     375501 ms
2026-04-06 16:47:27 [INFO] Peak 10GB memory:  9708 MB
2026-04-06 16:47:27 [INFO] Avg  10GB memory:  5892 MB
2026-04-06 16:47:27 [INFO] [80/198] Split [23, 8, 5, 4] | Batch: 64 | Microbatch: 4 | Microbatches: 16
2026-04-06 16:47:27 [INFO] Loading WikiText... (SEQ_LEN=64, BATCH=64)
2026-04-06 16:47:47 [INFO] [Rank 3] Loading weights...
2026-04-06 16:47:48 [INFO] [Rank 2] Loading weights...
2026-04-06 16:47:54 [INFO] [Rank 1] Loading weights...
2026-04-06 16:47:58 [INFO] [Rank 3] Weights loaded.
2026-04-06 16:47:59 [INFO] [Rank 2] Weights loaded.
2026-04-06 16:48:06 [INFO] [Rank 1] Weights loaded.
2026-04-06 16:48:29 [INFO] [Rank 0] Loading weights...
2026-04-06 16:48:42 [INFO] [Rank 0] Weights loaded.
2026-04-06 16:59:22 [INFO] [Rank 2] Finished. Latency: 639758 ms
2026-04-06 16:59:22 [INFO] [Rank 1] Finished. Latency: 639758 ms
2026-04-06 16:59:22 [INFO] [Rank 0] Finished. Latency: 639758 ms
2026-04-06 16:59:22 [INFO] [Rank 3] Finished. Latency: 639770 ms
2026-04-06 16:59:26 [INFO] Total latency:     639758 ms
2026-04-06 16:59:26 [INFO] Peak 10GB memory:  9354 MB
2026-04-06 16:59:26 [INFO] Avg  10GB memory:  5685 MB
2026-04-06 16:59:26 [INFO] [81/198] Split [23, 8, 5, 4] | Batch: 64 | Microbatch: 2 | Microbatches: 32
2026-04-06 16:59:26 [INFO] Loading WikiText... (SEQ_LEN=64, BATCH=64)
2026-04-06 16:59:46 [INFO] [Rank 3] Loading weights...
2026-04-06 16:59:46 [INFO] [Rank 2] Loading weights...
2026-04-06 16:59:53 [INFO] [Rank 1] Loading weights...
2026-04-06 16:59:57 [INFO] [Rank 3] Weights loaded.
2026-04-06 16:59:58 [INFO] [Rank 2] Weights loaded.
2026-04-06 17:00:05 [INFO] [Rank 1] Weights loaded.
2026-04-06 17:00:27 [INFO] [Rank 0] Loading weights...
2026-04-06 17:00:41 [INFO] [Rank 0] Weights loaded.
2026-04-06 17:20:26 [INFO] [Rank 1] Finished. Latency: 1184708 ms
2026-04-06 17:20:26 [INFO] [Rank 2] Finished. Latency: 1184708 ms
2026-04-06 17:20:26 [INFO] [Rank 0] Finished. Latency: 1184708 ms
2026-04-06 17:20:26 [INFO] [Rank 3] Finished. Latency: 1184719 ms
2026-04-06 17:20:27 [ERROR] Hang detected: ranks still alive after timeout: 0
2026-04-06 17:20:30 [INFO] [82/198] Split [23, 9, 4, 4] | Batch: 32 | Microbatch: 16 | Microbatches: 2
2026-04-06 17:20:30 [INFO] Loading WikiText... (SEQ_LEN=64, BATCH=32)
2026-04-06 17:20:49 [INFO] [Rank 2] Loading weights...
2026-04-06 17:20:50 [INFO] [Rank 3] Loading weights...
2026-04-06 17:21:00 [INFO] [Rank 1] Loading weights...
2026-04-06 17:21:00 [INFO] [Rank 2] Weights loaded.
2026-04-06 17:21:01 [INFO] [Rank 3] Weights loaded.
2026-04-06 17:21:12 [INFO] [Rank 1] Weights loaded.
2026-04-06 17:21:32 [INFO] [Rank 0] Loading weights...
2026-04-06 17:21:45 [INFO] [Rank 0] Weights loaded.
2026-04-06 17:23:44 [INFO] [Rank 2] Finished. Latency: 118835 ms
2026-04-06 17:23:44 [INFO] [Rank 1] Finished. Latency: 118835 ms
2026-04-06 17:23:44 [INFO] [Rank 0] Finished. Latency: 118835 ms
2026-04-06 17:23:44 [INFO] [Rank 3] Finished. Latency: 118859 ms
2026-04-06 17:23:48 [INFO] Total latency:     118835 ms
2026-04-06 17:23:48 [INFO] Peak 10GB memory:  9720 MB
2026-04-06 17:23:48 [INFO] Avg  10GB memory:  4824 MB
2026-04-06 17:23:48 [INFO] [83/198] Split [23, 9, 4, 4] | Batch: 32 | Microbatch: 8 | Microbatches: 4
2026-04-06 17:23:48 [INFO] Loading WikiText... (SEQ_LEN=64, BATCH=32)
2026-04-06 17:24:07 [INFO] [Rank 2] Loading weights...
2026-04-06 17:24:08 [INFO] [Rank 3] Loading weights...
2026-04-06 17:24:18 [INFO] [Rank 2] Weights loaded.
2026-04-06 17:24:18 [INFO] [Rank 1] Loading weights...
2026-04-06 17:24:20 [INFO] [Rank 3] Weights loaded.
2026-04-06 17:24:30 [INFO] [Rank 1] Weights loaded.
2026-04-06 17:24:50 [INFO] [Rank 0] Loading weights...
2026-04-06 17:25:04 [INFO] [Rank 0] Weights loaded.
2026-04-06 17:28:07 [INFO] [Rank 2] Finished. Latency: 183280 ms
2026-04-06 17:28:07 [INFO] [Rank 1] Finished. Latency: 183280 ms
2026-04-06 17:28:07 [INFO] [Rank 0] Finished. Latency: 183280 ms
2026-04-06 17:28:07 [INFO] [Rank 3] Finished. Latency: 183297 ms
2026-04-06 17:28:11 [INFO] Total latency:     183280 ms
2026-04-06 17:28:11 [INFO] Peak 10GB memory:  9306 MB
2026-04-06 17:28:11 [INFO] Avg  10GB memory:  4890 MB
2026-04-06 17:28:11 [INFO] [84/198] Split [23, 9, 4, 4] | Batch: 32 | Microbatch: 4 | Microbatches: 8
2026-04-06 17:28:11 [INFO] Loading WikiText... (SEQ_LEN=64, BATCH=32)
2026-04-06 17:28:30 [INFO] [Rank 2] Loading weights...
2026-04-06 17:28:31 [INFO] [Rank 3] Loading weights...
2026-04-06 17:28:41 [INFO] [Rank 1] Loading weights...
2026-04-06 17:28:42 [INFO] [Rank 2] Weights loaded.
2026-04-06 17:28:43 [INFO] [Rank 3] Weights loaded.
2026-04-06 17:28:53 [INFO] [Rank 1] Weights loaded.
2026-04-06 17:29:14 [INFO] [Rank 0] Loading weights...
2026-04-06 17:29:27 [INFO] [Rank 0] Weights loaded.
2026-04-06 17:34:41 [INFO] [Rank 2] Finished. Latency: 313730 ms
2026-04-06 17:34:41 [INFO] [Rank 1] Finished. Latency: 313730 ms
2026-04-06 17:34:41 [INFO] [Rank 0] Finished. Latency: 313730 ms
2026-04-06 17:34:41 [INFO] [Rank 3] Finished. Latency: 313743 ms
2026-04-06 17:34:45 [INFO] Total latency:     313730 ms
2026-04-06 17:34:45 [INFO] Peak 10GB memory:  9124 MB
2026-04-06 17:34:45 [INFO] Avg  10GB memory:  4365 MB
2026-04-06 17:34:45 [INFO] [85/198] Split [23, 9, 4, 4] | Batch: 32 | Microbatch: 2 | Microbatches: 16
2026-04-06 17:34:45 [INFO] Loading WikiText... (SEQ_LEN=64, BATCH=32)
2026-04-06 17:35:04 [INFO] [Rank 2] Loading weights...
2026-04-06 17:35:05 [INFO] [Rank 3] Loading weights...
2026-04-06 17:35:15 [INFO] [Rank 1] Loading weights...
2026-04-06 17:35:15 [INFO] [Rank 2] Weights loaded.
2026-04-06 17:35:16 [INFO] [Rank 3] Weights loaded.
2026-04-06 17:35:27 [INFO] [Rank 1] Weights loaded.
2026-04-06 17:35:48 [INFO] [Rank 0] Loading weights...
2026-04-06 17:36:01 [INFO] [Rank 0] Weights loaded.
2026-04-06 17:45:43 [INFO] [Rank 2] Finished. Latency: 581066 ms
2026-04-06 17:45:43 [INFO] [Rank 1] Finished. Latency: 581066 ms
2026-04-06 17:45:43 [INFO] [Rank 0] Finished. Latency: 581066 ms
2026-04-06 17:45:43 [INFO] [Rank 3] Finished. Latency: 581076 ms
2026-04-06 17:45:47 [INFO] Total latency:     581066 ms
2026-04-06 17:45:47 [INFO] Peak 10GB memory:  4970 MB
2026-04-06 17:45:47 [INFO] Avg  10GB memory:  3753 MB
2026-04-06 17:45:47 [INFO] [86/198] Split [23, 9, 4, 4] | Batch: 64 | Microbatch: 32 | Microbatches: 2
2026-04-06 17:45:47 [INFO] Loading WikiText... (SEQ_LEN=64, BATCH=64)
2026-04-06 17:46:05 [INFO] [Rank 2] Loading weights...
2026-04-06 17:46:06 [INFO] [Rank 3] Loading weights...
2026-04-06 17:46:16 [INFO] [Rank 1] Loading weights...
2026-04-06 17:46:16 [INFO] [Rank 2] Weights loaded.
2026-04-06 17:46:18 [INFO] [Rank 3] Weights loaded.
2026-04-06 17:46:28 [INFO] [Rank 1] Weights loaded.
2026-04-06 17:46:48 [INFO] [Rank 0] Loading weights...
2026-04-06 17:47:02 [INFO] [Rank 0] Weights loaded.
2026-04-06 17:50:04 [INFO] [Rank 1] Finished. Latency: 182716 ms
2026-04-06 17:50:04 [INFO] [Rank 2] Finished. Latency: 182716 ms
2026-04-06 17:50:04 [INFO] [Rank 0] Finished. Latency: 182716 ms
2026-04-06 17:50:04 [INFO] [Rank 3] Finished. Latency: 182755 ms
2026-04-06 17:50:08 [INFO] Total latency:     182716 ms
2026-04-06 17:50:08 [INFO] Peak 10GB memory:  9700 MB
2026-04-06 17:50:08 [INFO] Avg  10GB memory:  5703 MB
2026-04-06 17:50:08 [INFO] [87/198] Split [23, 9, 4, 4] | Batch: 64 | Microbatch: 16 | Microbatches: 4
2026-04-06 17:50:08 [INFO] Loading WikiText... (SEQ_LEN=64, BATCH=64)
2026-04-06 17:50:27 [INFO] [Rank 2] Loading weights...
2026-04-06 17:50:28 [INFO] [Rank 3] Loading weights...
2026-04-06 17:50:39 [INFO] [Rank 1] Loading weights...
2026-04-06 17:50:39 [INFO] [Rank 2] Weights loaded.
2026-04-06 17:50:40 [INFO] [Rank 3] Weights loaded.
2026-04-06 17:50:50 [INFO] [Rank 1] Weights loaded.
2026-04-06 17:51:11 [INFO] [Rank 0] Loading weights...
2026-04-06 17:51:25 [INFO] [Rank 0] Weights loaded.
2026-04-06 17:55:25 [INFO] [Rank 1] Finished. Latency: 239914 ms
2026-04-06 17:55:25 [INFO] [Rank 2] Finished. Latency: 239914 ms
2026-04-06 17:55:25 [INFO] [Rank 0] Finished. Latency: 239914 ms
2026-04-06 17:55:25 [INFO] [Rank 3] Finished. Latency: 239938 ms
2026-04-06 17:55:29 [INFO] Total latency:     239914 ms
2026-04-06 17:55:29 [INFO] Peak 10GB memory:  9718 MB
2026-04-06 17:55:29 [INFO] Avg  10GB memory:  5626 MB
2026-04-06 17:55:29 [INFO] [88/198] Split [23, 9, 4, 4] | Batch: 64 | Microbatch: 8 | Microbatches: 8
2026-04-06 17:55:29 [INFO] Loading WikiText... (SEQ_LEN=64, BATCH=64)
2026-04-06 17:55:48 [INFO] [Rank 2] Loading weights...
2026-04-06 17:55:49 [INFO] [Rank 3] Loading weights...
2026-04-06 17:55:59 [INFO] [Rank 1] Loading weights...
2026-04-06 17:55:59 [INFO] [Rank 2] Weights loaded.
2026-04-06 17:56:00 [INFO] [Rank 3] Weights loaded.
2026-04-06 17:56:11 [INFO] [Rank 1] Weights loaded.
2026-04-06 17:56:31 [INFO] [Rank 0] Loading weights...
2026-04-06 17:56:44 [INFO] [Rank 0] Weights loaded.
2026-04-06 18:02:52 [INFO] [Rank 2] Finished. Latency: 367589 ms
2026-04-06 18:02:52 [INFO] [Rank 1] Finished. Latency: 367589 ms
2026-04-06 18:02:52 [INFO] [Rank 0] Finished. Latency: 367589 ms
2026-04-06 18:02:52 [INFO] [Rank 3] Finished. Latency: 367606 ms
2026-04-06 18:02:56 [INFO] Total latency:     367589 ms
2026-04-06 18:02:56 [INFO] Peak 10GB memory:  9650 MB
2026-04-06 18:02:56 [INFO] Avg  10GB memory:  5889 MB
2026-04-06 18:02:56 [INFO] [89/198] Split [23, 9, 4, 4] | Batch: 64 | Microbatch: 4 | Microbatches: 16
2026-04-06 18:02:56 [INFO] Loading WikiText... (SEQ_LEN=64, BATCH=64)
2026-04-06 18:03:15 [INFO] [Rank 2] Loading weights...
2026-04-06 18:03:16 [INFO] [Rank 3] Loading weights...
2026-04-06 18:03:26 [INFO] [Rank 1] Loading weights...
2026-04-06 18:03:26 [INFO] [Rank 2] Weights loaded.
2026-04-06 18:03:28 [INFO] [Rank 3] Weights loaded.
2026-04-06 18:03:38 [INFO] [Rank 1] Weights loaded.
2026-04-06 18:03:58 [INFO] [Rank 0] Loading weights...
2026-04-06 18:04:11 [INFO] [Rank 0] Weights loaded.
2026-04-06 18:14:37 [INFO] [Rank 1] Finished. Latency: 625794 ms
2026-04-06 18:14:37 [INFO] [Rank 2] Finished. Latency: 625794 ms
2026-04-06 18:14:37 [INFO] [Rank 0] Finished. Latency: 625794 ms
2026-04-06 18:14:37 [INFO] [Rank 3] Finished. Latency: 625806 ms
2026-04-06 18:14:41 [INFO] Total latency:     625794 ms
2026-04-06 18:14:41 [INFO] Peak 10GB memory:  9354 MB
2026-04-06 18:14:41 [INFO] Avg  10GB memory:  5673 MB
2026-04-06 18:14:41 [INFO] [90/198] Split [23, 9, 4, 4] | Batch: 64 | Microbatch: 2 | Microbatches: 32
2026-04-06 18:14:41 [INFO] Loading WikiText... (SEQ_LEN=64, BATCH=64)
2026-04-06 18:15:00 [INFO] [Rank 2] Loading weights...
2026-04-06 18:15:01 [INFO] [Rank 3] Loading weights...
2026-04-06 18:15:12 [INFO] [Rank 1] Loading weights...
2026-04-06 18:15:12 [INFO] [Rank 2] Weights loaded.
2026-04-06 18:15:12 [INFO] [Rank 3] Weights loaded.
2026-04-06 18:15:23 [INFO] [Rank 1] Weights loaded.
2026-04-06 18:15:43 [INFO] [Rank 0] Loading weights...
2026-04-06 18:15:57 [INFO] [Rank 0] Weights loaded.
2026-04-06 18:35:19 [INFO] [Rank 1] Finished. Latency: 1161787 ms
2026-04-06 18:35:19 [INFO] [Rank 2] Finished. Latency: 1161787 ms
2026-04-06 18:35:19 [INFO] [Rank 0] Finished. Latency: 1161787 ms
2026-04-06 18:35:19 [INFO] [Rank 3] Finished. Latency: 1161798 ms
2026-04-06 18:35:23 [INFO] Total latency:     1161787 ms
2026-04-06 18:35:23 [INFO] Peak 10GB memory:  7038 MB
2026-04-06 18:35:23 [INFO] Avg  10GB memory:  4788 MB
2026-04-06 18:35:23 [INFO] [91/198] Split [23, 9, 5, 3] | Batch: 32 | Microbatch: 16 | Microbatches: 2
2026-04-06 18:35:23 [INFO] Loading WikiText... (SEQ_LEN=64, BATCH=32)
2026-04-06 18:35:41 [INFO] [Rank 3] Loading weights...
2026-04-06 18:35:44 [INFO] [Rank 2] Loading weights...
2026-04-06 18:35:52 [INFO] [Rank 3] Weights loaded.
2026-04-06 18:35:53 [INFO] [Rank 1] Loading weights...
2026-04-06 18:35:56 [INFO] [Rank 2] Weights loaded.
2026-04-06 18:36:05 [INFO] [Rank 1] Weights loaded.
2026-04-06 18:36:25 [INFO] [Rank 0] Loading weights...
2026-04-06 18:36:39 [INFO] [Rank 0] Weights loaded.
2026-04-06 18:38:39 [INFO] [Rank 2] Finished. Latency: 119665 ms
2026-04-06 18:38:39 [INFO] [Rank 1] Finished. Latency: 119665 ms
2026-04-06 18:38:39 [INFO] [Rank 0] Finished. Latency: 119665 ms
2026-04-06 18:38:39 [INFO] [Rank 3] Finished. Latency: 119683 ms
2026-04-06 18:38:43 [INFO] Total latency:     119665 ms
2026-04-06 18:38:43 [INFO] Peak 10GB memory:  9606 MB
2026-04-06 18:38:43 [INFO] Avg  10GB memory:  4246 MB
2026-04-06 18:38:43 [INFO] [92/198] Split [23, 9, 5, 3] | Batch: 32 | Microbatch: 8 | Microbatches: 4
2026-04-06 18:38:43 [INFO] Loading WikiText... (SEQ_LEN=64, BATCH=32)
2026-04-06 18:39:00 [INFO] [Rank 3] Loading weights...
2026-04-06 18:39:04 [INFO] [Rank 2] Loading weights...
2026-04-06 18:39:12 [INFO] [Rank 3] Weights loaded.
2026-04-06 18:39:13 [INFO] [Rank 1] Loading weights...
2026-04-06 18:39:15 [INFO] [Rank 2] Weights loaded.
2026-04-06 18:39:25 [INFO] [Rank 1] Weights loaded.
2026-04-06 18:39:45 [INFO] [Rank 0] Loading weights...
2026-04-06 18:39:59 [INFO] [Rank 0] Weights loaded.
2026-04-06 18:43:03 [INFO] [Rank 1] Finished. Latency: 183686 ms
2026-04-06 18:43:03 [INFO] [Rank 2] Finished. Latency: 183686 ms
2026-04-06 18:43:03 [INFO] [Rank 0] Finished. Latency: 183686 ms
2026-04-06 18:43:03 [INFO] [Rank 3] Finished. Latency: 183699 ms
2026-04-06 18:43:07 [INFO] Total latency:     183686 ms
2026-04-06 18:43:07 [INFO] Peak 10GB memory:  9602 MB
2026-04-06 18:43:07 [INFO] Avg  10GB memory:  4350 MB
2026-04-06 18:43:07 [INFO] [93/198] Split [23, 9, 5, 3] | Batch: 32 | Microbatch: 4 | Microbatches: 8
2026-04-06 18:43:07 [INFO] Loading WikiText... (SEQ_LEN=64, BATCH=32)
2026-04-06 18:43:24 [INFO] [Rank 3] Loading weights...
2026-04-06 18:43:27 [INFO] [Rank 2] Loading weights...
2026-04-06 18:43:35 [INFO] [Rank 3] Weights loaded.
2026-04-06 18:43:36 [INFO] [Rank 1] Loading weights...
2026-04-06 18:43:39 [INFO] [Rank 2] Weights loaded.
2026-04-06 18:43:48 [INFO] [Rank 1] Weights loaded.
2026-04-06 18:44:08 [INFO] [Rank 0] Loading weights...
2026-04-06 18:44:22 [INFO] [Rank 0] Weights loaded.
2026-04-06 18:49:36 [INFO] [Rank 2] Finished. Latency: 314085 ms
2026-04-06 18:49:36 [INFO] [Rank 1] Finished. Latency: 314085 ms
2026-04-06 18:49:36 [INFO] [Rank 0] Finished. Latency: 314085 ms
2026-04-06 18:49:36 [INFO] [Rank 3] Finished. Latency: 314095 ms
2026-04-06 18:49:40 [INFO] Total latency:     314085 ms
2026-04-06 18:49:40 [INFO] Peak 10GB memory:  6980 MB
2026-04-06 18:49:40 [INFO] Avg  10GB memory:  3407 MB
2026-04-06 18:49:40 [INFO] [94/198] Split [23, 9, 5, 3] | Batch: 32 | Microbatch: 2 | Microbatches: 16
2026-04-06 18:49:40 [INFO] Loading WikiText... (SEQ_LEN=64, BATCH=32)
2026-04-06 18:49:58 [INFO] [Rank 3] Loading weights...
2026-04-06 18:50:02 [INFO] [Rank 2] Loading weights...
2026-04-06 18:50:10 [INFO] [Rank 3] Weights loaded.
2026-04-06 18:50:11 [INFO] [Rank 1] Loading weights...
2026-04-06 18:50:13 [INFO] [Rank 2] Weights loaded.
2026-04-06 18:50:23 [INFO] [Rank 1] Weights loaded.
2026-04-06 18:50:42 [INFO] [Rank 0] Loading weights...
2026-04-06 18:50:56 [INFO] [Rank 0] Weights loaded.
2026-04-06 19:00:37 [INFO] [Rank 2] Finished. Latency: 580596 ms
2026-04-06 19:00:37 [INFO] [Rank 1] Finished. Latency: 580596 ms
2026-04-06 19:00:37 [INFO] [Rank 0] Finished. Latency: 580596 ms
2026-04-06 19:00:37 [INFO] [Rank 3] Finished. Latency: 580604 ms
2026-04-06 19:00:41 [INFO] Total latency:     580596 ms
2026-04-06 19:00:41 [INFO] Peak 10GB memory:  3850 MB
2026-04-06 19:00:41 [INFO] Avg  10GB memory:  2942 MB
2026-04-06 19:00:41 [INFO] [95/198] Split [23, 9, 5, 3] | Batch: 64 | Microbatch: 32 | Microbatches: 2
2026-04-06 19:00:41 [INFO] Loading WikiText... (SEQ_LEN=64, BATCH=64)
2026-04-06 19:00:58 [INFO] [Rank 3] Loading weights...
2026-04-06 19:01:02 [INFO] [Rank 2] Loading weights...
2026-04-06 19:01:10 [INFO] [Rank 3] Weights loaded.
2026-04-06 19:01:11 [INFO] [Rank 1] Loading weights...
2026-04-06 19:01:13 [INFO] [Rank 2] Weights loaded.
2026-04-06 19:01:22 [INFO] [Rank 1] Weights loaded.
2026-04-06 19:01:43 [INFO] [Rank 0] Loading weights...
2026-04-06 19:01:56 [INFO] [Rank 0] Weights loaded.
2026-04-06 19:04:59 [INFO] [Rank 2] Finished. Latency: 182883 ms
2026-04-06 19:04:59 [INFO] [Rank 1] Finished. Latency: 182883 ms
2026-04-06 19:04:59 [INFO] [Rank 0] Finished. Latency: 182883 ms
2026-04-06 19:04:59 [INFO] [Rank 3] Finished. Latency: 182912 ms
2026-04-06 19:05:03 [INFO] Total latency:     182883 ms
2026-04-06 19:05:03 [INFO] Peak 10GB memory:  9666 MB
2026-04-06 19:05:03 [INFO] Avg  10GB memory:  5087 MB
2026-04-06 19:05:03 [INFO] [96/198] Split [23, 9, 5, 3] | Batch: 64 | Microbatch: 16 | Microbatches: 4
2026-04-06 19:05:03 [INFO] Loading WikiText... (SEQ_LEN=64, BATCH=64)
2026-04-06 19:05:21 [INFO] [Rank 3] Loading weights...
2026-04-06 19:05:25 [INFO] [Rank 2] Loading weights...
2026-04-06 19:05:32 [INFO] [Rank 3] Weights loaded.
2026-04-06 19:05:34 [INFO] [Rank 1] Loading weights...
2026-04-06 19:05:36 [INFO] [Rank 2] Weights loaded.
2026-04-06 19:05:45 [INFO] [Rank 1] Weights loaded.
2026-04-06 19:06:05 [INFO] [Rank 0] Loading weights...
2026-04-06 19:06:19 [INFO] [Rank 0] Weights loaded.
2026-04-06 19:10:19 [INFO] [Rank 1] Finished. Latency: 240123 ms
2026-04-06 19:10:19 [INFO] [Rank 2] Finished. Latency: 240122 ms
2026-04-06 19:10:19 [INFO] [Rank 0] Finished. Latency: 240123 ms
2026-04-06 19:10:19 [INFO] [Rank 3] Finished. Latency: 240141 ms
2026-04-06 19:10:23 [INFO] Total latency:     240123 ms
2026-04-06 19:10:23 [INFO] Peak 10GB memory:  9714 MB
2026-04-06 19:10:23 [INFO] Avg  10GB memory:  5078 MB
2026-04-06 19:10:23 [INFO] [97/198] Split [23, 9, 5, 3] | Batch: 64 | Microbatch: 8 | Microbatches: 8
2026-04-06 19:10:23 [INFO] Loading WikiText... (SEQ_LEN=64, BATCH=64)
2026-04-06 19:10:41 [INFO] [Rank 3] Loading weights...
2026-04-06 19:10:44 [INFO] [Rank 2] Loading weights...
2026-04-06 19:10:52 [INFO] [Rank 3] Weights loaded.
2026-04-06 19:10:53 [INFO] [Rank 1] Loading weights...
2026-04-06 19:10:55 [INFO] [Rank 2] Weights loaded.
2026-04-06 19:11:05 [INFO] [Rank 1] Weights loaded.
2026-04-06 19:11:25 [INFO] [Rank 0] Loading weights...
2026-04-06 19:11:38 [INFO] [Rank 0] Weights loaded.
2026-04-06 19:17:46 [INFO] [Rank 2] Finished. Latency: 367181 ms
2026-04-06 19:17:46 [INFO] [Rank 1] Finished. Latency: 367181 ms
2026-04-06 19:17:46 [INFO] [Rank 0] Finished. Latency: 367181 ms
2026-04-06 19:17:46 [INFO] [Rank 3] Finished. Latency: 367194 ms
2026-04-06 19:17:50 [INFO] Total latency:     367181 ms
2026-04-06 19:17:50 [INFO] Peak 10GB memory:  9716 MB
2026-04-06 19:17:50 [INFO] Avg  10GB memory:  5159 MB
2026-04-06 19:17:50 [INFO] [98/198] Split [23, 9, 5, 3] | Batch: 64 | Microbatch: 4 | Microbatches: 16
2026-04-06 19:17:50 [INFO] Loading WikiText... (SEQ_LEN=64, BATCH=64)
2026-04-06 19:18:07 [INFO] [Rank 3] Loading weights...
2026-04-06 19:18:10 [INFO] [Rank 2] Loading weights...
2026-04-06 19:18:19 [INFO] [Rank 3] Weights loaded.
2026-04-06 19:18:20 [INFO] [Rank 1] Loading weights...
2026-04-06 19:18:22 [INFO] [Rank 2] Weights loaded.
2026-04-06 19:18:31 [INFO] [Rank 1] Weights loaded.
2026-04-06 19:18:51 [INFO] [Rank 0] Loading weights...
2026-04-06 19:19:05 [INFO] [Rank 0] Weights loaded.
2026-04-06 19:29:31 [INFO] [Rank 1] Finished. Latency: 625787 ms
2026-04-06 19:29:31 [INFO] [Rank 2] Finished. Latency: 625787 ms
2026-04-06 19:29:31 [INFO] [Rank 0] Finished. Latency: 625788 ms
2026-04-06 19:29:31 [INFO] [Rank 3] Finished. Latency: 625797 ms
2026-04-06 19:29:35 [INFO] Total latency:     625788 ms
2026-04-06 19:29:35 [INFO] Peak 10GB memory:  9280 MB
2026-04-06 19:29:35 [INFO] Avg  10GB memory:  4708 MB
2026-04-06 19:29:35 [INFO] [99/198] Split [23, 9, 5, 3] | Batch: 64 | Microbatch: 2 | Microbatches: 32
2026-04-06 19:29:35 [INFO] Loading WikiText... (SEQ_LEN=64, BATCH=64)
2026-04-06 19:29:53 [INFO] [Rank 3] Loading weights...
2026-04-06 19:29:56 [INFO] [Rank 2] Loading weights...
2026-04-06 19:30:04 [INFO] [Rank 3] Weights loaded.
2026-04-06 19:30:05 [INFO] [Rank 1] Loading weights...
2026-04-06 19:30:08 [INFO] [Rank 2] Weights loaded.
2026-04-06 19:30:17 [INFO] [Rank 1] Weights loaded.
2026-04-06 19:30:37 [INFO] [Rank 0] Loading weights...
2026-04-06 19:30:51 [INFO] [Rank 0] Weights loaded.
2026-04-06 19:50:12 [INFO] [Rank 0] Finished. Latency: 1161086 ms
2026-04-06 19:50:12 [INFO] [Rank 1] Finished. Latency: 1161086 ms
2026-04-06 19:50:12 [INFO] [Rank 2] Finished. Latency: 1161086 ms
2026-04-06 19:50:12 [INFO] [Rank 3] Finished. Latency: 1161095 ms
2026-04-06 19:50:14 [ERROR] Hang detected: ranks still alive after timeout: 0
2026-04-06 19:50:16 [INFO] [100/198] Split [23, 10, 4, 3] | Batch: 32 | Microbatch: 16 | Microbatches: 2
2026-04-06 19:50:16 [INFO] Loading WikiText... (SEQ_LEN=64, BATCH=32)
2026-04-06 19:50:34 [INFO] [Rank 3] Loading weights...
2026-04-06 19:50:35 [INFO] [Rank 2] Loading weights...
2026-04-06 19:50:46 [INFO] [Rank 3] Weights loaded.
2026-04-06 19:50:46 [INFO] [Rank 2] Weights loaded.
2026-04-06 19:50:49 [INFO] [Rank 1] Loading weights...
2026-04-06 19:51:01 [INFO] [Rank 1] Weights loaded.
2026-04-06 19:51:18 [INFO] [Rank 0] Loading weights...
2026-04-06 19:51:32 [INFO] [Rank 0] Weights loaded.
2026-04-06 19:53:29 [INFO] [Rank 2] Finished. Latency: 116979 ms
2026-04-06 19:53:29 [INFO] [Rank 1] Finished. Latency: 116979 ms
2026-04-06 19:53:29 [INFO] [Rank 0] Finished. Latency: 116979 ms
2026-04-06 19:53:29 [INFO] [Rank 3] Finished. Latency: 116997 ms
2026-04-06 19:53:33 [INFO] Total latency:     116979 ms
2026-04-06 19:53:33 [INFO] Peak 10GB memory:  9606 MB
2026-04-06 19:53:33 [INFO] Avg  10GB memory:  4230 MB
2026-04-06 19:53:33 [INFO] [101/198] Split [23, 10, 4, 3] | Batch: 32 | Microbatch: 8 | Microbatches: 4
2026-04-06 19:53:33 [INFO] Loading WikiText... (SEQ_LEN=64, BATCH=32)
2026-04-06 19:53:51 [INFO] [Rank 3] Loading weights...
2026-04-06 19:53:52 [INFO] [Rank 2] Loading weights...
2026-04-06 19:54:02 [INFO] [Rank 3] Weights loaded.
2026-04-06 19:54:03 [INFO] [Rank 2] Weights loaded.
2026-04-06 19:54:05 [INFO] [Rank 1] Loading weights...
2026-04-06 19:54:17 [INFO] [Rank 1] Weights loaded.
2026-04-06 19:54:35 [INFO] [Rank 0] Loading weights...
2026-04-06 19:54:49 [INFO] [Rank 0] Weights loaded.
2026-04-06 19:57:50 [INFO] [Rank 2] Finished. Latency: 181415 ms
2026-04-06 19:57:50 [INFO] [Rank 1] Finished. Latency: 181415 ms
2026-04-06 19:57:50 [INFO] [Rank 0] Finished. Latency: 181415 ms
2026-04-06 19:57:50 [INFO] [Rank 3] Finished. Latency: 181427 ms
2026-04-06 19:57:54 [INFO] Total latency:     181415 ms
2026-04-06 19:57:54 [INFO] Peak 10GB memory:  9602 MB
2026-04-06 19:57:54 [INFO] Avg  10GB memory:  4328 MB
2026-04-06 19:57:54 [INFO] [102/198] Split [23, 10, 4, 3] | Batch: 32 | Microbatch: 4 | Microbatches: 8
2026-04-06 19:57:54 [INFO] Loading WikiText... (SEQ_LEN=64, BATCH=32)
2026-04-06 19:58:12 [INFO] [Rank 3] Loading weights...
2026-04-06 19:58:13 [INFO] [Rank 2] Loading weights...
2026-04-06 19:58:24 [INFO] [Rank 3] Weights loaded.
2026-04-06 19:58:25 [INFO] [Rank 2] Weights loaded.
2026-04-06 19:58:27 [INFO] [Rank 1] Loading weights...
2026-04-06 19:58:39 [INFO] [Rank 1] Weights loaded.
2026-04-06 19:58:57 [INFO] [Rank 0] Loading weights...
2026-04-06 19:59:10 [INFO] [Rank 0] Weights loaded.
2026-04-06 20:04:21 [INFO] [Rank 2] Finished. Latency: 310083 ms
2026-04-06 20:04:21 [INFO] [Rank 1] Finished. Latency: 310083 ms
2026-04-06 20:04:21 [INFO] [Rank 0] Finished. Latency: 310083 ms
2026-04-06 20:04:21 [INFO] [Rank 3] Finished. Latency: 310093 ms
2026-04-06 20:04:25 [INFO] Total latency:     310083 ms
2026-04-06 20:04:25 [INFO] Peak 10GB memory:  6980 MB
2026-04-06 20:04:25 [INFO] Avg  10GB memory:  3399 MB
2026-04-06 20:04:25 [INFO] [103/198] Split [23, 10, 4, 3] | Batch: 32 | Microbatch: 2 | Microbatches: 16
2026-04-06 20:04:25 [INFO] Loading WikiText... (SEQ_LEN=64, BATCH=32)
2026-04-06 20:04:43 [INFO] [Rank 3] Loading weights...
2026-04-06 20:04:44 [INFO] [Rank 2] Loading weights...
2026-04-06 20:04:54 [INFO] [Rank 3] Weights loaded.
2026-04-06 20:04:55 [INFO] [Rank 2] Weights loaded.
2026-04-06 20:04:57 [INFO] [Rank 1] Loading weights...
2026-04-06 20:05:10 [INFO] [Rank 1] Weights loaded.
2026-04-06 20:05:27 [INFO] [Rank 0] Loading weights...
2026-04-06 20:05:41 [INFO] [Rank 0] Weights loaded.
2026-04-06 20:15:15 [INFO] [Rank 2] Finished. Latency: 573498 ms
2026-04-06 20:15:15 [INFO] [Rank 1] Finished. Latency: 573498 ms
2026-04-06 20:15:15 [INFO] [Rank 0] Finished. Latency: 573498 ms
2026-04-06 20:15:15 [INFO] [Rank 3] Finished. Latency: 573506 ms
2026-04-06 20:15:19 [INFO] Total latency:     573498 ms
2026-04-06 20:15:19 [INFO] Peak 10GB memory:  3850 MB
2026-04-06 20:15:19 [INFO] Avg  10GB memory:  2937 MB
2026-04-06 20:15:19 [INFO] [104/198] Split [23, 10, 4, 3] | Batch: 64 | Microbatch: 32 | Microbatches: 2
2026-04-06 20:15:19 [INFO] Loading WikiText... (SEQ_LEN=64, BATCH=64)
2026-04-06 20:15:37 [INFO] [Rank 3] Loading weights...
2026-04-06 20:15:38 [INFO] [Rank 2] Loading weights...
2026-04-06 20:15:48 [INFO] [Rank 3] Weights loaded.
2026-04-06 20:15:50 [INFO] [Rank 2] Weights loaded.
2026-04-06 20:15:51 [INFO] [Rank 1] Loading weights...
2026-04-06 20:16:03 [INFO] [Rank 1] Weights loaded.
2026-04-06 20:16:22 [INFO] [Rank 0] Loading weights...
2026-04-06 20:16:35 [INFO] [Rank 0] Weights loaded.
2026-04-06 20:19:35 [INFO] [Rank 2] Finished. Latency: 179782 ms
2026-04-06 20:19:35 [INFO] [Rank 1] Finished. Latency: 179782 ms
2026-04-06 20:19:35 [INFO] [Rank 0] Finished. Latency: 179782 ms
2026-04-06 20:19:35 [INFO] [Rank 3] Finished. Latency: 179812 ms
2026-04-06 20:19:39 [INFO] Total latency:     179782 ms
2026-04-06 20:19:39 [INFO] Peak 10GB memory:  9666 MB
2026-04-06 20:19:39 [INFO] Avg  10GB memory:  5055 MB
2026-04-06 20:19:39 [INFO] [105/198] Split [23, 10, 4, 3] | Batch: 64 | Microbatch: 16 | Microbatches: 4
2026-04-06 20:19:39 [INFO] Loading WikiText... (SEQ_LEN=64, BATCH=64)
2026-04-06 20:19:57 [INFO] [Rank 3] Loading weights...
2026-04-06 20:19:58 [INFO] [Rank 2] Loading weights...
2026-04-06 20:20:09 [INFO] [Rank 3] Weights loaded.
2026-04-06 20:20:10 [INFO] [Rank 2] Weights loaded.
2026-04-06 20:20:12 [INFO] [Rank 1] Loading weights...
2026-04-06 20:20:24 [INFO] [Rank 1] Weights loaded.
2026-04-06 20:20:42 [INFO] [Rank 0] Loading weights...
2026-04-06 20:20:56 [INFO] [Rank 0] Weights loaded.
2026-04-06 20:24:51 [INFO] [Rank 2] Finished. Latency: 235435 ms
2026-04-06 20:24:51 [INFO] [Rank 1] Finished. Latency: 235435 ms
2026-04-06 20:24:51 [INFO] [Rank 0] Finished. Latency: 235436 ms
2026-04-06 20:24:51 [INFO] [Rank 3] Finished. Latency: 235453 ms
2026-04-06 20:24:55 [INFO] Total latency:     235436 ms
2026-04-06 20:24:55 [INFO] Peak 10GB memory:  9714 MB
2026-04-06 20:24:55 [INFO] Avg  10GB memory:  5073 MB
2026-04-06 20:24:55 [INFO] [106/198] Split [23, 10, 4, 3] | Batch: 64 | Microbatch: 8 | Microbatches: 8
2026-04-06 20:24:55 [INFO] Loading WikiText... (SEQ_LEN=64, BATCH=64)
2026-04-06 20:25:13 [INFO] [Rank 3] Loading weights...
2026-04-06 20:25:13 [INFO] [Rank 2] Loading weights...
2026-04-06 20:25:24 [INFO] [Rank 3] Weights loaded.
2026-04-06 20:25:25 [INFO] [Rank 2] Weights loaded.
2026-04-06 20:25:28 [INFO] [Rank 1] Loading weights...
2026-04-06 20:25:40 [INFO] [Rank 1] Weights loaded.
2026-04-06 20:25:57 [INFO] [Rank 0] Loading weights...
2026-04-06 20:26:11 [INFO] [Rank 0] Weights loaded.
2026-04-06 20:32:12 [INFO] [Rank 2] Finished. Latency: 360270 ms
2026-04-06 20:32:12 [INFO] [Rank 1] Finished. Latency: 360270 ms
2026-04-06 20:32:12 [INFO] [Rank 0] Finished. Latency: 360270 ms
2026-04-06 20:32:12 [INFO] [Rank 3] Finished. Latency: 360282 ms
2026-04-06 20:32:16 [INFO] Total latency:     360270 ms
2026-04-06 20:32:16 [INFO] Peak 10GB memory:  9716 MB
2026-04-06 20:32:16 [INFO] Avg  10GB memory:  5145 MB
2026-04-06 20:32:16 [INFO] [107/198] Split [23, 10, 4, 3] | Batch: 64 | Microbatch: 4 | Microbatches: 16
2026-04-06 20:32:16 [INFO] Loading WikiText... (SEQ_LEN=64, BATCH=64)
2026-04-06 20:32:33 [INFO] [Rank 3] Loading weights...
2026-04-06 20:32:34 [INFO] [Rank 2] Loading weights...
2026-04-06 20:32:45 [INFO] [Rank 3] Weights loaded.
2026-04-06 20:32:46 [INFO] [Rank 2] Weights loaded.
2026-04-06 20:32:48 [INFO] [Rank 1] Loading weights...
2026-04-06 20:33:00 [INFO] [Rank 1] Weights loaded.
2026-04-06 20:33:18 [INFO] [Rank 0] Loading weights...
2026-04-06 20:33:31 [INFO] [Rank 0] Weights loaded.
2026-04-06 20:43:44 [INFO] [Rank 2] Finished. Latency: 612815 ms
2026-04-06 20:43:44 [INFO] [Rank 1] Finished. Latency: 612815 ms
2026-04-06 20:43:44 [INFO] [Rank 0] Finished. Latency: 612815 ms
2026-04-06 20:43:44 [INFO] [Rank 3] Finished. Latency: 612824 ms
2026-04-06 20:43:48 [INFO] Total latency:     612815 ms
2026-04-06 20:43:48 [INFO] Peak 10GB memory:  9280 MB
2026-04-06 20:43:48 [INFO] Avg  10GB memory:  4702 MB
2026-04-06 20:43:48 [INFO] [108/198] Split [23, 10, 4, 3] | Batch: 64 | Microbatch: 2 | Microbatches: 32
2026-04-06 20:43:48 [INFO] Loading WikiText... (SEQ_LEN=64, BATCH=64)
2026-04-06 20:44:07 [INFO] [Rank 3] Loading weights...
2026-04-06 20:44:08 [INFO] [Rank 2] Loading weights...
2026-04-06 20:44:18 [INFO] [Rank 3] Weights loaded.
2026-04-06 20:44:20 [INFO] [Rank 2] Weights loaded.
2026-04-06 20:44:21 [INFO] [Rank 1] Loading weights...
2026-04-06 20:44:34 [INFO] [Rank 1] Weights loaded.
2026-04-06 20:44:51 [INFO] [Rank 0] Loading weights...
2026-04-06 20:45:05 [INFO] [Rank 0] Weights loaded.
2026-04-06 21:04:11 [INFO] [Rank 2] Finished. Latency: 1146100 ms
2026-04-06 21:04:11 [INFO] [Rank 1] Finished. Latency: 1146100 ms
2026-04-06 21:04:11 [INFO] [Rank 0] Finished. Latency: 1146100 ms
2026-04-06 21:04:11 [INFO] [Rank 3] Finished. Latency: 1146108 ms
2026-04-06 21:04:15 [INFO] Total latency:     1146100 ms
2026-04-06 21:04:15 [INFO] Peak 10GB memory:  5406 MB
2026-04-06 21:04:15 [INFO] Avg  10GB memory:  3718 MB
2026-04-06 21:04:15 [INFO] [109/198] Split [23, 10, 5, 2] | Batch: 32 | Microbatch: 16 | Microbatches: 2
2026-04-06 21:04:15 [INFO] Loading WikiText... (SEQ_LEN=64, BATCH=32)
2026-04-06 21:04:31 [INFO] [Rank 3] Loading weights...
2026-04-06 21:04:37 [INFO] [Rank 2] Loading weights...
2026-04-06 21:04:42 [INFO] [Rank 3] Weights loaded.
2026-04-06 21:04:48 [INFO] [Rank 1] Loading weights...
2026-04-06 21:04:48 [INFO] [Rank 2] Weights loaded.
2026-04-06 21:05:00 [INFO] [Rank 1] Weights loaded.
2026-04-06 21:05:18 [INFO] [Rank 0] Loading weights...
2026-04-06 21:05:32 [INFO] [Rank 0] Weights loaded.
2026-04-06 21:07:29 [INFO] [Rank 2] Finished. Latency: 116929 ms
2026-04-06 21:07:29 [INFO] [Rank 1] Finished. Latency: 116929 ms
2026-04-06 21:07:29 [INFO] [Rank 0] Finished. Latency: 116929 ms
2026-04-06 21:07:29 [INFO] [Rank 3] Finished. Latency: 116941 ms
2026-04-06 21:07:33 [INFO] Total latency:     116929 ms
2026-04-06 21:07:33 [INFO] Peak 10GB memory:  9368 MB
2026-04-06 21:07:33 [INFO] Avg  10GB memory:  3516 MB
2026-04-06 21:07:33 [INFO] [110/198] Split [23, 10, 5, 2] | Batch: 32 | Microbatch: 8 | Microbatches: 4
2026-04-06 21:07:33 [INFO] Loading WikiText... (SEQ_LEN=64, BATCH=32)
2026-04-06 21:07:48 [INFO] [Rank 3] Loading weights...
2026-04-06 21:07:54 [INFO] [Rank 2] Loading weights...
2026-04-06 21:07:59 [INFO] [Rank 3] Weights loaded.
2026-04-06 21:08:05 [INFO] [Rank 1] Loading weights...
2026-04-06 21:08:06 [INFO] [Rank 2] Weights loaded.
2026-04-06 21:08:17 [INFO] [Rank 1] Weights loaded.
2026-04-06 21:08:35 [INFO] [Rank 0] Loading weights...
2026-04-06 21:08:48 [INFO] [Rank 0] Weights loaded.
2026-04-06 21:11:49 [INFO] [Rank 2] Finished. Latency: 180470 ms
2026-04-06 21:11:49 [INFO] [Rank 1] Finished. Latency: 180470 ms
2026-04-06 21:11:49 [INFO] [Rank 0] Finished. Latency: 180470 ms
2026-04-06 21:11:49 [INFO] [Rank 3] Finished. Latency: 180479 ms
2026-04-06 21:11:53 [INFO] Total latency:     180470 ms
2026-04-06 21:11:53 [INFO] Peak 10GB memory:  9454 MB
2026-04-06 21:11:53 [INFO] Avg  10GB memory:  3723 MB
2026-04-06 21:11:53 [INFO] [111/198] Split [23, 10, 5, 2] | Batch: 32 | Microbatch: 4 | Microbatches: 8
2026-04-06 21:11:53 [INFO] Loading WikiText... (SEQ_LEN=64, BATCH=32)
2026-04-06 21:12:09 [INFO] [Rank 3] Loading weights...
2026-04-06 21:12:14 [INFO] [Rank 2] Loading weights...
2026-04-06 21:12:20 [INFO] [Rank 3] Weights loaded.
2026-04-06 21:12:26 [INFO] [Rank 2] Weights loaded.
2026-04-06 21:12:26 [INFO] [Rank 1] Loading weights...
2026-04-06 21:12:38 [INFO] [Rank 1] Weights loaded.
2026-04-06 21:12:56 [INFO] [Rank 0] Loading weights...
2026-04-06 21:13:09 [INFO] [Rank 0] Weights loaded.
2026-04-06 21:18:18 [INFO] [Rank 2] Finished. Latency: 308061 ms
2026-04-06 21:18:18 [INFO] [Rank 1] Finished. Latency: 308061 ms
2026-04-06 21:18:18 [INFO] [Rank 0] Finished. Latency: 308061 ms
2026-04-06 21:18:18 [INFO] [Rank 3] Finished. Latency: 308068 ms
2026-04-06 21:18:22 [INFO] Total latency:     308061 ms
2026-04-06 21:18:22 [INFO] Peak 10GB memory:  4836 MB
2026-04-06 21:18:22 [INFO] Avg  10GB memory:  2426 MB
2026-04-06 21:18:22 [INFO] [112/198] Split [23, 10, 5, 2] | Batch: 32 | Microbatch: 2 | Microbatches: 16
2026-04-06 21:18:22 [INFO] Loading WikiText... (SEQ_LEN=64, BATCH=32)
2026-04-06 21:18:37 [INFO] [Rank 3] Loading weights...
2026-04-06 21:18:43 [INFO] [Rank 2] Loading weights...
2026-04-06 21:18:49 [INFO] [Rank 3] Weights loaded.
2026-04-06 21:18:55 [INFO] [Rank 1] Loading weights...
2026-04-06 21:18:55 [INFO] [Rank 2] Weights loaded.
2026-04-06 21:19:07 [INFO] [Rank 1] Weights loaded.
2026-04-06 21:19:24 [INFO] [Rank 0] Loading weights...
2026-04-06 21:19:38 [INFO] [Rank 0] Weights loaded.
2026-04-06 21:29:09 [INFO] [Rank 2] Finished. Latency: 570969 ms
2026-04-06 21:29:09 [INFO] [Rank 1] Finished. Latency: 570969 ms
2026-04-06 21:29:09 [INFO] [Rank 0] Finished. Latency: 570969 ms
2026-04-06 21:29:09 [INFO] [Rank 3] Finished. Latency: 570974 ms
2026-04-06 21:29:13 [INFO] Total latency:     570969 ms
2026-04-06 21:29:13 [INFO] Peak 10GB memory:  2730 MB
2026-04-06 21:29:13 [INFO] Avg  10GB memory:  2124 MB
2026-04-06 21:29:13 [INFO] [113/198] Split [23, 10, 5, 2] | Batch: 64 | Microbatch: 32 | Microbatches: 2
2026-04-06 21:29:13 [INFO] Loading WikiText... (SEQ_LEN=64, BATCH=64)
2026-04-06 21:29:28 [INFO] [Rank 3] Loading weights...
2026-04-06 21:29:33 [INFO] [Rank 2] Loading weights...
2026-04-06 21:29:39 [INFO] [Rank 3] Weights loaded.
2026-04-06 21:29:45 [INFO] [Rank 1] Loading weights...
2026-04-06 21:29:45 [INFO] [Rank 2] Weights loaded.
2026-04-06 21:29:57 [INFO] [Rank 1] Weights loaded.
2026-04-06 21:30:15 [INFO] [Rank 0] Loading weights...
2026-04-06 21:30:28 [INFO] [Rank 0] Weights loaded.
2026-04-06 21:33:28 [INFO] [Rank 1] Finished. Latency: 179531 ms
2026-04-06 21:33:28 [INFO] [Rank 2] Finished. Latency: 179531 ms
2026-04-06 21:33:28 [INFO] [Rank 0] Finished. Latency: 179531 ms
2026-04-06 21:33:28 [INFO] [Rank 3] Finished. Latency: 179551 ms
2026-04-06 21:33:32 [INFO] Total latency:     179531 ms
2026-04-06 21:33:32 [INFO] Peak 10GB memory:  9696 MB
2026-04-06 21:33:32 [INFO] Avg  10GB memory:  4596 MB
2026-04-06 21:33:32 [INFO] [114/198] Split [23, 10, 5, 2] | Batch: 64 | Microbatch: 16 | Microbatches: 4
2026-04-06 21:33:32 [INFO] Loading WikiText... (SEQ_LEN=64, BATCH=64)
2026-04-06 21:33:48 [INFO] [Rank 3] Loading weights...
2026-04-06 21:33:54 [INFO] [Rank 2] Loading weights...
2026-04-06 21:33:59 [INFO] [Rank 3] Weights loaded.
2026-04-06 21:34:05 [INFO] [Rank 1] Loading weights...
2026-04-06 21:34:06 [INFO] [Rank 2] Weights loaded.
2026-04-06 21:34:17 [INFO] [Rank 1] Weights loaded.
2026-04-06 21:34:35 [INFO] [Rank 0] Loading weights...
2026-04-06 21:34:48 [INFO] [Rank 0] Weights loaded.
2026-04-06 21:38:44 [INFO] [Rank 1] Finished. Latency: 235402 ms
2026-04-06 21:38:44 [INFO] [Rank 2] Finished. Latency: 235402 ms
2026-04-06 21:38:44 [INFO] [Rank 0] Finished. Latency: 235402 ms
2026-04-06 21:38:44 [INFO] [Rank 3] Finished. Latency: 235414 ms
2026-04-06 21:38:48 [INFO] Total latency:     235402 ms
2026-04-06 21:38:48 [INFO] Peak 10GB memory:  9618 MB
2026-04-06 21:38:48 [INFO] Avg  10GB memory:  4542 MB
2026-04-06 21:38:48 [INFO] [115/198] Split [23, 10, 5, 2] | Batch: 64 | Microbatch: 8 | Microbatches: 8
2026-04-06 21:38:48 [INFO] Loading WikiText... (SEQ_LEN=64, BATCH=64)
2026-04-06 21:39:03 [INFO] [Rank 3] Loading weights...
2026-04-06 21:39:09 [INFO] [Rank 2] Loading weights...
2026-04-06 21:39:14 [INFO] [Rank 3] Weights loaded.
2026-04-06 21:39:20 [INFO] [Rank 1] Loading weights...
2026-04-06 21:39:20 [INFO] [Rank 2] Weights loaded.
2026-04-06 21:39:32 [INFO] [Rank 1] Weights loaded.
2026-04-06 21:39:50 [INFO] [Rank 0] Loading weights...
2026-04-06 21:40:04 [INFO] [Rank 0] Weights loaded.
2026-04-06 21:46:05 [INFO] [Rank 2] Finished. Latency: 360827 ms
2026-04-06 21:46:05 [INFO] [Rank 1] Finished. Latency: 360827 ms
2026-04-06 21:46:05 [INFO] [Rank 0] Finished. Latency: 360828 ms
2026-04-06 21:46:05 [INFO] [Rank 3] Finished. Latency: 360836 ms
2026-04-06 21:46:09 [INFO] Total latency:     360828 ms
2026-04-06 21:46:09 [INFO] Peak 10GB memory:  9080 MB
2026-04-06 21:46:09 [INFO] Avg  10GB memory:  4227 MB
2026-04-06 21:46:09 [INFO] [116/198] Split [23, 10, 5, 2] | Batch: 64 | Microbatch: 4 | Microbatches: 16
2026-04-06 21:46:09 [INFO] Loading WikiText... (SEQ_LEN=64, BATCH=64)
2026-04-06 21:46:25 [INFO] [Rank 3] Loading weights...
2026-04-06 21:46:31 [INFO] [Rank 2] Loading weights...
2026-04-06 21:46:37 [INFO] [Rank 3] Weights loaded.
2026-04-06 21:46:42 [INFO] [Rank 2] Weights loaded.
2026-04-06 21:46:42 [INFO] [Rank 1] Loading weights...
2026-04-06 21:46:55 [INFO] [Rank 1] Weights loaded.
2026-04-06 21:47:12 [INFO] [Rank 0] Loading weights...
2026-04-06 21:47:26 [INFO] [Rank 0] Weights loaded.
2026-04-06 21:57:39 [INFO] [Rank 1] Finished. Latency: 613417 ms
2026-04-06 21:57:39 [INFO] [Rank 2] Finished. Latency: 613417 ms
2026-04-06 21:57:39 [INFO] [Rank 0] Finished. Latency: 613417 ms
2026-04-06 21:57:39 [INFO] [Rank 3] Finished. Latency: 613423 ms
2026-04-06 21:57:43 [INFO] Total latency:     613417 ms
2026-04-06 21:57:43 [INFO] Peak 10GB memory:  7928 MB
2026-04-06 21:57:43 [INFO] Avg  10GB memory:  3394 MB
2026-04-06 21:57:43 [INFO] [117/198] Split [23, 10, 5, 2] | Batch: 64 | Microbatch: 2 | Microbatches: 32
2026-04-06 21:57:43 [INFO] Loading WikiText... (SEQ_LEN=64, BATCH=64)
2026-04-06 21:57:58 [INFO] [Rank 3] Loading weights...
2026-04-06 21:58:04 [INFO] [Rank 2] Loading weights...
2026-04-06 21:58:10 [INFO] [Rank 3] Weights loaded.
2026-04-06 21:58:15 [INFO] [Rank 1] Loading weights...
2026-04-06 21:58:16 [INFO] [Rank 2] Weights loaded.
2026-04-06 21:58:27 [INFO] [Rank 1] Weights loaded.
2026-04-06 21:58:45 [INFO] [Rank 0] Loading weights...
2026-04-06 21:58:59 [INFO] [Rank 0] Weights loaded.
2026-04-06 22:17:56 [INFO] [Rank 2] Finished. Latency: 1137232 ms
2026-04-06 22:17:56 [INFO] [Rank 1] Finished. Latency: 1137232 ms
2026-04-06 22:17:56 [INFO] [Rank 0] Finished. Latency: 1137232 ms
2026-04-06 22:17:56 [INFO] [Rank 3] Finished. Latency: 1137238 ms
2026-04-06 22:17:58 [ERROR] Hang detected: ranks still alive after timeout: 0
2026-04-06 22:18:00 [INFO] [118/198] Split [24, 6, 5, 5] | Batch: 32 | Microbatch: 16 | Microbatches: 2
2026-04-06 22:18:00 [INFO] Loading WikiText... (SEQ_LEN=64, BATCH=32)
2026-04-06 22:18:22 [INFO] [Rank 2] Loading weights...
2026-04-06 22:18:23 [INFO] [Rank 3] Loading weights...
2026-04-06 22:18:24 [INFO] [Rank 1] Loading weights...
2026-04-06 22:18:33 [INFO] [Rank 2] Weights loaded.
2026-04-06 22:18:34 [INFO] [Rank 3] Weights loaded.
2026-04-06 22:18:36 [INFO] [Rank 1] Weights loaded.
2026-04-06 22:19:05 [INFO] [Rank 0] Loading weights...
2026-04-06 22:19:19 [INFO] [Rank 0] Weights loaded.
2026-04-06 22:21:23 [INFO] [Rank 2] Finished. Latency: 123737 ms
2026-04-06 22:21:23 [INFO] [Rank 0] Finished. Latency: 123737 ms
2026-04-06 22:21:23 [INFO] [Rank 1] Finished. Latency: 123737 ms
2026-04-06 22:21:23 [INFO] [Rank 3] Finished. Latency: 123767 ms
2026-04-06 22:21:27 [INFO] Total latency:     123737 ms
2026-04-06 22:21:27 [INFO] Peak 10GB memory:  9680 MB
2026-04-06 22:21:27 [INFO] Avg  10GB memory:  5151 MB
2026-04-06 22:21:27 [INFO] [119/198] Split [24, 6, 5, 5] | Batch: 32 | Microbatch: 8 | Microbatches: 4
2026-04-06 22:21:27 [INFO] Loading WikiText... (SEQ_LEN=64, BATCH=32)
2026-04-06 22:21:47 [INFO] [Rank 2] Loading weights...
2026-04-06 22:21:48 [INFO] [Rank 3] Loading weights...
2026-04-06 22:21:49 [INFO] [Rank 1] Loading weights...
2026-04-06 22:21:59 [INFO] [Rank 2] Weights loaded.
2026-04-06 22:22:00 [INFO] [Rank 3] Weights loaded.
2026-04-06 22:22:01 [INFO] [Rank 1] Weights loaded.
2026-04-06 22:22:30 [INFO] [Rank 0] Loading weights...
2026-04-06 22:22:44 [INFO] [Rank 0] Weights loaded.
2026-04-06 22:25:54 [INFO] [Rank 2] Finished. Latency: 189962 ms
2026-04-06 22:25:54 [INFO] [Rank 1] Finished. Latency: 189962 ms
2026-04-06 22:25:54 [INFO] [Rank 0] Finished. Latency: 189962 ms
2026-04-06 22:25:54 [INFO] [Rank 3] Finished. Latency: 189983 ms
2026-04-06 22:25:58 [INFO] Total latency:     189962 ms
2026-04-06 22:25:58 [INFO] Peak 10GB memory:  9656 MB
2026-04-06 22:25:58 [INFO] Avg  10GB memory:  5400 MB
2026-04-06 22:25:58 [INFO] [120/198] Split [24, 6, 5, 5] | Batch: 32 | Microbatch: 4 | Microbatches: 8
2026-04-06 22:25:58 [INFO] Loading WikiText... (SEQ_LEN=64, BATCH=32)
2026-04-06 22:26:20 [INFO] [Rank 2] Loading weights...
2026-04-06 22:26:21 [INFO] [Rank 3] Loading weights...
2026-04-06 22:26:22 [INFO] [Rank 1] Loading weights...
2026-04-06 22:26:31 [INFO] [Rank 2] Weights loaded.
2026-04-06 22:26:33 [INFO] [Rank 3] Weights loaded.
2026-04-06 22:26:34 [INFO] [Rank 1] Weights loaded.
2026-04-06 22:27:03 [INFO] [Rank 0] Loading weights...
2026-04-06 22:27:17 [INFO] [Rank 0] Weights loaded.
2026-04-06 22:32:42 [INFO] [Rank 1] Finished. Latency: 324654 ms
2026-04-06 22:32:42 [INFO] [Rank 2] Finished. Latency: 324654 ms
2026-04-06 22:32:42 [INFO] [Rank 0] Finished. Latency: 324654 ms
2026-04-06 22:32:42 [INFO] [Rank 3] Finished. Latency: 324669 ms
2026-04-06 22:32:46 [INFO] Total latency:     324654 ms
2026-04-06 22:32:46 [INFO] Peak 10GB memory:  9324 MB
2026-04-06 22:32:46 [INFO] Avg  10GB memory:  5222 MB
2026-04-06 22:32:46 [INFO] [121/198] Split [24, 6, 5, 5] | Batch: 32 | Microbatch: 2 | Microbatches: 16
2026-04-06 22:32:46 [INFO] Loading WikiText... (SEQ_LEN=64, BATCH=32)
2026-04-06 22:33:07 [INFO] [Rank 2] Loading weights...
2026-04-06 22:33:08 [INFO] [Rank 3] Loading weights...
2026-04-06 22:33:09 [INFO] [Rank 1] Loading weights...
2026-04-06 22:33:19 [INFO] [Rank 2] Weights loaded.
2026-04-06 22:33:20 [INFO] [Rank 3] Weights loaded.
2026-04-06 22:33:21 [INFO] [Rank 1] Weights loaded.
2026-04-06 22:33:50 [INFO] [Rank 0] Loading weights...
2026-04-06 22:34:04 [INFO] [Rank 0] Weights loaded.
2026-04-06 22:44:04 [INFO] [Rank 2] Finished. Latency: 599630 ms
2026-04-06 22:44:04 [INFO] [Rank 1] Finished. Latency: 599630 ms
2026-04-06 22:44:04 [INFO] [Rank 0] Finished. Latency: 599630 ms
2026-04-06 22:44:04 [INFO] [Rank 3] Finished. Latency: 599644 ms
2026-04-06 22:44:08 [INFO] Total latency:     599630 ms
2026-04-06 22:44:08 [INFO] Peak 10GB memory:  6090 MB
2026-04-06 22:44:08 [INFO] Avg  10GB memory:  4559 MB
2026-04-06 22:44:08 [INFO] [122/198] Split [24, 6, 5, 5] | Batch: 64 | Microbatch: 32 | Microbatches: 2
2026-04-06 22:44:08 [INFO] Loading WikiText... (SEQ_LEN=64, BATCH=64)
2026-04-06 22:44:29 [INFO] [Rank 2] Loading weights...
2026-04-06 22:44:30 [INFO] [Rank 3] Loading weights...
2026-04-06 22:44:32 [INFO] [Rank 1] Loading weights...
2026-04-06 22:44:41 [INFO] [Rank 2] Weights loaded.
2026-04-06 22:44:42 [INFO] [Rank 3] Weights loaded.
2026-04-06 22:44:43 [INFO] [Rank 1] Weights loaded.
2026-04-06 22:45:13 [INFO] [Rank 0] Loading weights...
2026-04-06 22:45:26 [INFO] [Rank 0] Weights loaded.
2026-04-06 22:48:37 [INFO] [Rank 2] Finished. Latency: 190799 ms
2026-04-06 22:48:37 [INFO] [Rank 1] Finished. Latency: 190799 ms
2026-04-06 22:48:37 [INFO] [Rank 0] Finished. Latency: 190799 ms
2026-04-06 22:48:37 [INFO] [Rank 3] Finished. Latency: 190848 ms
2026-04-06 22:48:41 [INFO] Total latency:     190799 ms
2026-04-06 22:48:41 [INFO] Peak 10GB memory:  9714 MB
2026-04-06 22:48:41 [INFO] Avg  10GB memory:  6358 MB
2026-04-06 22:48:41 [INFO] [123/198] Split [24, 6, 5, 5] | Batch: 64 | Microbatch: 16 | Microbatches: 4
2026-04-06 22:48:41 [INFO] Loading WikiText... (SEQ_LEN=64, BATCH=64)
2026-04-06 22:49:02 [INFO] [Rank 2] Loading weights...
2026-04-06 22:49:04 [INFO] [Rank 3] Loading weights...
2026-04-06 22:49:05 [INFO] [Rank 1] Loading weights...
2026-04-06 22:49:14 [INFO] [Rank 2] Weights loaded.
2026-04-06 22:49:16 [INFO] [Rank 3] Weights loaded.
2026-04-06 22:49:16 [INFO] [Rank 1] Weights loaded.
2026-04-06 22:49:46 [INFO] [Rank 0] Loading weights...
2026-04-06 22:50:00 [INFO] [Rank 0] Weights loaded.
2026-04-06 22:54:08 [INFO] [Rank 2] Finished. Latency: 248299 ms
2026-04-06 22:54:08 [INFO] [Rank 1] Finished. Latency: 248299 ms
2026-04-06 22:54:08 [INFO] [Rank 0] Finished. Latency: 248299 ms
2026-04-06 22:54:08 [INFO] [Rank 3] Finished. Latency: 248329 ms
2026-04-06 22:54:12 [INFO] Total latency:     248299 ms
2026-04-06 22:54:12 [INFO] Peak 10GB memory:  9698 MB
2026-04-06 22:54:12 [INFO] Avg  10GB memory:  6559 MB
2026-04-06 22:54:12 [INFO] [124/198] Split [24, 6, 5, 5] | Batch: 64 | Microbatch: 8 | Microbatches: 8
2026-04-06 22:54:12 [INFO] Loading WikiText... (SEQ_LEN=64, BATCH=64)
2026-04-06 22:54:34 [INFO] [Rank 2] Loading weights...
2026-04-06 22:54:35 [INFO] [Rank 3] Loading weights...
2026-04-06 22:54:36 [INFO] [Rank 1] Loading weights...
2026-04-06 22:54:46 [INFO] [Rank 2] Weights loaded.
2026-04-06 22:54:47 [INFO] [Rank 3] Weights loaded.
2026-04-06 22:54:48 [INFO] [Rank 1] Weights loaded.
2026-04-06 22:55:18 [INFO] [Rank 0] Loading weights...
2026-04-06 22:55:32 [INFO] [Rank 0] Weights loaded.
2026-04-06 23:01:51 [INFO] [Rank 2] Finished. Latency: 379131 ms
2026-04-06 23:01:51 [INFO] [Rank 1] Finished. Latency: 379131 ms
2026-04-06 23:01:51 [INFO] [Rank 0] Finished. Latency: 379131 ms
2026-04-06 23:01:51 [INFO] [Rank 3] Finished. Latency: 379152 ms
2026-04-06 23:01:55 [INFO] Total latency:     379131 ms
2026-04-06 23:01:55 [INFO] Peak 10GB memory:  9716 MB
2026-04-06 23:01:55 [INFO] Avg  10GB memory:  6486 MB
2026-04-06 23:01:55 [INFO] [125/198] Split [24, 6, 5, 5] | Batch: 64 | Microbatch: 4 | Microbatches: 16
2026-04-06 23:01:55 [INFO] Loading WikiText... (SEQ_LEN=64, BATCH=64)
2026-04-06 23:02:16 [INFO] [Rank 2] Loading weights...
2026-04-06 23:02:17 [INFO] [Rank 3] Loading weights...
2026-04-06 23:02:18 [INFO] [Rank 1] Loading weights...
2026-04-06 23:02:28 [INFO] [Rank 2] Weights loaded.
2026-04-06 23:02:29 [INFO] [Rank 3] Weights loaded.
2026-04-06 23:02:30 [INFO] [Rank 1] Weights loaded.
2026-04-06 23:02:59 [INFO] [Rank 0] Loading weights...
2026-04-06 23:03:13 [INFO] [Rank 0] Weights loaded.
2026-04-06 23:14:00 [INFO] [Rank 1] Finished. Latency: 647045 ms
2026-04-06 23:14:00 [INFO] [Rank 2] Finished. Latency: 647045 ms
2026-04-06 23:14:00 [INFO] [Rank 0] Finished. Latency: 647045 ms
2026-04-06 23:14:00 [INFO] [Rank 3] Finished. Latency: 647060 ms
2026-04-06 23:14:04 [INFO] Total latency:     647045 ms
2026-04-06 23:14:04 [INFO] Peak 10GB memory:  9084 MB
2026-04-06 23:14:04 [INFO] Avg  10GB memory:  6262 MB
2026-04-06 23:14:04 [INFO] [126/198] Split [24, 6, 5, 5] | Batch: 64 | Microbatch: 2 | Microbatches: 32
2026-04-06 23:14:04 [INFO] Loading WikiText... (SEQ_LEN=64, BATCH=64)
2026-04-06 23:14:25 [INFO] [Rank 2] Loading weights...
2026-04-06 23:14:26 [INFO] [Rank 3] Loading weights...
2026-04-06 23:14:27 [INFO] [Rank 1] Loading weights...
2026-04-06 23:14:37 [INFO] [Rank 2] Weights loaded.
2026-04-06 23:14:38 [INFO] [Rank 3] Weights loaded.
2026-04-06 23:14:39 [INFO] [Rank 1] Weights loaded.
2026-04-06 23:15:08 [INFO] [Rank 0] Loading weights...
2026-04-06 23:15:22 [INFO] [Rank 0] Weights loaded.
2026-04-06 23:35:16 [INFO] [Rank 2] Finished. Latency: 1194229 ms
2026-04-06 23:35:16 [INFO] [Rank 1] Finished. Latency: 1194230 ms
2026-04-06 23:35:16 [INFO] [Rank 0] Finished. Latency: 1194230 ms
2026-04-06 23:35:16 [INFO] [Rank 3] Finished. Latency: 1194243 ms
2026-04-06 23:35:18 [ERROR] Hang detected: ranks still alive after timeout: 0
2026-04-06 23:35:20 [INFO] [127/198] Split [24, 7, 5, 4] | Batch: 32 | Microbatch: 16 | Microbatches: 2
2026-04-06 23:35:20 [INFO] Loading WikiText... (SEQ_LEN=64, BATCH=32)
2026-04-06 23:35:40 [INFO] [Rank 3] Loading weights...
2026-04-06 23:35:42 [INFO] [Rank 2] Loading weights...
2026-04-06 23:35:46 [INFO] [Rank 1] Loading weights...
2026-04-06 23:35:52 [INFO] [Rank 3] Weights loaded.
2026-04-06 23:35:53 [INFO] [Rank 2] Weights loaded.
2026-04-06 23:35:58 [INFO] [Rank 1] Weights loaded.
2026-04-06 23:36:25 [INFO] [Rank 0] Loading weights...
2026-04-06 23:36:39 [INFO] [Rank 0] Weights loaded.
2026-04-06 23:38:40 [INFO] [Rank 2] Finished. Latency: 120892 ms
2026-04-06 23:38:40 [INFO] [Rank 1] Finished. Latency: 120892 ms
2026-04-06 23:38:40 [INFO] [Rank 0] Finished. Latency: 120892 ms
2026-04-06 23:38:40 [INFO] [Rank 3] Finished. Latency: 120916 ms
2026-04-06 23:38:44 [INFO] Total latency:     120892 ms
2026-04-06 23:38:44 [INFO] Peak 10GB memory:  9642 MB
2026-04-06 23:38:44 [INFO] Avg  10GB memory:  4775 MB
2026-04-06 23:38:44 [INFO] [128/198] Split [24, 7, 5, 4] | Batch: 32 | Microbatch: 8 | Microbatches: 4
2026-04-06 23:38:44 [INFO] Loading WikiText... (SEQ_LEN=64, BATCH=32)
2026-04-06 23:39:04 [INFO] [Rank 3] Loading weights...
2026-04-06 23:39:05 [INFO] [Rank 2] Loading weights...
2026-04-06 23:39:10 [INFO] [Rank 1] Loading weights...
2026-04-06 23:39:15 [INFO] [Rank 3] Weights loaded.
2026-04-06 23:39:17 [INFO] [Rank 2] Weights loaded.
2026-04-06 23:39:21 [INFO] [Rank 1] Weights loaded.
2026-04-06 23:39:48 [INFO] [Rank 0] Loading weights...
2026-04-06 23:40:02 [INFO] [Rank 0] Weights loaded.
2026-04-06 23:43:08 [INFO] [Rank 1] Finished. Latency: 185487 ms
2026-04-06 23:43:08 [INFO] [Rank 2] Finished. Latency: 185487 ms
2026-04-06 23:43:08 [INFO] [Rank 0] Finished. Latency: 185487 ms
2026-04-06 23:43:08 [INFO] [Rank 3] Finished. Latency: 185503 ms
2026-04-06 23:43:12 [INFO] Total latency:     185487 ms
2026-04-06 23:43:12 [INFO] Peak 10GB memory:  9306 MB
2026-04-06 23:43:12 [INFO] Avg  10GB memory:  4872 MB
2026-04-06 23:43:12 [INFO] [129/198] Split [24, 7, 5, 4] | Batch: 32 | Microbatch: 4 | Microbatches: 8
2026-04-06 23:43:12 [INFO] Loading WikiText... (SEQ_LEN=64, BATCH=32)
2026-04-06 23:43:32 [INFO] [Rank 3] Loading weights...
2026-04-06 23:43:33 [INFO] [Rank 2] Loading weights...
2026-04-06 23:43:38 [INFO] [Rank 1] Loading weights...
2026-04-06 23:43:44 [INFO] [Rank 3] Weights loaded.
2026-04-06 23:43:45 [INFO] [Rank 2] Weights loaded.
2026-04-06 23:43:49 [INFO] [Rank 1] Weights loaded.
2026-04-06 23:44:16 [INFO] [Rank 0] Loading weights...
2026-04-06 23:44:30 [INFO] [Rank 0] Weights loaded.
2026-04-06 23:49:49 [INFO] [Rank 1] Finished. Latency: 318007 ms
2026-04-06 23:49:49 [INFO] [Rank 2] Finished. Latency: 318007 ms
2026-04-06 23:49:49 [INFO] [Rank 0] Finished. Latency: 318007 ms
2026-04-06 23:49:49 [INFO] [Rank 3] Finished. Latency: 318019 ms
2026-04-06 23:49:53 [INFO] Total latency:     318007 ms
2026-04-06 23:49:53 [INFO] Peak 10GB memory:  9124 MB
2026-04-06 23:49:53 [INFO] Avg  10GB memory:  4350 MB
2026-04-06 23:49:53 [INFO] [130/198] Split [24, 7, 5, 4] | Batch: 32 | Microbatch: 2 | Microbatches: 16
2026-04-06 23:49:53 [INFO] Loading WikiText... (SEQ_LEN=64, BATCH=32)
2026-04-06 23:50:12 [INFO] [Rank 3] Loading weights...
2026-04-06 23:50:14 [INFO] [Rank 2] Loading weights...
2026-04-06 23:50:18 [INFO] [Rank 1] Loading weights...
2026-04-06 23:50:24 [INFO] [Rank 3] Weights loaded.
2026-04-06 23:50:25 [INFO] [Rank 2] Weights loaded.
2026-04-06 23:50:29 [INFO] [Rank 1] Weights loaded.
2026-04-06 23:50:57 [INFO] [Rank 0] Loading weights...
2026-04-06 23:51:11 [INFO] [Rank 0] Weights loaded.
2026-04-07 00:00:59 [INFO] [Rank 2] Finished. Latency: 588406 ms
2026-04-07 00:00:59 [INFO] [Rank 1] Finished. Latency: 588406 ms
2026-04-07 00:00:59 [INFO] [Rank 0] Finished. Latency: 588406 ms
2026-04-07 00:00:59 [INFO] [Rank 3] Finished. Latency: 588416 ms
2026-04-07 00:01:03 [INFO] Total latency:     588406 ms
2026-04-07 00:01:03 [INFO] Peak 10GB memory:  4970 MB
2026-04-07 00:01:03 [INFO] Avg  10GB memory:  3753 MB
2026-04-07 00:01:03 [INFO] [131/198] Split [24, 7, 5, 4] | Batch: 64 | Microbatch: 32 | Microbatches: 2
2026-04-07 00:01:03 [INFO] Loading WikiText... (SEQ_LEN=64, BATCH=64)
2026-04-07 00:01:24 [INFO] [Rank 3] Loading weights...
2026-04-07 00:01:25 [INFO] [Rank 2] Loading weights...
2026-04-07 00:01:30 [INFO] [Rank 1] Loading weights...
2026-04-07 00:01:35 [INFO] [Rank 3] Weights loaded.
2026-04-07 00:01:36 [INFO] [Rank 2] Weights loaded.
2026-04-07 00:01:42 [INFO] [Rank 1] Weights loaded.
2026-04-07 00:02:08 [INFO] [Rank 0] Loading weights...
2026-04-07 00:02:21 [INFO] [Rank 0] Weights loaded.
2026-04-07 00:05:28 [INFO] [Rank 2] Finished. Latency: 186298 ms
2026-04-07 00:05:28 [INFO] [Rank 0] Finished. Latency: 186298 ms
2026-04-07 00:05:28 [INFO] [Rank 1] Finished. Latency: 186298 ms
2026-04-07 00:05:28 [INFO] [Rank 3] Finished. Latency: 186338 ms
2026-04-07 00:05:32 [INFO] Total latency:     186298 ms
2026-04-07 00:05:32 [INFO] Peak 10GB memory:  9700 MB
2026-04-07 00:05:32 [INFO] Avg  10GB memory:  5678 MB
2026-04-07 00:05:32 [INFO] [132/198] Split [24, 7, 5, 4] | Batch: 64 | Microbatch: 16 | Microbatches: 4
2026-04-07 00:05:32 [INFO] Loading WikiText... (SEQ_LEN=64, BATCH=64)
2026-04-07 00:05:51 [INFO] [Rank 3] Loading weights...
2026-04-07 00:05:53 [INFO] [Rank 2] Loading weights...
2026-04-07 00:05:57 [INFO] [Rank 1] Loading weights...
2026-04-07 00:06:03 [INFO] [Rank 3] Weights loaded.
2026-04-07 00:06:04 [INFO] [Rank 2] Weights loaded.
2026-04-07 00:06:09 [INFO] [Rank 1] Weights loaded.
2026-04-07 00:06:36 [INFO] [Rank 0] Loading weights...
2026-04-07 00:06:50 [INFO] [Rank 0] Weights loaded.
2026-04-07 00:10:53 [INFO] [Rank 1] Finished. Latency: 242703 ms
2026-04-07 00:10:53 [INFO] [Rank 2] Finished. Latency: 242703 ms
2026-04-07 00:10:53 [INFO] [Rank 0] Finished. Latency: 242704 ms
2026-04-07 00:10:53 [INFO] [Rank 3] Finished. Latency: 242728 ms
2026-04-07 00:10:57 [INFO] Total latency:     242704 ms
2026-04-07 00:10:57 [INFO] Peak 10GB memory:  9718 MB
2026-04-07 00:10:57 [INFO] Avg  10GB memory:  5627 MB
2026-04-07 00:10:57 [INFO] [133/198] Split [24, 7, 5, 4] | Batch: 64 | Microbatch: 8 | Microbatches: 8
2026-04-07 00:10:57 [INFO] Loading WikiText... (SEQ_LEN=64, BATCH=64)
2026-04-07 00:11:16 [INFO] [Rank 3] Loading weights...
2026-04-07 00:11:17 [INFO] [Rank 2] Loading weights...
2026-04-07 00:11:22 [INFO] [Rank 1] Loading weights...
2026-04-07 00:11:27 [INFO] [Rank 3] Weights loaded.
2026-04-07 00:11:29 [INFO] [Rank 2] Weights loaded.
2026-04-07 00:11:33 [INFO] [Rank 1] Weights loaded.
2026-04-07 00:12:00 [INFO] [Rank 0] Loading weights...
2026-04-07 00:12:14 [INFO] [Rank 0] Weights loaded.
2026-04-07 00:18:25 [INFO] [Rank 2] Finished. Latency: 371195 ms
2026-04-07 00:18:25 [INFO] [Rank 1] Finished. Latency: 371195 ms
2026-04-07 00:18:25 [INFO] [Rank 0] Finished. Latency: 371195 ms
2026-04-07 00:18:25 [INFO] [Rank 3] Finished. Latency: 371211 ms
2026-04-07 00:18:29 [INFO] Total latency:     371195 ms
2026-04-07 00:18:29 [INFO] Peak 10GB memory:  9650 MB
2026-04-07 00:18:29 [INFO] Avg  10GB memory:  5879 MB
2026-04-07 00:18:29 [INFO] [134/198] Split [24, 7, 5, 4] | Batch: 64 | Microbatch: 4 | Microbatches: 16
2026-04-07 00:18:29 [INFO] Loading WikiText... (SEQ_LEN=64, BATCH=64)
2026-04-07 00:18:48 [INFO] [Rank 3] Loading weights...
2026-04-07 00:18:50 [INFO] [Rank 2] Loading weights...
2026-04-07 00:18:54 [INFO] [Rank 1] Loading weights...
2026-04-07 00:19:00 [INFO] [Rank 3] Weights loaded.
2026-04-07 00:19:01 [INFO] [Rank 2] Weights loaded.
2026-04-07 00:19:06 [INFO] [Rank 1] Weights loaded.
2026-04-07 00:19:33 [INFO] [Rank 0] Loading weights...
2026-04-07 00:19:47 [INFO] [Rank 0] Weights loaded.
2026-04-07 00:30:19 [INFO] [Rank 1] Finished. Latency: 632223 ms
2026-04-07 00:30:19 [INFO] [Rank 2] Finished. Latency: 632223 ms
2026-04-07 00:30:19 [INFO] [Rank 0] Finished. Latency: 632223 ms
2026-04-07 00:30:19 [INFO] [Rank 3] Finished. Latency: 632236 ms
2026-04-07 00:30:23 [INFO] Total latency:     632223 ms
2026-04-07 00:30:23 [INFO] Peak 10GB memory:  9354 MB
2026-04-07 00:30:23 [INFO] Avg  10GB memory:  5671 MB
2026-04-07 00:30:23 [INFO] [135/198] Split [24, 7, 5, 4] | Batch: 64 | Microbatch: 2 | Microbatches: 32
2026-04-07 00:30:23 [INFO] Loading WikiText... (SEQ_LEN=64, BATCH=64)
2026-04-07 00:30:43 [INFO] [Rank 3] Loading weights...
2026-04-07 00:30:44 [INFO] [Rank 2] Loading weights...
2026-04-07 00:30:48 [INFO] [Rank 1] Loading weights...
2026-04-07 00:30:54 [INFO] [Rank 3] Weights loaded.
2026-04-07 00:30:55 [INFO] [Rank 2] Weights loaded.
2026-04-07 00:31:00 [INFO] [Rank 1] Weights loaded.
2026-04-07 00:31:27 [INFO] [Rank 0] Loading weights...
2026-04-07 00:31:41 [INFO] [Rank 0] Weights loaded.
2026-04-07 00:51:09 [INFO] [Rank 2] Finished. Latency: 1168564 ms
2026-04-07 00:51:09 [INFO] [Rank 1] Finished. Latency: 1168564 ms
2026-04-07 00:51:09 [INFO] [Rank 0] Finished. Latency: 1168564 ms
2026-04-07 00:51:09 [INFO] [Rank 3] Finished. Latency: 1168575 ms
2026-04-07 00:51:11 [ERROR] Hang detected: ranks still alive after timeout: 0
2026-04-07 00:51:13 [INFO] [136/198] Split [24, 8, 4, 4] | Batch: 32 | Microbatch: 16 | Microbatches: 2
2026-04-07 00:51:13 [INFO] Loading WikiText... (SEQ_LEN=64, BATCH=32)
2026-04-07 00:51:32 [INFO] [Rank 2] Loading weights...
2026-04-07 00:51:33 [INFO] [Rank 3] Loading weights...
2026-04-07 00:51:41 [INFO] [Rank 1] Loading weights...
2026-04-07 00:51:43 [INFO] [Rank 2] Weights loaded.
2026-04-07 00:51:44 [INFO] [Rank 3] Weights loaded.
2026-04-07 00:51:53 [INFO] [Rank 1] Weights loaded.
2026-04-07 00:52:17 [INFO] [Rank 0] Loading weights...
2026-04-07 00:52:31 [INFO] [Rank 0] Weights loaded.
2026-04-07 00:54:29 [INFO] [Rank 2] Finished. Latency: 117558 ms
2026-04-07 00:54:29 [INFO] [Rank 1] Finished. Latency: 117558 ms
2026-04-07 00:54:29 [INFO] [Rank 0] Finished. Latency: 117558 ms
2026-04-07 00:54:29 [INFO] [Rank 3] Finished. Latency: 117582 ms
2026-04-07 00:54:32 [INFO] Total latency:     117558 ms
2026-04-07 00:54:32 [INFO] Peak 10GB memory:  9642 MB
2026-04-07 00:54:32 [INFO] Avg  10GB memory:  4755 MB
2026-04-07 00:54:33 [INFO] [137/198] Split [24, 8, 4, 4] | Batch: 32 | Microbatch: 8 | Microbatches: 4
2026-04-07 00:54:33 [INFO] Loading WikiText... (SEQ_LEN=64, BATCH=32)
2026-04-07 00:54:51 [INFO] [Rank 2] Loading weights...
2026-04-07 00:54:53 [INFO] [Rank 3] Loading weights...
2026-04-07 00:55:01 [INFO] [Rank 1] Loading weights...
2026-04-07 00:55:03 [INFO] [Rank 2] Weights loaded.
2026-04-07 00:55:04 [INFO] [Rank 3] Weights loaded.
2026-04-07 00:55:12 [INFO] [Rank 1] Weights loaded.
2026-04-07 00:55:37 [INFO] [Rank 0] Loading weights...
2026-04-07 00:55:51 [INFO] [Rank 0] Weights loaded.
2026-04-07 00:58:52 [INFO] [Rank 2] Finished. Latency: 181691 ms
2026-04-07 00:58:52 [INFO] [Rank 1] Finished. Latency: 181691 ms
2026-04-07 00:58:52 [INFO] [Rank 0] Finished. Latency: 181691 ms
2026-04-07 00:58:52 [INFO] [Rank 3] Finished. Latency: 181707 ms
2026-04-07 00:58:56 [INFO] Total latency:     181691 ms
2026-04-07 00:58:56 [INFO] Peak 10GB memory:  9306 MB
2026-04-07 00:58:56 [INFO] Avg  10GB memory:  4857 MB
2026-04-07 00:58:56 [INFO] [138/198] Split [24, 8, 4, 4] | Batch: 32 | Microbatch: 4 | Microbatches: 8
2026-04-07 00:58:56 [INFO] Loading WikiText... (SEQ_LEN=64, BATCH=32)
2026-04-07 00:59:15 [INFO] [Rank 2] Loading weights...
2026-04-07 00:59:16 [INFO] [Rank 3] Loading weights...
2026-04-07 00:59:25 [INFO] [Rank 1] Loading weights...
2026-04-07 00:59:27 [INFO] [Rank 2] Weights loaded.
2026-04-07 00:59:28 [INFO] [Rank 3] Weights loaded.
2026-04-07 00:59:36 [INFO] [Rank 1] Weights loaded.
2026-04-07 01:00:01 [INFO] [Rank 0] Loading weights...
2026-04-07 01:00:15 [INFO] [Rank 0] Weights loaded.
2026-04-07 01:05:26 [INFO] [Rank 2] Finished. Latency: 310846 ms
2026-04-07 01:05:26 [INFO] [Rank 1] Finished. Latency: 310846 ms
2026-04-07 01:05:26 [INFO] [Rank 0] Finished. Latency: 310846 ms
2026-04-07 01:05:26 [INFO] [Rank 3] Finished. Latency: 310859 ms
2026-04-07 01:05:30 [INFO] Total latency:     310846 ms
2026-04-07 01:05:30 [INFO] Peak 10GB memory:  9124 MB
2026-04-07 01:05:30 [INFO] Avg  10GB memory:  4354 MB
2026-04-07 01:05:30 [INFO] [139/198] Split [24, 8, 4, 4] | Batch: 32 | Microbatch: 2 | Microbatches: 16
2026-04-07 01:05:30 [INFO] Loading WikiText... (SEQ_LEN=64, BATCH=32)
2026-04-07 01:05:49 [INFO] [Rank 2] Loading weights...
2026-04-07 01:05:50 [INFO] [Rank 3] Loading weights...
2026-04-07 01:05:58 [INFO] [Rank 1] Loading weights...
2026-04-07 01:06:00 [INFO] [Rank 2] Weights loaded.
2026-04-07 01:06:01 [INFO] [Rank 3] Weights loaded.
2026-04-07 01:06:10 [INFO] [Rank 1] Weights loaded.
2026-04-07 01:06:34 [INFO] [Rank 0] Loading weights...
2026-04-07 01:06:48 [INFO] [Rank 0] Weights loaded.
2026-04-07 01:16:22 [INFO] [Rank 2] Finished. Latency: 574312 ms
2026-04-07 01:16:22 [INFO] [Rank 1] Finished. Latency: 574312 ms
2026-04-07 01:16:22 [INFO] [Rank 0] Finished. Latency: 574312 ms
2026-04-07 01:16:22 [INFO] [Rank 3] Finished. Latency: 574323 ms
2026-04-07 01:16:26 [INFO] Total latency:     574312 ms
2026-04-07 01:16:26 [INFO] Peak 10GB memory:  4970 MB
2026-04-07 01:16:26 [INFO] Avg  10GB memory:  3743 MB
2026-04-07 01:16:26 [INFO] [140/198] Split [24, 8, 4, 4] | Batch: 64 | Microbatch: 32 | Microbatches: 2
2026-04-07 01:16:26 [INFO] Loading WikiText... (SEQ_LEN=64, BATCH=64)
2026-04-07 01:16:46 [INFO] [Rank 2] Loading weights...
2026-04-07 01:16:47 [INFO] [Rank 3] Loading weights...
2026-04-07 01:16:55 [INFO] [Rank 1] Loading weights...
2026-04-07 01:16:57 [INFO] [Rank 2] Weights loaded.
2026-04-07 01:16:58 [INFO] [Rank 3] Weights loaded.
2026-04-07 01:17:06 [INFO] [Rank 1] Weights loaded.
2026-04-07 01:17:31 [INFO] [Rank 0] Loading weights...
2026-04-07 01:17:44 [INFO] [Rank 0] Weights loaded.
2026-04-07 01:20:46 [INFO] [Rank 1] Finished. Latency: 181650 ms
2026-04-07 01:20:46 [INFO] [Rank 2] Finished. Latency: 181650 ms
2026-04-07 01:20:46 [INFO] [Rank 0] Finished. Latency: 181650 ms
2026-04-07 01:20:46 [INFO] [Rank 3] Finished. Latency: 181689 ms
2026-04-07 01:20:50 [INFO] Total latency:     181650 ms
2026-04-07 01:20:50 [INFO] Peak 10GB memory:  9700 MB
2026-04-07 01:20:50 [INFO] Avg  10GB memory:  5683 MB
2026-04-07 01:20:50 [INFO] [141/198] Split [24, 8, 4, 4] | Batch: 64 | Microbatch: 16 | Microbatches: 4
2026-04-07 01:20:50 [INFO] Loading WikiText... (SEQ_LEN=64, BATCH=64)
2026-04-07 01:21:09 [INFO] [Rank 2] Loading weights...
2026-04-07 01:21:10 [INFO] [Rank 3] Loading weights...
2026-04-07 01:21:18 [INFO] [Rank 1] Loading weights...
2026-04-07 01:21:20 [INFO] [Rank 2] Weights loaded.
2026-04-07 01:21:22 [INFO] [Rank 3] Weights loaded.
2026-04-07 01:21:30 [INFO] [Rank 1] Weights loaded.
2026-04-07 01:21:54 [INFO] [Rank 0] Loading weights...
2026-04-07 01:22:08 [INFO] [Rank 0] Weights loaded.
2026-04-07 01:26:05 [INFO] [Rank 2] Finished. Latency: 236888 ms
2026-04-07 01:26:05 [INFO] [Rank 1] Finished. Latency: 236888 ms
2026-04-07 01:26:05 [INFO] [Rank 0] Finished. Latency: 236888 ms
2026-04-07 01:26:05 [INFO] [Rank 3] Finished. Latency: 236913 ms
2026-04-07 01:26:09 [INFO] Total latency:     236888 ms
2026-04-07 01:26:09 [INFO] Peak 10GB memory:  9718 MB
2026-04-07 01:26:09 [INFO] Avg  10GB memory:  5590 MB
2026-04-07 01:26:09 [INFO] [142/198] Split [24, 8, 4, 4] | Batch: 64 | Microbatch: 8 | Microbatches: 8
2026-04-07 01:26:09 [INFO] Loading WikiText... (SEQ_LEN=64, BATCH=64)
2026-04-07 01:26:28 [INFO] [Rank 2] Loading weights...
2026-04-07 01:26:29 [INFO] [Rank 3] Loading weights...
2026-04-07 01:26:37 [INFO] [Rank 1] Loading weights...
2026-04-07 01:26:39 [INFO] [Rank 2] Weights loaded.
2026-04-07 01:26:40 [INFO] [Rank 3] Weights loaded.
2026-04-07 01:26:48 [INFO] [Rank 1] Weights loaded.
2026-04-07 01:27:13 [INFO] [Rank 0] Loading weights...
2026-04-07 01:27:27 [INFO] [Rank 0] Weights loaded.
2026-04-07 01:33:29 [INFO] [Rank 2] Finished. Latency: 361872 ms
2026-04-07 01:33:29 [INFO] [Rank 1] Finished. Latency: 361872 ms
2026-04-07 01:33:29 [INFO] [Rank 0] Finished. Latency: 361872 ms
2026-04-07 01:33:29 [INFO] [Rank 3] Finished. Latency: 361888 ms
2026-04-07 01:33:33 [INFO] Total latency:     361872 ms
2026-04-07 01:33:33 [INFO] Peak 10GB memory:  9650 MB
2026-04-07 01:33:33 [INFO] Avg  10GB memory:  5856 MB
2026-04-07 01:33:33 [INFO] [143/198] Split [24, 8, 4, 4] | Batch: 64 | Microbatch: 4 | Microbatches: 16
2026-04-07 01:33:33 [INFO] Loading WikiText... (SEQ_LEN=64, BATCH=64)
2026-04-07 01:33:51 [INFO] [Rank 2] Loading weights...
2026-04-07 01:33:52 [INFO] [Rank 3] Loading weights...
2026-04-07 01:34:00 [INFO] [Rank 1] Loading weights...
2026-04-07 01:34:02 [INFO] [Rank 2] Weights loaded.
2026-04-07 01:34:04 [INFO] [Rank 3] Weights loaded.
2026-04-07 01:34:12 [INFO] [Rank 1] Weights loaded.
2026-04-07 01:34:36 [INFO] [Rank 0] Loading weights...
2026-04-07 01:34:50 [INFO] [Rank 0] Weights loaded.
2026-04-07 01:45:07 [INFO] [Rank 2] Finished. Latency: 617030 ms
2026-04-07 01:45:07 [INFO] [Rank 1] Finished. Latency: 617030 ms
2026-04-07 01:45:07 [INFO] [Rank 0] Finished. Latency: 617030 ms
2026-04-07 01:45:07 [INFO] [Rank 3] Finished. Latency: 617043 ms
2026-04-07 01:45:11 [INFO] Total latency:     617030 ms
2026-04-07 01:45:11 [INFO] Peak 10GB memory:  9354 MB
2026-04-07 01:45:11 [INFO] Avg  10GB memory:  5662 MB
2026-04-07 01:45:11 [INFO] [144/198] Split [24, 8, 4, 4] | Batch: 64 | Microbatch: 2 | Microbatches: 32
2026-04-07 01:45:11 [INFO] Loading WikiText... (SEQ_LEN=64, BATCH=64)
2026-04-07 01:45:30 [INFO] [Rank 2] Loading weights...
2026-04-07 01:45:32 [INFO] [Rank 3] Loading weights...
2026-04-07 01:45:39 [INFO] [Rank 1] Loading weights...
2026-04-07 01:45:42 [INFO] [Rank 2] Weights loaded.
2026-04-07 01:45:43 [INFO] [Rank 3] Weights loaded.
2026-04-07 01:45:51 [INFO] [Rank 1] Weights loaded.
2026-04-07 01:46:16 [INFO] [Rank 0] Loading weights...
2026-04-07 01:46:30 [INFO] [Rank 0] Weights loaded.
2026-04-07 02:05:28 [INFO] [Rank 2] Finished. Latency: 1138320 ms
2026-04-07 02:05:28 [INFO] [Rank 1] Finished. Latency: 1138320 ms
2026-04-07 02:05:28 [INFO] [Rank 0] Finished. Latency: 1138320 ms
2026-04-07 02:05:28 [INFO] [Rank 3] Finished. Latency: 1138331 ms
2026-04-07 02:05:30 [ERROR] Hang detected: ranks still alive after timeout: 0
2026-04-07 02:05:32 [INFO] [145/198] Split [24, 8, 5, 3] | Batch: 32 | Microbatch: 16 | Microbatches: 2
2026-04-07 02:05:32 [INFO] Loading WikiText... (SEQ_LEN=64, BATCH=32)
2026-04-07 02:05:49 [INFO] [Rank 3] Loading weights...
2026-04-07 02:05:53 [INFO] [Rank 2] Loading weights...
2026-04-07 02:06:00 [INFO] [Rank 1] Loading weights...
2026-04-07 02:06:01 [INFO] [Rank 3] Weights loaded.
2026-04-07 02:06:05 [INFO] [Rank 2] Weights loaded.
2026-04-07 02:06:11 [INFO] [Rank 1] Weights loaded.
2026-04-07 02:06:36 [INFO] [Rank 0] Loading weights...
2026-04-07 02:06:50 [INFO] [Rank 0] Weights loaded.
2026-04-07 02:08:47 [INFO] [Rank 1] Finished. Latency: 117235 ms
2026-04-07 02:08:47 [INFO] [Rank 2] Finished. Latency: 117235 ms
2026-04-07 02:08:47 [INFO] [Rank 0] Finished. Latency: 117235 ms
2026-04-07 02:08:47 [INFO] [Rank 3] Finished. Latency: 117254 ms
2026-04-07 02:08:51 [INFO] Total latency:     117235 ms
2026-04-07 02:08:51 [INFO] Peak 10GB memory:  9606 MB
2026-04-07 02:08:51 [INFO] Avg  10GB memory:  4217 MB
2026-04-07 02:08:51 [INFO] [146/198] Split [24, 8, 5, 3] | Batch: 32 | Microbatch: 8 | Microbatches: 4
2026-04-07 02:08:51 [INFO] Loading WikiText... (SEQ_LEN=64, BATCH=32)
2026-04-07 02:09:08 [INFO] [Rank 3] Loading weights...
2026-04-07 02:09:11 [INFO] [Rank 2] Loading weights...
2026-04-07 02:09:18 [INFO] [Rank 1] Loading weights...
2026-04-07 02:09:19 [INFO] [Rank 3] Weights loaded.
2026-04-07 02:09:23 [INFO] [Rank 2] Weights loaded.
2026-04-07 02:09:29 [INFO] [Rank 1] Weights loaded.
2026-04-07 02:09:54 [INFO] [Rank 0] Loading weights...
2026-04-07 02:10:08 [INFO] [Rank 0] Weights loaded.
2026-04-07 02:13:09 [INFO] [Rank 2] Finished. Latency: 180870 ms
2026-04-07 02:13:09 [INFO] [Rank 1] Finished. Latency: 180870 ms
2026-04-07 02:13:09 [INFO] [Rank 0] Finished. Latency: 180870 ms
2026-04-07 02:13:09 [INFO] [Rank 3] Finished. Latency: 180883 ms
2026-04-07 02:13:13 [INFO] Total latency:     180870 ms
2026-04-07 02:13:13 [INFO] Peak 10GB memory:  9602 MB
2026-04-07 02:13:13 [INFO] Avg  10GB memory:  4338 MB
2026-04-07 02:13:13 [INFO] [147/198] Split [24, 8, 5, 3] | Batch: 32 | Microbatch: 4 | Microbatches: 8
2026-04-07 02:13:13 [INFO] Loading WikiText... (SEQ_LEN=64, BATCH=32)
2026-04-07 02:13:31 [INFO] [Rank 3] Loading weights...
2026-04-07 02:13:34 [INFO] [Rank 2] Loading weights...
2026-04-07 02:13:41 [INFO] [Rank 1] Loading weights...
2026-04-07 02:13:42 [INFO] [Rank 3] Weights loaded.
2026-04-07 02:13:45 [INFO] [Rank 2] Weights loaded.
2026-04-07 02:13:52 [INFO] [Rank 1] Weights loaded.
2026-04-07 02:14:17 [INFO] [Rank 0] Loading weights...
2026-04-07 02:14:31 [INFO] [Rank 0] Weights loaded.
2026-04-07 02:19:40 [INFO] [Rank 2] Finished. Latency: 308858 ms
2026-04-07 02:19:40 [INFO] [Rank 1] Finished. Latency: 308858 ms
2026-04-07 02:19:40 [INFO] [Rank 0] Finished. Latency: 308858 ms
2026-04-07 02:19:40 [INFO] [Rank 3] Finished. Latency: 308868 ms
2026-04-07 02:19:44 [INFO] Total latency:     308858 ms
2026-04-07 02:19:44 [INFO] Peak 10GB memory:  6980 MB
2026-04-07 02:19:44 [INFO] Avg  10GB memory:  3387 MB
2026-04-07 02:19:44 [INFO] [148/198] Split [24, 8, 5, 3] | Batch: 32 | Microbatch: 2 | Microbatches: 16
2026-04-07 02:19:44 [INFO] Loading WikiText... (SEQ_LEN=64, BATCH=32)
2026-04-07 02:20:01 [INFO] [Rank 3] Loading weights...
2026-04-07 02:20:04 [INFO] [Rank 2] Loading weights...
2026-04-07 02:20:11 [INFO] [Rank 1] Loading weights...
2026-04-07 02:20:12 [INFO] [Rank 3] Weights loaded.
2026-04-07 02:20:16 [INFO] [Rank 2] Weights loaded.
2026-04-07 02:20:23 [INFO] [Rank 1] Weights loaded.
2026-04-07 02:20:47 [INFO] [Rank 0] Loading weights...
2026-04-07 02:21:01 [INFO] [Rank 0] Weights loaded.
2026-04-07 02:30:33 [INFO] [Rank 2] Finished. Latency: 571685 ms
2026-04-07 02:30:33 [INFO] [Rank 1] Finished. Latency: 571685 ms
2026-04-07 02:30:33 [INFO] [Rank 0] Finished. Latency: 571685 ms
2026-04-07 02:30:33 [INFO] [Rank 3] Finished. Latency: 571693 ms
2026-04-07 02:30:37 [INFO] Total latency:     571685 ms
2026-04-07 02:30:37 [INFO] Peak 10GB memory:  3850 MB
2026-04-07 02:30:37 [INFO] Avg  10GB memory:  2940 MB
2026-04-07 02:30:37 [INFO] [149/198] Split [24, 8, 5, 3] | Batch: 64 | Microbatch: 32 | Microbatches: 2
2026-04-07 02:30:37 [INFO] Loading WikiText... (SEQ_LEN=64, BATCH=64)
2026-04-07 02:30:55 [INFO] [Rank 3] Loading weights...
2026-04-07 02:30:59 [INFO] [Rank 2] Loading weights...
2026-04-07 02:31:05 [INFO] [Rank 1] Loading weights...
2026-04-07 02:31:07 [INFO] [Rank 3] Weights loaded.
2026-04-07 02:31:10 [INFO] [Rank 2] Weights loaded.
2026-04-07 02:31:17 [INFO] [Rank 1] Weights loaded.
2026-04-07 02:31:42 [INFO] [Rank 0] Loading weights...
2026-04-07 02:31:56 [INFO] [Rank 0] Weights loaded.
2026-04-07 02:34:58 [INFO] [Rank 2] Finished. Latency: 181788 ms
2026-04-07 02:34:58 [INFO] [Rank 1] Finished. Latency: 181788 ms
2026-04-07 02:34:58 [INFO] [Rank 0] Finished. Latency: 181788 ms
2026-04-07 02:34:58 [INFO] [Rank 3] Finished. Latency: 181818 ms
2026-04-07 02:35:01 [INFO] Total latency:     181788 ms
2026-04-07 02:35:01 [INFO] Peak 10GB memory:  9666 MB
2026-04-07 02:35:01 [INFO] Avg  10GB memory:  5035 MB
2026-04-07 02:35:02 [INFO] [150/198] Split [24, 8, 5, 3] | Batch: 64 | Microbatch: 16 | Microbatches: 4
2026-04-07 02:35:02 [INFO] Loading WikiText... (SEQ_LEN=64, BATCH=64)
2026-04-07 02:35:19 [INFO] [Rank 3] Loading weights...
2026-04-07 02:35:22 [INFO] [Rank 2] Loading weights...
2026-04-07 02:35:29 [INFO] [Rank 1] Loading weights...
2026-04-07 02:35:30 [INFO] [Rank 3] Weights loaded.
2026-04-07 02:35:34 [INFO] [Rank 2] Weights loaded.
2026-04-07 02:35:41 [INFO] [Rank 1] Weights loaded.
2026-04-07 02:36:06 [INFO] [Rank 0] Loading weights...
2026-04-07 02:36:20 [INFO] [Rank 0] Weights loaded.
2026-04-07 02:40:16 [INFO] [Rank 2] Finished. Latency: 236459 ms
2026-04-07 02:40:16 [INFO] [Rank 1] Finished. Latency: 236459 ms
2026-04-07 02:40:16 [INFO] [Rank 0] Finished. Latency: 236459 ms
2026-04-07 02:40:16 [INFO] [Rank 3] Finished. Latency: 236478 ms
2026-04-07 02:40:20 [INFO] Total latency:     236459 ms
2026-04-07 02:40:20 [INFO] Peak 10GB memory:  9714 MB
2026-04-07 02:40:20 [INFO] Avg  10GB memory:  5053 MB
2026-04-07 02:40:20 [INFO] [151/198] Split [24, 8, 5, 3] | Batch: 64 | Microbatch: 8 | Microbatches: 8
2026-04-07 02:40:20 [INFO] Loading WikiText... (SEQ_LEN=64, BATCH=64)
2026-04-07 02:40:37 [INFO] [Rank 3] Loading weights...
2026-04-07 02:40:41 [INFO] [Rank 2] Loading weights...
2026-04-07 02:40:47 [INFO] [Rank 1] Loading weights...
2026-04-07 02:40:49 [INFO] [Rank 3] Weights loaded.
2026-04-07 02:40:52 [INFO] [Rank 2] Weights loaded.
2026-04-07 02:40:59 [INFO] [Rank 1] Weights loaded.
2026-04-07 02:41:24 [INFO] [Rank 0] Loading weights...
2026-04-07 02:41:38 [INFO] [Rank 0] Weights loaded.
2026-04-07 02:47:39 [INFO] [Rank 2] Finished. Latency: 361556 ms
2026-04-07 02:47:39 [INFO] [Rank 1] Finished. Latency: 361556 ms
2026-04-07 02:47:39 [INFO] [Rank 0] Finished. Latency: 361556 ms
2026-04-07 02:47:39 [INFO] [Rank 3] Finished. Latency: 361568 ms
2026-04-07 02:47:43 [INFO] Total latency:     361556 ms
2026-04-07 02:47:43 [INFO] Peak 10GB memory:  9716 MB
2026-04-07 02:47:43 [INFO] Avg  10GB memory:  5143 MB
2026-04-07 02:47:43 [INFO] [152/198] Split [24, 8, 5, 3] | Batch: 64 | Microbatch: 4 | Microbatches: 16
2026-04-07 02:47:43 [INFO] Loading WikiText... (SEQ_LEN=64, BATCH=64)
2026-04-07 02:48:01 [INFO] [Rank 3] Loading weights...
2026-04-07 02:48:04 [INFO] [Rank 2] Loading weights...
2026-04-07 02:48:11 [INFO] [Rank 1] Loading weights...
2026-04-07 02:48:13 [INFO] [Rank 3] Weights loaded.
2026-04-07 02:48:16 [INFO] [Rank 2] Weights loaded.
2026-04-07 02:48:23 [INFO] [Rank 1] Weights loaded.
2026-04-07 02:48:47 [INFO] [Rank 0] Loading weights...
2026-04-07 02:49:01 [INFO] [Rank 0] Weights loaded.
2026-04-07 02:59:18 [INFO] [Rank 2] Finished. Latency: 617296 ms
2026-04-07 02:59:18 [INFO] [Rank 1] Finished. Latency: 617296 ms
2026-04-07 02:59:18 [INFO] [Rank 0] Finished. Latency: 617296 ms
2026-04-07 02:59:18 [INFO] [Rank 3] Finished. Latency: 617305 ms
2026-04-07 02:59:22 [INFO] Total latency:     617296 ms
2026-04-07 02:59:22 [INFO] Peak 10GB memory:  9280 MB
2026-04-07 02:59:22 [INFO] Avg  10GB memory:  4695 MB
2026-04-07 02:59:22 [INFO] [153/198] Split [24, 8, 5, 3] | Batch: 64 | Microbatch: 2 | Microbatches: 32
2026-04-07 02:59:22 [INFO] Loading WikiText... (SEQ_LEN=64, BATCH=64)
2026-04-07 02:59:40 [INFO] [Rank 3] Loading weights...
2026-04-07 02:59:43 [INFO] [Rank 2] Loading weights...
2026-04-07 02:59:50 [INFO] [Rank 1] Loading weights...
2026-04-07 02:59:51 [INFO] [Rank 3] Weights loaded.
2026-04-07 02:59:55 [INFO] [Rank 2] Weights loaded.
2026-04-07 03:00:02 [INFO] [Rank 1] Weights loaded.
2026-04-07 03:00:26 [INFO] [Rank 0] Loading weights...
2026-04-07 03:00:40 [INFO] [Rank 0] Weights loaded.
2026-04-07 03:19:40 [INFO] [Rank 2] Finished. Latency: 1139536 ms
2026-04-07 03:19:40 [INFO] [Rank 1] Finished. Latency: 1139536 ms
2026-04-07 03:19:40 [INFO] [Rank 0] Finished. Latency: 1139536 ms
2026-04-07 03:19:40 [INFO] [Rank 3] Finished. Latency: 1139544 ms
2026-04-07 03:19:41 [ERROR] Hang detected: ranks still alive after timeout: 0
2026-04-07 03:19:44 [INFO] [154/198] Split [24, 9, 4, 3] | Batch: 32 | Microbatch: 16 | Microbatches: 2
2026-04-07 03:19:44 [INFO] Loading WikiText... (SEQ_LEN=64, BATCH=32)
2026-04-07 03:20:01 [INFO] [Rank 3] Loading weights...
2026-04-07 03:20:02 [INFO] [Rank 2] Loading weights...
2026-04-07 03:20:12 [INFO] [Rank 3] Weights loaded.
2026-04-07 03:20:13 [INFO] [Rank 1] Loading weights...
2026-04-07 03:20:13 [INFO] [Rank 2] Weights loaded.
2026-04-07 03:20:25 [INFO] [Rank 1] Weights loaded.
2026-04-07 03:20:47 [INFO] [Rank 0] Loading weights...
2026-04-07 03:21:01 [INFO] [Rank 0] Weights loaded.
2026-04-07 03:22:55 [INFO] [Rank 1] Finished. Latency: 114515 ms
2026-04-07 03:22:55 [INFO] [Rank 2] Finished. Latency: 114515 ms
2026-04-07 03:22:55 [INFO] [Rank 0] Finished. Latency: 114515 ms
2026-04-07 03:22:55 [INFO] [Rank 3] Finished. Latency: 114533 ms
2026-04-07 03:22:59 [INFO] Total latency:     114515 ms
2026-04-07 03:22:59 [INFO] Peak 10GB memory:  9606 MB
2026-04-07 03:22:59 [INFO] Avg  10GB memory:  4199 MB
2026-04-07 03:22:59 [INFO] [155/198] Split [24, 9, 4, 3] | Batch: 32 | Microbatch: 8 | Microbatches: 4
2026-04-07 03:22:59 [INFO] Loading WikiText... (SEQ_LEN=64, BATCH=32)
2026-04-07 03:23:17 [INFO] [Rank 3] Loading weights...
2026-04-07 03:23:18 [INFO] [Rank 2] Loading weights...
2026-04-07 03:23:28 [INFO] [Rank 3] Weights loaded.
2026-04-07 03:23:29 [INFO] [Rank 2] Weights loaded.
2026-04-07 03:23:29 [INFO] [Rank 1] Loading weights...
2026-04-07 03:23:41 [INFO] [Rank 1] Weights loaded.
2026-04-07 03:24:06 [INFO] [Rank 0] Loading weights...
2026-04-07 03:24:20 [INFO] [Rank 0] Weights loaded.
2026-04-07 03:27:17 [INFO] [Rank 2] Finished. Latency: 176698 ms
2026-04-07 03:27:17 [INFO] [Rank 1] Finished. Latency: 176698 ms
2026-04-07 03:27:17 [INFO] [Rank 0] Finished. Latency: 176698 ms
2026-04-07 03:27:17 [INFO] [Rank 3] Finished. Latency: 176710 ms
2026-04-07 03:27:20 [INFO] Total latency:     176698 ms
2026-04-07 03:27:20 [INFO] Peak 10GB memory:  9602 MB
2026-04-07 03:27:20 [INFO] Avg  10GB memory:  4266 MB
2026-04-07 03:27:20 [INFO] [156/198] Split [24, 9, 4, 3] | Batch: 32 | Microbatch: 4 | Microbatches: 8
2026-04-07 03:27:20 [INFO] Loading WikiText... (SEQ_LEN=64, BATCH=32)
2026-04-07 03:27:38 [INFO] [Rank 3] Loading weights...
2026-04-07 03:27:39 [INFO] [Rank 2] Loading weights...
2026-04-07 03:27:50 [INFO] [Rank 3] Weights loaded.
2026-04-07 03:27:51 [INFO] [Rank 1] Loading weights...
2026-04-07 03:27:51 [INFO] [Rank 2] Weights loaded.
2026-04-07 03:28:02 [INFO] [Rank 1] Weights loaded.
2026-04-07 03:28:25 [INFO] [Rank 0] Loading weights...
2026-04-07 03:28:38 [INFO] [Rank 0] Weights loaded.
2026-04-07 03:33:41 [INFO] [Rank 2] Finished. Latency: 301963 ms
2026-04-07 03:33:41 [INFO] [Rank 1] Finished. Latency: 301963 ms
2026-04-07 03:33:41 [INFO] [Rank 0] Finished. Latency: 301963 ms
2026-04-07 03:33:41 [INFO] [Rank 3] Finished. Latency: 301973 ms
2026-04-07 03:33:45 [INFO] Total latency:     301963 ms
2026-04-07 03:33:45 [INFO] Peak 10GB memory:  6980 MB
2026-04-07 03:33:45 [INFO] Avg  10GB memory:  3380 MB
2026-04-07 03:33:45 [INFO] [157/198] Split [24, 9, 4, 3] | Batch: 32 | Microbatch: 2 | Microbatches: 16
2026-04-07 03:33:45 [INFO] Loading WikiText... (SEQ_LEN=64, BATCH=32)
2026-04-07 03:34:02 [INFO] [Rank 3] Loading weights...
2026-04-07 03:34:03 [INFO] [Rank 2] Loading weights...
2026-04-07 03:34:14 [INFO] [Rank 3] Weights loaded.
2026-04-07 03:34:15 [INFO] [Rank 1] Loading weights...
2026-04-07 03:34:15 [INFO] [Rank 2] Weights loaded.
2026-04-07 03:34:26 [INFO] [Rank 1] Weights loaded.
2026-04-07 03:34:49 [INFO] [Rank 0] Loading weights...
2026-04-07 03:35:02 [INFO] [Rank 0] Weights loaded.
2026-04-07 03:44:24 [INFO] [Rank 2] Finished. Latency: 561289 ms
2026-04-07 03:44:24 [INFO] [Rank 1] Finished. Latency: 561289 ms
2026-04-07 03:44:24 [INFO] [Rank 0] Finished. Latency: 561289 ms
2026-04-07 03:44:24 [INFO] [Rank 3] Finished. Latency: 561298 ms
2026-04-07 03:44:28 [INFO] Total latency:     561289 ms
2026-04-07 03:44:28 [INFO] Peak 10GB memory:  3850 MB
2026-04-07 03:44:28 [INFO] Avg  10GB memory:  2934 MB
2026-04-07 03:44:28 [INFO] [158/198] Split [24, 9, 4, 3] | Batch: 64 | Microbatch: 32 | Microbatches: 2
2026-04-07 03:44:28 [INFO] Loading WikiText... (SEQ_LEN=64, BATCH=64)
2026-04-07 03:44:45 [INFO] [Rank 3] Loading weights...
2026-04-07 03:44:46 [INFO] [Rank 2] Loading weights...
2026-04-07 03:44:56 [INFO] [Rank 3] Weights loaded.
2026-04-07 03:44:58 [INFO] [Rank 1] Loading weights...
2026-04-07 03:44:58 [INFO] [Rank 2] Weights loaded.
2026-04-07 03:45:10 [INFO] [Rank 1] Weights loaded.
2026-04-07 03:45:32 [INFO] [Rank 0] Loading weights...
2026-04-07 03:45:46 [INFO] [Rank 0] Weights loaded.
2026-04-07 03:48:44 [INFO] [Rank 2] Finished. Latency: 178076 ms
2026-04-07 03:48:44 [INFO] [Rank 1] Finished. Latency: 178076 ms
2026-04-07 03:48:44 [INFO] [Rank 0] Finished. Latency: 178076 ms
2026-04-07 03:48:44 [INFO] [Rank 3] Finished. Latency: 178107 ms
2026-04-07 03:48:48 [INFO] Total latency:     178076 ms
2026-04-07 03:48:48 [INFO] Peak 10GB memory:  9666 MB
2026-04-07 03:48:48 [INFO] Avg  10GB memory:  5008 MB
2026-04-07 03:48:48 [INFO] [159/198] Split [24, 9, 4, 3] | Batch: 64 | Microbatch: 16 | Microbatches: 4
2026-04-07 03:48:48 [INFO] Loading WikiText... (SEQ_LEN=64, BATCH=64)
2026-04-07 03:49:05 [INFO] [Rank 3] Loading weights...
2026-04-07 03:49:06 [INFO] [Rank 2] Loading weights...
2026-04-07 03:49:17 [INFO] [Rank 3] Weights loaded.
2026-04-07 03:49:17 [INFO] [Rank 1] Loading weights...
2026-04-07 03:49:17 [INFO] [Rank 2] Weights loaded.
2026-04-07 03:49:29 [INFO] [Rank 1] Weights loaded.
2026-04-07 03:49:52 [INFO] [Rank 0] Loading weights...
2026-04-07 03:50:05 [INFO] [Rank 0] Weights loaded.
2026-04-07 03:53:57 [INFO] [Rank 2] Finished. Latency: 231181 ms
2026-04-07 03:53:57 [INFO] [Rank 1] Finished. Latency: 231181 ms
2026-04-07 03:53:57 [INFO] [Rank 0] Finished. Latency: 231181 ms
2026-04-07 03:53:57 [INFO] [Rank 3] Finished. Latency: 231200 ms
2026-04-07 03:54:01 [INFO] Total latency:     231181 ms
2026-04-07 03:54:01 [INFO] Peak 10GB memory:  9714 MB
2026-04-07 03:54:01 [INFO] Avg  10GB memory:  5043 MB
2026-04-07 03:54:01 [INFO] [160/198] Split [24, 9, 4, 3] | Batch: 64 | Microbatch: 8 | Microbatches: 8
2026-04-07 03:54:01 [INFO] Loading WikiText... (SEQ_LEN=64, BATCH=64)
2026-04-07 03:54:18 [INFO] [Rank 3] Loading weights...
2026-04-07 03:54:19 [INFO] [Rank 2] Loading weights...
2026-04-07 03:54:29 [INFO] [Rank 3] Weights loaded.
2026-04-07 03:54:31 [INFO] [Rank 1] Loading weights...
2026-04-07 03:54:31 [INFO] [Rank 2] Weights loaded.
2026-04-07 03:54:43 [INFO] [Rank 1] Weights loaded.
2026-04-07 03:55:04 [INFO] [Rank 0] Loading weights...
2026-04-07 03:55:18 [INFO] [Rank 0] Weights loaded.
2026-04-07 04:01:12 [INFO] [Rank 2] Finished. Latency: 353746 ms
2026-04-07 04:01:12 [INFO] [Rank 1] Finished. Latency: 353746 ms
2026-04-07 04:01:12 [INFO] [Rank 0] Finished. Latency: 353746 ms
2026-04-07 04:01:12 [INFO] [Rank 3] Finished. Latency: 353758 ms
2026-04-07 04:01:16 [INFO] Total latency:     353746 ms
2026-04-07 04:01:16 [INFO] Peak 10GB memory:  9716 MB
2026-04-07 04:01:16 [INFO] Avg  10GB memory:  5122 MB
2026-04-07 04:01:16 [INFO] [161/198] Split [24, 9, 4, 3] | Batch: 64 | Microbatch: 4 | Microbatches: 16
2026-04-07 04:01:16 [INFO] Loading WikiText... (SEQ_LEN=64, BATCH=64)
2026-04-07 04:01:33 [INFO] [Rank 3] Loading weights...
2026-04-07 04:01:34 [INFO] [Rank 2] Loading weights...
2026-04-07 04:01:44 [INFO] [Rank 3] Weights loaded.
2026-04-07 04:01:45 [INFO] [Rank 2] Weights loaded.
2026-04-07 04:01:45 [INFO] [Rank 1] Loading weights...
2026-04-07 04:01:57 [INFO] [Rank 1] Weights loaded.
2026-04-07 04:02:19 [INFO] [Rank 0] Loading weights...
2026-04-07 04:02:33 [INFO] [Rank 0] Weights loaded.
2026-04-07 04:12:36 [INFO] [Rank 2] Finished. Latency: 603510 ms
2026-04-07 04:12:36 [INFO] [Rank 1] Finished. Latency: 603510 ms
2026-04-07 04:12:36 [INFO] [Rank 0] Finished. Latency: 603510 ms
2026-04-07 04:12:36 [INFO] [Rank 3] Finished. Latency: 603520 ms
2026-04-07 04:12:40 [INFO] Total latency:     603510 ms
2026-04-07 04:12:40 [INFO] Peak 10GB memory:  9280 MB
2026-04-07 04:12:40 [INFO] Avg  10GB memory:  4698 MB
2026-04-07 04:12:40 [INFO] [162/198] Split [24, 9, 4, 3] | Batch: 64 | Microbatch: 2 | Microbatches: 32
2026-04-07 04:12:40 [INFO] Loading WikiText... (SEQ_LEN=64, BATCH=64)
2026-04-07 04:12:58 [INFO] [Rank 3] Loading weights...
2026-04-07 04:12:59 [INFO] [Rank 2] Loading weights...
2026-04-07 04:13:10 [INFO] [Rank 3] Weights loaded.
2026-04-07 04:13:10 [INFO] [Rank 1] Loading weights...
2026-04-07 04:13:11 [INFO] [Rank 2] Weights loaded.
2026-04-07 04:13:22 [INFO] [Rank 1] Weights loaded.
2026-04-07 04:13:45 [INFO] [Rank 0] Loading weights...
2026-04-07 04:13:59 [INFO] [Rank 0] Weights loaded.
2026-04-07 04:32:37 [INFO] [Rank 1] Finished. Latency: 1118366 ms
2026-04-07 04:32:37 [INFO] [Rank 2] Finished. Latency: 1118366 ms
2026-04-07 04:32:37 [INFO] [Rank 0] Finished. Latency: 1118366 ms
2026-04-07 04:32:37 [INFO] [Rank 3] Finished. Latency: 1118374 ms
2026-04-07 04:32:41 [INFO] Total latency:     1118366 ms
2026-04-07 04:32:41 [INFO] Peak 10GB memory:  5406 MB
2026-04-07 04:32:41 [INFO] Avg  10GB memory:  3714 MB
2026-04-07 04:32:41 [INFO] [163/198] Split [24, 9, 5, 2] | Batch: 32 | Microbatch: 16 | Microbatches: 2
2026-04-07 04:32:41 [INFO] Loading WikiText... (SEQ_LEN=64, BATCH=32)
2026-04-07 04:32:56 [INFO] [Rank 3] Loading weights...
2026-04-07 04:33:02 [INFO] [Rank 2] Loading weights...
2026-04-07 04:33:07 [INFO] [Rank 3] Weights loaded.
2026-04-07 04:33:11 [INFO] [Rank 1] Loading weights...
2026-04-07 04:33:13 [INFO] [Rank 2] Weights loaded.
2026-04-07 04:33:23 [INFO] [Rank 1] Weights loaded.
2026-04-07 04:33:45 [INFO] [Rank 0] Loading weights...
2026-04-07 04:33:59 [INFO] [Rank 0] Weights loaded.
2026-04-07 04:35:53 [INFO] [Rank 2] Finished. Latency: 114543 ms
2026-04-07 04:35:53 [INFO] [Rank 1] Finished. Latency: 114543 ms
2026-04-07 04:35:53 [INFO] [Rank 0] Finished. Latency: 114543 ms
2026-04-07 04:35:53 [INFO] [Rank 3] Finished. Latency: 114555 ms
2026-04-07 04:35:57 [INFO] Total latency:     114543 ms
2026-04-07 04:35:57 [INFO] Peak 10GB memory:  9368 MB
2026-04-07 04:35:57 [INFO] Avg  10GB memory:  3502 MB
2026-04-07 04:35:57 [INFO] [164/198] Split [24, 9, 5, 2] | Batch: 32 | Microbatch: 8 | Microbatches: 4
2026-04-07 04:35:57 [INFO] Loading WikiText... (SEQ_LEN=64, BATCH=32)
2026-04-07 04:36:12 [INFO] [Rank 3] Loading weights...
2026-04-07 04:36:18 [INFO] [Rank 2] Loading weights...
2026-04-07 04:36:23 [INFO] [Rank 3] Weights loaded.
2026-04-07 04:36:27 [INFO] [Rank 1] Loading weights...
2026-04-07 04:36:29 [INFO] [Rank 2] Weights loaded.
2026-04-07 04:36:38 [INFO] [Rank 1] Weights loaded.
2026-04-07 04:37:01 [INFO] [Rank 0] Loading weights...
2026-04-07 04:37:14 [INFO] [Rank 0] Weights loaded.
2026-04-07 04:40:11 [INFO] [Rank 2] Finished. Latency: 176861 ms
2026-04-07 04:40:11 [INFO] [Rank 1] Finished. Latency: 176861 ms
2026-04-07 04:40:11 [INFO] [Rank 0] Finished. Latency: 176861 ms
2026-04-07 04:40:11 [INFO] [Rank 3] Finished. Latency: 176870 ms
2026-04-07 04:40:15 [INFO] Total latency:     176861 ms
2026-04-07 04:40:15 [INFO] Peak 10GB memory:  9454 MB
2026-04-07 04:40:15 [INFO] Avg  10GB memory:  3704 MB
2026-04-07 04:40:15 [INFO] [165/198] Split [24, 9, 5, 2] | Batch: 32 | Microbatch: 4 | Microbatches: 8
2026-04-07 04:40:15 [INFO] Loading WikiText... (SEQ_LEN=64, BATCH=32)
2026-04-07 04:40:30 [INFO] [Rank 3] Loading weights...
2026-04-07 04:40:36 [INFO] [Rank 2] Loading weights...
2026-04-07 04:40:41 [INFO] [Rank 3] Weights loaded.
2026-04-07 04:40:45 [INFO] [Rank 1] Loading weights...
2026-04-07 04:40:47 [INFO] [Rank 2] Weights loaded.
2026-04-07 04:40:57 [INFO] [Rank 1] Weights loaded.
2026-04-07 04:41:19 [INFO] [Rank 0] Loading weights...
2026-04-07 04:41:32 [INFO] [Rank 0] Weights loaded.
2026-04-07 04:46:35 [INFO] [Rank 2] Finished. Latency: 302175 ms
2026-04-07 04:46:35 [INFO] [Rank 1] Finished. Latency: 302175 ms
2026-04-07 04:46:35 [INFO] [Rank 0] Finished. Latency: 302175 ms
2026-04-07 04:46:35 [INFO] [Rank 3] Finished. Latency: 302181 ms
2026-04-07 04:46:39 [INFO] Total latency:     302175 ms
2026-04-07 04:46:39 [INFO] Peak 10GB memory:  4836 MB
2026-04-07 04:46:39 [INFO] Avg  10GB memory:  2424 MB
2026-04-07 04:46:39 [INFO] [166/198] Split [24, 9, 5, 2] | Batch: 32 | Microbatch: 2 | Microbatches: 16
2026-04-07 04:46:39 [INFO] Loading WikiText... (SEQ_LEN=64, BATCH=32)
2026-04-07 04:46:53 [INFO] [Rank 3] Loading weights...
2026-04-07 04:46:59 [INFO] [Rank 2] Loading weights...
2026-04-07 04:47:05 [INFO] [Rank 3] Weights loaded.
2026-04-07 04:47:08 [INFO] [Rank 1] Loading weights...
2026-04-07 04:47:10 [INFO] [Rank 2] Weights loaded.
2026-04-07 04:47:20 [INFO] [Rank 1] Weights loaded.
2026-04-07 04:47:42 [INFO] [Rank 0] Loading weights...
2026-04-07 04:47:56 [INFO] [Rank 0] Weights loaded.
2026-04-07 04:57:17 [INFO] [Rank 2] Finished. Latency: 560857 ms
2026-04-07 04:57:17 [INFO] [Rank 1] Finished. Latency: 560857 ms
2026-04-07 04:57:17 [INFO] [Rank 0] Finished. Latency: 560857 ms
2026-04-07 04:57:17 [INFO] [Rank 3] Finished. Latency: 560862 ms
2026-04-07 04:57:21 [INFO] Total latency:     560857 ms
2026-04-07 04:57:21 [INFO] Peak 10GB memory:  2730 MB
2026-04-07 04:57:21 [INFO] Avg  10GB memory:  2123 MB
2026-04-07 04:57:21 [INFO] [167/198] Split [24, 9, 5, 2] | Batch: 64 | Microbatch: 32 | Microbatches: 2
2026-04-07 04:57:21 [INFO] Loading WikiText... (SEQ_LEN=64, BATCH=64)
2026-04-07 04:57:36 [INFO] [Rank 3] Loading weights...
2026-04-07 04:57:42 [INFO] [Rank 2] Loading weights...
2026-04-07 04:57:47 [INFO] [Rank 3] Weights loaded.
2026-04-07 04:57:51 [INFO] [Rank 1] Loading weights...
2026-04-07 04:57:53 [INFO] [Rank 2] Weights loaded.
2026-04-07 04:58:03 [INFO] [Rank 1] Weights loaded.
2026-04-07 04:58:25 [INFO] [Rank 0] Loading weights...
2026-04-07 04:58:38 [INFO] [Rank 0] Weights loaded.
2026-04-07 05:01:37 [INFO] [Rank 2] Finished. Latency: 178262 ms
2026-04-07 05:01:37 [INFO] [Rank 1] Finished. Latency: 178262 ms
2026-04-07 05:01:37 [INFO] [Rank 0] Finished. Latency: 178262 ms
2026-04-07 05:01:37 [INFO] [Rank 3] Finished. Latency: 178283 ms
2026-04-07 05:01:41 [INFO] Total latency:     178262 ms
2026-04-07 05:01:41 [INFO] Peak 10GB memory:  9696 MB
2026-04-07 05:01:41 [INFO] Avg  10GB memory:  4561 MB
2026-04-07 05:01:41 [INFO] [168/198] Split [24, 9, 5, 2] | Batch: 64 | Microbatch: 16 | Microbatches: 4
2026-04-07 05:01:41 [INFO] Loading WikiText... (SEQ_LEN=64, BATCH=64)
2026-04-07 05:01:56 [INFO] [Rank 3] Loading weights...
2026-04-07 05:02:02 [INFO] [Rank 2] Loading weights...
2026-04-07 05:02:08 [INFO] [Rank 3] Weights loaded.
2026-04-07 05:02:11 [INFO] [Rank 1] Loading weights...
2026-04-07 05:02:14 [INFO] [Rank 2] Weights loaded.
2026-04-07 05:02:23 [INFO] [Rank 1] Weights loaded.
2026-04-07 05:02:45 [INFO] [Rank 0] Loading weights...
2026-04-07 05:02:59 [INFO] [Rank 0] Weights loaded.
2026-04-07 05:06:50 [INFO] [Rank 2] Finished. Latency: 231088 ms
2026-04-07 05:06:50 [INFO] [Rank 1] Finished. Latency: 231088 ms
2026-04-07 05:06:50 [INFO] [Rank 0] Finished. Latency: 231088 ms
2026-04-07 05:06:50 [INFO] [Rank 3] Finished. Latency: 231101 ms
2026-04-07 05:06:54 [INFO] Total latency:     231088 ms
2026-04-07 05:06:54 [INFO] Peak 10GB memory:  9618 MB
2026-04-07 05:06:54 [INFO] Avg  10GB memory:  4506 MB
2026-04-07 05:06:54 [INFO] [169/198] Split [24, 9, 5, 2] | Batch: 64 | Microbatch: 8 | Microbatches: 8
2026-04-07 05:06:54 [INFO] Loading WikiText... (SEQ_LEN=64, BATCH=64)
2026-04-07 05:07:10 [INFO] [Rank 3] Loading weights...
2026-04-07 05:07:15 [INFO] [Rank 2] Loading weights...
2026-04-07 05:07:21 [INFO] [Rank 3] Weights loaded.
2026-04-07 05:07:24 [INFO] [Rank 1] Loading weights...
2026-04-07 05:07:27 [INFO] [Rank 2] Weights loaded.
2026-04-07 05:07:36 [INFO] [Rank 1] Weights loaded.
2026-04-07 05:07:58 [INFO] [Rank 0] Loading weights...
2026-04-07 05:08:12 [INFO] [Rank 0] Weights loaded.
2026-04-07 05:14:06 [INFO] [Rank 1] Finished. Latency: 353949 ms
2026-04-07 05:14:06 [INFO] [Rank 2] Finished. Latency: 353949 ms
2026-04-07 05:14:06 [INFO] [Rank 0] Finished. Latency: 353949 ms
2026-04-07 05:14:06 [INFO] [Rank 3] Finished. Latency: 353958 ms
2026-04-07 05:14:10 [INFO] Total latency:     353949 ms
2026-04-07 05:14:10 [INFO] Peak 10GB memory:  9032 MB
2026-04-07 05:14:10 [INFO] Avg  10GB memory:  4211 MB
2026-04-07 05:14:10 [INFO] [170/198] Split [24, 9, 5, 2] | Batch: 64 | Microbatch: 4 | Microbatches: 16
2026-04-07 05:14:10 [INFO] Loading WikiText... (SEQ_LEN=64, BATCH=64)
2026-04-07 05:14:25 [INFO] [Rank 3] Loading weights...
2026-04-07 05:14:31 [INFO] [Rank 2] Loading weights...
2026-04-07 05:14:37 [INFO] [Rank 3] Weights loaded.
2026-04-07 05:14:40 [INFO] [Rank 1] Loading weights...
2026-04-07 05:14:43 [INFO] [Rank 2] Weights loaded.
2026-04-07 05:14:52 [INFO] [Rank 1] Weights loaded.
2026-04-07 05:15:14 [INFO] [Rank 0] Loading weights...
2026-04-07 05:15:28 [INFO] [Rank 0] Weights loaded.
2026-04-07 05:25:31 [INFO] [Rank 1] Finished. Latency: 602970 ms
2026-04-07 05:25:31 [INFO] [Rank 2] Finished. Latency: 602970 ms
2026-04-07 05:25:31 [INFO] [Rank 0] Finished. Latency: 602970 ms
2026-04-07 05:25:31 [INFO] [Rank 3] Finished. Latency: 602976 ms
2026-04-07 05:25:35 [INFO] Total latency:     602970 ms
2026-04-07 05:25:35 [INFO] Peak 10GB memory:  7928 MB
2026-04-07 05:25:35 [INFO] Avg  10GB memory:  3385 MB
2026-04-07 05:25:35 [INFO] [171/198] Split [24, 9, 5, 2] | Batch: 64 | Microbatch: 2 | Microbatches: 32
2026-04-07 05:25:35 [INFO] Loading WikiText... (SEQ_LEN=64, BATCH=64)
2026-04-07 05:25:50 [INFO] [Rank 3] Loading weights...
2026-04-07 05:25:56 [INFO] [Rank 2] Loading weights...
2026-04-07 05:26:02 [INFO] [Rank 3] Weights loaded.
2026-04-07 05:26:05 [INFO] [Rank 1] Loading weights...
2026-04-07 05:26:07 [INFO] [Rank 2] Weights loaded.
2026-04-07 05:26:17 [INFO] [Rank 1] Weights loaded.
2026-04-07 05:26:42 [INFO] [Rank 0] Loading weights...
2026-04-07 05:26:55 [INFO] [Rank 0] Weights loaded.
2026-04-07 05:45:32 [INFO] [Rank 2] Finished. Latency: 1116564 ms
2026-04-07 05:45:32 [INFO] [Rank 1] Finished. Latency: 1116564 ms
2026-04-07 05:45:32 [INFO] [Rank 0] Finished. Latency: 1116564 ms
2026-04-07 05:45:32 [INFO] [Rank 3] Finished. Latency: 1116569 ms
2026-04-07 05:45:36 [INFO] Total latency:     1116564 ms
2026-04-07 05:45:36 [INFO] Peak 10GB memory:  3774 MB
2026-04-07 05:45:36 [INFO] Avg  10GB memory:  2651 MB
2026-04-07 05:45:36 [INFO] [172/198] Split [24, 10, 3, 3] | Batch: 32 | Microbatch: 16 | Microbatches: 2
2026-04-07 05:45:36 [INFO] Loading WikiText... (SEQ_LEN=64, BATCH=32)
2026-04-07 05:45:52 [INFO] [Rank 2] Loading weights...
2026-04-07 05:45:53 [INFO] [Rank 3] Loading weights...
2026-04-07 05:46:03 [INFO] [Rank 2] Weights loaded.
2026-04-07 05:46:05 [INFO] [Rank 3] Weights loaded.
2026-04-07 05:46:08 [INFO] [Rank 1] Loading weights...
2026-04-07 05:46:19 [INFO] [Rank 1] Weights loaded.
2026-04-07 05:46:40 [INFO] [Rank 0] Loading weights...
2026-04-07 05:46:53 [INFO] [Rank 0] Weights loaded.
2026-04-07 05:48:45 [INFO] [Rank 1] Finished. Latency: 112065 ms
2026-04-07 05:48:45 [INFO] [Rank 2] Finished. Latency: 112065 ms
2026-04-07 05:48:45 [INFO] [Rank 0] Finished. Latency: 112065 ms
2026-04-07 05:48:46 [INFO] [Rank 3] Finished. Latency: 112084 ms
2026-04-07 05:48:49 [INFO] Total latency:     112065 ms
2026-04-07 05:48:49 [INFO] Peak 10GB memory:  9606 MB
2026-04-07 05:48:49 [INFO] Avg  10GB memory:  4203 MB
2026-04-07 05:48:49 [INFO] [173/198] Split [24, 10, 3, 3] | Batch: 32 | Microbatch: 8 | Microbatches: 4
2026-04-07 05:48:49 [INFO] Loading WikiText... (SEQ_LEN=64, BATCH=32)
2026-04-07 05:49:05 [INFO] [Rank 2] Loading weights...
2026-04-07 05:49:07 [INFO] [Rank 3] Loading weights...
2026-04-07 05:49:17 [INFO] [Rank 2] Weights loaded.
2026-04-07 05:49:18 [INFO] [Rank 3] Weights loaded.
2026-04-07 05:49:21 [INFO] [Rank 1] Loading weights...
2026-04-07 05:49:33 [INFO] [Rank 1] Weights loaded.
2026-04-07 05:49:53 [INFO] [Rank 0] Loading weights...
2026-04-07 05:50:07 [INFO] [Rank 0] Weights loaded.
2026-04-07 05:53:02 [INFO] [Rank 2] Finished. Latency: 174187 ms
2026-04-07 05:53:02 [INFO] [Rank 1] Finished. Latency: 174187 ms
2026-04-07 05:53:02 [INFO] [Rank 0] Finished. Latency: 174187 ms
2026-04-07 05:53:02 [INFO] [Rank 3] Finished. Latency: 174200 ms
2026-04-07 05:53:06 [INFO] Total latency:     174187 ms
2026-04-07 05:53:06 [INFO] Peak 10GB memory:  9602 MB
2026-04-07 05:53:06 [INFO] Avg  10GB memory:  4281 MB
2026-04-07 05:53:06 [INFO] [174/198] Split [24, 10, 3, 3] | Batch: 32 | Microbatch: 4 | Microbatches: 8
2026-04-07 05:53:06 [INFO] Loading WikiText... (SEQ_LEN=64, BATCH=32)
2026-04-07 05:53:21 [INFO] [Rank 2] Loading weights...
2026-04-07 05:53:23 [INFO] [Rank 3] Loading weights...
2026-04-07 05:53:33 [INFO] [Rank 2] Weights loaded.
2026-04-07 05:53:34 [INFO] [Rank 3] Weights loaded.
2026-04-07 05:53:38 [INFO] [Rank 1] Loading weights...
2026-04-07 05:53:50 [INFO] [Rank 1] Weights loaded.
2026-04-07 05:54:10 [INFO] [Rank 0] Loading weights...
2026-04-07 05:54:24 [INFO] [Rank 0] Weights loaded.
2026-04-07 05:59:22 [INFO] [Rank 2] Finished. Latency: 298319 ms
2026-04-07 05:59:22 [INFO] [Rank 1] Finished. Latency: 298319 ms
2026-04-07 05:59:22 [INFO] [Rank 0] Finished. Latency: 298319 ms
2026-04-07 05:59:22 [INFO] [Rank 3] Finished. Latency: 298329 ms
2026-04-07 05:59:26 [INFO] Total latency:     298319 ms
2026-04-07 05:59:26 [INFO] Peak 10GB memory:  6980 MB
2026-04-07 05:59:26 [INFO] Avg  10GB memory:  3374 MB
2026-04-07 05:59:27 [INFO] [175/198] Split [24, 10, 3, 3] | Batch: 32 | Microbatch: 2 | Microbatches: 16
2026-04-07 05:59:27 [INFO] Loading WikiText... (SEQ_LEN=64, BATCH=32)
2026-04-07 05:59:42 [INFO] [Rank 2] Loading weights...
2026-04-07 05:59:44 [INFO] [Rank 3] Loading weights...
2026-04-07 05:59:54 [INFO] [Rank 2] Weights loaded.
2026-04-07 05:59:55 [INFO] [Rank 3] Weights loaded.
2026-04-07 05:59:58 [INFO] [Rank 1] Loading weights...
2026-04-07 06:00:10 [INFO] [Rank 1] Weights loaded.
2026-04-07 06:00:30 [INFO] [Rank 0] Loading weights...
2026-04-07 06:00:44 [INFO] [Rank 0] Weights loaded.
2026-04-07 06:09:55 [INFO] [Rank 2] Finished. Latency: 550466 ms
2026-04-07 06:09:55 [INFO] [Rank 1] Finished. Latency: 550466 ms
2026-04-07 06:09:55 [INFO] [Rank 0] Finished. Latency: 550466 ms
2026-04-07 06:09:55 [INFO] [Rank 3] Finished. Latency: 550474 ms
2026-04-07 06:09:59 [INFO] Total latency:     550466 ms
2026-04-07 06:09:59 [INFO] Peak 10GB memory:  3850 MB
2026-04-07 06:09:59 [INFO] Avg  10GB memory:  2935 MB
2026-04-07 06:09:59 [INFO] [176/198] Split [24, 10, 3, 3] | Batch: 64 | Microbatch: 32 | Microbatches: 2
2026-04-07 06:09:59 [INFO] Loading WikiText... (SEQ_LEN=64, BATCH=64)
2026-04-07 06:10:15 [INFO] [Rank 2] Loading weights...
2026-04-07 06:10:16 [INFO] [Rank 3] Loading weights...
2026-04-07 06:10:26 [INFO] [Rank 2] Weights loaded.
2026-04-07 06:10:27 [INFO] [Rank 3] Weights loaded.
2026-04-07 06:10:30 [INFO] [Rank 1] Loading weights...
2026-04-07 06:10:42 [INFO] [Rank 1] Weights loaded.
2026-04-07 06:11:02 [INFO] [Rank 0] Loading weights...
2026-04-07 06:11:16 [INFO] [Rank 0] Weights loaded.
2026-04-07 06:14:11 [INFO] [Rank 2] Finished. Latency: 174827 ms
2026-04-07 06:14:11 [INFO] [Rank 1] Finished. Latency: 174827 ms
2026-04-07 06:14:11 [INFO] [Rank 0] Finished. Latency: 174827 ms
2026-04-07 06:14:11 [INFO] [Rank 3] Finished. Latency: 174857 ms
2026-04-07 06:14:15 [INFO] Total latency:     174827 ms
2026-04-07 06:14:15 [INFO] Peak 10GB memory:  9702 MB
2026-04-07 06:14:15 [INFO] Avg  10GB memory:  5028 MB
2026-04-07 06:14:15 [INFO] [177/198] Split [24, 10, 3, 3] | Batch: 64 | Microbatch: 16 | Microbatches: 4
2026-04-07 06:14:15 [INFO] Loading WikiText... (SEQ_LEN=64, BATCH=64)
2026-04-07 06:14:31 [INFO] [Rank 2] Loading weights...
2026-04-07 06:14:33 [INFO] [Rank 3] Loading weights...
2026-04-07 06:14:43 [INFO] [Rank 2] Weights loaded.
2026-04-07 06:14:44 [INFO] [Rank 3] Weights loaded.
2026-04-07 06:14:47 [INFO] [Rank 1] Loading weights...
2026-04-07 06:14:59 [INFO] [Rank 1] Weights loaded.
2026-04-07 06:15:19 [INFO] [Rank 0] Loading weights...
2026-04-07 06:15:33 [INFO] [Rank 0] Weights loaded.
2026-04-07 06:19:19 [INFO] [Rank 2] Finished. Latency: 226525 ms
2026-04-07 06:19:19 [INFO] [Rank 1] Finished. Latency: 226525 ms
2026-04-07 06:19:19 [INFO] [Rank 0] Finished. Latency: 226525 ms
2026-04-07 06:19:19 [INFO] [Rank 3] Finished. Latency: 226543 ms
2026-04-07 06:19:23 [INFO] Total latency:     226525 ms
2026-04-07 06:19:23 [INFO] Peak 10GB memory:  9714 MB
2026-04-07 06:19:23 [INFO] Avg  10GB memory:  5023 MB
2026-04-07 06:19:23 [INFO] [178/198] Split [24, 10, 3, 3] | Batch: 64 | Microbatch: 8 | Microbatches: 8
2026-04-07 06:19:23 [INFO] Loading WikiText... (SEQ_LEN=64, BATCH=64)
2026-04-07 06:19:39 [INFO] [Rank 2] Loading weights...
2026-04-07 06:19:40 [INFO] [Rank 3] Loading weights...
2026-04-07 06:19:50 [INFO] [Rank 2] Weights loaded.
2026-04-07 06:19:52 [INFO] [Rank 3] Weights loaded.
2026-04-07 06:19:55 [INFO] [Rank 1] Loading weights...
2026-04-07 06:20:06 [INFO] [Rank 1] Weights loaded.
2026-04-07 06:20:27 [INFO] [Rank 0] Loading weights...
2026-04-07 06:20:40 [INFO] [Rank 0] Weights loaded.
2026-04-07 06:26:27 [INFO] [Rank 2] Finished. Latency: 346069 ms
2026-04-07 06:26:27 [INFO] [Rank 1] Finished. Latency: 346069 ms
2026-04-07 06:26:27 [INFO] [Rank 0] Finished. Latency: 346069 ms
2026-04-07 06:26:27 [INFO] [Rank 3] Finished. Latency: 346082 ms
2026-04-07 06:26:31 [INFO] Total latency:     346069 ms
2026-04-07 06:26:31 [INFO] Peak 10GB memory:  9716 MB
2026-04-07 06:26:31 [INFO] Avg  10GB memory:  5106 MB
2026-04-07 06:26:31 [INFO] [179/198] Split [24, 10, 3, 3] | Batch: 64 | Microbatch: 4 | Microbatches: 16
2026-04-07 06:26:31 [INFO] Loading WikiText... (SEQ_LEN=64, BATCH=64)
2026-04-07 06:26:47 [INFO] [Rank 2] Loading weights...
2026-04-07 06:26:48 [INFO] [Rank 3] Loading weights...
2026-04-07 06:26:59 [INFO] [Rank 2] Weights loaded.
2026-04-07 06:27:00 [INFO] [Rank 3] Weights loaded.
2026-04-07 06:27:03 [INFO] [Rank 1] Loading weights...
2026-04-07 06:27:15 [INFO] [Rank 1] Weights loaded.
2026-04-07 06:27:35 [INFO] [Rank 0] Loading weights...
2026-04-07 06:27:48 [INFO] [Rank 0] Weights loaded.
2026-04-07 06:37:39 [INFO] [Rank 2] Finished. Latency: 589965 ms
2026-04-07 06:37:39 [INFO] [Rank 1] Finished. Latency: 589965 ms
2026-04-07 06:37:39 [INFO] [Rank 0] Finished. Latency: 589965 ms
2026-04-07 06:37:39 [INFO] [Rank 3] Finished. Latency: 589975 ms
2026-04-07 06:37:43 [INFO] Total latency:     589965 ms
2026-04-07 06:37:43 [INFO] Peak 10GB memory:  9280 MB
2026-04-07 06:37:43 [INFO] Avg  10GB memory:  4682 MB
2026-04-07 06:37:43 [INFO] [180/198] Split [24, 10, 3, 3] | Batch: 64 | Microbatch: 2 | Microbatches: 32
2026-04-07 06:37:43 [INFO] Loading WikiText... (SEQ_LEN=64, BATCH=64)
2026-04-07 06:37:59 [INFO] [Rank 2] Loading weights...
2026-04-07 06:38:00 [INFO] [Rank 3] Loading weights...
2026-04-07 06:38:10 [INFO] [Rank 2] Weights loaded.
2026-04-07 06:38:11 [INFO] [Rank 3] Weights loaded.
2026-04-07 06:38:15 [INFO] [Rank 1] Loading weights...
2026-04-07 06:38:27 [INFO] [Rank 1] Weights loaded.
2026-04-07 06:38:47 [INFO] [Rank 0] Loading weights...
2026-04-07 06:39:00 [INFO] [Rank 0] Weights loaded.
2026-04-07 06:57:13 [INFO] [Rank 2] Finished. Latency: 1092855 ms
2026-04-07 06:57:13 [INFO] [Rank 1] Finished. Latency: 1092855 ms
2026-04-07 06:57:13 [INFO] [Rank 0] Finished. Latency: 1092855 ms
2026-04-07 06:57:13 [INFO] [Rank 3] Finished. Latency: 1092863 ms
2026-04-07 06:57:17 [INFO] Total latency:     1092855 ms
2026-04-07 06:57:17 [INFO] Peak 10GB memory:  5406 MB
2026-04-07 06:57:17 [INFO] Avg  10GB memory:  3714 MB
2026-04-07 06:57:17 [INFO] [181/198] Split [24, 10, 4, 2] | Batch: 32 | Microbatch: 16 | Microbatches: 2
2026-04-07 06:57:17 [INFO] Loading WikiText... (SEQ_LEN=64, BATCH=32)
2026-04-07 06:57:27 [WARNING] '(ReadTimeoutError("HTTPSConnectionPool(host='huggingface.co', port=443): Read timed out. (read timeout=10)"), '(Request ID: 9ebf46a1-85ec-4dcb-92f7-2e98008b8117)')' thrown while requesting HEAD https://huggingface.co/datasets/Salesforce/wikitext/resolve/main/README.md
2026-04-07 06:57:27 [WARNING] Retrying in 1s [Retry 1/5].
2026-04-07 06:57:38 [WARNING] '(ReadTimeoutError("HTTPSConnectionPool(host='huggingface.co', port=443): Read timed out. (read timeout=10)"), '(Request ID: 83849734-5469-4b25-8d13-3b47965b93b8)')' thrown while requesting HEAD https://huggingface.co/datasets/Salesforce/wikitext/resolve/main/README.md
2026-04-07 06:57:38 [WARNING] Retrying in 2s [Retry 2/5].
2026-04-07 06:57:51 [WARNING] '(ReadTimeoutError("HTTPSConnectionPool(host='huggingface.co', port=443): Read timed out. (read timeout=10)"), '(Request ID: ccf738bf-2796-40f4-abd6-66902494a62f)')' thrown while requesting HEAD https://huggingface.co/datasets/Salesforce/wikitext/resolve/b08601e04326c79dfdd32d625aee71d232d685c3/dataset_infos.json
2026-04-07 06:57:51 [WARNING] Retrying in 1s [Retry 1/5].
2026-04-07 06:58:02 [WARNING] '(ReadTimeoutError("HTTPSConnectionPool(host='huggingface.co', port=443): Read timed out. (read timeout=10)"), '(Request ID: 5081b244-5dae-403a-9546-8f189bddc880)')' thrown while requesting HEAD https://huggingface.co/lmsys/vicuna-13b-v1.5/resolve/main/tokenizer_config.json
2026-04-07 06:58:02 [WARNING] Retrying in 1s [Retry 1/5].
2026-04-07 06:58:18 [INFO] [Rank 3] Loading weights...
2026-04-07 06:58:21 [INFO] [Rank 2] Loading weights...
2026-04-07 06:58:29 [INFO] [Rank 3] Weights loaded.
2026-04-07 06:58:32 [INFO] [Rank 2] Weights loaded.
2026-04-07 06:58:34 [INFO] [Rank 1] Loading weights...
2026-04-07 06:58:46 [INFO] [Rank 1] Weights loaded.
2026-04-07 06:59:13 [INFO] [Rank 0] Loading weights...
2026-04-07 06:59:26 [INFO] [Rank 0] Weights loaded.
2026-04-07 07:01:19 [INFO] [Rank 2] Finished. Latency: 112131 ms
2026-04-07 07:01:19 [INFO] [Rank 1] Finished. Latency: 112131 ms
2026-04-07 07:01:19 [INFO] [Rank 0] Finished. Latency: 112131 ms
2026-04-07 07:01:19 [INFO] [Rank 3] Finished. Latency: 112144 ms
2026-04-07 07:01:23 [INFO] Total latency:     112131 ms
2026-04-07 07:01:23 [INFO] Peak 10GB memory:  9368 MB
2026-04-07 07:01:23 [INFO] Avg  10GB memory:  3409 MB
2026-04-07 07:01:23 [INFO] [182/198] Split [24, 10, 4, 2] | Batch: 32 | Microbatch: 8 | Microbatches: 4
2026-04-07 07:01:23 [INFO] Loading WikiText... (SEQ_LEN=64, BATCH=32)
2026-04-07 07:01:37 [INFO] [Rank 3] Loading weights...
2026-04-07 07:01:41 [INFO] [Rank 2] Loading weights...
2026-04-07 07:01:49 [INFO] [Rank 3] Weights loaded.
2026-04-07 07:01:52 [INFO] [Rank 2] Weights loaded.
2026-04-07 07:01:54 [INFO] [Rank 1] Loading weights...
2026-04-07 07:02:06 [INFO] [Rank 1] Weights loaded.
2026-04-07 07:02:26 [INFO] [Rank 0] Loading weights...
2026-04-07 07:02:40 [INFO] [Rank 0] Weights loaded.
2026-04-07 07:05:33 [INFO] [Rank 2] Finished. Latency: 173076 ms
2026-04-07 07:05:33 [INFO] [Rank 1] Finished. Latency: 173076 ms
2026-04-07 07:05:33 [INFO] [Rank 0] Finished. Latency: 173076 ms
2026-04-07 07:05:33 [INFO] [Rank 3] Finished. Latency: 173085 ms
2026-04-07 07:05:37 [INFO] Total latency:     173076 ms
2026-04-07 07:05:37 [INFO] Peak 10GB memory:  9454 MB
2026-04-07 07:05:37 [INFO] Avg  10GB memory:  3686 MB
2026-04-07 07:05:37 [INFO] [183/198] Split [24, 10, 4, 2] | Batch: 32 | Microbatch: 4 | Microbatches: 8
2026-04-07 07:05:37 [INFO] Loading WikiText... (SEQ_LEN=64, BATCH=32)
2026-04-07 07:05:52 [INFO] [Rank 3] Loading weights...
2026-04-07 07:05:55 [INFO] [Rank 2] Loading weights...
2026-04-07 07:06:03 [INFO] [Rank 3] Weights loaded.
2026-04-07 07:06:06 [INFO] [Rank 2] Weights loaded.
2026-04-07 07:06:09 [INFO] [Rank 1] Loading weights...
2026-04-07 07:06:20 [INFO] [Rank 1] Weights loaded.
2026-04-07 07:06:40 [INFO] [Rank 0] Loading weights...
2026-04-07 07:06:54 [INFO] [Rank 0] Weights loaded.
2026-04-07 07:11:50 [INFO] [Rank 2] Finished. Latency: 295739 ms
2026-04-07 07:11:50 [INFO] [Rank 1] Finished. Latency: 295739 ms
2026-04-07 07:11:50 [INFO] [Rank 0] Finished. Latency: 295739 ms
2026-04-07 07:11:50 [INFO] [Rank 3] Finished. Latency: 295746 ms
2026-04-07 07:11:54 [INFO] Total latency:     295739 ms
2026-04-07 07:11:54 [INFO] Peak 10GB memory:  4836 MB
2026-04-07 07:11:54 [INFO] Avg  10GB memory:  2425 MB
2026-04-07 07:11:54 [INFO] [184/198] Split [24, 10, 4, 2] | Batch: 32 | Microbatch: 2 | Microbatches: 16
2026-04-07 07:11:54 [INFO] Loading WikiText... (SEQ_LEN=64, BATCH=32)
2026-04-07 07:12:09 [INFO] [Rank 3] Loading weights...
2026-04-07 07:12:13 [INFO] [Rank 2] Loading weights...
2026-04-07 07:12:21 [INFO] [Rank 3] Weights loaded.
2026-04-07 07:12:24 [INFO] [Rank 2] Weights loaded.
2026-04-07 07:12:26 [INFO] [Rank 1] Loading weights...
2026-04-07 07:12:38 [INFO] [Rank 1] Weights loaded.
2026-04-07 07:12:58 [INFO] [Rank 0] Loading weights...
2026-04-07 07:13:12 [INFO] [Rank 0] Weights loaded.
2026-04-07 07:22:19 [INFO] [Rank 2] Finished. Latency: 547411 ms
2026-04-07 07:22:19 [INFO] [Rank 1] Finished. Latency: 547411 ms
2026-04-07 07:22:19 [INFO] [Rank 0] Finished. Latency: 547411 ms
2026-04-07 07:22:19 [INFO] [Rank 3] Finished. Latency: 547417 ms
2026-04-07 07:22:23 [INFO] Total latency:     547411 ms
2026-04-07 07:22:23 [INFO] Peak 10GB memory:  2730 MB
2026-04-07 07:22:23 [INFO] Avg  10GB memory:  2118 MB
2026-04-07 07:22:23 [INFO] [185/198] Split [24, 10, 4, 2] | Batch: 64 | Microbatch: 32 | Microbatches: 2
2026-04-07 07:22:23 [INFO] Loading WikiText... (SEQ_LEN=64, BATCH=64)
2026-04-07 07:22:38 [INFO] [Rank 3] Loading weights...
2026-04-07 07:22:42 [INFO] [Rank 2] Loading weights...
2026-04-07 07:22:50 [INFO] [Rank 3] Weights loaded.
2026-04-07 07:22:53 [INFO] [Rank 2] Weights loaded.
2026-04-07 07:22:56 [INFO] [Rank 1] Loading weights...
2026-04-07 07:23:08 [INFO] [Rank 1] Weights loaded.
2026-04-07 07:23:27 [INFO] [Rank 0] Loading weights...
2026-04-07 07:23:41 [INFO] [Rank 0] Weights loaded.
2026-04-07 07:26:35 [INFO] [Rank 2] Finished. Latency: 174246 ms
2026-04-07 07:26:35 [INFO] [Rank 0] Finished. Latency: 174246 ms
2026-04-07 07:26:35 [INFO] [Rank 1] Finished. Latency: 174246 ms
2026-04-07 07:26:35 [INFO] [Rank 3] Finished. Latency: 174266 ms
2026-04-07 07:26:39 [INFO] Total latency:     174246 ms
2026-04-07 07:26:39 [INFO] Peak 10GB memory:  9696 MB
2026-04-07 07:26:39 [INFO] Avg  10GB memory:  4559 MB
2026-04-07 07:26:39 [INFO] [186/198] Split [24, 10, 4, 2] | Batch: 64 | Microbatch: 16 | Microbatches: 4
2026-04-07 07:26:39 [INFO] Loading WikiText... (SEQ_LEN=64, BATCH=64)
2026-04-07 07:26:55 [INFO] [Rank 3] Loading weights...
2026-04-07 07:26:58 [INFO] [Rank 2] Loading weights...
2026-04-07 07:27:06 [INFO] [Rank 3] Weights loaded.
2026-04-07 07:27:10 [INFO] [Rank 2] Weights loaded.
2026-04-07 07:27:12 [INFO] [Rank 1] Loading weights...
2026-04-07 07:27:24 [INFO] [Rank 1] Weights loaded.
2026-04-07 07:27:44 [INFO] [Rank 0] Loading weights...
2026-04-07 07:27:58 [INFO] [Rank 0] Weights loaded.
2026-04-07 07:31:44 [INFO] [Rank 2] Finished. Latency: 225805 ms
2026-04-07 07:31:44 [INFO] [Rank 1] Finished. Latency: 225805 ms
2026-04-07 07:31:44 [INFO] [Rank 0] Finished. Latency: 225805 ms
2026-04-07 07:31:44 [INFO] [Rank 3] Finished. Latency: 225817 ms
2026-04-07 07:31:48 [INFO] Total latency:     225805 ms
2026-04-07 07:31:48 [INFO] Peak 10GB memory:  9618 MB
2026-04-07 07:31:48 [INFO] Avg  10GB memory:  4495 MB
2026-04-07 07:31:48 [INFO] [187/198] Split [24, 10, 4, 2] | Batch: 64 | Microbatch: 8 | Microbatches: 8
2026-04-07 07:31:48 [INFO] Loading WikiText... (SEQ_LEN=64, BATCH=64)
2026-04-07 07:32:03 [INFO] [Rank 3] Loading weights...
2026-04-07 07:32:06 [INFO] [Rank 2] Loading weights...
2026-04-07 07:32:14 [INFO] [Rank 3] Weights loaded.
2026-04-07 07:32:18 [INFO] [Rank 2] Weights loaded.
2026-04-07 07:32:20 [INFO] [Rank 1] Loading weights...
2026-04-07 07:32:32 [INFO] [Rank 1] Weights loaded.
2026-04-07 07:32:52 [INFO] [Rank 0] Loading weights...
2026-04-07 07:33:05 [INFO] [Rank 0] Weights loaded.
2026-04-07 07:38:52 [INFO] [Rank 2] Finished. Latency: 346029 ms
2026-04-07 07:38:52 [INFO] [Rank 1] Finished. Latency: 346029 ms
2026-04-07 07:38:52 [INFO] [Rank 0] Finished. Latency: 346029 ms
2026-04-07 07:38:52 [INFO] [Rank 3] Finished. Latency: 346038 ms
2026-04-07 07:38:56 [INFO] Total latency:     346029 ms
2026-04-07 07:38:56 [INFO] Peak 10GB memory:  9078 MB
2026-04-07 07:38:56 [INFO] Avg  10GB memory:  4192 MB
2026-04-07 07:38:56 [INFO] [188/198] Split [24, 10, 4, 2] | Batch: 64 | Microbatch: 4 | Microbatches: 16
2026-04-07 07:38:56 [INFO] Loading WikiText... (SEQ_LEN=64, BATCH=64)
2026-04-07 07:39:11 [INFO] [Rank 3] Loading weights...
2026-04-07 07:39:14 [INFO] [Rank 2] Loading weights...
2026-04-07 07:39:22 [INFO] [Rank 3] Weights loaded.
2026-04-07 07:39:25 [INFO] [Rank 2] Weights loaded.
2026-04-07 07:39:28 [INFO] [Rank 1] Loading weights...
2026-04-07 07:39:40 [INFO] [Rank 1] Weights loaded.
2026-04-07 07:40:00 [INFO] [Rank 0] Loading weights...
2026-04-07 07:40:13 [INFO] [Rank 0] Weights loaded.
2026-04-07 07:50:03 [INFO] [Rank 1] Finished. Latency: 589790 ms
2026-04-07 07:50:03 [INFO] [Rank 2] Finished. Latency: 589789 ms
2026-04-07 07:50:03 [INFO] [Rank 0] Finished. Latency: 589789 ms
2026-04-07 07:50:03 [INFO] [Rank 3] Finished. Latency: 589796 ms
2026-04-07 07:50:07 [INFO] Total latency:     589789 ms
2026-04-07 07:50:07 [INFO] Peak 10GB memory:  7928 MB
2026-04-07 07:50:07 [INFO] Avg  10GB memory:  3381 MB
2026-04-07 07:50:07 [INFO] [189/198] Split [24, 10, 4, 2] | Batch: 64 | Microbatch: 2 | Microbatches: 32
2026-04-07 07:50:07 [INFO] Loading WikiText... (SEQ_LEN=64, BATCH=64)
2026-04-07 07:50:22 [INFO] [Rank 3] Loading weights...
2026-04-07 07:50:26 [INFO] [Rank 2] Loading weights...
2026-04-07 07:50:34 [INFO] [Rank 3] Weights loaded.
2026-04-07 07:50:37 [INFO] [Rank 2] Weights loaded.
2026-04-07 07:50:39 [INFO] [Rank 1] Loading weights...
2026-04-07 07:50:51 [INFO] [Rank 1] Weights loaded.
2026-04-07 07:51:11 [INFO] [Rank 0] Loading weights...
2026-04-07 07:51:25 [INFO] [Rank 0] Weights loaded.
2026-04-07 08:09:41 [INFO] [Rank 2] Finished. Latency: 1095643 ms
2026-04-07 08:09:41 [INFO] [Rank 1] Finished. Latency: 1095643 ms
2026-04-07 08:09:41 [INFO] [Rank 0] Finished. Latency: 1095643 ms
2026-04-07 08:09:41 [INFO] [Rank 3] Finished. Latency: 1095649 ms
2026-04-07 08:09:45 [INFO] Total latency:     1095643 ms
2026-04-07 08:09:45 [INFO] Peak 10GB memory:  3774 MB
2026-04-07 08:09:45 [INFO] Avg  10GB memory:  2649 MB
2026-04-07 08:09:45 [INFO] [190/198] Split [24, 10, 5, 1] | Batch: 32 | Microbatch: 16 | Microbatches: 2
2026-04-07 08:09:45 [INFO] Loading WikiText... (SEQ_LEN=64, BATCH=32)
2026-04-07 08:09:58 [INFO] [Rank 3] Loading weights...
2026-04-07 08:10:06 [INFO] [Rank 2] Loading weights...
2026-04-07 08:10:09 [INFO] [Rank 3] Weights loaded.
2026-04-07 08:10:17 [INFO] [Rank 1] Loading weights...
2026-04-07 08:10:17 [INFO] [Rank 2] Weights loaded.
2026-04-07 08:10:29 [INFO] [Rank 1] Weights loaded.
2026-04-07 08:10:49 [INFO] [Rank 0] Loading weights...
2026-04-07 08:11:03 [INFO] [Rank 0] Weights loaded.
2026-04-07 08:12:55 [INFO] [Rank 2] Finished. Latency: 112093 ms
2026-04-07 08:12:55 [INFO] [Rank 1] Finished. Latency: 112093 ms
2026-04-07 08:12:55 [INFO] [Rank 0] Finished. Latency: 112093 ms
2026-04-07 08:12:55 [INFO] [Rank 3] Finished. Latency: 112099 ms
2026-04-07 08:12:59 [INFO] Total latency:     112093 ms
2026-04-07 08:12:59 [INFO] Peak 10GB memory:  9718 MB
2026-04-07 08:12:59 [INFO] Avg  10GB memory:  2849 MB
2026-04-07 08:12:59 [INFO] [191/198] Split [24, 10, 5, 1] | Batch: 32 | Microbatch: 8 | Microbatches: 4
2026-04-07 08:12:59 [INFO] Loading WikiText... (SEQ_LEN=64, BATCH=32)
2026-04-07 08:13:12 [INFO] [Rank 3] Loading weights...
2026-04-07 08:13:20 [INFO] [Rank 2] Loading weights...
2026-04-07 08:13:23 [INFO] [Rank 3] Weights loaded.
2026-04-07 08:13:31 [INFO] [Rank 2] Weights loaded.
2026-04-07 08:13:31 [INFO] [Rank 1] Loading weights...
2026-04-07 08:13:43 [INFO] [Rank 1] Weights loaded.
2026-04-07 08:14:03 [INFO] [Rank 0] Loading weights...
2026-04-07 08:14:17 [INFO] [Rank 0] Weights loaded.
2026-04-07 08:17:10 [INFO] [Rank 2] Finished. Latency: 172996 ms
2026-04-07 08:17:10 [INFO] [Rank 1] Finished. Latency: 172996 ms
2026-04-07 08:17:10 [INFO] [Rank 0] Finished. Latency: 172996 ms
2026-04-07 08:17:10 [INFO] [Rank 3] Finished. Latency: 173001 ms
2026-04-07 08:17:14 [INFO] Total latency:     172996 ms
2026-04-07 08:17:14 [INFO] Peak 10GB memory:  5620 MB
2026-04-07 08:17:14 [INFO] Avg  10GB memory:  2229 MB
2026-04-07 08:17:14 [INFO] [192/198] Split [24, 10, 5, 1] | Batch: 32 | Microbatch: 4 | Microbatches: 8
2026-04-07 08:17:14 [INFO] Loading WikiText... (SEQ_LEN=64, BATCH=32)
2026-04-07 08:17:27 [INFO] [Rank 3] Loading weights...
2026-04-07 08:17:35 [INFO] [Rank 2] Loading weights...
2026-04-07 08:17:38 [INFO] [Rank 3] Weights loaded.
2026-04-07 08:17:46 [INFO] [Rank 1] Loading weights...
2026-04-07 08:17:47 [INFO] [Rank 2] Weights loaded.
2026-04-07 08:17:58 [INFO] [Rank 1] Weights loaded.
2026-04-07 08:18:18 [INFO] [Rank 0] Loading weights...
2026-04-07 08:18:32 [INFO] [Rank 0] Weights loaded.
2026-04-07 08:23:28 [INFO] [Rank 1] Finished. Latency: 295964 ms
2026-04-07 08:23:28 [INFO] [Rank 2] Finished. Latency: 295964 ms
2026-04-07 08:23:28 [INFO] [Rank 0] Finished. Latency: 295964 ms
2026-04-07 08:23:28 [INFO] [Rank 3] Finished. Latency: 295968 ms
2026-04-07 08:23:32 [INFO] Total latency:     295964 ms
2026-04-07 08:23:32 [INFO] Peak 10GB memory:  2692 MB
2026-04-07 08:23:32 [INFO] Avg  10GB memory:  1458 MB
2026-04-07 08:23:32 [INFO] [193/198] Split [24, 10, 5, 1] | Batch: 32 | Microbatch: 2 | Microbatches: 16
2026-04-07 08:23:32 [INFO] Loading WikiText... (SEQ_LEN=64, BATCH=32)
2026-04-07 08:23:45 [INFO] [Rank 3] Loading weights...
2026-04-07 08:23:53 [INFO] [Rank 2] Loading weights...
2026-04-07 08:23:56 [INFO] [Rank 3] Weights loaded.
2026-04-07 08:24:04 [INFO] [Rank 1] Loading weights...
2026-04-07 08:24:04 [INFO] [Rank 2] Weights loaded.
2026-04-07 08:24:16 [INFO] [Rank 1] Weights loaded.
2026-04-07 08:24:36 [INFO] [Rank 0] Loading weights...
2026-04-07 08:24:50 [INFO] [Rank 0] Weights loaded.
2026-04-07 08:33:59 [INFO] [Rank 1] Finished. Latency: 548405 ms
2026-04-07 08:33:59 [INFO] [Rank 2] Finished. Latency: 548405 ms
2026-04-07 08:33:59 [INFO] [Rank 0] Finished. Latency: 548405 ms
2026-04-07 08:33:59 [INFO] [Rank 3] Finished. Latency: 548409 ms
2026-04-07 08:34:03 [INFO] Total latency:     548405 ms
2026-04-07 08:34:03 [INFO] Peak 10GB memory:  1658 MB
2026-04-07 08:34:03 [INFO] Avg  10GB memory:  1302 MB
2026-04-07 08:34:03 [INFO] [194/198] Split [24, 10, 5, 1] | Batch: 64 | Microbatch: 32 | Microbatches: 2
2026-04-07 08:34:03 [INFO] Loading WikiText... (SEQ_LEN=64, BATCH=64)
2026-04-07 08:34:16 [INFO] [Rank 3] Loading weights...
2026-04-07 08:34:23 [INFO] [Rank 2] Loading weights...
2026-04-07 08:34:27 [INFO] [Rank 3] Weights loaded.
2026-04-07 08:34:35 [INFO] [Rank 1] Loading weights...
2026-04-07 08:34:35 [INFO] [Rank 2] Weights loaded.
2026-04-07 08:34:46 [INFO] [Rank 1] Weights loaded.
2026-04-07 08:35:06 [INFO] [Rank 0] Loading weights...
2026-04-07 08:35:20 [INFO] [Rank 0] Weights loaded.
2026-04-07 08:38:15 [INFO] [Rank 2] Finished. Latency: 174713 ms
2026-04-07 08:38:15 [INFO] [Rank 1] Finished. Latency: 174713 ms
2026-04-07 08:38:15 [INFO] [Rank 0] Finished. Latency: 174713 ms
2026-04-07 08:38:15 [INFO] [Rank 3] Finished. Latency: 174723 ms
2026-04-07 08:38:19 [INFO] Total latency:     174713 ms
2026-04-07 08:38:19 [INFO] Peak 10GB memory:  9682 MB
2026-04-07 08:38:19 [INFO] Avg  10GB memory:  3758 MB
2026-04-07 08:38:19 [INFO] [195/198] Split [24, 10, 5, 1] | Batch: 64 | Microbatch: 16 | Microbatches: 4
2026-04-07 08:38:19 [INFO] Loading WikiText... (SEQ_LEN=64, BATCH=64)
2026-04-07 08:38:32 [INFO] [Rank 3] Loading weights...
2026-04-07 08:38:40 [INFO] [Rank 2] Loading weights...
2026-04-07 08:38:43 [INFO] [Rank 3] Weights loaded.
2026-04-07 08:38:51 [INFO] [Rank 2] Weights loaded.
2026-04-07 08:38:51 [INFO] [Rank 1] Loading weights...
2026-04-07 08:39:03 [INFO] [Rank 1] Weights loaded.
2026-04-07 08:39:23 [INFO] [Rank 0] Loading weights...
2026-04-07 08:39:37 [INFO] [Rank 0] Weights loaded.
2026-04-07 08:43:23 [INFO] [Rank 1] Finished. Latency: 225962 ms
2026-04-07 08:43:23 [INFO] [Rank 2] Finished. Latency: 225962 ms
2026-04-07 08:43:23 [INFO] [Rank 0] Finished. Latency: 225962 ms
2026-04-07 08:43:23 [INFO] [Rank 3] Finished. Latency: 225969 ms
2026-04-07 08:43:27 [INFO] Total latency:     225962 ms
2026-04-07 08:43:27 [INFO] Peak 10GB memory:  9610 MB
2026-04-07 08:43:27 [INFO] Avg  10GB memory:  3785 MB
2026-04-07 08:43:27 [INFO] [196/198] Split [24, 10, 5, 1] | Batch: 64 | Microbatch: 8 | Microbatches: 8
2026-04-07 08:43:27 [INFO] Loading WikiText... (SEQ_LEN=64, BATCH=64)
2026-04-07 08:43:40 [INFO] [Rank 3] Loading weights...
2026-04-07 08:43:48 [INFO] [Rank 2] Loading weights...
2026-04-07 08:43:51 [INFO] [Rank 3] Weights loaded.
2026-04-07 08:43:59 [INFO] [Rank 1] Loading weights...
2026-04-07 08:43:59 [INFO] [Rank 2] Weights loaded.
2026-04-07 08:44:11 [INFO] [Rank 1] Weights loaded.
2026-04-07 08:44:31 [INFO] [Rank 0] Loading weights...
2026-04-07 08:44:45 [INFO] [Rank 0] Weights loaded.
2026-04-07 08:50:31 [INFO] [Rank 2] Finished. Latency: 346020 ms
2026-04-07 08:50:31 [INFO] [Rank 1] Finished. Latency: 346020 ms
2026-04-07 08:50:31 [INFO] [Rank 0] Finished. Latency: 346020 ms
2026-04-07 08:50:31 [INFO] [Rank 3] Finished. Latency: 346024 ms
2026-04-07 08:50:35 [INFO] Total latency:     346020 ms
2026-04-07 08:50:35 [INFO] Peak 10GB memory:  9648 MB
2026-04-07 08:50:35 [INFO] Avg  10GB memory:  3714 MB
2026-04-07 08:50:35 [INFO] [197/198] Split [24, 10, 5, 1] | Batch: 64 | Microbatch: 4 | Microbatches: 16
2026-04-07 08:50:35 [INFO] Loading WikiText... (SEQ_LEN=64, BATCH=64)
2026-04-07 08:50:47 [INFO] [Rank 3] Loading weights...
2026-04-07 08:50:55 [INFO] [Rank 2] Loading weights...
2026-04-07 08:50:58 [INFO] [Rank 3] Weights loaded.
2026-04-07 08:51:06 [INFO] [Rank 2] Weights loaded.
2026-04-07 08:51:07 [INFO] [Rank 1] Loading weights...
2026-04-07 08:51:19 [INFO] [Rank 1] Weights loaded.
2026-04-07 08:51:39 [INFO] [Rank 0] Loading weights...
2026-04-07 08:51:52 [INFO] [Rank 0] Weights loaded.
2026-04-07 09:01:42 [INFO] [Rank 2] Finished. Latency: 589567 ms
2026-04-07 09:01:42 [INFO] [Rank 1] Finished. Latency: 589567 ms
2026-04-07 09:01:42 [INFO] [Rank 0] Finished. Latency: 589567 ms
2026-04-07 09:01:42 [INFO] [Rank 3] Finished. Latency: 589571 ms
2026-04-07 09:01:46 [INFO] Total latency:     589567 ms
2026-04-07 09:01:46 [INFO] Peak 10GB memory:  4248 MB
2026-04-07 09:01:46 [INFO] Avg  10GB memory:  1951 MB
2026-04-07 09:01:46 [INFO] [198/198] Split [24, 10, 5, 1] | Batch: 64 | Microbatch: 2 | Microbatches: 32
2026-04-07 09:01:46 [INFO] Loading WikiText... (SEQ_LEN=64, BATCH=64)
2026-04-07 09:01:59 [INFO] [Rank 3] Loading weights...
2026-04-07 09:02:07 [INFO] [Rank 2] Loading weights...
2026-04-07 09:02:10 [INFO] [Rank 3] Weights loaded.
2026-04-07 09:02:18 [INFO] [Rank 2] Weights loaded.
2026-04-07 09:02:18 [INFO] [Rank 1] Loading weights...
2026-04-07 09:02:30 [INFO] [Rank 1] Weights loaded.
2026-04-07 09:02:50 [INFO] [Rank 0] Loading weights...
2026-04-07 09:03:04 [INFO] [Rank 0] Weights loaded.
2026-04-07 09:21:17 [INFO] [Rank 2] Finished. Latency: 1092969 ms
2026-04-07 09:21:17 [INFO] [Rank 1] Finished. Latency: 1092969 ms
2026-04-07 09:21:17 [INFO] [Rank 0] Finished. Latency: 1092969 ms
2026-04-07 09:21:17 [INFO] [Rank 3] Finished. Latency: 1092972 ms
2026-04-07 09:21:21 [INFO] Total latency:     1092969 ms
2026-04-07 09:21:21 [INFO] Peak 10GB memory:  2142 MB
2026-04-07 09:21:21 [INFO] Avg  10GB memory:  1580 MB
2026-04-07 09:21:21 [INFO] --- Best by Latency ---
2026-04-07 09:21:21 [INFO] Split: [24, 10, 3, 3] | Batch: 32 | MB: 16 | Latency: 112065 ms | Peak R2: 9710 MB | Peak R3: 9606 MB
2026-04-07 09:21:21 [INFO] --- Most Memory Efficient (lowest peak 5GB at batch=64) ---
2026-04-07 09:21:21 [INFO] Split: [24, 10, 3, 3] | MB: 2 | Latency: 1092855 ms | Peak R2: 9710 MB | Peak R3: 9606 MB
2026-04-07 09:21:21 [INFO] 0 configurations skipped due to OOM
2026-04-07 09:21:21 [INFO] Done.
2026-04-07 09:21:21 [INFO] Benchmark results → mig_benchmark_results.csv
2026-04-07 09:21:21 [INFO] Memory trace      → mig_memory_trace.csv
