split,batch_size,microbatch_size,num_microbatches,max_new_tokens,peak_rank0_20gb_mb,peak_rank1_10gb_mb,peak_rank2_5gb_mb,peak_rank3_5gb_mb,avg_rank0_20gb_mb,avg_rank1_10gb_mb,avg_rank2_5gb_mb,avg_rank3_5gb_mb,total_latency_ms,status,prefill_ms_rank0,prefill_ms_rank1,prefill_ms_rank2,prefill_ms_rank3,decode_ms_rank0,decode_ms_rank1,decode_ms_rank2,decode_ms_rank3,decode_compute_mean_ms_rank0,decode_compute_mean_ms_rank1,decode_compute_mean_ms_rank2,decode_compute_mean_ms_rank3,barrier_idle_ms_rank0,barrier_idle_ms_rank1,barrier_idle_ms_rank2,barrier_idle_ms_rank3,weight_load_s_rank0,weight_load_s_rank1,weight_load_s_rank2,weight_load_s_rank3
"[12, 10, 5, 5]",8,4,2,512,2551,2833,4947,6241,1975,2223,3686,4587,53174.79296875,ok,3950.76708984375,3091.113037109375,3922.595947265625,3950.44970703125,49224.02587890625,50083.660400390625,49252.161865234375,49239.31982421875,10.954841991886497,15.784735003486276,14.410175997763872,14.405917011201382,55.9126750000587,893.2669479999049,34.19419799990919,1.2822509999068643,10.45708515199999,10.549254313999995,10.676683020999917,10.686905137000053
"[12, 10, 5, 5]",8,2,4,512,2543,2833,5097,6265,2042,2300,3882,4804,66456.3359375,ok,3299.97119140625,2427.8896484375,3256.955810546875,3296.21240234375,63156.36474609375,64028.2119140625,63199.278564453125,63173.44384765625,10.706217009574175,14.633666998241097,13.279869501944631,13.302425492089242,52.12687400000959,893.6957600000142,48.529874999871936,1.376594000021214,10.505495266000025,10.645934765000106,10.657329003999962,10.620995016000052
"[12, 10, 5, 5]",16,8,2,512,2991,3211,5747,7143,2152,2396,4004,4968,56103.6015625,ok,3312.41162109375,2407.490478515625,3260.25830078125,3311.679931640625,52791.18994140625,53696.173583984375,52843.29248046875,52813.331787109375,12.064753990620375,17.832575974985957,16.537325020879507,16.497462988831103,59.703120999984094,931.7331209999793,58.25624399994922,1.4955770000142365,10.401460477,10.553538668999863,10.587421868999854,10.64783946700004
"[12, 10, 5, 5]",16,4,4,512,2971,3171,5987,7501,2178,2414,4168,5186,68396.7265625,ok,3289.32763671875,2418.0048828125,3217.968017578125,3288.66455078125,65107.39892578125,65978.4013671875,65178.414794921875,65127.07763671875,10.847868994809687,15.705267000477761,14.381006498355418,14.370955501217395,58.277639999914754,894.2753470000753,76.77218999992874,1.4316530000542116,10.431360534000078,10.548394722000012,10.706284379999943,10.665425999000036
"[12, 10, 5, 5]",16,2,8,512,3085,3229,6141,7523,2324,2562,4461,5518,95809.59375,ok,3328.711669921875,2469.24072265625,3244.35546875,3327.868408203125,92480.88208007812,93339.89208984375,92564.86328125,92496.85034179688,10.445419000694528,14.604708250844851,13.33372199581936,13.271292006596923,53.701218000014705,881.8453950000276,91.22547100014344,2.539003000038065,10.439523503999908,10.524293790999991,10.558359606000067,10.676154902000007
"[12, 10, 5, 5]",32,16,2,512,3873,4013,7329,9085,2527,2751,4675,5783,69624.921875,ok,3385.94921875,2392.638427734375,3284.293701171875,3383.986572265625,66238.97265625,67232.16625976562,66338.87817382812,66262.34155273438,14.693019988946617,22.08329500630498,20.685460968874395,20.681316999718547,88.71881400023085,1029.9253770003816,104.65340100017784,2.9993379998813907,10.424265732000094,10.478101912999819,10.604975901999978,10.62643244800006
"[12, 10, 5, 5]",32,8,4,512,3831,3973,7847,9583,2522,2735,4913,6035,74847.34375,ok,3406.278564453125,2489.11865234375,3263.12744140625,3405.327880859375,71441.06518554688,72357.95166015625,71583.78662109375,71463.64086914062,12.030843504238874,17.79651001514867,16.518468502908945,16.474472999572754,68.32876699968438,943.6930869999287,148.78013600014128,1.400345999854835,10.393833287000007,10.47998365500007,10.557011566000028,10.55140411100001
"[12, 10, 5, 5]",32,4,8,512,4011,3911,7807,9541,2679,2820,5089,6269,100826.1328125,ok,3368.742919921875,2498.472900390625,3221.68310546875,3367.635009765625,97457.38989257812,98326.83178710938,97603.94970703125,97477.44311523438,10.814279744168743,15.684382741106674,14.420894240261987,14.347021499183029,58.20670100001735,892.981053000085,152.5967689999561,1.5564199998152617,10.48234775900005,10.537410515000147,10.639575382999965,10.676286752000124
"[12, 10, 5, 5]",32,2,16,512,4135,4117,7951,9793,2909,3110,5583,6896,156339.203125,ok,3505.691650390625,2628.171875,3410.15869140625,3505.75146484375,152833.51147460938,153710.671875,152929.06005859375,152852.63916015625,10.41898812749423,14.614308870281093,13.364733618218452,13.253847627085634,51.8384680001418,898.2129529999838,101.31054499993297,7.205417000022862,10.434303451000005,10.525904767000156,10.583416353000075,10.589996635000034
"[12, 10, 5, 5]",64,32,2,512,4773,4855,8971,11047,2807,3186,5193,6446,,OOM_rank3,,,,,,,,,,,,,0.0,0.0,0.0,0.0,,,,
"[12, 10, 5, 5]",64,16,4,512,4853,4855,9969,11985,2960,3146,5807,7037,,OOM_rank3,,,,,,,,,,,,,0.0,0.0,0.0,0.0,,,,
"[12, 10, 5, 5]",64,8,8,512,4851,4853,9927,12003,3063,3176,5818,7136,,OOM_rank3,,,,,,,,,,,,,0.0,0.0,0.0,0.0,,,,
"[12, 10, 5, 5]",64,4,16,512,4851,4733,9387,11541,3090,3257,5896,7266,,OOM_rank2,,,,,,,,,,,,,0.0,0.0,0.0,0.0,,,,
"[12, 10, 5, 5]",64,2,32,512,4851,4863,9807,11937,3431,3641,6646,8157,,OOM_rank3,,,,,,,,,,,,,0.0,0.0,0.0,0.0,,,,
"[12, 11, 5, 4]",8,4,2,512,2551,2453,5407,6241,1962,1886,3981,4581,50513.8125,ok,3226.24609375,2382.83056640625,3203.745849609375,3225.39208984375,47287.56640625,48130.57568359375,47309.449462890625,47301.35791015625,10.896725001744926,17.307525023818016,14.42593400273472,11.540989009663463,50.650893000238284,865.2983580000182,26.800656999967032,1.0436859997753345,10.448551479999878,10.476958127000216,10.619167968000056,10.649845280000136
"[12, 11, 5, 4]",8,2,4,512,2543,2453,5605,6265,2035,1958,4207,4777,64694.1015625,ok,3275.16162109375,2436.297607421875,3238.28125,3272.701904296875,61418.93994140625,62257.811767578125,61455.9765625,61430.899658203125,10.452725508250296,16.071553516201675,13.35745599726215,10.720168496482074,54.41718500014758,859.2439900003228,41.44714800031579,1.2521499998001673,10.596740757000134,10.64809127799981,10.636261697000009,10.651763539000058
"[12, 11, 5, 4]",16,8,2,512,2991,2671,6267,7143,2143,2013,4326,4900,54567.2578125,ok,3290.4365234375,2394.82568359375,3246.5439453125,3289.986572265625,51276.8212890625,52172.26025390625,51320.2255859375,51291.532958984375,12.046748999506235,19.58165001310408,16.561399015598,13.211397000588477,61.849536999943666,921.5634379997937,48.681445000056556,1.30384000021877,10.465214528999695,10.496382663000077,10.668397614999776,10.754489998999816
"[12, 11, 5, 4]",16,4,4,512,2971,2631,6627,7401,2190,2045,4582,5189,67782.7734375,ok,3260.876708984375,2423.693359375,3202.03564453125,3260.238037109375,64521.896728515625,65358.900390625,64580.65185546875,64534.746337890625,10.74239849485457,17.258259009569883,14.446646007709205,11.56690149847418,60.25698999974338,859.3097439998019,63.8154560001567,1.5016979996289592,10.437560800000028,10.516391404999922,10.743004867999844,10.639667680999992
"[12, 11, 5, 4]",16,2,8,512,3085,2673,6717,7523,2331,2161,4872,5532,97656.234375,ok,3294.41796875,2467.6279296875,3217.260498046875,3293.63818359375,94361.81640625,95188.5048828125,94438.37231445312,94374.27587890625,10.467215996934101,16.059688759734854,13.383815750014037,10.738586750579998,55.122203999872,847.7172249999967,81.70464700015145,1.3901340003030782,10.528471752999849,10.534543702000065,10.650099930000124,10.707135069000287
"[12, 11, 5, 4]",32,16,2,512,3873,3353,8009,9085,2528,2326,5112,5825,68305.015625,ok,3352.9150390625,2394.421142578125,3276.15185546875,3352.342041015625,64952.1005859375,65910.49291992188,65028.51220703125,64971.556396484375,14.714269967749715,24.270477008074522,20.7324679819867,16.563932007178664,85.285544999806,988.7297080003918,78.64583199989283,4.150433000177145,10.466914520000046,10.529792435000218,10.670071239999743,10.763134445000105
"[12, 11, 5, 4]",32,8,4,512,3831,3231,8707,9583,2526,2301,5379,6031,74862.3515625,ok,3377.52783203125,2493.709228515625,3258.576904296875,3376.796630859375,71484.82373046875,72366.54858398438,71603.39184570312,71499.92211914062,12.062448999844491,19.577275016345084,16.57463349867612,13.250641995575279,71.84009299999161,907.9841429997941,123.96660499962309,1.809393999792519,10.48712754799999,10.486262298000383,10.62290756099992,10.942918109999937
"[12, 11, 5, 4]",32,4,8,512,4011,3231,8487,9641,2680,2368,5554,6334,103365.203125,ok,3363.221435546875,2536.898681640625,3244.466064453125,3363.09521484375,100001.98168945312,100828.32788085938,100120.08081054688,100014.99072265625,10.792745495215058,17.25425399141386,14.460337497992441,11.587483240989968,60.39008300012938,848.9427250001427,123.13726200045494,1.1815509997177287,10.454043414999887,10.473378021000372,10.564171187999818,10.705683452999892
"[12, 11, 5, 4]",32,2,16,512,4135,3385,8723,9795,2916,2588,6111,6924,163464.859375,ok,3445.643310546875,2621.37744140625,3352.56689453125,3445.2470703125,160019.21606445312,160843.57568359375,160111.66748046875,160030.6904296875,10.307241503149271,16.05594125704374,13.380951380357146,10.7500311214244,54.7668330000306,845.0620219996381,97.63647799991304,2.3575679997520638,10.46541356600028,10.540218264000032,10.645665774000008,10.658025068999905
"[12, 11, 5, 4]",64,32,2,512,4853,4695,9971,11487,2897,2813,5872,6682,,OOM_rank1,,,,,,,,,,,,,0.0,0.0,0.0,0.0,,,,
"[12, 11, 5, 4]",64,16,4,512,4853,4093,9969,11985,2934,2614,6207,6980,,OOM_rank1,,,,,,,,,,,,,0.0,0.0,0.0,0.0,,,,
"[12, 11, 5, 4]",64,8,8,512,4851,3833,9967,11423,2934,2553,6007,6839,,OOM_rank1,,,,,,,,,,,,,0.0,0.0,0.0,0.0,,,,
"[12, 11, 5, 4]",64,4,16,512,4751,3833,9967,11241,3036,2695,6352,7178,,OOM_rank1,,,,,,,,,,,,,0.0,0.0,0.0,0.0,,,,
"[12, 11, 5, 4]",64,2,32,512,4851,4209,9977,11937,3456,3065,7220,8220,,OOM_rank1,,,,,,,,,,,,,0.0,0.0,0.0,0.0,,,,
"[13, 9, 5, 5]",8,4,2,512,2551,2833,4487,6721,1981,2226,3375,4880,51036.3671875,ok,3236.8896484375,2378.505126953125,3205.55517578125,3236.3681640625,47799.4775390625,48657.615966796875,47830.62451171875,47817.8037109375,11.679818004369736,14.17333999183029,14.39709899853915,14.405892010778189,46.95340699981898,882.8934560015114,36.90415999972174,1.1883189999934984,10.382772975999615,10.510023422999438,10.627463375999469,10.627415445000224
"[13, 9, 5, 5]",8,2,4,512,2541,2833,4649,6733,2044,2303,3563,5130,66277.0546875,ok,3278.78564453125,2425.746337890625,3237.84912109375,3278.392578125,62998.26904296875,63850.808349609375,63038.57275390625,63015.724609375,11.180890497751534,13.165490510873497,13.283419508021325,13.28426099801436,51.93361100009497,880.7066119998126,46.32897299961769,1.293242000429018,10.431144726999264,10.544334506999803,10.596957501999896,10.665904041999966
"[13, 9, 5, 5]",16,8,2,512,2991,3211,5207,7683,2132,2376,3640,5238,55515.75390625,ok,3329.796142578125,2421.414794921875,3279.42236328125,3328.92919921875,52185.957763671875,53094.053955078125,52235.96826171875,52207.36767578125,13.066405002959073,16.059415030293167,16.49540499225259,16.506430016830564,57.85719699906622,936.1487979995218,55.586839000170585,1.3551229994845926,10.37125781099985,10.582133330000033,10.640520277999713,10.696531356999913
"[13, 9, 5, 5]",16,4,4,512,2971,3171,5347,8021,2176,2415,3783,5526,68893.0078125,ok,3291.75439453125,2430.190673828125,3219.263427734375,3291.2509765625,65601.25341796875,66462.11401367188,65673.07250976562,65618.3505859375,11.700420995708555,14.162938494700938,14.356359496247023,14.359907997306436,59.351263000280596,889.4166459995176,77.58951200048614,1.3040629992246977,10.497439579999991,10.57013094100057,10.626644613999815,10.59227976800048
"[13, 9, 5, 5]",16,2,8,512,3087,3229,5505,8179,2324,2558,4044,5913,97392.28125,ok,3344.88671875,2482.7197265625,3248.777099609375,3344.122314453125,94047.39453125,94909.2333984375,94143.33227539062,94070.90893554688,11.39672600151971,13.148607006995007,13.265089500229806,13.260040745139122,56.507405000047584,890.7952820009086,101.72738600067532,1.1987910002062563,10.386832486000458,10.585673315999884,10.660712156000045,10.657228790999397
"[13, 9, 5, 5]",32,16,2,512,3873,4013,6669,9765,2523,2749,4297,6220,69344.5078125,ok,3385.270263671875,2388.96435546875,3285.796875,3384.7109375,65959.23754882812,66956.66845703125,66058.5,65990.1796875,15.894398999400437,19.919328001327813,20.68748099450022,20.674704000353813,67.0731740001429,1033.746491999409,100.21145199971215,4.849838999689382,10.487185793999743,10.577094929999475,10.656408165999892,10.797046265000063
"[13, 9, 5, 5]",32,8,4,512,3831,3973,6947,10543,2513,2724,4404,6479,74575.4140625,ok,3394.25390625,2479.67138671875,3251.408935546875,3393.614501953125,71181.16015625,72095.54736328125,71323.67700195312,71205.72143554688,13.010363502893597,16.019092991482466,16.45546648837626,16.45684400293976,66.09166900034324,942.5462730005165,148.52953199988406,1.1546080004336545,10.397840120999717,10.514093056999627,10.565328850000697,10.582434642999942
"[13, 9, 5, 5]",32,4,8,512,4011,3911,7027,10261,2683,2826,4634,6714,101591.40625,ok,3396.94580078125,2529.416259765625,3250.817138671875,3396.4375,98194.46044921875,99061.90405273438,98340.86254882812,98218.3515625,11.706748250173405,14.145951504586264,14.33829575125128,14.343647754285485,60.94434200076648,897.1036519997142,152.26876599899697,1.3070820004941197,10.386441139999988,10.517258245999983,10.602576228000544,10.693082520000644
"[13, 9, 5, 5]",32,2,16,512,4135,4117,7199,10545,2899,3107,5069,7388,157783.015625,ok,3501.2392578125,2608.403564453125,3404.78564453125,3500.58837890625,154281.7763671875,155171.42456054688,154376.99560546875,154317.30224609375,11.33501287351828,13.138259129831567,13.25034037628211,13.261374494060874,57.086737999270554,920.088236999618,100.94148900043365,7.786202000716003,10.369134694000422,10.562936821999756,10.756425374000173,10.782538875999307
"[13, 9, 5, 5]",64,32,2,512,4773,4855,8151,11767,2796,3150,4734,6832,,OOM_rank3,,,,,,,,,,,,,0.0,0.0,0.0,0.0,,,,
"[13, 9, 5, 5]",64,16,4,512,4853,4855,8809,13345,2943,3134,5180,7620,,OOM_rank3,,,,,,,,,,,,,0.0,0.0,0.0,0.0,,,,
"[13, 9, 5, 5]",64,8,8,512,4851,4853,8927,13003,3043,3156,5250,7587,,OOM_rank3,,,,,,,,,,,,,0.0,0.0,0.0,0.0,,,,
"[13, 9, 5, 5]",64,4,16,512,4851,4733,8487,12381,3088,3256,5361,7779,,OOM_rank2,,,,,,,,,,,,,0.0,0.0,0.0,0.0,,,,
"[13, 9, 5, 5]",64,2,32,512,4851,4863,8823,12901,3427,3637,6030,8749,,OOM_rank3,,,,,,,,,,,,,0.0,0.0,0.0,0.0,,,,
"[13, 10, 5, 4]",8,4,2,512,2551,2453,4947,6681,1965,1887,3650,4845,49740.5,ok,3245.16650390625,2400.96875,3218.9501953125,3244.539794921875,46495.33349609375,47339.21484375,46521.2802734375,46508.538330078125,11.700291997753084,15.761692981235683,14.400024015456438,11.541881992481649,47.811319001084485,866.2858480010982,31.010454998977366,1.7003920002025552,10.382886033999966,10.479916206999405,10.646508637000807,10.68060825900011
"[13, 10, 5, 4]",8,2,4,512,2543,2453,5097,6733,2030,1953,3831,5076,62709.8984375,ok,3245.706298828125,2409.093017578125,3215.392822265625,3245.2802734375,59464.192138671875,60300.899169921875,59494.189208984375,59475.3603515625,11.235327990725636,14.625293500721455,13.284050001297146,10.695096500217915,50.61911900065752,858.2404310009224,35.20593899975211,1.8213349994766759,10.479506888000287,10.484189922999576,10.66301999300049,10.804820790999656
"[13, 10, 5, 4]",16,8,2,512,2991,2671,5747,7683,2129,2002,3939,5252,53767.94140625,ok,3330.96142578125,2427.295654296875,3283.305419921875,3330.636962890625,50436.97998046875,51340.755126953125,50484.678955078125,50452.355224609375,13.025062990374863,17.830028016120195,16.54608799610287,13.218297012150288,58.527144999970915,929.6062189996519,52.809181999691646,1.189088000501215,10.48856749100014,10.521894753000197,10.5950305869992,10.794374824999977
"[13, 10, 5, 4]",16,4,4,512,2971,2631,5907,8081,2168,2041,4124,5520,65716.3125,ok,3259.316162109375,2418.39306640625,3199.855712890625,3258.82470703125,62456.996337890625,63297.51318359375,62516.152099609375,62469.44091796875,11.695844996720552,15.70140349632129,14.360418498050421,11.562777993269265,57.10270700001274,862.741721999555,64.4514400000844,1.2835610004913178,10.41703934799989,10.531843089000176,10.624034853000012,10.69254751399967
"[13, 10, 5, 4]",16,2,8,512,3087,2673,6141,8179,2322,2152,4449,5884,92788.53125,ok,3301.08935546875,2462.9033203125,3220.147216796875,3300.18115234375,89487.44189453125,90324.8544921875,89567.75122070312,89499.22509765625,11.418891745619476,14.60959174274467,13.312614996219054,10.72516199760139,52.26414000026125,857.9647729993667,85.50786999876436,2.7754880002248683,10.460864937999759,10.51332942299996,10.614462768000521,10.656804801000362
"[13, 10, 5, 4]",32,16,2,512,3873,3353,7329,9765,2496,2303,4685,6192,67310.2890625,ok,3352.141845703125,2391.45068359375,3275.389892578125,3351.256103515625,63958.147216796875,64918.70556640625,64034.672607421875,63979.759521484375,16.1130039896816,22.097757985815406,20.711706990376115,16.588358984328806,82.80761199966946,999.8542029998134,78.79376399978355,4.237845000716334,10.431198045999736,10.500631359000181,10.631177350000144,10.651233715000672
"[13, 10, 5, 4]",32,8,4,512,3831,3231,7847,10543,2512,2290,4847,6482,71908.9609375,ok,3358.381103515625,2483.365966796875,3239.51611328125,3357.69140625,68550.57983398438,69425.25122070312,68669.30419921875,68565.56640625,13.007921499665827,17.802135492675006,16.502643996849656,13.259257507510483,67.35733299956337,900.4613420001988,123.73934200059011,1.3331239997569355,10.43815886899938,10.53578997600016,10.56748166699981,10.689840955999898
"[13, 10, 5, 4]",32,4,8,512,4011,3231,7807,10221,2665,2348,5054,6654,97768.640625,ok,3335.83984375,2511.96826171875,3198.42724609375,3326.44677734375,94432.80078125,95256.21142578125,94569.97900390625,94445.68603515625,11.629946241853759,15.684952757088467,14.40471349679865,11.581160755595192,56.89466399962839,845.8308599992961,142.25051199900918,1.3229030009824783,10.42008993699983,10.517269916999794,10.659424366999701,10.727608872000019
"[13, 10, 5, 4]",32,2,16,512,4135,3385,7951,10545,2881,2557,5527,7289,152857.40625,ok,3499.601806640625,2653.190185546875,3403.797607421875,3500.109619140625,149357.80444335938,150204.76293945312,149453.51489257812,149369.51538085938,11.280586377019063,14.6194075003732,13.372985623544082,10.742992868530564,52.27821100015717,868.1527509988882,101.26918200057844,1.515756999651785,10.377499105000425,10.574953142000595,10.556306731999939,10.603286760999254
"[13, 10, 5, 4]",64,32,2,512,4853,4695,9511,12427,2945,2860,5484,7184,,OOM_rank2,,,,,,,,,,,,,0.0,0.0,0.0,0.0,,,,
"[13, 10, 5, 4]",64,16,4,512,4853,4133,9969,13845,3008,2674,5918,7845,,OOM_rank2,,,,,,,,,,,,,0.0,0.0,0.0,0.0,,,,
"[13, 10, 5, 4]",64,8,8,512,4851,4073,9967,13383,3103,2669,5888,7790,,OOM_rank2,,,,,,,,,,,,,0.0,0.0,0.0,0.0,,,,
"[13, 10, 5, 4]",64,4,16,512,4851,3893,9347,12381,3068,2700,5843,7724,,OOM_rank2,,,,,,,,,,,,,0.0,0.0,0.0,0.0,,,,
"[13, 10, 5, 4]",64,2,32,512,4861,4329,9967,13361,3495,3105,6793,8976,,OOM_rank2,,,,,,,,,,,,,0.0,0.0,0.0,0.0,,,,
"[13, 11, 4, 4]",8,4,2,512,2091,2453,5407,6701,1637,1890,3994,4890,51004.84765625,ok,3306.259521484375,2463.052734375,3280.93603515625,3305.485595703125,47698.588134765625,48541.412109375,47723.57177734375,47714.104248046875,11.744834002107382,17.309995971620083,11.611757999286056,11.536329993978143,47.345479999421514,860.9253949998674,29.841896997822914,1.2024990010104375,10.45283253100024,10.500268993000645,10.640821025999685,10.665650547998666
"[13, 11, 4, 4]",8,2,4,512,2075,2453,5605,6733,1677,1952,4206,5097,65226.05078125,ok,3241.122802734375,2415.158203125,3206.5146484375,3240.857177734375,61984.927978515625,62810.669921875,62019.6298828125,61998.881103515625,11.31698199827224,16.090409501921386,10.752281001303345,10.717610001564026,51.623246998133254,843.9159949994064,39.7468419996585,1.098807000744273,10.456808470000396,10.445426080001198,10.64417432799928,10.599513604000094
"[13, 11, 4, 4]",16,8,2,512,2471,2671,6267,7683,1762,2029,4300,5277,55216.49609375,ok,3290.100830078125,2404.9130859375,3247.58740234375,3289.52490234375,51926.395263671875,52811.3916015625,51968.49072265625,51945.90478515625,13.117073002271354,19.59836999885738,13.300903998315334,13.216079997830093,55.93235100059246,907.2513499995694,47.101133000978734,1.1244569996051723,10.460205813000357,10.4760944869995,10.639673218000098,10.644242500000473
"[13, 11, 4, 4]",16,4,4,512,2451,2631,6627,8121,1804,2051,4564,5566,68427.1796875,ok,3270.25146484375,2414.9482421875,3208.38037109375,3269.95361328125,65156.92822265625,66012.0205078125,65218.73681640625,65172.10888671875,11.694017506670207,17.2637305050157,11.61016799742356,11.568709501996636,56.83966500146198,874.063102000946,66.82003900095879,1.3209130011091474,10.483381497000664,10.511191983998287,10.645469728000535,10.637325198000326
"[13, 11, 4, 4]",16,2,8,512,2409,2673,6717,8179,1874,2155,4865,5928,98164.875,ok,3309.653076171875,2474.4541015625,3237.39453125,3309.412841796875,94855.22192382812,95690.4443359375,94926.98046875,94868.92309570312,11.233934249496087,16.062384497607127,10.740593247814104,10.732537002768368,51.78627900022548,853.0824829995254,76.95538000007218,1.2573600015457487,10.493310971998653,10.516271118000077,10.640362313999503,10.697332522000579
"[13, 11, 4, 4]",32,16,2,512,3193,3353,8009,9765,2091,2326,5098,6237,69321.5546875,ok,3340.832763671875,2401.75830078125,3264.26220703125,3340.382568359375,65980.72192382812,66919.12451171875,66057.18310546875,66006.25024414062,15.926184008829296,24.30997298657894,16.646096012555063,16.612606992945075,74.85415900009684,963.4718470006192,78.31428499957838,3.813134000665741,10.469780961000652,10.507136583999454,10.567387901000984,10.703501804000553
"[13, 11, 4, 4]",32,8,4,512,3151,3231,8707,10543,2069,2281,5340,6508,75096.703125,ok,3367.065673828125,2475.35205078125,3251.36279296875,3366.149169921875,71729.63745117188,72621.06201171875,71844.73876953125,71749.38989257812,13.011570990085602,19.577632514759898,13.291623992845416,13.245297009591013,67.76311400062696,913.372740998966,119.8038100010308,1.1529489984241081,10.465051974000744,10.474728703000437,10.661990697000874,10.56801958700089
"[13, 11, 4, 4]",32,4,8,512,3111,3231,8487,10201,2144,2364,5557,6732,104125.40625,ok,3327.052734375,2475.09814453125,3188.77294921875,3326.236572265625,100798.353515625,101649.51123046875,100935.73486328125,100813.72436523438,11.726497747935355,17.269046988803893,11.613720502937213,11.583800248801708,57.25963500117359,870.5352619981568,142.37670600050478,1.3498429998435313,10.415669183999853,10.49715022500095,10.607640967000407,10.62385449500107
"[13, 11, 4, 4]",32,2,16,512,3323,3385,8723,10545,2379,2589,6122,7438,164384.953125,ok,3454.02685546875,2600.070068359375,3359.686767578125,3452.89599609375,160930.92626953125,161783.41430664062,161023.40698242188,160945.49462890625,11.203165499842726,16.07418274146039,10.757824377622455,10.743299248395488,51.96921300012036,870.2512220006611,97.27904200008197,1.08199599890213,10.464655675999893,10.485538023000117,10.636808658000518,10.654667790999156
"[13, 11, 4, 4]",64,32,2,512,4113,4695,9971,12227,2416,2838,5843,7119,,OOM_rank1,,,,,,,,,,,,,0.0,0.0,0.0,0.0,,,,
"[13, 11, 4, 4]",64,16,4,512,4013,4093,9969,13345,2432,2622,6222,7614,,OOM_rank1,,,,,,,,,,,,,0.0,0.0,0.0,0.0,,,,
"[13, 11, 4, 4]",64,8,8,512,3751,3833,9967,12303,2349,2570,6000,7311,,OOM_rank1,,,,,,,,,,,,,0.0,0.0,0.0,0.0,,,,
"[13, 11, 4, 4]",64,4,16,512,3811,3833,9967,12081,2472,2686,6315,7664,,OOM_rank1,,,,,,,,,,,,,0.0,0.0,0.0,0.0,,,,
"[13, 11, 4, 4]",64,2,32,512,4067,4209,9977,12901,2818,3051,7189,8751,,OOM_rank1,,,,,,,,,,,,,0.0,0.0,0.0,0.0,,,,
"[13, 11, 5, 3]",8,4,2,512,2551,2073,5407,6681,1952,1537,3944,4817,48749.82421875,ok,3242.902587890625,2390.351806640625,3224.1572265625,3240.923095703125,45506.921630859375,46359.445068359375,45525.3388671875,45514.994873046875,11.85829200875014,17.30188997182995,14.428151996806264,8.71735000424087,50.201968999317614,874.1506610003853,22.785943001508713,1.1711690003721742,10.494719434000217,10.496131099000195,10.581460995999805,10.64065862499956
"[13, 11, 5, 3]",8,2,4,512,2543,2073,5605,6733,2035,1586,4204,5093,62958.43359375,ok,3257.977783203125,2424.029296875,3229.26904296875,3257.720703125,59700.455810546875,60534.181640625,59729.14111328125,59707.818359375,11.276558995246887,16.076682003680617,13.347659997176379,8.075358000583947,53.92266099988774,853.6339129987027,32.883969999602414,1.2840810013585724,10.467060613000285,10.478435923001598,10.635924750000413,10.665388536001046
"[13, 11, 5, 3]",16,8,2,512,2991,2131,6267,7683,2130,1640,4262,5232,52663.7578125,ok,3285.05859375,2406.781005859375,3248.88671875,3284.147216796875,49378.69921875,50256.519775390625,49414.3046875,49388.837158203125,13.089776988141239,19.58944397419691,16.56297600083053,9.988681985065341,60.9941640013858,901.803775001099,39.02118200130644,1.164978002634598,10.482233056000041,10.505022278999604,10.591376439999294,10.617853871999614
"[13, 11, 5, 3]",16,4,4,512,2971,2091,6627,8121,2167,1646,4520,5509,66057.0859375,ok,3244.011474609375,2419.63720703125,3201.966064453125,3243.3876953125,62813.074462890625,63636.68310546875,62854.299560546875,62821.0810546875,11.759522498119622,17.25864700647071,14.429140492808074,8.721695503452793,59.35618500188866,845.622277001894,44.37812499963911,1.3433130025077844,10.535702295999727,10.609622639000008,10.698615717001303,10.639745792999747
"[13, 11, 5, 3]",16,2,8,512,3085,2157,6717,8179,2322,1732,4851,5911,95790.359375,ok,3314.07470703125,2489.89892578125,3263.406982421875,3313.32568359375,92476.28466796875,93299.88232421875,92526.20239257812,92483.78369140625,11.22870025318116,16.068647746695206,13.365200996631756,8.089492248371243,54.72818099951837,844.259522998982,55.28449400117097,2.1741429991379846,10.45819520400073,10.463714719000563,10.687948611999673,10.692777849999402
"[13, 11, 5, 3]",32,16,2,512,3873,2693,8009,9765,2505,1873,5060,6172,67984.0546875,ok,3343.3876953125,2425.8466796875,3281.588134765625,3343.030517578125,64640.6669921875,65556.8330078125,64701.583740234375,64650.289794921875,15.951713996008039,24.35712701268494,20.75996800418943,12.541690013371408,83.54032099850883,952.4231129998952,67.45966500056966,5.28856099845143,10.501783878000424,10.529870102000132,10.623157865000394,10.66158555400034
"[13, 11, 5, 3]",32,8,4,512,3831,2593,8707,10543,2502,1848,5330,6448,72902.9375,ok,3335.533447265625,2490.914794921875,3248.628662109375,3332.70458984375,69567.40405273438,70411.68676757812,69654.19165039062,69577.61572265625,13.095581492874771,19.57110100891441,16.548568492755294,9.995043500792235,70.50935799998115,869.00123399937,90.90702400135342,1.1589990008360473,10.569999612000174,11.959849569000653,12.207871361000798,10.596776102998774
"[13, 11, 5, 3]",32,4,8,512,4011,2571,8487,10221,2691,1907,5553,6735,101445.4140625,ok,3300.421630859375,2517.781494140625,3212.177490234375,3300.08984375,98144.99243164062,98927.39819335938,98233.08813476562,98152.83203125,11.655780498404056,17.254353498574346,14.456318749580532,8.73808449797798,58.877592000499135,803.6361119993671,92.2888579989376,1.2094710018573096,10.443791567999142,10.54257653500099,10.597832048000782,10.690971117001027
"[13, 11, 5, 3]",32,2,16,512,4135,2653,8723,10545,2910,2048,6094,7403,161675.203125,ok,3418.7080078125,2638.959716796875,3327.10400390625,3418.69775390625,158256.4951171875,159036.22778320312,158348.25537109375,158263.38037109375,11.282007377129048,16.053272743476555,13.370941756526008,8.099804507626686,54.24160800066602,799.8252880006476,96.38867899957404,1.3612230013677618,10.510109664000993,10.479712403999656,10.669680392000373,10.670322979000048
"[13, 11, 5, 3]",64,32,2,512,4853,3475,9971,12227,2892,2168,5811,7037,,OOM_rank1,,,,,,,,,,,,,0.0,0.0,0.0,0.0,,,,
"[13, 11, 5, 3]",64,16,4,512,4853,3255,9969,13345,2925,2104,6185,7570,,OOM_rank1,,,,,,,,,,,,,0.0,0.0,0.0,0.0,,,,
"[13, 11, 5, 3]",64,8,8,512,4851,3033,9967,12303,2900,2018,5971,7236,,OOM_rank1,,,,,,,,,,,,,0.0,0.0,0.0,0.0,,,,
"[13, 11, 5, 3]",64,4,16,512,4751,2993,9967,12101,3025,2127,6283,7609,,OOM_rank1,,,,,,,,,,,,,0.0,0.0,0.0,0.0,,,,
"[13, 11, 5, 3]",64,2,32,512,4851,3305,9977,12901,3450,2439,7211,8810,,OOM_rank1,,,,,,,,,,,,,0.0,0.0,0.0,0.0,,,,
"[13, 12, 4, 3]",8,4,2,512,2091,2073,5867,6701,1630,1536,4258,4829,49426.48828125,ok,3225.30810546875,2394.185791015625,3209.212890625,3224.585693359375,46201.18017578125,47031.845458984375,46216.798828125,46211.058837890625,11.683616997674108,18.877242982387543,11.61377798486501,8.680940989870578,49.024829000700265,849.1373140004725,19.759748998694704,1.371914000628749,10.468384965999576,10.518612468000356,10.503594496000005,10.595452825999018
"[13, 12, 4, 3]",8,2,4,512,2073,2073,6135,6733,1688,1584,4566,5124,65407.66796875,ok,3252.75146484375,2409.238525390625,3221.5029296875,3252.060302734375,62154.91650390625,62998.128662109375,62185.3525390625,62164.635009765625,11.20820449711755,17.534793491475284,10.757117004133761,8.06959200417623,54.14505100088718,860.2115770008822,34.731405998172704,1.2531989996205084,10.535378472000957,10.600087319000522,10.609449950999988,10.678132035998715
"[13, 12, 4, 3]",16,8,2,512,2471,2131,6807,7683,1743,1633,4610,5177,53624.94921875,ok,3291.744140625,2445.221923828125,3260.38623046875,3290.95751953125,50333.205078125,51179.383544921875,50364.36767578125,50345.40966796875,13.171008914709091,21.366197001188993,13.291969987563789,9.935197992250323,60.52783800078032,867.6766799981124,35.37580500051263,1.7838460007624235,10.59215326100093,10.570317771000191,10.705054246000145,10.658588787000554
"[13, 12, 4, 3]",16,4,4,512,2451,2091,7187,8081,1794,1644,4887,5526,68953.828125,ok,3252.9541015625,2419.304443359375,3215.574951171875,3251.99365234375,65700.8740234375,66534.09399414062,65737.50317382812,65710.51416015625,11.746644500177354,18.845373487100005,11.61465599667281,8.710270007140934,59.71512899850495,851.6564239998843,41.736203000255045,1.250582001375733,10.561284425999474,10.507650978999663,10.667055525998876,10.6663312089986
"[13, 12, 4, 3]",16,2,8,512,2409,2157,7273,8177,1884,1734,5284,5966,101708.9140625,ok,3288.7705078125,2461.231201171875,3238.90576171875,3288.2978515625,98420.1435546875,99247.30004882812,98469.42236328125,98429.8896484375,11.41200098907575,17.515625257510692,10.756610245909542,8.086678498890251,54.70045399852097,844.2555500005255,53.91905500073335,1.2620710003830027,10.534043860001475,10.53208464400086,10.65529930500088,10.674942400000873
"[13, 12, 4, 3]",32,16,2,512,3193,2693,8689,9765,2064,1872,5437,6183,66563.9765625,ok,3342.137451171875,2434.865234375,3279.596435546875,3341.55078125,63221.839111328125,64128.814453125,63284.239501953125,63236.63671875,15.90664401371032,26.4834009911865,16.636202992871404,12.559970984235406,83.42285699836793,935.1098110000748,66.3342219995684,4.729147001853562,10.52251492600044,10.655721155999345,10.641951722998783,10.714496259999578
"[13, 12, 4, 3]",32,8,4,512,3151,2593,9267,10543,2079,1857,5735,6504,75417.4375,ok,3351.2509765625,2486.2421875,3264.650146484375,3350.921875,72066.1865234375,72930.6640625,72152.84204101562,72078.234375,12.992593503091484,21.347036502324045,13.28445501299575,9.972561995964497,70.97800799965626,885.5718730010267,90.93073299845855,1.1354389989719493,10.492896331999873,10.52670020000005,10.666669845999422,10.668495061001522
"[13, 12, 4, 3]",32,4,8,512,3111,2571,9247,10261,2151,1907,6026,6758,107671.9765625,ok,3347.48681640625,2511.3271484375,3256.466552734375,3347.4775390625,104324.48974609375,105160.6962890625,104415.73657226562,104334.5146484375,11.719276999821886,18.836189992260188,11.61707774293609,8.733508499222808,59.78265100020508,854.6859580001183,95.35127299932356,1.2664909991144668,10.554814226001326,10.560856585001602,10.629343423001046,10.75770678399931
"[13, 12, 4, 3]",32,2,16,512,3323,2653,9515,10545,2382,2057,6651,7453,173732.953125,ok,3406.53662109375,2584.618896484375,3314.597900390625,3405.62255859375,170326.41650390625,171147.89672851562,170418.32397460938,170335.47119140625,11.595124749932438,17.49897087737918,10.760646622511558,8.100901870697271,55.87163399832207,839.1516139981832,96.2494430004881,1.5915079984551994,10.575989189999746,10.530987935999292,10.667540917000224,10.813345597998705
"[13, 12, 4, 3]",64,32,2,512,3773,3115,9971,11267,2188,2012,5717,6412,,OOM_rank1,,,,,,,,,,,,,0.0,0.0,0.0,0.0,,,,
"[13, 12, 4, 3]",64,16,4,512,3653,2955,9969,12045,2211,1959,5981,6813,,OOM_rank1,,,,,,,,,,,,,0.0,0.0,0.0,0.0,,,,
"[13, 12, 4, 3]",64,8,8,512,3431,2793,9967,11163,2146,1910,5936,6609,,OOM_rank1,,,,,,,,,,,,,0.0,0.0,0.0,0.0,,,,
"[13, 12, 4, 3]",64,4,16,512,3511,2833,9967,11181,2313,2035,6391,7172,,OOM_rank1,,,,,,,,,,,,,0.0,0.0,0.0,0.0,,,,
"[13, 12, 4, 3]",64,2,32,512,3787,3125,9977,11941,2676,2326,7322,8298,,OOM_rank1,,,,,,,,,,,,,0.0,0.0,0.0,0.0,,,,
"[13, 12, 5, 2]",8,4,2,512,2551,1693,5867,6721,1964,1197,4244,4848,48563.87109375,ok,3212.541015625,2394.503173828125,3197.5537109375,3211.728759765625,45351.330078125,46169.051513671875,45365.9892578125,45357.556396484375,11.87886299751699,18.865025013685226,14.442160998471081,5.891970002092421,52.270230000431184,839.2789019981137,18.4031770004367,1.1546890000317944,10.522177974999067,10.563488630999927,10.650336539001728,10.633873859000232
"[13, 12, 5, 2]",8,2,4,512,2543,1693,6133,6733,2034,1218,4529,5068,64237.7890625,ok,3249.56884765625,2426.576904296875,3231.342529296875,3248.999755859375,60988.22021484375,61811.055908203125,61006.192626953125,60993.199462890625,11.412226509768516,17.528232011012733,13.367790510877967,5.467647996498272,56.38679100047739,840.8299200018519,21.325798999896506,1.2684310004260624,10.500032404999729,10.56238099300026,10.567057950000162,10.642770200000086
"[13, 12, 5, 2]",16,8,2,512,2991,1693,6807,7683,2121,1267,4599,5212,52635.18359375,ok,3262.046142578125,2424.65185546875,3240.753173828125,3261.3583984375,49373.137451171875,50210.00439453125,49394.117919921875,49380.2783203125,13.06133799161762,21.401244027540088,16.579560006968677,6.7301730015315115,63.69964300210995,860.5787520009471,24.11525800016534,1.3150939994375221,10.572260478998942,10.603703940001651,10.666074719998505,10.618650980999519
"[13, 12, 5, 2]",16,4,4,512,2971,1693,7087,8121,2176,1283,4870,5545,67774.953125,ok,3244.012451171875,2443.999267578125,3211.96435546875,3244.120849609375,64530.940673828125,65331.602294921875,64563.58251953125,64536.496337890625,11.743585505522788,18.8196385120973,14.450968999415636,5.887654502643272,61.980288999620825,821.1397630002466,36.03827599908982,1.230547999512055,10.539723239999148,10.611950064001576,10.616959299999507,10.5289503719996
"[13, 12, 5, 2]",16,2,8,512,3087,1693,7273,8179,2331,1330,5258,5942,100209.703125,ok,3258.585205078125,2476.44775390625,3247.8310546875,3258.140869140625,96951.11791992188,97732.93505859375,96961.5830078125,96955.96850585938,11.447713501052931,17.526950240135193,13.384506500326097,5.462416500085965,56.841278999854694,800.5652440006088,13.519738000468351,1.3042829996265937,10.502163070999813,10.532500457000424,10.619070687998828,10.635581155000182
"[13, 12, 5, 2]",32,16,2,512,3873,2055,8689,9765,2484,1425,5445,6154,66011.8671875,ok,3291.408447265625,2410.80615234375,3250.62353515625,3290.52783203125,62720.458740234375,63597.56884765625,62760.89208984375,62726.94873046875,15.886655990034342,26.643097972497344,20.732373006641865,8.463545992504805,85.53889399991021,910.6445020006504,44.916861997990054,1.320912999290158,10.52978574000008,10.592075193999335,10.699122465000983,10.627379124998697
"[13, 12, 5, 2]",32,8,4,512,3831,1931,9267,10543,2515,1421,5725,6497,74550.6953125,ok,3324.179443359375,2497.544189453125,3266.044921875,3323.3828125,71226.51586914062,72052.52612304688,71284.212890625,71233.71875,13.063746001571417,21.33665199484676,16.561625501140952,6.7280589966103435,74.22898200093186,850.1536519997899,60.90288899940788,1.2237299979460659,10.53926399500051,10.531059291999554,10.572692859999734,10.68149716500011
"[13, 12, 5, 2]",32,4,8,512,4011,1871,9247,10261,2686,1445,5997,6765,106103.0390625,ok,3282.2578125,2532.15234375,3244.918701171875,3281.292236328125,102820.78125,103570.76953125,102857.58129882812,102826.49682617188,11.643687003757805,18.81869648769498,14.46345974970609,5.894959249533713,62.077500000668806,770.5537059991912,40.14500199991744,1.2666610018641222,10.587631364000117,10.63828570700025,10.676529389998905,10.696336885999699
"[13, 12, 5, 2]",32,2,16,512,4133,1901,9515,10547,2923,1544,6641,7451,172243.46875,ok,3316.109375,2620.707763671875,3262.971923828125,3315.290283203125,168927.359375,169621.85473632812,168979.21557617188,168932.27221679688,11.324735881527886,17.54259450081736,13.398126875748858,5.468220501439646,56.14285100091365,713.4523330005322,55.20091700236662,1.192759000332444,10.530075366999881,10.534576088999529,10.704893819998688,10.772130207998998
"[13, 12, 5, 2]",64,32,2,512,4553,2315,9951,11267,2626,1526,5695,6403,,OOM_rank1,,,,,,,,,,,,,0.0,0.0,0.0,0.0,,,,
"[13, 12, 5, 2]",64,16,4,512,4433,2195,9969,12045,2680,1498,6006,6829,,OOM_rank1,,,,,,,,,,,,,0.0,0.0,0.0,0.0,,,,
"[13, 12, 5, 2]",64,8,8,512,4431,2033,9967,11163,2668,1450,5869,6643,,OOM_rank1,,,,,,,,,,,,,0.0,0.0,0.0,0.0,,,,
"[13, 12, 5, 2]",64,4,16,512,4311,2013,9967,11081,2812,1515,6310,7106,,OOM_rank1,,,,,,,,,,,,,0.0,0.0,0.0,0.0,,,,
"[13, 12, 5, 2]",64,2,32,512,4651,2241,9977,11941,3277,1724,7324,8298,,OOM_rank1,,,,,,,,,,,,,0.0,0.0,0.0,0.0,,,,
"[14, 8, 5, 5]",8,4,2,512,2551,2833,4007,7101,1969,2227,3047,5157,50766.5546875,ok,3249.366943359375,2386.43505859375,3217.6865234375,3248.760498046875,47517.187744140625,48379.45166015625,47548.1611328125,47532.173095703125,12.693273996934295,12.609710006043315,14.401828997768462,14.407696009613574,47.35554900071293,889.1817140010971,36.654133999036276,1.0801150001498172,10.474623178999536,10.710936924000634,10.653906342999107,10.719656380999368
"[14, 8, 5, 5]",8,2,4,512,2541,2833,4041,7201,2042,2300,3181,5446,68109.78125,ok,3283.410888671875,2430.23779296875,3236.3427734375,3282.892578125,64826.370361328125,65674.36376953125,64873.0166015625,64844.271484375,12.20214948989451,11.78636900195852,13.287824004888535,13.285018002614379,51.150723000318976,881.685917998766,52.81379699954414,1.238931001353194,10.444855387000644,10.61401400000068,10.631258460000026,10.6421874509997
"[14, 8, 5, 5]",16,8,2,512,2991,3211,4647,8203,2127,2369,3273,5527,54445.03515625,ok,3339.851806640625,2413.703125,3285.80615234375,3339.390380859375,51105.183349609375,52030.57421875,51158.63916015625,51125.109619140625,14.029303989373147,14.294452000409365,16.49873899947852,16.490698995999992,55.34944699866173,955.07061400167,59.39912900066702,1.19206999988819,10.316616292999242,10.610904360999484,10.68939399699957,10.737382713001352
"[14, 8, 5, 5]",16,4,4,512,2971,3171,4647,8521,2183,2418,3388,5873,69772.078125,ok,3342.09423828125,2455.732177734375,3259.072509765625,3341.541015625,66429.98388671875,67315.74438476562,66512.73999023438,66447.826171875,12.543341998010874,12.596440501511097,14.354136498179287,14.36100749950856,58.49117599973397,921.1580310020508,88.70827999999165,1.1926300012419233,10.482364540999697,10.690995797000141,10.673507470999539,10.768878865999795
"[14, 8, 5, 5]",16,2,8,512,3087,3229,4949,8695,2334,2574,3675,6311,97997.6640625,ok,3358.222412109375,2477.475830078125,3260.313720703125,3357.945068359375,94639.44165039062,95519.88354492188,94740.78002929688,94663.47680664062,12.042162250261754,11.819273505127057,13.271457253722474,13.271101256133988,57.06356200062146,914.7666219996609,106.95166399818845,1.2976999969396275,10.416399940000701,10.594254788000399,10.623014684000736,10.641929436000282
"[14, 8, 5, 5]",32,16,2,512,3873,4013,5929,10445,2505,2733,3838,6565,68477.015625,ok,3402.7099609375,2398.476318359375,3301.085205078125,3401.696044921875,65074.3056640625,66078.03930664062,65175.914794921875,65101.569580078125,17.12548201996833,17.731290007010102,20.652808966115117,20.67788399849087,71.07726500180434,1038.4038829979545,103.70915200110176,3.0472779981209897,10.402114651999,10.627126446001057,10.658696144000714,10.710226937997504
"[14, 8, 5, 5]",32,8,4,512,3831,3973,5927,11003,2517,2735,3893,6838,74744.3984375,ok,3417.795654296875,2486.22802734375,3274.36279296875,3417.193603515625,71326.60278320312,72257.92041015625,71464.84814453125,71347.21264648438,13.999390999320894,14.29708749614656,16.45645448472351,16.460596507415175,65.88209700203151,969.6692020006594,143.709422001848,1.3230440017650835,10.447264198999619,10.68731344600019,10.662636962999386,10.724461904999771
"[14, 8, 5, 5]",32,4,8,512,4011,3911,6347,11081,2680,2820,4181,7191,102524.6796875,ok,3381.0146484375,2520.86474609375,3233.819580078125,3380.059814453125,99143.6650390625,100002.93212890625,99289.89916992188,99166.58862304688,12.56307549146004,12.602153497515246,14.334906745003536,14.339529754593968,71.10250600089785,896.8221599971002,152.0043539967446,6.665549000899773,10.435462020999694,10.541001798999787,10.597902956000326,10.687141413000063
"[14, 8, 5, 5]",32,2,16,512,4135,4117,6485,11299,2898,3098,4544,7881,158984.875,ok,3524.810791015625,2664.447998046875,3428.714599609375,3523.923095703125,155460.06420898438,156319.86450195312,155555.91040039062,155495.60815429688,12.1404675032245,11.839843126712367,13.26644837798085,13.25087874487508,66.84030900214566,894.7230670019053,102.05272099847207,1.4414149991353042,10.387738952998916,10.667258790002961,10.717278393000015,10.651012308997451
"[14, 8, 5, 5]",64,32,2,512,4773,4855,7231,12687,2787,3134,4234,7270,,OOM_rank3,,,,,,,,,,,,,0.0,0.0,0.0,0.0,,,,
"[14, 8, 5, 5]",64,16,4,512,4853,4855,7489,14245,2934,3105,4515,8005,,OOM_rank3,,,,,,,,,,,,,0.0,0.0,0.0,0.0,,,,
"[14, 8, 5, 5]",64,8,8,512,4851,4853,8087,13823,3038,3152,4710,8072,,OOM_rank3,,,,,,,,,,,,,0.0,0.0,0.0,0.0,,,,
"[14, 8, 5, 5]",64,4,16,512,4851,4733,7547,13201,3067,3234,4786,8251,,OOM_rank2,,,,,,,,,,,,,0.0,0.0,0.0,0.0,,,,
"[14, 8, 5, 5]",64,2,32,512,4851,4863,7939,13805,3423,3633,5412,9331,,OOM_rank3,,,,,,,,,,,,,0.0,0.0,0.0,0.0,,,,
"[14, 9, 5, 4]",8,4,2,512,2551,2453,4487,7101,1971,1895,3367,5133,49930.90625,ok,3247.583251953125,2399.9150390625,3223.40771484375,3247.052490234375,46683.322998046875,47528.1474609375,46707.40087890625,46690.666259765625,12.626884000375867,14.282446981407702,14.409461989998817,11.58715599682182,50.94031699991319,872.7439819995197,33.20733399959863,1.5204890005406924,10.410451136998745,10.599196490002214,10.821791741000197,10.762549504997878
"[14, 9, 5, 4]",8,2,4,512,2543,2453,4649,7201,2026,1946,3527,5378,62857.75390625,ok,3255.3974609375,2421.46826171875,3217.480712890625,3254.436767578125,59602.3564453125,60435.94189453125,59640.050537109375,59611.106201171875,12.071363485883921,13.180838495958596,13.295841002371162,10.657038502395153,49.52639100156375,862.0094530015194,42.89268500360777,1.485085998865543,10.517549992997374,10.653393538999808,10.735964448998857,10.713545776998217
"[14, 9, 5, 4]",16,8,2,512,2991,2671,5207,8203,2111,1999,3606,5498,52891.59375,ok,3297.16943359375,2406.0078125,3255.446533203125,3296.48486328125,49594.42431640625,50484.9140625,49635.842529296875,49608.95263671875,14.071788032539189,16.051856980659068,16.50336800981313,13.235315009020269,56.3594409977668,916.8730290002713,46.6512410021096,1.2888810015283525,10.483361604998208,10.686022857000353,10.677633626000897,10.753608480998082
"[14, 9, 5, 4]",16,4,4,512,2971,2631,5347,8521,2170,2039,3774,5786,65368.34375,ok,3281.939453125,2422.173583984375,3223.6923828125,3281.352294921875,62086.404296875,62945.783447265625,62144.4794921875,62096.577392578125,12.556537992786616,14.140159006696194,14.3574065011926,11.544475994538516,57.99363500045729,887.9156629991485,63.51427200206672,1.5153079984884243,10.5011150010032,10.763167012002668,10.704567181997845,10.762056294002832
"[14, 9, 5, 4]",16,2,8,512,3087,2673,5505,8695,2300,2136,4003,6199,90199.2890625,ok,3316.093017578125,2486.10302734375,3235.443603515625,3315.0869140625,86883.19604492188,87712.62353515625,86960.36108398438,86892.0927734375,12.228937251260504,13.16869825636968,13.278372001368552,10.728312502382323,54.6632010009489,857.5766319991089,82.20940200044424,7.4845990020548925,10.514312901999801,10.647828599001514,10.703336460999708,10.678593270997226
"[14, 9, 5, 4]",32,16,2,512,3873,3353,6669,10445,2506,2309,4274,6552,66935.9296875,ok,3354.820556640625,2388.022216796875,3275.103271484375,3354.014404296875,63581.109130859375,64547.501220703125,63660.482666015625,63599.837158203125,17.14972300734371,19.900531010702252,20.685944000259042,16.597279992885888,72.18003899834002,999.0129590005381,81.61383700280567,4.12428400159115,10.428518629996688,10.588438751001377,10.662029586001154,10.681058181999106
"[14, 9, 5, 4]",32,8,4,512,3831,3231,6947,11003,2483,2270,4351,6727,72527.5625,ok,3389.40625,2496.911376953125,3274.24609375,3389.08740234375,69138.15625,70030.65112304688,69253.19140625,69151.03759765625,14.253459995612502,16.045970503706485,16.512193507980555,13.291671007405967,67.25104599900078,923.4211350012629,119.34182200275245,1.3277729995024856,10.446514790997753,10.619127630998264,10.793132082999364,10.830058429000928
"[14, 9, 5, 4]",32,4,8,512,4011,3231,7027,10981,2643,2333,4566,7055,94929.1953125,ok,3464.944580078125,2637.243408203125,3340.6083984375,3464.864013671875,91464.25073242188,92291.39721679688,91582.0947265625,91474.33911132812,12.532581493491307,14.136011749273166,14.340225748950616,11.578203498618677,61.06053500479902,856.5776290015492,122.14730200139456,1.384155999403447,10.636044540999137,10.604360591998557,10.707978988000832,10.719546386997536
"[14, 9, 5, 4]",32,2,16,512,4135,3385,7199,11297,2863,2546,4993,7765,144939.828125,ok,3456.77001953125,2644.2158203125,3359.43994140625,3455.790771484375,141483.05810546875,142295.1748046875,141578.81005859375,141491.94360351562,12.093702002544887,13.15527762437705,13.265848126844503,10.741308621130884,56.31292400357779,840.4968219947477,100.63227699720301,1.2758129996655043,10.444855260997429,10.6477304359978,10.673546179998084,10.770236977001332
"[14, 9, 5, 4]",64,32,2,512,4853,4695,8651,13427,2922,2860,5012,7629,,OOM_rank2,,,,,,,,,,,,,0.0,0.0,0.0,0.0,,,,
"[14, 9, 5, 4]",64,16,4,512,4853,4133,9169,14705,2935,2615,5158,8111,,OOM_rank2,,,,,,,,,,,,,0.0,0.0,0.0,0.0,,,,
"[14, 9, 5, 4]",64,8,8,512,4851,4073,9227,14263,3061,2651,5308,8156,,OOM_rank2,,,,,,,,,,,,,0.0,0.0,0.0,0.0,,,,
"[14, 9, 5, 4]",64,4,16,512,4851,3893,8507,13161,3046,2684,5292,8160,,OOM_rank2,,,,,,,,,,,,,0.0,0.0,0.0,0.0,,,,
"[14, 9, 5, 4]",64,2,32,512,4861,4329,9163,14345,3469,3074,6136,9511,,OOM_rank2,,,,,,,,,,,,,0.0,0.0,0.0,0.0,,,,
"[14, 10, 4, 4]",8,4,2,512,2091,2453,4947,7101,1627,1890,3668,5121,50058.7734375,ok,3238.340576171875,2388.0498046875,3212.53076171875,3237.77490234375,46820.432861328125,47669.9189453125,46845.50048828125,46835.83447265625,12.622095989063382,15.771061011590064,11.586415999568999,11.546590004116297,44.66811499878531,867.6125050005794,30.039817000215407,1.0671160016499925,10.54791179699896,10.54457387200091,10.689337759999034,10.673173982999288
"[14, 10, 4, 4]",8,2,4,512,2075,2453,5097,7201,1672,1953,3853,5379,63344.07421875,ok,3238.170654296875,2401.637451171875,3200.522216796875,3237.8466796875,60105.903564453125,60942.315673828125,60143.407470703125,60119.7197265625,12.174094993621111,14.635128494352102,10.72966299392283,10.659643495921046,45.35511299764039,853.8993190013571,41.98216899749241,1.0943479974230286,10.559394025000074,10.56159590000243,10.75632369899904,10.874992968001607
"[14, 10, 4, 4]",16,8,2,512,2471,2671,5747,8203,1763,2015,3944,5557,54163.0078125,ok,3309.81982421875,2418.3212890625,3265.095703125,3308.838134765625,50853.18798828125,51743.8115234375,50897.298828125,50871.497802734375,14.056246000342071,17.829465011134744,13.28434900008142,13.214943993836641,54.62283600354567,912.6635799984797,48.898712997470284,1.2767109983542468,10.498553052999341,10.644956681000622,10.642321884999546,10.648940922998008
"[14, 10, 4, 4]",16,4,4,512,2451,2631,5987,8621,1801,2037,4145,5876,66265.90625,ok,3291.16064453125,2439.560302734375,3235.945556640625,3290.85205078125,62974.74560546875,63826.135009765625,63029.616943359375,62990.24169921875,12.59790800884366,15.721632497385144,11.597526997793466,11.54276600992307,53.331553001044085,870.933607002371,59.97744200431043,0.9890239998640027,10.579052050998143,10.624644430001354,10.77493585800039,10.711221610999928
"[14, 10, 4, 4]",16,2,8,512,2409,2673,6141,8695,1864,2148,4442,6253,93147.1484375,ok,3299.798095703125,2458.756103515625,3219.716064453125,3299.135986328125,89847.35034179688,90688.11889648438,89926.92456054688,89861.23901367188,12.19449450285174,14.620972253847867,10.752813503146172,10.73006350058131,49.28393600130221,859.3124330036517,84.84492700154078,1.4875070010020863,10.542674164000346,10.573162532000424,10.766382152000006,10.789123266000388
"[14, 10, 4, 4]",32,16,2,512,3193,3353,7329,10445,2078,2310,4678,6563,67310.2265625,ok,3376.93798828125,2415.369140625,3294.99658203125,3376.61669921875,63933.28857421875,64893.873046875,64015.20654296875,63957.89892578125,17.10758200380951,22.090947024524212,16.632342002354562,16.60949299670756,68.29690500308061,987.9832180013182,84.22537500155158,3.774824999709381,10.436843318999308,10.561540809001599,10.675218372998643,10.714158857997973
"[14, 10, 4, 4]",32,8,4,512,3151,3231,7847,11003,2059,2277,4847,6766,72561.53125,ok,3359.84033203125,2474.977294921875,3244.578857421875,3359.097412109375,69201.69091796875,70087.24145507812,69316.88208007812,69220.57446289062,14.021463504992425,17.797333996742964,13.281631509773433,13.24286700040102,64.41790600001696,907.5606879996485,120.47827300193603,1.528130000224337,10.537954097999318,10.53445087900036,10.668854102001205,10.668448430998978
"[14, 10, 4, 4]",32,4,8,512,3111,3231,7767,11081,2109,2340,5037,7119,98310.4296875,ok,3390.877685546875,2512.462890625,3259.231201171875,3386.2119140625,94919.55200195312,95797.802734375,95051.14379882812,94936.0927734375,12.505072498694062,15.695322752231732,11.611257245764136,11.579393503023311,54.85170699830633,898.3191550032643,136.6239390008559,1.247770996997133,10.489973501997156,10.537582957000268,10.617717270000867,10.628080250000494
"[14, 10, 4, 4]",32,2,16,512,3321,3385,7951,11297,2348,2565,5539,7845,153245.125,ok,3497.66748046875,2631.216064453125,3404.18359375,3497.0400390625,149747.45751953125,150612.98706054688,149839.94140625,149760.8037109375,12.037723247893155,14.6199536282802,10.754280501743779,10.736695879139006,49.2296640004497,883.5324639985629,97.5370970008953,1.275602997338865,10.668252578001557,10.87064948799889,10.816649762000452,10.810775583999202
"[14, 10, 4, 4]",64,32,2,512,4553,4795,9971,14527,2657,3064,5969,8392,,OOM_rank1,,,,,,,,,,,,,0.0,0.0,0.0,0.0,,,,
"[14, 10, 4, 4]",64,16,4,512,4433,4433,9969,15885,2658,2827,6259,8955,,OOM_rank1,,,,,,,,,,,,,0.0,0.0,0.0,0.0,,,,
"[14, 10, 4, 4]",64,8,8,512,4271,4293,9967,15083,2599,2774,6199,8744,,OOM_rank1,,,,,,,,,,,,,0.0,0.0,0.0,0.0,,,,
"[14, 10, 4, 4]",64,4,16,512,4171,4093,9967,14161,2643,2810,6210,8710,,OOM_rank1,,,,,,,,,,,,,0.0,0.0,0.0,0.0,,,,
"[14, 10, 4, 4]",64,2,32,512,4427,4529,9977,15065,3011,3221,7048,10033,,OOM_rank1,,,,,,,,,,,,,0.0,0.0,0.0,0.0,,,,
"[14, 10, 5, 3]",8,4,2,512,2551,2073,4947,7141,1970,1544,3663,5129,48363.859375,ok,3233.512451171875,2402.926513671875,3214.213134765625,3232.843994140625,45130.346923828125,45960.706298828125,45149.267333984375,45138.300537109375,12.629689009860158,15.748539013788104,14.40016499813646,8.74307400174439,48.02555600326741,852.4935739987995,23.11737000491121,1.2628119984583464,10.520995814000344,10.55720889100121,10.661930622998625,10.666963510000642
"[14, 10, 5, 3]",8,2,4,512,2543,2073,5097,7201,2035,1581,3863,5398,62056.55859375,ok,3256.850341796875,2431.75927734375,3227.62353515625,3256.25830078125,58799.708251953125,59624.60400390625,58828.93896484375,58806.70263671875,12.169052988290787,14.631707504857332,13.288393002003431,8.119484500959516,49.07865000132006,847.0087349996902,33.42830999827129,1.3269830014905892,10.517501177000668,10.592879108000488,10.698776371998974,10.732080507998035
"[14, 10, 5, 3]",16,8,2,512,2991,2131,5747,8203,2074,1619,3885,5473,52144.79296875,ok,3376.18115234375,2509.58740234375,3339.915283203125,3375.75048828125,48768.61181640625,49635.12353515625,48804.561279296875,48778.54638671875,14.105138991959393,17.836683001369238,16.537347019650042,10.009242996573448,57.53082299997914,891.5064319990051,40.357093002967304,1.6191799986700062,10.52992095800073,10.711677365998185,10.689655853999284,10.731338209003297
"[14, 10, 5, 3]",16,4,4,512,2971,2091,5987,8561,2155,1639,4119,5785,64543.62890625,ok,3264.815185546875,2421.84814453125,3217.833984375,3264.2236328125,61278.813720703125,62121.62841796875,61325.474609375,61286.8037109375,12.631026512011886,15.719670500140637,14.361992499791086,8.742609006818384,55.72796799970092,864.564096002141,50.77609199724975,1.4308350000646897,10.55531346600037,10.664775180001016,10.72592166100003,10.77524628899846
"[14, 10, 5, 3]",16,2,8,512,3087,2157,6141,8695,2312,1724,4433,6234,90849.0390625,ok,3307.380615234375,2495.0947265625,3256.86279296875,3306.903564453125,87541.65844726562,88353.9677734375,87588.30908203125,87549.31518554688,12.219504005741328,14.600815256591886,13.313053506426513,8.091107252868824,50.48456700023962,832.0163399985177,50.99698899721261,1.3297840014274698,10.468235362000996,10.562205427999288,10.833680275001825,10.813517997998133
"[14, 10, 5, 3]",32,16,2,512,3873,2693,7329,10445,2485,1877,4658,6542,64726.90234375,ok,3383.003173828125,2420.738037109375,3325.47900390625,3381.85791015625,61343.899169921875,62308.820556640625,61405.76708984375,61358.03271484375,17.143416982144117,22.079425007104874,20.695738974027336,12.539379000663757,81.58898399778991,995.7057300016459,63.521049996779766,4.419261000293773,10.483957276999718,10.572960728997714,10.652890243000002,10.849742288002744
"[14, 10, 5, 3]",32,8,4,512,3831,2593,7847,11003,2483,1837,4825,6710,69901.34375,ok,3356.69970703125,2511.583251953125,3266.272216796875,3355.470703125,66544.64404296875,67389.24487304688,66634.57153320312,66554.810546875,13.985774492379278,17.796135981567204,16.482774501200765,10.006151001434773,67.0780790023855,869.9441140051931,94.30255499682971,1.3116829977661837,10.488884461999987,10.573516412001482,10.711384033002105,10.808042546999786
"[14, 10, 5, 3]",32,4,8,512,4011,2571,7907,11081,2648,1881,5043,7077,95689.5703125,ok,3320.64453125,2539.463623046875,3225.312255859375,3320.0458984375,92368.92578125,93149.34106445312,92464.07055664062,92376.7978515625,12.4997779938858,15.697356748394668,14.399961503455415,8.73279749811627,55.76354300137609,801.7730360006681,99.26510900186258,1.1138180016132537,10.507493609999074,10.475096875001327,10.648368164998828,10.746895577001851
"[14, 10, 5, 3]",32,2,16,512,4135,2653,7949,11299,2867,2029,5517,7814,150589.6875,ok,3359.057861328125,2610.11962890625,3269.87060546875,3358.33154296875,147230.62963867188,147979.30224609375,147319.36376953125,147238.07470703125,12.117810243624263,14.594359741779044,13.361101127346046,8.097818498150446,50.27218599934713,768.154458997742,92.75004599840031,1.7233139988093171,10.55480469000031,10.606128442999761,10.791866319999826,10.83515891999923
"[14, 10, 5, 3]",64,32,2,512,4853,3475,9511,13427,2900,2172,5442,7530,,OOM_rank2,,,,,,,,,,,,,0.0,0.0,0.0,0.0,,,,
"[14, 10, 5, 3]",64,16,4,512,4853,3275,9969,14705,2958,2125,5811,8164,,OOM_rank2,,,,,,,,,,,,,0.0,0.0,0.0,0.0,,,,
"[14, 10, 5, 3]",64,8,8,512,4851,3193,9967,14263,3080,2129,5879,8227,,OOM_rank2,,,,,,,,,,,,,0.0,0.0,0.0,0.0,,,,
"[14, 10, 5, 3]",64,4,16,512,4851,3053,9347,13281,3059,2137,5831,8204,,OOM_rank2,,,,,,,,,,,,,0.0,0.0,0.0,0.0,,,,
"[14, 10, 5, 3]",64,2,32,512,4861,3385,9967,14345,3493,2471,6789,9586,,OOM_rank2,,,,,,,,,,,,,0.0,0.0,0.0,0.0,,,,
"[14, 11, 4, 3]",8,4,2,512,2091,2073,5407,7141,1623,1541,3960,5119,48762.796875,ok,3237.212158203125,2401.810546875,3215.712158203125,3236.748291015625,45525.584716796875,46359.779296875,45545.889404296875,45535.638427734375,12.607727009803057,17.31467397790402,11.60787599813193,8.671713017392904,47.43825100013055,852.6778800005559,22.88942599989241,1.7078740020224359,10.559164536000026,10.576964163999946,10.747873847001756,10.787179194998316
"[14, 11, 4, 3]",8,2,4,512,2075,2073,5607,7201,1670,1571,4185,5374,63392.51953125,ok,3220.705322265625,2398.8623046875,3191.64404296875,3220.225830078125,60171.814208984375,60993.5595703125,60200.58251953125,60180.770263671875,12.122203500941396,16.089427991770208,10.756362500134856,8.06764100631699,48.809506002726266,838.4964639990358,33.04294899862725,1.2539020026451908,10.56937493300211,10.567340192999836,10.780059765002079,10.808336206002423
"[14, 11, 4, 3]",16,8,2,512,2471,2131,6267,8203,1760,1638,4290,5535,52777.34765625,ok,3279.234130859375,2420.8271484375,3245.12060546875,3278.418701171875,49498.113525390625,50356.3564453125,49531.58251953125,49509.487548828125,14.039914013817906,19.58840000256896,13.297128988429904,9.932079996913671,57.06448599812575,879.3388239973865,37.826382998900954,1.2528420011221897,10.61640622699997,10.540120515997842,10.62953128600202,10.68759896299889
"[14, 11, 4, 3]",16,4,4,512,2451,2091,6627,8521,1791,1646,4530,5815,66312.1796875,ok,3272.194091796875,2443.514892578125,3224.5810546875,3271.67822265625,63039.985595703125,63868.547607421875,63087.1923828125,63049.61083984375,12.53339899983257,17.28139198711142,11.611032995861024,8.70993649889715,56.105913001374574,846.8170140004077,51.47517400109791,1.2896320004074369,10.572758070000418,10.554827058000228,10.817678363997402,10.861528575998818
"[14, 11, 4, 3]",16,2,8,512,2411,2157,6717,8695,1869,1726,4846,6270,96380.8828125,ok,3295.626220703125,2455.72705078125,3248.404541015625,3295.045166015625,93085.25659179688,93925.06982421875,93132.14233398438,93095.02514648438,12.336539240321144,16.0614247599151,10.749289493774995,8.091442998498678,51.350142995943315,857.6860779976414,51.047076001850655,1.779214999260148,10.552357346001372,10.504459809002583,10.672494779999397,10.770928308000293
"[14, 11, 4, 3]",32,16,2,512,3193,2693,8009,10445,2057,1864,4992,6493,65167.875,ok,3322.916748046875,2413.22802734375,3261.73291015625,3321.5771484375,61844.958251953125,62752.02587890625,61905.30224609375,61862.2353515625,17.123930017463863,24.282840006053448,16.619808002375066,12.556333999149501,76.9052659998124,938.042490004591,67.8168470003584,2.028021997830365,10.53620760999911,10.601275778000854,10.743572870000207,10.83599221500117
"[14, 11, 4, 3]",32,8,4,512,3151,2593,8707,11003,2070,1851,5336,6794,72630.546875,ok,3314.790283203125,2469.9853515625,3227.58447265625,3314.9921875,69315.75659179688,70160.6083984375,69403.24365234375,69327.28125,13.99976649414748,19.58612951543182,13.28965049283579,9.967753002885729,66.90218999938224,865.1389740007289,91.58737600228051,1.2568819984153379,10.548487419000594,10.529753016999166,10.717740258998674,10.87469685799806
"[14, 11, 4, 3]",32,4,8,512,3111,2571,8567,11041,2133,1904,5538,7191,102091.2578125,ok,3293.688720703125,2481.0107421875,3205.367919921875,3293.01220703125,98797.56909179688,99609.5205078125,98885.56176757812,98807.12841796875,12.604492746759206,17.259482241468504,11.613466502632946,8.73157649114728,56.805247000738746,830.5658210010733,92.10155400069198,2.29262700304389,10.545832502000849,10.568307826000819,10.665861004999897,10.772857281001052
"[14, 11, 4, 3]",32,2,16,512,3323,2653,8723,11297,2361,2041,6076,7885,162701.28125,ok,3456.70556640625,2625.857421875,3365.99755859375,3456.32666015625,159244.57568359375,160074.361328125,159335.43994140625,159253.26708984375,12.1990492438199,16.070251995930448,10.747472625109367,8.091368499735836,51.527364004869014,846.2120130025141,95.04540499983705,1.4044149975234177,10.575521028000367,10.56061401199986,10.679661521000526,10.678584843000863
"[14, 11, 4, 3]",64,32,2,512,4113,3475,9971,13187,2387,2148,5770,7451,,OOM_rank1,,,,,,,,,,,,,0.0,0.0,0.0,0.0,,,,
"[14, 11, 4, 3]",64,16,4,512,4013,3255,9969,14245,2403,2088,6101,7964,,OOM_rank1,,,,,,,,,,,,,0.0,0.0,0.0,0.0,,,,
"[14, 11, 4, 3]",64,8,8,512,3751,3033,9967,13103,2317,2028,5912,7623,,OOM_rank1,,,,,,,,,,,,,0.0,0.0,0.0,0.0,,,,
"[14, 11, 4, 3]",64,4,16,512,3811,2993,9967,12881,2459,2112,6285,8110,,OOM_rank1,,,,,,,,,,,,,0.0,0.0,0.0,0.0,,,,
"[14, 11, 4, 3]",64,2,32,512,4067,3305,9977,13765,2821,2428,7178,9366,,OOM_rank1,,,,,,,,,,,,,0.0,0.0,0.0,0.0,,,,
"[14, 11, 5, 2]",8,4,2,512,2551,1693,5407,7141,1963,1196,3956,5119,47896.79296875,ok,3219.760009765625,2394.281005859375,3205.3525390625,3218.867919921875,44677.032958984375,45502.164306640625,44691.0029296875,44682.612548828125,12.60388499032706,17.324225981719792,14.423299010843039,5.886688005644828,48.15111000061734,845.3594459970191,17.389066000760067,1.2967119982931763,10.56727858099839,10.596355001001939,10.763983495999128,10.647628530001384
"[14, 11, 5, 2]",8,2,4,512,2543,1693,5605,7201,2022,1213,4173,5371,61733.94140625,ok,3229.350830078125,2408.1142578125,3214.488525390625,3228.43701171875,58504.590576171875,59325.3505859375,58518.808349609375,58509.49658203125,11.95886250352487,16.085567992180586,13.345641001593322,5.461278500035405,51.712300002691336,839.3021630035946,17.547280000144383,5.505347999132937,10.580172983998636,10.581274632000714,10.706012108999857,10.71165393100091
"[14, 11, 5, 2]",16,8,2,512,2991,1693,6267,8203,2103,1265,4270,5482,51530.78125,ok,3268.7646484375,2425.152587890625,3250.28955078125,3268.428466796875,48262.0166015625,49105.292724609375,48280.35107421875,48268.895751953125,14.021908008493483,19.592449996620417,16.5528820194304,6.734910996165127,60.77476800055592,867.2779569969862,22.140256998682162,1.749963001202559,10.60747381100009,10.552470377002464,10.665136660998542,10.662556616000074
"[14, 11, 5, 2]",16,4,4,512,2971,1693,6627,8561,2165,1281,4516,5811,65151.94140625,ok,3219.59423828125,2419.3505859375,3191.677001953125,3219.216064453125,61932.34716796875,62732.2548828125,61959.963623046875,61937.951904296875,12.612782992888242,17.2592134908773,14.42403049627319,5.888480002991855,58.26408200300648,821.0256339989428,30.914498998754425,1.1542190004547592,10.582620405999478,10.551906424003391,10.699047733000043,10.696537018997333
"[14, 11, 5, 2]",16,2,8,512,3087,1693,6717,8695,2326,1328,4860,6279,95186.5546875,ok,3275.81494140625,2489.80078125,3254.213623046875,3275.233642578125,91910.73974609375,92696.30078125,91932.08325195312,91915.46948242188,12.28700674767606,16.05383424530737,13.380487234098837,5.460779500193894,52.653359998657834,804.2885690010735,24.778685001365375,1.3538849998440128,10.552195615000528,10.627384942999925,10.755290313998557,10.74842673799867
"[14, 11, 5, 2]",32,16,2,512,3873,2055,8009,10445,2491,1428,5038,6504,65372.03125,ok,3341.613037109375,2432.61962890625,3298.55078125,3340.63916015625,62030.418212890625,62935.93505859375,62072.35546875,62034.37255859375,17.335235989652574,24.330423006787896,20.73959500901401,8.50344899436459,76.42283700261032,936.9799199957924,48.20063599618152,3.42326600002707,11.285448362999887,10.872826907001581,10.676755460001004,10.731244606999098
"[14, 11, 5, 2]",32,8,4,512,3831,1931,8707,11003,2476,1407,5319,6758,74050.25,ok,3426.241455078125,2540.537841796875,3368.06103515625,3425.28125,70624.00854492188,71509.06372070312,70681.72802734375,70630.75,14.776977502275258,19.58677051216364,16.532845007721335,6.763261505635455,70.34603299689479,909.9257950038009,61.43738499667961,1.3801259992760606,10.633501381002134,10.585295324999606,10.765177517001575,10.717075425000075
"[14, 11, 5, 2]",32,4,8,512,4011,1871,8527,11121,2609,1413,5408,6950,104554.0703125,ok,3613.318115234375,2823.592041015625,3563.881591796875,3612.63623046875,100940.75219726562,101730.29858398438,100989.97778320312,100945.87158203125,14.549911253387108,17.28864048491232,14.475656748283654,5.918414250249043,59.46427899834816,811.6420109981846,53.16339199998765,1.262902998860227,12.189375677000498,12.268440594001731,12.30855804300154,12.413584895002714
"[14, 11, 5, 2]",32,2,16,512,4135,1901,8723,11297,2845,1519,5940,7668,164215.671875,ok,3730.016357421875,2963.673095703125,3673.638916015625,3727.7470703125,160485.65551757812,161251.67065429688,160541.59545898438,160490.1904296875,13.861302629928105,16.080792995519005,13.418678621179424,5.4825356276123784,53.94507999881171,785.8497849993,59.85738799790852,1.276193004741799,11.926450022998324,12.221953158998076,12.094290240998816,12.646121081001183
"[14, 11, 5, 2]",64,32,2,512,4853,2415,9971,13187,2797,1584,5574,7185,,OOM_rank1,,,,,,,,,,,,,0.0,0.0,0.0,0.0,,,,
"[14, 11, 5, 2]",64,16,4,512,4853,2415,9969,14245,2894,1577,6118,7943,,OOM_rank1,,,,,,,,,,,,,0.0,0.0,0.0,0.0,,,,
"[14, 11, 5, 2]",64,8,8,512,4851,2193,9967,13103,2905,1523,5943,7665,,OOM_rank1,,,,,,,,,,,,,0.0,0.0,0.0,0.0,,,,
"[14, 11, 5, 2]",64,4,16,512,4771,2153,9967,13021,3024,1575,6283,8115,,OOM_rank1,,,,,,,,,,,,,0.0,0.0,0.0,0.0,,,,
"[14, 11, 5, 2]",64,2,32,512,4851,2321,9977,13765,3432,1787,7169,9360,,OOM_rank1,,,,,,,,,,,,,0.0,0.0,0.0,0.0,,,,
"[14, 12, 3, 3]",8,4,2,512,1651,2073,5867,7101,1290,1551,4294,5158,49992.41796875,ok,3228.601318359375,2403.800048828125,3213.77490234375,3228.001953125,46763.816650390625,47588.176513671875,46778.10400390625,46776.017578125,12.597202006727457,18.877015005797148,8.751355990301818,8.685702005401254,46.319932996993884,839.2149360042822,18.721830001595663,1.5798299973539542,10.560131896996609,10.554771131999587,10.630002111000067,10.670039953001833
"[14, 12, 3, 3]",8,2,4,512,1605,2073,6133,7201,1310,1581,4550,5427,65898.328125,ok,3236.56298828125,2408.90478515625,3213.465576171875,3235.66015625,62661.76513671875,63488.82177734375,62684.464111328125,62672.83984375,12.005206504836679,17.5644209953025,8.097407498164102,8.06907100090757,51.18435400072485,841.1235869971279,26.933123997878283,1.3107119957567193,10.598956711000938,10.617190106997441,10.674293860000034,10.677152621999994
"[14, 12, 3, 3]",16,8,2,512,1911,2131,6807,8203,1362,1622,4613,5536,53984.98828125,ok,3274.121337890625,2430.97802734375,3242.028076171875,3273.236083984375,50710.866943359375,51553.08447265625,50742.007080078125,50725.631103515625,14.023782001808286,21.39317798987031,10.00837098620832,9.932513015344739,54.868636001629056,858.7324459986121,35.36056800294318,1.4127760005067103,10.666594428003009,10.581359689000237,10.643714174002525,10.67450230599934
"[14, 12, 3, 3]",16,4,4,512,1891,2091,7087,8521,1408,1653,4889,5859,69111.2890625,ok,3222.16552734375,2383.783935546875,3177.462890625,3221.20751953125,65889.12353515625,66727.27075195312,65933.396484375,65901.82373046875,12.527337508276105,18.815057994797826,8.74654900166206,8.705456001451239,56.57269999937853,853.4303029991861,48.43083499872591,1.2634200029424392,10.63335486300275,10.60332832000131,10.736224202999438,10.779689443999814
"[14, 12, 3, 3]",16,2,8,512,1853,2157,7273,8695,1460,1738,5263,6322,101734.671875,ok,3320.328125,2465.013671875,3281.31591796875,3320.3515625,98414.34375,99269.791015625,98453.31689453125,98425.65625,12.095931995660067,17.508988487999886,8.110044502769597,8.084963245433755,51.44773200299824,869.5448680009576,42.49214599985862,1.8845680024242029,10.542658238999138,10.552309660000901,10.62082177800039,10.765554821002297
"[14, 12, 3, 3]",32,16,2,512,2453,2693,8689,10445,1609,1873,5406,6487,66872.6875,ok,3315.770263671875,2427.283447265625,3253.864501953125,3315.29541015625,63556.917236328125,64441.943115234375,63618.346435546875,63577.61865234375,17.120435994118452,26.4853930529207,12.504829003475606,12.59126599226147,77.03237299938337,908.0235039982654,68.23618299677037,1.4123849978204817,10.643849669999327,10.694190832997265,10.817315710999537,10.766903877000004
"[14, 12, 3, 3]",32,8,4,512,2451,2593,9267,11003,1622,1852,5732,6835,75825.953125,ok,3317.392333984375,2449.364013671875,3232.625732421875,3317.146728515625,72508.56079101562,73376.50317382812,72592.88208007812,72523.19702148438,14.00695350440219,21.322903006337583,10.00909700570628,9.977149502839893,67.39070099865785,885.8775890003017,89.17135699812206,1.6705710004316643,10.538000001997716,10.596758817999216,10.675703398999758,10.679121424000186
"[14, 12, 3, 3]",32,4,8,512,2391,2571,9247,11081,1673,1906,6024,7233,107853.15625,ok,3323.851806640625,2483.3525390625,3234.98193359375,3322.828857421875,104529.30444335938,105368.1943359375,104616.96337890625,104540.81176757812,12.560625498881564,18.80687523819506,8.74766325764358,8.732224744162522,57.84800200126483,854.3073739965621,92.66893499807338,1.1924800019187387,10.653540030998556,10.68017502099974,10.787242916998366,10.79032502499831
"[14, 12, 3, 3]",32,2,16,512,2571,2653,9515,11297,1850,2059,6653,7975,173767.609375,ok,3398.65185546875,2522.55224609375,3309.540283203125,3398.360107421875,170368.95751953125,171245.46337890625,170457.72534179688,170380.04614257812,12.105925998534076,17.49639924708754,8.103855750290677,8.097190124564804,52.89561800236697,890.9719860021141,92.93863099810551,1.318334001553012,10.590579652998713,10.64967105499818,10.628451853001025,10.709989729999506
"[14, 12, 3, 3]",64,32,2,512,2893,3115,9971,12127,1701,1992,5701,6829,,OOM_rank1,,,,,,,,,,,,,0.0,0.0,0.0,0.0,,,,
"[14, 12, 3, 3]",64,16,4,512,2833,2955,9969,12865,1724,1948,5964,7186,,OOM_rank1,,,,,,,,,,,,,0.0,0.0,0.0,0.0,,,,
"[14, 12, 3, 3]",64,8,8,512,2651,2793,9967,11943,1670,1905,5914,7064,,OOM_rank1,,,,,,,,,,,,,0.0,0.0,0.0,0.0,,,,
"[14, 12, 3, 3]",64,4,16,512,2671,2833,9967,12001,1792,2029,6374,7615,,OOM_rank1,,,,,,,,,,,,,0.0,0.0,0.0,0.0,,,,
"[14, 12, 3, 3]",64,2,32,512,2883,3125,9977,12785,2062,2325,7320,8864,,OOM_rank1,,,,,,,,,,,,,0.0,0.0,0.0,0.0,,,,
"[14, 12, 4, 2]",8,4,2,512,2091,1693,5867,7141,1617,1189,4236,5081,47399.6484375,ok,3208.510498046875,2393.365478515625,3197.157470703125,3207.853271484375,44191.137939453125,45005.802490234375,44201.838623046875,44196.767822265625,12.570564989000559,18.902416992932558,11.622855011373758,5.872727998532355,47.83872900225106,832.1090600038588,14.086024999414803,1.7650049994699657,10.577482386001066,10.608416270999442,10.67971518899867,10.698587720999058
"[14, 12, 4, 2]",8,2,4,512,2075,1693,6133,7201,1673,1210,4527,5402,63589.71484375,ok,3220.5517578125,2409.91650390625,3200.400390625,3219.574951171875,60369.1630859375,61179.27099609375,60388.916015625,60374.093017578125,12.022300452925265,17.53899000864476,10.761434995103627,5.439245501533151,53.308095997635974,825.1127750008891,23.12821999657899,1.3006819972360972,10.630962335999357,10.621983481996722,10.648605787999259,10.807295124999655
"[14, 12, 4, 2]",16,8,2,512,2471,1693,6807,8203,1745,1266,4576,5483,51710.68359375,ok,3273.385986328125,2430.969970703125,3249.80419921875,3272.6240234375,48437.297607421875,49279.459716796875,48460.67236328125,48444.3291015625,14.035573999397457,21.382742008194327,13.291643011383712,6.723169994074851,58.859584998572245,862.4840479969862,26.675809000153095,1.1204289985471405,10.62532243700116,10.553822125002625,10.740286765001656,10.768377190001047
"[14, 12, 4, 2]",16,4,4,512,2451,1693,7087,8561,1798,1287,4875,5866,67244.1015625,ok,3244.56640625,2432.689208984375,3212.1865234375,3244.10205078125,63999.53515625,64811.123291015625,64031.6572265625,64005.21044921875,12.7586705009453,18.826705504208803,11.614977503661066,5.885446501197293,60.23092999748769,829.9275819990726,35.12542199678137,1.145257003372535,10.64342335100082,10.519861933000357,10.69042368999726,10.783746377997886
"[14, 12, 4, 2]",16,2,8,512,2411,1693,7273,8695,1879,1329,5268,6319,100385.6328125,ok,3259.4267578125,2458.99267578125,3234.74951171875,3259.113037109375,97126.2060546875,97925.96044921875,97150.74267578125,97131.17602539062,12.2076622529421,17.54737350391224,10.754421000368893,5.555377748329192,53.23525600033463,815.8378289990651,27.747675998398336,1.2059100045007654,10.628878196999722,10.707364642999892,10.677456823999819,10.825482033000299
"[14, 12, 4, 2]",32,16,2,512,3193,2055,8689,10445,2054,1422,5402,6478,63869.84765625,ok,3304.94970703125,2434.94921875,3264.257080078125,3304.368408203125,60564.89794921875,61434.40625,60605.367919921875,60573.604248046875,17.135508000850677,26.495173005387187,16.627675988711417,8.476386999245733,86.97118099735235,898.9036910024879,42.44386400023359,6.098372003179975,10.549021582999558,10.623772398001165,10.701281431000098,10.752111224002874
"[14, 12, 4, 2]",32,8,4,512,3151,1931,9267,11003,2067,1414,5699,6787,73527.2265625,ok,3294.478271484375,2477.27197265625,3240.3037109375,3293.64208984375,70232.74829101562,71049.86083984375,70286.0791015625,70239.71728515625,14.022846502717584,21.355634990148246,13.288050496485084,6.722601002082229,70.23340800151345,837.4779510013468,56.869655003538355,1.2503600009949878,10.591611624000507,10.559354943998187,10.652852717001224,10.723983539999608
"[14, 12, 4, 2]",32,4,8,512,3111,1871,9247,11081,2147,1442,6020,7226,105467.3828125,ok,3290.186767578125,2528.53857421875,3218.522216796875,3289.52734375,102177.19604492188,102938.89892578125,102248.32153320312,102182.79296875,12.539909752085805,18.806963226292282,11.611567244865,5.886947752442211,59.154041002329905,779.4441860023653,74.52878799813334,1.5040879989101086,10.57203777900213,10.649654042001202,10.736032415999944,10.7656851799984
"[14, 12, 4, 2]",32,2,16,512,3323,1901,9515,11299,2377,1548,6636,7960,171769.328125,ok,3357.192138671875,2577.4765625,3297.099853515625,3352.275146484375,168412.13598632812,169187.5078125,168471.25952148438,168417.20922851562,12.170435874839313,17.50903950398788,10.753945991047658,5.454875375202391,53.71158499838202,791.7864250011917,62.3244610032998,1.2326100040809251,10.71372854800211,10.653939331001311,10.740375802000926,10.817350002002058
"[14, 12, 4, 2]",64,32,2,512,3773,2315,9971,12127,2154,1515,5635,6746,,OOM_rank1,,,,,,,,,,,,,0.0,0.0,0.0,0.0,,,,
"[14, 12, 4, 2]",64,16,4,512,3653,2195,9969,12865,2185,1477,5922,7129,,OOM_rank1,,,,,,,,,,,,,0.0,0.0,0.0,0.0,,,,
"[14, 12, 4, 2]",64,8,8,512,3431,2033,9967,11943,2140,1434,5825,7018,,OOM_rank1,,,,,,,,,,,,,0.0,0.0,0.0,0.0,,,,
"[14, 12, 4, 2]",64,4,16,512,3511,2033,9967,11941,2313,1516,6355,7588,,OOM_rank1,,,,,,,,,,,,,0.0,0.0,0.0,0.0,,,,
"[14, 12, 4, 2]",64,2,32,512,3787,2241,9977,12785,2682,1727,7335,8882,,OOM_rank1,,,,,,,,,,,,,0.0,0.0,0.0,0.0,,,,
"[14, 12, 5, 1]",8,4,2,512,2551,1293,5867,7101,1969,832,4261,5121,47802.82421875,ok,3205.13427734375,2394.125244140625,3198.89208984375,3204.694580078125,44597.68994140625,45409.316162109375,44603.38916015625,44600.981201171875,12.634670002385974,18.877082996070385,14.439881986938417,3.0306290006265044,49.87658800018835,830.9766200000013,8.038981999561656,4.282067999156425,10.624856962997,10.582353939000313,10.727666316000978,10.583767504998832
"[14, 12, 5, 1]",8,2,4,512,2543,1293,6133,7201,2031,841,4524,5402,63595.55859375,ok,3232.34814453125,2430.521240234375,3224.56884765625,3230.643798828125,60363.21044921875,61162.142822265625,60370.41552734375,60364.332763671875,12.145059995353222,17.535604989156127,13.379009502008557,2.825650501064956,57.59791199670872,819.4383020017995,11.178419001225848,4.859790999034885,10.667673913998442,10.607636112999899,10.805485764998593,10.657174271997064
"[14, 12, 5, 1]",16,8,2,512,2991,1293,6807,8203,2109,872,4583,5495,51725.3515625,ok,3293.41748046875,2449.14990234375,3280.001953125,3292.902587890625,48431.93408203125,49275.71337890625,48444.958984375,48435.980224609375,14.050546007230878,21.390830013900995,16.56990198791027,3.446364998584613,61.738995002087904,866.896290997829,15.475078002054943,1.0852380037249532,10.619528770002944,10.599049238000589,10.756215011999302,10.7348697669986
"[14, 12, 5, 1]",16,4,4,512,2971,1293,7087,8561,2157,862,4829,5804,66931.109375,ok,3257.60400390625,2466.828369140625,3241.64306640625,3256.94140625,63673.50537109375,64463.773193359375,63685.59130859375,63677.01953125,12.618824993725866,18.845773527398705,14.45772200031206,3.028488004114479,60.739581000234466,809.728479001933,14.424950997636188,1.9815600026049651,10.860235062998981,10.68974630700177,10.86886610199872,10.778398916001606
"[14, 12, 5, 1]",16,2,8,512,3085,1293,7273,8695,2341,894,5277,6330,99462.1640625,ok,3242.8974609375,2500.739013671875,3220.75146484375,3242.17822265625,96219.2666015625,96961.21411132812,96241.73291015625,96222.28271484375,12.269111001631245,17.512763272039592,13.387104238849133,2.8098095004679635,55.55006100257742,760.0928940009908,24.33021900287713,1.2215520000609104,10.635292153001501,10.660539986998629,10.76018700199711,10.731539573000191
"[14, 12, 5, 1]",32,16,2,512,3873,1293,8689,10445,2488,982,5418,6450,63830.5390625,ok,3300.39404296875,2446.201904296875,3278.462890625,3299.7275390625,60530.14501953125,61379.829345703125,60550.685546875,60530.5302734375,17.138544995337725,26.482205025851727,20.71819299738854,4.328400002326816,88.52855199802434,884.9538039976323,26.22152299954905,2.5980749960581306,10.706151569000212,10.621364550999715,10.698094368999591,10.792688449000707
"[14, 12, 5, 1]",32,8,4,512,3831,1293,9267,11003,2517,966,5722,6818,73442.921875,ok,3279.572021484375,2512.00830078125,3256.309814453125,3279.06640625,70163.34985351562,70930.70263671875,70186.15893554688,70167.42578125,13.991737995296717,21.341171973384917,16.559774509165436,3.4534079987788573,73.30627199917217,791.2886670019361,25.350300998979947,1.3691330022993498,10.6173961530003,10.552555952002876,10.733035695997387,10.787454040000739
"[14, 12, 5, 1]",32,4,8,512,4011,1293,9247,11081,2698,961,6035,7237,105429.8828125,ok,3269.130126953125,2561.648681640625,3255.414794921875,3268.11669921875,102160.75268554688,102868.26538085938,102173.98364257812,102164.21923828125,12.540592746110633,18.80996899679303,14.473090248880908,3.023689749883488,60.98215499878279,727.3085470005753,15.617868000845192,1.2652910008910112,10.660952366000856,10.597076067999296,10.767741749998095,10.752075289998174
"[14, 12, 5, 1]",32,2,16,512,4135,1293,9515,11299,2928,1004,6649,7971,171845.203125,ok,3308.00634765625,2640.07177734375,3297.880126953125,3306.6015625,168537.19677734375,169204.10009765625,168543.77612304688,168540.7421875,12.181742000975646,17.54058688459918,13.38386912678834,2.8196478735480923,56.027397000434576,685.5687879979087,11.768111999117536,4.617994000000181,10.71633300999747,10.66191544799949,10.780767653999646,10.791141251000226
"[14, 12, 5, 1]",64,32,2,512,4553,1655,9971,12127,2630,1066,5654,6765,,OOM_rank1,,,,,,,,,,,,,0.0,0.0,0.0,0.0,,,,
"[14, 12, 5, 1]",64,16,4,512,4433,1373,9969,12865,2652,1006,5897,7159,,OOM_rank1,,,,,,,,,,,,,0.0,0.0,0.0,0.0,,,,
"[14, 12, 5, 1]",64,8,8,512,4431,1313,9967,11943,2674,971,5892,7036,,OOM_rank1,,,,,,,,,,,,,0.0,0.0,0.0,0.0,,,,
"[14, 12, 5, 1]",64,4,16,512,4371,1293,9967,12001,2838,980,6331,7614,,OOM_rank1,,,,,,,,,,,,,0.0,0.0,0.0,0.0,,,,
"[14, 12, 5, 1]",64,2,32,512,4651,1355,9977,12785,3275,1084,7296,8861,,OOM_rank1,,,,,,,,,,,,,0.0,0.0,0.0,0.0,,,,
"[15, 7, 5, 5]",8,4,2,512,2551,2833,3567,7601,1984,2233,2756,5471,50603.62890625,ok,3260.788818359375,2397.549560546875,3228.908447265625,3259.628173828125,47342.840087890625,48205.059814453125,47374.146240234375,47357.231201171875,13.494252998381853,11.051732001826167,14.399272012524307,14.399686995893717,46.54448099608999,890.6978560044081,37.16405800514622,1.3099019997753203,10.501293850997172,10.76342518999445,10.700351547995524,10.814326068997616
"[15, 7, 5, 5]",8,2,4,512,2541,2833,3573,7689,2041,2297,2841,5759,69405.109375,ok,3326.393310546875,2446.602294921875,3279.035400390625,3326.654296875,66078.71606445312,66958.36645507812,66126.25366210938,66097.587890625,13.03437749762088,10.349208482541144,13.308671496342868,13.293220010120422,49.72365900903242,913.8388500068686,53.47116400662344,1.5249279967974871,10.713552287001221,10.788211487000808,10.798732951996499,10.83542193500034
"[15, 7, 5, 5]",16,8,2,512,2991,3211,4107,8743,2111,2341,2907,5822,54315.91015625,ok,3360.2548828125,2434.279541015625,3310.939208984375,3356.607421875,50955.6552734375,51881.200927734375,51004.263916015625,50973.244140625,15.022181000560522,12.543297991156578,16.500223008915782,16.495557002723217,54.59869100013748,956.5269960003207,54.61672099772841,1.1730389960575849,10.574593477002054,10.822962282996741,10.803421526004968,10.946142542001326
"[15, 7, 5, 5]",16,4,4,512,2971,3171,4107,9161,2184,2421,3021,6227,71989.7109375,ok,3320.645751953125,2445.9130859375,3249.567626953125,3319.891845703125,68669.06518554688,69543.3837890625,68740.01831054688,68688.63940429688,13.61908000195399,11.099802500102669,14.375655501615256,14.358237504959106,57.23183699592482,912.9681199992774,76.89320400095312,1.2893819948658347,10.485724113001197,10.68730956500076,10.65057110899943,10.717242061000434
"[15, 7, 5, 5]",16,2,8,512,3087,3229,4393,9311,2327,2563,3271,6680,100482.8359375,ok,3329.965087890625,2467.609619140625,3238.405029296875,3329.5087890625,97152.87084960938,98014.14819335938,97242.80590820312,97169.7021484375,13.228900749003515,10.39701874833554,13.329688503174111,13.266830743290484,53.26719600270735,894.0503810008522,98.22678699856624,1.259372009371873,10.821859066003526,11.044603515001654,10.972447696003655,11.034648895998544
"[15, 7, 5, 5]",32,16,2,512,3873,4013,5249,11105,2499,2722,3413,6908,69736.125,ok,3428.5341796875,2408.009765625,3327.94482421875,3428.022705078125,66307.5908203125,67326.654296875,66406.56298828125,66330.46948242188,18.572188987396657,15.603134997189045,20.698026017285883,20.6990649914369,72.00726900191512,1067.7159879924147,102.52602500258945,2.5411120004719123,10.827571428999363,10.88306881099561,11.038422530000389,11.117708786005096
"[15, 7, 5, 5]",32,8,4,512,3831,3973,5227,11923,2504,2736,3466,7295,79032.8984375,ok,3458.60498046875,2535.3583984375,3311.5146484375,3457.827880859375,75574.29345703125,76496.5556640625,75721.2900390625,75597.80493164062,15.405324003659189,12.582643002271652,16.47640250902623,16.46644748141989,67.61780999659095,967.3594110063277,152.98148300644243,1.33469400316244,10.793184002999624,10.973589619003178,11.048314175000996,11.040143431004253
"[15, 7, 5, 5]",32,4,8,512,4011,3911,5567,11721,2666,2820,3705,7602,106513.0546875,ok,3434.0146484375,2548.114501953125,3284.7216796875,3431.739013671875,103079.0400390625,103964.94799804688,103228.0439453125,103102.83129882812,13.896104996558279,11.187402251875028,14.36287625040859,14.35681825154461,63.68523099808954,925.4520330068772,156.84735800459748,1.2222709992784075,10.692179770005168,10.89588343899959,11.169626625000092,11.277468459004012
"[15, 7, 5, 5]",32,2,16,512,4135,4117,5735,11989,2887,3090,4007,8336,162575.328125,ok,3556.982666015625,2655.12548828125,3461.72314453125,3557.46044921875,159018.34545898438,159919.29638671875,159113.49560546875,159054.97705078125,13.387458128388971,10.398458617390133,13.346663376316428,13.276528245885856,49.131246996694244,935.1561650037183,101.07533399423119,1.3452020066324621,10.733663145998435,10.830782812001416,10.97823484500259,11.045926926002721
"[15, 7, 5, 5]",64,32,2,512,4773,4855,6411,13407,2795,3145,3790,7619,,OOM_rank3,,,,,,,,,,,,,0.0,0.0,0.0,0.0,,,,
"[15, 7, 5, 5]",64,16,4,512,4853,4855,6589,15285,2925,3117,3993,8618,,OOM_rank3,,,,,,,,,,,,,0.0,0.0,0.0,0.0,,,,
"[15, 7, 5, 5]",64,8,8,512,4851,4853,7107,14743,3013,3135,4153,8484,,OOM_rank3,,,,,,,,,,,,,0.0,0.0,0.0,0.0,,,,
"[15, 7, 5, 5]",64,4,16,512,4851,4733,6647,14081,3045,3229,4240,8707,,OOM_rank2,,,,,,,,,,,,,0.0,0.0,0.0,0.0,,,,
"[15, 7, 5, 5]",64,2,32,512,4851,4863,6973,14709,3399,3610,4747,9846,,OOM_rank3,,,,,,,,,,,,,0.0,0.0,0.0,0.0,,,,
"[15, 8, 5, 4]",8,4,2,512,2551,2453,4007,7621,1980,1902,3062,5465,49287.00390625,ok,3242.6865234375,2398.40673828125,3217.291259765625,3242.077880859375,46044.3173828125,46888.33154296875,46069.388427734375,46054.738525390625,13.548333005979657,12.618730006739497,14.406367002986372,11.610951002687216,46.97499499889091,870.3274129948113,30.330378001963254,1.2811819979106076,11.435147547999804,10.693792982994637,10.658220963996428,10.79095788399718
"[15, 8, 5, 4]",8,2,4,512,2541,2453,4041,7689,2034,1952,3164,5707,65263.97265625,ok,3287.677978515625,2451.57080078125,3249.44189453125,3287.020751953125,61976.294677734375,62811.89013671875,62014.09716796875,61985.100341796875,13.263270491734147,11.842778993304819,13.313323005102575,10.655915005132556,49.40828600228997,867.7232150002965,42.75688000052469,1.3116330010234378,10.563554095002473,10.771129397995537,10.768823711994628,10.813602630994865
"[15, 8, 5, 4]",16,8,2,512,2991,2671,4647,8743,2125,2018,3276,5853,53342.66796875,ok,3303.886962890625,2428.99853515625,3265.068115234375,3303.26220703125,50038.781005859375,50913.14208984375,50077.181884765625,50049.05810546875,15.205734986811876,14.30602201167494,16.515632977709174,13.291062004864216,58.42072299856227,906.1975119984709,46.75613099971088,1.233230002981145,10.589458631002344,10.84017960500205,10.81828137699631,10.911875689002045
"[15, 8, 5, 4]",16,4,4,512,2971,2631,4647,9181,2168,2040,3369,6171,69104.609375,ok,3414.296630859375,2530.37060546875,3359.853515625,3413.642578125,65690.31274414062,66573.56689453125,65744.287109375,65700.185546875,14.13514900347218,12.709044504910707,14.383676005993038,11.53715199790895,56.51590500201564,919.1835470046499,59.4547600048827,1.2193190050311387,10.663782566996815,11.063696050994622,11.031979626997781,11.067170536996855
"[15, 8, 5, 4]",16,2,8,512,3087,2673,4949,9311,2322,2152,3660,6662,97138.625,ok,3358.70263671875,2509.39599609375,3309.7451171875,3356.17578125,93779.92236328125,94625.33837890625,93828.1689453125,93788.98828125,13.90383875113912,11.922312506707385,13.348410498118028,10.71466400148347,48.72930100100348,876.7031050010701,53.241595000145026,1.2220320058986545,10.645257212003344,10.748173350002617,11.011396579997381,10.937335615999473
"[15, 8, 5, 4]",32,16,2,512,3873,3353,5929,11105,2489,2296,3778,6883,67782.75,ok,3423.091796875,2427.621337890625,3343.122314453125,3421.630615234375,64359.658203125,65353.113037109375,64439.143310546875,64375.767822265625,18.598616989329457,17.74577002134174,20.68345599155873,16.622856991365552,73.59214199095732,1038.0340619958588,84.48396399035119,3.829526001936756,10.723690817001625,10.922348421998322,10.875177560003067,10.93770098600362
"[15, 8, 5, 4]",32,8,4,512,3831,3231,5927,11923,2492,2275,3859,7199,74053.2578125,ok,3474.62255859375,2573.793212890625,3356.297119140625,3474.27880859375,70578.63525390625,71479.07397460938,70696.92944335938,70591.40087890625,15.317198001313955,14.328038504812866,16.479238003026694,13.265439993236214,65.14832899847534,939.4265039954917,124.35212400305318,1.2147300003562123,10.70847832599975,10.987744949001353,11.015375611001218,10.865529759998026
"[15, 8, 5, 4]",32,4,8,512,4011,3231,6307,11721,2643,2314,4111,7482,99532.7890625,ok,3438.1640625,2581.48046875,3307.96337890625,3437.48388671875,96094.625,96950.25390625,96222.98193359375,96104.83642578125,14.085377495037392,12.724902997724712,14.371245746035129,11.577407509787008,65.82763799815439,893.1216050041257,133.70249699801207,2.2005560022080317,10.848720574998879,10.983703666002839,11.040399013996648,11.096453827005462
"[15, 8, 5, 4]",32,2,16,512,4135,3385,6487,11989,2861,2542,4491,8237,155135.5625,ok,3514.35986328125,2694.5546875,3418.420166015625,3514.278076171875,151621.20263671875,152440.6796875,151716.78295898438,151629.17504882812,13.64958999271039,11.903361123753712,13.340670370613225,10.739131622365676,51.815159000398125,853.4595840028487,101.52077099337475,1.265831000637263,10.943449157006398,11.054308391998347,10.95870460900187,11.122552469998482
"[15, 8, 5, 4]",64,32,2,512,4853,4695,7651,14167,2917,2829,4452,8067,,OOM_rank2,,,,,,,,,,,,,0.0,0.0,0.0,0.0,,,,
"[15, 8, 5, 4]",64,16,4,512,4853,4133,7729,15845,2981,2657,4596,8774,,OOM_rank2,,,,,,,,,,,,,0.0,0.0,0.0,0.0,,,,
"[15, 8, 5, 4]",64,8,8,512,4851,4073,8327,15183,3049,2657,4782,8724,,OOM_rank2,,,,,,,,,,,,,0.0,0.0,0.0,0.0,,,,
"[15, 8, 5, 4]",64,4,16,512,4851,3893,7667,14121,3021,2665,4734,8606,,OOM_rank2,,,,,,,,,,,,,0.0,0.0,0.0,0.0,,,,
"[15, 8, 5, 4]",64,2,32,512,4861,4329,8237,15249,3467,3081,5512,10103,,OOM_rank2,,,,,,,,,,,,,0.0,0.0,0.0,0.0,,,,
"[15, 9, 4, 4]",8,4,2,512,2091,2453,4487,7601,1636,1897,3377,5454,51179.7265625,ok,3296.522216796875,2436.315185546875,3270.52392578125,3295.815185546875,47883.204345703125,48743.114501953125,47909.06982421875,47897.325439453125,14.19913101196289,14.255979992449284,11.558510011062026,11.555198010057211,44.52874499838799,880.4791889997432,32.59744599199621,1.3286829926073551,10.765242501001921,10.975703297001019,11.05586308400234,11.085718871996505
"[15, 9, 4, 4]",8,2,4,512,2075,2453,4651,7689,1665,1941,3516,5669,64236.66015625,ok,3235.9404296875,2402.282470703125,3197.8095703125,3235.46484375,61000.7197265625,61834.483154296875,61038.5107421875,61017.3125,13.024886496830732,13.215109503362328,10.684014504309744,10.642498496454209,40.31707900139736,853.7650009966455,42.96093499579001,1.2838340044254437,10.575007707993791,10.69941861100233,10.882842873004847,11.09112901599292
"[15, 9, 4, 4]",16,8,2,512,2471,2671,5207,8743,1760,2010,3628,5847,53231.66796875,ok,3335.966796875,2424.350830078125,3286.074462890625,3335.712890625,49895.701171875,50807.125732421875,49945.031005859375,49914.712890625,15.075259996578097,16.057514988817275,13.278461003676057,13.216485010460019,51.56522999459412,933.3859739999752,53.60519199894043,1.2109000017517246,10.504513892999967,10.824456861999352,10.703908313000284,10.792021240005852
"[15, 9, 4, 4]",16,4,4,512,2451,2631,5347,9241,1787,2037,3751,6168,66407.125,ok,3297.71630859375,2442.24609375,3235.673095703125,3297.625244140625,63109.40869140625,63964.85546875,63171.350341796875,63125.788818359375,13.566382444929332,14.165945504326373,11.556677510030568,11.497496997006238,46.7309310042765,874.7468010042212,67.07946000096854,1.1605079998844303,10.6035519710058,10.840640096001152,11.368504360005318,11.452216325000336
"[15, 9, 4, 4]",16,2,8,512,2411,2673,5505,9311,1857,2140,4017,6614,96199.3671875,ok,3391.15625,2509.042724609375,3313.849365234375,3390.424560546875,92808.2109375,93686.71508789062,92883.18188476562,92825.25512695312,13.71186525002122,13.306727747200057,10.745943998685107,10.701519994297996,40.29172900482081,897.3240060004173,80.24139000190189,1.439175997802522,10.732446461006475,10.691659538999374,10.798936936000246,10.84293995799817
"[15, 9, 4, 4]",32,16,2,512,3193,3353,6669,11105,2060,2278,4243,6887,68147.203125,ok,3421.298583984375,2437.108642578125,3343.985595703125,3421.012451171875,64725.904541015625,65709.88354492188,64800.803466796875,64748.737548828125,18.63376399502158,19.94231600407511,16.654195019043982,16.60129800438881,70.87383799080271,1011.9175750005525,79.8996849989635,6.023491005180404,10.68754029700358,11.08837008500268,11.064639921998605,10.8376929760052
"[15, 9, 4, 4]",32,8,4,512,3151,3231,6947,11923,2047,2264,4345,7147,73141.75,ok,3460.8681640625,2533.452880859375,3348.156494140625,3458.3671875,69680.8818359375,70608.00024414062,69793.29663085938,69702.4921875,15.507090505212545,16.05684949271381,13.256022503133863,13.202785498928279,53.156513000431005,956.078733994218,117.54334699799074,1.770343995303847,10.79846765199909,10.71643815599964,10.840822483005468,11.036360268000863
"[15, 9, 4, 4]",32,4,8,512,3111,3231,7007,11761,2103,2325,4531,7464,98663.9140625,ok,3425.3046875,2543.0537109375,3293.855712890625,3424.364990234375,95238.609375,96120.0791015625,95365.65991210938,95257.25219726562,14.076339750317857,14.219904005061835,11.602804995840415,11.547885498963296,44.25855199951911,900.5359420116292,132.15782299812417,1.4153350057313219,10.675104057998396,10.885158466000576,11.134142688999418,10.927657610998722
"[15, 9, 4, 4]",32,2,16,512,3323,3385,7199,11989,2324,2537,4981,8227,155003.125,ok,3476.569091796875,2599.53466796875,3373.1767578125,3475.108642578125,151526.55590820312,152403.09033203125,151619.1044921875,151543.53198242188,13.645661371177994,13.319971998222172,10.75641199783422,10.73561112571042,40.716359988437034,896.1757490033051,98.12357300688745,1.3316940021468326,10.719484566994652,10.833651789995201,11.1736039469979,10.938278294001066
"[15, 9, 4, 4]",64,32,2,512,4673,4855,9571,15667,2702,3072,5515,8920,83787.125,ok,3567.750244140625,2410.503173828125,3391.80859375,3567.066162109375,80219.37475585938,81377.87182617188,80394.66796875,80262.33227539062,25.528400979936123,27.387572970241308,23.25827899388969,23.36374898161739,92.52861799177481,1205.2070460049435,178.77180199866416,2.442867997160647,10.608601781998004,10.943946655999753,10.939531645002717,10.999086580006406
"[15, 9, 4, 4]",64,16,4,512,4573,4493,9969,17585,2687,2862,5757,9732,101808.1328125,ok,3554.72802734375,2583.11279296875,3325.340576171875,3553.1533203125,98253.40478515625,99220.89501953125,98477.48754882812,98281.4560546875,18.669015005696565,20.173660011962056,16.824611001182348,16.71747049409896,73.04881099844351,997.7033550021588,232.27143201074796,1.6938219996518455,10.97150203899946,10.820899991995248,10.992208856994694,11.060668181999063
"[15, 9, 4, 4]",64,8,8,512,4471,4493,9967,17123,2656,2822,5787,9559,103094.3828125,ok,3499.5966796875,2608.47509765625,3256.56787109375,3498.39794921875,99594.7861328125,100485.32958984375,99836.97900390625,99614.00048828125,14.94969425490126,16.01046798657626,13.269539998611435,13.239684746135026,59.394338997663,912.0153119947645,246.4430510008242,1.4717770027345978,10.556566451996332,10.731279469000583,10.978007308003725,10.960279865001212
"[15, 9, 4, 4]",64,4,16,512,4671,4453,9967,16621,2867,3001,6128,10131,,OOM_rank1,,,,,,,,,,,,,0.0,0.0,0.0,0.0,,,,
"[15, 9, 4, 4]",64,2,32,512,4847,4829,9981,17469,3195,3385,6845,11359,272424.375,ok,3714.662353515625,2801.850341796875,3619.59619140625,3712.025634765625,268709.7126464844,269622.2434082031,268802.52880859375,268726.7868652344,13.627091437461786,13.339792499260511,10.761589438188821,10.744329560897313,40.203714997915085,932.656898003188,97.46011199604254,1.5119989984668791,10.890863278000324,10.954603133999626,11.055365509004332,10.983459977003804
"[15, 9, 5, 3]",8,4,2,512,2551,2073,4487,7601,1961,1541,3349,5408,51083.09765625,ok,3386.1171875,2540.610595703125,3364.444091796875,3385.259033203125,47696.98046875,48542.100341796875,47718.309814453125,47704.697998046875,14.431068987585604,14.280080010183156,14.427058999426663,8.78793399874121,47.610002002329566,870.0137549967621,25.489698004093952,1.4358660046127625,10.520019875002617,10.825847738997254,10.9678580769978,11.062776614999166
"[15, 9, 5, 3]",8,2,4,512,2543,2073,4649,7689,2030,1578,3548,5720,65901.953125,ok,3345.62109375,2506.9853515625,3317.0361328125,3344.767822265625,62556.33203125,63390.4833984375,62584.9013671875,62561.630615234375,14.00025651184842,13.326987997163087,13.32889800099656,8.115775503683835,50.85469398909481,864.7600409967708,34.58206599316327,1.4453659969149157,10.839476725996064,11.015283239998098,10.975671239000803,11.269258262000221
"[15, 9, 5, 3]",16,8,2,512,2991,2131,5207,8743,2112,1625,3602,5812,54197.69921875,ok,3307.819091796875,2439.574462890625,3279.39697265625,3307.39208984375,50889.880126953125,51757.894287109375,50918.15771484375,50899.76416015625,15.567412967793643,16.115992000326514,16.532787008211017,10.046174985356629,56.41297799593303,896.0356909956317,32.82179299276322,1.2761319958372042,10.628615964000346,11.018015077999735,10.96918816499965,10.99639826699422
"[15, 9, 5, 3]",16,4,4,512,2971,2091,5347,9181,2177,1651,3782,6209,68123.9453125,ok,3391.056884765625,2527.298583984375,3345.072021484375,3389.95361328125,64732.888427734375,65594.94360351562,64776.084228515625,64740.17919921875,14.354206499177963,14.233337499201298,14.381752506364137,8.756621497916058,55.38611299562035,894.1946040067705,46.84931699739536,1.4505650033243,10.745974345001741,11.011817010999948,11.10016824700142,10.959083754998574
"[15, 9, 5, 3]",16,2,8,512,3087,2157,5505,9311,2306,1721,4016,6591,95183.15625,ok,3358.835693359375,2533.213134765625,3298.8037109375,3358.400390625,91824.32055664062,92649.46655273438,91883.9072265625,91831.052734375,13.830512751825154,13.342341004870832,13.35795949678868,8.128743495210074,49.64567999559222,852.5023330003023,62.71179400209803,1.1871800015796907,10.704486067996186,10.852419672002725,11.010280850998242,10.83723052199639
"[15, 9, 5, 3]",32,16,2,512,3873,2693,6669,11105,2465,1851,4194,6794,63895.6796875,ok,3341.01611328125,2413.846435546875,3278.847900390625,3337.831787109375,60554.66357421875,61481.329345703125,60617.812255859375,60568.496337890625,18.318967008031905,19.898906017653644,20.66608600318432,12.546337000094354,68.50786499853712,960.220674998709,67.6458640009514,4.761418997077271,10.591376994998427,10.964159233997634,11.106406851999054,10.965576528004021
"[15, 9, 5, 3]",32,8,4,512,3831,2593,6947,11923,2492,1842,4364,7201,70604.2265625,ok,3343.374267578125,2504.439697265625,3258.325927734375,3342.746337890625,67260.85229492188,68099.19311523438,67345.28344726562,67270.93334960938,14.997873006388545,16.03146699583158,16.460954506881535,10.011308003682643,63.10743199719582,868.7189059928642,88.5054179962026,1.1609800058067776,10.608375461997639,10.794113729003584,10.717677871005435,10.941711822000798
"[15, 9, 5, 3]",32,4,8,512,4011,2571,7107,11721,2631,1882,4577,7477,95960.375,ok,3389.5126953125,2578.4658203125,3295.016845703125,3388.7578125,92570.8623046875,93381.4248046875,92664.44409179688,92578.890625,13.669399755541235,14.187474257079884,14.358749999431893,8.753754758625291,60.75205900560832,839.9514819975593,97.82609700778266,1.4054440034669824,10.57630696999695,11.41458252099983,11.106073230999755,11.051456301000144
"[15, 9, 5, 3]",32,2,16,512,4135,2653,7199,11991,2862,2020,4991,8258,152618.59375,ok,3411.917724609375,2639.5380859375,3320.4111328125,3411.60107421875,149206.67602539062,149977.3212890625,149297.3544921875,149213.11767578125,13.526627376675606,13.320172253879718,13.357076377375051,8.120957250881474,51.38348799664527,800.9133260056842,95.45680699375225,1.3137229980202392,10.547154157000477,10.687110190003295,10.743279811998946,10.942353938997258
"[15, 9, 5, 3]",64,32,2,512,4853,3475,8651,14167,2846,2150,4891,7696,,OOM_rank2,,,,,,,,,,,,,0.0,0.0,0.0,0.0,,,,
"[15, 9, 5, 3]",64,16,4,512,4853,3275,9169,15845,2962,2127,5233,8696,,OOM_rank2,,,,,,,,,,,,,0.0,0.0,0.0,0.0,,,,
"[15, 9, 5, 3]",64,8,8,512,4851,3193,9227,15183,3056,2118,5300,8688,,OOM_rank2,,,,,,,,,,,,,0.0,0.0,0.0,0.0,,,,
"[15, 9, 5, 3]",64,4,16,512,4851,3053,8507,14161,3018,2114,5243,8589,,OOM_rank2,,,,,,,,,,,,,0.0,0.0,0.0,0.0,,,,
"[15, 9, 5, 3]",64,2,32,512,4861,3385,9163,15249,3472,2455,6138,10108,,OOM_rank2,,,,,,,,,,,,,0.0,0.0,0.0,0.0,,,,
"[15, 10, 4, 3]",8,4,2,512,2091,2073,4947,7581,1623,1539,3648,5392,50040.99609375,ok,3344.384033203125,2506.239013671875,3322.756103515625,3342.30615234375,46696.612060546875,47534.831298828125,46717.904052734375,46706.15869140625,14.334894000552595,15.842349007725716,11.596727010793984,8.70958598703146,44.72030599572463,858.3985069999471,25.734253002156038,1.5288279973901808,10.627044420005404,10.847901151995757,11.070524169001146,11.214434052999422
"[15, 10, 4, 3]",8,2,4,512,2075,2073,5097,7689,1669,1580,3822,5674,61324.12109375,ok,3257.93896484375,2439.194580078125,3228.687255859375,3257.755859375,58066.18212890625,58884.766357421875,58095.140869140625,58075.330078125,12.97204751195386,14.642464998643845,10.717013991437852,8.065725997788832,43.63936000299873,834.9741410056595,33.169948001159355,1.125468006648589,10.589907263005443,10.606333642004756,10.867337568000949,10.777686140994774
"[15, 10, 4, 3]",16,8,2,512,2471,2131,5747,8743,1756,1632,3951,5813,51886.296875,ok,3278.774169921875,2413.624267578125,3249.987548828125,3278.212158203125,48607.522705078125,49472.348388671875,48635.957763671875,48618.643310546875,15.056759990751743,17.83352500386536,13.287600001320243,9.935083000920713,53.311252006096765,886.0318810038734,32.75891800149111,1.1327779939165339,10.507985873999132,10.603517320996616,10.753166683003656,10.905014476003998
"[15, 10, 4, 3]",16,4,4,512,2451,2091,5987,9181,1783,1640,4134,6141,63991.1484375,ok,3239.006103515625,2412.7548828125,3199.238037109375,3238.49951171875,60752.142333984375,61578.4130859375,60791.480712890625,60762.08251953125,13.420612493995577,15.699213499668986,11.59310749778524,8.70517700794153,51.344412997423206,845.0356369939982,43.79425300430739,1.2539519957499579,10.597472260997165,10.65977703799581,10.795877578006184,10.830407111003296
"[15, 10, 4, 3]",16,2,8,512,2411,2157,6141,9311,1862,1727,4435,6624,91121.4921875,ok,3257.11865234375,2451.030029296875,3196.508056640625,3256.339111328125,87864.37353515625,88670.65747070312,87924.78100585938,87874.48120117188,12.968955497257411,14.605501753045246,10.747763500083238,8.079387252102606,47.87078699155245,821.3847080114647,64.81630299822427,1.236891002918128,10.548929062999377,10.654230457999802,10.740769632997399,10.77129603400681
"[15, 10, 4, 3]",32,16,2,512,3193,2693,7329,11105,2058,1870,4636,6882,64339.10546875,ok,3330.09814453125,2427.454345703125,3271.163818359375,3329.1982421875,61009.00732421875,61910.826904296875,61068.086181640625,61021.7353515625,18.359891994856298,22.072235990315676,16.628228989429772,12.599921995773911,80.15585500106681,942.7157840036671,63.689043003250845,4.88359199516708,10.558552235001116,10.573458676000882,10.755448428004456,10.844456953003828
"[15, 10, 4, 3]",32,8,4,512,3151,2593,7847,11923,2058,1842,4839,7184,69877.09375,ok,3348.588623046875,2497.34033203125,3258.46435546875,3348.045654296875,66528.50512695312,67379.23779296875,66618.30908203125,66539.82153320312,14.987197984475642,17.80587150575593,13.28060599276796,9.97650499921292,62.30480800149962,871.5775620003114,93.98313099518418,0.9744249982759356,10.584895808999136,10.621658557000046,10.821027536003385,10.843179409006552
"[15, 10, 4, 3]",32,4,8,512,3111,2571,7807,11721,2112,1880,4991,7498,96190.390625,ok,3318.244384765625,2499.049560546875,3213.877197265625,3317.072021484375,92872.14624023438,93690.16918945312,92975.79467773438,92882.40454101562,13.472882001893595,15.66821625456214,11.612825494259596,8.740816502016969,53.56479000329273,836.7969620012445,107.88293700898066,1.2879520072601736,10.600432008002826,10.659812033998605,10.935175611004524,10.748847691000265
"[15, 10, 4, 3]",32,2,16,512,3323,2653,7951,11989,2345,2034,5531,8302,151314.6875,ok,3399.225341796875,2575.099853515625,3307.251708984375,3398.419677734375,147915.46215820312,148738.66577148438,148007.13891601562,147924.78344726562,13.152766002109274,14.593195372377522,10.758428253000602,8.101444627915043,48.15146599867148,840.4135609962395,95.73324500524905,1.428185001714155,10.58881962900341,10.610278444000869,10.678072259004693,10.950899133997154
"[15, 10, 4, 3]",64,32,2,512,4553,3755,9971,15327,2644,2336,5896,8721,,OOM_rank1,,,,,,,,,,,,,0.0,0.0,0.0,0.0,,,,
"[15, 10, 4, 3]",64,16,4,512,4433,3515,9969,17065,2601,2240,6123,9387,,OOM_rank1,,,,,,,,,,,,,0.0,0.0,0.0,0.0,,,,
"[15, 10, 4, 3]",64,8,8,512,4271,3393,9967,16163,2578,2207,6152,9251,,OOM_rank1,,,,,,,,,,,,,0.0,0.0,0.0,0.0,,,,
"[15, 10, 4, 3]",64,4,16,512,4171,3193,9967,15021,2632,2226,6177,9230,,OOM_rank1,,,,,,,,,,,,,0.0,0.0,0.0,0.0,,,,
"[15, 10, 4, 3]",64,2,32,512,4427,3505,9977,16049,3006,2553,7036,10644,,OOM_rank1,,,,,,,,,,,,,0.0,0.0,0.0,0.0,,,,
"[15, 10, 5, 2]",8,4,2,512,2551,1693,4947,7601,1960,1195,3655,5393,47809.328125,ok,3223.265380859375,2390.668212890625,3210.652587890625,3222.806884765625,44586.062744140625,45418.691162109375,44598.648193359375,44591.747802734375,13.483838999643922,15.736812997609377,14.39268500264734,5.889913005754352,46.561546994780656,852.7654610006721,15.737995003291871,1.1287800007266924,10.624256686998706,10.632711797996308,10.722428676999698,10.716599612002028
"[15, 10, 5, 2]",8,2,4,512,2543,1693,5097,7689,2023,1210,3838,5671,61639.14453125,ok,3254.422607421875,2441.384033203125,3241.24462890625,3254.012939453125,58384.721923828125,59197.334716796875,58397.38427734375,58389.655029296875,12.858225505333394,14.6252529961057,13.313205508049577,5.460658478317782,47.092569002415985,833.8082559930626,15.889217997028027,0.9877459960989654,10.60523201199976,10.65997264500038,10.70510144400032,10.816950555999938
"[15, 10, 5, 2]",16,8,2,512,2991,1693,5747,8743,2111,1269,3934,5804,51209.28515625,ok,3270.993896484375,2407.318603515625,3252.192138671875,3266.40576171875,47938.291259765625,48794.314208984375,47956.675048828125,47945.36376953125,15.010693000629544,17.826604017987847,16.524693003855646,6.731452001724392,57.5665630021831,880.1735309971264,22.07091099990066,1.3595729978987947,10.667922181004542,10.673578394002107,10.72517662699829,10.679188556001463
"[15, 10, 5, 2]",16,4,4,512,2971,1693,5987,9181,2161,1273,4142,6165,64211.12890625,ok,3257.544677734375,2461.87109375,3223.195556640625,3257.105224609375,60953.584228515625,61749.17578125,60987.874755859375,60959.226806640625,13.435148503631353,15.696372008882463,14.370692511554807,5.88595649949275,55.541111003549304,818.4457940078573,37.930880003841594,2.104540995787829,10.643393521997496,10.6612542100047,10.773370888004138,10.729458027999499
"[15, 10, 5, 2]",16,2,8,512,3087,1693,6141,9311,2311,1323,4433,6617,90745.140625,ok,3298.64794921875,2512.58154296875,3281.714111328125,3298.73681640625,87446.49267578125,88232.12939453125,87462.89526367188,87451.16162109375,13.040598996449262,14.604292247910053,13.352948751300573,5.455155752599239,50.16943600639934,804.2651399955503,19.957808995968662,1.4610780053772032,10.591906421999738,10.70018040400464,10.848303324004519,10.774229440001363
"[15, 10, 5, 2]",32,16,2,512,3873,2055,7329,11105,2475,1413,4616,6790,62574.765625,ok,3299.981201171875,2409.2529296875,3259.087890625,3299.340576171875,59274.784423828125,60165.9072265625,59317.216796875,59282.635986328125,18.317982003092766,22.074413016438484,20.703372999094427,8.457020003348589,71.77084800059674,922.9447909965529,45.23838400200475,4.190545005258173,10.575320119001844,10.632551590999356,10.721398196001246,10.686237287001859
"[15, 10, 5, 2]",32,8,4,512,3831,1931,7847,11923,2485,1404,4824,7164,69364.265625,ok,3304.322021484375,2500.07958984375,3242.7490234375,3303.64892578125,66059.94360351562,66863.52197265625,66123.4853515625,66066.99951171875,14.965654497500509,17.793439001310617,16.485770500265062,6.721331995446235,65.84024999756366,827.6522179949097,66.92813599511283,1.2400499981595203,10.603961774999334,10.65771223000047,10.646470289000717,10.678642925995518
"[15, 10, 5, 2]",32,4,8,512,4011,1871,7807,11761,2644,1424,4987,7499,95029.4140625,ok,3260.1435546875,2524.601318359375,3207.66259765625,3259.945556640625,91769.2705078125,92504.68774414062,91821.49365234375,91774.90600585938,13.413980497280136,15.665024493588135,14.388646247331053,5.880423502065241,55.243433998839464,755.8183959990856,55.5771029976313,1.2781109981006011,10.573957314998552,10.691113659995608,10.634008380002342,10.740334374997474
"[15, 10, 5, 2]",32,2,16,512,4135,1901,7951,11991,2872,1529,5511,8276,149472.03125,ok,3366.636474609375,2629.76611328125,3283.35986328125,3365.49755859375,146105.39477539062,146839.43701171875,146192.31201171875,146106.90869140625,12.871234000194818,14.583990997634828,13.372387500014156,5.46047587657813,53.3708069997374,756.4738130022306,93.76984999835258,1.3748940036748536,10.602658536998206,10.644103422993794,10.718420896002499,10.861508049994882
"[15, 10, 5, 2]",64,32,2,512,4853,2675,9511,14167,2886,1627,5381,7910,,OOM_rank2,,,,,,,,,,,,,0.0,0.0,0.0,0.0,,,,
"[15, 10, 5, 2]",64,16,4,512,4853,2415,9969,15845,2949,1603,5794,8673,,OOM_rank2,,,,,,,,,,,,,0.0,0.0,0.0,0.0,,,,
"[15, 10, 5, 2]",64,8,8,512,4851,2313,9967,15183,3060,1584,5832,8703,,OOM_rank2,,,,,,,,,,,,,0.0,0.0,0.0,0.0,,,,
"[15, 10, 5, 2]",64,4,16,512,4851,2193,9387,14041,3034,1582,5821,8671,,OOM_rank2,,,,,,,,,,,,,0.0,0.0,0.0,0.0,,,,
"[15, 10, 5, 2]",64,2,32,512,4861,2381,9967,15249,3488,1811,6775,10165,,OOM_rank2,,,,,,,,,,,,,0.0,0.0,0.0,0.0,,,,
"[15, 11, 3, 3]",8,4,2,512,1631,2073,5407,7601,1280,1549,3983,5417,49209.4765625,ok,3219.44580078125,2394.765380859375,3202.914306640625,3218.852294921875,45990.03076171875,46814.351806640625,46005.866943359375,46002.651611328125,13.472935998812318,17.292168013751507,8.75619400292635,8.672354007139802,43.282563994580414,840.0458879987127,20.078683010069653,1.287683000555262,10.581608011001663,10.73265702700155,10.711034912994364,10.701028652998502
"[15, 11, 3, 3]",8,2,4,512,1605,2073,5605,7689,1304,1577,4197,5704,63996.5078125,ok,3260.223388671875,2440.662109375,3230.707763671875,3259.6787109375,60736.284423828125,61555.251953125,60765.370361328125,60747.1220703125,13.033403987530619,16.09830550570041,8.107618003385141,8.071641992544755,44.85107299842639,832.9911909968359,33.20618299767375,1.1128690093755722,10.703158825999708,10.632236286997795,10.785130750999087,10.803195033004158
"[15, 11, 3, 3]",16,8,2,512,1911,2131,6267,8743,1365,1626,4269,5811,53208.23828125,ok,3295.54541015625,2445.81884765625,3275.45556640625,3294.885986328125,49912.69287109375,50762.06396484375,49932.23974609375,49927.262451171875,15.042800990864635,19.584145994856954,10.012869000434875,9.934282997623086,53.260384003806394,866.4140089967987,23.574770006234758,1.0667360038496554,10.584361809000256,10.586303449003026,10.765781645997777,10.717179148996365
"[15, 11, 3, 3]",16,4,4,512,1871,2091,6627,9241,1393,1644,4523,6184,66665.15625,ok,3273.759765625,2424.0927734375,3234.511962890625,3273.449462890625,63391.396484375,64240.6416015625,63430.589599609375,63404.409912109375,13.443315501790494,17.253708977252245,8.753373495303094,8.712792500620708,50.4606730028172,864.0286899972125,43.411758000729606,1.2356130027910694,10.594466004004062,10.649563963001128,10.7192430300056,10.867381802003365
"[15, 11, 3, 3]",16,2,8,512,1855,2157,6717,9311,1453,1727,4848,6654,96874.1171875,ok,3311.38671875,2474.35888671875,3252.653076171875,3310.4619140625,93562.73046875,94399.12548828125,93620.69848632812,93573.5146484375,13.119967503473163,16.052738756407052,8.106060748570599,8.089145996957086,48.31485000613611,850.4762099983054,62.26220900134649,1.5912520029814914,10.667029841999465,10.65122924499883,10.71779733299627,10.853137605001393
"[15, 11, 3, 3]",32,16,2,512,2453,2693,8009,11105,1605,1860,5051,6901,66304.1484375,ok,3331.871826171875,2437.338134765625,3274.484619140625,3330.948974609375,62972.276611328125,63865.443115234375,63029.421630859375,62992.386962890625,18.35174498707056,24.28196701593697,12.524279007688165,12.565019011497498,71.13392200699309,917.0788399933372,63.399297003343236,6.790620995161589,10.600805093003146,10.553146226993704,10.901696662003815,10.745867536999867
"[15, 11, 3, 3]",32,8,4,512,2451,2593,8707,11923,1612,1843,5329,7220,73117.90625,ok,3340.044189453125,2473.566162109375,3255.078857421875,3339.6357421875,69777.86206054688,70643.62915039062,69862.22583007812,69792.0048828125,14.984996996354312,19.556969000026584,10.012883991468698,9.98130100267008,62.15932800114388,883.019503999094,88.54550899559399,1.2823610013583675,10.619017827993957,10.63739048899879,10.778391840998665,10.76475264000328
"[15, 11, 3, 3]",32,4,8,512,2391,2571,8487,11761,1659,1893,5506,7581,102072.3359375,ok,3305.24462890625,2469.381103515625,3223.8623046875,3299.502197265625,98767.09130859375,99602.59545898438,98848.2001953125,98779.56030273438,13.386085496516898,17.24572177696973,8.744953501038253,8.727115253102966,53.36411701136967,849.7882919982658,85.32401799311629,1.314301996899303,10.679256498005998,10.66926383900136,10.722492641005374,10.72300536200055
"[15, 11, 3, 3]",32,2,16,512,2571,2653,8723,11991,1828,2036,6061,8349,162814.5625,ok,3387.79443359375,2527.339599609375,3298.8662109375,3387.229736328125,159426.76806640625,160287.16040039062,159515.4462890625,159437.89526367188,12.97458687366452,16.063711878610775,8.108866374008358,8.095441376732197,48.092795004777145,874.3153019968304,92.85235599963926,1.2765639985445887,10.608392809997895,10.577528164998512,10.666299682001409,10.702979581001273
"[15, 11, 3, 3]",64,32,2,512,3153,3475,9971,13927,1857,2155,5785,7847,,OOM_rank1,,,,,,,,,,,,,0.0,0.0,0.0,0.0,,,,
"[15, 11, 3, 3]",64,16,4,512,3113,3255,9969,15285,1872,2084,6124,8457,,OOM_rank1,,,,,,,,,,,,,0.0,0.0,0.0,0.0,,,,
"[15, 11, 3, 3]",64,8,8,512,2911,3033,9967,14183,1785,2014,5881,8131,,OOM_rank1,,,,,,,,,,,,,0.0,0.0,0.0,0.0,,,,
"[15, 11, 3, 3]",64,4,16,512,2891,2993,9967,13701,1879,2112,6259,8559,,OOM_rank1,,,,,,,,,,,,,0.0,0.0,0.0,0.0,,,,
"[15, 11, 3, 3]",64,2,32,512,3123,3305,9977,14669,2164,2422,7157,9922,,OOM_rank1,,,,,,,,,,,,,0.0,0.0,0.0,0.0,,,,
"[15, 11, 4, 2]",8,4,2,512,2091,1693,5407,7601,1625,1194,3960,5392,49441.96875,ok,3202.737060546875,2386.408447265625,3190.380615234375,3202.297607421875,46239.231689453125,47055.513427734375,46251.349853515625,46244.913330078125,14.948205003514886,17.364128024317324,11.617318999953568,5.90020200656727,45.87691099732183,833.1948130071396,15.342806000262499,1.1171570004080422,10.641803021004307,10.648124065999582,10.757640871001058,10.75429610699939
"[15, 11, 4, 2]",8,2,4,512,2073,1693,5605,7689,1675,1216,4195,5687,61588.26953125,ok,3253.495849609375,2440.6865234375,3236.009033203125,3252.8671875,58334.773681640625,59146.9228515625,58352.100341796875,58339.47265625,12.956054497044533,16.079099996946752,10.753839502111077,5.450027992716059,48.71542099135695,827.9878000030294,20.018503004394006,1.353184001345653,10.576776181005698,10.569670641998528,10.69723043099657,10.687094986999
"[15, 11, 4, 2]",16,8,2,512,2471,1693,6267,8743,1749,1270,4271,5804,50655.8046875,ok,3270.18798828125,2423.716796875,3253.105712890625,3269.274169921875,47385.61669921875,48231.630859375,47402.152099609375,47392.901611328125,15.027136016637087,19.613715996965766,13.283390012569726,6.722612000070512,56.125035996956285,866.0186140041333,18.79334099794505,1.3400530006038025,10.593742776996805,10.575069278005685,10.747313218002091,10.72918476400082
"[15, 11, 4, 2]",16,4,4,512,2451,1693,6627,9241,1794,1281,4535,6200,64762.94140625,ok,3253.734375,2432.6767578125,3220.538330078125,3253.022705078125,61509.20703125,62329.8310546875,61541.672607421875,61514.664794921875,13.480944494716823,17.266182993538678,11.611588489729911,5.867154499515891,55.43899000622332,838.0047109967563,35.749246992054395,1.1693689957610331,10.612987819004047,10.6324449370004,10.693620561003627,10.714498714005458
"[15, 11, 4, 2]",16,2,8,512,2411,1693,6717,9311,1864,1322,4839,6639,94695.1796875,ok,3292.4560546875,2483.776611328125,3250.548828125,3292.59375,91402.7236328125,92211.58276367188,91444.677734375,91407.5625,13.090511000715196,16.051701745018363,10.753559502307326,5.454695000546053,50.44237400579732,825.1710289987386,45.61911500059068,1.3429339960566722,10.621343169994361,10.618003764997411,10.7637809700027,10.777367351001885
"[15, 11, 4, 2]",32,16,2,512,3193,2055,8009,11105,1874,1344,4722,6246,62350.3203125,ok,3281.270751953125,2415.3681640625,3240.954833984375,3280.53759765625,59069.049560546875,59937.8974609375,59109.322509765625,59074.20849609375,18.34509399253875,24.270049946382642,16.618242016993463,8.588255987502635,84.67539499542909,898.4527270004037,42.049186005897354,5.944680997345131,12.311610249002115,17.651799733997905,20.57482928399986,20.684292777004885
"[15, 11, 4, 2]",32,8,4,512,3151,1931,8707,11923,2054,1408,5274,7138,71004.0234375,ok,3315.25634765625,2481.815673828125,3261.149169921875,3310.426513671875,67688.76708984375,68521.76245117188,67742.42895507812,67695.86254882812,15.071310488507152,19.569921497255564,13.289890512358397,6.725928994594142,65.90331200277433,853.1828220002353,57.02043999917805,1.3733439991483465,10.787495313998079,10.611269736000395,11.202407267002854,11.15485158500087
"[15, 11, 4, 2]",32,4,8,512,3111,1871,8487,11761,2120,1428,5454,7545,99918.5078125,ok,3266.641845703125,2488.288330078125,3214.847900390625,3265.99072265625,96651.86596679688,97429.92260742188,96703.00366210938,96657.55615234375,13.459930261597037,17.240674498025328,11.608945238869637,5.8821057544555515,55.522292997920886,795.4684350042953,54.40996700053802,1.0242659991490655,10.598510534997331,10.599589154000569,10.782687573999283,10.732735631005198
"[15, 11, 4, 2]",32,2,16,512,3323,1901,8723,11989,2354,1535,6048,8343,160785.65625,ok,3332.367431640625,2579.36279296875,3284.104248046875,3331.256591796875,157453.28881835938,158205.79345703125,157500.58325195312,157458.21215820312,13.20219375868328,16.050342004047707,10.755704500479624,5.452373499516398,50.862783995398786,769.2924790026154,50.78912300086813,1.3799859952996485,10.682660485996166,10.600034354996751,10.69508557899826,10.641435203004221
"[15, 11, 4, 2]",64,32,2,512,4113,2415,9971,13927,2376,1608,5735,7790,,OOM_rank1,,,,,,,,,,,,,0.0,0.0,0.0,0.0,,,,
"[15, 11, 4, 2]",64,16,4,512,4013,2415,9969,15285,2380,1569,6077,8388,,OOM_rank1,,,,,,,,,,,,,0.0,0.0,0.0,0.0,,,,
"[15, 11, 4, 2]",64,8,8,512,3751,2193,9967,14183,2298,1514,5914,8120,,OOM_rank1,,,,,,,,,,,,,0.0,0.0,0.0,0.0,,,,
"[15, 11, 4, 2]",64,4,16,512,3811,2153,9967,13701,2446,1569,6262,8536,,OOM_rank1,,,,,,,,,,,,,0.0,0.0,0.0,0.0,,,,
"[15, 11, 4, 2]",64,2,32,512,4067,2321,9977,14669,2808,1780,7139,9899,,OOM_rank1,,,,,,,,,,,,,0.0,0.0,0.0,0.0,,,,
"[15, 11, 5, 1]",8,4,2,512,2551,1293,5407,7601,1960,827,3979,5415,47631.18359375,ok,3216.617431640625,2399.35595703125,3210.076171875,3215.984619140625,44414.566162109375,45231.86279296875,44420.751953125,44417.894287109375,13.53444298915565,17.33237897977233,14.435877011157572,3.0374200041405857,49.47373000322841,836.6679590035346,9.647620994655881,1.2855219902121462,10.682935436998378,10.625407874998928,10.756494252993434,10.764613940002164
"[15, 11, 5, 1]",8,2,4,512,2543,1293,5605,7689,2027,839,4189,5694,61439.48828125,ok,3209.672607421875,2417.680419921875,3203.354736328125,3209.346923828125,58229.815673828125,59021.803955078125,58235.735107421875,58232.774169921875,12.894119995180517,16.080348978750408,13.341531495563686,2.834397499333136,50.19542000081856,810.7751889983774,9.145931006059982,1.8726580019574612,10.706735355997807,10.738113260995306,10.796075865997409,10.662149946001591
"[15, 11, 5, 1]",16,8,2,512,2991,1293,6267,8743,2107,871,4251,5785,50760.984375,ok,3241.3388671875,2416.037841796875,3231.132568359375,3240.671875,47519.6455078125,48344.348876953125,47529.414306640625,47523.72265625,15.06369198858738,19.60386997833848,16.547166999429464,3.456683001946658,57.60047599324025,848.190536002221,12.408050992235076,1.8525159975979477,10.601541185002134,10.61339359300473,10.731099406002613,10.793611724002403
"[15, 11, 5, 1]",16,4,4,512,2971,1293,6627,9081,2153,867,4499,6108,64279.05078125,ok,3246.276611328125,2456.120361328125,3236.802490234375,3245.96533203125,61032.774169921875,61818.239013671875,61042.513916015625,61036.15966796875,13.378271492663771,17.253842510282993,14.418826492968947,3.0275915019446984,56.879847004893236,804.7331049965578,12.176554992038291,1.844806996814441,10.651197361003142,10.692527418999816,10.75599838999915,10.704741106004803
"[15, 11, 5, 1]",16,2,8,512,3087,1293,6717,9311,2313,890,4830,6631,94527.375,ok,3234.1083984375,2492.810302734375,3227.355224609375,3233.057373046875,91293.2666015625,92034.43188476562,91299.19165039062,91296.15356445312,13.122850746614859,16.055385999381542,13.40241174516268,2.8112844967399724,53.07696199452039,760.1925589988241,9.356555005069822,1.9349379945197143,10.692902417998994,10.704230722003558,10.989121839003928,10.872067853000772
"[15, 11, 5, 1]",32,16,2,512,3873,1293,8009,11105,2463,979,4982,6853,63648.2734375,ok,3282.396240234375,2434.010009765625,3258.598388671875,3280.94140625,60365.877197265625,61216.794677734375,60394.026611328125,60367.9453125,18.45699484925717,24.29765702225268,20.723800993524492,4.333660001633689,85.14890600054059,885.2968579958542,31.54758999880869,6.847950993687846,10.616774449001241,10.641936308995355,10.674486115996842,10.841495055996347
"[15, 11, 5, 1]",32,8,4,512,3831,1293,8707,11923,2471,953,5264,7190,70797.0703125,ok,3257.4443359375,2499.249267578125,3234.64697265625,3256.778076171875,67539.6259765625,68298.00073242188,67562.05615234375,67543.87817382812,14.976943494286388,19.565959493629634,16.541042521130294,3.4629400005796924,69.25046700052917,781.9105329981539,25.488101004157215,1.3246450034785084,10.665439119002258,10.620381238994014,10.769863456996973,10.693037222001294
"[15, 11, 5, 1]",32,4,8,512,4011,1293,8487,11721,2665,953,5498,7572,100096.078125,ok,3249.763427734375,2529.480712890625,3234.997314453125,3248.938720703125,96846.31469726562,97566.20678710938,96860.90893554688,96849.85034179688,13.519024257315323,17.245645491871983,14.448143747868016,3.024935749301221,57.37801000213949,737.8885479993187,16.473622992634773,1.215518990647979,10.690888067998458,10.626439870997274,10.845211589003156,10.736095111002214
"[15, 11, 5, 1]",32,2,16,512,4135,1293,8723,11989,2895,997,6067,8358,160565.703125,ok,3297.201171875,2634.8369140625,3250.869140625,3296.984375,157268.501953125,157930.6474609375,157314.380859375,157270.984375,13.144608005648479,16.053409253130667,13.390368373016827,2.8147496240853798,52.539117001288105,681.5978379963781,48.89934499806259,1.016995003737975,10.614875890998519,10.70694403899688,10.745072006997361,10.748065163003048
"[15, 11, 5, 1]",64,32,2,512,4853,1755,9971,13927,2821,1123,5665,7663,,OOM_rank1,,,,,,,,,,,,,0.0,0.0,0.0,0.0,,,,
"[15, 11, 5, 1]",64,16,4,512,4853,1533,9969,15285,2874,1056,6068,8376,,OOM_rank1,,,,,,,,,,,,,0.0,0.0,0.0,0.0,,,,
"[15, 11, 5, 1]",64,8,8,512,4851,1353,9967,14183,2912,1011,5954,8184,,OOM_rank1,,,,,,,,,,,,,0.0,0.0,0.0,0.0,,,,
"[15, 11, 5, 1]",64,4,16,512,4751,1313,9967,13681,3012,1016,6245,8534,,OOM_rank1,,,,,,,,,,,,,0.0,0.0,0.0,0.0,,,,
"[15, 11, 5, 1]",64,2,32,512,4851,1415,9977,14669,3430,1122,7168,9938,,OOM_rank1,,,,,,,,,,,,,0.0,0.0,0.0,0.0,,,,
"[15, 12, 3, 2]",8,4,2,512,1631,1693,5867,7601,1271,1195,4261,5395,47897.4921875,ok,3225.09814453125,2405.93310546875,3213.095947265625,3224.601318359375,44672.39404296875,45491.39111328125,44684.427490234375,44679.148681640625,13.577365992590785,18.898462975397706,8.775909995194525,5.816713001113385,44.96420999930706,833.2026810021489,15.489158002310432,1.2594130021170713,10.702628164006455,10.696726905000105,10.70926732999942,10.82362101799663
"[15, 12, 3, 2]",8,2,4,512,1605,1693,6133,7689,1304,1211,4531,5706,64373.2890625,ok,3260.69970703125,2431.331298828125,3241.334716796875,3260.25927734375,61112.58935546875,61941.949951171875,61131.841064453125,61118.77978515625,13.129374424461275,17.5256680091843,8.10880349832587,5.425327999750152,49.025530002836604,842.0116450070054,22.58461599558359,1.8673860031412914,10.708003788000497,10.65280477199849,10.762056304003636,10.66312153099716
"[15, 12, 3, 2]",16,8,2,512,1911,1693,6807,8743,1362,1266,4572,5802,52302.140625,ok,3329.63330078125,2496.329833984375,3308.24609375,3328.465087890625,48972.50732421875,49805.584228515625,48993.47265625,48979.980224609375,15.230293000116944,21.45983099192381,10.011738000437617,6.666153991594911,55.499711001175456,849.4668780040229,24.236727993411478,1.2969119925401174,10.778626892999455,10.689829805000045,10.67599607900047,10.895601846001227
"[15, 12, 3, 2]",16,4,4,512,1871,1693,7087,9241,1393,1280,4847,6194,66895.8515625,ok,3272.00048828125,2438.896728515625,3243.947998046875,3271.850830078125,63623.85107421875,64456.572021484375,63651.481689453125,63630.961669921875,13.414102999959141,18.83714651223272,8.756574504077435,5.852133001666516,55.897102000017185,847.0454070047708,30.975946996477433,1.2610630001290701,10.76685942900076,10.689925037004286,10.706738859997131,10.78682819900132
"[15, 12, 3, 2]",16,2,8,512,1855,1693,7273,9311,1455,1323,5246,6677,100375.5859375,ok,3286.474853515625,2473.985107421875,3253.076904296875,3285.0986328125,97089.11108398438,97901.11645507812,97114.13403320312,97095.5107421875,13.181070510298014,17.51788600347936,8.111194997094572,5.444769247085787,50.02130499633495,824.8995500034653,28.3855210072943,1.21802999638021,10.70665044800262,10.698287598999741,10.72401161200105,10.712035623000702
"[15, 12, 3, 2]",32,16,2,512,2451,2055,8689,11105,1597,1424,5407,6864,64021.0625,ok,3298.5732421875,2424.817626953125,3257.974853515625,3297.784912109375,60722.4892578125,61598.268310546875,60762.486083984375,60737.453369140625,18.388824000954628,26.495922992005944,12.52877298463136,8.490362002979964,74.70082199870376,898.5154670008342,44.406642991816625,7.086008998157922,10.687243681000837,10.622859435999999,10.774685463999049,10.837150760999066
"[15, 12, 3, 2]",32,8,4,512,2451,1931,9267,11923,1617,1419,5704,7245,73269.75,ok,3289.007080078125,2461.003662109375,3228.13037109375,3288.8291015625,69980.74291992188,70808.48852539062,70041.40869140625,69988.0849609375,15.00924901617691,21.35143400169909,10.010320498608053,6.692958994070068,65.85851300042123,844.0533009998035,64.03518600563984,2.7681500068865716,10.688168754000799,10.65974210100103,10.702622386997973,10.72618598799454
"[15, 12, 3, 2]",32,4,8,512,2391,1871,9247,11761,1670,1439,6008,7604,105886.3515625,ok,3258.135498046875,2464.196533203125,3197.906982421875,3257.7578125,102628.21606445312,103421.56909179688,102687.78833007812,102634.8046875,13.456856501055881,18.819727497175336,8.752255002618767,5.8668669977923855,55.38354999589501,807.515124004567,62.93948800157523,1.2695430050371215,10.667663608997827,10.686797210000805,10.713433167999028,10.833645192004042
"[15, 12, 3, 2]",32,2,16,512,2569,1901,9515,11989,1840,1546,6624,8431,171835.53125,ok,3367.60009765625,2553.123779296875,3321.636962890625,3367.660400390625,168467.93115234375,169282.04809570312,168512.98803710938,168476.46459960938,12.956801118329167,17.493852253304794,8.110799625865184,5.443185876472853,50.67607999080792,827.1254169958411,48.26181000680663,1.1127969992230646,10.668119661000674,10.634690283004602,10.817339555003855,10.782421108000563
"[15, 12, 3, 2]",64,32,2,512,2893,2315,9971,12807,1693,1511,5624,7074,,OOM_rank1,,,,,,,,,,,,,0.0,0.0,0.0,0.0,,,,
"[15, 12, 3, 2]",64,16,4,512,2833,2195,9969,13745,1723,1488,5906,7611,,OOM_rank1,,,,,,,,,,,,,0.0,0.0,0.0,0.0,,,,
"[15, 12, 3, 2]",64,8,8,512,2651,2033,9967,12923,1666,1439,5856,7416,,OOM_rank1,,,,,,,,,,,,,0.0,0.0,0.0,0.0,,,,
"[15, 12, 3, 2]",64,4,16,512,2671,2033,9967,12701,1782,1512,6338,8015,,OOM_rank1,,,,,,,,,,,,,0.0,0.0,0.0,0.0,,,,
"[15, 12, 3, 2]",64,2,32,512,2883,2241,9977,13609,2054,1717,7286,9370,,OOM_rank1,,,,,,,,,,,,,0.0,0.0,0.0,0.0,,,,
"[15, 12, 4, 1]",8,4,2,512,2091,1293,5867,7601,1626,829,4272,5408,47206.0546875,ok,3235.04736328125,2415.332275390625,3228.663818359375,3234.796142578125,43971.00732421875,44790.245849609375,43977.136962890625,43974.352294921875,13.562248995527625,18.8575239777565,11.621651996858418,3.0518930018879473,47.48499100242043,836.588613994536,7.8667769994353876,2.793570005451329,10.737407792003069,10.671850477003318,10.798394431993074,10.819567341997754
"[15, 12, 4, 1]",8,2,4,512,2073,1293,6133,7689,1682,843,4523,5729,63223.28515625,ok,3226.095703125,2426.13037109375,3219.896240234375,3225.2373046875,59997.189453125,60796.71337890625,60003.064697265625,60000.0556640625,13.060902992729098,17.548177008517087,10.754030495882034,2.815563500742428,51.672285997483414,815.2852909988724,10.571465994871687,3.4569680065033026,10.754693356000644,10.659296963000088,10.74175257999741,10.708369323001534
"[15, 12, 4, 1]",16,8,2,512,2471,1293,6807,8743,1744,873,4574,5781,50966.3984375,ok,3275.47802734375,2438.563720703125,3267.0546875,3274.818115234375,47690.92041015625,48527.393310546875,47699.0390625,47694.705322265625,15.212168969213963,21.378642996773124,13.305045002140105,3.455150997499004,55.91777199879289,855.5253880040254,10.608414006128442,1.0734669922385365,10.778137263005192,10.648039510000672,10.705903401001706,10.75907128599647
"[15, 12, 4, 1]",16,4,4,512,2451,1293,7087,9081,1790,869,4849,6145,66076.1796875,ok,3272.7470703125,2463.677490234375,3255.630859375,3272.60693359375,62803.4326171875,63612.392822265625,62820.509765625,62806.68212890625,13.392510999459773,18.820790993981063,11.611655994318426,3.028388502425514,57.86646100023063,825.3907040052582,19.6091710095061,1.1783899899455719,10.710042956001416,10.614551011000003,10.762317696004175,10.682815252999717
"[15, 12, 4, 1]",16,2,8,512,2411,1293,7273,9311,1874,890,5251,6688,98818.4375,ok,3311.06396484375,2537.58154296875,3301.699462890625,3310.06201171875,95507.37353515625,96280.29345703125,95513.20678710938,95510.28955078125,12.796489501139149,17.5068985032849,10.767736248672009,2.813679748913273,52.45675699552521,788.3102210034849,8.331518001796212,1.1502690031193197,10.785574781002651,10.639007965997735,10.911783957002626,11.010653455996362
"[15, 12, 4, 1]",32,16,2,512,3193,1293,8689,11105,2042,980,5370,6818,62671.9765625,ok,3256.290283203125,2429.52490234375,3234.42578125,3254.8505859375,59415.686279296875,60240.91259765625,59436.00390625,59417.8486328125,18.329840992577374,26.467681016772985,16.622353019192815,4.405332995578647,84.74703400133876,853.1098669991479,27.825375997053925,5.547858003410511,10.637544380006148,10.654081152999424,10.768807362001098,10.766716568999982
"[15, 12, 4, 1]",32,8,4,512,3151,1293,9267,11923,2060,960,5678,7218,72834.625,ok,3254.60791015625,2483.15380859375,3228.697509765625,3253.873291015625,69580.01708984375,70351.29150390625,69605.98217773438,69584.00170898438,15.003405502997339,21.335032493807375,13.286490952130407,3.449411998852156,69.03419099398889,790.889244992286,28.67049899941776,1.2561010080389678,10.682586857998103,10.639416935002373,10.685475293001218,10.647985850002442
"[15, 12, 4, 1]",32,4,8,512,3111,1293,9247,11781,2142,959,5999,7630,104767.34375,ok,3264.924560546875,2499.63525390625,3251.59326171875,3263.65576171875,101502.41918945312,102266.31005859375,101515.03955078125,101505.78955078125,13.395742995664477,18.83100523147732,11.616614740341902,3.0273204998811707,58.54288800037466,780.6167169983382,15.17303000582615,1.1228270013816655,10.705342779998318,10.607512586997473,10.706770775002951,10.681345067998336
"[15, 12, 4, 1]",32,2,16,512,3323,1293,9515,11991,2375,1002,6628,8433,170979.8125,ok,3318.578125,2611.051513671875,3308.13330078125,3317.59912109375,167661.234375,168368.46411132812,167671.42919921875,167664.18212890625,12.9082183719147,17.51693012029864,10.757274626521394,2.8131504997145385,54.51022699708119,722.743565995188,11.734755993529689,2.2958870031288825,10.697237355998368,10.707856013003038,10.7295976480018,10.768312267995498
"[15, 12, 4, 1]",64,32,2,512,3773,1655,9971,12807,2166,1050,5553,7059,,OOM_rank1,,,,,,,,,,,,,0.0,0.0,0.0,0.0,,,,
"[15, 12, 4, 1]",64,16,4,512,3653,1373,9969,13745,2176,1000,5893,7525,,OOM_rank1,,,,,,,,,,,,,0.0,0.0,0.0,0.0,,,,
"[15, 12, 4, 1]",64,8,8,512,3431,1313,9967,12923,2125,965,5832,7384,,OOM_rank1,,,,,,,,,,,,,0.0,0.0,0.0,0.0,,,,
"[15, 12, 4, 1]",64,4,16,512,3511,1293,9967,12801,2318,988,6371,8070,,OOM_rank1,,,,,,,,,,,,,0.0,0.0,0.0,0.0,,,,
"[15, 12, 4, 1]",64,2,32,512,3787,1355,9977,13609,2664,1083,7290,9369,,OOM_rank1,,,,,,,,,,,,,0.0,0.0,0.0,0.0,,,,
"[16, 6, 5, 5]",8,4,2,512,2551,2833,3107,8061,1978,2226,2401,5737,50443.90625,ok,3233.700927734375,2365.878173828125,3199.826904296875,3232.80908203125,47210.205322265625,48077.500732421875,47244.009033203125,47224.56982421875,14.366633995436132,9.492446995340288,14.405217004939914,14.395292995497584,45.669423998333514,896.3039879963617,39.71426500356756,1.7893859985633753,10.528080958996725,10.84137293099775,10.856694504996995,10.822323713000515
"[16, 6, 5, 5]",8,2,4,512,2543,2833,3105,8217,2047,2302,2494,6110,71736.375,ok,3283.89013671875,2427.492431640625,3233.453125,3283.2939453125,68452.48486328125,69308.31225585938,68502.4140625,68472.3779296875,13.923085514921695,8.89701699046418,13.321479498874396,13.596235501114279,50.399633997585624,889.8555060004583,55.97238200425636,1.2663210000027902,10.675035030995787,10.816924299004313,10.90891913499945,10.8964980439996
"[16, 6, 5, 5]",16,8,2,512,2991,3211,3627,9263,2130,2361,2568,6180,53966.39453125,ok,3304.64453125,2400.90625,3250.481201171875,3304.104736328125,50661.75,51565.4765625,50715.311767578125,50679.731201171875,16.037568997591734,10.738933017477393,16.507910005748272,16.50208000652492,57.084831001702696,941.7072139985976,58.72261299373349,1.3397639995673671,10.527893202997802,10.741662382002687,10.722140584002773,10.806977547996212
"[16, 6, 5, 5]",16,4,4,512,2971,3171,3527,9701,2192,2429,2643,6613,74740.796875,ok,3527.687255859375,2608.845703125,3448.741943359375,3524.283447265625,71213.10961914062,72131.669921875,71289.09399414062,71233.39624023438,14.88754849229008,9.601386494468898,14.384645496495068,14.37355601042509,56.147128001612145,957.0455689972732,81.59618500212673,3.497459001664538,10.831024323000747,10.751964921000763,10.82305890200223,10.760604587005218
"[16, 6, 5, 5]",16,2,8,512,3087,3229,3817,9847,2326,2561,2851,7051,101415.875,ok,3333.823486328125,2483.503173828125,3241.1298828125,3332.580810546875,98082.05151367188,98932.21557617188,98174.2373046875,98105.44262695312,13.9387587539386,8.916315256617963,13.365563241997734,13.288954751798883,49.31376600143267,884.1820529924007,98.02040700014913,1.175039004010614,10.549164787000336,10.817630696001288,10.840510249996441,10.806595598995045
"[16, 6, 5, 5]",32,16,2,512,3873,4013,4649,11845,2492,2721,3013,7301,68304.6015625,ok,3400.36083984375,2394.785888671875,3298.58447265625,3399.56494140625,64904.24072265625,65909.57348632812,65005.50146484375,64927.41943359375,19.551723996177316,13.349701992236078,20.71099802851677,20.65802799537778,76.00753400765825,1062.122000999807,105.91644299711334,1.36275400291197,10.570169061997149,10.759348633000627,10.731074759001785,10.776195977996395
"[16, 6, 5, 5]",32,8,4,512,3831,3973,4567,12603,2503,2720,3036,7690,78075.5,ok,3427.34228515625,2505.677734375,3279.891357421875,3426.8310546875,74648.15771484375,75569.595703125,74795.36645507812,74669.2158203125,16.014438507612795,10.78814551467076,16.47066152188927,16.461360015906394,61.19878300523851,966.4116909989389,152.4434709936031,1.4217350035323761,10.61629582799651,10.765949405998981,10.759240008999768,10.785285069003294
"[16, 6, 5, 5]",32,4,8,512,4011,3911,4807,12461,2669,2811,3214,8012,105279.890625,ok,3438.26025390625,2538.92822265625,3291.717529296875,3437.1845703125,101841.63037109375,102739.29833984375,101988.09497070312,101867.0185546875,14.35468124365434,9.550736251985654,14.373683997429907,14.348297753371298,61.16630199539941,936.6899070082582,152.98923399677733,2.60235600580927,10.578992442999152,10.746699574003287,10.717466281996167,10.745137104997411
"[16, 6, 5, 5]",32,2,16,512,4135,4117,4961,12843,2892,3094,3498,8855,161508.984375,ok,3508.402099609375,2626.5703125,3411.72119140625,3507.753173828125,158000.58227539062,158880.0859375,158096.40380859375,158030.96557617188,13.74442637199536,8.9236714981962,13.3788606247399,13.275472376146354,49.73978600173723,913.6826319954707,101.68229699775111,1.1870099988300353,10.601314401006675,10.73791125400021,10.790434129005007,10.835887348999677
"[16, 6, 5, 5]",64,32,2,512,4773,4855,5691,14487,2795,3139,3339,8057,,OOM_rank3,,,,,,,,,,,,,0.0,0.0,0.0,0.0,,,,
"[16, 6, 5, 5]",64,16,4,512,4853,4855,5749,16005,2927,3121,3499,8983,,OOM_rank3,,,,,,,,,,,,,0.0,0.0,0.0,0.0,,,,
"[16, 6, 5, 5]",64,8,8,512,4851,4853,6127,15583,3018,3132,3643,9003,,OOM_rank3,,,,,,,,,,,,,0.0,0.0,0.0,0.0,,,,
"[16, 6, 5, 5]",64,4,16,512,4851,4733,5807,15021,3057,3224,3695,9226,,OOM_rank2,,,,,,,,,,,,,0.0,0.0,0.0,0.0,,,,
"[16, 6, 5, 5]",64,2,32,512,4851,4863,6031,15613,3406,3618,4146,10452,,OOM_rank3,,,,,,,,,,,,,0.0,0.0,0.0,0.0,,,,
"[16, 7, 5, 4]",8,4,2,512,2551,2453,3547,8061,1970,1878,2699,5686,48936.3359375,ok,3242.290283203125,2386.09912109375,3219.9208984375,3241.80615234375,45694.045654296875,46549.86572265625,45716.0205078125,45704.24072265625,14.409213999286294,11.053979012183845,14.393690994940698,11.615169991739094,49.10893100168323,884.8781769920606,27.093500008049887,1.4642859969171695,10.555864896996354,10.8519608409988,10.75917843500065,10.769048782996833
"[16, 7, 5, 4]",8,2,4,512,2541,2453,3573,8217,2033,1952,2829,6049,65617.4375,ok,3269.328857421875,2417.332275390625,3231.406982421875,3268.1826171875,62348.108642578125,63199.792724609375,62385.632080078125,62357.3876953125,13.89282400207594,10.333608998917043,13.326130495872349,10.645637991372496,48.90793600498,883.3550179988379,42.1274859982077,1.2071879973518662,10.66230087599979,10.83171325299918,10.825571127999865,10.905242346001614
"[16, 7, 5, 4]",16,8,2,512,2991,2671,4107,9263,2108,1996,2883,6090,52389.11328125,ok,3363.57470703125,2407.0390625,3325.076416015625,3363.767333984375,49025.53857421875,49982.07421875,49063.989990234375,49038.760009765625,16.060804984532297,12.503657016903162,16.492455984465778,13.295447001233697,53.54742300551152,988.1744280064595,42.821034003281966,1.2933329999214038,10.690703076994396,10.731142712000292,10.719505519002269,10.796817798996926
"[16, 7, 5, 4]",16,4,4,512,2971,2631,4107,9681,2172,2042,3003,6513,67398.3125,ok,3301.772216796875,2437.55322265625,3232.34912109375,3301.33837890625,64096.540283203125,64960.22802734375,64165.65869140625,64106.78662109375,14.30714550614357,11.106877997517586,14.376654494553804,11.518518996424973,53.80402900482295,898.9984410072793,73.90614299220033,1.3496649917215109,10.567656042003364,10.759558023004502,10.719950370999868,10.716668540000683
"[16, 7, 5, 4]",16,2,8,512,3087,2673,4393,9847,2308,2143,3219,6974,95075.8828125,ok,3327.69384765625,2488.033203125,3247.518798828125,3326.59375,91748.18896484375,92587.427734375,91827.74682617188,91757.25,13.839907748857513,10.361101751215756,13.36865899572149,10.701052756980062,48.80975499690976,872.7019319994724,84.82773799914867,1.4329359983094037,10.652453457994852,10.788018838997232,10.823896806003177,10.834910734003643
"[16, 7, 5, 4]",32,16,2,512,3873,3353,5249,11845,2485,2293,3395,7270,65973.3203125,ok,3392.61328125,2417.513427734375,3315.30029296875,3391.8623046875,62580.70703125,63553.775634765625,62654.84033203125,62596.8564453125,19.536821013316512,15.529767015017569,20.661419993266463,16.59973398130387,73.56859299761709,1021.8294099977356,79.0632020070916,1.6233109927270561,10.612229389000277,10.79362018899701,10.778630401997361,10.814726846998383
"[16, 7, 5, 4]",32,8,4,512,3831,3231,5227,12603,2484,2267,3413,7562,72958.4140625,ok,3484.169189453125,2598.1962890625,3369.2314453125,3483.604248046875,69474.24487304688,70359.8349609375,69588.8857421875,69487.43481445312,15.988757001701742,12.565813001710922,16.47477050218731,13.23285801615566,61.626091999642085,929.2672890005633,118.98232000385178,1.1468989978311583,10.613669894999475,10.741187519997766,10.812842095001542,10.801613224000903
"[16, 7, 5, 4]",32,4,8,512,4011,3231,5587,12441,2636,2327,3634,7845,97307.7109375,ok,3363.44580078125,2522.891357421875,3225.946044921875,3362.88037109375,93944.26513671875,94784.43676757812,94081.60864257812,93954.54931640625,14.277724997606128,11.115342499921098,14.369032748509198,11.575358752161264,59.20198299281765,876.7334239964839,142.2684549979749,1.2020000067423098,10.56928085200343,10.718357907993777,10.749352203994931,10.732709669005999
"[16, 7, 5, 4]",32,2,16,512,4135,3385,5735,12841,2865,2548,3976,8755,154813.078125,ok,3466.791015625,2654.625732421875,3373.474853515625,3466.108642578125,151346.287109375,152157.79614257812,151438.82202148438,151355.17260742188,13.9029682505643,10.389602994313464,13.390707623329945,10.728853375883773,49.517690000357106,845.3012739992118,97.99450699210865,1.362713002890814,10.689529966002738,10.725427885001409,10.789823537998018,10.712113922003482
"[16, 7, 5, 4]",64,32,2,512,4853,4695,6791,15407,2922,2829,3970,8563,,OOM_rank2,,,,,,,,,,,,,0.0,0.0,0.0,0.0,,,,
"[16, 7, 5, 4]",64,16,4,512,4853,4133,6809,16565,2972,2650,4065,9170,,OOM_rank2,,,,,,,,,,,,,0.0,0.0,0.0,0.0,,,,
"[16, 7, 5, 4]",64,8,8,512,4851,4073,7327,16003,3045,2643,4220,9077,,OOM_rank2,,,,,,,,,,,,,0.0,0.0,0.0,0.0,,,,
"[16, 7, 5, 4]",64,4,16,512,4851,3893,6627,14961,3021,2655,4173,9092,,OOM_rank2,,,,,,,,,,,,,0.0,0.0,0.0,0.0,,,,
"[16, 7, 5, 4]",64,2,32,512,4861,4329,7213,16175,3479,3091,4881,10749,,OOM_rank2,,,,,,,,,,,,,0.0,0.0,0.0,0.0,,,,
"[16, 8, 4, 4]",8,4,2,512,2091,2453,4027,8101,1635,1899,3057,5726,48595.859375,ok,3242.785888671875,2400.76708984375,3217.5595703125,3242.627197265625,45353.073486328125,46194.84228515625,45378.1318359375,45367.677490234375,14.375641002319753,12.621445002965629,11.535045007243752,11.546484997496009,40.76551199977985,861.4967260000412,30.306359003589023,0.806910997198429,10.607829668995691,10.715445665999141,10.786487247998593,10.77119002299878
"[16, 8, 4, 4]",8,2,4,512,2075,2453,4041,8217,1686,1964,3183,6074,65600.640625,ok,3283.389404296875,2430.44140625,3257.24462890625,3282.885009765625,62317.251220703125,63170.10546875,62343.23974609375,62334.091552734375,13.914143989793956,11.805766999255866,10.684108993504196,10.640400994103402,40.48764400067739,876.1512720011524,30.54464500019094,1.9640910031739622,10.575708864998887,10.807230644997617,10.78728173700074,10.848576252996281
"[16, 8, 4, 4]",16,8,2,512,2471,2671,4647,9263,1745,1983,3224,6108,52330.3984375,ok,3305.07470703125,2424.73876953125,3259.083740234375,3304.548828125,49025.32373046875,49905.33544921875,49071.424072265625,49043.400390625,16.076128999702632,14.287644993513823,13.244400000199676,13.21786199323833,47.74678700050572,902.3604590038303,50.81863300438272,1.3156740023987368,10.656878059002338,10.790758032002486,10.719416785002977,10.767841288994532
"[16, 8, 4, 4]",16,4,4,512,2391,2631,4647,9701,1776,2031,3370,6497,67461.0546875,ok,3278.358642578125,2421.076904296875,3223.103515625,3277.974609375,64182.696044921875,65040.016845703125,64237.693359375,64201.416015625,14.355097993277013,12.660169494338334,11.540083495434374,11.493775508832186,41.65857499901904,880.8344590070192,59.92285199317848,1.1123380027129315,10.616361603002588,10.752515084997867,10.845973187002528,10.727919429002213
"[16, 8, 4, 4]",16,2,8,512,2411,2673,4949,9847,1858,2140,3631,6968,94769.1328125,ok,3339.548583984375,2498.565185546875,3262.497802734375,3338.660400390625,91429.58422851562,92270.37231445312,91506.30688476562,91446.54272460938,13.790291503770277,11.81954449787736,10.706296754535288,10.69717399822548,40.08150500158081,863.4262229970773,81.38175899512134,1.269331005460117,10.663822371003334,10.767957901996851,10.749885937999352,10.69515478899848
"[16, 8, 4, 4]",32,16,2,512,3193,3353,5929,11845,2030,2264,3785,7216,65037.5,ok,3358.729248046875,2411.2587890625,3279.138916015625,3357.95068359375,61678.770751953125,62626.3623046875,61756.954833984375,61702.68994140625,19.569358002394438,17.699951972812414,16.60522201191634,16.623753994703293,63.545302000420634,981.5436739954748,80.64191000448773,3.7727640083176084,10.606622920000518,10.74429152799712,10.712159782997333,10.651890433997323
"[16, 8, 4, 4]",32,8,4,512,3151,3231,5927,12603,2026,2245,3805,7351,71373.6640625,ok,3360.891845703125,2469.043212890625,3245.582275390625,3360.46435546875,68012.77221679688,68904.42553710938,68128.00366210938,68033.88720703125,16.015914501156658,14.300710499286652,13.210529496893287,13.177246993873268,46.049474003666546,915.6330109981354,120.15833100304008,1.2185099985799752,10.575839647994144,10.778968065998924,10.733411476001493,10.849059984000633
"[16, 8, 4, 4]",32,4,8,512,3111,3231,6347,12441,2096,2328,4114,7889,96526.8671875,ok,3361.46630859375,2490.8154296875,3235.977294921875,3360.876220703125,93165.40087890625,94035.3486328125,93290.48364257812,93183.71752929688,14.317491746507585,12.681754253339022,11.579084759345278,11.544370748102665,44.4382929999847,893.8288379940786,129.94501399225555,1.192130999697838,10.617162099995767,10.749433539000165,10.731746876997931,10.707686644003843
"[16, 8, 4, 4]",32,2,16,512,3323,3385,6487,12841,2335,2550,4500,8771,154656.359375,ok,3466.617919921875,2602.305419921875,3372.782470703125,3466.1708984375,151189.74145507812,152053.06958007812,151282.37377929688,151206.7041015625,13.871190753416158,11.828523505129851,10.725750124780461,10.72317987238057,39.91393199976301,885.4214300008607,97.4612909994903,1.2977829974261113,10.57835548499861,10.701148290994752,10.699545701005263,10.719644534998224
"[16, 8, 4, 4]",64,32,2,512,4673,4855,8471,16987,2685,3069,4903,9582,81321.296875,ok,3561.672607421875,2394.01171875,3387.221923828125,3561.17041015625,77759.62426757812,78925.55078125,77933.80932617188,77802.24365234375,27.09570600837469,24.33549701794982,23.186475998722017,23.365624980069697,83.44101900001988,1213.4357929971884,179.28546899929643,2.212674997281283,10.498150375999103,10.682368870999198,10.730657259002328,10.750817064996227
"[16, 8, 4, 4]",64,16,4,512,4573,4493,8489,18405,2690,2869,5007,10235,100150.0078125,ok,3503.784912109375,2531.982421875,3283.837890625,3503.0068359375,96646.22290039062,97617.478515625,96866.826171875,96680.2431640625,19.66469601681456,17.862053493969142,16.740513499826193,16.62548100668937,65.36758600122994,1006.9419909996213,222.99388400278986,4.065253000590019,10.509687688005215,10.705960281993612,10.765830651005672,10.833228299998154
"[16, 8, 4, 4]",64,8,8,512,4471,4493,9307,18083,2662,2846,5281,10101,102318.1484375,ok,3509.104736328125,2614.647705078125,3254.04052734375,3509.572509765625,98809.04370117188,99703.76635742188,99064.43603515625,98828.74780273438,15.93385000876151,14.310682501178235,13.251181246014312,13.214429749175906,46.48773300141329,922.4047440002323,260.10275300359353,1.2374609941616654,10.655386985003133,10.710964448997402,10.748027374997037,10.733571742995991
"[16, 8, 4, 4]",64,4,16,512,4711,4453,9027,17761,2865,2991,5484,10675,157633.90625,ok,3540.811767578125,2668.261474609375,3408.68408203125,3540.936279296875,154093.09448242188,154965.84790039062,154225.90966796875,154111.01684570312,14.398784379009157,12.687389368540607,11.590192370349541,11.58006212010514,44.8416939980234,896.9536579970736,138.08156700542895,1.2913120008306578,10.588383198002703,10.706481273999088,10.778773174999515,10.741259367001476
"[16, 8, 4, 4]",64,2,32,512,4847,4829,9437,18573,3201,3391,6192,12072,272455.75,ok,3605.55517578125,2739.029052734375,3511.90625,3604.318115234375,268850.19482421875,269715.7209472656,268942.875,268867.1193847656,13.81346774433041,11.844013686990365,10.736488625057973,10.7359785012668,40.11106399411801,887.4911490056547,97.23196500272024,1.3161319948267192,10.57922050900379,10.783042593000573,10.728892806997465,10.759731849997479
"[16, 8, 5, 3]",8,4,2,512,2551,2073,4007,8061,1957,1547,3052,5717,48866.515625,ok,3243.92236328125,2386.269287109375,3224.2001953125,3242.77587890625,45622.59326171875,46479.879150390625,45641.8701171875,45630.46240234375,14.419684999622405,12.663024994544685,14.395469012670219,8.777352002914995,45.819786995707545,881.7780930039589,23.490498002502136,1.172281008621212,10.623852737000561,10.732395626000653,10.605767783999909,10.799591517999943
"[16, 8, 5, 3]",8,2,4,512,2541,2073,4041,8217,2022,1582,3170,6042,63753.54296875,ok,3266.24267578125,2439.189453125,3237.458984375,3265.196044921875,60487.30029296875,61313.623046875,60515.462890625,60494.132080078125,13.738122486975044,11.803239500615746,13.316263505723327,8.077958496287465,48.39994201029185,856.6984659992158,31.447815003048163,1.6531220026081428,10.649103978001222,10.814164333998633,10.746270923002157,10.86903476799489
"[16, 8, 5, 3]",16,8,2,512,2991,2131,4647,9263,2119,1632,3264,6125,51525.3984375,ok,3283.101806640625,2418.419677734375,3251.63720703125,3282.893310546875,48242.296630859375,49106.955322265625,48273.39404296875,48252.317626953125,16.019702998921275,14.289787009358406,16.500781011767685,10.014304000884295,53.81454799498897,891.7781959971762,35.34872699674452,1.159489998826757,10.596285934996558,10.74154806399747,10.773871974997746,10.870989626004302
"[16, 8, 5, 3]",16,4,4,512,2971,2091,4627,9761,2171,1650,3363,6524,66499.4921875,ok,3280.396240234375,2450.611083984375,3239.996337890625,3279.66162109375,63219.095947265625,64048.279541015625,63258.464599609375,63226.97900390625,14.379867502022535,12.663468500133604,14.380879491567612,8.719875003676862,54.827271997055504,863.4395349945407,43.619452000712045,1.3189539895392954,10.595269750003354,10.794919710999238,10.701937482001085,10.80303904399625
"[16, 8, 5, 3]",16,2,8,512,3085,2157,4949,9847,2302,1719,3623,6963,93124.859375,ok,3319.2724609375,2490.48876953125,3266.01513671875,3318.7001953125,89805.5869140625,90633.83935546875,89858.50830078125,89812.5185546875,13.740318708820269,11.8288697458338,13.35229050181806,8.088511245790869,47.87691000092309,859.3120229925262,56.33832100284053,1.2577499946928583,10.564192041005299,10.805250519995752,10.808599634001439,10.856783850998909
"[16, 8, 5, 3]",32,16,2,512,3873,2693,5929,11845,2479,1861,3797,7241,64113.234375,ok,3339.337646484375,2401.152099609375,3278.41796875,3338.912109375,60773.896728515625,61711.410400390625,60834.3671875,60788.083984375,19.568443977274,17.710951040498912,20.665485000237823,12.517412993125618,81.63284399779513,992.5544680008898,65.28307500411756,1.5420509953401051,10.613150379002036,10.703655705998244,10.73484619500232,10.761280798004009
"[16, 8, 5, 3]",32,8,4,512,3831,2593,5927,12603,2467,1824,3815,7559,71593.6640625,ok,3345.9384765625,2503.57666015625,3261.192138671875,3345.522216796875,68247.7255859375,69089.61083984375,68332.22192382812,68257.96997070312,15.99900298891589,14.297944997437298,16.470646996516734,9.995362931396812,62.498895000317134,879.8792989982758,88.44948600744829,1.1489190001157112,10.60900665900408,10.72169071600365,10.730629500001669,10.864393541996833
"[16, 8, 5, 3]",32,4,8,512,4011,2571,6347,12441,2647,1883,4132,7897,96669.765625,ok,3340.802978515625,2545.229736328125,3253.97412109375,3339.560791015625,93328.96264648438,94123.27026367188,93414.83837890625,93336.78295898438,14.373805002542213,12.669757752213627,14.37296876241453,8.74577524641063,62.18673800321994,830.5859150059405,90.18868999555707,1.5901309961918741,10.59045661699929,10.679214929994487,10.785688126998139,10.801608544999908
"[16, 8, 5, 3]",32,2,16,512,4135,2653,6487,12843,2872,2028,4506,8782,151217.265625,ok,3409.479736328125,2640.753662109375,3317.626953125,3408.880615234375,147807.78588867188,148576.62133789062,147899.373046875,147814.58813476562,13.664836876560003,11.83551287802402,13.377978251199238,8.091823628812563,48.16492700774688,799.2775309976423,95.76001900131814,1.4118549952399917,10.549348398002621,10.732898864996969,10.770174108998617,10.888048371001787
"[16, 8, 5, 3]",64,32,2,512,4853,3475,7651,15407,2910,2182,4433,8530,,OOM_rank2,,,,,,,,,,,,,0.0,0.0,0.0,0.0,,,,
"[16, 8, 5, 3]",64,16,4,512,4853,3275,7729,16565,2940,2114,4542,9056,,OOM_rank2,,,,,,,,,,,,,0.0,0.0,0.0,0.0,,,,
"[16, 8, 5, 3]",64,8,8,512,4851,3193,8327,16003,3040,2104,4772,9109,,OOM_rank2,,,,,,,,,,,,,0.0,0.0,0.0,0.0,,,,
"[16, 8, 5, 3]",64,4,16,512,4851,3053,7567,14961,3016,2116,4693,9077,,OOM_rank2,,,,,,,,,,,,,0.0,0.0,0.0,0.0,,,,
"[16, 8, 5, 3]",64,2,32,512,4861,3385,8237,16175,3467,2452,5511,10706,,OOM_rank2,,,,,,,,,,,,,0.0,0.0,0.0,0.0,,,,
"[16, 9, 4, 3]",8,4,2,512,2091,2073,4487,8061,1622,1537,3345,5661,47198.4375,ok,3229.720458984375,2397.2158203125,3207.83251953125,3228.978515625,43968.717041015625,44800.5302734375,43989.87451171875,43979.111328125,14.382604002952576,14.163051995448768,11.560340006835759,8.678858008235693,40.739010997640435,850.4450680047739,24.950756000180263,1.1835799887194298,10.65484028300125,10.69101380900247,10.730732454001554,10.696973377001996
"[16, 9, 4, 3]",8,2,4,512,2075,2073,4649,8217,1666,1573,3518,5979,60304.03515625,ok,3245.315185546875,2423.333984375,3228.5234375,3245.24609375,57058.719970703125,57880.048828125,57075.65625,57065.22265625,13.753880006726831,13.252999504562467,10.678806498181075,8.019491004757583,39.70544500043616,840.8000970011926,21.985771003528498,2.14689300628379,10.666801662999205,10.770136181999987,10.830188546999125,10.865016948999255
"[16, 9, 4, 3]",16,8,2,512,2471,2131,5207,9263,1740,1609,3589,6078,50991.32421875,ok,3283.90869140625,2437.748779296875,3252.10205078125,3283.04736328125,47707.41552734375,48553.192626953125,47738.56201171875,47720.50341796875,16.08068199828267,16.04438698850572,13.271863996051252,9.930975017137825,50.504995000665076,866.8894690054003,35.69441500440007,1.3459740075631998,10.562330496002687,10.731134204004775,10.844588464999106,10.77917923500354
"[16, 9, 4, 3]",16,4,4,512,2451,2091,5347,9801,1784,1643,3751,6482,62442.1640625,ok,3280.79248046875,2437.266357421875,3239.970703125,3280.341552734375,59161.37158203125,60004.737548828125,59201.576171875,59170.951416015625,14.35114251356572,14.185822002124041,11.535716000944376,8.66890849894844,43.39211800106568,861.9179029992665,44.46740399725968,1.2762920014210977,10.586820738004462,10.811622261004231,10.763717251000344,10.87378775900288
"[16, 9, 4, 3]",16,2,8,512,2411,2157,5505,9847,1848,1712,3971,6907,89198.59375,ok,3302.0517578125,2485.821533203125,3241.310302734375,3301.545654296875,85896.5419921875,86711.49096679688,85956.19750976562,85902.54809570312,13.703023251146078,13.280964999226853,10.707299499772489,8.061553502338938,40.78269999445183,835.698026996397,64.66467999416636,1.4436659985221922,10.605697892002354,10.678457624999282,10.762101889995392,10.826400390993513
"[16, 9, 4, 3]",32,16,2,512,3193,2693,6669,11845,2033,1847,4186,7177,63112.6171875,ok,3334.687744140625,2421.078125,3274.515380859375,3334.031982421875,59777.929443359375,60690.97265625,59837.871337890625,59794.081298828125,19.538600025698543,19.887670001015067,16.598585976287723,12.57115200534463,61.49856100091711,937.6612819978618,64.47286599723157,5.201640000450425,10.550362266003503,10.702314962996752,10.81673561900243,10.846459644002607
"[16, 9, 4, 3]",32,8,4,512,3151,2593,6947,12603,2032,1824,4279,7409,67436.765625,ok,3331.380126953125,2471.107666015625,3246.244873046875,3330.648681640625,64105.385498046875,64965.353271484375,64189.997314453125,64118.218505859375,15.973616489674896,16.037500008009374,13.241065997630358,9.952951500657946,52.008364007633645,879.9311650000163,88.62126899475697,1.290842003072612,10.638250737996714,10.696685782000714,10.771017905004555,10.75942235399998
"[16, 9, 4, 3]",32,4,8,512,3111,2571,7047,12421,2093,1868,4522,7823,91409.890625,ok,3317.17724609375,2504.98974609375,3230.141357421875,3315.33935546875,88092.71337890625,88903.66650390625,88178.63989257812,88102.35595703125,14.222465498605743,14.171819004695863,11.587293749442324,8.714494246756658,48.15060499095125,829.0168690000428,90.03305499209091,1.0396359939477406,10.653683634998742,10.700184649998846,10.801026665998506,10.817391825999948
"[16, 9, 4, 3]",32,2,16,512,3323,2653,7199,12843,2330,2015,4991,8741,149727.359375,ok,3400.825927734375,2596.046875,3308.7763671875,3399.82666015625,146326.53344726562,147130.421875,146418.4111328125,146333.48583984375,13.858039751183242,13.293652503285557,10.729330379515886,8.089932123431936,39.694603998214006,824.3755440053064,97.09761300473474,6.355138997605536,10.596222896005202,10.738591670997266,10.793995561005431,10.785992391000036
"[16, 9, 4, 3]",64,32,2,512,4673,3955,9571,16987,2675,2361,5464,9466,78057.75,ok,3462.234130859375,2399.86279296875,3330.079833984375,3461.918212890625,74595.51586914062,75657.41064453125,74727.83422851562,74614.65991210938,27.123841976746917,27.362023953348398,23.18905397783965,17.47575801052153,88.06954600004246,1107.1075159998145,134.4777289996273,4.910582996672019,10.575587548002659,10.632302519996301,10.793624391997582,10.833448819998011
"[16, 9, 4, 3]",64,16,4,512,4573,3535,9969,18405,2684,2285,5757,10136,94381.75,ok,3407.941650390625,2537.43212890625,3233.670166015625,3407.492431640625,90973.80834960938,91843.07568359375,91147.15795898438,90986.08569335938,19.602685494348407,20.006848986726254,16.7010165033862,12.59708700235933,79.16061399737373,917.5504470040323,179.54308899788884,1.924939002492465,10.693203636998078,10.691187363998324,10.74814201099798,10.783818664996943
"[16, 9, 4, 3]",64,8,8,512,4471,3513,9947,18083,2664,2265,5832,10109,100151.5078125,ok,3407.31591796875,2602.90966796875,3221.29931640625,3406.34716796875,96744.19189453125,97547.37158203125,96929.95068359375,96756.04345703125,15.92928649764508,16.028377497801557,13.27350725303404,9.981587255839258,51.97624200809514,824.3142320061452,190.46768300177064,1.2481220037443563,10.552998403996753,10.674745213000278,10.727091725006176,10.68120560600073
"[16, 9, 4, 3]",64,4,16,512,4651,3453,9967,17741,2837,2350,6065,10609,,OOM_rank1,,,,,,,,,,,,,0.0,0.0,0.0,0.0,,,,
"[16, 9, 4, 3]",64,2,32,512,4847,3725,9983,18573,3185,2670,6823,12006,267924.25,ok,3548.316650390625,2783.268798828125,3455.265869140625,3547.354248046875,264375.9333496094,265140.1374511719,264468.0466308594,264382.8957519531,13.868402186140884,13.29040912433993,10.74672506697243,8.103446124005131,40.6438190038898,782.9184730071574,95.72363800543826,1.3817239960189909,10.563117587000306,10.596150714998657,10.6502201780022,10.799718603993824
"[16, 9, 5, 2]",8,4,2,512,2551,1693,4487,8061,1964,1196,3357,5695,47823.83203125,ok,3232.594970703125,2399.67138671875,3224.058837890625,3232.150634765625,44591.237060546875,45423.46923828125,44599.116943359375,44596.790771484375,14.40412101149559,14.180663011036813,14.40361101552844,5.899948001373559,46.32742199464701,855.0789040018572,11.194491999049205,1.1789499985752627,10.578318521002075,10.710608485002012,10.790677960998437,10.829349139996339
"[16, 9, 5, 2]",8,2,4,512,2541,1693,4649,8217,2026,1213,3511,6018,62953.58984375,ok,3293.10205078125,2469.015625,3278.49267578125,3292.320068359375,59660.48779296875,60484.0859375,59674.70654296875,59665.379150390625,13.778794002719223,13.257318999618292,13.309445498976856,5.469189002644271,46.676660000230186,850.5639399954816,17.48951800254872,1.2706919951597229,10.683071514002222,10.822154308996687,10.820091508998303,11.02880936699512
"[16, 9, 5, 2]",16,8,2,512,2991,1693,5207,9263,2116,1269,3609,6109,50782.24609375,ok,3265.00146484375,2431.42138671875,3246.78955078125,3264.449462890625,47517.24462890625,48350.69580078125,47535.06201171875,47524.304443359375,16.050294025801122,16.050862001255155,16.499466001987457,6.728430001996458,54.84119299944723,858.511289996386,21.07854699715972,1.2418309997883625,10.669673579002847,10.797490951998043,10.752590877003968,10.804596989000856
"[16, 9, 5, 2]",16,4,4,512,2971,1693,5347,9761,2146,1276,3754,6477,65242.6171875,ok,3257.882568359375,2450.104248046875,3225.352294921875,3257.701171875,61984.734619140625,62792.434814453125,62017.319580078125,61990.341796875,14.404195996467024,14.200290495995432,14.37510798824951,5.900960502913222,53.4317799974815,835.861962994386,35.78053700766759,1.0820759998750873,10.653352620996884,10.70728309200058,10.779568842001026,10.768908136000391
"[16, 9, 5, 2]",16,2,8,512,3087,1693,5505,9847,2303,1318,4011,6951,92188.9921875,ok,3324.906494140625,2550.890380859375,3283.431396484375,3324.155517578125,88864.08569335938,89637.17993164062,88904.49047851562,88868.99291992188,13.747010251041502,13.272897747345269,13.360568754374981,5.463179250946268,44.08122500171885,799.0879110075184,43.32999600592302,1.2621919959201477,10.674762976996135,10.796128098001645,10.826214271997742,10.775518211004965
"[16, 9, 5, 2]",32,16,2,512,3873,2055,6669,11845,2461,1405,4188,7179,62827.9296875,ok,3338.070068359375,2436.465576171875,3300.441162109375,3337.455810546875,59489.859619140625,60391.221923828125,59527.238525390625,59495.505126953125,19.61480698827654,19.90845900774002,20.67044400330633,8.456143996212631,74.77038299839478,938.3731710040593,42.373061995022,5.717974003346171,10.684681824997824,10.720333129997016,10.818149248996633,10.768477614001313
"[16, 9, 5, 2]",32,8,4,512,3831,1931,6947,12603,2482,1408,4352,7546,70406.4375,ok,3314.798583984375,2505.64599609375,3258.078125,3314.5966796875,67091.63891601562,67900.54931640625,67148.140625,67098.2939453125,15.994682007934898,16.03466800460592,16.461826477665454,6.730400996748358,61.78309700044338,840.1352790024248,60.0173549973988,4.399099008878693,10.717840876997798,10.75013638499513,10.729878987003758,10.893611640996824
"[16, 9, 5, 2]",32,4,8,512,4011,1871,7047,12461,2630,1418,4540,7861,95409.0234375,ok,3297.331298828125,2551.5888671875,3225.8251953125,3297.08544921875,92111.69213867188,92856.7939453125,92182.6513671875,92117.19580078125,14.345165496924892,14.194433001801372,14.37422075192444,5.8887167539214715,57.90989200613694,773.7488869970548,73.52894200448645,1.1451980026322417,10.685033733003365,10.722564584000793,10.875212649996683,10.829378980997717
"[16, 9, 5, 2]",32,2,16,512,4135,1901,7197,12843,2865,1527,4992,8752,152390.359375,ok,3373.875244140625,2656.78955078125,3289.5908203125,3373.1220703125,149016.48413085938,149733.30419921875,149100.8623046875,149021.4716796875,13.870797878247686,13.288314000936225,13.385474253562279,5.461693250283133,48.35526399256196,743.9418300054967,87.7085399988573,1.2223520025145262,10.658515450995765,10.759606099003577,10.84921643800044,10.908663710004475
"[16, 9, 5, 2]",64,32,2,512,4853,2675,8651,15407,2880,1624,4904,8441,,OOM_rank2,,,,,,,,,,,,,0.0,0.0,0.0,0.0,,,,
"[16, 9, 5, 2]",64,16,4,512,4853,2415,9169,16565,2928,1595,5177,9023,,OOM_rank2,,,,,,,,,,,,,0.0,0.0,0.0,0.0,,,,
"[16, 9, 5, 2]",64,8,8,512,4851,2313,9227,16003,3038,1567,5279,9109,,OOM_rank2,,,,,,,,,,,,,0.0,0.0,0.0,0.0,,,,
"[16, 9, 5, 2]",64,4,16,512,4851,2193,8507,14961,3016,1572,5241,9073,,OOM_rank2,,,,,,,,,,,,,0.0,0.0,0.0,0.0,,,,
"[16, 9, 5, 2]",64,2,32,512,4861,2381,9163,16173,3473,1806,6144,10725,,OOM_rank2,,,,,,,,,,,,,0.0,0.0,0.0,0.0,,,,
"[16, 10, 3, 3]",8,4,2,512,1631,2073,4947,8061,1282,1552,3695,5723,48239.58984375,ok,3247.17578125,2412.34423828125,3225.596923828125,3246.51171875,44992.4140625,45826.19873046875,45013.637451171875,45006.25390625,14.38180800434202,15.74586598854512,8.749385990202427,8.675593013409525,41.48200000054203,848.5302740009502,24.69917001144495,1.5249879943439737,10.618567185010761,10.66595347499242,10.64811756600102,10.753818429002422
"[16, 10, 3, 3]",8,2,4,512,1607,2073,5097,8217,1290,1570,3835,5971,61275.30859375,ok,3254.898681640625,2423.245849609375,3223.233642578125,3254.533935546875,58020.409912109375,58851.797119140625,58051.817138671875,58032.282470703125,13.584348998498172,14.630918503273278,8.101952989352867,8.069723496446386,38.75211100967135,845.3846460033674,35.518313001375645,1.2054510152665898,10.647250496011111,10.702222784995683,10.82726069400087,10.813266880999436
"[16, 10, 3, 3]",16,8,2,512,1911,2131,5747,9263,1358,1617,3920,6121,52022.30859375,ok,3254.001708984375,2405.3525390625,3225.3818359375,3253.557861328125,48768.306884765625,49616.4755859375,48796.5126953125,48782.410888671875,16.00921700336039,17.828460005111992,10.019175007008016,9.9336290191859,49.96659500466194,865.6011330022011,32.58237800037023,1.241851001395844,10.648225310011185,10.570203130992013,10.676615222007968,10.732988496994949
"[16, 10, 3, 3]",16,4,4,512,1891,2091,5987,9701,1392,1638,4127,6438,64574.53515625,ok,3274.386474609375,2419.977294921875,3237.85205078125,3273.759033203125,61300.148681640625,62153.639892578125,61336.53857421875,61313.424560546875,14.39274200052023,15.701297495514154,8.74838850600645,8.701922497013584,46.767131992965005,868.7882250087569,40.21058900980279,1.5111999964574352,10.672468478005612,10.704477530001896,10.704864751998684,10.744736811000621
"[16, 10, 3, 3]",16,2,8,512,1855,2157,6141,9847,1449,1723,4411,6975,91886.578125,ok,3326.65234375,2460.527587890625,3272.713134765625,3326.309326171875,88559.92578125,89424.85522460938,88609.77124023438,88570.69067382812,13.79726125439629,14.63802199671045,8.09965024748817,8.080291243852116,42.205787991406396,879.3411389924586,54.25889199250378,1.2930220109410584,10.60985007599811,10.718038523002178,10.814103273005458,10.817990440002177
"[16, 10, 3, 3]",32,16,2,512,2453,2693,7329,11845,1598,1862,4628,7261,64316.7265625,ok,3321.006103515625,2432.66455078125,3258.547119140625,3320.174072265625,60995.720458984375,61880.47998046875,61057.902099609375,61016.880615234375,19.570244010537863,22.080165008082986,12.503184012137353,12.559672003611922,58.42052698426414,905.9875370003283,68.94087999535259,6.46584399510175,10.627813857005094,10.627068678004434,10.775682998006232,10.819763913998031
"[16, 10, 3, 3]",32,8,4,512,2451,2593,7847,12603,1596,1827,4806,7517,70307.6953125,ok,3338.031005859375,2477.210693359375,3253.66162109375,3337.8046875,66969.66430664062,67830.42993164062,67053.94775390625,66983.828125,15.992472489830106,17.797873003408313,10.00462949462235,9.965534007642418,57.49763300991617,877.999575008289,88.16615300020203,1.1128680052934214,10.527976301003946,10.590837640003883,10.683646638994105,10.775600406996091
"[16, 10, 3, 3]",32,4,8,512,2391,2571,7807,12461,1644,1878,5013,7906,97009.6171875,ok,3343.003662109375,2482.763671875,3259.136962890625,3341.91064453125,93666.61352539062,94525.947265625,93750.91772460938,93679.05029296875,14.35655151028186,15.690587736433372,8.73947324580513,8.736082753748633,49.505152986967005,874.019185997895,88.54105199861806,1.2593610008480027,10.570832027995493,10.660137279992341,10.694740108010592,10.82232331999694
"[16, 10, 3, 3]",32,2,16,512,2569,2653,7951,12843,1817,2030,5522,8798,151795.78125,ok,3402.08740234375,2538.619873046875,3309.60791015625,3400.50341796875,148393.69384765625,149256.25512695312,148485.37646484375,148404.91845703125,13.684514624532312,14.603794247144833,8.098948000231758,8.099594500963576,45.092310989275575,876.6696199891157,95.85100499680266,1.304581994190812,10.508284177994938,10.659120313008316,10.771940965001704,10.804420299013145
"[16, 10, 3, 3]",64,32,2,512,3493,3755,9971,16687,2038,2330,5875,9318,,OOM_rank1,,,,,,,,,,,,,0.0,0.0,0.0,0.0,,,,
"[16, 10, 3, 3]",64,16,4,512,3453,3515,9969,17825,2039,2235,6156,9822,,OOM_rank1,,,,,,,,,,,,,0.0,0.0,0.0,0.0,,,,
"[16, 10, 3, 3]",64,8,8,512,3291,3393,9967,17043,1988,2188,6088,9681,,OOM_rank1,,,,,,,,,,,,,0.0,0.0,0.0,0.0,,,,
"[16, 10, 3, 3]",64,4,16,512,3151,3193,9967,16061,2015,2221,6162,9774,,OOM_rank1,,,,,,,,,,,,,0.0,0.0,0.0,0.0,,,,
"[16, 10, 3, 3]",64,2,32,512,3423,3505,9977,17013,2298,2538,6994,11209,,OOM_rank1,,,,,,,,,,,,,0.0,0.0,0.0,0.0,,,,
"[16, 10, 4, 2]",8,4,2,512,2091,1693,4947,8041,1616,1189,3643,5628,46101.84765625,ok,3249.80029296875,2412.7939453125,3236.832275390625,3249.276123046875,42852.04736328125,43688.6513671875,42864.593505859375,42857.766845703125,14.381380000151694,15.745690001174808,11.590732995420694,5.877144001889974,43.007639003917575,854.1930050123483,15.912029994069599,1.1458090011728927,10.622216971009038,10.646960492988,10.74761366599705,10.692720901002758
"[16, 10, 4, 2]",8,2,4,512,2073,1693,5097,8217,1661,1208,3827,5961,59681.734375,ok,3261.849609375,2449.02001953125,3244.3125,3260.646484375,56419.884765625,57232.36279296875,56434.0546875,56425.744140625,13.809783009812236,14.644005995243788,10.688265501055866,5.461439500795677,39.94760900968686,828.453462003381,17.558898995048366,1.098348991945386,10.5569625729986,10.64581087899569,10.858062995001092,10.756980601989198
"[16, 10, 4, 2]",16,8,2,512,2471,1693,5747,9263,1733,1260,3898,6100,49673.421875,ok,3272.636474609375,2433.23291015625,3251.654541015625,3271.91015625,46400.785400390625,47239.82958984375,46421.736083984375,46407.94140625,16.038244006223977,17.835573996417224,13.287076005712152,6.731496000662446,52.91232500167098,858.6161659914069,24.238215992227197,1.3916839961893857,10.558595192997018,10.676140466996003,10.816818079008954,10.885093278993736
"[16, 10, 4, 2]",16,4,4,512,2451,1693,5987,9701,1784,1278,4136,6450,62478.16015625,ok,3277.825927734375,2455.43310546875,3246.1025390625,3277.02490234375,59200.334228515625,60022.22314453125,59231.2255859375,59205.95166015625,14.396054509095848,15.7136485055089,11.577574005816132,5.880837998352945,48.31718100467697,839.2243099951884,34.17600602551829,1.0908059921348467,10.644593858000007,10.681703447990003,10.809114479008713,10.81685738300439
"[16, 10, 4, 2]",16,2,8,512,2409,1693,6141,9847,1854,1316,4409,6931,90032.4296875,ok,3322.3076171875,2517.666748046875,3297.08544921875,3321.97509765625,86710.1220703125,87514.89575195312,86734.63330078125,86714.91552734375,13.86506425542757,14.63837050460279,10.733121002558619,5.451810251222923,42.37765101424884,820.3775979927741,27.870676989550702,1.3329249923117459,10.585171860002447,10.66365097500966,10.753759401995922,10.801308412992512
"[16, 10, 4, 2]",32,16,2,512,3193,2055,7329,11845,2019,1401,4545,7107,61401.77734375,ok,3309.54345703125,2432.764892578125,3266.53125,3309.0234375,58092.23388671875,58968.555419921875,58135.921875,58097.58203125,19.53049700986594,22.073722986504436,16.61256800685078,8.54783300170675,64.05823399836663,903.366887010634,47.44854700402357,5.7774350134423,10.564758397988044,10.633330456999829,10.77302648499608,10.76382100500632
"[16, 10, 4, 2]",32,8,4,512,3151,1931,7847,12603,2039,1403,4796,7496,67941.28125,ok,3315.757080078125,2487.876708984375,3267.6240234375,3314.513916015625,64625.524169921875,65452.646728515625,64673.0556640625,64632.657958984375,15.988382505252957,17.77735648257658,13.282327492721379,6.72388149658218,59.605073009151965,847.0864159899065,50.59601699758787,1.2627909891307354,10.612042902997928,10.656839005008806,10.819642143003875,10.80111564899562
"[16, 10, 4, 2]",32,4,8,512,3111,1871,7807,12461,2102,1419,4992,7865,94295.8046875,ok,3258.926025390625,2492.837890625,3204.465576171875,3257.989013671875,91036.87866210938,91802.271484375,91090.19067382812,91042.58911132812,14.283305246615782,15.666656750952825,11.604483250994235,5.883464251528494,52.03964300744701,782.6175939990208,56.47026599035598,1.0514260065974668,10.649257144003059,10.63445227399643,10.796760156998062,10.74362106899207
"[16, 10, 4, 2]",32,2,16,512,3323,1901,7951,12843,2327,1524,5488,8736,150571.71875,ok,3354.020751953125,2576.51513671875,3275.302001953125,3353.472900390625,147217.69799804688,147994.04736328125,147295.44799804688,147222.71459960938,13.877986375242472,14.653879118850455,10.751441373140551,5.461517625488341,46.56604399497155,793.1845159910154,80.97703801468015,1.130819000536576,10.590512292008498,10.633589432007284,10.776795227997354,10.94072111499554
"[16, 10, 4, 2]",64,32,2,512,4553,3035,9971,16687,2590,1756,5779,9233,,OOM_rank1,,,,,,,,,,,,,0.0,0.0,0.0,0.0,,,,
"[16, 10, 4, 2]",64,16,4,512,4433,2595,9969,17825,2596,1675,6110,9755,,OOM_rank1,,,,,,,,,,,,,0.0,0.0,0.0,0.0,,,,
"[16, 10, 4, 2]",64,8,8,512,4271,2413,9967,17043,2551,1636,6112,9682,,OOM_rank1,,,,,,,,,,,,,0.0,0.0,0.0,0.0,,,,
"[16, 10, 4, 2]",64,4,16,512,4231,2313,9967,16021,2635,1642,6151,9740,,OOM_rank1,,,,,,,,,,,,,0.0,0.0,0.0,0.0,,,,
"[16, 10, 4, 2]",64,2,32,512,4427,2461,9977,17013,2984,1852,6985,11192,,OOM_rank1,,,,,,,,,,,,,0.0,0.0,0.0,0.0,,,,
"[16, 10, 5, 1]",8,4,2,512,2551,1293,4947,8061,1966,827,3669,5692,47137.3046875,ok,3225.376708984375,2400.376953125,3215.7451171875,3224.804443359375,43911.927978515625,44736.408203125,43920.7509765625,43915.254150390625,14.41268699336797,15.76385297998786,14.394837987609208,3.0334029998630285,46.34236899437383,844.3088109925156,11.401804993511178,1.2659300118684769,10.595054460995016,10.756150902001536,10.701774180997745,10.94851683700108
"[16, 10, 5, 1]",8,2,4,512,2543,1293,5097,8217,2032,840,3860,6027,61828.328125,ok,3260.60546875,2452.2353515625,3254.215576171875,3260.214599609375,58567.72265625,59375.5146484375,58573.632080078125,58570.679931640625,13.674669499043375,14.632930486928672,13.321312502026558,2.8164429994067177,45.79380399081856,829.3341859971406,7.494655990740284,1.0375850106356665,10.652719741992769,10.744463738999912,10.841081756996573,10.859973209997406
"[16, 10, 5, 1]",16,8,2,512,2991,1293,5747,9263,2098,868,3918,6062,50018.19140625,ok,3282.30712890625,2450.115478515625,3270.8955078125,3281.580322265625,46735.88427734375,47567.747802734375,46746.7607421875,46740.005615234375,16.037483984604478,17.843522992916405,16.5398019971326,3.4475420012604445,55.95692800125107,854.9655770038953,13.187739983550273,1.0851480183191597,10.689174043000094,10.852534245990682,10.855448828995577,10.752909484988777
"[16, 10, 5, 1]",16,4,4,512,2971,1293,5987,9701,2152,866,4129,6443,64369.13671875,ok,3341.771728515625,2474.51953125,3331.9853515625,3341.443115234375,61027.364990234375,61894.5546875,61036.9912109375,61030.713134765625,14.407096004113555,15.710392493754625,14.377763494383544,3.027682999614626,55.58662900875788,888.76218200312,14.054230996407568,1.0766260093078017,10.735421517994837,10.779845476994524,10.791647154008388,10.798901304995525
"[16, 10, 5, 1]",16,2,8,512,3087,1293,6141,9847,2307,891,4424,6965,92251.8125,ok,3236.193359375,2499.969970703125,3229.79736328125,3236.30224609375,89015.619140625,89750.88940429688,89021.50732421875,89018.52587890625,13.959190750028938,14.660760999424383,13.367066505365074,2.8088912502280436,46.861152004566975,754.9950310058193,9.911508008372039,2.0145720045547932,10.699538720989949,10.72873301099753,10.774050234002061,10.860605547000887
"[16, 10, 5, 1]",32,16,2,512,3873,1293,7329,11845,2454,970,4539,7159,62075.51953125,ok,3283.410888671875,2436.936767578125,3264.23046875,3282.366455078125,58792.108642578125,59635.281982421875,58812.82421875,58794.875732421875,19.586335998028517,22.069180995225906,20.703361975960433,4.317741996841505,72.6363349967869,878.8878759951331,24.336467002285644,5.73299199459143,10.618276391003747,10.823814807998133,10.754584025999065,10.784632258000784
"[16, 10, 5, 1]",32,8,4,512,3831,1293,7847,12603,2472,955,4800,7506,69154.0390625,ok,3294.66064453125,2520.2431640625,3274.776611328125,3292.986572265625,65859.37841796875,66633.4990234375,65879.12182617188,65864.44311523438,15.992115505971014,17.78715397696942,16.468537987209857,3.449373497394845,63.14831899362616,797.3119880043669,22.113041995908134,2.0730920077767223,10.701757227012422,10.787092779006343,10.788573205994908,10.658617130000493
"[16, 10, 5, 1]",32,4,8,512,4011,1293,7847,12441,2634,947,5011,7878,95289.2265625,ok,3224.449951171875,2539.39501953125,3206.022216796875,3223.8408203125,92064.77661132812,92749.21435546875,92082.78247070312,92068.1982421875,14.344620248768479,15.685638496419415,14.404592752456665,3.0299192530219443,53.99827999644913,704.0003650035942,20.373869003378786,1.070206009899266,10.580586529002176,10.742586716994992,10.81798034098756,10.737594562000595
"[16, 10, 5, 1]",32,2,16,512,4135,1293,7951,12843,2863,990,5476,8752,151105.109375,ok,3267.23486328125,2635.3212890625,3232.00830078125,3266.2783203125,147837.87451171875,148468.7724609375,147872.46044921875,147840.8154296875,13.753716126666404,14.639517750125378,13.386830504401587,2.8159566222166177,48.97779499879107,648.8268359971698,36.936643009539694,1.0104359971592203,10.585948781998013,10.76058018799813,10.833000988001004,10.736161146996892
"[16, 10, 5, 1]",64,32,2,512,4853,1755,9511,15407,2861,1129,5332,8370,,OOM_rank2,,,,,,,,,,,,,0.0,0.0,0.0,0.0,,,,
"[16, 10, 5, 1]",64,16,4,512,4853,1533,9969,16565,2944,1073,5773,9064,,OOM_rank2,,,,,,,,,,,,,0.0,0.0,0.0,0.0,,,,
"[16, 10, 5, 1]",64,8,8,512,4851,1433,9967,16003,3046,1042,5809,9128,,OOM_rank2,,,,,,,,,,,,,0.0,0.0,0.0,0.0,,,,
"[16, 10, 5, 1]",64,4,16,512,4851,1333,9367,14961,3037,1019,5808,9146,,OOM_rank2,,,,,,,,,,,,,0.0,0.0,0.0,0.0,,,,
"[16, 10, 5, 1]",64,2,32,512,4861,1435,9967,16175,3474,1132,6749,10726,,OOM_rank2,,,,,,,,,,,,,0.0,0.0,0.0,0.0,,,,
"[16, 11, 3, 2]",8,4,2,512,1631,1693,5407,8041,1277,1199,3981,5679,47200.671875,ok,3248.712646484375,2417.165283203125,3236.052978515625,3246.481689453125,43951.959228515625,44779.373779296875,43964.302490234375,43958.416748046875,14.425760994665325,17.305404026061296,8.754676012322307,5.817814995069057,42.35481799696572,841.6819409903837,15.574600009131245,1.029927996569313,10.695041644998128,10.822244269002113,10.836313018997316,10.821528219996253
"[16, 11, 3, 2]",8,2,4,512,1605,1693,5605,8217,1310,1220,4209,6035,62001.8515625,ok,3249.945556640625,2437.528564453125,3235.778564453125,3249.851806640625,58751.906005859375,59564.947998046875,58766.151123046875,58758.187255859375,13.87627350864932,16.068172506522387,8.10655500460416,5.4223780003376305,42.52416100644041,826.4765089988941,17.122127988841385,1.2719829974230379,10.686294436003664,10.723075792993768,10.873178808004013,10.854997606002144
"[16, 11, 3, 2]",16,8,2,512,1911,1693,6267,9263,1353,1265,4258,6090,50618.72265625,ok,3270.139892578125,2429.791259765625,3248.76708984375,3269.323974609375,47348.582763671875,48188.583740234375,47369.45947265625,47356.761962890625,16.04279099870473,19.591419015079737,10.020587011240423,6.648317993618548,52.852506007184274,856.0241950035561,24.203193985158578,1.09469800372608,10.620285498996964,10.650284518007538,10.75573009699292,10.866042859997833
"[16, 11, 3, 2]",16,4,4,512,1891,1693,6627,9701,1396,1277,4512,6466,64851.97265625,ok,3356.293212890625,2529.48486328125,3331.250244140625,3355.938720703125,61495.679443359375,62322.63623046875,61520.355224609375,61502.748779296875,14.340413993690163,17.273889515083283,8.747785495594144,5.849459005985409,50.10569501610007,841.8473120109411,27.875213010702282,1.0845479991985485,10.679980586995953,10.665491737003322,10.771173183005885,10.844644749013241
"[16, 11, 3, 2]",16,2,8,512,1853,1693,6717,9845,1445,1319,4825,6975,94822.5859375,ok,3323.905029296875,2493.4052734375,3298.34814453125,3323.037353515625,91498.68090820312,92328.5556640625,91523.65185546875,91506.39233398438,13.808326498838142,16.049358513439074,8.101061001885682,5.440673743840307,47.36553700058721,843.2344240136445,29.44172099523712,1.1828180140582845,10.74273525699391,10.752274412996485,10.817745362001006,10.794739329998265
"[16, 11, 3, 2]",32,16,2,512,2453,2055,8009,11845,1580,1411,4967,7163,62438.59375,ok,3296.059326171875,2445.139892578125,3255.456787109375,3295.1787109375,59142.534423828125,59992.731201171875,59183.172119140625,59154.4267578125,19.538040997460485,24.28687501139939,12.523335006088018,8.506354011129588,64.45149199862499,873.8104140065843,44.74875101004727,4.841101996134967,10.592848669999512,10.645743544999277,10.70805326399568,10.712916885997402
"[16, 11, 3, 2]",32,8,4,512,2451,1931,8707,12603,1593,1399,5255,7499,70420.140625,ok,3309.509521484375,2487.9072265625,3252.537353515625,3308.71142578125,67110.63110351562,67931.6005859375,67167.25952148438,67120.86669921875,15.978439992759377,19.55719049181789,10.007445003371686,6.686564004281536,61.71982501109596,836.3147430063691,59.826615994097665,1.2050610093865544,10.605587156998808,10.63451893599995,10.702872195004602,10.594761357002426
"[16, 11, 3, 2]",32,4,8,512,2391,1871,8487,12441,1649,1425,5472,7928,100167.9921875,ok,3271.606201171875,2476.48876953125,3201.498046875,3271.19580078125,96896.38598632812,97691.26123046875,96966.158203125,96903.39013671875,14.269261504989117,17.267046008026227,8.750159740098752,5.868098249309696,52.46086399711203,809.2097680055303,72.70621800853405,1.7137429967988282,10.581504027999472,10.512318438006332,10.748671425011707,10.771311446995242
"[16, 11, 3, 2]",32,2,16,512,2571,1901,8723,12843,1828,1536,6061,8856,160939.296875,ok,3355.810791015625,2545.814453125,3309.613037109375,3355.3076171875,157583.48608398438,158392.669921875,157628.63696289062,157588.8642578125,13.73658874433022,16.060657873982564,8.10725024936255,5.448572126741055,48.02905398537405,824.4210379925789,48.79508198064286,1.2623910006368533,10.67937241999607,10.695161722993362,10.746348804997979,10.805540967005072
"[16, 11, 3, 2]",64,32,2,512,3153,2415,9971,15107,1810,1579,5679,8217,,OOM_rank1,,,,,,,,,,,,,0.0,0.0,0.0,0.0,,,,
"[16, 11, 3, 2]",64,16,4,512,3113,2415,9969,16005,1851,1563,6038,8738,,OOM_rank1,,,,,,,,,,,,,0.0,0.0,0.0,0.0,,,,
"[16, 11, 3, 2]",64,8,8,512,2911,2193,9967,14983,1792,1515,5903,8533,,OOM_rank1,,,,,,,,,,,,,0.0,0.0,0.0,0.0,,,,
"[16, 11, 3, 2]",64,4,16,512,2891,2153,9967,14661,1877,1562,6225,9014,,OOM_rank1,,,,,,,,,,,,,0.0,0.0,0.0,0.0,,,,
"[16, 11, 3, 2]",64,2,32,512,3123,2321,9977,15593,2160,1781,7140,10487,,OOM_rank1,,,,,,,,,,,,,0.0,0.0,0.0,0.0,,,,
"[16, 11, 4, 1]",8,4,2,512,2091,1293,5407,8041,1609,829,3948,5654,46566.6953125,ok,3254.39599609375,2430.836669921875,3247.794189453125,3254.016357421875,43312.29931640625,44135.643798828125,43318.686279296875,43315.639892578125,14.519011989235878,17.299463987350464,11.609001996926963,3.0330249974504113,44.92148901044857,839.5890750107355,8.718466997379437,1.076667002053,10.737720482997247,10.75131638199673,10.768586011006846,10.967114284008858
"[16, 11, 4, 1]",8,2,4,512,2073,1293,5605,8217,1674,842,4197,6017,60925.0,ok,3229.75244140625,2438.7041015625,3218.577392578125,3229.4150390625,57695.24755859375,58486.0380859375,57706.297607421875,57698.1396484375,13.779678500723094,16.089634000789374,10.754013997502625,2.8145704977214336,45.39204102184158,806.5471510053612,12.839309987612069,1.0793080000439659,10.703575583989732,10.810270929010585,10.850222323992057,10.828661078005098
"[16, 11, 4, 1]",16,8,2,512,2471,1293,6267,9263,1740,871,4247,6067,49750.12109375,ok,3276.19580078125,2442.412109375,3268.44921875,3275.61962890625,46473.92529296875,47307.349609375,46481.328125,46478.07958984375,16.06634801067412,19.58937999419868,13.298268002457917,3.4540139958262444,55.22136400395539,852.3346029978711,9.448233016883023,1.1577369878068566,10.663310790012474,10.644878760998836,10.67670024499239,10.751199010002892
"[16, 11, 4, 1]",16,4,4,512,2451,1293,6627,9741,1778,866,4494,6456,63898.36328125,ok,3227.546630859375,2418.640869140625,3216.923583984375,3227.064697265625,60670.816650390625,61479.390380859375,60681.162353515625,60674.255615234375,14.3437869977206,17.2808235026896,11.61104300338775,3.022041500778869,55.03220099490136,826.4648299955297,13.931337001849897,2.2865359933348373,10.62142278799729,10.64693364300183,10.763734331005253,10.690274681997835
"[16, 11, 4, 1]",16,2,8,512,2411,1293,6717,9847,1870,893,4842,7005,93883.2578125,ok,3251.076171875,2472.5400390625,3245.072265625,3251.039306640625,90632.181640625,91411.0380859375,90638.005859375,90635.04663085938,13.797613001894206,16.056218986632302,10.756527757737786,2.811700497928541,52.491296009975486,794.9881390086375,9.19973899726756,1.8689069984247908,10.701966790002189,10.711489806999452,10.80841462999524,10.709499399003107
"[16, 11, 4, 1]",32,16,2,512,3193,1293,8009,11845,2034,979,4936,7125,61161.34765625,ok,3288.007568359375,2443.83837890625,3267.303466796875,3287.211669921875,57873.340087890625,58711.00146484375,57891.719970703125,57872.315673828125,19.561377017758787,24.30309298262,16.621878989972174,4.4022610012907535,72.63681798940524,866.4675670006545,25.412483999389224,1.7665530176600441,10.657771431986475,10.624037653004052,10.796931654011132,10.70062946699909
"[16, 11, 4, 1]",32,8,4,512,3151,1293,8707,12603,2043,949,5267,7518,69820.4609375,ok,3271.28369140625,2497.703857421875,3248.373779296875,3270.5869140625,66549.17724609375,67322.44458007812,66572.00903320312,66553.3583984375,15.99732698686421,19.574932008981705,13.28688950277865,3.4507334999507293,64.98103799822275,792.5637680018554,24.90639899042435,1.195479984744452,10.637990528994123,10.680119926997577,10.659439622002537,10.645528064997052
"[16, 11, 4, 1]",32,4,8,512,3111,1293,8487,12441,2115,950,5472,7926,99251.25,ok,3237.927978515625,2504.097900390625,3224.640625,3237.115478515625,96013.32202148438,96746.51928710938,96026.578125,96016.72045898438,14.293869506102055,17.251880754716694,11.619450745172799,3.0229367513093166,54.82283300079871,748.5632919997443,15.616427990607917,1.127937008277513,10.736719335996895,10.79600439099886,10.878972866004915,10.771409378998214
"[16, 11, 4, 1]",32,2,16,512,3323,1293,8723,12841,2345,993,6037,8820,159835.65625,ok,3338.88916015625,2620.645263671875,3332.518798828125,3337.8642578125,156496.76708984375,157214.62036132812,156502.62182617188,156499.3701171875,13.875603250344284,16.045153127401136,10.758940248633735,2.815003873576643,50.51852700125892,736.0485219978727,9.380005998536944,1.9749369967030361,10.69491470399953,10.689902860001894,10.84418030899542,10.853490672001499
"[16, 11, 4, 1]",64,32,2,512,4113,1755,9971,15107,2348,1124,5628,8150,,OOM_rank1,,,,,,,,,,,,,0.0,0.0,0.0,0.0,,,,
"[16, 11, 4, 1]",64,16,4,512,4013,1533,9969,16005,2360,1049,6024,8712,,OOM_rank1,,,,,,,,,,,,,0.0,0.0,0.0,0.0,,,,
"[16, 11, 4, 1]",64,8,8,512,3751,1353,9967,14983,2291,1004,5885,8510,,OOM_rank1,,,,,,,,,,,,,0.0,0.0,0.0,0.0,,,,
"[16, 11, 4, 1]",64,4,16,512,3811,1313,9967,14661,2441,1013,6237,9039,,OOM_rank1,,,,,,,,,,,,,0.0,0.0,0.0,0.0,,,,
"[16, 11, 4, 1]",64,2,32,512,4067,1415,9977,15593,2804,1117,7132,10478,,OOM_rank1,,,,,,,,,,,,,0.0,0.0,0.0,0.0,,,,
"[16, 12, 2, 2]",8,4,2,512,1171,1693,5867,8061,921,1203,4298,5717,48359.4296875,ok,3208.363037109375,2392.586181640625,3198.456787109375,3207.62451171875,45151.066650390625,45966.628662109375,45160.816650390625,45161.42626953125,14.340990993194282,18.896780045703053,5.890703005250543,5.814832005649805,41.88528198574204,825.8168699976522,12.351016979664564,3.097025997703895,10.74121254000056,10.75709911499871,10.698708772993996,10.891346103991964
"[16, 12, 2, 2]",8,2,4,512,1157,1693,6133,8217,935,1217,4551,6048,64774.97265625,ok,3216.670654296875,2406.689697265625,3202.49951171875,3215.49365234375,61558.302001953125,62368.165771484375,61572.06689453125,61566.72509765625,13.861706512514502,17.530848485417664,5.462173502193764,5.424013997428119,44.39568401721772,820.2383430034388,17.544575995998457,1.2564899952849373,10.69750631399802,10.706366792990593,10.724895814011688,10.752841537003405
"[16, 12, 2, 2]",16,8,2,512,1371,1693,6807,9263,988,1269,4571,6086,52159.51171875,ok,3240.089599609375,2425.745361328125,3220.83740234375,3239.372314453125,48919.422119140625,49733.375732421875,48937.76416015625,48932.795654296875,16.0300569916144,21.37830902263522,6.731264997739345,6.659236001782119,51.04907900386024,825.9980169823393,21.594186007860117,1.077026012353599,10.68472006599768,10.62481853600184,10.832870637997985,10.824154642003123
"[16, 12, 2, 2]",16,4,4,512,1331,1693,7227,9761,996,1279,4890,6515,67805.1640625,ok,3263.993896484375,2432.85595703125,3237.23681640625,3263.6796875,64541.170166015625,65372.17529296875,64567.82568359375,64550.9609375,14.371694006957114,18.8386625116691,5.8909649981651455,5.85207149758935,52.429292001761496,842.2600509948097,30.11228698596824,1.4093439967837185,10.754935221993946,10.723085709003499,10.819952637000824,10.824944061008864
"[16, 12, 2, 2]",16,2,8,512,1317,1693,7273,9847,1041,1327,5253,7052,100536.3828125,ok,3259.137939453125,2417.3046875,3230.13525390625,3258.704345703125,97277.24487304688,98118.484375,97305.73974609375,97285.84252929688,13.78995625115931,17.508117998484522,5.464395999559201,5.441084505291656,47.405497985892,851.5317300189054,31.759808989590965,1.331431994913146,10.676162222996936,10.642921316000866,10.83584488199267,10.739347394002834
"[16, 12, 2, 2]",32,16,2,512,1791,2055,8689,11845,1157,1420,5358,7182,64553.48828125,ok,3276.306396484375,2450.83349609375,3238.263916015625,3275.8427734375,61277.181884765625,62105.03369140625,61314.837646484375,61292.3447265625,19.566294012591243,26.48871200159192,8.400276992935687,8.434576008934528,73.36391002172604,842.6908439869294,42.09833800268825,5.563710001297295,10.617885344006936,10.589867376009352,10.684855992003577,10.751222525999765
"[16, 12, 2, 2]",32,8,4,512,1711,1931,9267,12603,1138,1412,5647,7616,73907.1015625,ok,3323.652099609375,2481.556396484375,3273.039794921875,3323.042236328125,70583.44946289062,71424.02954101562,70633.20239257812,70593.17651367188,15.966802014037967,21.33689749147743,6.725251502823085,6.687226000241935,62.054355003056116,854.6314720006194,54.595850000623614,1.268462001462467,10.652311940997606,10.680315657999017,10.720985792999272,10.795140179005102
"[16, 12, 2, 2]",32,4,8,512,1651,1871,9247,12421,1172,1438,6005,8057,106364.6796875,ok,3300.18505859375,2452.41845703125,3228.409912109375,3299.299072265625,103064.49462890625,103911.83154296875,103135.41821289062,103073.59936523438,14.26299774972722,18.817275991197675,5.895246499683708,5.8691092488588765,52.73378500714898,858.2200129894773,74.40705299086403,1.265820988919586,10.722533350999583,10.713775973999873,10.678150494990405,10.742436126995017
"[16, 12, 2, 2]",32,2,16,512,1637,1901,9515,12843,1242,1544,6611,8920,172367.28125,ok,3399.339111328125,2507.47998046875,3383.56640625,3398.43017578125,168967.94213867188,169859.62939453125,168983.24609375,168977.27294921875,13.792905507143587,17.498613502364606,5.459882752562407,5.4507984995725565,47.051019995706156,901.6438420076156,18.29556599841453,2.3866289848228917,10.684938274993328,10.620511959001306,10.694260527001461,10.72697725200851
"[16, 12, 2, 2]",64,32,2,512,2113,2315,9971,13887,1236,1502,5603,7499,,OOM_rank1,,,,,,,,,,,,,0.0,0.0,0.0,0.0,,,,
"[16, 12, 2, 2]",64,16,4,512,1973,2195,9969,14405,1215,1472,5905,7913,,OOM_rank1,,,,,,,,,,,,,0.0,0.0,0.0,0.0,,,,
"[16, 12, 2, 2]",64,8,8,512,1911,2033,9967,13623,1205,1437,5837,7785,,OOM_rank1,,,,,,,,,,,,,0.0,0.0,0.0,0.0,,,,
"[16, 12, 2, 2]",64,4,16,512,1871,2033,9967,13581,1264,1507,6318,8452,,OOM_rank1,,,,,,,,,,,,,0.0,0.0,0.0,0.0,,,,
"[16, 12, 2, 2]",64,2,32,512,2019,2241,9977,14435,1445,1716,7284,9923,,OOM_rank1,,,,,,,,,,,,,0.0,0.0,0.0,0.0,,,,
"[16, 12, 3, 1]",8,4,2,512,1631,1293,5867,8041,1277,830,4271,5683,46604.73828125,ok,3218.67578125,2401.956787109375,3214.959716796875,3217.812744140625,43386.0625,44202.336181640625,43389.399658203125,43389.488037109375,14.467212982475758,18.886830020695925,8.759942992590368,3.0289340000599623,45.24996399413794,830.4877159971511,6.299187007243745,1.4441770035773516,10.744839155988302,10.82405697600916,10.822128838000936,10.788332016993081
"[16, 12, 3, 1]",8,2,4,512,1607,1293,6133,8217,1307,839,4540,6027,62496.82421875,ok,3228.717041015625,2418.60400390625,3219.84814453125,3228.3349609375,59268.107177734375,60078.00927734375,59276.78076171875,59271.1494140625,13.818116002250463,17.525642532855272,8.108592005213723,2.8134279963560402,45.96285299339797,822.36050501524,10.972033021971583,1.0621470137266442,10.73941101100354,10.675624584997422,10.805518733992358,10.860868031013524
"[16, 12, 3, 1]",16,8,2,512,1911,1293,6807,9263,1353,867,4542,6087,49863.33984375,ok,3276.592041015625,2462.066650390625,3265.420166015625,3276.177001953125,46586.747802734375,47400.781005859375,46597.673583984375,46590.740966796875,16.019898016005754,21.40095199085772,10.01864499785006,3.4471570008900017,53.571642987662926,828.2605499844067,13.102044991683215,1.2839319970225915,10.616354012003285,10.678993488996639,10.757807867994416,10.750883504995727
"[16, 12, 3, 1]",16,4,4,512,1891,1293,7087,9701,1399,870,4847,6479,65789.5625,ok,3258.693603515625,2428.094482421875,3246.85107421875,3258.397216796875,62530.868896484375,63361.241455078125,62542.54736328125,62534.391845703125,14.43692349595949,18.836922526359558,8.750909504014999,3.0196190021233633,55.10542000411078,844.1127849946497,14.14373099396471,1.1782010114984587,10.73492411999905,10.659928494991618,10.864619793996098,10.818949578999309
"[16, 12, 3, 1]",16,2,8,512,1853,1293,7273,9847,1453,892,5234,7033,98528.8984375,ok,3269.6689453125,2468.052978515625,3246.11279296875,3269.506591796875,95259.2294921875,96061.04858398438,95282.25439453125,95262.24340820312,13.874708751449361,17.50284624658525,8.100800998392515,2.80624300026102,49.768598008085974,814.9322609970113,25.524094991851598,1.78880499152001,10.765822899003979,10.681014940011664,10.764569166000001,10.767707734004944
"[16, 12, 3, 1]",32,16,2,512,2453,1293,8689,11845,1580,973,5350,7162,61767.87109375,ok,3257.53759765625,2439.350341796875,3236.15234375,3256.742431640625,58510.33349609375,59334.817626953125,58535.93359375,58517.347412109375,19.535631994716823,26.492487974464893,12.534527001902461,4.3374400089960545,71.02869600930717,841.3550169934751,26.587910993839614,8.388718997593969,10.642067519991542,10.661343159998069,10.718295158003457,10.663749401996029
"[16, 12, 3, 1]",32,8,4,512,2451,1293,9267,12603,1603,956,5657,7559,71814.7265625,ok,3281.73681640625,2479.625244140625,3258.618896484375,3281.255126953125,68532.98974609375,69334.79663085938,68556.02172851562,68537.26831054688,15.96792349871248,21.331076973117888,10.003077005036175,3.446019498282112,64.92254900513217,817.1758469834458,25.3145409951685,1.7397239862475544,10.929022255004384,10.673530512998695,10.80873369400797,10.820757232999313
"[16, 12, 3, 1]",32,4,8,512,2391,1293,9247,12361,1658,954,5965,7994,103908.4140625,ok,3257.310302734375,2489.787353515625,3241.2353515625,3257.05224609375,100651.10375976562,101418.60327148438,100667.2490234375,100654.58056640625,14.2402430025395,18.79235826060176,8.74882300151512,3.024806249886751,54.68851400655694,780.7935569871916,18.464402004610747,1.054325999575667,10.68265138300194,10.705134414005443,10.755061817006208,10.840130956989015
"[16, 12, 3, 1]",32,2,16,512,2569,1293,9515,12841,1832,997,6594,8894,170966.984375,ok,3302.81787109375,2537.3173828125,3256.805419921875,3302.794921875,167664.16650390625,168429.8701171875,167710.49145507812,167667.158203125,14.08097749913577,17.526150497142226,8.105497873038985,2.809369872993557,49.237416009418666,778.0864969972754,48.841065989108756,1.1142870062030852,10.671196829003748,10.727525422000326,10.782973952009343,10.82065931300167
"[16, 12, 3, 1]",64,32,2,512,2893,1655,9951,13887,1672,1050,5500,7427,,OOM_rank1,,,,,,,,,,,,,0.0,0.0,0.0,0.0,,,,
"[16, 12, 3, 1]",64,16,4,512,2833,1373,9969,14405,1700,993,5874,7879,,OOM_rank1,,,,,,,,,,,,,0.0,0.0,0.0,0.0,,,,
"[16, 12, 3, 1]",64,8,8,512,2651,1313,9967,13623,1658,964,5781,7704,,OOM_rank1,,,,,,,,,,,,,0.0,0.0,0.0,0.0,,,,
"[16, 12, 3, 1]",64,4,16,512,2671,1293,9967,13581,1783,982,6340,8486,,OOM_rank1,,,,,,,,,,,,,0.0,0.0,0.0,0.0,,,,
"[16, 12, 3, 1]",64,2,32,512,2883,1355,9977,14433,2049,1081,7273,9900,,OOM_rank1,,,,,,,,,,,,,0.0,0.0,0.0,0.0,,,,
"[17, 6, 5, 4]",8,4,2,512,2551,2453,3127,8521,1966,1888,2396,5968,48842.9453125,ok,3257.868408203125,2403.556396484375,3232.45361328125,3257.0791015625,45585.076904296875,46438.982666015625,45610.08935546875,45594.2607421875,15.29884100239724,9.486562996171415,14.402439991012216,11.616145989857614,47.12108500825707,885.2614499919582,30.948331012041308,1.3383129989961162,10.66308817898971,10.827746276001562,10.857438674996956,10.919301957997959
"[17, 6, 5, 4]",8,2,4,512,2543,2453,3105,8705,2048,1966,2491,6392,66790.96875,ok,3289.827392578125,2445.0673828125,3258.685546875,3289.625,63501.141357421875,64345.7998046875,63532.150390625,63510.390625,14.659229486715049,8.886101499665529,13.319679498206824,10.644426002167165,48.24953401111998,877.9656469996553,35.93642498890404,0.990703993011266,10.686362420994556,10.778838675003499,10.82167308399221,10.794484597005066
"[17, 6, 5, 4]",16,8,2,512,2991,2671,3627,9803,2107,1995,2563,6414,52226.046875,ok,3316.232177734375,2408.58837890625,3281.560546875,3315.37890625,48909.814697265625,49817.27099609375,48944.021484375,48923.0234375,17.002551993355155,10.73896699771285,16.502317974343896,13.301666996441782,53.699739000876434,943.2725149963517,38.96898099628743,1.1721910123014823,10.620051943988074,10.818073444999754,10.78196332299558,10.857719183011795
"[17, 6, 5, 4]",16,4,4,512,2971,2631,3587,10341,2169,2037,2632,6849,68634.28125,ok,3309.427734375,2450.0009765625,3253.95556640625,3308.76123046875,65324.853515625,66184.1396484375,65379.95849609375,65335.20751953125,15.209313496015966,9.530756006017327,14.389931492973119,11.512178999371827,54.47795799409505,896.2880330072949,60.19582100270782,2.0893520122626796,10.636282820007182,10.76827680200222,10.801058259996353,10.755334390007192
"[17, 6, 5, 4]",16,2,8,512,3087,2673,3817,10421,2317,2152,2838,7392,98888.4765625,ok,3325.43798828125,2499.115966796875,3251.113037109375,3325.15478515625,95563.03857421875,96388.36059570312,95636.32446289062,95572.04833984375,14.86085549579002,8.910731988726184,13.367661000462249,10.701092004077509,48.436078999657184,858.7500269932207,78.15318999928422,1.1084080033469945,10.612635040000896,10.839929678011686,10.791623633005656,10.83271409801091
"[17, 6, 5, 4]",32,16,2,512,3873,3353,4649,13385,2478,2287,2992,7877,66948.734375,ok,3393.573974609375,2424.709228515625,3313.8115234375,3393.188720703125,63555.160400390625,64522.876708984375,63634.6416015625,63571.248779296875,20.75963699631393,13.379561999812722,20.68511000368744,16.598512006923556,72.42161598696839,1019.1084669932025,83.8327619858319,3.7692929909098893,10.637288694997551,10.80045685499499,10.916748865987756,10.766843108009198
"[17, 6, 5, 4]",32,8,4,512,3831,3231,4567,13183,2482,2263,2990,7910,73407.6015625,ok,3382.520751953125,2500.76171875,3266.017333984375,3381.613037109375,70025.08081054688,70906.64453125,70141.73266601562,70038.18383789062,16.949165995698422,10.803956998046488,16.469185492023826,13.22675549518317,57.87202398641966,925.2615359873744,120.53016699792352,1.0083939996547997,10.64922106199083,10.800390162999975,10.9191451559891,10.921775591006735
"[17, 6, 5, 4]",32,4,8,512,4011,3231,4847,13181,2637,2330,3190,8321,99632.6484375,ok,3370.4560546875,2520.605712890625,3246.078857421875,3369.953369140625,96262.1923828125,97111.69897460938,96386.39770507812,96272.59350585938,15.17793074133806,9.547975494759157,14.41181425517425,11.559785248246044,54.238544005784206,886.4273500075797,128.61198700556997,1.2778420059476048,10.666936755005736,10.819336435990408,10.850724659001571,10.84589681799116
"[17, 6, 5, 4]",32,2,16,512,4135,3385,4961,13533,2872,2553,3476,9258,161681.359375,ok,3469.11328125,2653.211669921875,3375.65087890625,3468.4306640625,158212.24609375,159023.86645507812,158304.77099609375,158217.9912109375,14.765846375375986,8.918118876754306,13.375471621518955,10.728262120042928,53.00059501314536,849.4683150056517,101.17989900754765,0.9450539946556091,10.608851479992154,10.81036088700057,10.764437980004004,10.790857119995053
"[17, 6, 5, 4]",64,32,2,512,4853,4695,6031,17327,2927,2837,3529,9374,,OOM_rank2,,,,,,,,,,,,,0.0,0.0,0.0,0.0,,,,
"[17, 6, 5, 4]",64,16,4,512,4853,4133,5929,17825,2968,2645,3558,9729,,OOM_rank2,,,,,,,,,,,,,0.0,0.0,0.0,0.0,,,,
"[17, 6, 5, 4]",64,8,8,512,4851,4073,6307,17183,3042,2640,3687,9643,,OOM_rank2,,,,,,,,,,,,,0.0,0.0,0.0,0.0,,,,
"[17, 6, 5, 4]",64,4,16,512,4851,3893,5807,15981,3019,2668,3648,9613,,OOM_rank2,,,,,,,,,,,,,0.0,0.0,0.0,0.0,,,,
"[17, 6, 5, 4]",64,2,32,512,4861,4329,6251,17117,3483,3094,4260,11371,,OOM_rank2,,,,,,,,,,,,,0.0,0.0,0.0,0.0,,,,
"[17, 7, 4, 4]",8,4,2,512,2091,2453,3547,8781,1626,1890,2723,6035,48125.21484375,ok,3228.940185546875,2389.508056640625,3203.622802734375,3228.22412109375,44896.274658203125,45732.238037109375,44918.111572265625,44905.60400390625,15.26053399592638,11.067202001810074,11.543090990744531,11.53830000013113,43.705996009521186,861.9558020145632,29.63025201461278,1.329983992036432,10.666459985004622,10.7895457620034,10.767632922012126,10.777402236999478
"[17, 7, 4, 4]",8,2,4,512,2075,2453,3573,8705,1693,1967,2851,6401,66684.9140625,ok,3289.354248046875,2426.008544921875,3252.086669921875,3288.879638671875,63395.559814453125,64258.819580078125,63432.593017578125,63412.948486328125,14.637811998836696,10.34931249404326,10.685976004693657,10.642674003727734,40.53386699524708,887.511563996668,41.44866000569891,1.275351009098813,10.703717648997554,10.952394573992933,10.807069451009738,10.780215527003747
"[17, 7, 4, 4]",16,8,2,512,2471,2671,4107,9803,1744,1997,2900,6381,51034.1953125,ok,3292.201904296875,2418.564208984375,3250.32958984375,3291.768798828125,47741.993408203125,48615.498291015625,47783.63525390625,47757.992919921875,17.02130399364978,12.504395995289087,13.218807997182012,13.222514005377889,45.56570200657006,898.6499259917764,46.855316002620384,1.2709119910141453,10.741616189989145,10.777024587005144,10.700024827005109,10.76084973300749
"[17, 7, 4, 4]",16,4,4,512,2451,2631,4107,10301,1795,2033,3013,6868,68408.0546875,ok,3322.9638671875,2450.79443359375,3252.348876953125,3322.684814453125,65085.0908203125,65957.03369140625,65155.518310546875,65103.276123046875,15.173697005957365,11.095393495168537,11.532492013182491,11.497110487427562,45.31191699788906,899.2654790054075,75.3275690076407,2.966123996884562,10.713697209008387,10.768880193005316,10.763956569993752,10.75469786800386
"[17, 7, 4, 4]",16,2,8,512,2411,2673,4393,10423,1862,2145,3243,7365,98076.6015625,ok,3320.692626953125,2461.422607421875,3241.092041015625,3320.117431640625,94755.90893554688,95615.22583007812,94835.48608398438,94772.71850585938,14.688368503237143,10.36237399186939,10.717953007435426,10.702466253889725,39.8191569984192,883.6611079896102,83.52512501005549,1.374334009597078,10.649524421009119,10.808310941996751,10.743464925995795,10.750386318992241
"[17, 7, 4, 4]",32,16,2,512,3193,3353,5249,13385,2051,2287,3390,7878,64867.23046875,ok,3378.4873046875,2423.947265625,3298.957275390625,3377.615478515625,61488.7431640625,62443.275390625,61566.769287109375,61508.697021484375,20.787730991840363,15.569161011837423,16.57040200289339,16.588341984897852,62.361774005694315,993.3867689978797,80.18599200295284,3.8232249935390428,10.680351112998324,10.699774869994144,10.80590911100444,10.777847598001244
"[17, 7, 4, 4]",32,8,4,512,3151,3231,5227,13183,2043,2262,3399,7875,72393.34375,ok,3402.1376953125,2508.673095703125,3286.433837890625,3401.708984375,68991.2060546875,69884.40502929688,69106.62084960938,69009.759765625,16.969079992268234,12.561048486735672,13.217755002900958,13.177394015248865,45.98892299691215,923.3476740046171,120.81916999886744,2.2974589955992997,10.687097442001686,10.72450850000314,10.735410773006151,10.720334305995493
"[17, 7, 4, 4]",32,4,8,512,3111,3231,5547,13181,2107,2332,3642,8334,100501.296875,ok,3373.08984375,2523.4697265625,3247.530029296875,3371.784912109375,97128.20703125,97977.7099609375,97253.44653320312,97146.21508789062,15.284467752790079,11.125840250402689,11.573204253800213,11.549756739288568,44.92252500494942,876.4231060049497,130.73887101199944,1.4473069895757362,10.69174993901106,10.706114559012349,10.685004209008184,10.709608706994914
"[17, 7, 4, 4]",32,2,16,512,3321,3385,5735,13535,2343,2560,4000,9279,159719.953125,ok,3489.1396484375,2584.560546875,3391.908935546875,3488.6357421875,156230.8134765625,157133.845703125,156326.48168945312,156247.6298828125,14.581637502182275,10.383502121199854,10.731312998337671,10.720606871182099,39.72740500466898,927.8194590006024,100.64688298734836,1.1734309955500066,10.731078611002886,10.829757358995266,10.731832905003102,10.73279002000345
"[17, 7, 4, 4]",64,32,2,512,4673,4855,7511,19327,2685,3057,4371,10466,81962.1328125,ok,3512.02001953125,2354.848876953125,3341.27001953125,3511.3740234375,78450.11279296875,79607.26049804688,78620.73779296875,78491.1884765625,28.78280002437532,21.38586900383234,23.15447100996971,23.325214000418782,81.87670199549757,1210.2390100044431,175.58998099411838,4.252526006894186,10.648826889009797,10.692096661994583,10.695035896002082,10.703183079996961
"[17, 7, 4, 4]",64,16,4,512,4573,4493,7469,19885,2689,2850,4455,10884,101088.203125,ok,3488.449462890625,2531.502197265625,3257.79248046875,3488.122314453125,97599.75366210938,98555.85717773438,97831.43408203125,97631.58081054688,20.765340990386903,15.86512900982052,16.729294997639954,16.640176993329078,70.81595400813967,1004.6665850095451,237.2744970052736,2.476601002854295,10.632603071004269,10.721747945994139,10.705619711996405,10.762675852005486
"[17, 7, 4, 4]",64,8,8,512,4471,4493,8187,19203,2658,2843,4676,10770,106292.0859375,ok,3516.452880859375,2616.22265625,3258.54931640625,3515.0361328125,102775.63305664062,103674.58984375,103032.24755859375,102795.7294921875,16.92607400775887,12.593012504978105,13.255791750503704,13.225498005514964,44.26244899514131,928.0804149893811,262.44565901288297,1.6454110009362921,10.627431371001876,10.737757358001545,10.725052248992142,10.740472464996856
"[17, 7, 4, 4]",64,4,16,512,4671,4453,8027,18821,2855,2981,4869,11287,161253.34375,ok,3544.733642578125,2679.614501953125,3403.4697265625,3543.920166015625,157708.61010742188,158572.79174804688,157848.7333984375,157724.76733398438,15.150022990535945,11.131252754479647,11.591504749492742,11.580303995171562,39.472718999604695,890.5481639958452,145.64562099985778,1.2873719970230013,10.63349789500353,10.738565316001768,10.751973433012608,10.791394950996619
"[17, 7, 4, 4]",64,2,32,512,4845,4829,8255,19677,3217,3409,5486,12830,287500.71875,ok,3597.779052734375,2762.829833984375,3503.848388671875,3596.5771484375,283902.9396972656,284736.3576660156,283995.5891113281,283919.8291015625,14.70250881667016,10.41940843820339,10.742584311694372,10.74011025269283,40.41622499062214,856.000738000148,97.0422529935604,1.172100004623644,10.655567908004741,10.742015583004104,10.76518860500073,10.757735298990156
"[17, 7, 5, 3]",8,4,2,512,2551,2073,3547,8521,1961,1528,2695,5960,48212.578125,ok,3244.13330078125,2399.21875,3225.171875,3243.373779296875,44968.44482421875,45813.1796875,44987.16015625,44976.063720703125,15.301160985603929,11.072037002071738,14.397531998343766,8.761299998033792,46.02926400548313,873.1585280183936,22.660360002191737,1.1872610048158094,10.657582462998107,10.810914019995835,10.897797511002864,10.867512010998325
"[17, 7, 5, 3]",8,2,4,512,2543,2073,3573,8705,2042,1588,2841,6376,65540.3125,ok,3254.676513671875,2428.40771484375,3230.710693359375,3253.368896484375,62285.635986328125,63111.38134765625,62309.297119140625,62292.482666015625,14.730386507697403,10.33787499833852,13.331490505952388,8.073830007808283,48.84075500012841,858.7320749793435,28.168327000457793,1.2541030009742826,10.687205115988036,10.774616138995043,10.753192581993062,10.930991533998167
"[17, 7, 5, 3]",16,8,2,512,2991,2131,4107,9803,2098,1625,2909,6420,51554.40625,ok,3311.61181640625,2434.778076171875,3282.60498046875,3310.37158203125,48242.79443359375,49119.190673828125,48271.11767578125,48252.86279296875,16.993762962520123,12.50853698514402,16.491543006151915,10.015416999347508,51.73285800265148,906.7367880052188,32.644209000864066,2.261975998408161,10.597125447005965,10.819174678996205,10.821147576003568,10.914916567999171
"[17, 7, 5, 3]",16,4,4,512,2971,2091,4107,10301,2160,1641,2992,6819,66759.96875,ok,3273.2958984375,2448.849853515625,3226.521484375,3272.30859375,63486.6728515625,64310.736083984375,63532.861328125,63494.49609375,15.165124494582415,11.094368002843112,14.387970515992492,8.729729989310727,53.7240770063363,859.9413839983754,50.06150399276521,1.500047990703024,10.700411177007481,10.743044297996676,10.729718892995152,10.821934046995011
"[17, 7, 5, 3]",16,2,8,512,3087,2157,4393,10423,2315,1729,3247,7391,97134.2890625,ok,3314.087890625,2497.5166015625,3272.748046875,3313.11181640625,93820.201171875,94636.2958984375,93860.869140625,93827.07568359375,14.770165754947811,10.364648743765429,13.357803250895813,8.086596501991153,48.17754900432192,848.8587660103804,44.851223996374756,1.173098004073836,10.66891810800007,10.849331814009929,10.784825524999178,10.989142461010488
"[17, 7, 5, 3]",32,16,2,512,3873,2693,5249,13385,2469,1844,3351,7844,64541.484375,ok,3352.8525390625,2425.4208984375,3296.850830078125,3352.3310546875,61188.6318359375,62115.4970703125,61244.121826171875,61202.0986328125,20.78132498729974,15.565868003293872,20.66343999840319,12.5086250025779,73.19392600038555,973.1285939924419,56.846676001441665,1.8881079886341467,10.59845556000073,10.712158013993758,10.695563086992479,10.985387548003928
"[17, 7, 5, 3]",32,8,4,512,3831,2593,5227,13183,2476,1830,3407,7884,72357.875,ok,3386.7939453125,2527.732666015625,3301.968994140625,3386.169921875,68971.0810546875,69829.72827148438,69055.59350585938,68981.072265625,16.96220900863409,12.569002002943307,16.468263018876314,10.00703649688512,58.49581900110934,901.6863300057594,88.96477099915501,1.303662997088395,10.685254739000811,10.73097075500118,10.681858540992835,10.891446940004244
"[17, 7, 5, 3]",32,4,8,512,4011,2571,5587,13181,2634,1865,3647,8305,98759.59375,ok,3308.928955078125,2528.649169921875,3213.224853515625,3307.977783203125,95450.66479492188,96229.97583007812,95545.65795898438,95458.40502929688,15.231125246034935,11.131742750760168,14.41478025005199,8.740059749223292,55.969293985981494,816.0348130040802,99.36951399140526,2.378760007559322,10.763274455006467,10.808751775999554,10.752387151995208,10.820414647998405
"[17, 7, 5, 3]",32,2,16,512,4135,2653,5735,13533,2885,2035,4006,9299,161943.9375,ok,3374.593994140625,2629.49365234375,3282.261962890625,3373.905517578125,158569.34350585938,159313.92822265625,158661.03491210938,158576.32885742188,14.974608251824975,10.393180252052844,13.388221378205344,8.095378751633689,47.48578098951839,776.8194320087787,96.88560900394805,1.1904589919140562,10.595597556995926,10.80624176999845,10.769331784991664,10.893516088006436
"[17, 7, 5, 3]",64,32,2,512,4853,3475,6791,17327,2906,2180,3955,9295,,OOM_rank2,,,,,,,,,,,,,0.0,0.0,0.0,0.0,,,,
"[17, 7, 5, 3]",64,16,4,512,4853,3275,6809,17825,2949,2119,4041,9648,,OOM_rank2,,,,,,,,,,,,,0.0,0.0,0.0,0.0,,,,
"[17, 7, 5, 3]",64,8,8,512,4851,3193,7327,17183,3031,2102,4217,9617,,OOM_rank2,,,,,,,,,,,,,0.0,0.0,0.0,0.0,,,,
"[17, 7, 5, 3]",64,4,16,512,4851,3053,6627,15901,3007,2107,4166,9558,,OOM_rank2,,,,,,,,,,,,,0.0,0.0,0.0,0.0,,,,
"[17, 7, 5, 3]",64,2,32,512,4861,3385,7215,17117,3488,2466,4895,11374,,OOM_rank2,,,,,,,,,,,,,0.0,0.0,0.0,0.0,,,,
"[17, 8, 4, 3]",8,4,2,512,2091,2073,4007,8521,1632,1549,3049,5987,46694.2109375,ok,3244.1630859375,2406.962158203125,3225.193359375,3243.534423828125,43450.0478515625,44286.807373046875,43468.759765625,43459.739013671875,15.254243009723723,12.63219800312072,11.540344992652535,8.698732012417167,39.84488900459837,856.034210009966,22.806691995356232,1.2877809931524098,10.642763967000064,10.797844278989942,10.844575531998998,10.846244073007256
"[17, 8, 4, 3]",8,2,4,512,2073,2073,4041,8705,1669,1575,3160,6294,61839.21484375,ok,3290.3701171875,2459.124755859375,3268.22607421875,3290.149658203125,58548.8447265625,59379.824462890625,58570.93017578125,58555.518310546875,14.694925997871906,11.800646001007408,10.681743000168353,8.009875498944893,39.79629901004955,852.7927679970162,25.74097699834965,1.2714619952021167,10.745743512001354,10.914169366995338,10.89366554300068,10.807697986994754
"[17, 8, 4, 3]",16,8,2,512,2471,2131,4647,9803,1727,1620,3237,6372,49607.109375,ok,3292.399658203125,2442.2021484375,3262.763916015625,3292.112060546875,46314.709716796875,47164.3212890625,46343.845458984375,46325.813720703125,17.014568000100553,14.295092999003828,13.247991991229355,9.942077999934554,47.052171008544974,870.1605139940511,32.653539994498715,1.2290220038266852,10.704832224000711,10.805753456996172,10.75273534700682,10.83156729399343
"[17, 8, 4, 3]",16,4,4,512,2451,2091,4647,10341,1773,1634,3333,6763,63248.87890625,ok,3263.793212890625,2434.968505859375,3220.124755859375,3263.324462890625,59985.085693359375,60813.304931640625,60028.449462890625,59993.101318359375,15.224767982494086,12.648556501604617,11.535752495285124,8.670357991242781,43.48736199608538,851.0374940087786,47.439319008844905,1.0521949880057946,10.67382492699835,10.734934361011256,10.776639746996807,10.722226810990833
"[17, 8, 4, 3]",16,2,8,512,2409,2157,4949,10423,1859,1723,3632,7337,93709.90625,ok,3306.0107421875,2487.382080078125,3249.4326171875,3305.522705078125,90403.8955078125,91221.87573242188,90460.3486328125,90410.37573242188,14.776285005966201,11.828700252110139,10.715421994915232,8.067775251576677,39.59469300752971,839.9808180110995,61.008831005892716,1.2568319798447192,10.730097050996847,10.83085822800058,10.813463120008237,10.83134718099609
"[17, 8, 4, 3]",32,16,2,512,3193,2693,5929,13385,2006,1823,3721,7740,62539.5859375,ok,3365.2265625,2445.96630859375,3304.575927734375,3364.957763671875,59174.359375,60093.26025390625,59237.697509765625,59185.026611328125,20.81775499973446,17.69322001002729,16.576004986651242,12.561618996784091,64.36987599590793,957.7527940127766,67.56893500278238,4.95190400397405,10.588208501008921,10.712769516001572,10.695345439002267,10.752822961003403
"[17, 8, 4, 3]",32,8,4,512,3151,2593,5927,13183,2019,1813,3780,7750,67129.4921875,ok,3373.22705078125,2514.009033203125,3288.532958984375,3372.613525390625,63756.26513671875,64615.155029296875,63840.802978515625,63766.573974609375,16.957119501195848,14.321802497375757,13.21853349963203,9.955689006950706,44.69130199868232,884.0516930067679,88.59856201161165,1.2814720103051513,10.651472728000954,10.781512029992882,10.746902351995232,10.73271724600636
"[17, 8, 4, 3]",32,4,8,512,3111,2571,6347,13141,2087,1863,4076,8216,94337.6640625,ok,3331.6025390625,2505.428955078125,3239.32666015625,3330.565185546875,91006.0615234375,91831.78979492188,91097.80615234375,91014.09887695312,15.16969299968332,12.674840252380818,11.57938350411132,8.712934755487368,43.53283200180158,848.5421719960868,95.93127899279352,1.351774000795558,10.710357166011818,10.699386220992892,10.695710639003664,10.764044281997485
"[17, 8, 4, 3]",32,2,16,512,3323,2653,6487,13533,2334,2026,4501,9233,157128.625,ok,3390.381103515625,2581.666748046875,3301.412841796875,3389.41064453125,153738.24389648438,154545.73950195312,153827.00903320312,153745.21435546875,14.775533248204738,11.855779997538775,10.73231348360423,8.087095372437034,39.79849901224952,830.0170169968624,92.69487798155751,1.3339120050659403,10.709772163987509,10.806914551998489,10.791935948000173,10.933143027999904
"[17, 8, 4, 3]",64,32,2,512,4673,3955,8471,19327,2663,2336,4863,10277,78359.796875,ok,3481.723876953125,2416.125,3347.252197265625,3480.65576171875,74878.07299804688,75943.0234375,75011.81811523438,74897.57861328125,28.78333080932498,24.365429990924895,23.16370902210474,17.46957000810653,85.41789400624111,1110.279084983631,139.06070298980922,4.8961540014715865,10.604046869004378,10.74711371200101,10.78880820699851,10.93255629700434
"[17, 8, 4, 3]",64,16,4,512,4573,3535,8489,19885,2679,2280,4986,10762,96306.34375,ok,3403.07861328125,2533.897216796875,3231.11328125,3402.613525390625,92903.26513671875,93772.06372070312,93075.04296875,92915.69116210938,20.870786000043154,17.923297004774213,16.77855198457837,12.629353504627943,73.2568179955706,909.2907059966819,173.44373399100732,6.204325982253067,10.620737359000486,10.701111197005957,10.745846789999632,10.81723876199976
"[17, 8, 4, 3]",64,8,8,512,4471,3513,9307,19203,2651,2256,5260,10672,101758.5859375,ok,3500.76318359375,2699.64697265625,3299.031005859375,3499.989013671875,98257.82275390625,99057.34521484375,98459.21118164062,98266.67504882812,16.962041995720938,14.350570995127782,13.25312950112857,9.976508242543787,46.76690600172151,828.1034800020279,206.8528739910107,2.59175400424283,10.5988338390016,10.74990637099836,10.748599109007046,10.815651343000354
"[17, 8, 4, 3]",64,4,16,512,4671,3473,9007,18821,2846,2356,5466,11266,157020.734375,ok,3422.108642578125,2647.4013671875,3291.7626953125,3420.9560546875,153598.62573242188,154371.8017578125,153728.8466796875,153606.5595703125,15.1772303765174,12.702238749014214,11.592351625789888,8.731452872045338,39.35805900255218,797.6982949912781,134.53250299789943,1.314363005803898,10.661150614003418,10.768610065002576,10.731297876001918,10.881408493994968
"[17, 8, 4, 3]",64,2,32,512,4847,3725,9437,19677,3205,2680,6200,12742,282287.84375,ok,3522.895751953125,2765.6826171875,3429.927001953125,3520.68505859375,278764.9479980469,279520.0673828125,278856.7292480469,278773.75244140625,14.719046686484944,11.851386996917427,10.74376118707005,8.09697999843047,38.921879007830285,775.7847640023101,95.24035699723754,1.2416209938237444,10.66622541200195,10.760581344991806,10.774723030990572,10.790247241006
"[17, 8, 5, 2]",8,4,2,512,2551,1693,4007,8521,1953,1197,3047,5966,47602.703125,ok,3230.508056640625,2414.425048828125,3216.30615234375,3229.873291015625,44372.195068359375,45187.735107421875,44385.76025390625,44377.841552734375,15.23488399386406,12.629852001555264,14.398344986140728,5.897045004647225,44.59211201174185,839.0358749893494,16.693469995516352,1.0954689932987094,10.699110098998062,10.810355496010743,10.808706955998787,10.833594932992128
"[17, 8, 5, 2]",8,2,4,512,2541,1693,4041,8705,2040,1222,3183,6363,64425.984375,ok,3281.37109375,2477.18408203125,3266.85693359375,3280.7568359375,61144.61328125,61948.62060546875,61158.66650390625,61149.3173828125,14.639826005324721,11.802452999632806,13.328175001777709,5.463336004409939,46.84805699798744,832.6758959883591,17.534262005938217,1.4179169957060367,10.725765429000603,10.83588441000029,10.747953817000962,10.783949043005123
"[17, 8, 5, 2]",16,8,2,512,2991,1693,4647,9803,2095,1259,3232,6342,50419.85546875,ok,3248.373779296875,2414.740478515625,3229.940673828125,3248.002685546875,47171.481689453125,48004.568115234375,47189.395263671875,47178.587158203125,16.99354002531618,14.298961002379656,16.507313000038266,6.734975993167609,52.87179000151809,861.0732790111797,21.20179301709868,1.196728990180418,10.631216362991836,10.811261929004104,10.74165133999486,10.884252597010345
"[17, 8, 5, 2]",16,4,4,512,2971,1693,4647,10301,2161,1276,3355,6821,66548.203125,ok,3305.998291015625,2484.265869140625,3281.59130859375,3305.9765625,63242.204833984375,64063.781005859375,63266.74462890625,63247.765625,15.24421699764207,12.64762798557058,14.389279498253018,5.887818505289033,52.779432997340336,853.363314003218,28.680860006716102,1.2906609917990863,10.740335355993011,10.727524722999078,10.81997800800309,10.802540111006238
"[17, 8, 5, 2]",16,2,8,512,3087,1693,4949,10423,2306,1317,3627,7341,95638.21875,ok,3265.986572265625,2505.51904296875,3233.04248046875,3264.580078125,92372.23217773438,93132.30126953125,92404.55126953125,92377.169921875,14.682382002007216,11.823691999306902,13.36700949491933,5.457649252261035,46.81684399838559,789.2391019995557,34.65712899924256,1.127878000261262,10.682120942001347,10.76608390599722,10.785422500994173,10.749191413997323
"[17, 8, 5, 2]",32,16,2,512,3873,2055,5929,13385,2471,1419,3785,7834,63626.7265625,ok,3320.867919921875,2425.324462890625,3281.63525390625,3320.373779296875,60305.858642578125,61201.202880859375,60345.07177734375,60315.692626953125,20.749968974851072,17.71318100579083,20.669529989361763,8.448292997665703,65.66316698445007,932.1849669941003,42.50450601102784,4.830019999644719,10.616742482001428,10.706885463005165,10.742118077003397,10.822555383987492
"[17, 8, 5, 2]",32,8,4,512,3831,1931,5927,13183,2465,1404,3835,7829,71386.4140625,ok,3313.31591796875,2504.0751953125,3262.65966796875,3312.336669921875,68073.09814453125,68882.0107421875,68123.24658203125,68080.03833007812,16.964348996523768,14.321278993971646,16.470566515810788,6.724664504872635,57.69601700012572,848.3157350128749,52.890225997543894,1.2002009898424149,10.678677524992963,10.740805024004658,10.800998881997657,10.711002216005
"[17, 8, 5, 2]",32,4,8,512,4011,1871,6347,13141,2626,1416,4101,8265,97011.09375,ok,3271.03271484375,2533.65771484375,3218.677734375,3270.15234375,93740.06103515625,94476.67041015625,93792.244140625,93745.80078125,15.156409241259098,12.671650753123686,14.399684007279575,5.888100752024911,53.29982600233052,771.6854020109167,55.795188003685325,1.2099610030418262,10.714054582000244,10.762305213007494,10.828777189002722,10.742030812994926
"[17, 8, 5, 2]",32,2,16,512,4135,1901,6487,13535,2867,1527,4499,9232,157548.015625,ok,3358.2099609375,2659.0166015625,3306.293212890625,3356.930908203125,154189.8056640625,154888.3271484375,154240.64428710938,154194.69409179688,14.618254252010956,11.842355875764042,13.392948744236492,5.459234879177529,46.597969994763844,727.2032199980458,53.99929500708822,1.0798669973155484,10.595056271005888,10.69435884199629,10.755886854996788,10.680674787989119
"[17, 8, 5, 2]",64,32,2,512,4853,2675,7651,17327,2886,1626,4403,9222,,OOM_rank2,,,,,,,,,,,,,0.0,0.0,0.0,0.0,,,,
"[17, 8, 5, 2]",64,16,4,512,4853,2415,7729,17825,2924,1593,4513,9565,,OOM_rank2,,,,,,,,,,,,,0.0,0.0,0.0,0.0,,,,
"[17, 8, 5, 2]",64,8,8,512,4851,2313,8327,17183,3029,1571,4726,9541,,OOM_rank2,,,,,,,,,,,,,0.0,0.0,0.0,0.0,,,,
"[17, 8, 5, 2]",64,4,16,512,4851,2193,7527,15901,3014,1571,4687,9583,,OOM_rank2,,,,,,,,,,,,,0.0,0.0,0.0,0.0,,,,
"[17, 8, 5, 2]",64,2,32,512,4861,2381,8237,17117,3475,1804,5524,11336,,OOM_rank2,,,,,,,,,,,,,0.0,0.0,0.0,0.0,,,,
"[17, 9, 3, 3]",8,4,2,512,1651,2073,4487,8781,1279,1545,3366,6028,47729.5859375,ok,3262.04931640625,2426.536865234375,3246.592041015625,3261.140380859375,44467.53662109375,45302.720947265625,44482.911865234375,44479.578369140625,15.354739003814757,14.17312000412494,8.755521008744836,8.671922997105867,38.64150801382493,851.043236994883,19.594121986301616,1.1143360170535743,10.665349691000301,10.740787578994059,10.932411553993006,10.771434064998175
"[17, 9, 3, 3]",8,2,4,512,1605,2073,4649,8705,1308,1586,3548,6341,61929.625,ok,3260.59619140625,2434.314208984375,3245.370361328125,3259.965576171875,58669.02880859375,59494.556884765625,58683.649169921875,58680.311767578125,14.725540504790843,13.253461498767138,8.096700496040285,8.012039008317515,33.413495009881444,839.3026039993856,18.636605993378907,0.9344640129711479,10.71786748500017,10.741625388996908,10.796284247000585,10.850268786991364
"[17, 9, 3, 3]",16,8,2,512,1911,2131,5207,9803,1368,1630,3616,6431,51207.703125,ok,3286.83837890625,2442.122314453125,3258.224609375,3286.08642578125,47920.86474609375,48765.170654296875,47949.302734375,47935.23779296875,16.997397967614233,16.043633989989758,10.026664008386433,9.934254009276628,46.36260100232903,861.0873779980466,33.23626998462714,1.0922169894911349,10.628517660996295,10.764686745998915,10.820915253003477,10.895274343987694
"[17, 9, 3, 3]",16,4,4,512,1891,2091,5267,10341,1396,1641,3731,6797,62982.71875,ok,3304.964111328125,2455.318603515625,3260.6259765625,3304.375244140625,59677.754638671875,60527.185302734375,59721.4326171875,59690.398193359375,15.16771750105545,14.204738495405763,8.746071004774421,8.658294489141554,39.09364801074844,864.4888650014764,47.55166999530047,1.1756889871321619,10.67424011300318,10.72936535300687,10.851302483992185,10.801978080009576
"[17, 9, 3, 3]",16,2,8,512,1855,2157,5505,10423,1446,1717,4019,7341,92843.359375,ok,3345.913818359375,2504.455078125,3285.126220703125,3345.50537109375,89497.44555664062,90338.333984375,89557.87377929688,89509.84619140625,14.621340741403401,13.280507257208228,8.1044567450881,8.058059004717506,33.03707799932454,854.6232359949499,65.29381399741396,1.0886370000662282,10.704218724000384,10.744582462997641,10.744078611009172,10.79227971698856
"[17, 9, 3, 3]",32,16,2,512,2453,2693,6669,13385,1576,1849,4198,7806,63484.50390625,ok,3306.54931640625,2424.7041015625,3250.845703125,3306.10986328125,60177.95458984375,61060.9560546875,60233.498046875,60200.77685546875,20.776650014333427,19.91414200887084,12.528376014903188,12.557245003990829,56.543634986155666,899.7037629887927,57.080179001786746,3.155680009513162,10.668951493003988,10.706801721011288,10.730673097001272,10.693708432998392
"[17, 9, 3, 3]",32,8,4,512,2451,2593,6947,13183,1582,1816,4295,7778,68253.9453125,ok,3382.48095703125,2492.65966796875,3297.765380859375,3382.00341796875,64871.46435546875,65760.77001953125,64955.859619140625,64885.92626953125,16.98926699627191,16.0572330057621,9.994239006657153,9.938112000469118,44.78524900332559,906.7330079851672,88.48345300066285,1.1978719849139452,10.708670074993279,10.753584151010728,10.740188916999614,10.742547275993275
"[17, 9, 3, 3]",32,4,8,512,2391,2571,7047,13141,1633,1869,4523,8254,94458.3671875,ok,3316.53125,2480.47412109375,3212.211181640625,3315.67041015625,91141.8359375,91977.22900390625,91245.60913085938,91155.49365234375,15.20912150084041,14.240527253830805,8.745927996118553,8.705514499917626,39.30409299209714,851.3415610068478,108.94832499616314,2.1634449949488044,10.627966857005958,10.718112442002166,10.795796756006894,10.866970457005664
"[17, 9, 3, 3]",32,2,16,512,2569,2653,7197,13535,1812,2026,5006,9234,156487.015625,ok,3414.8740234375,2541.761474609375,3346.71044921875,3413.989990234375,153072.1416015625,153944.47290039062,153139.08642578125,153082.96313476562,14.719636376132257,13.294356250204146,8.103048748336732,8.078344876063056,34.322915991651826,886.6119539889041,71.02167799894232,2.7943500026594847,10.744899762998102,10.672228415001882,10.799111508997157,10.808547024993459
"[17, 9, 3, 3]",64,32,2,512,3573,3955,9571,19327,2066,2354,5456,10385,78378.109375,ok,3432.097900390625,2402.758544921875,3300.14208984375,3431.5986328125,74946.01147460938,75973.75708007812,75077.99853515625,74976.7373046875,28.775394020602107,27.353560036048293,17.476054003462195,17.47337997984141,75.46395900135394,1055.6699959997786,135.68882399704307,1.6327509947586805,10.640801222005393,10.593001285989885,10.668688379999367,10.681969723998918
"[17, 9, 3, 3]",64,16,4,512,3533,3535,9969,19885,2076,2278,5734,10672,95722.484375,ok,3405.824951171875,2502.151123046875,3236.18212890625,3405.109619140625,92316.65942382812,93219.87231445312,92485.94287109375,92344.04663085938,20.81623148592189,20.069328003097326,12.673949501942843,12.573527006898075,65.60507099493407,925.871728992206,173.65352700289804,4.248244993505068,10.645994442005758,10.685361718002241,10.707076230988605,10.771170476000407
"[17, 9, 3, 3]",64,8,8,512,3451,3513,9967,19203,2058,2251,5792,10573,101257.59375,ok,3456.994384765625,2576.101318359375,3261.822021484375,3455.9150390625,97800.59936523438,98680.75805664062,97995.25610351562,97815.7568359375,16.941733001032844,16.053817240754142,10.006147996755317,9.978442997904494,40.286557996296324,897.6432839845074,198.6235500080511,1.2493410031311214,10.70527069500531,10.615160582005046,10.74688918699394,10.723322146994178
"[17, 9, 3, 3]",64,4,16,512,3491,3473,9967,18821,2167,2356,6081,11267,157963.46875,ok,3470.879638671875,2604.665771484375,3337.215087890625,3469.0048828125,154492.58911132812,155358.53735351562,154625.67553710938,154505.7919921875,15.22013200132642,14.243989748880267,8.746974627138115,8.72399900504388,35.17149000253994,881.1723600083496,137.27223199384753,1.940817994181998,10.654067144001601,10.740806204994442,10.81635548300983,10.812215429003118
"[17, 9, 3, 3]",64,2,32,512,3743,3725,9983,19677,2467,2684,6865,12799,282960.125,ok,3523.81640625,2644.294677734375,3432.782958984375,3522.239501953125,279436.30859375,280314.4553222656,279527.3732910156,279445.7604980469,14.739329052506946,13.294897062296513,8.109515748074045,8.096330937871244,35.45885799394455,893.3652760024415,95.98860099504236,1.2603109935298562,10.674848105001729,10.652632258002996,10.691928472006111,10.782302792998962
"[17, 9, 4, 2]",8,4,2,512,2091,1693,4487,8781,1613,1195,3345,5951,45539.25390625,ok,3246.01953125,2417.554443359375,3231.44287109375,3245.694091796875,42293.234375,43121.601806640625,42307.63916015625,42298.841064453125,15.207140987738967,14.179863009601831,11.559137996286154,5.890365993604064,40.8883529889863,845.8566159824841,17.643640996539034,1.195249002194032,10.62268630300241,10.71874026399746,10.741575655003544,11.051295700992341
"[17, 9, 4, 2]",8,2,4,512,2075,1693,4649,8705,1672,1214,3531,6297,60715.19921875,ok,3266.39208984375,2441.512939453125,3251.84619140625,3265.55859375,57448.80712890625,58273.365966796875,57462.94287109375,57453.83203125,14.644231510348618,13.266702501103282,10.68291299417615,5.468194999732077,38.402379999752156,843.1605970108649,17.4986679921858,1.3303220039233565,10.823677609005244,10.704208360999473,10.78882595799223,10.837445383003796
"[17, 9, 4, 2]",16,8,2,512,2471,1693,5207,9803,1731,1259,3574,6289,48801.93359375,ok,3271.649169921875,2419.2275390625,3253.338134765625,3270.826904296875,45530.284423828125,46381.9677734375,45548.111083984375,45537.454345703125,17.029428989626467,16.052037965506315,13.264873984269798,6.731396998744458,48.886653006775305,872.0137820055243,21.237050008494407,1.3511029974324629,10.638965320002171,10.758425186999375,10.804111539007863,10.774294394999743
"[17, 9, 4, 2]",16,4,4,512,2451,1693,5347,10341,1773,1270,3716,6700,61915.04296875,ok,3242.990478515625,2435.4130859375,3215.065185546875,3242.5458984375,58672.052490234375,59479.3837890625,58700.059814453125,58678.0322265625,15.153545491863042,14.200082000810653,11.536806505639106,5.888175999280065,42.61368600418791,825.1902090123622,31.392802993650548,1.4501380210276693,10.636841497995192,10.74157028600166,10.81391171499854,10.887857817011536
"[17, 9, 4, 2]",16,2,8,512,2409,1693,5505,10421,1857,1317,4012,7325,92419.40625,ok,3325.35595703125,2529.577880859375,3283.03515625,3324.673583984375,89094.05029296875,89888.33618164062,89135.98046875,89098.51391601562,14.72862749779597,13.281768499640748,10.70976024842821,5.457709753303789,39.2237440100871,814.4231029873481,45.432548999087885,1.1822619999293238,10.723506701993756,10.768659363006009,10.850095390997012,10.992067070998019
"[17, 9, 4, 2]",32,16,2,512,3193,2055,6669,13385,2016,1405,4158,7709,60851.61328125,ok,3382.181884765625,2484.365234375,3344.870361328125,3380.966796875,57469.431396484375,58366.876953125,57508.242919921875,57471.529296875,20.800953992642462,19.91817199997604,16.631071005016565,8.514721009414643,68.64394200965762,930.2498530014418,44.49175699846819,9.54514900513459,10.922517095008516,10.62502831099846,10.823221022990765,10.785469606009428
"[17, 9, 4, 2]",32,8,4,512,3151,1931,6947,13183,2020,1389,4278,7689,66560.21875,ok,3335.8408203125,2508.9033203125,3282.22509765625,3335.067138671875,63224.3779296875,64051.3232421875,63277.93115234375,63231.370361328125,16.984898494556546,16.064291002228856,13.23126550996676,6.7296825021039695,48.83372499898542,846.8751110049197,57.05226100690197,1.3799160078633577,10.703690694994293,10.738078965994646,10.757473513993318,10.89185747600277
"[17, 9, 4, 2]",32,4,8,512,3191,1871,7047,13141,2109,1409,4504,8188,92646.5625,ok,3281.5615234375,2500.6572265625,3233.820556640625,3280.948974609375,89365.0009765625,90145.4130859375,89412.00756835938,89370.59008789062,15.134807739639655,14.232048997655511,11.57158525637351,5.885046252282336,42.08556601952296,797.9895430034958,50.334613013546914,1.1174370010849088,10.651637948001735,10.676596154997242,10.858035058001406,10.88072326600377
"[17, 9, 4, 2]",32,2,16,512,3323,1901,7199,13535,2327,1524,4988,9192,152863.234375,ok,3422.004150390625,2658.4033203125,3337.24462890625,3420.919189453125,149441.23022460938,150204.5498046875,149524.56787109375,149446.12768554688,14.479949623462744,13.306102377013303,10.739192000357434,5.460395003494341,38.52898701734375,781.9575860048644,86.71178598888218,1.3387549988692626,10.654110600997228,10.704457205996732,10.813601774993003,10.863240928010782
"[17, 9, 4, 2]",64,32,2,512,4673,3115,9571,19327,2645,1791,5404,10284,75625.84375,ok,3372.726318359375,2397.541259765625,3283.16015625,3372.2548828125,72253.11743164062,73225.91967773438,72342.18359375,72264.4716796875,28.791971042752266,27.35447098314762,23.20232997369021,11.774545005522668,83.93165498273447,1016.7518359958194,94.08844000427052,3.3385249989805743,10.566461423004512,10.642878500002553,10.770170973002678,10.79111384000862
"[17, 9, 4, 2]",64,16,4,512,4573,2595,9969,19885,2660,1710,5701,10666,92336.2421875,ok,3355.81396484375,2547.294189453125,3241.81298828125,3355.539794921875,88980.42822265625,89787.24487304688,89095.35888671875,88988.32739257812,20.84029500093311,20.077828000765294,16.753839495126158,8.502126993844286,76.12343900837004,847.8156369819771,120.52002300333697,3.311762004159391,10.608145258986042,10.651434736006195,10.751817353011575,10.976066768998862
"[17, 9, 4, 2]",64,8,8,512,4471,2553,9967,19203,2645,1675,5792,10642,100084.75,ok,3330.079833984375,2605.46142578125,3192.698974609375,3329.8818359375,96754.67016601562,97478.74169921875,96892.11352539062,96761.5634765625,16.93924199650064,16.059016245417297,13.259220744250342,6.722936748876236,45.405568002024665,744.9645760061685,140.81806100148242,1.2077100109308958,10.609180454994203,10.609611466003116,10.73247249700944,10.781770904999576
"[17, 9, 4, 2]",64,4,16,512,4651,2473,9967,18781,2838,1730,6069,11180,,OOM_rank1,,,,,,,,,,,,,0.0,0.0,0.0,0.0,,,,
"[17, 9, 4, 2]",64,2,32,512,4847,2621,9983,19677,3202,1946,6847,12759,279523.25,ok,3383.248779296875,2758.41943359375,3295.46240234375,3382.33544921875,276140.0012207031,276764.79931640625,276227.47509765625,276144.94580078125,14.681001190678217,13.300957191502675,10.739403938641772,5.4572996873175725,38.99452199402731,643.4395690157544,90.58388299308717,1.6831120010465384,10.6511458990135,10.665512199004297,10.76128885000071,10.71320168398961
"[17, 9, 5, 1]",8,4,2,512,2551,1293,4487,8521,1967,826,3357,5949,46893.8125,ok,3219.10986328125,2413.73583984375,3216.049072265625,3218.53662109375,43674.70263671875,44479.18994140625,43677.165771484375,43677.97119140625,15.230965011753142,14.195113006979227,14.402988007292151,3.0325150040443987,45.33095999795478,826.3207089912612,4.317487997468561,1.1423179967096075,10.693178825997165,10.838587912003277,10.809612319004373,10.758122175990138
"[17, 9, 5, 1]",8,2,4,512,2543,1293,4649,8705,2042,843,3557,6367,63816.96484375,ok,3254.351806640625,2466.8876953125,3247.80859375,3254.2470703125,60562.613037109375,61346.6826171875,60565.5546875,60562.1279296875,14.817397507838905,13.263567999005318,13.329084507189691,2.814190998324193,50.18770099559333,814.353978013969,9.602930003893562,4.926572000840679,10.704809606002527,10.743704437001725,10.811499626011937,10.754905395995593
"[17, 9, 5, 1]",16,8,2,512,2991,1293,5207,9803,2099,867,3583,6354,49582.0703125,ok,3291.951171875,2452.111328125,3281.23193359375,3291.584716796875,46290.119140625,47129.880859375,46300.63916015625,46294.161376953125,16.976802978664637,16.043208015151322,16.494800995104015,3.4489929997362196,53.320519014960155,864.1260900039924,13.027993991272524,1.2423989828675985,10.71677761299361,10.739111711009173,10.772326298989356,10.739592184007051
"[17, 9, 5, 1]",16,4,4,512,2971,1293,5347,10301,2165,873,3768,6818,65498.765625,ok,3264.93701171875,2488.290283203125,3253.400634765625,3264.439208984375,62233.82861328125,63010.018310546875,62244.779052734375,62237.025634765625,15.276170456316322,14.207003491465002,14.381563498172909,3.02593600039836,51.552125994930975,804.1863970138365,13.890585003537126,1.0411160037619993,10.696203002007678,10.816763492999598,10.759711234990391,10.834524089994375
"[17, 9, 5, 1]",16,2,8,512,3087,1293,5505,10421,2306,889,4022,7352,95024.0625,ok,3306.4345703125,2531.091552734375,3287.9697265625,3306.943603515625,91717.6279296875,92493.14282226562,91736.0615234375,91720.68139648438,14.69849250279367,13.275837745983154,13.368097249185666,2.811838497640565,45.763019981677644,801.6161539853783,20.62437598942779,1.150609998148866,10.726111887008301,10.76051647499844,10.792037332008476,10.849275808999664
"[17, 9, 5, 1]",32,16,2,512,3873,1293,6669,13385,2439,972,4188,7785,61716.26953125,ok,3289.567138671875,2448.330810546875,3268.539306640625,3289.16259765625,58426.702392578125,59267.559814453125,58448.480224609375,58427.18896484375,20.764170019887388,19.896519016474485,20.6647859942168,4.327239003498107,68.14164700335823,877.0236909913365,29.477203992428258,5.327153005055152,10.642125632992247,10.766933204009547,10.762431772993295,10.701487233003718
"[17, 9, 5, 1]",32,8,4,512,3831,1293,6947,13183,2452,951,4293,7839,70097.6484375,ok,3286.171630859375,2523.47607421875,3263.149169921875,3285.409423828125,66811.47680664062,67573.46142578125,66834.24145507812,66815.46557617188,16.955906517338008,16.054534503258765,16.465829526539892,3.450716996565461,60.3532249951968,793.2027630013181,25.51617599965539,1.1410500010242686,10.608634820004227,10.76846428400313,10.75606229499681,11.073075865991996
"[17, 9, 5, 1]",32,4,8,512,4011,1293,7147,13181,2638,949,4586,8327,97432.7578125,ok,3251.249267578125,2566.278076171875,3234.68994140625,3251.147216796875,94181.50854492188,94865.94067382812,94197.67724609375,94184.88403320312,15.344702005153522,14.253393756458536,14.420308496104553,3.0286985012935475,52.67494899453595,714.0209600038361,19.205889984732494,1.036115994793363,10.683541076999973,10.73487454399583,10.768127793999156,10.806058690999635
"[17, 9, 5, 1]",32,2,16,512,4135,1293,7199,13535,2867,991,4999,9229,154979.390625,ok,3352.265625,2681.01220703125,3344.744384765625,3351.233642578125,151627.125,152297.22216796875,151633.06811523438,151630.04760742188,14.483403873397037,13.286644625477493,13.387092747725546,2.8167712475114968,46.656499995151535,696.7793020012323,9.191739998641424,1.864327015937306,10.775263140007155,10.761287761008134,10.813382976004505,10.939714478998212
"[17, 9, 5, 1]",64,32,2,512,4853,1755,8651,17327,2872,1138,4890,9158,,OOM_rank2,,,,,,,,,,,,,0.0,0.0,0.0,0.0,,,,
"[17, 9, 5, 1]",64,16,4,512,4853,1533,9169,17825,2941,1072,5192,9608,,OOM_rank2,,,,,,,,,,,,,0.0,0.0,0.0,0.0,,,,
"[17, 9, 5, 1]",64,8,8,512,4851,1433,9227,17183,3025,1036,5251,9584,,OOM_rank2,,,,,,,,,,,,,0.0,0.0,0.0,0.0,,,,
"[17, 9, 5, 1]",64,4,16,512,4851,1333,8527,15981,3014,1013,5233,9580,,OOM_rank2,,,,,,,,,,,,,0.0,0.0,0.0,0.0,,,,
"[17, 9, 5, 1]",64,2,32,512,4861,1435,9163,17117,3465,1129,6148,11335,,OOM_rank2,,,,,,,,,,,,,0.0,0.0,0.0,0.0,,,,
"[17, 10, 3, 2]",8,4,2,512,1631,1693,4947,8781,1260,1174,3643,6006,46636.78515625,ok,3325.18798828125,2483.567626953125,3311.701904296875,3323.809326171875,43311.59716796875,44152.877685546875,43324.231689453125,43319.233642578125,15.361239003017545,15.756107000634074,8.75965499645099,5.8204399878159165,40.38154300360475,855.4802719881991,15.478048007935286,1.48965600237716,10.983951078989776,10.622773630995653,10.727953909998178,10.801078135002172
"[17, 10, 3, 2]",8,2,4,512,1605,1693,5097,8705,1299,1209,3840,6274,60432.53515625,ok,3233.840087890625,2411.420654296875,3212.041259765625,3233.593017578125,57198.695068359375,58021.024658203125,57220.423583984375,57206.371826171875,14.714503997936845,14.702465001959354,8.09789300058037,5.425234000664204,35.110659984638914,835.5320900009247,25.050046999240294,1.140278996899724,10.653384460005327,10.679331239996827,10.755949420999968,10.79436700399674
"[17, 10, 3, 2]",16,8,2,512,1911,1693,5747,9803,1347,1253,3888,6313,49708.21484375,ok,3289.83251953125,2463.424560546875,3266.69921875,3288.985595703125,46418.38232421875,47244.200439453125,46441.3046875,46425.854248046875,17.044711998663843,17.83099900651723,10.024430991150439,6.6587079940363765,49.63740501261782,842.4775950115873,26.3295690092491,1.4872780011501163,10.701733940994018,10.656919358996674,10.810546209992026,10.78542944000219
"[17, 10, 3, 2]",16,4,4,512,1891,1693,5987,10301,1388,1272,4106,6731,62690.90234375,ok,3278.7548828125,2437.917724609375,3257.24169921875,3278.242431640625,59412.1474609375,60252.750244140625,59430.77001953125,59418.812255859375,15.229092992376536,15.719649489969015,8.745369993383065,5.850446004420519,43.38393799844198,854.8975859885104,21.18868101388216,1.0972460004268214,10.729918447992532,10.737422416001209,11.173490442000912,11.170764813010464
"[17, 10, 3, 2]",16,2,8,512,1855,1693,6141,10423,1446,1320,4427,7333,91574.265625,ok,3326.4169921875,2491.3193359375,3300.673583984375,3325.936279296875,88247.8486328125,89082.3447265625,88273.13110351562,88254.50903320312,14.649775994941592,14.715260246768594,8.102431496954523,5.435507500078529,34.83567301009316,847.4648400006117,28.476634004618973,1.2195799936307594,10.749253254005453,10.707872094993945,10.817241609009216,10.776634769004886
"[17, 10, 3, 2]",32,16,2,512,2453,2055,7329,13385,1576,1399,4529,7748,61259.36328125,ok,3320.35986328125,2461.60693359375,3279.700927734375,3319.662353515625,57939.00341796875,58797.38134765625,57979.345947265625,57956.392333984375,20.764639996923506,22.07385502010584,12.50699799042195,8.496344008948654,55.02572900149971,877.6034859911306,41.41886901925318,5.096156994113699,10.669547344004968,10.703188277999288,10.705603158989106,10.800785725994501
"[17, 10, 3, 2]",32,8,4,512,2451,1931,7847,13183,1582,1392,4757,7768,67695.5625,ok,3311.332275390625,2483.6259765625,3250.30908203125,3310.36962890625,64384.230224609375,65211.3818359375,64445.27685546875,64394.35693359375,16.963005990255624,17.796758028212935,10.01552700297907,6.687593996990472,51.93408200284466,843.0521199916257,64.32590300391894,1.1463179980637506,10.661191995008267,10.702465351001592,10.795958375005284,10.825907215999905
"[17, 10, 3, 2]",32,4,8,512,2391,1871,7807,13141,1635,1417,4988,8264,94712.0234375,ok,3254.907958984375,2462.1640625,3184.39208984375,3254.0576171875,91457.11547851562,92249.2890625,91527.58447265625,91463.7783203125,15.147164260968566,15.692437747260556,8.7512367493473,5.865717250970192,48.435223987326026,806.1958159960341,72.50642699364107,1.1145180033054203,10.702944133008714,10.70255703300063,10.807432933012024,10.778779943997506
"[17, 10, 3, 2]",32,2,16,512,2571,1901,7951,13535,1810,1527,5497,9211,153111.328125,ok,3344.0234375,2555.8271484375,3259.22705078125,3343.3818359375,149767.3046875,150554.8447265625,149851.89794921875,149773.2119140625,14.597627371898852,14.683458875748329,8.10139799962053,5.450239623722155,38.72642600617837,802.3925009911181,88.41040699917357,1.318032998824492,10.722975696000503,10.677332791005028,10.745619863009779,10.857666620999225
"[17, 10, 3, 2]",64,32,2,512,3493,3035,9971,18847,1986,1749,5722,9992,,OOM_rank1,,,,,,,,,,,,,0.0,0.0,0.0,0.0,,,,
"[17, 10, 3, 2]",64,16,4,512,3453,2595,9969,19205,2025,1674,6101,10340,,OOM_rank1,,,,,,,,,,,,,0.0,0.0,0.0,0.0,,,,
"[17, 10, 3, 2]",64,8,8,512,3291,2413,9967,18223,1974,1622,6042,10197,,OOM_rank1,,,,,,,,,,,,,0.0,0.0,0.0,0.0,,,,
"[17, 10, 3, 2]",64,4,16,512,3151,2313,9967,17081,2000,1634,6139,10295,,OOM_rank1,,,,,,,,,,,,,0.0,0.0,0.0,0.0,,,,
"[17, 10, 3, 2]",64,2,32,512,3423,2461,9977,17999,2295,1854,7005,11826,,OOM_rank1,,,,,,,,,,,,,0.0,0.0,0.0,0.0,,,,
"[17, 10, 4, 1]",8,4,2,512,2091,1293,4947,8521,1618,825,3650,5914,45552.48046875,ok,3231.606689453125,2414.80908203125,3224.7685546875,3231.326416015625,42320.873779296875,43137.50341796875,42327.3681640625,42324.251708984375,15.34933699388057,15.746809996664524,11.602983994409442,3.035601005423814,43.117174005601555,833.858700003475,8.845073985867202,1.64038100047037,10.569726678993902,10.75065264699515,10.810059551993618,10.838645502997679
"[17, 10, 4, 1]",8,2,4,512,2073,1293,5097,8705,1668,833,3847,6282,59404.9140625,ok,3242.88720703125,2444.24609375,3234.977783203125,3242.475830078125,56162.02685546875,56960.48828125,56168.209716796875,56165.020263671875,14.567427495494485,14.676259497180581,10.67489200970158,2.816772996680811,38.39906498615164,814.0987210063031,9.18864099367056,4.189363986370154,10.75784781499533,10.739520205999725,10.80526469599863,10.716433424007846
"[17, 10, 4, 1]",16,8,2,512,2471,1293,5747,9803,1723,866,3914,6349,48775.9921875,ok,3252.408203125,2448.021484375,3244.464111328125,3251.651123046875,45523.583984375,46327.419921875,45531.360107421875,45527.747314453125,17.02947001159191,17.837202985771,13.291176998056471,3.4477099999785423,51.945865008747205,822.8266810037894,10.267186997225508,1.2680220097536221,10.66266262299905,10.709751577000134,10.824067716996069,10.735799820002285
"[17, 10, 4, 1]",16,4,4,512,2451,1293,5987,10341,1766,862,4096,6714,62018.6796875,ok,3270.1953125,2473.648193359375,3259.05615234375,3269.3037109375,58748.484375,59544.379150390625,58759.42041015625,58751.8916015625,15.226434494368732,15.74197700805962,11.563265992794186,3.0275560014415532,44.186760002048686,812.1088699990651,13.316174008650705,1.0676160018192604,10.688044860988157,10.796969697010354,10.8145952019986,10.69683196299593
"[17, 10, 4, 1]",16,2,8,512,2411,1293,6141,10423,1861,890,4425,7336,91173.3046875,ok,3303.15869140625,2487.6748046875,3296.807861328125,3302.727294921875,87870.14599609375,88685.1298828125,87876.08276367188,87873.06176757812,14.67015699064359,14.711733243893832,10.714340741746128,2.807570998731535,39.24241600907408,830.871660989942,8.674517011968419,1.9848989904858172,10.678157612012,10.766276509995805,10.838755915989168,10.730144828004995
"[17, 10, 4, 1]",32,16,2,512,3193,1293,7329,13385,2012,970,4535,7693,60356.5078125,ok,3287.888916015625,2458.43359375,3263.823974609375,3286.283447265625,57068.618896484375,57901.421875,57092.203369140625,57070.845458984375,20.793697013519704,22.088142005726695,16.63705398980528,4.3740828793961555,72.31684599537402,864.9848779896274,27.086239992058836,6.971735012484714,10.683582379002473,10.620728598994901,10.735310878008022,10.646635709999828
"[17, 10, 4, 1]",32,8,4,512,3151,1293,7847,13183,2026,948,4730,7782,67237.8515625,ok,3296.237548828125,2501.487548828125,3273.113525390625,3294.03466796875,63941.614013671875,64735.739013671875,63964.511474609375,63945.69189453125,16.978230990003794,17.796897987369448,13.25479199923575,3.4514290001243353,55.28550899180118,813.4895730181597,25.310877012088895,1.2125700013712049,10.64377986000909,10.778938703995664,10.796511846012436,10.857905238008243
"[17, 10, 4, 1]",32,4,8,512,3191,1293,7807,13141,2123,945,4979,8254,94311.578125,ok,3254.94677734375,2520.122314453125,3242.850341796875,3254.671142578125,91056.63134765625,91791.43237304688,91068.49340820312,91059.90698242188,15.172482500318438,15.716181743657216,11.595354750053957,3.0252505011158064,51.84249099693261,751.3619450037368,14.269937993958592,1.0803159966599196,10.655908914006432,10.784707259997958,10.829857222997816,10.767941056998097
"[17, 10, 4, 1]",32,2,16,512,3321,1293,7951,13535,2331,990,5502,9223,153614.203125,ok,3351.19775390625,2642.341796875,3315.471435546875,3350.853515625,150263.00537109375,150970.908203125,150297.77856445312,150266.037109375,14.641392130637541,14.731801374466158,10.727789125870913,2.8100611247937195,38.259890003246255,723.0178619793151,37.26493597787339,1.3224939903011546,10.553549244999886,10.652898027998162,10.695977648996632,10.73880227599875
"[17, 10, 4, 1]",64,32,2,512,4553,1755,9971,18847,2556,1185,5745,9891,,OOM_rank1,,,,,,,,,,,,,0.0,0.0,0.0,0.0,,,,
"[17, 10, 4, 1]",64,16,4,512,4433,1633,9969,19205,2581,1112,6076,10295,,OOM_rank1,,,,,,,,,,,,,0.0,0.0,0.0,0.0,,,,
"[17, 10, 4, 1]",64,8,8,512,4271,1513,9967,18223,2543,1068,6094,10231,,OOM_rank1,,,,,,,,,,,,,0.0,0.0,0.0,0.0,,,,
"[17, 10, 4, 1]",64,4,16,512,4171,1393,9967,16941,2607,1047,6120,10231,,OOM_rank1,,,,,,,,,,,,,0.0,0.0,0.0,0.0,,,,
"[17, 10, 4, 1]",64,2,32,512,4427,1475,9977,17999,2976,1156,6988,11831,,OOM_rank1,,,,,,,,,,,,,0.0,0.0,0.0,0.0,,,,
"[17, 11, 2, 2]",8,4,2,512,1171,1693,5407,8781,913,1192,3974,6015,47418.765625,ok,3221.72314453125,2394.156005859375,3206.41650390625,3220.834716796875,44197.04248046875,45024.273681640625,44211.76318359375,44205.958251953125,15.271438973024487,17.310628005303442,5.896003006957471,5.817034004256129,39.336346002528444,838.4644790057791,15.754103980725631,1.5690699947299436,10.65448027801176,10.665489884006092,10.833836321995477,10.820040156002506
"[17, 11, 2, 2]",8,2,4,512,1157,1693,5605,8705,942,1220,4215,6335,62260.80078125,ok,3242.554443359375,2418.294677734375,3222.2421875,3241.155517578125,59018.246337890625,59842.084228515625,59038.4765625,59026.813232421875,14.543680503033102,16.07016449701041,5.460016997531056,5.425895502092317,37.80584898777306,833.6580629984383,23.508772006607614,1.2607429962372407,10.822592854005052,10.725216093997005,10.73649647399725,10.933477628001128
"[17, 11, 2, 2]",16,8,2,512,1371,1693,6267,9803,982,1264,4266,6399,51289.64453125,ok,3261.576171875,2432.80078125,3239.77734375,3261.23779296875,48028.068359375,48856.40625,48049.42578125,48039.34423828125,17.027034004218876,19.59337998740375,6.734970000106841,6.652076001279056,48.519570991629735,840.7601499930024,24.286800005938858,1.2591009872267023,10.710253718993044,10.722911517004832,10.744190341996728,10.830812579006306
"[17, 11, 2, 2]",16,4,4,512,1351,1693,6627,10301,1003,1283,4532,6821,65347.55078125,ok,3251.681396484375,2419.958740234375,3220.9541015625,3250.83935546875,62095.869384765625,62926.728759765625,62126.0263671875,62105.89892578125,15.247941514942795,17.272165012080222,5.887401995714754,5.851065995870158,46.40951700275764,841.911819006782,33.36240001954138,1.142677996540442,10.71226183899853,10.668257281009573,10.77157191101287,10.782460564994835
"[17, 11, 2, 2]",16,2,8,512,1317,1693,6717,10423,1034,1321,4834,7358,95477.9921875,ok,3294.300048828125,2455.041015625,3262.13623046875,3292.970703125,92183.69213867188,93022.474609375,92216.07470703125,92193.138671875,14.725253748474643,16.07989675947465,5.460837748250924,5.438612501253374,45.69287701451685,851.077740007895,35.4960019903956,1.1813799937954172,10.721625685007893,10.756598323991057,10.721018327996717,10.80158420400403
"[17, 11, 2, 2]",32,16,2,512,1793,2055,8009,13385,1150,1402,4983,7719,63179.46875,ok,3274.946533203125,2445.075439453125,3237.34619140625,3274.070556640625,59904.522216796875,60737.221435546875,59943.44677734375,59918.859130859375,20.757398980669677,24.284936981275678,8.408775996416807,8.463465994689614,62.700036985916086,848.4326739999233,42.580312001518905,3.2858920021681115,10.62444615100685,10.70133476400224,10.762697607002337,10.791702945993165
"[17, 11, 2, 2]",32,8,4,512,1711,1931,8707,13183,1132,1400,5255,7855,71015.6484375,ok,3315.64453125,2475.927490234375,3258.916748046875,3314.92578125,67700.00390625,68539.58813476562,67756.63793945312,67712.23046875,16.95752950757742,19.579054999165237,6.731668497202918,6.6898124979343265,56.535041992901824,851.1846230103401,59.94385700614657,1.2339889944996685,10.657275646008202,10.671940494998125,10.67926966799132,10.695770024001831
"[17, 11, 2, 2]",32,4,8,512,1671,1871,8487,13141,1165,1425,5474,8352,100893.171875,ok,3271.36572265625,2445.193115234375,3217.998779296875,3270.312744140625,97621.80615234375,98447.04125976562,97675.04028320312,97631.14038085938,15.220876994077116,17.24573675938882,5.891232252470218,5.8668444972718135,49.064786013332196,836.2252069928218,56.692135985940695,1.3824950001435354,10.757346533006057,10.74671950598713,10.935378939000657,10.87065341300331
"[17, 11, 2, 2]",32,2,16,512,1637,1901,8723,13535,1233,1535,6053,9307,161595.890625,ok,3388.483642578125,2501.53564453125,3320.3486328125,3387.58056640625,158207.40698242188,159093.57373046875,158275.3701171875,158216.24755859375,14.658511872170493,16.047985999728553,5.464396998344455,5.446855753078125,45.58027800521813,896.2910679983906,71.27217098604888,1.2033000093651935,10.657897840996156,10.65801821500645,10.687341173004825,10.854752172002918
"[17, 11, 2, 2]",64,32,2,512,2313,2415,9971,17007,1324,1576,5671,8929,,OOM_rank1,,,,,,,,,,,,,0.0,0.0,0.0,0.0,,,,
"[17, 11, 2, 2]",64,16,4,512,2153,2415,9969,17185,1310,1559,6026,9241,,OOM_rank1,,,,,,,,,,,,,0.0,0.0,0.0,0.0,,,,
"[17, 11, 2, 2]",64,8,8,512,2091,2193,9967,15983,1293,1509,5886,8973,,OOM_rank1,,,,,,,,,,,,,0.0,0.0,0.0,0.0,,,,
"[17, 11, 2, 2]",64,4,16,512,2051,2153,9967,15601,1346,1568,6206,9526,,OOM_rank1,,,,,,,,,,,,,0.0,0.0,0.0,0.0,,,,
"[17, 11, 2, 2]",64,2,32,512,2159,2321,9977,16439,1514,1776,7117,11036,,OOM_rank1,,,,,,,,,,,,,0.0,0.0,0.0,0.0,,,,
"[17, 11, 3, 1]",8,4,2,512,1631,1293,5407,8521,1276,829,3974,5949,45540.296875,ok,3236.042724609375,2415.352783203125,3230.1044921875,3233.0263671875,42304.254150390625,43124.155029296875,42309.6728515625,42309.9111328125,15.276377989910543,17.306367998942733,8.748886000365019,3.0264820009469986,41.27725100261159,833.1387399957748,7.294373004697263,3.35420599731151,10.702176273000077,10.734607500999118,10.794417189987144,10.846122043003561
"[17, 11, 3, 1]",8,2,4,512,1607,1293,5605,8705,1302,837,4183,6284,60538.5078125,ok,3265.998779296875,2456.1787109375,3253.971923828125,3265.60888671875,57272.509033203125,58081.8837890625,57284.453857421875,57275.62548828125,14.708897003903985,16.075070494785905,8.112142496742308,2.8105864980025217,40.59897401020862,821.623919007834,14.047955002752133,1.2082590110367164,10.711261552991346,10.73676080700534,10.78640544800146,10.784660521996557
"[17, 11, 3, 1]",16,8,2,512,1911,1293,6267,9803,1356,870,4243,6300,48951.953125,ok,3256.177734375,2445.877197265625,3248.0205078125,3255.099853515625,45695.775390625,46506.025146484375,45703.7646484375,45699.857177734375,16.99324197974056,19.58963899500668,10.015804000198841,3.45067999814637,51.543075998779386,826.08438700845,10.37159000406973,1.594370012753643,10.63796546201047,10.656057344996952,10.683076752000488,10.907133020999026
"[17, 11, 3, 1]",16,4,4,512,1891,1293,6487,10341,1395,869,4474,6803,63108.44140625,ok,3266.779052734375,2453.252197265625,3247.154296875,3266.192138671875,59841.662353515625,60654.947021484375,59860.982421875,59844.901611328125,15.176962979137897,17.266122007742524,8.746728501981124,3.0264085008529946,49.46239398850594,826.7105929990066,21.937419995083474,1.1357780022080988,10.594758116989397,10.68307387799723,10.76077070098836,10.736072771003819
"[17, 11, 3, 1]",16,2,8,512,1853,1293,6717,10423,1450,892,4836,7369,93560.3671875,ok,3272.916015625,2481.373291015625,3266.27734375,3268.952880859375,90287.451171875,91078.39233398438,90293.42578125,90290.49243164062,14.713305995799601,16.05034676217474,8.10838675359264,2.8041194988181815,44.08034899097402,804.1232170071453,9.083159995498136,1.9562490051612258,10.690619407003396,10.757608250001795,10.863951075996738,10.838381202993332
"[17, 11, 3, 1]",32,16,2,512,2453,1293,8009,13385,1574,974,4947,7731,60724.8359375,ok,3255.58056640625,2439.4423828125,3234.767822265625,3254.5419921875,57469.25537109375,58286.0029296875,57489.919677734375,57474.2392578125,20.749911018647254,24.289798015728593,12.518990001641214,4.360617995494977,64.55500498123001,843.065493987524,23.941002000356093,5.40845601062756,10.617040666998946,10.701948231988354,10.707320357003482,10.702760502987076
"[17, 11, 3, 1]",32,8,4,512,2451,1293,8707,13183,1585,950,5228,7802,68924.3671875,ok,3264.216064453125,2455.56640625,3241.34912109375,3263.74072265625,65660.15112304688,66467.92578125,65683.04150390625,65664.28271484375,16.990601997822523,19.557523506693542,10.005115994252264,3.447532499092631,58.934961998602375,823.5099129960872,24.808314992696978,1.1009370064130053,10.661732770997332,10.6759075979935,10.751985680995858,10.833285304994206
"[17, 11, 3, 1]",32,4,8,512,2391,1293,8507,13141,1651,952,5487,8360,98643.640625,ok,3272.3671875,2509.622314453125,3257.301025390625,3269.8662109375,95371.2734375,96133.12768554688,95385.83959960938,95374.6025390625,15.139970004325733,17.26224674587138,8.746397498180158,3.0248770003090613,51.41163300140761,774.7878370137187,17.011128991725855,1.3504649832611904,10.726637301995652,10.731040833008592,10.767024947999744,10.796387797003263
"[17, 11, 3, 1]",32,2,16,512,2571,1293,8723,13535,1819,994,6032,9277,159538.03125,ok,3349.0400390625,2539.324462890625,3333.93212890625,3348.85791015625,156188.9912109375,156995.44116210938,156196.59912109375,156188.23583984375,14.770794502808712,16.04113674745895,8.110257623658981,2.8114917487837374,49.876953999046236,822.2110999922734,13.656863011419773,1.0081759974127635,10.700783781998325,10.746513373000198,10.776502077991609,10.765713836997747
"[17, 11, 3, 1]",64,32,2,512,3153,1755,9971,17007,1795,1115,5580,8846,,OOM_rank1,,,,,,,,,,,,,0.0,0.0,0.0,0.0,,,,
"[17, 11, 3, 1]",64,16,4,512,3113,1533,9969,17185,1831,1042,5983,9222,,OOM_rank1,,,,,,,,,,,,,0.0,0.0,0.0,0.0,,,,
"[17, 11, 3, 1]",64,8,8,512,2911,1353,9967,15983,1783,997,5833,8958,,OOM_rank1,,,,,,,,,,,,,0.0,0.0,0.0,0.0,,,,
"[17, 11, 3, 1]",64,4,16,512,2891,1313,9967,15561,1874,1011,6227,9511,,OOM_rank1,,,,,,,,,,,,,0.0,0.0,0.0,0.0,,,,
"[17, 11, 3, 1]",64,2,32,512,3123,1415,9977,16437,2151,1115,7114,11028,,OOM_rank1,,,,,,,,,,,,,0.0,0.0,0.0,0.0,,,,
"[17, 12, 2, 1]",8,4,2,512,1191,1293,5867,8521,924,830,4299,5977,46647.4765625,ok,3237.653564453125,2424.07421875,3230.83056640625,3236.939453125,43409.822998046875,44222.69140625,43416.16162109375,43413.376953125,15.325734989717603,18.888940002769232,5.894314997829497,2.9482310020830482,41.53777701139916,823.5244940005941,7.487569993827492,1.0284450108883902,10.845550074998755,10.818209146003937,10.838306312987697,10.82143535700743
"[17, 12, 2, 1]",8,2,4,512,1157,1293,6133,8705,936,839,4533,6330,63231.6484375,ok,3221.8369140625,2438.431640625,3210.3310546875,3221.135009765625,60009.8115234375,60792.923828125,60020.8251953125,60013.876708984375,14.977028003428131,17.524116008542478,5.462264999514446,2.7709294989472255,39.49247700802516,792.0272610062966,13.316287004272453,0.9763730049598962,10.746703842989518,10.804530388995772,10.817776754993247,10.76722534999135
"[17, 12, 2, 1]",16,8,2,512,1371,1293,6807,9803,977,870,4566,6352,49529.7421875,ok,3281.9189453125,2483.7919921875,3270.970458984375,3281.512939453125,46247.8232421875,47045.6611328125,46258.369384765625,46251.944091796875,16.98805199470371,21.385646030306816,6.7269110032357275,3.379298001760617,50.937954991240986,809.6455240010982,12.451973001589067,1.1200489971088246,10.70602797799802,10.81368226199993,10.792644230998121,10.869756714993855
"[17, 12, 2, 1]",16,4,4,512,1331,1293,7087,10341,991,865,4834,6805,65255.9453125,ok,3274.3271484375,2457.61328125,3264.23046875,3273.54736328125,61981.6181640625,62797.71484375,61990.8515625,61985.10107421875,15.148478004615754,18.83403750974685,5.891821504337713,2.9874860018026084,51.60324198368471,826.4858690090477,11.69793498411309,1.1104860168416053,10.73974837800779,10.803194056003122,10.819624591997126,10.738481054999284
"[17, 12, 2, 1]",16,2,8,512,1317,1293,7273,10423,1037,891,5235,7404,98830.9375,ok,3276.792724609375,2475.454345703125,3270.426513671875,3276.05126953125,95554.14477539062,96355.10034179688,95560.03442382812,95558.40185546875,14.730267996899784,17.512517013587058,5.459798498544842,2.791629498708062,47.10293700918555,814.3010670028161,9.063916993909515,4.305659997044131,10.754759846997331,10.783852811000543,10.733386766994954,10.804803238992463
"[17, 12, 2, 1]",32,16,2,512,1791,1293,8689,13385,1145,973,5338,7690,62151.12109375,ok,3275.399169921875,2467.263427734375,3254.26171875,3274.769775390625,58875.721923828125,59680.955322265625,58893.80859375,58878.089599609375,20.787331010214984,26.49867596849799,8.393958006519824,4.315793995046988,68.18502800888382,825.5302299949108,26.379975010058843,3.896868016454391,10.745599525995203,10.69668185399496,10.740906627994264,10.859852955007227
"[17, 12, 2, 1]",32,8,4,512,1711,1293,9267,13183,1136,956,5644,7890,71589.0546875,ok,3268.66845703125,2463.027099609375,3243.31103515625,3267.79296875,68320.38623046875,69125.23071289062,68345.19677734375,68324.44140625,16.999845987651497,21.34516748972237,6.7238565012812614,3.4115000003948808,61.499010989791714,816.6964470001403,27.301138994516805,1.2205610109958798,10.663635250995867,10.702358917988022,10.629980383993825,10.735548042997834
"[17, 12, 2, 1]",32,4,8,512,1711,1293,9247,13141,1194,956,5985,8402,104176.9921875,ok,3276.4140625,2466.101318359375,3261.90283203125,3275.969482421875,100900.578125,101710.96899414062,100914.99560546875,100904.44458007812,15.129898242419586,18.8195755132474,5.889305250253528,3.006351001036819,51.53458799759392,820.5092639982468,16.861324998899363,1.1114170047221705,10.720040123007493,10.760129182992387,10.824189027000102,10.835644015998696
"[17, 12, 2, 1]",32,2,16,512,1637,1293,9515,13535,1239,998,6594,9368,170784.078125,ok,3368.29541015625,2521.189453125,3355.190185546875,3366.99560546875,167415.78271484375,168263.544921875,167428.85668945312,167423.50439453125,14.67103425017558,17.52434500027448,5.45766025147168,2.800912873382913,47.5387180049438,858.5829030052992,15.397777009638958,9.154369006864727,10.748112828994635,10.679688345000613,10.72665558900917,10.881838168992545
"[17, 12, 2, 1]",64,32,2,512,2113,1655,9951,15547,1219,1041,5470,7882,,OOM_rank1,,,,,,,,,,,,,0.0,0.0,0.0,0.0,,,,
"[17, 12, 2, 1]",64,16,4,512,1973,1373,9969,15485,1209,997,5866,8300,,OOM_rank1,,,,,,,,,,,,,0.0,0.0,0.0,0.0,,,,
"[17, 12, 2, 1]",64,8,8,512,1911,1313,9967,14503,1198,961,5809,8132,,OOM_rank1,,,,,,,,,,,,,0.0,0.0,0.0,0.0,,,,
"[17, 12, 2, 1]",64,4,16,512,1891,1293,9967,14401,1271,978,6303,8889,,OOM_rank1,,,,,,,,,,,,,0.0,0.0,0.0,0.0,,,,
"[17, 12, 2, 1]",64,2,32,512,2019,1355,9977,15237,1440,1077,7258,10434,,OOM_rank1,,,,,,,,,,,,,0.0,0.0,0.0,0.0,,,,
"[18, 6, 4, 4]",8,4,2,512,2091,2453,3107,9021,1632,1898,2405,6274,47616.1015625,ok,3257.007080078125,2405.51025390625,3233.733642578125,3256.701416015625,44359.094482421875,45210.38037109375,44382.106201171875,44370.853271484375,16.12042901199311,9.489877016283572,11.537407010793686,11.537567008286715,38.97870199580211,873.7169809901388,27.478691001306288,1.2082810135325417,10.707892557999003,10.766896704997635,10.709334384999238,10.785021000992856
"[18, 6, 4, 4]",8,2,4,512,2075,2453,3105,9173,1681,1952,2487,6671,67752.359375,ok,3288.499267578125,2435.10791015625,3253.08935546875,3287.45751953125,64463.860107421875,65316.80615234375,64498.97314453125,64480.80810546875,15.416002981364727,8.883378497790545,10.684857990127057,10.632297503761947,40.16205301741138,878.0336119962158,40.155270995455794,1.237411008332856,10.688804767007241,10.814117493995582,10.731512462996761,10.778948517006938
"[18, 6, 4, 4]",16,8,2,512,2471,2671,3627,10783,1744,1997,2541,6753,50841.7890625,ok,3336.7080078125,2440.439697265625,3290.474609375,3336.200927734375,47505.0810546875,48400.888427734375,47550.962890625,47519.658447265625,17.99682199768722,10.745081009343266,13.2075209999457,13.215106000192463,46.199292002711445,923.8213539938442,50.50746300548781,1.9517299951985478,10.746293456002604,10.812591984999017,10.83288531700964,10.804296946007526
"[18, 6, 4, 4]",16,4,4,512,2451,2631,3587,11001,1795,2044,2640,7222,69507.4375,ok,3272.79931640625,2424.658935546875,3214.83056640625,3272.584228515625,66234.63818359375,67082.72387695312,66292.72412109375,66252.35327148438,16.0582704981789,9.516385411377996,11.54014900000766,11.490140497684479,44.89138998906128,877.150859014364,62.67779998597689,2.147351988242008,10.692701445994317,10.699039144004928,10.770710900993436,10.761978601003648
"[18, 6, 4, 4]",16,2,8,512,2411,2673,3817,10959,1865,2147,2833,7762,100639.859375,ok,3380.304931640625,2511.3037109375,3311.306640625,3379.415283203125,97259.55444335938,98127.7119140625,97328.021484375,97276.18627929688,15.42086975229904,8.910898000234738,10.712597250472754,10.691870750393718,38.69351200410165,895.1772629952757,73.36619800480548,1.2878410052508116,10.651765784001327,11.031966113005183,10.761351954992278,10.804798750003101
"[18, 6, 4, 4]",32,16,2,512,3193,3353,4649,14125,2024,2260,2958,8219,65519.41796875,ok,3445.72412109375,2493.0068359375,3368.955810546875,3445.27734375,62073.69384765625,63026.8564453125,62156.067626953125,62093.58984375,22.006135005503893,13.357452005147934,16.58157702162862,16.579455981962383,57.78828600887209,994.5845900074346,83.20447499863803,6.738057985785417,10.654467373999069,10.792319073007093,10.834032654005568,10.840050484999665
"[18, 6, 4, 4]",32,8,4,512,3151,3231,4567,14103,2036,2266,2990,8360,74165.4609375,ok,3375.7255859375,2469.548095703125,3258.626953125,3374.822265625,70789.7353515625,71695.76440429688,70905.357421875,70809.318359375,17.952259500976652,10.784293498843908,13.222207506652921,13.173330001998693,43.338130999472924,936.3367619953351,119.93989899929147,1.3157229986973107,10.64277976899757,10.745680599007756,10.848548348993063,10.775177324001561
"[18, 6, 4, 4]",32,4,8,512,3111,3231,4907,13761,2114,2340,3224,8740,102287.921875,ok,3394.155517578125,2537.15869140625,3256.21240234375,3392.726806640625,98893.76635742188,99749.97412109375,99031.17822265625,98911.61694335938,16.01191325415857,9.54239200311713,11.572625503875315,11.550266998354346,42.710746012744494,885.4868130147224,142.80590499402024,1.2455730175133795,10.727513582998654,10.76248686100007,10.782388862993685,10.845589293006924
"[18, 6, 4, 4]",32,2,16,512,3321,3385,4961,14287,2342,2557,3482,9779,167425.953125,ok,3456.850830078125,2589.28955078125,3364.359130859375,3456.397705078125,163969.10229492188,164836.63232421875,164061.65649414062,163985.89916992188,15.513350880006328,8.931616003159434,10.735194750363007,10.72901086951606,40.0622370216297,894.6418339910451,97.71995099436026,1.333163003437221,10.652904043992748,10.842733432000387,10.858405017002951,10.850857697994797
"[18, 6, 4, 4]",64,32,2,512,4673,4855,6691,18807,2671,3056,3884,10422,83045.6328125,ok,3484.307373046875,2330.244140625,3308.557373046875,3483.146728515625,79561.32543945312,80714.990234375,79737.63793945312,79603.12670898438,30.502061000093818,18.350211991928518,23.205050013959408,23.31607996299863,83.58779200352728,1213.8740990048973,180.89563498506323,4.4569029996637255,10.60841786400124,10.690166842003237,10.709176981006749,10.740995471001952
"[18, 6, 4, 4]",64,16,4,512,4573,4493,6529,20085,2689,2851,3879,11297,102328.8984375,ok,3487.912841796875,2519.51318359375,3265.798095703125,3487.386962890625,98840.98559570312,99811.65869140625,99061.35815429688,98873.56616210938,21.996949509717524,13.590774989221245,16.725564013700932,16.648774495348334,63.68235200352501,1004.7055449977051,227.73637501813937,9.145000003627501,10.649137539992807,10.777079331004643,10.746562073007226,10.752335936995223
"[18, 6, 4, 4]",64,8,8,512,4471,4493,7047,19983,2666,2850,4069,11226,109784.3515625,ok,3488.615478515625,2594.85693359375,3219.515380859375,3487.70166015625,106295.73608398438,107189.04931640625,106564.05493164062,106315.35302734375,17.9202434993349,10.821922751376405,13.25928350072354,13.2347777497489,44.10751101386268,923.9253720006673,273.36411199939903,1.2305210111662745,10.614494886001921,10.806763878004858,10.768353601000854,10.828225538003608
"[18, 6, 4, 4]",64,4,16,512,4671,4453,7027,19781,2857,2994,4260,11865,167952.265625,ok,3559.381103515625,2668.859375,3417.925537109375,3559.134765625,164392.88452148438,165283.453125,164533.51196289062,164409.833984375,16.02390724828001,9.577131626429036,11.590739372186363,11.583551502088085,39.22081798373256,917.7732270036358,145.70355899923015,1.3047120010014623,10.68926024499524,10.76473584699852,10.803281286993297,10.758351074997336
"[18, 6, 4, 4]",64,2,32,512,4847,4829,7211,20083,3218,3402,4763,13455,298534.53125,ok,3628.8779296875,2769.934326171875,3536.08203125,3629.031005859375,294905.6533203125,295764.0031738281,294998.35546875,294922.4064941406,15.45441268401919,8.91830381040927,10.74120055732783,10.74523062678054,40.33002599317115,884.8757370142266,97.41834498709068,1.3110029976814985,10.670873992989073,10.760749494991614,10.700724163994892,10.770579774005455
"[18, 6, 5, 3]",8,4,2,512,2551,2073,3087,9021,1971,1544,2372,6259,48040.25390625,ok,3246.191650390625,2405.758056640625,3227.068359375,3245.32666015625,44794.062255859375,45633.839599609375,44812.779296875,44801.97412109375,16.117302988655865,9.49153598677367,14.40233900025487,8.751887999009341,44.128309993539006,867.3401649866719,23.939812002936378,1.1822800152003765,10.640686120997998,10.800988499991945,10.876152992001153,10.874996532991645
"[18, 6, 5, 3]",8,2,4,512,2543,2073,3105,9173,2047,1589,2496,6707,66131.6171875,ok,3253.466064453125,2423.43310546875,3224.279052734375,3253.08203125,62878.151123046875,63708.07470703125,62906.744384765625,62885.04296875,15.346272493246943,8.883158490527421,13.331588495057076,8.075351502280682,48.046790005173534,862.4901949951891,32.10011999181006,1.1060769902542233,10.74194596101006,10.756167220009957,10.790920316008851,10.79958965300466
"[18, 6, 5, 3]",16,8,2,512,2991,2131,3627,10783,2108,1624,2563,6811,51714.30859375,ok,3320.491943359375,2430.19580078125,3289.2099609375,3319.641357421875,48393.816650390625,49283.81591796875,48424.8056640625,48403.909423828125,18.005546019412577,10.741719008423388,16.496923034079373,10.013595989905298,50.98798499966506,923.5763830074575,34.50382800656371,1.1681190080707893,10.735122939993744,10.894143735000398,10.906749954010593,10.84273075099918
"[18, 6, 5, 3]",16,4,4,512,2971,2091,3567,10921,2171,1646,2625,7184,68473.8046875,ok,3347.80419921875,2493.58544921875,3305.320556640625,3347.193359375,65126.00048828125,65979.68017578125,65168.296630859375,65134.142578125,16.062003491912037,9.526492502074689,14.392788499128073,8.727348507847637,53.44204598804936,889.8914729943499,46.44497099798173,1.2801120028598234,10.6318700099946,10.836412192002172,10.880645996003295,10.817921897003544
"[18, 6, 5, 3]",16,2,8,512,3087,2157,3817,10959,2312,1723,2832,7748,98908.375,ok,3266.712646484375,2474.534912109375,3212.39453125,3265.875,95641.66235351562,96433.09790039062,95695.38671875,95648.453125,15.389037750428542,8.904737498378381,13.355910996207967,8.088368006283417,47.681640018709004,823.8277119962731,57.40469500597101,1.1513390054460615,10.764397551989532,10.814982414987753,10.837536772989552,10.958330883993767
"[18, 6, 5, 3]",32,16,2,512,3873,2693,4649,14125,2480,1852,2975,8280,65189.1015625,ok,3347.778564453125,2424.02001953125,3287.64013671875,3347.017822265625,61841.322998046875,62764.93701171875,61901.29736328125,61852.083740234375,22.003674998879433,13.369362003169954,20.698162987828255,12.492445004172623,70.04264400165994,977.5077699887333,65.07578899618238,4.833431987208314,10.661927670997102,10.814707398007158,10.849082254004315,10.856301177002024
"[18, 6, 5, 3]",32,8,4,512,3831,2593,4567,14103,2481,1831,2983,8338,73094.03125,ok,3346.523193359375,2509.010986328125,3256.16845703125,3345.5615234375,69747.50805664062,70584.51245117188,69837.36279296875,69757.6806640625,17.949892998673022,10.793260994367301,16.475552012678236,10.000098500400782,54.04907098272815,878.3924460003618,94.09466999932192,1.4240559976315126,10.686265844997251,10.756028881995007,10.861034405999817,10.746429948994773
"[18, 6, 5, 3]",32,4,8,512,4011,2571,4827,13761,2641,1880,3189,8721,100981.734375,ok,3336.0546875,2539.270263671875,3247.91796875,3334.770263671875,97645.6796875,98441.72973632812,97732.83203125,97653.66723632812,16.05616874876432,9.548110496718436,14.427480249432847,8.743775257607922,50.7576770032756,832.6817059860332,91.482311981963,2.2903890057932585,10.74821103400609,10.796853888998157,10.811220360003063,10.944634289000533
"[18, 6, 5, 3]",32,2,16,512,4135,2653,4961,14287,2885,2036,3494,9799,165309.828125,ok,3410.585693359375,2641.29443359375,3321.188232421875,3409.06201171875,161899.24243164062,162666.81494140625,161987.93676757812,161906.10986328125,15.46426562324632,8.922152498504147,13.381357000442222,8.100469621131197,48.42704899783712,800.843631994212,93.00957899540663,1.3436160079436377,10.7073770470015,10.83341089899477,10.835077440002351,10.823171249998268
"[18, 6, 5, 3]",64,32,2,512,4853,3475,6031,16987,2900,2172,3501,9346,,OOM_rank2,,,,,,,,,,,,,0.0,0.0,0.0,0.0,,,,
"[18, 6, 5, 3]",64,16,4,512,4853,3275,5929,18645,2953,2124,3546,10125,,OOM_rank2,,,,,,,,,,,,,0.0,0.0,0.0,0.0,,,,
"[18, 6, 5, 3]",64,8,8,512,4851,3193,6307,17943,3032,2100,3675,9997,,OOM_rank2,,,,,,,,,,,,,0.0,0.0,0.0,0.0,,,,
"[18, 6, 5, 3]",64,4,16,512,4851,3053,5787,16761,3028,2120,3640,10141,,OOM_rank2,,,,,,,,,,,,,0.0,0.0,0.0,0.0,,,,
"[18, 6, 5, 3]",64,2,32,512,4861,3385,6249,18023,3479,2465,4263,11984,,OOM_rank2,,,,,,,,,,,,,0.0,0.0,0.0,0.0,,,,
"[18, 7, 4, 3]",8,4,2,512,2091,2073,3587,9281,1626,1544,2726,6248,46240.76953125,ok,3251.1826171875,2424.4345703125,3229.64892578125,3250.552734375,42989.5869140625,43816.0029296875,43010.89013671875,42997.556640625,16.10066900961101,11.061437003314495,11.538416008464992,8.743957999162376,37.72930799459573,846.9121209927835,25.41345899226144,1.7600640130694956,10.734543939004652,10.832297397995717,10.819008874008432,10.757279972007382
"[18, 7, 4, 3]",8,2,4,512,2075,2073,3573,9173,1683,1585,2836,6646,63180.8515625,ok,3281.721435546875,2456.193115234375,3250.186279296875,3280.380859375,59899.130126953125,60723.939697265625,59930.634033203125,59906.861328125,15.579757012426853,10.347133503295481,10.672969002276659,8.008993996307254,39.548804008518346,848.6290439905133,34.803585993358865,2.046162000624463,10.7937172880047,10.869821710002725,10.722215488000074,10.774794869998004
"[18, 7, 4, 3]",16,8,2,512,2471,2131,4107,10783,1738,1618,2896,6769,48874.60546875,ok,3327.15625,2436.6376953125,3287.5888671875,3326.234619140625,45547.44921875,46437.8427734375,45586.3408203125,45557.523193359375,17.99340001773089,12.507716995663941,13.221489002928138,9.976642011664808,44.893269005115144,913.9649749995442,43.11219400551636,1.3226629962446168,10.778842214000179,10.924587029003305,10.821930038000573,10.87464139200165
"[18, 7, 4, 3]",16,4,4,512,2451,2091,4107,10881,1780,1638,2983,7109,65008.83203125,ok,3255.47509765625,2426.641357421875,3202.84375,3254.98193359375,61753.35693359375,62581.573486328125,61805.6796875,61761.38916015625,16.15312496898696,11.097129501402378,11.537447503767908,8.670670993858948,43.82125999836717,853.8906339963432,56.46439001429826,1.1297480086795986,10.742909849999705,10.835573969990946,10.756276456988417,10.851699995007948
"[18, 7, 4, 3]",16,2,8,512,2409,2157,4393,10959,1857,1719,3233,7714,96222.984375,ok,3322.8994140625,2488.84130859375,3262.87255859375,3321.595703125,92900.0849609375,93733.37744140625,92959.52587890625,92907.068359375,15.539610003354028,10.360772748943418,10.708310500951484,8.05929524579551,39.02539001137484,856.0949039965635,62.68224399536848,1.320412993663922,10.65547051600879,10.768871453008614,10.75267446700309,10.777355258003809
"[18, 7, 4, 3]",32,16,2,512,3193,2693,5249,14125,2032,1846,3360,8177,62727.22265625,ok,3367.571533203125,2450.654296875,3310.63818359375,3366.649658203125,59359.651123046875,60274.333984375,59416.02978515625,59370.444091796875,21.974817972630262,15.580514010041952,16.56918600667268,12.518930998630822,59.00540199945681,950.1563079975313,60.77602600271348,3.163139001117088,10.721773839992238,10.74195535898616,10.802669840995804,10.71081561599567
"[18, 7, 4, 3]",32,8,4,512,3151,2593,5227,14103,2020,1814,3343,8188,67993.8671875,ok,3372.82861328125,2510.5244140625,3289.30810546875,3373.386474609375,64621.03857421875,65483.7099609375,64705.53564453125,64631.121337890625,17.93931750766933,12.568671008106321,13.222809502389282,9.95399601245299,44.38039398519322,892.0380679919617,88.56065300642513,1.8358449888182804,10.725703869000426,10.843587688999833,10.786868355004117,10.745593167986954
"[18, 7, 4, 3]",32,4,8,512,3111,2571,5607,13781,2096,1869,3639,8675,97485.0,ok,3325.87109375,2515.771484375,3238.995849609375,3324.793701171875,94159.12890625,94968.439453125,94245.20727539062,94167.01098632812,16.034804990515113,11.1308572513517,11.573901495197788,8.71112649620045,43.12394399312325,836.3288790133083,90.64741400652565,1.1626599880401045,10.70486411699676,10.800928987009684,10.711297027999535,10.775750606000656
"[18, 7, 4, 3]",32,2,16,512,3321,2653,5735,14285,2338,2022,3991,9761,163650.453125,ok,3434.015625,2609.8349609375,3344.995361328125,3433.916259765625,160216.4375,161040.2275390625,160305.20776367188,160223.25561523438,15.615438620443456,10.382764004752971,10.735886623850092,8.08803412236739,40.334032993996516,847.702945000492,92.94674299599137,1.259431999642402,10.696021265001036,10.80529124700115,10.751764942004229,10.744622044992866
"[18, 7, 4, 3]",64,32,2,512,4673,3955,7511,18807,2671,2343,4324,10410,79025.03125,ok,3417.342041015625,2354.46484375,3284.34375,3416.3984375,75607.68920898438,76669.93359375,75740.03125,75628.9921875,30.46516595967114,21.390095989219844,23.16998598538339,17.457943961024284,75.67303100950085,1109.9738199991407,135.01256000017747,3.7339749978855252,10.675763976003509,10.691224943002453,10.69458593800664,10.786104605998844
"[18, 7, 4, 3]",64,16,4,512,4573,3535,7469,20085,2665,2268,4397,11179,97501.1875,ok,3444.39404296875,2550.573974609375,3274.6015625,3443.778076171875,94056.79345703125,94950.38696289062,94226.1875,94071.05004882812,22.02403550501913,15.797876505181193,16.74241199810058,12.550686994101852,64.39571698138025,928.1962549866876,174.00296599953435,4.600894986651838,10.650801298994338,10.769195523011149,10.717406962008681,10.681734085010248
"[18, 7, 4, 3]",64,8,8,512,4471,3513,8187,19983,2654,2249,4674,11178,104486.71875,ok,3434.31689453125,2609.693603515625,3254.340576171875,3433.955322265625,101052.40185546875,101877.36889648438,101231.90161132812,101062.54467773438,17.92715450632386,12.595137503696606,13.260762998601422,9.977586495690048,43.72356800013222,853.2003549917135,183.60714701702818,1.1576480028452352,10.714215632004198,10.821155697005452,10.747898119007004,10.795892872993136
"[18, 7, 4, 3]",64,4,16,512,4671,3473,7987,19861,2847,2357,4828,11856,163117.9375,ok,3452.325927734375,2684.65966796875,3318.388671875,3451.624755859375,159665.61157226562,160431.62158203125,159799.017578125,159673.73461914062,16.004098249715753,11.121223127935082,11.593140627956018,8.72767087892862,38.133246009238064,790.9829440031899,137.63441299670376,1.4204079925548285,10.822666124993702,10.801933644994278,10.726162111997837,10.813980166989495
"[18, 7, 4, 3]",64,2,32,512,4847,3725,8253,20081,3212,2685,5474,13425,291772.5,ok,3500.99462890625,2768.79052734375,3407.9384765625,3498.794189453125,288271.50537109375,289002.30322265625,288363.2802734375,288277.8308105469,15.360336124082096,10.390983812219929,10.739116941113025,8.098742438916815,38.297980005154386,754.6302800037665,95.88389600685332,1.1752290010917932,10.699839991997578,10.765016798002762,10.747415977006312,10.716751756001031
"[18, 7, 5, 2]",8,4,2,512,2551,1693,3547,9021,1966,1193,2740,6279,48073.49609375,ok,3215.06298828125,2397.283447265625,3202.01220703125,3214.58056640625,44858.43310546875,45674.681396484375,44869.94873046875,44862.81396484375,16.254522983916104,11.060470999218524,14.399214998818934,5.899258005432785,45.12057099782396,843.3336010202765,16.0147520218743,1.3708640035474673,10.829659214999992,10.827579770993907,10.803276841994375,10.787379412999144
"[18, 7, 5, 2]",8,2,4,512,2541,1693,3573,9173,2031,1214,2832,6645,66191.8125,ok,3274.90966796875,2462.623779296875,3261.47900390625,3274.5009765625,62916.90283203125,63728.524658203125,62929.71630859375,62921.7333984375,15.685831504873931,10.340562507975847,13.31011249916628,5.467630995903164,47.587312990799546,843.4347550064558,16.34858899342362,1.3049020053585991,10.756410935995518,10.872895178006729,10.776482959001441,10.823463887994876
"[18, 7, 5, 2]",16,8,2,512,2991,1693,4107,10783,2103,1261,2898,6783,51030.33984375,ok,3284.788330078125,2445.79833984375,3266.640869140625,3283.83642578125,47745.551513671875,48583.97509765625,47763.382568359375,47752.57373046875,18.052472000941634,12.504320000298321,16.50530801154673,6.731348998844624,53.26536599022802,869.515158017748,20.885523001197726,1.2832710053771734,10.764374696009327,10.787137706996873,10.754831347003346,10.731164493001415
"[18, 7, 5, 2]",16,4,4,512,2971,1693,4107,11001,2178,1286,3015,7234,67443.40625,ok,3267.485595703125,2452.538330078125,3246.326904296875,3266.234130859375,64175.920654296875,64990.039794921875,64196.618408203125,64181.718994140625,16.07853000704199,11.108647008426487,14.391144501976669,5.89207949815318,51.846651011146605,848.1743650045246,23.92868099559564,1.2543919874588028,10.755815515993163,10.86240378099319,10.714295344994753,10.837221667999984
"[18, 7, 5, 2]",16,2,8,512,3087,1693,4393,10959,2310,1318,3242,7726,97859.203125,ok,3286.69189453125,2521.500732421875,3261.909912109375,3285.955810546875,94572.51123046875,95337.26489257812,94596.87915039062,94577.43481445312,15.366894005797803,10.361330996500328,13.364216499729082,5.462903996813111,46.571438026148826,796.1126800073544,28.444123003282584,1.132698991568759,10.808964960000594,10.928453297994565,10.832362486005877,11.00695074700343
"[18, 7, 5, 2]",32,16,2,512,3873,2055,5249,14125,2465,1417,3370,8216,63648.94921875,ok,3332.813720703125,2441.83349609375,3291.928466796875,3331.935791015625,60316.135498046875,61206.45556640625,60356.325439453125,60321.556396484375,21.962640017271042,15.54651700425893,20.66489302739501,8.428055006079376,70.87997799681034,935.3990829986287,45.23588599113282,5.513177005923353,10.604009098999086,10.81356033499469,10.74865253700409,10.903352368011838
"[18, 7, 5, 2]",32,8,4,512,3831,1931,5227,14103,2479,1405,3409,8329,71925.1171875,ok,3328.931884765625,2519.518310546875,3270.13671875,3328.239013671875,68596.18530273438,69405.17700195312,68654.84765625,68603.37817382812,17.935977512039244,12.573527506552637,16.476563001051545,6.729264499619603,55.8900409960188,848.971593004535,61.855392006691545,1.4327349927043542,10.66423763000057,10.799811980003142,10.71242573899508,10.798114228004124
"[18, 7, 5, 2]",32,4,8,512,4011,1871,5587,13761,2627,1414,3644,8680,101650.359375,ok,3309.580322265625,2556.262451171875,3257.05224609375,3309.097412109375,98340.77905273438,99093.08911132812,98392.87744140625,98346.05883789062,16.195513766491786,11.112644999986514,14.429157506208867,5.885127252433449,52.60024701419752,786.9375159934862,55.60809400049038,1.348834004602395,10.79181130998768,10.859907645994099,10.726965373993153,10.67504820600152
"[18, 7, 5, 2]",32,2,16,512,4135,1901,5735,14287,2877,1530,3995,9774,165685.84375,ok,3383.95751953125,2655.975341796875,3323.958251953125,3382.773681640625,162301.88623046875,163029.66528320312,162360.99487304688,162307.03881835938,15.557234739651904,10.3944451212883,13.376051495783031,5.4585676254937425,47.198492000461556,759.5277880027425,62.45079399377573,1.4497280062641948,10.661252418998629,10.7944495260017,10.656775316994754,10.665201069001341
"[18, 7, 5, 2]",64,32,2,512,4853,2675,6791,16987,2868,1612,3922,9300,,OOM_rank2,,,,,,,,,,,,,0.0,0.0,0.0,0.0,,,,
"[18, 7, 5, 2]",64,16,4,512,4853,2415,6809,18645,2926,1591,4008,10006,,OOM_rank2,,,,,,,,,,,,,0.0,0.0,0.0,0.0,,,,
"[18, 7, 5, 2]",64,8,8,512,4851,2313,7327,17943,3007,1570,4191,10046,,OOM_rank2,,,,,,,,,,,,,0.0,0.0,0.0,0.0,,,,
"[18, 7, 5, 2]",64,4,16,512,4851,2193,6667,16761,3032,1577,4209,10143,,OOM_rank2,,,,,,,,,,,,,0.0,0.0,0.0,0.0,,,,
"[18, 7, 5, 2]",64,2,32,512,4861,2381,7215,18023,3482,1807,4900,11961,,OOM_rank2,,,,,,,,,,,,,0.0,0.0,0.0,0.0,,,,
"[18, 8, 3, 3]",8,4,2,512,1631,2073,4007,9281,1280,1550,3056,6323,47184.11328125,ok,3277.6376953125,2432.755615234375,3257.841552734375,3276.683349609375,43906.4755859375,44750.510009765625,43926.041259765625,43919.332275390625,16.17586999759078,12.631260000169277,8.723518000915647,8.676287992857397,35.74256299179979,859.2791900009615,23.905626992927864,1.2436510005500168,10.81562164699426,10.76179446199967,10.839003401997616,10.83378105200245
"[18, 8, 3, 3]",8,2,4,512,1605,2073,4041,9173,1310,1584,3177,6652,63050.2421875,ok,3257.5048828125,2435.326904296875,3231.089599609375,3257.039306640625,59792.7373046875,60614.805908203125,59818.832275390625,59806.534912109375,15.522017993498594,11.791758503299206,8.075500492472202,7.988760504871607,31.766513013280928,835.8115229930263,30.066990002524108,1.1315860028844327,10.730907941004261,10.79565066799114,10.787383695002063,10.828463188998285
"[18, 8, 3, 3]",16,8,2,512,1911,2131,4647,10783,1347,1616,3216,6781,50192.4765625,ok,3299.2275390625,2450.68603515625,3265.29833984375,3298.61279296875,46893.2490234375,47740.48583984375,46926.94775390625,46910.06298828125,18.040797998197377,14.293504004366696,10.007743002846837,9.932299993932247,42.17985499417409,864.2861429980258,37.907375997747295,1.1045569990528747,10.683999708009651,10.764920129993698,10.823898893999285,10.843537024004036
"[18, 8, 3, 3]",16,4,4,512,1891,2091,4647,10881,1394,1642,3351,7110,64023.50390625,ok,3280.733154296875,2443.820068359375,3244.73046875,3279.845703125,60742.770751953125,61579.054931640625,60778.49609375,60756.392578125,16.089441504329443,12.665502997115254,8.712030004011467,8.634166007861495,35.842286015395075,851.0994630050845,40.09297100128606,1.4551959902746603,10.821089894991019,10.797152036000625,10.841964314997313,10.831580394995399
"[18, 8, 3, 3]",16,2,8,512,1855,2157,4949,10959,1449,1724,3637,7725,95825.2421875,ok,3319.5068359375,2448.835693359375,3269.547119140625,3318.948486328125,92505.7353515625,93375.48461914062,92555.44506835938,92518.69995117188,15.461250492138788,11.828142755664885,8.088465751498006,8.041908749612048,32.2815969993826,884.0704080212163,53.879486993537284,1.1561889841686934,10.80624522198923,10.849030882003717,10.810953211010201,10.799895174990525
"[18, 8, 3, 3]",32,16,2,512,2453,2693,5929,14125,1579,1832,3737,8095,62800.79296875,ok,3360.02978515625,2450.642822265625,3298.166748046875,3359.27099609375,59440.76318359375,60347.767333984375,59499.927001953125,59453.97119140625,21.999486980959773,17.70165899489075,12.519461993128061,12.550153002142906,58.617363989469595,940.1803700020537,63.257432004320435,2.4890329950721934,10.713923767005326,10.741031525001745,10.70931415099767,10.789102675000322
"[18, 8, 3, 3]",32,8,4,512,2451,2593,5927,14103,1581,1817,3794,8189,67908.1953125,ok,3378.153564453125,2503.32763671875,3298.606201171875,3377.482421875,64530.041748046875,65405.10986328125,64609.667236328125,64545.517578125,17.96292050043121,14.319430004805326,9.971333012916148,9.910509496927261,36.8704699940281,895.4628230130766,84.19505301571917,2.086822991259396,10.701788503007265,10.740167521988042,10.706951351006865,10.671010053003556
"[18, 8, 3, 3]",32,4,8,512,2411,2571,6347,13761,1641,1874,4106,8664,97204.1796875,ok,3349.157958984375,2496.005126953125,3255.184326171875,3348.86572265625,93855.02172851562,94708.36206054688,93949.37817382812,93869.04052734375,16.078403499210253,12.679701497079805,8.727498999447562,8.696681511006318,34.708188992226496,867.9117769934237,98.60234899679199,1.427025010343641,10.782050973008154,10.69774880199111,10.710688805993414,10.758650900999783
"[18, 8, 3, 3]",32,2,16,512,2569,2653,6487,14287,1813,2027,4507,9749,162938.46875,ok,3439.836181640625,2559.658935546875,3350.26171875,3438.94580078125,159498.63256835938,160379.10668945312,159587.41015625,159511.64794921875,15.56554500083439,11.827741377870552,8.096908127423376,8.078981623868458,31.796146009583026,894.66568500211,93.16541299631353,3.1862080068094656,10.72367499100801,10.771012406999944,10.819611243001418,10.82672874200216
"[18, 8, 3, 3]",64,32,2,512,3573,3955,8471,18807,2052,2327,4853,10251,77718.5859375,ok,3382.907958984375,2359.43017578125,3250.3603515625,3382.2841796875,74335.67797851562,75360.06982421875,74467.9052734375,74366.3642578125,30.476620011031628,24.385088017210364,17.45830599218607,17.44412502553314,70.87393400433939,1053.2844179979293,135.2430779952556,4.957013006787747,10.6374213819945,10.729402475000825,10.750107994012069,10.750448191000032
"[18, 8, 3, 3]",64,16,4,512,3533,3535,8489,20085,2065,2256,4959,11160,96421.6171875,ok,3430.42041015625,2524.4140625,3264.067626953125,3429.70947265625,92991.19677734375,93896.9296875,93158.73706054688,93013.67333984375,22.05469649937004,17.892940489575267,12.638961488381028,12.576001501642168,59.92545900517143,928.9162769855466,171.47089599166065,1.217320008436218,10.70940112300741,10.714524722003262,10.690925390998018,10.806858604992158
"[18, 8, 3, 3]",64,8,8,512,3451,3513,9307,19983,2058,2252,5252,11121,104082.40625,ok,3439.783935546875,2573.096923828125,3254.4921875,3439.10888671875,100642.62231445312,101508.99682617188,100827.7578125,100658.17236328125,17.97356825741008,14.349192253313959,9.98882799828425,9.960641501005739,37.53144798974972,885.9430140000768,189.30785100383218,1.1899990058736876,10.686368208000204,10.738078059002873,10.821781701000873,10.73542348400224
"[18, 8, 3, 3]",64,4,16,512,3571,3473,9007,19861,2201,2356,5470,11851,164307.890625,ok,3505.967041015625,2624.51513671875,3372.379150390625,3505.09033203125,160801.92358398438,161681.76611328125,160934.88647460938,160814.83154296875,16.106303481268696,12.702297126874328,8.743880874768365,8.715092506841756,34.1319930012105,897.5032009911956,136.8802009965293,1.3617740041809157,10.719652989995666,10.792709806002676,10.785268979001557,10.822903039996163
"[18, 8, 3, 3]",64,2,32,512,3743,3725,9439,20083,2476,2687,6224,13469,296970.15625,ok,3548.1650390625,2685.83837890625,3454.075927734375,3546.798095703125,293421.9912109375,294284.13037109375,293513.6740722656,293433.6706542969,15.612689623201732,11.833598688652273,8.10019186939462,8.09282206275384,32.9141699912725,876.9577029888751,96.0791590041481,1.2549399980343878,10.683490038994933,10.786882375003188,10.748970353000914,10.818062448990531
"[18, 8, 4, 2]",8,4,2,512,2091,1693,4067,9021,1623,1192,3048,6202,45517.78125,ok,3234.132080078125,2416.79248046875,3220.180908203125,3232.83203125,42283.649169921875,43100.43798828125,42297.569091796875,42289.5,16.1608569836244,12.634590001776814,11.537316994741559,5.900267003104091,37.97897300682962,834.3495029985206,16.931460006162524,1.4909769961377606,10.675355048006168,10.707117116995505,10.828581676003523,10.86060367198661
"[18, 8, 4, 2]",8,2,4,512,2075,1693,4041,9173,1666,1210,3151,6585,61747.546875,ok,3265.94775390625,2453.610595703125,3251.439697265625,3265.451171875,58481.59912109375,59293.182373046875,58495.732177734375,58486.005859375,15.438924497459084,11.7933139950037,10.670016993302852,5.465144995134324,39.196767000248656,832.7636059984798,16.829768996103667,3.679631990962662,10.747045249998337,10.692073412006721,10.879286966010113,10.891723306995118
"[18, 8, 4, 2]",16,8,2,512,2471,1693,4647,10783,1726,1255,3221,6711,48324.26171875,ok,3286.753173828125,2443.4248046875,3261.444091796875,3286.24365234375,45037.508544921875,45880.2275390625,45061.981689453125,45044.47900390625,18.029412994161248,14.299855001270771,13.248626999557018,6.735684991814196,45.662280012038536,862.4874110100791,27.193838002858683,1.3612850016215816,10.863301952995243,10.700057474008645,10.698191018003854,10.736559055992984
"[18, 8, 4, 2]",16,4,4,512,2451,1693,4687,11001,1784,1277,3362,7126,63396.38671875,ok,3259.018310546875,2456.94970703125,3234.259033203125,3258.494384765625,60137.368408203125,60939.05810546875,60162.057373046875,60143.118896484375,16.047338509000838,12.65499400999397,11.531529493164271,5.886549503542483,42.97577300167177,824.9127929884708,28.0168989993399,1.2236799957463518,10.773538506997284,10.766280996002024,10.844577027994092,11.035226353997132
"[18, 8, 4, 2]",16,2,8,512,2411,1693,4949,10959,1862,1320,3635,7719,95315.6171875,ok,3293.811767578125,2497.363037109375,3251.6259765625,3293.24267578125,92021.80541992188,92817.76977539062,92063.4599609375,92026.75732421875,15.52481724973768,11.82920899684541,10.714171251049265,5.463981752167456,38.29246500390582,817.6161400042474,44.94499099382665,1.1505199945531785,10.703012166995904,10.758802227996057,10.838391174009303,10.891870327002835
"[18, 8, 4, 2]",32,16,2,512,3193,2055,5929,14125,2009,1399,3728,8059,60184.5234375,ok,3330.90087890625,2456.052734375,3292.984375,3330.0595703125,56853.62255859375,57730.048828125,56894.64453125,56862.5419921875,21.96698701567948,17.72102900687605,16.580156004987657,8.429468008223921,54.68328400456812,903.6059969948838,42.785675992490724,3.3235940063605085,10.717420296001364,10.70493911500671,10.767472277002526,10.876241517005838
"[18, 8, 4, 2]",32,8,4,512,3151,1931,5927,14103,2016,1389,3782,8178,67201.0390625,ok,3335.047119140625,2483.102783203125,3290.94970703125,3334.32177734375,63865.991943359375,64716.326904296875,63908.48779296875,63871.91259765625,17.94898700574413,14.321244513150305,13.217298001050949,6.726603498216718,44.10720900341403,877.7120370068587,46.93091798981186,1.1467189906397834,10.644826586009003,10.798121143001481,10.73858746199403,10.840086784999585
"[18, 8, 4, 2]",32,4,8,512,3111,1871,6347,13761,2091,1421,4108,8672,96137.1015625,ok,3322.197021484375,2516.853759765625,3251.198974609375,3321.98876953125,92814.90454101562,93617.70874023438,92882.59790039062,92818.51904296875,16.04896850301884,12.670329998712987,11.575737752718851,5.889685999951325,44.343355009914376,827.1984680177411,72.28804100304842,1.1809189891209826,10.62870309400023,10.809490057989024,10.745962604007218,10.839988129999256
"[18, 8, 4, 2]",32,2,16,512,3323,1901,6487,14287,2336,1529,4503,9729,159664.78125,ok,3380.623291015625,2624.955322265625,3320.333251953125,3379.972900390625,156284.15795898438,157039.85717773438,156344.46362304688,156289.26147460938,15.329764257767238,11.844548750668764,10.738947128294967,5.45933375012828,37.72591099550482,776.1115820030682,63.46521100203972,1.274941983865574,10.724422219005646,10.731189358004485,10.752344017004361,10.773042761997203
"[18, 8, 4, 2]",64,32,2,512,4673,3115,8471,18807,2648,1793,4843,10322,76345.1953125,ok,3457.220703125,2469.5419921875,3369.7197265625,3457.601318359375,72887.974609375,73880.1220703125,72975.9208984375,72903.42993164062,30.466854004189372,24.361347982659936,23.18391399178654,11.718850004952401,82.91716700477991,1037.18067202135,88.76472199335694,5.643620999762788,10.613774873010698,10.746799037995515,10.744887460998143,10.735804754003766
"[18, 8, 4, 2]",64,16,4,512,4573,2595,8489,20085,2646,1699,4927,11089,93514.75,ok,3349.699462890625,2538.48779296875,3238.828125,3349.086181640625,90165.05053710938,90973.26220703125,90278.15625,90169.99975585938,22.194887504912913,17.878359995782375,16.713961012661457,8.505263997474685,73.41145898681134,847.405416003312,118.80139299319126,3.9087170007405803,10.651767970994115,10.692128976006643,10.784928950000904,10.801567974995123
"[18, 8, 4, 2]",64,8,8,512,4471,2553,9307,19983,2656,1672,5240,11170,103361.1875,ok,3348.47900390625,2615.7158203125,3219.95263671875,3347.4384765625,100012.70849609375,100744.8466796875,100141.10205078125,100019.7568359375,17.907823753310367,14.346830742666498,13.256917758844793,6.727780248271301,43.44910399231594,758.456818992272,131.79240500903688,1.1941809934796765,10.634901477998937,10.64456176100066,10.740356479000184,10.718506814999273
"[18, 8, 4, 2]",64,4,16,512,4671,2473,8987,19861,2856,1740,5474,11894,163102.578125,ok,3397.241943359375,2685.854736328125,3288.238037109375,3395.854736328125,159705.33618164062,160416.25463867188,159813.52758789062,159710.36401367188,16.040898620383814,12.689597626333125,11.589872625656426,5.88560374773806,39.452569020795636,733.5108850093093,112.06429298908915,1.842206998844631,10.60420351200446,10.672041275989613,10.714133745990694,10.792629542993382
"[18, 8, 4, 2]",64,2,32,512,4847,2621,9439,20083,3217,1953,6226,13453,293953.1875,ok,3385.636962890625,2756.2138671875,3301.316650390625,3387.036376953125,290567.5505371094,291199.1611328125,290655.0583496094,290572.4636230469,15.501257370749954,11.843393437680788,10.740437689062674,5.462113688030513,38.28162999707274,651.7695049842587,90.4292759951204,2.46227000025101,10.624765487998957,10.697381612000754,10.694777386001078,10.809534165004152
"[18, 8, 5, 1]",8,4,2,512,2551,1293,4007,9021,1964,826,3046,6218,46913.546875,ok,3248.604248046875,2424.02197265625,3244.84814453125,3247.8828125,43664.942626953125,44489.05615234375,43668.25732421875,43668.35546875,16.138074989430606,12.627520016394556,14.40364200156182,3.0351310009136796,43.71117599657737,847.6181280129822,5.574149006861262,0.9674730099504814,10.787934409992886,10.948189679998904,10.800690706004389,10.852747219003504
"[18, 8, 5, 1]",8,2,4,512,2541,1293,4041,9173,2045,839,3195,6693,64899.171875,ok,3283.555419921875,2470.727783203125,3277.403076171875,3282.925048828125,61615.616455078125,62427.951904296875,61621.405517578125,61618.571044921875,15.5085259960033,11.78852900210768,13.32519399235025,2.8161030017072335,46.57928000960965,841.2810680019902,8.476261995383538,1.7602039879420772,10.737867646996165,10.896782469004393,10.807686703003128,10.782068044994958
"[18, 8, 5, 1]",16,8,2,512,2991,1293,4647,10783,2099,861,3244,6780,49941.3828125,ok,3251.432373046875,2422.81787109375,3237.51025390625,3251.4560546875,46689.950439453125,47518.31884765625,46703.05224609375,46693.5830078125,18.03804699704051,14.294854989275336,16.50246699154377,3.451400999445468,51.23296499368735,855.2759359881748,15.661330995499156,1.5975990099832416,10.743756673997268,10.89935480299755,10.787516112002777,10.784036553988699
"[18, 8, 5, 1]",16,4,4,512,2971,1293,4647,10881,2167,865,3371,7172,66519.6171875,ok,3288.006591796875,2492.497802734375,3278.215087890625,3287.40673828125,63231.610595703125,64026.705322265625,63240.925537109375,63235.06982421875,16.09821198740974,12.656447507441044,14.392992503475398,3.024450499447994,51.214303995948285,826.2581629969645,11.551918010809459,1.7451119929319248,10.73443627099914,10.81698145599512,10.811967382003786,10.815213630994549
"[18, 8, 5, 1]",16,2,8,512,3087,1293,4949,10959,2312,889,3640,7746,97948.3203125,ok,3286.830078125,2520.120361328125,3282.599853515625,3286.175537109375,94661.490234375,95427.66870117188,94665.40014648438,94664.37915039062,15.523212747415528,11.837894754949957,13.366304247174412,2.8142912486218847,51.05758100398816,798.7677000055555,12.099300001864322,5.893017005291767,10.703002149006352,10.856953979993705,10.793828716996359,10.790544617004343
"[18, 8, 5, 1]",32,16,2,512,3873,1293,5929,14125,2463,971,3747,8189,62356.015625,ok,3301.6494140625,2434.933837890625,3280.81298828125,3301.241455078125,59054.3662109375,59922.159912109375,59074.99560546875,59058.879638671875,21.99063198082149,17.70484299492091,20.67413899023086,4.3163620012346655,69.57379099912941,915.5249839968747,23.92398499068804,3.315292007755488,10.721961698000086,10.774334522997378,10.78510875099164,10.811086827001418
"[18, 8, 5, 1]",32,8,4,512,3831,1293,5927,14103,2462,949,3807,8262,71051.7578125,ok,3308.472412109375,2537.01220703125,3285.383056640625,3308.039306640625,67743.28540039062,68514.47998046875,67766.08569335938,67747.32006835938,17.958311006892473,14.312949008308351,16.475032502319664,3.450264500803314,56.372763006947935,809.2061269999249,24.851308000506833,1.1501500121084973,10.732009498009575,10.750107137995656,10.753919092996512,10.763743897012318
"[18, 8, 5, 1]",32,4,8,512,4011,1293,6327,13761,2630,946,4105,8685,99702.7578125,ok,3303.951416015625,2590.320556640625,3287.669677734375,3302.822509765625,96398.80639648438,97111.28100585938,96413.99438476562,96402.19311523438,16.110916747245938,12.678407503291965,14.423327997792512,3.023093750933185,51.121393000357784,742.878795004799,17.728051985614,1.0053339938167483,10.745329119003145,10.812156662010239,10.747422111002379,10.779310625002836
"[18, 8, 5, 1]",32,2,16,512,4135,1293,6487,14285,2873,991,4507,9750,164530.859375,ok,3349.95654296875,2685.63037109375,3343.943603515625,3349.583251953125,161180.90283203125,161845.10400390625,161186.82202148438,161183.97924804688,15.54049436794594,11.843411752721295,13.380487251095474,2.8068921254889574,47.30882801231928,693.4297219995642,9.31986200157553,4.226282981107943,10.743087623006431,10.767410777989426,10.715436345999478,10.759198214000207
"[18, 8, 5, 1]",64,32,2,512,4853,1755,7651,16987,2836,1119,4366,9104,,OOM_rank2,,,,,,,,,,,,,0.0,0.0,0.0,0.0,,,,
"[18, 8, 5, 1]",64,16,4,512,4853,1533,7729,18645,2907,1064,4514,9931,,OOM_rank2,,,,,,,,,,,,,0.0,0.0,0.0,0.0,,,,
"[18, 8, 5, 1]",64,8,8,512,4851,1433,8327,17943,3001,1030,4708,9950,,OOM_rank2,,,,,,,,,,,,,0.0,0.0,0.0,0.0,,,,
"[18, 8, 5, 1]",64,4,16,512,4851,1333,7527,16761,3034,1018,4745,10154,,OOM_rank2,,,,,,,,,,,,,0.0,0.0,0.0,0.0,,,,
"[18, 8, 5, 1]",64,2,32,512,4861,1435,8239,18021,3479,1133,5535,11944,,OOM_rank2,,,,,,,,,,,,,0.0,0.0,0.0,0.0,,,,
"[18, 9, 3, 2]",8,4,2,512,1631,1693,4487,9021,1271,1193,3349,6199,45409.48046875,ok,3226.038330078125,2395.0693359375,3215.837158203125,3224.9521484375,42183.442138671875,43013.7939453125,42192.869873046875,42189.7861328125,16.151504003442824,14.18581198528409,8.75293300813064,5.815200999844819,38.326308989780955,845.1971629983746,12.932609985000454,1.1503779969643801,10.702995273008128,10.703753132998827,10.7685077549977,10.767565870992257
"[18, 9, 3, 2]",8,2,4,512,1605,1693,4649,9173,1297,1209,3514,6556,60044.57421875,ok,3271.19775390625,2439.774169921875,3254.96826171875,3270.307373046875,56773.37646484375,57604.729736328125,56789.41064453125,56780.083251953125,15.373530003707856,13.245924498420209,8.113311488414183,5.4217560035176575,33.14391399908345,844.0967659989838,19.254307000664994,1.2057319836458191,10.827144340000814,10.83624030300416,10.882439506996889,11.117126825993182
"[18, 9, 3, 2]",16,8,2,512,1911,1693,5207,10783,1350,1255,3564,6720,48738.67578125,ok,3257.480224609375,2426.124267578125,3236.7421875,3256.900146484375,45481.195556640625,46312.231201171875,45501.4765625,45488.599853515625,18.07734899967909,16.048879993148148,10.014894997701049,6.655093998648226,46.21690600470174,847.9867130081402,23.31702900119126,1.2901420122943819,10.757797461992595,10.72753314000147,10.870063965994632,10.787600999989081
"[18, 9, 3, 2]",16,4,4,512,1891,1693,5347,10881,1380,1274,3736,7071,62010.640625,ok,3272.90869140625,2435.186767578125,3246.0185546875,3271.997314453125,58737.73193359375,59575.024169921875,58762.9970703125,58745.272216796875,16.141130008734763,14.217351503670216,8.739794505992904,5.847826001234353,37.39173700159881,851.25563199108,28.58980001474265,1.8651749996934086,10.712201970003662,10.781669764997787,10.824229419013136,10.865502722997917
"[18, 9, 3, 2]",16,2,8,512,1853,1693,5505,10959,1441,1310,4005,7679,93459.046875,ok,3295.583251953125,2475.8447265625,3267.1806640625,3290.546875,90163.46362304688,90961.0849609375,90191.3427734375,90170.2890625,15.478777502430603,13.270341499708593,8.112397749559022,5.439012253889814,32.94202600955032,810.3687910042936,31.054899998707697,1.2221500073792413,10.691898047007271,10.755742790002842,10.82297317701159,10.817073651996907
"[18, 9, 3, 2]",32,16,2,512,2453,2055,6669,14125,1556,1394,4124,8092,60858.125,ok,3317.760986328125,2461.667236328125,3280.01123046875,3317.034912109375,57540.364013671875,58396.641357421875,57575.85595703125,57549.801025390625,22.01749799400568,19.892882962711155,12.501622001640499,8.420198997948319,49.449890007963404,879.688234985224,39.95464000036009,5.3554309997707605,10.724455194998882,10.7188841879979,10.848687456003972,10.730297728994628
"[18, 9, 3, 2]",32,8,4,512,2451,1931,6947,14103,1571,1379,4272,8144,65917.5859375,ok,3291.377685546875,2463.18701171875,3234.47607421875,3290.78759765625,62626.208251953125,63454.26611328125,62682.85205078125,62633.60302734375,17.988325483631343,16.077305992599577,9.986900493502617,6.687188497278839,41.05004100711085,844.2640460125403,59.95040698326193,1.1405379773350433,10.70118277099391,10.751062370007276,10.85645158799889,10.819072967002285
"[18, 9, 3, 2]",32,4,8,512,2391,1871,7047,13821,1628,1412,4511,8670,94542.109375,ok,3310.8408203125,2468.12158203125,3244.703857421875,3309.896728515625,91231.2685546875,92073.59716796875,91296.71801757812,91240.19702148438,16.036362749058753,14.25387524603866,8.748303003492765,5.863540500518866,36.18663200177252,856.5830599982291,86.14241400209721,1.3866130029782653,10.712359516997822,10.677490856003715,10.858387696993304,10.895523311992292
"[18, 9, 3, 2]",32,2,16,512,2569,1901,7199,14287,1818,1529,5002,9772,161155.671875,ok,3376.818115234375,2573.6171875,3300.199462890625,3375.724365234375,157778.85375976562,158581.1328125,157853.76928710938,157784.63500976562,15.625649000750855,13.284120630356483,8.113229996524751,5.452177624742035,33.57233801216353,816.0027800040552,78.00545400823466,1.3027240056544542,10.737252769991755,10.658274002998951,10.750236789986957,10.796520211006282
"[18, 9, 3, 2]",64,32,2,512,3573,3115,9571,18807,2039,1787,5349,10252,74181.8984375,ok,3359.81884765625,2404.470703125,3273.357421875,3359.23046875,70822.07958984375,71777.318359375,70908.369140625,70835.57421875,30.564360972493887,27.375078005716205,17.476173019967973,11.761711995583028,74.82975300808903,986.1308139807079,88.05055099946912,9.492144992691465,10.605558832001407,10.59415603899106,10.762250184998265,10.757362552001723
"[18, 9, 3, 2]",64,16,4,512,3533,2595,9969,20065,2055,1697,5678,11020,93492.4296875,ok,3371.485107421875,2523.452392578125,3259.778076171875,3371.07275390625,90120.94458007812,90965.93041992188,90230.22973632812,90127.15380859375,22.15672151558101,20.069856486748904,12.6659404928796,8.517345003085211,73.23348299541976,881.0012709873263,117.38759699801449,1.1958999966736883,10.68509215200902,10.644499475994962,10.792213705004542,10.800526871011243
"[18, 9, 3, 2]",64,8,8,512,3451,2553,9947,19983,2053,1674,5752,11029,100753.6484375,ok,3355.734130859375,2570.893310546875,3235.2890625,3354.572509765625,97397.91430664062,98182.09106445312,97517.734375,97404.97436523438,17.903679753653705,16.08082924527116,9.999143251683563,6.713370751705952,37.65595200820826,801.9615629891632,123.26408398803324,1.3209540047682822,10.637210225002491,10.619927277002716,10.81197006299044,10.832772108988138
"[18, 9, 3, 2]",64,4,16,512,3471,2473,9967,19701,2167,1731,6074,11751,,OOM_rank1,,,,,,,,,,,,,0.0,0.0,0.0,0.0,,,,
"[18, 9, 3, 2]",64,2,32,512,3743,2621,9983,20081,2471,1949,6849,13410,289703.21875,ok,3481.694091796875,2723.45703125,3377.84326171875,3480.19140625,286221.5246582031,286978.94921875,286309.00048828125,286227.83984375,15.400376064295415,13.296264189877547,8.109403062495403,5.450293437344953,32.66680797969457,770.5786779988557,90.74867601157166,1.50693699833937,10.736186056994484,10.624028598002042,10.729226224997547,10.70963710900105
"[18, 9, 4, 1]",8,4,2,512,2091,1293,4487,9241,1619,819,3324,6238,44822.953125,ok,3235.23779296875,2432.60009765625,3231.213623046875,3234.599853515625,41587.71533203125,42390.07177734375,41591.075439453125,41591.091552734375,16.120638011023402,14.191281002014875,11.572050001472235,3.0309720046352595,38.60280101071112,818.7002599879634,5.341670999769121,1.4270559913711622,10.824386670996319,10.736256749994936,10.78715874000045,10.706232396012638
"[18, 9, 4, 1]",8,2,4,512,2073,1293,4649,9173,1664,835,3525,6569,60555.703125,ok,3224.86279296875,2423.160888671875,3218.43310546875,3224.573486328125,57330.84033203125,58129.182861328125,57336.95751953125,57333.746826171875,15.30780350184068,13.257284498773515,10.67143599735573,2.82040449953638,37.85633298684843,816.353303991491,9.20431899430696,1.6466820088680834,10.796126271001413,10.722303001995897,10.838301629002672,10.82300950899662
"[18, 9, 4, 1]",16,8,2,512,2471,1293,5207,10783,1726,863,3539,6663,47989.44921875,ok,3230.458984375,2412.82763671875,3216.841796875,3229.101806640625,44758.990234375,45575.70751953125,44772.111328125,44762.866943359375,18.036049000918865,16.057503015734255,13.26797499973327,3.449047000380233,48.73010198934935,836.8764750048285,15.85779398737941,1.200730010168627,10.728078105996246,10.727175584004726,10.737670996997622,10.84210374399845
"[18, 9, 4, 1]",16,4,4,512,2451,1293,5347,10881,1775,866,3743,7087,62596.20703125,ok,3329.0751953125,2438.896728515625,3318.384521484375,3328.679931640625,59267.1318359375,60157.036865234375,59277.783447265625,59270.480224609375,16.11168700363487,14.22492899838835,11.53168899891898,3.0285669994773343,41.70424799667671,908.6746520042652,13.131137005984783,1.9597189966589212,10.680065941996872,10.731105272003333,10.715435341000557,10.734522985992953
"[18, 9, 4, 1]",16,2,8,512,2411,1293,5505,10959,1855,888,4014,7698,94909.7734375,ok,3280.36962890625,2498.57421875,3273.32763671875,3279.427734375,91629.40380859375,92409.65234375,91635.36767578125,91632.369140625,15.623451747000217,13.28492174623534,10.724481745390221,2.814512499026023,38.38595400156919,798.5237230022904,9.553207011776976,1.9208479934604838,10.61843095900258,10.749824227998033,10.78380724300223,10.74247230499168
"[18, 9, 4, 1]",32,16,2,512,3193,1293,6669,14125,2010,968,4145,8074,60290.37890625,ok,3280.85400390625,2452.557861328125,3259.567138671875,3280.041259765625,57009.52490234375,57834.028076171875,57030.276611328125,57009.997802734375,22.10571902617812,19.89144902303815,16.624015019275248,4.352868005167693,56.925586992292665,852.5200340081938,25.70241899229586,6.371877985657193,10.696842129007564,10.702219573999173,10.723679717004416,10.756630927993683
"[18, 9, 4, 1]",32,8,4,512,3151,1293,6947,14103,2011,938,4263,8142,65932.8828125,ok,3304.829833984375,2519.078857421875,3279.39892578125,3304.130615234375,62628.052978515625,63413.772705078125,62650.60888671875,62632.197509765625,17.943402007222176,16.063028016127646,13.226377006620169,3.4514885002281517,44.716061995131895,804.8455610114615,25.04217300156597,1.163409004220739,10.729847601003712,10.690963382992777,10.714185541000916,10.711738300000434
"[18, 9, 4, 1]",32,4,8,512,3111,1293,7047,13821,2079,936,4517,8642,94917.1015625,ok,3220.283447265625,2503.332763671875,3204.31298828125,3219.280517578125,91696.81811523438,92412.98754882812,91712.26513671875,91700.23510742188,16.030143999960274,14.252322250977159,11.572254499886185,3.0318659977638163,40.45615599898156,734.1057490120875,17.32173201162368,1.159307998022996,10.714597181999125,10.699586448012269,10.845305584007292,10.810542157996679
"[18, 9, 4, 1]",32,2,16,512,3323,1293,7199,14287,2327,989,4988,9699,158856.734375,ok,3289.226318359375,2571.40625,3268.908935546875,3287.874755859375,155567.50805664062,156284.5,155586.84106445312,155570.14086914062,15.395620246534236,13.286390122608282,10.736540128709748,2.810650998930214,38.63801200350281,735.6405270111281,21.964925996144302,1.005205005640164,10.749552171997493,10.702900700998725,10.738138507003896,10.818239941989304
"[18, 9, 4, 1]",64,32,2,512,4673,2035,9571,18807,2626,1208,5373,10214,73796.0,ok,3316.10009765625,2421.781494140625,3272.306640625,3315.549560546875,70479.89990234375,71373.92163085938,70519.802734375,70484.84887695312,30.49922197498381,27.367058992385864,23.18615899514407,6.047800002619624,89.42475401272532,934.1230229911162,43.914502995903604,4.727089006337337,10.55669527000282,10.593685421001283,10.748154676999548,10.870698427999741
"[18, 9, 4, 1]",64,16,4,512,4573,1633,9969,20085,2651,1130,5682,11103,93672.140625,ok,3291.608154296875,2560.53759765625,3229.90478515625,3290.993896484375,90380.53247070312,91112.64990234375,90438.88427734375,90383.86547851562,22.45730352215469,20.172804491594434,16.7660869974643,4.453947004629299,66.329681998468,762.5320030056173,62.69666101434268,8.029830001760274,10.700053781998577,10.70650056899467,10.800638002008782,10.71462381001038
"[18, 9, 4, 1]",64,8,8,512,4471,1573,9967,19983,2637,1092,5779,11080,101634.4765625,ok,3284.803466796875,2639.804443359375,3239.278564453125,3283.84228515625,98349.67309570312,98993.86743164062,98394.57299804688,98353.81396484375,17.9565774993971,16.090506501263008,13.258154758950695,3.454904250742402,44.54459699627478,668.5471929959022,47.513565004919656,1.2657109909923747,10.686875421000877,10.699437692004722,10.713975475999177,10.861634230997879
"[18, 9, 4, 1]",64,4,16,512,4671,1493,9967,19861,2840,1098,6075,11810,,OOM_rank1,,,,,,,,,,,,,0.0,0.0,0.0,0.0,,,,
"[18, 9, 4, 1]",64,2,32,512,4847,1535,9983,20081,3213,1207,6885,13457,293904.53125,ok,3304.77783203125,2776.522705078125,3239.718994140625,3306.595458984375,290599.75341796875,291128.7272949219,290666.7810058594,290602.7795410156,15.570946129679214,13.31134775193641,10.749078501190525,2.814272250951035,38.564050002605654,546.9458749867044,69.7853279998526,1.1546280002221465,10.681302311000763,10.69263576400408,10.647211703995708,10.681725793008809
"[18, 10, 2, 2]",8,4,2,512,1171,1693,4947,9281,915,1194,3679,6304,48248.9609375,ok,3236.47998046875,2412.590087890625,3223.66259765625,3231.78662109375,45012.48095703125,45835.866943359375,45024.94677734375,45022.26025390625,16.768457002937794,15.763465006835759,5.906330996192992,5.814193999860436,35.984197005745955,834.1956539952662,15.60847699875012,1.0850370017578825,10.725242144006188,10.701114023991977,10.760861411996302,10.76207756200165
"[18, 10, 2, 2]",8,2,4,512,1157,1693,5097,9173,933,1208,3851,6584,61062.8203125,ok,3276.751953125,2437.579833984375,3264.618408203125,3276.07568359375,57786.068359375,58625.052978515625,57797.990966796875,57795.30322265625,15.280132498126477,14.706840495113283,5.458539005136117,5.426834997953847,34.01793699595146,852.2906760044862,15.16293799795676,1.1295559961581603,10.663348961999873,10.75405976100592,10.771559917993727,10.778146932992968
"[18, 10, 2, 2]",16,8,2,512,1371,1693,5747,10783,972,1262,3908,6799,50710.89453125,ok,3276.388427734375,2430.510986328125,3251.365966796875,3275.517822265625,47434.506103515625,48279.082763671875,47459.094970703125,47447.943115234375,18.190140016376972,17.827526005916297,6.7308469992130995,6.6529580019414425,45.067383005516604,856.2678550078999,26.240763982059434,1.129349009715952,10.703138192999177,10.660935192994657,10.744695959001547,10.845213060994865
"[18, 10, 2, 2]",16,4,4,512,1331,1693,5987,11001,992,1276,4139,7085,63279.82421875,ok,3265.334228515625,2421.021728515625,3239.174072265625,3263.298583984375,60014.489990234375,60855.193115234375,60039.150146484375,60024.443603515625,16.04638797417283,15.750242008361965,5.88973750337027,5.856319499667734,39.355228989734314,850.6880229979288,27.79425100015942,1.1170179932378232,10.695185794989811,10.722662301006494,10.814465435993043,10.857770514994627
"[18, 10, 2, 2]",16,2,8,512,1317,1693,6141,10959,1031,1312,4426,7706,94559.046875,ok,3293.93359375,2453.140380859375,3265.6669921875,3293.126953125,91265.11328125,92105.35180664062,91292.5361328125,91273.833984375,15.463821000186726,14.72495074220933,5.456511500873603,5.43762400187552,32.3048730060691,851.3945429876912,30.68355300638359,1.160078012617305,10.720373681993806,10.656065082002897,10.742006232001586,10.779724842010182
"[18, 10, 2, 2]",32,16,2,512,1793,2055,7329,14125,1144,1405,4567,8138,62382.71875,ok,3321.77294921875,2463.88232421875,3284.054931640625,3319.933349609375,59060.94580078125,59918.22314453125,59098.277099609375,59072.133056640625,22.139149993658066,22.115665027871728,8.411675005219877,8.398263997398317,60.91514599393122,883.2702649960993,43.25903799326625,4.676246986491606,10.64612461400975,10.69318962500256,10.724140846999944,10.807906833011657
"[18, 10, 2, 2]",32,8,4,512,1711,1931,7847,14103,1120,1386,4775,8169,68391.6640625,ok,3313.468505859375,2468.515869140625,3256.385498046875,3312.897216796875,65078.195556640625,65922.74194335938,65134.762939453125,65088.352783203125,17.927645013201982,17.810959505848587,6.7241245021577924,6.687822002917528,44.77367500658147,857.3879420000594,59.3465690035373,1.2894319952465594,10.705386031011585,10.671233369997935,10.697370979993138,10.683891102991765
"[18, 10, 2, 2]",32,4,8,512,1671,1871,7807,13861,1161,1416,4984,8693,97076.109375,ok,3274.6650390625,2438.941650390625,3203.618896484375,3274.25439453125,93801.4443359375,94636.66772460938,93872.48266601562,93811.31591796875,16.078558242181316,15.753459014697,5.884259748621844,5.873504249961115,42.74127399548888,846.4266389928525,73.18871100142132,1.1153189989272505,10.726502026009257,10.673570357990684,10.775489145002211,10.853805455000838
"[18, 10, 2, 2]",32,2,16,512,1637,1901,7951,14287,1227,1528,5512,9735,158779.8125,ok,3343.459228515625,2504.33544921875,3258.99462890625,3341.951171875,155436.35327148438,156276.02392578125,155521.19287109375,155445.814453125,15.34856211754959,14.736185000743717,5.467029626772273,5.450271374138538,34.10165601235349,851.6077659878647,88.10531700146385,1.3257130049169064,10.46130316099152,10.615696786000626,10.75734399400244,10.84973457599699
"[18, 10, 2, 2]",64,32,2,512,2553,3035,9971,18367,1451,1745,5755,10018,,OOM_rank1,,,,,,,,,,,,,0.0,0.0,0.0,0.0,,,,
"[18, 10, 2, 2]",64,16,4,512,2373,2595,9969,20045,1429,1666,6076,10842,,OOM_rank1,,,,,,,,,,,,,0.0,0.0,0.0,0.0,,,,
"[18, 10, 2, 2]",64,8,8,512,2351,2413,9967,18863,1426,1630,6074,10645,,OOM_rank1,,,,,,,,,,,,,0.0,0.0,0.0,0.0,,,,
"[18, 10, 2, 2]",64,4,16,512,2191,2313,9967,17841,1412,1630,6102,10706,,OOM_rank1,,,,,,,,,,,,,0.0,0.0,0.0,0.0,,,,
"[18, 10, 2, 2]",64,2,32,512,2359,2461,9977,19043,1613,1856,7005,12484,,OOM_rank1,,,,,,,,,,,,,0.0,0.0,0.0,0.0,,,,
"[18, 10, 3, 1]",8,4,2,512,1631,1293,4947,9201,1266,824,3649,6216,45081.875,ok,3221.865478515625,2409.240478515625,3215.2607421875,3221.489013671875,41860.009521484375,42671.993896484375,41866.3994140625,41863.401611328125,16.14964699652046,15.784935005009174,8.749552989378572,3.0356020003091544,39.477191006881185,825.5257130076643,8.646906004287302,1.0676859965315089,10.792850537996856,10.623467751996941,10.930984400009038,10.882853593997424
"[18, 10, 3, 1]",8,2,4,512,1607,1293,5099,9173,1305,840,3865,6604,59499.28125,ok,3245.697998046875,2420.579345703125,3239.36767578125,3245.1181640625,56253.583251953125,57079.006591796875,56259.80029296875,56255.4951171875,15.395327508449554,14.727462435606867,8.101591006387025,2.8159549981355667,36.25242899579462,839.8850280063925,10.587743003270589,2.052791998721659,10.685688985991874,10.63722170398978,10.875365967993275,10.699790047990973
"[18, 10, 3, 1]",16,8,2,512,1911,1293,5747,10783,1348,865,3892,6764,47799.8984375,ok,3251.503173828125,2433.472412109375,3243.514892578125,3251.276611328125,44548.395263671875,45366.062744140625,44556.172607421875,44552.391357421875,17.992386016063392,17.82521501649171,10.022411013022065,3.4619829985313118,48.66445000516251,832.505136000691,9.541856998112053,1.1971490021096542,10.716557943989756,10.611088343997835,10.753431760007516,10.73022825299995
"[18, 10, 3, 1]",16,4,4,512,1891,1293,5907,10881,1380,866,4062,7064,61546.08203125,ok,3279.84130859375,2476.745849609375,3270.10302734375,3279.763671875,58266.24072265625,59066.894775390625,58273.63525390625,58267.490234375,16.112838494125754,15.754672006703913,8.752220496768132,3.026389998034574,42.635669000446796,817.162234990974,13.038933990173973,2.1148320083739236,10.738429256991367,10.623101492994465,10.817881619994296,10.698411703997408
"[18, 10, 3, 1]",16,2,8,512,1853,1293,6141,10959,1441,888,4418,7684,92042.359375,ok,3298.620361328125,2502.763427734375,3292.09033203125,3293.819580078125,88743.73901367188,89535.02563476562,88749.69873046875,88746.79760742188,15.398240750888363,14.722691498231143,8.103532248991542,2.8241359986714087,35.580252995714545,804.4623890018556,9.13120698533021,2.9560529947048053,10.671812232991215,10.670183761991211,10.781237281000358,10.8666687119985
"[18, 10, 3, 1]",32,16,2,512,2453,1293,7329,14125,1555,960,4537,8012,59593.5,ok,3269.57666015625,2436.56591796875,3251.5185546875,3268.91015625,56323.92333984375,57150.00048828125,56338.8837890625,56322.03125,21.96263301372528,22.07872600853443,12.495989995077252,4.33064500358887,59.36313398706261,852.7572570019402,25.051161996088922,1.7489329911768436,10.692952787998365,10.66158283900586,10.715775651988224,10.758576275999076
"[18, 10, 3, 1]",32,8,4,512,2451,1293,7847,14103,1579,946,4716,8186,66292.96875,ok,3279.983642578125,2493.105224609375,3256.705078125,3279.287109375,63012.985107421875,63799.793212890625,63035.935546875,63017.056640625,17.912716987077147,17.80252450099215,10.006319996435195,3.443002998479642,48.35236999497283,801.5753770014271,24.744975002249703,1.4011959865456447,10.68434837499808,10.600379387993598,10.730804628998158,10.86825731099816
"[18, 10, 3, 1]",32,4,8,512,2391,1293,7807,13761,1624,943,4969,8620,94668.2265625,ok,3262.128173828125,2484.103271484375,3245.4052734375,3261.37841796875,91406.09838867188,92183.33422851562,91422.0869140625,91409.51220703125,16.05989275430329,15.742462752852589,8.744156502652913,3.0244517530081794,44.31570100132376,790.5914050061256,18.337204979616217,1.664641997194849,10.588153194999904,10.651957770009176,10.790875869002775,10.833534389996203
"[18, 10, 3, 1]",32,2,16,512,2569,1293,7951,14287,1806,989,5494,9699,157839.75,ok,3295.900634765625,2533.832763671875,3250.111572265625,3294.91162109375,154543.84936523438,155299.77661132812,154589.24780273438,154546.65087890625,15.399590000277385,14.74932950513903,8.103277499962132,2.809356873447541,33.727358997566625,768.5092260071542,47.85855799855199,1.248640997800976,10.660245795996161,10.629599182997481,10.891583410993917,10.784170193001046
"[18, 10, 3, 1]",64,32,2,512,3493,1755,9971,18367,1980,1183,5669,9920,,OOM_rank1,,,,,,,,,,,,,0.0,0.0,0.0,0.0,,,,
"[18, 10, 3, 1]",64,16,4,512,3453,1633,9969,20065,2009,1109,6062,10743,,OOM_rank1,,,,,,,,,,,,,0.0,0.0,0.0,0.0,,,,
"[18, 10, 3, 1]",64,8,8,512,3291,1513,9967,18863,1971,1064,6030,10565,,OOM_rank1,,,,,,,,,,,,,0.0,0.0,0.0,0.0,,,,
"[18, 10, 3, 1]",64,4,16,512,3151,1393,9967,17901,1997,1045,6109,10719,,OOM_rank1,,,,,,,,,,,,,0.0,0.0,0.0,0.0,,,,
"[18, 10, 3, 1]",64,2,32,512,3423,1475,9977,19043,2299,1156,7003,12478,,OOM_rank1,,,,,,,,,,,,,0.0,0.0,0.0,0.0,,,,
"[18, 11, 2, 1]",8,4,2,512,1191,1293,5407,9281,917,824,3967,6275,45387.41796875,ok,3239.55810546875,2426.09765625,3232.45556640625,3238.518310546875,42147.85986328125,42961.20703125,42154.30224609375,42151.735595703125,16.102601002901793,17.313446005806327,5.89385800389573,2.9600800005719066,39.787470988812856,823.4908230078872,9.743322996655479,2.767369005596265,10.743424902000697,10.67682054299803,11.381875585997477,10.825746571994387
"[18, 11, 2, 1]",8,2,4,512,1157,1293,5605,9173,935,837,4188,6578,60945.06640625,ok,3237.5029296875,2436.2138671875,3231.445068359375,3237.062744140625,57707.5634765625,58508.5673828125,57713.574462890625,57710.777099609375,15.579366498161107,16.106572998221964,5.462962995050475,2.775486997445114,36.90575901418924,812.1038079989376,10.58257301338017,2.0032500033266842,10.75577545100532,10.703684383013751,10.827267971006222,10.80285208299756
"[18, 11, 2, 1]",16,8,2,512,1371,1293,6267,10783,972,864,4234,6731,48497.5546875,ok,3220.830322265625,2416.89599609375,3208.35986328125,3220.530517578125,45276.724365234375,46080.49072265625,45288.87451171875,45280.856201171875,18.031225016340613,19.588322987779975,6.740397994872183,3.3851419968996197,48.31188500975259,814.0381089906441,14.370167991728522,1.4604859898099676,10.679632731989841,10.710414581000805,10.95001232699724,10.891127911003423
"[18, 11, 2, 1]",16,4,4,512,1351,1293,6627,10881,991,864,4477,7065,63538.7890625,ok,3256.60888671875,2458.92919921875,3236.404296875,3256.276611328125,60282.18017578125,61079.46142578125,60299.490234375,60286.328857421875,16.19132251199335,17.279428982641548,5.887585503514856,2.9858234998537228,44.33255401090719,807.8805830155034,19.852195982821286,1.2134390126448125,10.657124493009178,10.752513618994271,10.901154311999562,10.771519653004361
"[18, 11, 2, 1]",16,2,8,512,1317,1293,6717,10959,1026,883,4816,7701,95205.4609375,ok,3299.34326171875,2470.224853515625,3277.63037109375,3298.049072265625,91906.11767578125,92734.93920898438,91926.94775390625,91911.77905273438,15.670108245918527,16.141454009106383,5.474145497777499,2.7942099983920343,38.029647010262124,838.7962729902938,23.204348995932378,2.3307970113819465,10.7794211589935,10.585809594995226,10.7350086630031,10.753263467006036
"[18, 11, 2, 1]",32,16,2,512,1793,1293,8009,14125,1134,970,4941,8046,61445.65625,ok,3256.08544921875,2462.15380859375,3232.31640625,3254.929443359375,58189.57080078125,58978.27197265625,58213.828125,58190.898681640625,22.080154990777373,24.316462019458413,8.395354017615318,4.274283002130687,63.418079997063614,810.1545999961672,31.403302011312917,2.683635990251787,10.808304909005528,10.682047163005336,10.7373472009931,10.819168439003988
"[18, 11, 2, 1]",32,8,4,512,1711,1293,8707,14103,1126,948,5218,8220,68554.4453125,ok,3278.762939453125,2461.80859375,3253.156982421875,3276.198486328125,65275.682373046875,66092.55078125,65298.913330078125,65280.629638671875,17.929054994601756,19.568035496398807,6.730182995321229,3.4139100005850196,53.50861199258361,829.3516080157133,25.64487799827475,1.085277006495744,10.686350700998446,10.737688799010357,10.701153899994097,10.817829345003702
"[18, 11, 2, 1]",32,4,8,512,1711,1293,8487,13861,1178,947,5451,8746,98792.3359375,ok,3264.65234375,2450.841552734375,3231.8330078125,3264.11669921875,95527.68359375,96341.26000976562,95559.8310546875,95532.89892578125,16.072853496531025,17.26511526480317,5.884623499237932,3.0099219986004755,48.86580699530896,824.0198459970998,33.619076988543384,1.2136099976487458,10.7705389969924,10.73905128298793,10.734372845996404,10.814777767998748
"[18, 11, 2, 1]",32,2,16,512,1637,1293,8723,14287,1227,991,6017,9737,160784.5625,ok,3303.28271484375,2499.44482421875,3269.917724609375,3302.1259765625,157481.27978515625,158282.60205078125,157513.33227539062,157483.6552734375,15.447543372749351,16.094878876348957,5.456426128686871,2.8007089979655575,45.43702199589461,813.5601649992168,35.676330007845536,1.2610009871423244,10.718982364996918,10.754532367995125,10.782578917001956,10.833573857002193
"[18, 11, 2, 1]",64,32,2,512,2313,1755,9971,16687,1312,1103,5577,8848,,OOM_rank1,,,,,,,,,,,,,0.0,0.0,0.0,0.0,,,,
"[18, 11, 2, 1]",64,16,4,512,2153,1533,9969,17985,1302,1044,5997,9604,,OOM_rank1,,,,,,,,,,,,,0.0,0.0,0.0,0.0,,,,
"[18, 11, 2, 1]",64,8,8,512,2091,1353,9967,16743,1292,1003,5873,9367,,OOM_rank1,,,,,,,,,,,,,0.0,0.0,0.0,0.0,,,,
"[18, 11, 2, 1]",64,4,16,512,2011,1313,9967,16401,1325,1007,6181,9931,,OOM_rank1,,,,,,,,,,,,,0.0,0.0,0.0,0.0,,,,
"[18, 11, 2, 1]",64,2,32,512,2159,1415,9977,17321,1511,1114,7108,11596,,OOM_rank1,,,,,,,,,,,,,0.0,0.0,0.0,0.0,,,,
"[18, 12, 1, 1]",8,4,2,512,691,1293,5867,9021,550,826,4280,6189,46167.3046875,ok,3215.922119140625,2392.033203125,3210.2470703125,3215.209716796875,42951.382568359375,43774.482421875,42956.5654296875,42957.438720703125,16.077158955857158,18.87010500021279,3.040570999030024,2.954629002371803,36.57624000334181,828.2765600015409,8.58389399945736,1.5139180177357048,10.739724810002372,10.80791284100269,10.777556824992644,10.88332654099213
"[18, 12, 1, 1]",8,2,4,512,687,1293,6133,9173,561,836,4533,6617,63002.38671875,ok,3242.38134765625,2451.566650390625,3236.1533203125,3241.601806640625,59760.00537109375,60550.597412109375,59765.8896484375,59765.406005859375,15.553160001058131,17.517808000557125,2.8166709993965924,2.7804065006785095,40.19208197132684,798.9046779985074,9.088465012609959,1.9397290016058832,10.693344183993759,10.766804476006655,10.792529867001576,10.761065493978094
"[18, 12, 1, 1]",16,8,2,512,811,1293,6807,10783,586,863,4568,6759,49759.0234375,ok,3264.794677734375,2462.857177734375,3253.78564453125,3264.23583984375,46494.228759765625,47295.760009765625,46503.74169921875,46501.30712890625,18.019707991741598,21.370122984051704,3.4566729974467307,3.3728160015307367,46.95880098734051,809.053340984974,12.037040025461465,1.434464007616043,10.751831842004322,10.689080718002515,10.714771810016828,10.665197433001595
"[18, 12, 1, 1]",16,4,4,512,791,1293,7087,10881,594,866,4832,7126,65620.2734375,ok,3239.076904296875,2441.418701171875,3229.812744140625,3238.87646484375,62381.196533203125,63178.745361328125,62390.390380859375,62387.19384765625,16.05626649968326,18.808291517198086,3.038577002240345,2.9892055010423064,46.9950930273626,804.1659590089694,11.285121989203617,1.1051469773519784,10.698449432005873,10.71714192800573,10.818825292983092,10.748956489987904
"[18, 12, 1, 1]",16,2,8,512,759,1293,7273,10959,616,891,5241,7769,98779.59375,ok,3265.501220703125,2470.29248046875,3244.2685546875,3264.314697265625,95514.09252929688,96308.80908203125,95534.6923828125,95519.50561523438,15.479816255159676,17.49878050806001,2.816741498594638,2.8086974998004735,43.77775199827738,801.5348560293205,22.33680701465346,0.991716020507738,10.673753077018773,10.758783116005361,10.779200065007899,10.739220737974392
"[18, 12, 1, 1]",32,16,2,512,1031,1293,8689,14125,681,967,5309,8144,62595.3125,ok,3292.2490234375,2508.568603515625,3272.280029296875,3291.971923828125,59303.0634765625,60085.876708984375,59318.848876953125,59305.270263671875,22.022603994235396,26.50470998324454,4.287849999964237,4.295214000158012,67.19069698010571,799.7281779826153,22.991794045083225,3.819995006779209,10.62467076300527,10.664136236009654,10.623016721016029,10.676187548000598
"[18, 12, 1, 1]",32,8,4,512,991,1293,9267,14103,680,955,5652,8338,71650.9375,ok,3306.534912109375,2504.533935546875,3280.43115234375,3306.061767578125,68344.40258789062,69146.17700195312,68370.27197265625,68352.09448242188,17.97400697739795,21.334023989737034,3.4564470013137907,3.409653500188142,59.41510197590105,811.1280940065626,28.13719099503942,1.1999179841950536,10.72653342099511,10.715600421011914,10.837251183023909,10.993407836998813
"[18, 12, 1, 1]",32,4,8,512,931,1293,9247,13781,685,951,5957,8823,104362.6171875,ok,3324.538818359375,2487.59912109375,3307.179931640625,3323.441650390625,101038.07836914062,101874.64306640625,101054.61694335938,101044.33178710938,16.037239253520966,18.79979749955237,3.030561500985641,3.007766500581056,48.85865803225897,843.8838820147794,18.758916965452954,1.0462770005688071,10.700335797009757,10.59083959000418,10.719155738974223,10.75469218599028
"[18, 12, 1, 1]",32,2,16,512,923,1293,9515,14285,722,995,6580,9847,170808.375,ok,3392.933837890625,2559.326171875,3351.70654296875,3391.91357421875,167415.44116210938,168248.595703125,167455.48095703125,167420.86767578125,15.408633123384789,17.499088009120896,2.823064124910161,2.819835749192862,43.85059300693683,839.6583639841992,42.41181700490415,1.0803860204759985,10.75987391200033,10.835580270999344,10.691356814990286,10.733577807986876
"[18, 12, 1, 1]",64,32,2,512,1231,1655,9951,15327,732,1040,5543,8073,,OOM_rank1,,,,,,,,,,,,,0.0,0.0,0.0,0.0,,,,
"[18, 12, 1, 1]",64,16,4,512,1213,1373,9969,16245,736,992,5819,8671,,OOM_rank1,,,,,,,,,,,,,0.0,0.0,0.0,0.0,,,,
"[18, 12, 1, 1]",64,8,8,512,1051,1313,9967,15143,691,954,5760,8505,,OOM_rank1,,,,,,,,,,,,,0.0,0.0,0.0,0.0,,,,
"[18, 12, 1, 1]",64,4,16,512,1031,1293,9967,15181,724,977,6288,9298,,OOM_rank1,,,,,,,,,,,,,0.0,0.0,0.0,0.0,,,,
"[18, 12, 1, 1]",64,2,32,512,1051,1355,9977,16081,801,1078,7242,10947,,OOM_rank1,,,,,,,,,,,,,0.0,0.0,0.0,0.0,,,,
