timestamp,label,gpu_mb,rank0_40gb_mb,rank1_20gb_mb,rank2_10gb_mb,rank3_10gb_mb
22:57:38.968,s30_9_1_0_b64_mb2,87,37,25,12,12
22:57:39.493,s30_9_1_0_b64_mb2,87,37,25,12,12
22:57:39.989,s30_9_1_0_b64_mb2,87,37,25,12,12
22:57:40.491,s30_9_1_0_b64_mb2,87,37,25,12,12
22:57:40.993,s30_9_1_0_b64_mb2,87,37,25,12,12
22:57:41.495,s30_9_1_0_b64_mb2,87,37,25,12,12
22:57:41.997,s30_9_1_0_b64_mb2,87,37,25,12,12
22:57:42.499,s30_9_1_0_b64_mb2,87,37,25,12,12
22:57:43.001,s30_9_1_0_b64_mb2,87,37,25,12,12
22:57:43.503,s30_9_1_0_b64_mb2,87,37,25,12,12
22:57:44.004,s30_9_1_0_b64_mb2,87,37,25,12,12
22:57:44.506,s30_9_1_0_b64_mb2,93,40,25,12,14
22:57:45.011,s30_9_1_0_b64_mb2,565,220,157,94,94
22:57:45.521,s30_9_1_0_b64_mb2,565,220,157,94,94
22:57:46.024,s30_9_1_0_b64_mb2,565,220,157,94,94
22:57:46.526,s30_9_1_0_b64_mb2,587,222,159,96,110
22:57:47.027,s30_9_1_0_b64_mb2,587,222,159,96,110
22:57:47.529,s30_9_1_0_b64_mb2,587,222,159,96,110
22:57:48.031,s30_9_1_0_b64_mb2,587,222,159,96,110
22:57:48.533,s30_9_1_0_b64_mb2,587,222,159,96,110
22:57:49.035,s30_9_1_0_b64_mb2,587,222,159,96,110
22:57:49.537,s30_9_1_0_b64_mb2,587,222,159,96,110
22:57:50.043,s30_9_1_0_b64_mb2,587,222,159,96,110
22:57:50.545,s30_9_1_0_b64_mb2,2723,222,1221,1170,110
22:57:51.047,s30_9_1_0_b64_mb2,5283,222,1221,1170,2670
22:57:51.549,s30_9_1_0_b64_mb2,9123,2782,1221,1170,3950
22:57:52.050,s30_9_1_0_b64_mb2,7875,4094,1221,1170,1390
22:57:52.552,s30_9_1_0_b64_mb2,7875,4094,1221,1170,1390
22:57:53.054,s30_9_1_0_b64_mb2,7875,4094,1221,1170,1390
22:57:53.556,s30_9_1_0_b64_mb2,7915,4094,1221,1210,1390
22:57:54.058,s30_9_1_0_b64_mb2,7915,4094,1221,1210,1390
22:57:54.560,s30_9_1_0_b64_mb2,9015,4094,2281,1210,1430
22:57:55.062,s30_9_1_0_b64_mb2,9015,4094,2281,1210,1430
22:57:55.564,s30_9_1_0_b64_mb2,9015,4094,2281,1210,1430
22:57:56.066,s30_9_1_0_b64_mb2,9017,4096,2281,1210,1430
22:57:56.568,s30_9_1_0_b64_mb2,9017,4096,2281,1210,1430
22:57:57.069,s30_9_1_0_b64_mb2,9017,4096,2281,1210,1430
22:57:57.571,s30_9_1_0_b64_mb2,9017,4096,2281,1210,1430
22:57:58.073,s30_9_1_0_b64_mb2,9017,4096,2281,1210,1430
22:57:58.575,s30_9_1_0_b64_mb2,10077,4096,3341,1210,1430
22:57:59.077,s30_9_1_0_b64_mb2,10077,4096,3341,1210,1430
22:57:59.579,s30_9_1_0_b64_mb2,10077,4096,3341,1210,1430
22:58:00.081,s30_9_1_0_b64_mb2,10077,4096,3341,1210,1430
22:58:00.583,s30_9_1_0_b64_mb2,10077,4096,3341,1210,1430
22:58:01.085,s30_9_1_0_b64_mb2,10077,4096,3341,1210,1430
22:58:01.587,s30_9_1_0_b64_mb2,10077,4096,3341,1210,1430
22:58:02.089,s30_9_1_0_b64_mb2,10077,4096,3341,1210,1430
22:58:02.590,s30_9_1_0_b64_mb2,11137,4096,4401,1210,1430
22:58:03.093,s30_9_1_0_b64_mb2,11137,4096,4401,1210,1430
22:58:03.595,s30_9_1_0_b64_mb2,11777,4736,4401,1210,1430
22:58:04.097,s30_9_1_0_b64_mb2,11777,4736,4401,1210,1430
22:58:04.599,s30_9_1_0_b64_mb2,11777,4736,4401,1210,1430
22:58:05.100,s30_9_1_0_b64_mb2,11777,4736,4401,1210,1430
22:58:05.602,s30_9_1_0_b64_mb2,11777,4736,4401,1210,1430
22:58:06.105,s30_9_1_0_b64_mb2,11817,4736,4501,1210,1430
22:58:06.606,s30_9_1_0_b64_mb2,12837,4736,5461,1210,1430
22:58:07.108,s30_9_1_0_b64_mb2,12837,4736,5461,1210,1430
22:58:07.610,s30_9_1_0_b64_mb2,13877,5776,5461,1210,1430
22:58:08.112,s30_9_1_0_b64_mb2,13877,5776,5461,1210,1430
22:58:08.614,s30_9_1_0_b64_mb2,13877,5776,5461,1210,1430
22:58:09.116,s30_9_1_0_b64_mb2,13877,5776,5461,1210,1430
22:58:09.617,s30_9_1_0_b64_mb2,13877,5776,5461,1210,1430
22:58:10.119,s30_9_1_0_b64_mb2,14297,5776,5881,1210,1430
22:58:10.621,s30_9_1_0_b64_mb2,14937,5776,6521,1210,1430
22:58:11.123,s30_9_1_0_b64_mb2,15357,6196,6521,1210,1430
22:58:11.626,s30_9_1_0_b64_mb2,15997,6836,6521,1210,1430
22:58:12.127,s30_9_1_0_b64_mb2,15997,6836,6521,1210,1430
22:58:12.629,s30_9_1_0_b64_mb2,15997,6836,6521,1210,1430
22:58:13.131,s30_9_1_0_b64_mb2,15997,6836,6521,1210,1430
22:58:13.633,s30_9_1_0_b64_mb2,15997,6836,6521,1210,1430
22:58:14.135,s30_9_1_0_b64_mb2,17057,6836,7581,1210,1430
22:58:14.638,s30_9_1_0_b64_mb2,17057,6836,7581,1210,1430
22:58:15.140,s30_9_1_0_b64_mb2,18117,7896,7581,1210,1430
22:58:15.642,s30_9_1_0_b64_mb2,18117,7896,7581,1210,1430
22:58:16.144,s30_9_1_0_b64_mb2,18117,7896,7581,1210,1430
22:58:16.646,s30_9_1_0_b64_mb2,18117,7896,7581,1210,1430
22:58:17.148,s30_9_1_0_b64_mb2,18117,7896,7581,1210,1430
22:58:17.650,s30_9_1_0_b64_mb2,18117,7896,7581,1210,1430
22:58:18.152,s30_9_1_0_b64_mb2,19177,7896,8641,1210,1430
22:58:18.654,s30_9_1_0_b64_mb2,19177,7896,8641,1210,1430
22:58:19.156,s30_9_1_0_b64_mb2,20237,8956,8641,1210,1430
22:58:19.658,s30_9_1_0_b64_mb2,20237,8956,8641,1210,1430
22:58:20.160,s30_9_1_0_b64_mb2,20237,8956,8641,1210,1430
22:58:20.662,s30_9_1_0_b64_mb2,20237,8956,8641,1210,1430
22:58:21.164,s30_9_1_0_b64_mb2,20237,8956,8641,1210,1430
22:58:21.666,s30_9_1_0_b64_mb2,20237,8956,8641,1210,1430
22:58:22.168,s30_9_1_0_b64_mb2,21319,8956,9723,1210,1430
22:58:22.670,s30_9_1_0_b64_mb2,21319,8956,9723,1210,1430
22:58:23.172,s30_9_1_0_b64_mb2,22379,10016,9723,1210,1430
22:58:23.674,s30_9_1_0_b64_mb2,22379,10016,9723,1210,1430
22:58:24.176,s30_9_1_0_b64_mb2,22379,10016,9723,1210,1430
22:58:24.678,s30_9_1_0_b64_mb2,22379,10016,9723,1210,1430
22:58:25.180,s30_9_1_0_b64_mb2,22379,10016,9723,1210,1430
22:58:25.682,s30_9_1_0_b64_mb2,22379,10016,9723,1210,1430
22:58:26.184,s30_9_1_0_b64_mb2,22379,10016,9723,1210,1430
22:58:26.686,s30_9_1_0_b64_mb2,22379,10016,9723,1210,1430
22:58:27.189,s30_9_1_0_b64_mb2,23439,11076,9723,1210,1430
22:58:27.691,s30_9_1_0_b64_mb2,23439,11076,9723,1210,1430
22:58:28.193,s30_9_1_0_b64_mb2,23439,11076,9723,1210,1430
22:58:28.695,s30_9_1_0_b64_mb2,23439,11076,9723,1210,1430
22:58:29.197,s30_9_1_0_b64_mb2,23479,11076,9763,1210,1430
22:58:29.698,s30_9_1_0_b64_mb2,23479,11076,9763,1210,1430
22:58:30.200,s30_9_1_0_b64_mb2,23479,11076,9763,1210,1430
22:58:30.702,s30_9_1_0_b64_mb2,24219,11816,9763,1210,1430
22:58:31.204,s30_9_1_0_b64_mb2,24539,12136,9763,1210,1430
22:58:31.706,s30_9_1_0_b64_mb2,24539,12136,9763,1210,1430
22:58:32.208,s30_9_1_0_b64_mb2,24539,12136,9763,1210,1430
22:58:32.710,s30_9_1_0_b64_mb2,24539,12136,9763,1210,1430
22:58:33.212,s30_9_1_0_b64_mb2,24539,12136,9763,1210,1430
22:58:33.713,s30_9_1_0_b64_mb2,24539,12136,9763,1210,1430
22:58:34.215,s30_9_1_0_b64_mb2,24539,12136,9763,1210,1430
22:58:34.717,s30_9_1_0_b64_mb2,25599,13196,9763,1210,1430
22:58:35.219,s30_9_1_0_b64_mb2,25599,13196,9763,1210,1430
22:58:35.721,s30_9_1_0_b64_mb2,25599,13196,9763,1210,1430
22:58:36.223,s30_9_1_0_b64_mb2,25599,13196,9763,1210,1430
22:58:36.724,s30_9_1_0_b64_mb2,25599,13196,9763,1210,1430
22:58:37.226,s30_9_1_0_b64_mb2,25599,13196,9763,1210,1430
22:58:37.728,s30_9_1_0_b64_mb2,25599,13196,9763,1210,1430
22:58:38.230,s30_9_1_0_b64_mb2,25599,13196,9763,1210,1430
22:58:38.732,s30_9_1_0_b64_mb2,26659,14256,9763,1210,1430
22:58:39.234,s30_9_1_0_b64_mb2,26659,14256,9763,1210,1430
22:58:39.736,s30_9_1_0_b64_mb2,26659,14256,9763,1210,1430
22:58:40.237,s30_9_1_0_b64_mb2,26659,14256,9763,1210,1430
22:58:40.739,s30_9_1_0_b64_mb2,26659,14256,9763,1210,1430
22:58:41.241,s30_9_1_0_b64_mb2,26659,14256,9763,1210,1430
22:58:41.744,s30_9_1_0_b64_mb2,26659,14256,9763,1210,1430
22:58:42.246,s30_9_1_0_b64_mb2,27719,14996,9763,1210,1430
22:58:42.748,s30_9_1_0_b64_mb2,27719,15316,9763,1210,1430
22:58:43.250,s30_9_1_0_b64_mb2,27719,15316,9763,1210,1430
22:58:43.752,s30_9_1_0_b64_mb2,27719,15316,9763,1210,1430
22:58:44.254,s30_9_1_0_b64_mb2,27719,15316,9763,1210,1430
22:58:44.755,s30_9_1_0_b64_mb2,27719,15316,9763,1210,1430
22:58:45.257,s30_9_1_0_b64_mb2,27719,15316,9763,1210,1430
22:58:45.759,s30_9_1_0_b64_mb2,27719,15316,9763,1210,1430
22:58:46.261,s30_9_1_0_b64_mb2,28779,16376,9763,1210,1430
22:58:46.763,s30_9_1_0_b64_mb2,28779,16376,9763,1210,1430
22:58:47.264,s30_9_1_0_b64_mb2,28779,16376,9763,1210,1430
22:58:47.766,s30_9_1_0_b64_mb2,28779,16376,9763,1210,1430
22:58:48.268,s30_9_1_0_b64_mb2,28779,16376,9763,1210,1430
22:58:48.770,s30_9_1_0_b64_mb2,28779,16376,9763,1210,1430
22:58:49.272,s30_9_1_0_b64_mb2,28779,16376,9763,1210,1430
22:58:49.774,s30_9_1_0_b64_mb2,29199,16796,9763,1210,1430
22:58:50.276,s30_9_1_0_b64_mb2,29839,17436,9763,1210,1430
22:58:50.777,s30_9_1_0_b64_mb2,29839,17436,9763,1210,1430
22:58:51.279,s30_9_1_0_b64_mb2,29839,17436,9763,1210,1430
22:58:51.781,s30_9_1_0_b64_mb2,29839,17436,9763,1210,1430
22:58:52.283,s30_9_1_0_b64_mb2,29839,17436,9763,1210,1430
22:58:52.784,s30_9_1_0_b64_mb2,29839,17436,9763,1210,1430
22:58:53.286,s30_9_1_0_b64_mb2,29839,17436,9763,1210,1430
22:58:53.788,s30_9_1_0_b64_mb2,30899,18496,9763,1210,1430
22:58:54.290,s30_9_1_0_b64_mb2,30899,18496,9763,1210,1430
22:58:54.792,s30_9_1_0_b64_mb2,30899,18496,9763,1210,1430
22:58:55.293,s30_9_1_0_b64_mb2,30899,18496,9763,1210,1430
22:58:55.795,s30_9_1_0_b64_mb2,30899,18496,9763,1210,1430
22:58:56.297,s30_9_1_0_b64_mb2,30899,18496,9763,1210,1430
22:58:56.799,s30_9_1_0_b64_mb2,30899,18496,9763,1210,1430
22:58:57.301,s30_9_1_0_b64_mb2,30899,18496,9763,1210,1430
22:58:57.803,s30_9_1_0_b64_mb2,31959,19556,9763,1210,1430
22:58:58.305,s30_9_1_0_b64_mb2,31959,19556,9763,1210,1430
22:58:58.806,s30_9_1_0_b64_mb2,31959,19556,9763,1210,1430
22:58:59.308,s30_9_1_0_b64_mb2,31959,19556,9763,1210,1430
22:58:59.810,s30_9_1_0_b64_mb2,31959,19556,9763,1210,1430
22:59:00.312,s30_9_1_0_b64_mb2,31959,19556,9763,1210,1430
22:59:00.815,s30_9_1_0_b64_mb2,31959,19556,9763,1210,1430
22:59:01.317,s30_9_1_0_b64_mb2,32699,20296,9763,1210,1430
22:59:01.819,s30_9_1_0_b64_mb2,33019,20616,9763,1210,1430
22:59:02.321,s30_9_1_0_b64_mb2,33019,20616,9763,1210,1430
22:59:02.822,s30_9_1_0_b64_mb2,33019,20616,9763,1210,1430
22:59:03.324,s30_9_1_0_b64_mb2,33019,20616,9763,1210,1430
22:59:03.826,s30_9_1_0_b64_mb2,33019,20616,9763,1210,1430
22:59:04.328,s30_9_1_0_b64_mb2,33019,20616,9763,1210,1430
22:59:04.830,s30_9_1_0_b64_mb2,33019,20616,9763,1210,1430
22:59:05.332,s30_9_1_0_b64_mb2,34079,21676,9763,1210,1430
22:59:05.834,s30_9_1_0_b64_mb2,34079,21676,9763,1210,1430
22:59:06.336,s30_9_1_0_b64_mb2,34079,21676,9763,1210,1430
22:59:06.838,s30_9_1_0_b64_mb2,34079,21676,9763,1210,1430
22:59:07.340,s30_9_1_0_b64_mb2,34079,21676,9763,1210,1430
22:59:07.841,s30_9_1_0_b64_mb2,34079,21676,9763,1210,1430
22:59:08.343,s30_9_1_0_b64_mb2,34079,21676,9763,1210,1430
22:59:08.845,s30_9_1_0_b64_mb2,34079,21676,9763,1210,1430
22:59:09.347,s30_9_1_0_b64_mb2,35139,22736,9763,1210,1430
22:59:09.849,s30_9_1_0_b64_mb2,35139,22736,9763,1210,1430
22:59:10.351,s30_9_1_0_b64_mb2,35139,22736,9763,1210,1430
22:59:10.852,s30_9_1_0_b64_mb2,35139,22736,9763,1210,1430
22:59:11.354,s30_9_1_0_b64_mb2,35139,22736,9763,1210,1430
22:59:11.856,s30_9_1_0_b64_mb2,35139,22736,9763,1210,1430
22:59:12.358,s30_9_1_0_b64_mb2,35139,22736,9763,1210,1430
22:59:12.860,s30_9_1_0_b64_mb2,36199,23796,9763,1210,1430
22:59:13.362,s30_9_1_0_b64_mb2,36199,23796,9763,1210,1430
22:59:13.864,s30_9_1_0_b64_mb2,36199,23796,9763,1210,1430
22:59:14.365,s30_9_1_0_b64_mb2,36199,23796,9763,1210,1430
22:59:14.867,s30_9_1_0_b64_mb2,36199,23796,9763,1210,1430
22:59:15.369,s30_9_1_0_b64_mb2,36199,23796,9763,1210,1430
22:59:15.871,s30_9_1_0_b64_mb2,36199,23796,9763,1210,1430
22:59:16.373,s30_9_1_0_b64_mb2,36199,23796,9763,1210,1430
22:59:16.875,s30_9_1_0_b64_mb2,37259,24856,9763,1210,1430
22:59:17.377,s30_9_1_0_b64_mb2,37259,24856,9763,1210,1430
22:59:17.878,s30_9_1_0_b64_mb2,37259,24856,9763,1210,1430
22:59:18.380,s30_9_1_0_b64_mb2,37259,24856,9763,1210,1430
22:59:18.882,s30_9_1_0_b64_mb2,37259,24856,9763,1210,1430
22:59:19.384,s30_9_1_0_b64_mb2,37259,24856,9763,1210,1430
22:59:19.886,s30_9_1_0_b64_mb2,37259,24856,9763,1210,1430
22:59:20.388,s30_9_1_0_b64_mb2,37679,25276,9763,1210,1430
22:59:20.889,s30_9_1_0_b64_mb2,38319,25916,9763,1210,1430
22:59:21.391,s30_9_1_0_b64_mb2,38319,25916,9763,1210,1430
22:59:21.893,s30_9_1_0_b64_mb2,38319,25916,9763,1210,1430
22:59:22.395,s30_9_1_0_b64_mb2,38319,25916,9763,1210,1430
22:59:22.897,s30_9_1_0_b64_mb2,38319,25916,9763,1210,1430
22:59:23.399,s30_9_1_0_b64_mb2,38319,25916,9763,1210,1430
22:59:23.901,s30_9_1_0_b64_mb2,38319,25916,9763,1210,1430
22:59:24.403,s30_9_1_0_b64_mb2,39379,26976,9763,1210,1430
22:59:24.904,s30_9_1_0_b64_mb2,39379,26976,9763,1210,1430
22:59:25.406,s30_9_1_0_b64_mb2,39379,26976,9763,1210,1430
22:59:25.908,s30_9_1_0_b64_mb2,39379,26976,9763,1210,1430
22:59:26.410,s30_9_1_0_b64_mb2,39379,26976,9763,1210,1430
22:59:26.912,s30_9_1_0_b64_mb2,39379,26976,9763,1210,1430
22:59:27.415,s30_9_1_0_b64_mb2,39379,26976,9763,1210,1430
22:59:27.917,s30_9_1_0_b64_mb2,39419,27016,9763,1210,1430
22:59:28.418,s30_9_1_0_b64_mb2,40439,28036,9763,1210,1430
22:59:28.920,s30_9_1_0_b64_mb2,40439,28036,9763,1210,1430
22:59:29.422,s30_9_1_0_b64_mb2,40439,28036,9763,1210,1430
22:59:29.924,s30_9_1_0_b64_mb2,40439,28036,9763,1210,1430
22:59:30.426,s30_9_1_0_b64_mb2,40439,28036,9763,1210,1430
22:59:30.928,s30_9_1_0_b64_mb2,40439,28036,9763,1210,1430
22:59:31.430,s30_9_1_0_b64_mb2,40439,28036,9763,1210,1430
22:59:31.932,s30_9_1_0_b64_mb2,41499,29096,9763,1210,1430
22:59:32.434,s30_9_1_0_b64_mb2,41499,29096,9763,1210,1430
22:59:32.936,s30_9_1_0_b64_mb2,41499,29096,9763,1210,1430
22:59:33.438,s30_9_1_0_b64_mb2,41499,29096,9763,1210,1430
22:59:33.940,s30_9_1_0_b64_mb2,41499,29096,9763,1210,1430
22:59:34.442,s30_9_1_0_b64_mb2,41499,29096,9763,1210,1430
22:59:34.944,s30_9_1_0_b64_mb2,41499,29096,9763,1210,1430
22:59:35.446,s30_9_1_0_b64_mb2,41499,29096,9763,1210,1430
22:59:35.948,s30_9_1_0_b64_mb2,42559,30156,9763,1210,1430
22:59:36.450,s30_9_1_0_b64_mb2,42559,30156,9763,1210,1430
22:59:36.952,s30_9_1_0_b64_mb2,42559,30156,9763,1210,1430
22:59:37.453,s30_9_1_0_b64_mb2,42559,30156,9763,1210,1430
22:59:37.955,s30_9_1_0_b64_mb2,42559,30156,9763,1210,1430
22:59:38.457,s30_9_1_0_b64_mb2,42559,30156,9763,1210,1430
22:59:38.959,s30_9_1_0_b64_mb2,42559,30156,9763,1210,1430
22:59:39.461,s30_9_1_0_b64_mb2,43299,30896,9763,1210,1430
22:59:39.963,s30_9_1_0_b64_mb2,43619,31216,9763,1210,1430
22:59:40.465,s30_9_1_0_b64_mb2,43619,31216,9763,1210,1430
22:59:40.967,s30_9_1_0_b64_mb2,43619,31216,9763,1210,1430
22:59:41.469,s30_9_1_0_b64_mb2,43619,31216,9763,1210,1430
22:59:41.970,s30_9_1_0_b64_mb2,43619,31216,9763,1210,1430
22:59:42.472,s30_9_1_0_b64_mb2,43619,31216,9763,1210,1430
22:59:42.974,s30_9_1_0_b64_mb2,44679,32276,9763,1210,1430
22:59:43.476,s30_9_1_0_b64_mb2,44679,32276,9763,1210,1430
22:59:43.978,s30_9_1_0_b64_mb2,44679,32276,9763,1210,1430
22:59:44.480,s30_9_1_0_b64_mb2,44679,32276,9763,1210,1430
22:59:44.982,s30_9_1_0_b64_mb2,44679,32276,9763,1210,1430
22:59:45.483,s30_9_1_0_b64_mb2,44679,32276,9763,1210,1430
22:59:45.985,s30_9_1_0_b64_mb2,44679,32276,9763,1210,1430
22:59:46.487,s30_9_1_0_b64_mb2,44779,32376,9763,1210,1430
22:59:46.989,s30_9_1_0_b64_mb2,45739,33336,9763,1210,1430
22:59:47.491,s30_9_1_0_b64_mb2,45739,33336,9763,1210,1430
22:59:47.993,s30_9_1_0_b64_mb2,45739,33336,9763,1210,1430
22:59:48.495,s30_9_1_0_b64_mb2,45739,33336,9763,1210,1430
22:59:48.997,s30_9_1_0_b64_mb2,45739,33336,9763,1210,1430
22:59:49.499,s30_9_1_0_b64_mb2,45739,33336,9763,1210,1430
22:59:50.001,s30_9_1_0_b64_mb2,45739,33336,9763,1210,1430
22:59:50.503,s30_9_1_0_b64_mb2,45739,33336,9763,1210,1430
22:59:51.005,s30_9_1_0_b64_mb2,45739,33336,9763,1210,1430
22:59:51.507,s30_9_1_0_b64_mb2,45739,33336,9763,1210,1430
22:59:52.009,s30_9_1_0_b64_mb2,45739,33336,9763,1210,1430
22:59:52.511,s30_9_1_0_b64_mb2,45739,33336,9763,1210,1430
22:59:53.013,s30_9_1_0_b64_mb2,45739,33336,9763,1210,1430
22:59:53.515,s30_9_1_0_b64_mb2,45739,33336,9763,1210,1430
22:59:54.017,s30_9_1_0_b64_mb2,45739,33336,9763,1210,1430
22:59:54.519,s30_9_1_0_b64_mb2,45739,33336,9763,1210,1430
22:59:55.021,s30_9_1_0_b64_mb2,45739,33336,9763,1210,1430
22:59:55.523,s30_9_1_0_b64_mb2,45739,33336,9763,1210,1430
22:59:56.025,s30_9_1_0_b64_mb2,45739,33336,9763,1210,1430
22:59:56.527,s30_9_1_0_b64_mb2,45739,33336,9763,1210,1430
22:59:57.029,s30_9_1_0_b64_mb2,45739,33336,9763,1210,1430
22:59:57.530,s30_9_1_0_b64_mb2,45739,33336,9763,1210,1430
22:59:58.033,s30_9_1_0_b64_mb2,45739,33336,9763,1210,1430
22:59:58.535,s30_9_1_0_b64_mb2,45739,33336,9763,1210,1430
22:59:59.037,s30_9_1_0_b64_mb2,45739,33336,9763,1210,1430
22:59:59.539,s30_9_1_0_b64_mb2,45739,33336,9763,1210,1430
23:00:00.041,s30_9_1_0_b64_mb2,45739,33336,9763,1210,1430
23:00:00.543,s30_9_1_0_b64_mb2,45739,33336,9763,1210,1430
23:00:01.045,s30_9_1_0_b64_mb2,45739,33336,9763,1210,1430
23:00:01.547,s30_9_1_0_b64_mb2,45739,33336,9763,1210,1430
23:00:02.048,s30_9_1_0_b64_mb2,45759,33356,9763,1210,1430
23:00:02.550,s30_9_1_0_b64_mb2,45875,33452,9783,1210,1430
23:00:03.052,s30_9_1_0_b64_mb2,45975,33552,9783,1210,1430
23:00:03.554,s30_9_1_0_b64_mb2,46065,33642,9783,1210,1430
23:00:04.056,s30_9_1_0_b64_mb2,46169,33746,9783,1210,1430
23:00:04.557,s30_9_1_0_b64_mb2,46259,33836,9783,1210,1430
23:00:05.059,s30_9_1_0_b64_mb2,46335,33896,9799,1210,1430
23:00:05.561,s30_9_1_0_b64_mb2,46445,33896,9889,1230,1430
23:00:06.063,s30_9_1_0_b64_mb2,46499,33896,9943,1230,1430
23:00:06.565,s30_9_1_0_b64_mb2,46553,33896,9987,1240,1430
23:00:07.066,s30_9_1_0_b64_mb2,46637,33896,9987,1304,1450
23:00:07.568,s30_9_1_0_b64_mb2,46655,33896,9987,1306,1466
23:00:08.070,s30_9_1_0_b64_mb2,46689,33930,9987,1306,1466
23:00:08.572,s30_9_1_0_b64_mb2,46735,33976,9987,1306,1466
23:00:09.074,s30_9_1_0_b64_mb2,46781,34022,9987,1306,1466
23:00:09.575,s30_9_1_0_b64_mb2,46807,34030,10005,1306,1466
23:00:10.077,s30_9_1_0_b64_mb2,46827,34030,10025,1306,1466
23:00:10.579,s30_9_1_0_b64_mb2,46829,34030,10025,1308,1466
23:00:11.081,s30_9_1_0_b64_mb2,46829,34030,10025,1308,1466
23:00:11.583,s30_9_1_0_b64_mb2,46829,34030,10025,1308,1466
23:00:12.084,s30_9_1_0_b64_mb2,46829,34030,10025,1308,1466
23:00:12.586,s30_9_1_0_b64_mb2,46829,34030,10025,1308,1466
23:00:13.088,s30_9_1_0_b64_mb2,46829,34030,10025,1308,1466
23:00:13.590,s30_9_1_0_b64_mb2,46829,34030,10025,1308,1466
23:00:14.091,s30_9_1_0_b64_mb2,46829,34030,10025,1308,1466
23:00:14.593,s30_9_1_0_b64_mb2,46829,34030,10025,1308,1466
23:00:15.095,s30_9_1_0_b64_mb2,46829,34030,10025,1308,1466
23:00:15.597,s30_9_1_0_b64_mb2,46829,34030,10025,1308,1466
23:00:16.099,s30_9_1_0_b64_mb2,46829,34030,10025,1308,1466
23:00:16.600,s30_9_1_0_b64_mb2,46829,34030,10025,1308,1466
23:00:17.102,s30_9_1_0_b64_mb2,46829,34030,10025,1308,1466
23:00:17.604,s30_9_1_0_b64_mb2,46829,34030,10025,1308,1466
23:00:18.106,s30_9_1_0_b64_mb2,46829,34030,10025,1308,1466
23:00:18.608,s30_9_1_0_b64_mb2,46829,34030,10025,1308,1466
23:00:19.110,s30_9_1_0_b64_mb2,46829,34030,10025,1308,1466
23:00:19.612,s30_9_1_0_b64_mb2,46829,34030,10025,1308,1466
23:00:20.113,s30_9_1_0_b64_mb2,46829,34030,10025,1308,1466
23:00:20.615,s30_9_1_0_b64_mb2,46829,34030,10025,1308,1466
23:00:21.117,s30_9_1_0_b64_mb2,46829,34030,10025,1308,1466
23:00:21.619,s30_9_1_0_b64_mb2,46829,34030,10025,1308,1466
23:00:22.121,s30_9_1_0_b64_mb2,46829,34030,10025,1308,1466
23:00:22.622,s30_9_1_0_b64_mb2,46829,34030,10025,1308,1466
23:00:23.124,s30_9_1_0_b64_mb2,46829,34030,10025,1308,1466
23:00:23.626,s30_9_1_0_b64_mb2,46829,34030,10025,1308,1466
23:00:24.128,s30_9_1_0_b64_mb2,46829,34030,10025,1308,1466
23:00:24.630,s30_9_1_0_b64_mb2,46829,34030,10025,1308,1466
23:00:25.132,s30_9_1_0_b64_mb2,46829,34030,10025,1308,1466
23:00:25.634,s30_9_1_0_b64_mb2,46829,34030,10025,1308,1466
23:00:26.135,s30_9_1_0_b64_mb2,46829,34030,10025,1308,1466
23:00:26.637,s30_9_1_0_b64_mb2,46829,34030,10025,1308,1466
23:00:27.139,s30_9_1_0_b64_mb2,46829,34030,10025,1308,1466
23:00:27.641,s30_9_1_0_b64_mb2,46829,34030,10025,1308,1466
23:00:28.143,s30_9_1_0_b64_mb2,46829,34030,10025,1308,1466
23:00:28.644,s30_9_1_0_b64_mb2,46829,34030,10025,1308,1466
23:00:29.146,s30_9_1_0_b64_mb2,46829,34030,10025,1308,1466
23:00:29.648,s30_9_1_0_b64_mb2,46829,34030,10025,1308,1466
23:00:30.150,s30_9_1_0_b64_mb2,46829,34030,10025,1308,1466
23:00:30.652,s30_9_1_0_b64_mb2,46829,34030,10025,1308,1466
23:00:31.153,s30_9_1_0_b64_mb2,46829,34030,10025,1308,1466
23:00:31.655,s30_9_1_0_b64_mb2,46829,34030,10025,1308,1466
23:00:32.157,s30_9_1_0_b64_mb2,46829,34030,10025,1308,1466
23:00:32.659,s30_9_1_0_b64_mb2,46829,34030,10025,1308,1466
23:00:33.161,s30_9_1_0_b64_mb2,46833,34034,10025,1308,1466
23:00:33.663,s30_9_1_0_b64_mb2,46853,34054,10025,1308,1466
23:00:34.164,s30_9_1_0_b64_mb2,46857,34054,10029,1308,1466
23:00:34.666,s30_9_1_0_b64_mb2,46861,34054,10033,1308,1466
23:00:35.168,s30_9_1_0_b64_mb2,46861,34054,10033,1308,1466
23:00:35.670,s30_9_1_0_b64_mb2,46861,34054,10033,1308,1466
23:00:36.172,s30_9_1_0_b64_mb2,46861,34054,10033,1308,1466
23:00:36.674,s30_9_1_0_b64_mb2,46861,34054,10033,1308,1466
23:00:37.176,s30_9_1_0_b64_mb2,46861,34054,10033,1308,1466
23:00:37.677,s30_9_1_0_b64_mb2,46861,34054,10033,1308,1466
23:00:38.179,s30_9_1_0_b64_mb2,46861,34054,10033,1308,1466
23:00:38.681,s30_9_1_0_b64_mb2,46861,34054,10033,1308,1466
23:00:39.183,s30_9_1_0_b64_mb2,46861,34054,10033,1308,1466
23:00:39.685,s30_9_1_0_b64_mb2,46861,34054,10033,1308,1466
23:00:40.186,s30_9_1_0_b64_mb2,46861,34054,10033,1308,1466
23:00:40.688,s30_9_1_0_b64_mb2,46861,34054,10033,1308,1466
23:00:41.190,s30_9_1_0_b64_mb2,46861,34054,10033,1308,1466
23:00:41.692,s30_9_1_0_b64_mb2,46861,34054,10033,1308,1466
23:00:42.194,s30_9_1_0_b64_mb2,46861,34054,10033,1308,1466
23:00:42.696,s30_9_1_0_b64_mb2,46861,34054,10033,1308,1466
23:00:43.198,s30_9_1_0_b64_mb2,46861,34054,10033,1308,1466
23:00:43.700,s30_9_1_0_b64_mb2,46861,34054,10033,1308,1466
23:00:44.201,s30_9_1_0_b64_mb2,46861,34054,10033,1308,1466
23:00:44.703,s30_9_1_0_b64_mb2,46861,34054,10033,1308,1466
23:00:45.205,s30_9_1_0_b64_mb2,46861,34054,10033,1308,1466
23:00:45.707,s30_9_1_0_b64_mb2,46861,34054,10033,1308,1466
23:00:46.209,s30_9_1_0_b64_mb2,46861,34054,10033,1308,1466
23:00:46.710,s30_9_1_0_b64_mb2,46861,34054,10033,1308,1466
23:00:47.212,s30_9_1_0_b64_mb2,46861,34054,10033,1308,1466
23:00:47.714,s30_9_1_0_b64_mb2,46861,34054,10033,1308,1466
23:00:48.216,s30_9_1_0_b64_mb2,46861,34054,10033,1308,1466
23:00:48.718,s30_9_1_0_b64_mb2,46861,34054,10033,1308,1466
23:00:49.220,s30_9_1_0_b64_mb2,46861,34054,10033,1308,1466
23:00:49.721,s30_9_1_0_b64_mb2,46861,34054,10033,1308,1466
23:00:50.223,s30_9_1_0_b64_mb2,46861,34054,10033,1308,1466
23:00:50.725,s30_9_1_0_b64_mb2,46861,34054,10033,1308,1466
23:00:51.227,s30_9_1_0_b64_mb2,46861,34054,10033,1308,1466
23:00:51.729,s30_9_1_0_b64_mb2,46861,34054,10033,1308,1466
23:00:52.230,s30_9_1_0_b64_mb2,46861,34054,10033,1308,1466
23:00:52.732,s30_9_1_0_b64_mb2,46861,34054,10033,1308,1466
23:00:53.234,s30_9_1_0_b64_mb2,46861,34054,10033,1308,1466
23:00:53.736,s30_9_1_0_b64_mb2,46861,34054,10033,1308,1466
23:00:54.238,s30_9_1_0_b64_mb2,46861,34054,10033,1308,1466
23:00:54.740,s30_9_1_0_b64_mb2,46861,34054,10033,1308,1466
23:00:55.241,s30_9_1_0_b64_mb2,46861,34054,10033,1308,1466
23:00:55.743,s30_9_1_0_b64_mb2,46861,34054,10033,1308,1466
23:00:56.245,s30_9_1_0_b64_mb2,46861,34054,10033,1308,1466
23:00:56.747,s30_9_1_0_b64_mb2,46861,34054,10033,1308,1466
23:00:57.249,s30_9_1_0_b64_mb2,46861,34054,10033,1308,1466
23:00:57.750,s30_9_1_0_b64_mb2,46861,34054,10033,1308,1466
23:00:58.252,s30_9_1_0_b64_mb2,46861,34054,10033,1308,1466
23:00:58.754,s30_9_1_0_b64_mb2,46861,34054,10033,1308,1466
23:00:59.256,s30_9_1_0_b64_mb2,46861,34054,10033,1308,1466
23:00:59.758,s30_9_1_0_b64_mb2,46861,34054,10033,1308,1466
23:01:00.259,s30_9_1_0_b64_mb2,46861,34054,10033,1308,1466
23:01:00.761,s30_9_1_0_b64_mb2,46861,34054,10033,1308,1466
23:01:01.263,s30_9_1_0_b64_mb2,46861,34054,10033,1308,1466
23:01:01.765,s30_9_1_0_b64_mb2,46861,34054,10033,1308,1466
23:01:02.267,s30_9_1_0_b64_mb2,46861,34054,10033,1308,1466
23:01:02.768,s30_9_1_0_b64_mb2,46861,34054,10033,1308,1466
23:01:03.270,s30_9_1_0_b64_mb2,46861,34054,10033,1308,1466
23:01:03.772,s30_9_1_0_b64_mb2,46861,34054,10033,1308,1466
23:01:04.274,s30_9_1_0_b64_mb2,46861,34054,10033,1308,1466
23:01:04.776,s30_9_1_0_b64_mb2,46891,34084,10033,1308,1466
23:01:05.277,s30_9_1_0_b64_mb2,46935,34128,10033,1308,1466
23:01:05.779,s30_9_1_0_b64_mb2,46977,34170,10033,1308,1466
23:01:06.281,s30_9_1_0_b64_mb2,47003,34180,10051,1308,1466
23:01:06.783,s30_9_1_0_b64_mb2,47025,34180,10069,1310,1466
23:01:07.285,s30_9_1_0_b64_mb2,47029,34182,10069,1312,1466
23:01:07.786,s30_9_1_0_b64_mb2,47029,34182,10069,1312,1466
23:01:08.288,s30_9_1_0_b64_mb2,47029,34182,10069,1312,1466
23:01:08.790,s30_9_1_0_b64_mb2,47031,34182,10071,1312,1466
23:01:09.292,s30_9_1_0_b64_mb2,47031,34182,10071,1312,1466
23:01:09.794,s30_9_1_0_b64_mb2,47033,34182,10071,1314,1466
23:01:10.295,s30_9_1_0_b64_mb2,47033,34182,10071,1314,1466
23:01:10.797,s30_9_1_0_b64_mb2,47033,34182,10071,1314,1466
23:01:11.299,s30_9_1_0_b64_mb2,47033,34182,10071,1314,1466
23:01:11.801,s30_9_1_0_b64_mb2,47033,34182,10071,1314,1466
23:01:12.302,s30_9_1_0_b64_mb2,47033,34182,10071,1314,1466
23:01:12.804,s30_9_1_0_b64_mb2,47033,34182,10071,1314,1466
23:01:13.306,s30_9_1_0_b64_mb2,47033,34182,10071,1314,1466
23:01:13.808,s30_9_1_0_b64_mb2,47033,34182,10071,1314,1466
23:01:14.310,s30_9_1_0_b64_mb2,47033,34182,10071,1314,1466
23:01:14.812,s30_9_1_0_b64_mb2,47033,34182,10071,1314,1466
23:01:15.313,s30_9_1_0_b64_mb2,47033,34182,10071,1314,1466
23:01:15.815,s30_9_1_0_b64_mb2,47033,34182,10071,1314,1466
23:01:16.317,s30_9_1_0_b64_mb2,47033,34182,10071,1314,1466
23:01:16.819,s30_9_1_0_b64_mb2,47033,34182,10071,1314,1466
23:01:17.321,s30_9_1_0_b64_mb2,47033,34182,10071,1314,1466
23:01:17.823,s30_9_1_0_b64_mb2,47033,34182,10071,1314,1466
23:01:18.324,s30_9_1_0_b64_mb2,47033,34182,10071,1314,1466
23:01:18.826,s30_9_1_0_b64_mb2,47033,34182,10071,1314,1466
23:01:19.328,s30_9_1_0_b64_mb2,47033,34182,10071,1314,1466
23:01:19.830,s30_9_1_0_b64_mb2,47033,34182,10071,1314,1466
23:01:20.332,s30_9_1_0_b64_mb2,47033,34182,10071,1314,1466
23:01:20.833,s30_9_1_0_b64_mb2,47033,34182,10071,1314,1466
23:01:21.335,s30_9_1_0_b64_mb2,47033,34182,10071,1314,1466
23:01:21.837,s30_9_1_0_b64_mb2,47033,34182,10071,1314,1466
23:01:22.339,s30_9_1_0_b64_mb2,47033,34182,10071,1314,1466
23:01:22.841,s30_9_1_0_b64_mb2,47033,34182,10071,1314,1466
23:01:23.343,s30_9_1_0_b64_mb2,47033,34182,10071,1314,1466
23:01:23.844,s30_9_1_0_b64_mb2,47033,34182,10071,1314,1466
23:01:24.346,s30_9_1_0_b64_mb2,47033,34182,10071,1314,1466
23:01:24.848,s30_9_1_0_b64_mb2,47033,34182,10071,1314,1466
23:01:25.350,s30_9_1_0_b64_mb2,47033,34182,10071,1314,1466
23:01:25.851,s30_9_1_0_b64_mb2,47033,34182,10071,1314,1466
23:01:26.353,s30_9_1_0_b64_mb2,47033,34182,10071,1314,1466
23:01:26.855,s30_9_1_0_b64_mb2,47033,34182,10071,1314,1466
23:01:27.357,s30_9_1_0_b64_mb2,47033,34182,10071,1314,1466
23:01:27.859,s30_9_1_0_b64_mb2,47033,34182,10071,1314,1466
23:01:28.360,s30_9_1_0_b64_mb2,47033,34182,10071,1314,1466
23:01:28.862,s30_9_1_0_b64_mb2,47033,34182,10071,1314,1466
23:01:29.364,s30_9_1_0_b64_mb2,47033,34182,10071,1314,1466
23:01:29.866,s30_9_1_0_b64_mb2,47033,34182,10071,1314,1466
23:01:30.368,s30_9_1_0_b64_mb2,47033,34182,10071,1314,1466
23:01:30.870,s30_9_1_0_b64_mb2,47033,34182,10071,1314,1466
23:01:31.371,s30_9_1_0_b64_mb2,47033,34182,10071,1314,1466
23:01:31.873,s30_9_1_0_b64_mb2,47033,34182,10071,1314,1466
23:01:32.375,s30_9_1_0_b64_mb2,47033,34182,10071,1314,1466
23:01:32.877,s30_9_1_0_b64_mb2,47033,34182,10071,1314,1466
23:01:33.379,s30_9_1_0_b64_mb2,47033,34182,10071,1314,1466
23:01:33.881,s30_9_1_0_b64_mb2,47033,34182,10071,1314,1466
23:01:34.382,s30_9_1_0_b64_mb2,47033,34182,10071,1314,1466
23:01:34.884,s30_9_1_0_b64_mb2,47033,34182,10071,1314,1466
23:01:35.386,s30_9_1_0_b64_mb2,47033,34182,10071,1314,1466
23:01:35.888,s30_9_1_0_b64_mb2,47033,34182,10071,1314,1466
23:01:36.390,s30_9_1_0_b64_mb2,47033,34182,10071,1314,1466
23:01:36.892,s30_9_1_0_b64_mb2,47033,34182,10071,1314,1466
23:01:37.393,s30_9_1_0_b64_mb2,47033,34182,10071,1314,1466
23:01:37.895,s30_9_1_0_b64_mb2,47033,34182,10071,1314,1466
23:01:38.397,s30_9_1_0_b64_mb2,47033,34182,10071,1314,1466
23:01:38.899,s30_9_1_0_b64_mb2,47033,34182,10071,1314,1466
23:01:39.401,s30_9_1_0_b64_mb2,47033,34182,10071,1314,1466
23:01:39.903,s30_9_1_0_b64_mb2,47033,34182,10071,1314,1466
23:01:40.404,s30_9_1_0_b64_mb2,47033,34182,10071,1314,1466
23:01:40.906,s30_9_1_0_b64_mb2,47033,34182,10071,1314,1466
23:01:41.408,s30_9_1_0_b64_mb2,47033,34182,10071,1314,1466
23:01:41.910,s30_9_1_0_b64_mb2,47033,34182,10071,1314,1466
23:01:42.412,s30_9_1_0_b64_mb2,47033,34182,10071,1314,1466
23:01:42.914,s30_9_1_0_b64_mb2,47033,34182,10071,1314,1466
23:01:43.415,s30_9_1_0_b64_mb2,47033,34182,10071,1314,1466
23:01:43.917,s30_9_1_0_b64_mb2,47033,34182,10071,1314,1466
23:01:44.419,s30_9_1_0_b64_mb2,47033,34182,10071,1314,1466
23:01:44.921,s30_9_1_0_b64_mb2,47033,34182,10071,1314,1466
23:01:45.423,s30_9_1_0_b64_mb2,47033,34182,10071,1314,1466
23:01:45.925,s30_9_1_0_b64_mb2,47033,34182,10071,1314,1466
23:01:46.426,s30_9_1_0_b64_mb2,47033,34182,10071,1314,1466
23:01:46.928,s30_9_1_0_b64_mb2,47033,34182,10071,1314,1466
23:01:47.430,s30_9_1_0_b64_mb2,47033,34182,10071,1314,1466
23:01:47.932,s30_9_1_0_b64_mb2,47033,34182,10071,1314,1466
23:01:48.434,s30_9_1_0_b64_mb2,47033,34182,10071,1314,1466
23:01:48.936,s30_9_1_0_b64_mb2,47033,34182,10071,1314,1466
23:01:49.438,s30_9_1_0_b64_mb2,47033,34182,10071,1314,1466
23:01:49.939,s30_9_1_0_b64_mb2,47033,34182,10071,1314,1466
23:01:50.441,s30_9_1_0_b64_mb2,47059,34202,10071,1314,1466
23:01:50.943,s30_9_1_0_b64_mb2,47123,34268,10071,1314,1466
23:01:51.445,s30_9_1_0_b64_mb2,47187,34332,10071,1314,1466
23:01:51.947,s30_9_1_0_b64_mb2,47239,34372,10087,1314,1466
23:01:52.448,s30_9_1_0_b64_mb2,47275,34372,10123,1314,1466
23:01:52.950,s30_9_1_0_b64_mb2,47285,34372,10129,1318,1466
23:01:53.452,s30_9_1_0_b64_mb2,47285,34372,10129,1318,1466
23:01:53.954,s30_9_1_0_b64_mb2,47285,34372,10129,1318,1466
23:01:54.456,s30_9_1_0_b64_mb2,47285,34372,10129,1318,1466
23:01:54.958,s30_9_1_0_b64_mb2,47285,34372,10129,1318,1466
23:01:55.459,s30_9_1_0_b64_mb2,47287,34372,10129,1320,1466
23:01:55.961,s30_9_1_0_b64_mb2,47287,34372,10129,1320,1466
23:01:56.463,s30_9_1_0_b64_mb2,47287,34372,10129,1320,1466
23:01:56.965,s30_9_1_0_b64_mb2,47287,34372,10129,1320,1466
23:01:57.467,s30_9_1_0_b64_mb2,47287,34372,10129,1320,1466
23:01:57.968,s30_9_1_0_b64_mb2,47287,34372,10129,1320,1466
23:01:58.470,s30_9_1_0_b64_mb2,47287,34372,10129,1320,1466
23:01:58.972,s30_9_1_0_b64_mb2,47287,34372,10129,1320,1466
23:01:59.474,s30_9_1_0_b64_mb2,47287,34372,10129,1320,1466
23:01:59.976,s30_9_1_0_b64_mb2,47287,34372,10129,1320,1466
23:02:00.478,s30_9_1_0_b64_mb2,47287,34372,10129,1320,1466
23:02:00.980,s30_9_1_0_b64_mb2,47287,34372,10129,1320,1466
23:02:01.481,s30_9_1_0_b64_mb2,47287,34372,10129,1320,1466
23:02:01.983,s30_9_1_0_b64_mb2,47287,34372,10129,1320,1466
23:02:02.485,s30_9_1_0_b64_mb2,47287,34372,10129,1320,1466
23:02:02.987,s30_9_1_0_b64_mb2,47287,34372,10129,1320,1466
23:02:03.489,s30_9_1_0_b64_mb2,47287,34372,10129,1320,1466
23:02:03.991,s30_9_1_0_b64_mb2,47287,34372,10129,1320,1466
23:02:04.493,s30_9_1_0_b64_mb2,47287,34372,10129,1320,1466
23:02:04.994,s30_9_1_0_b64_mb2,47287,34372,10129,1320,1466
23:02:05.496,s30_9_1_0_b64_mb2,47287,34372,10129,1320,1466
23:02:05.998,s30_9_1_0_b64_mb2,47287,34372,10129,1320,1466
23:02:06.500,s30_9_1_0_b64_mb2,47287,34372,10129,1320,1466
23:02:07.002,s30_9_1_0_b64_mb2,47287,34372,10129,1320,1466
23:02:07.503,s30_9_1_0_b64_mb2,47287,34372,10129,1320,1466
23:02:08.005,s30_9_1_0_b64_mb2,47287,34372,10129,1320,1466
23:02:08.507,s30_9_1_0_b64_mb2,47287,34372,10129,1320,1466
23:02:09.009,s30_9_1_0_b64_mb2,47287,34372,10129,1320,1466
23:02:09.510,s30_9_1_0_b64_mb2,47287,34372,10129,1320,1466
23:02:10.012,s30_9_1_0_b64_mb2,47287,34372,10129,1320,1466
23:02:10.514,s30_9_1_0_b64_mb2,47287,34372,10129,1320,1466
23:02:11.016,s30_9_1_0_b64_mb2,47287,34372,10129,1320,1466
23:02:11.518,s30_9_1_0_b64_mb2,47287,34372,10129,1320,1466
23:02:12.020,s30_9_1_0_b64_mb2,47287,34372,10129,1320,1466
23:02:12.521,s30_9_1_0_b64_mb2,47287,34372,10129,1320,1466
23:02:13.023,s30_9_1_0_b64_mb2,47287,34372,10129,1320,1466
23:02:13.525,s30_9_1_0_b64_mb2,47287,34372,10129,1320,1466
23:02:14.027,s30_9_1_0_b64_mb2,47287,34372,10129,1320,1466
23:02:14.529,s30_9_1_0_b64_mb2,47287,34372,10129,1320,1466
23:02:15.030,s30_9_1_0_b64_mb2,47287,34372,10129,1320,1466
23:02:15.532,s30_9_1_0_b64_mb2,47287,34372,10129,1320,1466
23:02:16.034,s30_9_1_0_b64_mb2,47287,34372,10129,1320,1466
23:02:16.536,s30_9_1_0_b64_mb2,47287,34372,10129,1320,1466
23:02:17.038,s30_9_1_0_b64_mb2,47287,34372,10129,1320,1466
23:02:17.540,s30_9_1_0_b64_mb2,47287,34372,10129,1320,1466
23:02:18.041,s30_9_1_0_b64_mb2,47287,34372,10129,1320,1466
23:02:18.543,s30_9_1_0_b64_mb2,47287,34372,10129,1320,1466
23:02:19.045,s30_9_1_0_b64_mb2,47287,34372,10129,1320,1466
23:02:19.547,s30_9_1_0_b64_mb2,47287,34372,10129,1320,1466
23:02:20.049,s30_9_1_0_b64_mb2,47287,34372,10129,1320,1466
23:02:20.550,s30_9_1_0_b64_mb2,47287,34372,10129,1320,1466
23:02:21.052,s30_9_1_0_b64_mb2,47287,34372,10129,1320,1466
23:02:21.554,s30_9_1_0_b64_mb2,47287,34372,10129,1320,1466
23:02:22.056,s30_9_1_0_b64_mb2,47287,34372,10129,1320,1466
23:02:22.558,s30_9_1_0_b64_mb2,47287,34372,10129,1320,1466
23:02:23.060,s30_9_1_0_b64_mb2,47287,34372,10129,1320,1466
23:02:23.561,s30_9_1_0_b64_mb2,47287,34372,10129,1320,1466
23:02:24.063,s30_9_1_0_b64_mb2,47287,34372,10129,1320,1466
23:02:24.565,s30_9_1_0_b64_mb2,47287,34372,10129,1320,1466
23:02:25.067,s30_9_1_0_b64_mb2,47287,34372,10129,1320,1466
23:02:25.569,s30_9_1_0_b64_mb2,47287,34372,10129,1320,1466
23:02:26.071,s30_9_1_0_b64_mb2,47287,34372,10129,1320,1466
23:02:26.573,s30_9_1_0_b64_mb2,47287,34372,10129,1320,1466
23:02:27.075,s30_9_1_0_b64_mb2,47287,34372,10129,1320,1466
23:02:27.576,s30_9_1_0_b64_mb2,47287,34372,10129,1320,1466
23:02:28.078,s30_9_1_0_b64_mb2,47287,34372,10129,1320,1466
23:02:28.580,s30_9_1_0_b64_mb2,47287,34372,10129,1320,1466
23:02:29.082,s30_9_1_0_b64_mb2,47287,34372,10129,1320,1466
23:02:29.584,s30_9_1_0_b64_mb2,47287,34372,10129,1320,1466
23:02:30.085,s30_9_1_0_b64_mb2,47287,34372,10129,1320,1466
23:02:30.587,s30_9_1_0_b64_mb2,47287,34372,10129,1320,1466
23:02:31.089,s30_9_1_0_b64_mb2,47287,34372,10129,1320,1466
23:02:31.591,s30_9_1_0_b64_mb2,47287,34372,10129,1320,1466
23:02:32.093,s30_9_1_0_b64_mb2,47287,34372,10129,1320,1466
23:02:32.594,s30_9_1_0_b64_mb2,47287,34372,10129,1320,1466
23:02:33.096,s30_9_1_0_b64_mb2,47287,34372,10129,1320,1466
23:02:33.598,s30_9_1_0_b64_mb2,47287,34372,10129,1320,1466
23:02:34.100,s30_9_1_0_b64_mb2,47287,34372,10129,1320,1466
23:02:34.602,s30_9_1_0_b64_mb2,47287,34372,10129,1320,1466
23:02:35.104,s30_9_1_0_b64_mb2,47287,34372,10129,1320,1466
23:02:35.605,s30_9_1_0_b64_mb2,47287,34372,10129,1320,1466
23:02:36.107,s30_9_1_0_b64_mb2,47287,34372,10129,1320,1466
23:02:36.609,s30_9_1_0_b64_mb2,47287,34372,10129,1320,1466
23:02:37.111,s30_9_1_0_b64_mb2,47287,34372,10129,1320,1466
23:02:37.613,s30_9_1_0_b64_mb2,47287,34372,10129,1320,1466
23:02:38.115,s30_9_1_0_b64_mb2,47287,34372,10129,1320,1466
23:02:38.617,s30_9_1_0_b64_mb2,47287,34372,10129,1320,1466
23:02:39.119,s30_9_1_0_b64_mb2,47287,34372,10129,1320,1466
23:02:39.621,s30_9_1_0_b64_mb2,47287,34372,10129,1320,1466
23:02:40.122,s30_9_1_0_b64_mb2,47287,34372,10129,1320,1466
23:02:40.624,s30_9_1_0_b64_mb2,47287,34372,10129,1320,1466
23:02:41.126,s30_9_1_0_b64_mb2,47287,34372,10129,1320,1466
23:02:41.628,s30_9_1_0_b64_mb2,47287,34372,10129,1320,1466
23:02:42.130,s30_9_1_0_b64_mb2,47287,34372,10129,1320,1466
23:02:42.632,s30_9_1_0_b64_mb2,47287,34372,10129,1320,1466
23:02:43.134,s30_9_1_0_b64_mb2,47287,34372,10129,1320,1466
23:02:43.635,s30_9_1_0_b64_mb2,47287,34372,10129,1320,1466
23:02:44.137,s30_9_1_0_b64_mb2,47287,34372,10129,1320,1466
23:02:44.639,s30_9_1_0_b64_mb2,47287,34372,10129,1320,1466
23:02:45.141,s30_9_1_0_b64_mb2,47287,34372,10129,1320,1466
23:02:45.643,s30_9_1_0_b64_mb2,47287,34372,10129,1320,1466
23:02:46.144,s30_9_1_0_b64_mb2,47287,34372,10129,1320,1466
23:02:46.646,s30_9_1_0_b64_mb2,47287,34372,10129,1320,1466
23:02:47.148,s30_9_1_0_b64_mb2,47287,34372,10129,1320,1466
23:02:47.650,s30_9_1_0_b64_mb2,47287,34372,10129,1320,1466
23:02:48.152,s30_9_1_0_b64_mb2,47287,34372,10129,1320,1466
23:02:48.653,s30_9_1_0_b64_mb2,47287,34372,10129,1320,1466
23:02:49.155,s30_9_1_0_b64_mb2,47287,34372,10129,1320,1466
23:02:49.657,s30_9_1_0_b64_mb2,47287,34372,10129,1320,1466
23:02:50.159,s30_9_1_0_b64_mb2,47287,34372,10129,1320,1466
23:02:50.661,s30_9_1_0_b64_mb2,47287,34372,10129,1320,1466
23:02:51.163,s30_9_1_0_b64_mb2,47287,34372,10129,1320,1466
23:02:51.665,s30_9_1_0_b64_mb2,47287,34372,10129,1320,1466
23:02:52.167,s30_9_1_0_b64_mb2,47287,34372,10129,1320,1466
23:02:52.668,s30_9_1_0_b64_mb2,47287,34372,10129,1320,1466
23:02:53.170,s30_9_1_0_b64_mb2,47287,34372,10129,1320,1466
23:02:53.672,s30_9_1_0_b64_mb2,47287,34372,10129,1320,1466
23:02:54.174,s30_9_1_0_b64_mb2,47287,34372,10129,1320,1466
23:02:54.676,s30_9_1_0_b64_mb2,47287,34372,10129,1320,1466
23:02:55.177,s30_9_1_0_b64_mb2,47287,34372,10129,1320,1466
23:02:55.679,s30_9_1_0_b64_mb2,47287,34372,10129,1320,1466
23:02:56.181,s30_9_1_0_b64_mb2,47287,34372,10129,1320,1466
23:02:56.683,s30_9_1_0_b64_mb2,47287,34372,10129,1320,1466
23:02:57.185,s30_9_1_0_b64_mb2,47287,34372,10129,1320,1466
23:02:57.687,s30_9_1_0_b64_mb2,47287,34372,10129,1320,1466
23:02:58.189,s30_9_1_0_b64_mb2,47287,34372,10129,1320,1466
23:02:58.690,s30_9_1_0_b64_mb2,47287,34372,10129,1320,1466
23:02:59.192,s30_9_1_0_b64_mb2,47287,34372,10129,1320,1466
23:02:59.694,s30_9_1_0_b64_mb2,47287,34372,10129,1320,1466
23:03:00.196,s30_9_1_0_b64_mb2,47331,34404,10129,1320,1466
23:03:00.698,s30_9_1_0_b64_mb2,47433,34516,10129,1320,1466
23:03:01.200,s30_9_1_0_b64_mb2,47541,34614,10129,1320,1466
23:03:01.702,s30_9_1_0_b64_mb2,47631,34694,10157,1320,1466
23:03:02.204,s30_9_1_0_b64_mb2,47691,34694,10217,1320,1466
23:03:02.705,s30_9_1_0_b64_mb2,47713,34694,10225,1328,1466
23:03:03.207,s30_9_1_0_b64_mb2,47715,34696,10225,1328,1466
23:03:03.709,s30_9_1_0_b64_mb2,47715,34696,10225,1328,1466
23:03:04.211,s30_9_1_0_b64_mb2,47715,34696,10227,1328,1466
23:03:04.713,s30_9_1_0_b64_mb2,47717,34696,10227,1328,1466
23:03:05.215,s30_9_1_0_b64_mb2,47719,34696,10227,1330,1466
23:03:05.716,s30_9_1_0_b64_mb2,47719,34696,10227,1330,1466
23:03:06.218,s30_9_1_0_b64_mb2,47719,34696,10227,1330,1466
23:03:06.720,s30_9_1_0_b64_mb2,47719,34696,10227,1330,1466
23:03:07.222,s30_9_1_0_b64_mb2,47719,34696,10227,1330,1466
23:03:07.724,s30_9_1_0_b64_mb2,47719,34696,10227,1330,1466
23:03:08.226,s30_9_1_0_b64_mb2,47719,34696,10227,1330,1466
23:03:08.727,s30_9_1_0_b64_mb2,47719,34696,10227,1330,1466
23:03:09.229,s30_9_1_0_b64_mb2,47719,34696,10227,1330,1466
23:03:09.731,s30_9_1_0_b64_mb2,47719,34696,10227,1330,1466
23:03:10.233,s30_9_1_0_b64_mb2,47719,34696,10227,1330,1466
23:03:10.735,s30_9_1_0_b64_mb2,47719,34696,10227,1330,1466
23:03:11.237,s30_9_1_0_b64_mb2,47719,34696,10227,1330,1466
23:03:11.738,s30_9_1_0_b64_mb2,47719,34696,10227,1330,1466
23:03:12.240,s30_9_1_0_b64_mb2,47719,34696,10227,1330,1466
23:03:12.742,s30_9_1_0_b64_mb2,47719,34696,10227,1330,1466
23:03:13.244,s30_9_1_0_b64_mb2,47719,34696,10227,1330,1466
23:03:13.746,s30_9_1_0_b64_mb2,47719,34696,10227,1330,1466
23:03:14.248,s30_9_1_0_b64_mb2,47719,34696,10227,1330,1466
23:03:14.750,s30_9_1_0_b64_mb2,47719,34696,10227,1330,1466
23:03:15.252,s30_9_1_0_b64_mb2,47719,34696,10227,1330,1466
23:03:15.753,s30_9_1_0_b64_mb2,47719,34696,10227,1330,1466
23:03:16.255,s30_9_1_0_b64_mb2,47719,34696,10227,1330,1466
23:03:16.757,s30_9_1_0_b64_mb2,47719,34696,10227,1330,1466
23:03:17.259,s30_9_1_0_b64_mb2,47719,34696,10227,1330,1466
23:03:17.761,s30_9_1_0_b64_mb2,47719,34696,10227,1330,1466
23:03:18.263,s30_9_1_0_b64_mb2,47719,34696,10227,1330,1466
23:03:18.764,s30_9_1_0_b64_mb2,47719,34696,10227,1330,1466
23:03:19.266,s30_9_1_0_b64_mb2,47719,34696,10227,1330,1466
23:03:19.768,s30_9_1_0_b64_mb2,47719,34696,10227,1330,1466
23:03:20.270,s30_9_1_0_b64_mb2,47719,34696,10227,1330,1466
23:03:20.772,s30_9_1_0_b64_mb2,47719,34696,10227,1330,1466
23:03:21.274,s30_9_1_0_b64_mb2,47719,34696,10227,1330,1466
23:03:21.776,s30_9_1_0_b64_mb2,47719,34696,10227,1330,1466
23:03:22.278,s30_9_1_0_b64_mb2,47719,34696,10227,1330,1466
23:03:22.779,s30_9_1_0_b64_mb2,47719,34696,10227,1330,1466
23:03:23.281,s30_9_1_0_b64_mb2,47719,34696,10227,1330,1466
23:03:23.783,s30_9_1_0_b64_mb2,47719,34696,10227,1330,1466
23:03:24.285,s30_9_1_0_b64_mb2,47719,34696,10227,1330,1466
23:03:24.787,s30_9_1_0_b64_mb2,47719,34696,10227,1330,1466
23:03:25.288,s30_9_1_0_b64_mb2,47719,34696,10227,1330,1466
23:03:25.790,s30_9_1_0_b64_mb2,47719,34696,10227,1330,1466
23:03:26.292,s30_9_1_0_b64_mb2,47719,34696,10227,1330,1466
23:03:26.794,s30_9_1_0_b64_mb2,47719,34696,10227,1330,1466
23:03:27.296,s30_9_1_0_b64_mb2,47719,34696,10227,1330,1466
23:03:27.798,s30_9_1_0_b64_mb2,47719,34696,10227,1330,1466
23:03:28.300,s30_9_1_0_b64_mb2,47719,34696,10227,1330,1466
23:03:28.802,s30_9_1_0_b64_mb2,47719,34696,10227,1330,1466
23:03:29.304,s30_9_1_0_b64_mb2,47719,34696,10227,1330,1466
23:03:29.806,s30_9_1_0_b64_mb2,47719,34696,10227,1330,1466
23:03:30.307,s30_9_1_0_b64_mb2,47719,34696,10227,1330,1466
23:03:30.809,s30_9_1_0_b64_mb2,47719,34696,10227,1330,1466
23:03:31.311,s30_9_1_0_b64_mb2,47719,34696,10227,1330,1466
23:03:31.813,s30_9_1_0_b64_mb2,47719,34696,10227,1330,1466
23:03:32.315,s30_9_1_0_b64_mb2,47719,34696,10227,1330,1466
23:03:32.817,s30_9_1_0_b64_mb2,47719,34696,10227,1330,1466
23:03:33.319,s30_9_1_0_b64_mb2,47719,34696,10227,1330,1466
23:03:33.821,s30_9_1_0_b64_mb2,47719,34696,10227,1330,1466
23:03:34.323,s30_9_1_0_b64_mb2,47719,34696,10227,1330,1466
23:03:34.825,s30_9_1_0_b64_mb2,47719,34696,10227,1330,1466
23:03:35.327,s30_9_1_0_b64_mb2,47719,34696,10227,1330,1466
23:03:35.829,s30_9_1_0_b64_mb2,47719,34696,10227,1330,1466
23:03:36.331,s30_9_1_0_b64_mb2,47719,34696,10227,1330,1466
23:03:36.833,s30_9_1_0_b64_mb2,47719,34696,10227,1330,1466
23:03:37.334,s30_9_1_0_b64_mb2,47719,34696,10227,1330,1466
23:03:37.836,s30_9_1_0_b64_mb2,47719,34696,10227,1330,1466
23:03:38.338,s30_9_1_0_b64_mb2,47719,34696,10227,1330,1466
23:03:38.840,s30_9_1_0_b64_mb2,47719,34696,10227,1330,1466
23:03:39.342,s30_9_1_0_b64_mb2,47719,34696,10227,1330,1466
23:03:39.844,s30_9_1_0_b64_mb2,47719,34696,10227,1330,1466
23:03:40.345,s30_9_1_0_b64_mb2,47719,34696,10227,1330,1466
23:03:40.847,s30_9_1_0_b64_mb2,47719,34696,10227,1330,1466
23:03:41.349,s30_9_1_0_b64_mb2,47719,34696,10227,1330,1466
23:03:41.851,s30_9_1_0_b64_mb2,47719,34696,10227,1330,1466
23:03:42.353,s30_9_1_0_b64_mb2,47719,34696,10227,1330,1466
23:03:42.855,s30_9_1_0_b64_mb2,47719,34696,10227,1330,1466
23:03:43.356,s30_9_1_0_b64_mb2,47719,34696,10227,1330,1466
23:03:43.858,s30_9_1_0_b64_mb2,47719,34696,10227,1330,1466
23:03:44.360,s30_9_1_0_b64_mb2,47719,34696,10227,1330,1466
23:03:44.862,s30_9_1_0_b64_mb2,47719,34696,10227,1330,1466
23:03:45.364,s30_9_1_0_b64_mb2,47719,34696,10227,1330,1466
23:03:45.866,s30_9_1_0_b64_mb2,47719,34696,10227,1330,1466
23:03:46.367,s30_9_1_0_b64_mb2,47719,34696,10227,1330,1466
23:03:46.869,s30_9_1_0_b64_mb2,47719,34696,10227,1330,1466
23:03:47.371,s30_9_1_0_b64_mb2,47719,34696,10227,1330,1466
23:03:47.873,s30_9_1_0_b64_mb2,47719,34696,10227,1330,1466
23:03:48.375,s30_9_1_0_b64_mb2,47719,34696,10227,1330,1466
23:03:48.876,s30_9_1_0_b64_mb2,47719,34696,10227,1330,1466
23:03:49.378,s30_9_1_0_b64_mb2,47719,34696,10227,1330,1466
23:03:49.880,s30_9_1_0_b64_mb2,47719,34696,10227,1330,1466
23:03:50.382,s30_9_1_0_b64_mb2,47719,34696,10227,1330,1466
23:03:50.884,s30_9_1_0_b64_mb2,47719,34696,10227,1330,1466
23:03:51.386,s30_9_1_0_b64_mb2,47719,34696,10227,1330,1466
23:03:51.888,s30_9_1_0_b64_mb2,47719,34696,10227,1330,1466
23:03:52.390,s30_9_1_0_b64_mb2,47719,34696,10227,1330,1466
23:03:52.891,s30_9_1_0_b64_mb2,47719,34696,10227,1330,1466
23:03:53.393,s30_9_1_0_b64_mb2,47719,34696,10227,1330,1466
23:03:53.895,s30_9_1_0_b64_mb2,47719,34696,10227,1330,1466
23:03:54.397,s30_9_1_0_b64_mb2,47719,34696,10227,1330,1466
23:03:54.899,s30_9_1_0_b64_mb2,47719,34696,10227,1330,1466
23:03:55.400,s30_9_1_0_b64_mb2,47719,34696,10227,1330,1466
23:03:55.902,s30_9_1_0_b64_mb2,47719,34696,10227,1330,1466
23:03:56.404,s30_9_1_0_b64_mb2,47719,34696,10227,1330,1466
23:03:56.906,s30_9_1_0_b64_mb2,47719,34696,10227,1330,1466
23:03:57.408,s30_9_1_0_b64_mb2,47719,34696,10227,1330,1466
23:03:57.910,s30_9_1_0_b64_mb2,47719,34696,10227,1330,1466
23:03:58.412,s30_9_1_0_b64_mb2,47719,34696,10227,1330,1466
23:03:58.914,s30_9_1_0_b64_mb2,47719,34696,10227,1330,1466
23:03:59.416,s30_9_1_0_b64_mb2,47719,34696,10227,1330,1466
23:03:59.917,s30_9_1_0_b64_mb2,47719,34696,10227,1330,1466
23:04:00.419,s30_9_1_0_b64_mb2,47719,34696,10227,1330,1466
23:04:00.921,s30_9_1_0_b64_mb2,47719,34696,10227,1330,1466
23:04:01.423,s30_9_1_0_b64_mb2,47719,34696,10227,1330,1466
23:04:01.925,s30_9_1_0_b64_mb2,47719,34696,10227,1330,1466
23:04:02.427,s30_9_1_0_b64_mb2,47719,34696,10227,1330,1466
23:04:02.929,s30_9_1_0_b64_mb2,47719,34696,10227,1330,1466
23:04:03.430,s30_9_1_0_b64_mb2,47719,34696,10227,1330,1466
23:04:03.932,s30_9_1_0_b64_mb2,47719,34696,10227,1330,1466
23:04:04.434,s30_9_1_0_b64_mb2,47719,34696,10227,1330,1466
23:04:04.936,s30_9_1_0_b64_mb2,47719,34696,10227,1330,1466
23:04:05.438,s30_9_1_0_b64_mb2,47719,34696,10227,1330,1466
23:04:05.939,s30_9_1_0_b64_mb2,47719,34696,10227,1330,1466
23:04:06.441,s30_9_1_0_b64_mb2,47719,34696,10227,1330,1466
23:04:06.943,s30_9_1_0_b64_mb2,47719,34696,10227,1330,1466
23:04:07.445,s30_9_1_0_b64_mb2,47719,34696,10227,1330,1466
23:04:07.946,s30_9_1_0_b64_mb2,47719,34696,10227,1330,1466
23:04:08.448,s30_9_1_0_b64_mb2,47719,34696,10227,1330,1466
23:04:08.950,s30_9_1_0_b64_mb2,47719,34696,10227,1330,1466
23:04:09.452,s30_9_1_0_b64_mb2,47719,34696,10227,1330,1466
23:04:09.953,s30_9_1_0_b64_mb2,47719,34696,10227,1330,1466
23:04:10.455,s30_9_1_0_b64_mb2,47719,34696,10227,1330,1466
23:04:10.957,s30_9_1_0_b64_mb2,47719,34696,10227,1330,1466
23:04:11.459,s30_9_1_0_b64_mb2,47719,34696,10227,1330,1466
23:04:11.961,s30_9_1_0_b64_mb2,47719,34696,10227,1330,1466
23:04:12.462,s30_9_1_0_b64_mb2,47719,34696,10227,1330,1466
23:04:12.964,s30_9_1_0_b64_mb2,47719,34696,10227,1330,1466
23:04:13.466,s30_9_1_0_b64_mb2,47719,34696,10227,1330,1466
23:04:13.968,s30_9_1_0_b64_mb2,47719,34696,10227,1330,1466
23:04:14.470,s30_9_1_0_b64_mb2,47719,34696,10227,1330,1466
23:04:14.972,s30_9_1_0_b64_mb2,47719,34696,10227,1330,1466
23:04:15.474,s30_9_1_0_b64_mb2,47719,34696,10227,1330,1466
23:04:15.975,s30_9_1_0_b64_mb2,47719,34696,10227,1330,1466
23:04:16.477,s30_9_1_0_b64_mb2,47719,34696,10227,1330,1466
23:04:16.979,s30_9_1_0_b64_mb2,47719,34696,10227,1330,1466
23:04:17.481,s30_9_1_0_b64_mb2,47719,34696,10227,1330,1466
23:04:17.983,s30_9_1_0_b64_mb2,47719,34696,10227,1330,1466
23:04:18.485,s30_9_1_0_b64_mb2,47719,34696,10227,1330,1466
23:04:18.987,s30_9_1_0_b64_mb2,47719,34696,10227,1330,1466
23:04:19.488,s30_9_1_0_b64_mb2,47719,34696,10227,1330,1466
23:04:19.990,s30_9_1_0_b64_mb2,47719,34696,10227,1330,1466
23:04:20.492,s30_9_1_0_b64_mb2,47719,34696,10227,1330,1466
23:04:20.994,s30_9_1_0_b64_mb2,47719,34696,10227,1330,1466
23:04:21.496,s30_9_1_0_b64_mb2,47719,34696,10227,1330,1466
23:04:21.997,s30_9_1_0_b64_mb2,47719,34696,10227,1330,1466
23:04:22.499,s30_9_1_0_b64_mb2,47719,34696,10227,1330,1466
23:04:23.001,s30_9_1_0_b64_mb2,47719,34696,10227,1330,1466
23:04:23.503,s30_9_1_0_b64_mb2,47719,34696,10227,1330,1466
23:04:24.005,s30_9_1_0_b64_mb2,47719,34696,10227,1330,1466
23:04:24.506,s30_9_1_0_b64_mb2,47719,34696,10227,1330,1466
23:04:25.008,s30_9_1_0_b64_mb2,47719,34696,10227,1330,1466
23:04:25.510,s30_9_1_0_b64_mb2,47719,34696,10227,1330,1466
23:04:26.012,s30_9_1_0_b64_mb2,47719,34696,10227,1330,1466
23:04:26.513,s30_9_1_0_b64_mb2,47719,34696,10227,1330,1466
23:04:27.015,s30_9_1_0_b64_mb2,47719,34696,10227,1330,1466
23:04:27.517,s30_9_1_0_b64_mb2,47719,34696,10227,1330,1466
23:04:28.019,s30_9_1_0_b64_mb2,47719,34696,10227,1330,1466
23:04:28.521,s30_9_1_0_b64_mb2,47719,34696,10227,1330,1466
23:04:29.023,s30_9_1_0_b64_mb2,47719,34696,10227,1330,1466
23:04:29.525,s30_9_1_0_b64_mb2,47719,34696,10227,1330,1466
23:04:30.026,s30_9_1_0_b64_mb2,47719,34696,10227,1330,1466
23:04:30.528,s30_9_1_0_b64_mb2,47719,34696,10227,1330,1466
23:04:31.030,s30_9_1_0_b64_mb2,47719,34696,10227,1330,1466
23:04:31.532,s30_9_1_0_b64_mb2,47719,34696,10227,1330,1466
23:04:32.034,s30_9_1_0_b64_mb2,47719,34696,10227,1330,1466
23:04:32.535,s30_9_1_0_b64_mb2,47719,34696,10227,1330,1466
23:04:33.037,s30_9_1_0_b64_mb2,47719,34696,10227,1330,1466
23:04:33.539,s30_9_1_0_b64_mb2,47719,34696,10227,1330,1466
23:04:34.041,s30_9_1_0_b64_mb2,47719,34696,10227,1330,1466
23:04:34.542,s30_9_1_0_b64_mb2,47719,34696,10227,1330,1466
23:04:35.044,s30_9_1_0_b64_mb2,47719,34696,10227,1330,1466
23:04:35.546,s30_9_1_0_b64_mb2,47719,34696,10227,1330,1466
23:04:36.048,s30_9_1_0_b64_mb2,47719,34696,10227,1330,1466
23:04:36.550,s30_9_1_0_b64_mb2,47719,34696,10227,1330,1466
23:04:37.052,s30_9_1_0_b64_mb2,47719,34696,10227,1330,1466
23:04:37.554,s30_9_1_0_b64_mb2,47719,34696,10227,1330,1466
23:04:38.056,s30_9_1_0_b64_mb2,47719,34696,10227,1330,1466
23:04:38.557,s30_9_1_0_b64_mb2,47719,34696,10227,1330,1466
23:04:39.059,s30_9_1_0_b64_mb2,47719,34696,10227,1330,1466
23:04:39.561,s30_9_1_0_b64_mb2,47719,34696,10227,1330,1466
23:04:40.063,s30_9_1_0_b64_mb2,47719,34696,10227,1330,1466
23:04:40.565,s30_9_1_0_b64_mb2,47719,34696,10227,1330,1466
23:04:41.067,s30_9_1_0_b64_mb2,47719,34696,10227,1330,1466
23:04:41.568,s30_9_1_0_b64_mb2,47719,34696,10227,1330,1466
23:04:42.070,s30_9_1_0_b64_mb2,47719,34696,10227,1330,1466
23:04:42.572,s30_9_1_0_b64_mb2,47719,34696,10227,1330,1466
23:04:43.074,s30_9_1_0_b64_mb2,47719,34696,10227,1330,1466
23:04:43.575,s30_9_1_0_b64_mb2,47719,34696,10227,1330,1466
23:04:44.077,s30_9_1_0_b64_mb2,47719,34696,10227,1330,1466
23:04:44.579,s30_9_1_0_b64_mb2,47719,34696,10227,1330,1466
23:04:45.081,s30_9_1_0_b64_mb2,47719,34696,10227,1330,1466
23:04:45.583,s30_9_1_0_b64_mb2,47719,34696,10227,1330,1466
23:04:46.085,s30_9_1_0_b64_mb2,47719,34696,10227,1330,1466
23:04:46.587,s30_9_1_0_b64_mb2,47719,34696,10227,1330,1466
23:04:47.088,s30_9_1_0_b64_mb2,47719,34696,10227,1330,1466
23:04:47.590,s30_9_1_0_b64_mb2,47719,34696,10227,1330,1466
23:04:48.092,s30_9_1_0_b64_mb2,47719,34696,10227,1330,1466
23:04:48.594,s30_9_1_0_b64_mb2,47719,34696,10227,1330,1466
23:04:49.096,s30_9_1_0_b64_mb2,47719,34696,10227,1330,1466
23:04:49.598,s30_9_1_0_b64_mb2,47719,34696,10227,1330,1466
23:04:50.099,s30_9_1_0_b64_mb2,47719,34696,10227,1330,1466
23:04:50.601,s30_9_1_0_b64_mb2,47719,34696,10227,1330,1466
23:04:51.103,s30_9_1_0_b64_mb2,47719,34696,10227,1330,1466
23:04:51.605,s30_9_1_0_b64_mb2,47719,34696,10227,1330,1466
23:04:52.106,s30_9_1_0_b64_mb2,47719,34696,10227,1330,1466
23:04:52.608,s30_9_1_0_b64_mb2,47719,34696,10227,1330,1466
23:04:53.110,s30_9_1_0_b64_mb2,47719,34696,10227,1330,1466
23:04:53.612,s30_9_1_0_b64_mb2,47719,34818,10227,1330,1466
23:04:54.114,s30_9_1_0_b64_mb2,48083,35032,10227,1330,1466
23:04:54.616,s30_9_1_0_b64_mb2,48297,35252,10227,1330,1466
23:04:55.117,s30_9_1_0_b64_mb2,48443,35334,10227,1330,1466
23:04:55.619,s30_9_1_0_b64_mb2,48551,35334,10323,1330,1466
23:04:56.121,s30_9_1_0_b64_mb2,48569,35336,10417,1350,1466
23:04:56.623,s30_9_1_0_b64_mb2,48569,35336,10417,1350,1466
23:04:57.124,s30_9_1_0_b64_mb2,48569,35336,10417,1350,1466
23:04:57.626,s30_9_1_0_b64_mb2,48573,35338,10417,1350,1466
23:04:58.128,s30_9_1_0_b64_mb2,48573,35338,10419,1350,1466
23:04:58.629,s30_9_1_0_b64_mb2,48575,35338,10419,1352,1466
23:04:59.131,s30_9_1_0_b64_mb2,48575,35338,10419,1352,1466
23:04:59.633,s30_9_1_0_b64_mb2,48575,35338,10419,1352,1466
23:05:00.135,s30_9_1_0_b64_mb2,48575,35338,10419,1352,1466
23:05:00.636,s30_9_1_0_b64_mb2,48575,35338,10419,1352,1466
23:05:01.138,s30_9_1_0_b64_mb2,48575,35338,10419,1352,1466
23:05:01.640,s30_9_1_0_b64_mb2,48575,35338,10419,1352,1466
23:05:02.142,s30_9_1_0_b64_mb2,48575,35338,10419,1352,1466
23:05:02.643,s30_9_1_0_b64_mb2,48575,35338,10419,1352,1466
23:05:03.145,s30_9_1_0_b64_mb2,48575,35338,10419,1352,1466
23:05:03.647,s30_9_1_0_b64_mb2,48575,35338,10419,1352,1466
23:05:04.149,s30_9_1_0_b64_mb2,48575,35338,10419,1352,1466
23:05:04.650,s30_9_1_0_b64_mb2,48575,35338,10419,1352,1466
23:05:05.152,s30_9_1_0_b64_mb2,48575,35338,10419,1352,1466
23:05:05.654,s30_9_1_0_b64_mb2,48575,35338,10419,1352,1466
23:05:06.156,s30_9_1_0_b64_mb2,48575,35338,10419,1352,1466
23:05:06.657,s30_9_1_0_b64_mb2,48575,35338,10419,1352,1466
23:05:07.159,s30_9_1_0_b64_mb2,48575,35338,10419,1352,1466
23:05:07.661,s30_9_1_0_b64_mb2,48575,35338,10419,1352,1466
23:05:08.163,s30_9_1_0_b64_mb2,48575,35338,10419,1352,1466
23:05:08.665,s30_9_1_0_b64_mb2,48575,35338,10419,1352,1466
23:05:09.166,s30_9_1_0_b64_mb2,48575,35338,10419,1352,1466
23:05:09.668,s30_9_1_0_b64_mb2,48575,35338,10419,1352,1466
23:05:10.170,s30_9_1_0_b64_mb2,48575,35338,10419,1352,1466
23:05:10.671,s30_9_1_0_b64_mb2,48575,35338,10419,1352,1466
23:05:11.173,s30_9_1_0_b64_mb2,48575,35338,10419,1352,1466
23:05:11.675,s30_9_1_0_b64_mb2,48575,35338,10419,1352,1466
23:05:12.176,s30_9_1_0_b64_mb2,48575,35338,10419,1352,1466
23:05:12.678,s30_9_1_0_b64_mb2,48575,35338,10419,1352,1466
23:05:13.180,s30_9_1_0_b64_mb2,48575,35338,10419,1352,1466
23:05:13.682,s30_9_1_0_b64_mb2,48575,35338,10419,1352,1466
23:05:14.184,s30_9_1_0_b64_mb2,48575,35338,10419,1352,1466
23:05:14.685,s30_9_1_0_b64_mb2,48575,35338,10419,1352,1466
23:05:15.187,s30_9_1_0_b64_mb2,48575,35338,10419,1352,1466
23:05:15.689,s30_9_1_0_b64_mb2,48575,35338,10419,1352,1466
23:05:16.191,s30_9_1_0_b64_mb2,48575,35338,10419,1352,1466
23:05:16.693,s30_9_1_0_b64_mb2,48575,35338,10419,1352,1466
23:05:17.194,s30_9_1_0_b64_mb2,48575,35338,10419,1352,1466
23:05:17.696,s30_9_1_0_b64_mb2,48575,35338,10419,1352,1466
23:05:18.198,s30_9_1_0_b64_mb2,48575,35338,10419,1352,1466
23:05:18.700,s30_9_1_0_b64_mb2,48575,35338,10419,1352,1466
23:05:19.202,s30_9_1_0_b64_mb2,48575,35338,10419,1352,1466
23:05:19.703,s30_9_1_0_b64_mb2,48575,35338,10419,1352,1466
23:05:20.205,s30_9_1_0_b64_mb2,48575,35338,10419,1352,1466
23:05:20.707,s30_9_1_0_b64_mb2,48575,35338,10419,1352,1466
23:05:21.209,s30_9_1_0_b64_mb2,48575,35338,10419,1352,1466
23:05:21.711,s30_9_1_0_b64_mb2,48575,35338,10419,1352,1466
23:05:22.212,s30_9_1_0_b64_mb2,48575,35338,10419,1352,1466
23:05:22.714,s30_9_1_0_b64_mb2,48575,35338,10419,1352,1466
23:05:23.216,s30_9_1_0_b64_mb2,48575,35338,10419,1352,1466
23:05:23.718,s30_9_1_0_b64_mb2,48575,35338,10419,1352,1466
23:05:24.219,s30_9_1_0_b64_mb2,48575,35338,10419,1352,1466
23:05:24.721,s30_9_1_0_b64_mb2,48575,35338,10419,1352,1466
23:05:25.223,s30_9_1_0_b64_mb2,48575,35338,10419,1352,1466
23:05:25.725,s30_9_1_0_b64_mb2,48575,35338,10419,1352,1466
23:05:26.227,s30_9_1_0_b64_mb2,48575,35338,10419,1352,1466
23:05:26.728,s30_9_1_0_b64_mb2,48575,35338,10419,1352,1466
23:05:27.230,s30_9_1_0_b64_mb2,48575,35338,10419,1352,1466
23:05:27.732,s30_9_1_0_b64_mb2,48575,35338,10419,1352,1466
23:05:28.234,s30_9_1_0_b64_mb2,48575,35338,10419,1352,1466
23:05:28.736,s30_9_1_0_b64_mb2,48575,35338,10419,1352,1466
23:05:29.237,s30_9_1_0_b64_mb2,48575,35338,10419,1352,1466
23:05:29.739,s30_9_1_0_b64_mb2,48575,35338,10419,1352,1466
23:05:30.241,s30_9_1_0_b64_mb2,48575,35338,10419,1352,1466
23:05:30.743,s30_9_1_0_b64_mb2,48575,35338,10419,1352,1466
23:05:31.245,s30_9_1_0_b64_mb2,48575,35338,10419,1352,1466
23:05:31.747,s30_9_1_0_b64_mb2,48575,35338,10419,1352,1466
23:05:32.248,s30_9_1_0_b64_mb2,48575,35338,10419,1352,1466
23:05:32.750,s30_9_1_0_b64_mb2,48575,35338,10419,1352,1466
23:05:33.252,s30_9_1_0_b64_mb2,48575,35338,10419,1352,1466
23:05:33.754,s30_9_1_0_b64_mb2,48575,35338,10419,1352,1466
23:05:34.256,s30_9_1_0_b64_mb2,48575,35338,10419,1352,1466
23:05:34.757,s30_9_1_0_b64_mb2,48575,35338,10419,1352,1466
23:05:35.259,s30_9_1_0_b64_mb2,48575,35338,10419,1352,1466
23:05:35.761,s30_9_1_0_b64_mb2,48575,35338,10419,1352,1466
23:05:36.263,s30_9_1_0_b64_mb2,48575,35338,10419,1352,1466
23:05:36.764,s30_9_1_0_b64_mb2,48575,35338,10419,1352,1466
23:05:37.266,s30_9_1_0_b64_mb2,48575,35338,10419,1352,1466
23:05:37.768,s30_9_1_0_b64_mb2,48575,35338,10419,1352,1466
23:05:38.270,s30_9_1_0_b64_mb2,48575,35338,10419,1352,1466
23:05:38.772,s30_9_1_0_b64_mb2,48575,35338,10419,1352,1466
23:05:39.273,s30_9_1_0_b64_mb2,48575,35338,10419,1352,1466
23:05:39.775,s30_9_1_0_b64_mb2,48575,35338,10419,1352,1466
23:05:40.277,s30_9_1_0_b64_mb2,48575,35338,10419,1352,1466
23:05:40.779,s30_9_1_0_b64_mb2,48575,35338,10419,1352,1466
23:05:41.281,s30_9_1_0_b64_mb2,48575,35338,10419,1352,1466
23:05:41.782,s30_9_1_0_b64_mb2,48575,35338,10419,1352,1466
23:05:42.284,s30_9_1_0_b64_mb2,48575,35338,10419,1352,1466
23:05:42.786,s30_9_1_0_b64_mb2,48575,35338,10419,1352,1466
23:05:43.288,s30_9_1_0_b64_mb2,48575,35338,10419,1352,1466
23:05:43.790,s30_9_1_0_b64_mb2,48575,35338,10419,1352,1466
23:05:44.292,s30_9_1_0_b64_mb2,48575,35338,10419,1352,1466
23:05:44.793,s30_9_1_0_b64_mb2,48575,35338,10419,1352,1466
23:05:45.295,s30_9_1_0_b64_mb2,48575,35338,10419,1352,1466
23:05:45.797,s30_9_1_0_b64_mb2,48575,35338,10419,1352,1466
23:05:46.299,s30_9_1_0_b64_mb2,48575,35338,10419,1352,1466
23:05:46.801,s30_9_1_0_b64_mb2,48575,35338,10419,1352,1466
23:05:47.302,s30_9_1_0_b64_mb2,48575,35338,10419,1352,1466
23:05:47.804,s30_9_1_0_b64_mb2,48575,35338,10419,1352,1466
23:05:48.306,s30_9_1_0_b64_mb2,48575,35338,10419,1352,1466
23:05:48.808,s30_9_1_0_b64_mb2,48575,35338,10419,1352,1466
23:05:49.310,s30_9_1_0_b64_mb2,48575,35338,10419,1352,1466
23:05:49.811,s30_9_1_0_b64_mb2,48575,35338,10419,1352,1466
23:05:50.313,s30_9_1_0_b64_mb2,48575,35338,10419,1352,1466
23:05:50.815,s30_9_1_0_b64_mb2,48575,35338,10419,1352,1466
23:05:51.317,s30_9_1_0_b64_mb2,48575,35338,10419,1352,1466
23:05:51.819,s30_9_1_0_b64_mb2,48575,35338,10419,1352,1466
23:05:52.320,s30_9_1_0_b64_mb2,48575,35338,10419,1352,1466
23:05:52.822,s30_9_1_0_b64_mb2,48575,35338,10419,1352,1466
23:05:53.324,s30_9_1_0_b64_mb2,48575,35338,10419,1352,1466
23:05:53.826,s30_9_1_0_b64_mb2,48575,35338,10419,1352,1466
23:05:54.327,s30_9_1_0_b64_mb2,48575,35338,10419,1352,1466
23:05:54.829,s30_9_1_0_b64_mb2,48575,35338,10419,1352,1466
23:05:55.331,s30_9_1_0_b64_mb2,48575,35338,10419,1352,1466
23:05:55.833,s30_9_1_0_b64_mb2,48575,35338,10419,1352,1466
23:05:56.334,s30_9_1_0_b64_mb2,48575,35338,10419,1352,1466
23:05:56.836,s30_9_1_0_b64_mb2,48575,35338,10419,1352,1466
23:05:57.338,s30_9_1_0_b64_mb2,48575,35338,10419,1352,1466
23:05:57.840,s30_9_1_0_b64_mb2,48575,35338,10419,1352,1466
23:05:58.342,s30_9_1_0_b64_mb2,48575,35338,10419,1352,1466
23:05:58.843,s30_9_1_0_b64_mb2,48575,35338,10419,1352,1466
23:05:59.345,s30_9_1_0_b64_mb2,48575,35338,10419,1352,1466
23:05:59.847,s30_9_1_0_b64_mb2,48575,35338,10419,1352,1466
23:06:00.349,s30_9_1_0_b64_mb2,48575,35338,10419,1352,1466
23:06:00.850,s30_9_1_0_b64_mb2,48575,35338,10419,1352,1466
23:06:01.352,s30_9_1_0_b64_mb2,48575,35338,10419,1352,1466
23:06:01.854,s30_9_1_0_b64_mb2,48575,35338,10419,1352,1466
23:06:02.356,s30_9_1_0_b64_mb2,48575,35338,10419,1352,1466
23:06:02.858,s30_9_1_0_b64_mb2,48575,35338,10419,1352,1466
23:06:03.359,s30_9_1_0_b64_mb2,48575,35338,10419,1352,1466
23:06:03.861,s30_9_1_0_b64_mb2,48575,35338,10419,1352,1466
23:06:04.363,s30_9_1_0_b64_mb2,48575,35338,10419,1352,1466
23:06:04.865,s30_9_1_0_b64_mb2,48575,35338,10419,1352,1466
23:06:05.367,s30_9_1_0_b64_mb2,48575,35338,10419,1352,1466
23:06:05.869,s30_9_1_0_b64_mb2,48575,35338,10419,1352,1466
23:06:06.370,s30_9_1_0_b64_mb2,48575,35338,10419,1352,1466
23:06:06.872,s30_9_1_0_b64_mb2,48575,35338,10419,1352,1466
23:06:07.374,s30_9_1_0_b64_mb2,48575,35338,10419,1352,1466
23:06:07.876,s30_9_1_0_b64_mb2,48575,35338,10419,1352,1466
23:06:08.378,s30_9_1_0_b64_mb2,48575,35338,10419,1352,1466
23:06:08.880,s30_9_1_0_b64_mb2,48575,35338,10419,1352,1466
23:06:09.381,s30_9_1_0_b64_mb2,48575,35338,10419,1352,1466
23:06:09.883,s30_9_1_0_b64_mb2,48575,35338,10419,1352,1466
23:06:10.385,s30_9_1_0_b64_mb2,48575,35338,10419,1352,1466
23:06:10.887,s30_9_1_0_b64_mb2,48575,35338,10419,1352,1466
23:06:11.389,s30_9_1_0_b64_mb2,48575,35338,10419,1352,1466
23:06:11.891,s30_9_1_0_b64_mb2,48575,35338,10419,1352,1466
23:06:12.392,s30_9_1_0_b64_mb2,48575,35338,10419,1352,1466
23:06:12.894,s30_9_1_0_b64_mb2,48575,35338,10419,1352,1466
23:06:13.396,s30_9_1_0_b64_mb2,48575,35338,10419,1352,1466
23:06:13.898,s30_9_1_0_b64_mb2,48575,35338,10419,1352,1466
23:06:14.400,s30_9_1_0_b64_mb2,48575,35338,10419,1352,1466
23:06:14.901,s30_9_1_0_b64_mb2,48575,35338,10419,1352,1466
23:06:15.403,s30_9_1_0_b64_mb2,48575,35338,10419,1352,1466
23:06:15.905,s30_9_1_0_b64_mb2,48575,35338,10419,1352,1466
23:06:16.407,s30_9_1_0_b64_mb2,48575,35338,10419,1352,1466
23:06:16.909,s30_9_1_0_b64_mb2,48575,35338,10419,1352,1466
23:06:17.410,s30_9_1_0_b64_mb2,48575,35338,10419,1352,1466
23:06:17.912,s30_9_1_0_b64_mb2,48575,35338,10419,1352,1466
23:06:18.414,s30_9_1_0_b64_mb2,48575,35338,10419,1352,1466
23:06:18.916,s30_9_1_0_b64_mb2,48575,35338,10419,1352,1466
23:06:19.417,s30_9_1_0_b64_mb2,48575,35338,10419,1352,1466
23:06:19.919,s30_9_1_0_b64_mb2,48575,35338,10419,1352,1466
23:06:20.421,s30_9_1_0_b64_mb2,48575,35338,10419,1352,1466
23:06:20.923,s30_9_1_0_b64_mb2,48575,35338,10419,1352,1466
23:06:21.425,s30_9_1_0_b64_mb2,48575,35338,10419,1352,1466
23:06:21.926,s30_9_1_0_b64_mb2,48575,35338,10419,1352,1466
23:06:22.428,s30_9_1_0_b64_mb2,48575,35338,10419,1352,1466
23:06:22.930,s30_9_1_0_b64_mb2,48575,35338,10419,1352,1466
23:06:23.432,s30_9_1_0_b64_mb2,48575,35338,10419,1352,1466
23:06:23.933,s30_9_1_0_b64_mb2,48575,35338,10419,1352,1466
23:06:24.435,s30_9_1_0_b64_mb2,48575,35338,10419,1352,1466
23:06:24.937,s30_9_1_0_b64_mb2,48575,35338,10419,1352,1466
23:06:25.439,s30_9_1_0_b64_mb2,48575,35338,10419,1352,1466
23:06:25.940,s30_9_1_0_b64_mb2,48575,35338,10419,1352,1466
23:06:26.442,s30_9_1_0_b64_mb2,48575,35338,10419,1352,1466
23:06:26.944,s30_9_1_0_b64_mb2,48575,35338,10419,1352,1466
23:06:27.446,s30_9_1_0_b64_mb2,48575,35338,10419,1352,1466
23:06:27.948,s30_9_1_0_b64_mb2,48575,35338,10419,1352,1466
23:06:28.449,s30_9_1_0_b64_mb2,48575,35338,10419,1352,1466
23:06:28.951,s30_9_1_0_b64_mb2,48575,35338,10419,1352,1466
23:06:29.453,s30_9_1_0_b64_mb2,48575,35338,10419,1352,1466
23:06:29.955,s30_9_1_0_b64_mb2,48575,35338,10419,1352,1466
23:06:30.456,s30_9_1_0_b64_mb2,48575,35338,10419,1352,1466
23:06:30.958,s30_9_1_0_b64_mb2,48575,35338,10419,1352,1466
23:06:31.460,s30_9_1_0_b64_mb2,48575,35338,10419,1352,1466
23:06:31.962,s30_9_1_0_b64_mb2,48575,35338,10419,1352,1466
23:06:32.463,s30_9_1_0_b64_mb2,48575,35338,10419,1352,1466
23:06:32.965,s30_9_1_0_b64_mb2,48575,35338,10419,1352,1466
23:06:33.467,s30_9_1_0_b64_mb2,48575,35338,10419,1352,1466
23:06:33.969,s30_9_1_0_b64_mb2,48575,35338,10419,1352,1466
23:06:34.471,s30_9_1_0_b64_mb2,48575,35338,10419,1352,1466
23:06:34.972,s30_9_1_0_b64_mb2,48575,35338,10419,1352,1466
23:06:35.474,s30_9_1_0_b64_mb2,48575,35338,10419,1352,1466
23:06:35.976,s30_9_1_0_b64_mb2,48575,35338,10419,1352,1466
23:06:36.478,s30_9_1_0_b64_mb2,48575,35338,10419,1352,1466
23:06:36.979,s30_9_1_0_b64_mb2,48575,35338,10419,1352,1466
23:06:37.481,s30_9_1_0_b64_mb2,48575,35338,10419,1352,1466
23:06:37.983,s30_9_1_0_b64_mb2,48575,35338,10419,1352,1466
23:06:38.485,s30_9_1_0_b64_mb2,48575,35338,10419,1352,1466
23:06:38.987,s30_9_1_0_b64_mb2,48575,35338,10419,1352,1466
23:06:39.489,s30_9_1_0_b64_mb2,48575,35338,10419,1352,1466
23:06:39.990,s30_9_1_0_b64_mb2,48575,35338,10419,1352,1466
23:06:40.492,s30_9_1_0_b64_mb2,48575,35338,10419,1352,1466
23:06:40.994,s30_9_1_0_b64_mb2,48575,35338,10419,1352,1466
23:06:41.496,s30_9_1_0_b64_mb2,48575,35338,10419,1352,1466
23:06:41.998,s30_9_1_0_b64_mb2,48575,35338,10419,1352,1466
23:06:42.500,s30_9_1_0_b64_mb2,48575,35338,10419,1352,1466
23:06:43.001,s30_9_1_0_b64_mb2,48575,35338,10419,1352,1466
23:06:43.503,s30_9_1_0_b64_mb2,48575,35338,10419,1352,1466
23:06:44.005,s30_9_1_0_b64_mb2,48575,35338,10419,1352,1466
23:06:44.507,s30_9_1_0_b64_mb2,48575,35338,10419,1352,1466
23:06:45.008,s30_9_1_0_b64_mb2,48575,35338,10419,1352,1466
23:06:45.510,s30_9_1_0_b64_mb2,48575,35338,10419,1352,1466
23:06:46.012,s30_9_1_0_b64_mb2,48575,35338,10419,1352,1466
23:06:46.514,s30_9_1_0_b64_mb2,48575,35338,10419,1352,1466
23:06:47.016,s30_9_1_0_b64_mb2,48575,35338,10419,1352,1466
23:06:47.518,s30_9_1_0_b64_mb2,48575,35338,10419,1352,1466
23:06:48.020,s30_9_1_0_b64_mb2,48575,35338,10419,1352,1466
23:06:48.522,s30_9_1_0_b64_mb2,48575,35338,10419,1352,1466
23:06:49.023,s30_9_1_0_b64_mb2,48575,35338,10419,1352,1466
23:06:49.525,s30_9_1_0_b64_mb2,48575,35338,10419,1352,1466
23:06:50.027,s30_9_1_0_b64_mb2,48575,35338,10419,1352,1466
23:06:50.529,s30_9_1_0_b64_mb2,48575,35338,10419,1352,1466
23:06:51.031,s30_9_1_0_b64_mb2,48575,35338,10419,1352,1466
23:06:51.533,s30_9_1_0_b64_mb2,48575,35338,10419,1352,1466
23:06:52.034,s30_9_1_0_b64_mb2,48575,35338,10419,1352,1466
23:06:52.536,s30_9_1_0_b64_mb2,48575,35338,10419,1352,1466
23:06:53.038,s30_9_1_0_b64_mb2,48575,35338,10419,1352,1466
23:06:53.540,s30_9_1_0_b64_mb2,48575,35338,10419,1352,1466
23:06:54.042,s30_9_1_0_b64_mb2,48575,35338,10419,1352,1466
23:06:54.544,s30_9_1_0_b64_mb2,48575,35338,10419,1352,1466
23:06:55.046,s30_9_1_0_b64_mb2,48575,35338,10419,1352,1466
23:06:55.548,s30_9_1_0_b64_mb2,48575,35338,10419,1352,1466
23:06:56.049,s30_9_1_0_b64_mb2,48575,35338,10419,1352,1466
23:06:56.551,s30_9_1_0_b64_mb2,48575,35338,10419,1352,1466
23:06:57.053,s30_9_1_0_b64_mb2,48575,35338,10419,1352,1466
23:06:57.555,s30_9_1_0_b64_mb2,48575,35338,10419,1352,1466
23:06:58.057,s30_9_1_0_b64_mb2,48575,35338,10419,1352,1466
23:06:58.558,s30_9_1_0_b64_mb2,48575,35338,10419,1352,1466
23:06:59.060,s30_9_1_0_b64_mb2,48575,35338,10419,1352,1466
23:06:59.562,s30_9_1_0_b64_mb2,48575,35338,10419,1352,1466
23:07:00.064,s30_9_1_0_b64_mb2,48575,35338,10419,1352,1466
23:07:00.566,s30_9_1_0_b64_mb2,48575,35338,10419,1352,1466
23:07:01.067,s30_9_1_0_b64_mb2,48575,35338,10419,1352,1466
23:07:01.569,s30_9_1_0_b64_mb2,48575,35338,10419,1352,1466
23:07:02.071,s30_9_1_0_b64_mb2,48575,35338,10419,1352,1466
23:07:02.573,s30_9_1_0_b64_mb2,48575,35338,10419,1352,1466
23:07:03.075,s30_9_1_0_b64_mb2,48575,35338,10419,1352,1466
23:07:03.576,s30_9_1_0_b64_mb2,48575,35338,10419,1352,1466
23:07:04.078,s30_9_1_0_b64_mb2,48575,35338,10419,1352,1466
23:07:04.580,s30_9_1_0_b64_mb2,48575,35338,10419,1352,1466
23:07:05.082,s30_9_1_0_b64_mb2,48575,35338,10419,1352,1466
23:07:05.584,s30_9_1_0_b64_mb2,48575,35338,10419,1352,1466
23:07:06.086,s30_9_1_0_b64_mb2,48575,35338,10419,1352,1466
23:07:06.587,s30_9_1_0_b64_mb2,48575,35338,10419,1352,1466
23:07:07.089,s30_9_1_0_b64_mb2,48575,35338,10419,1352,1466
23:07:07.591,s30_9_1_0_b64_mb2,48575,35338,10419,1352,1466
23:07:08.093,s30_9_1_0_b64_mb2,48575,35338,10419,1352,1466
23:07:08.595,s30_9_1_0_b64_mb2,48575,35338,10419,1352,1466
23:07:09.096,s30_9_1_0_b64_mb2,48575,35338,10419,1352,1466
23:07:09.598,s30_9_1_0_b64_mb2,48575,35338,10419,1352,1466
23:07:10.100,s30_9_1_0_b64_mb2,48575,35338,10419,1352,1466
23:07:10.602,s30_9_1_0_b64_mb2,48575,35338,10419,1352,1466
23:07:11.104,s30_9_1_0_b64_mb2,48575,35338,10419,1352,1466
23:07:11.605,s30_9_1_0_b64_mb2,48575,35338,10419,1352,1466
23:07:12.107,s30_9_1_0_b64_mb2,48575,35338,10419,1352,1466
23:07:12.609,s30_9_1_0_b64_mb2,48575,35338,10419,1352,1466
23:07:13.111,s30_9_1_0_b64_mb2,48575,35338,10419,1352,1466
23:07:13.613,s30_9_1_0_b64_mb2,48575,35338,10419,1352,1466
23:07:14.114,s30_9_1_0_b64_mb2,48575,35338,10419,1352,1466
23:07:14.616,s30_9_1_0_b64_mb2,48575,35338,10419,1352,1466
23:07:15.118,s30_9_1_0_b64_mb2,48575,35338,10419,1352,1466
23:07:15.620,s30_9_1_0_b64_mb2,48575,35338,10419,1352,1466
23:07:16.122,s30_9_1_0_b64_mb2,48575,35338,10419,1352,1466
23:07:16.624,s30_9_1_0_b64_mb2,48575,35338,10419,1352,1466
23:07:17.126,s30_9_1_0_b64_mb2,48575,35338,10419,1352,1466
23:07:17.627,s30_9_1_0_b64_mb2,48575,35338,10419,1352,1466
23:07:18.129,s30_9_1_0_b64_mb2,48575,35338,10419,1352,1466
23:07:18.631,s30_9_1_0_b64_mb2,48575,35338,10419,1352,1466
23:07:19.133,s30_9_1_0_b64_mb2,48575,35338,10419,1352,1466
23:07:19.635,s30_9_1_0_b64_mb2,48575,35338,10419,1352,1466
23:07:20.136,s30_9_1_0_b64_mb2,48575,35338,10419,1352,1466
23:07:20.638,s30_9_1_0_b64_mb2,48575,35338,10419,1352,1466
23:07:21.140,s30_9_1_0_b64_mb2,48575,35338,10419,1352,1466
23:07:21.642,s30_9_1_0_b64_mb2,48575,35338,10419,1352,1466
23:07:22.144,s30_9_1_0_b64_mb2,48575,35338,10419,1352,1466
23:07:22.645,s30_9_1_0_b64_mb2,48575,35338,10419,1352,1466
23:07:23.147,s30_9_1_0_b64_mb2,48575,35338,10419,1352,1466
23:07:23.649,s30_9_1_0_b64_mb2,48575,35338,10419,1352,1466
23:07:24.151,s30_9_1_0_b64_mb2,48575,35338,10419,1352,1466
23:07:24.653,s30_9_1_0_b64_mb2,48575,35338,10419,1352,1466
23:07:25.154,s30_9_1_0_b64_mb2,48575,35338,10419,1352,1466
23:07:25.656,s30_9_1_0_b64_mb2,48575,35338,10419,1352,1466
23:07:26.158,s30_9_1_0_b64_mb2,48575,35338,10419,1352,1466
23:07:26.660,s30_9_1_0_b64_mb2,48575,35338,10419,1352,1466
23:07:27.162,s30_9_1_0_b64_mb2,48575,35338,10419,1352,1466
23:07:27.663,s30_9_1_0_b64_mb2,48575,35338,10419,1352,1466
23:07:28.165,s30_9_1_0_b64_mb2,48575,35338,10419,1352,1466
23:07:28.667,s30_9_1_0_b64_mb2,48575,35338,10419,1352,1466
23:07:29.169,s30_9_1_0_b64_mb2,48575,35338,10419,1352,1466
23:07:29.670,s30_9_1_0_b64_mb2,48575,35338,10419,1352,1466
23:07:30.172,s30_9_1_0_b64_mb2,48575,35338,10419,1352,1466
23:07:30.674,s30_9_1_0_b64_mb2,48575,35338,10419,1352,1466
23:07:31.176,s30_9_1_0_b64_mb2,48575,35338,10419,1352,1466
23:07:31.678,s30_9_1_0_b64_mb2,48575,35338,10419,1352,1466
23:07:32.180,s30_9_1_0_b64_mb2,48575,35338,10419,1352,1466
23:07:32.681,s30_9_1_0_b64_mb2,48575,35338,10419,1352,1466
23:07:33.183,s30_9_1_0_b64_mb2,48575,35338,10419,1352,1466
23:07:33.685,s30_9_1_0_b64_mb2,48575,35338,10419,1352,1466
23:07:34.187,s30_9_1_0_b64_mb2,48575,35338,10419,1352,1466
23:07:34.689,s30_9_1_0_b64_mb2,48575,35338,10419,1352,1466
23:07:35.191,s30_9_1_0_b64_mb2,48575,35338,10419,1352,1466
23:07:35.693,s30_9_1_0_b64_mb2,48575,35338,10419,1352,1466
23:07:36.195,s30_9_1_0_b64_mb2,48575,35338,10419,1352,1466
23:07:36.696,s30_9_1_0_b64_mb2,48575,35338,10419,1352,1466
23:07:37.198,s30_9_1_0_b64_mb2,48575,35338,10419,1352,1466
23:07:37.700,s30_9_1_0_b64_mb2,48575,35338,10419,1352,1466
23:07:38.202,s30_9_1_0_b64_mb2,48575,35338,10419,1352,1466
23:07:38.704,s30_9_1_0_b64_mb2,48575,35338,10419,1352,1466
23:07:39.206,s30_9_1_0_b64_mb2,48575,35338,10419,1352,1466
23:07:39.707,s30_9_1_0_b64_mb2,48575,35338,10419,1352,1466
23:07:40.209,s30_9_1_0_b64_mb2,48575,35338,10419,1352,1466
23:07:40.711,s30_9_1_0_b64_mb2,48575,35338,10419,1352,1466
23:07:41.213,s30_9_1_0_b64_mb2,48575,35338,10419,1352,1466
23:07:41.715,s30_9_1_0_b64_mb2,48575,35338,10419,1352,1466
23:07:42.217,s30_9_1_0_b64_mb2,48575,35338,10419,1352,1466
23:07:42.718,s30_9_1_0_b64_mb2,48575,35338,10419,1352,1466
23:07:43.220,s30_9_1_0_b64_mb2,48575,35338,10419,1352,1466
23:07:43.722,s30_9_1_0_b64_mb2,48575,35338,10419,1352,1466
23:07:44.224,s30_9_1_0_b64_mb2,48575,35338,10419,1352,1466
23:07:44.726,s30_9_1_0_b64_mb2,48575,35338,10419,1352,1466
23:07:45.228,s30_9_1_0_b64_mb2,48575,35338,10419,1352,1466
23:07:45.730,s30_9_1_0_b64_mb2,48575,35338,10419,1352,1466
23:07:46.231,s30_9_1_0_b64_mb2,48575,35338,10419,1352,1466
23:07:46.733,s30_9_1_0_b64_mb2,48575,35338,10419,1352,1466
23:07:47.235,s30_9_1_0_b64_mb2,48575,35338,10419,1352,1466
23:07:47.737,s30_9_1_0_b64_mb2,48575,35338,10419,1352,1466
23:07:48.239,s30_9_1_0_b64_mb2,48575,35338,10419,1352,1466
23:07:48.740,s30_9_1_0_b64_mb2,48575,35338,10419,1352,1466
23:07:49.242,s30_9_1_0_b64_mb2,48575,35338,10419,1352,1466
23:07:49.744,s30_9_1_0_b64_mb2,48575,35338,10419,1352,1466
23:07:50.246,s30_9_1_0_b64_mb2,48575,35338,10419,1352,1466
23:07:50.748,s30_9_1_0_b64_mb2,48575,35338,10419,1352,1466
23:07:51.249,s30_9_1_0_b64_mb2,48575,35338,10419,1352,1466
23:07:51.751,s30_9_1_0_b64_mb2,48575,35338,10419,1352,1466
23:07:52.253,s30_9_1_0_b64_mb2,48575,35338,10419,1352,1466
23:07:52.755,s30_9_1_0_b64_mb2,48575,35338,10419,1352,1466
23:07:53.257,s30_9_1_0_b64_mb2,48575,35338,10419,1352,1466
23:07:53.759,s30_9_1_0_b64_mb2,48575,35338,10419,1352,1466
23:07:54.260,s30_9_1_0_b64_mb2,48575,35338,10419,1352,1466
23:07:54.762,s30_9_1_0_b64_mb2,48575,35338,10419,1352,1466
23:07:55.264,s30_9_1_0_b64_mb2,48575,35338,10419,1352,1466
23:07:55.766,s30_9_1_0_b64_mb2,48575,35338,10419,1352,1466
23:07:56.268,s30_9_1_0_b64_mb2,48575,35338,10419,1352,1466
23:07:56.770,s30_9_1_0_b64_mb2,48575,35338,10419,1352,1466
23:07:57.271,s30_9_1_0_b64_mb2,48575,35338,10419,1352,1466
23:07:57.773,s30_9_1_0_b64_mb2,48575,35338,10419,1352,1466
23:07:58.275,s30_9_1_0_b64_mb2,48575,35338,10419,1352,1466
23:07:58.777,s30_9_1_0_b64_mb2,48575,35338,10419,1352,1466
23:07:59.279,s30_9_1_0_b64_mb2,48575,35338,10419,1352,1466
23:07:59.781,s30_9_1_0_b64_mb2,48575,35338,10419,1352,1466
23:08:00.283,s30_9_1_0_b64_mb2,48575,35338,10419,1352,1466
23:08:00.785,s30_9_1_0_b64_mb2,48575,35338,10419,1352,1466
23:08:01.287,s30_9_1_0_b64_mb2,48575,35338,10419,1352,1466
23:08:01.788,s30_9_1_0_b64_mb2,48575,35338,10419,1352,1466
23:08:02.290,s30_9_1_0_b64_mb2,48575,35338,10419,1352,1466
23:08:02.792,s30_9_1_0_b64_mb2,48575,35338,10419,1352,1466
23:08:03.294,s30_9_1_0_b64_mb2,48575,35338,10419,1352,1466
23:08:03.796,s30_9_1_0_b64_mb2,48575,35338,10419,1352,1466
23:08:04.298,s30_9_1_0_b64_mb2,48575,35338,10419,1352,1466
23:08:04.800,s30_9_1_0_b64_mb2,48575,35338,10419,1352,1466
23:08:05.301,s30_9_1_0_b64_mb2,48575,35338,10419,1352,1466
23:08:05.803,s30_9_1_0_b64_mb2,48575,35338,10419,1352,1466
23:08:06.305,s30_9_1_0_b64_mb2,48575,35338,10419,1352,1466
23:08:06.807,s30_9_1_0_b64_mb2,48575,35338,10419,1352,1466
23:08:07.309,s30_9_1_0_b64_mb2,48575,35338,10419,1352,1466
23:08:07.811,s30_9_1_0_b64_mb2,48575,35338,10419,1352,1466
23:08:08.312,s30_9_1_0_b64_mb2,48575,35338,10419,1352,1466
23:08:08.814,s30_9_1_0_b64_mb2,48575,35338,10419,1352,1466
23:08:09.316,s30_9_1_0_b64_mb2,48575,35338,10419,1352,1466
23:08:09.818,s30_9_1_0_b64_mb2,48575,35338,10419,1352,1466
23:08:10.320,s30_9_1_0_b64_mb2,48575,35338,10419,1352,1466
23:08:10.822,s30_9_1_0_b64_mb2,48575,35338,10419,1352,1466
23:08:11.324,s30_9_1_0_b64_mb2,48575,35338,10419,1352,1466
23:08:11.825,s30_9_1_0_b64_mb2,48575,35338,10419,1352,1466
23:08:12.327,s30_9_1_0_b64_mb2,48575,35338,10419,1352,1466
23:08:12.829,s30_9_1_0_b64_mb2,48575,35338,10419,1352,1466
23:08:13.331,s30_9_1_0_b64_mb2,48575,35338,10419,1352,1466
23:08:13.833,s30_9_1_0_b64_mb2,48575,35338,10419,1352,1466
23:08:14.334,s30_9_1_0_b64_mb2,48575,35338,10419,1352,1466
23:08:14.836,s30_9_1_0_b64_mb2,48575,35338,10419,1352,1466
23:08:15.338,s30_9_1_0_b64_mb2,48575,35338,10419,1352,1466
23:08:15.840,s30_9_1_0_b64_mb2,48575,35338,10419,1352,1466
23:08:16.342,s30_9_1_0_b64_mb2,48575,35338,10419,1352,1466
23:08:16.844,s30_9_1_0_b64_mb2,48575,35338,10419,1352,1466
23:08:17.346,s30_9_1_0_b64_mb2,48575,35338,10419,1352,1466
23:08:17.848,s30_9_1_0_b64_mb2,48575,35338,10419,1352,1466
23:08:18.349,s30_9_1_0_b64_mb2,48575,35338,10419,1352,1466
23:08:18.851,s30_9_1_0_b64_mb2,48575,35338,10419,1352,1466
23:08:19.353,s30_9_1_0_b64_mb2,48575,35338,10419,1352,1466
23:08:19.855,s30_9_1_0_b64_mb2,48575,35338,10419,1352,1466
23:08:20.357,s30_9_1_0_b64_mb2,48575,35338,10419,1352,1466
23:08:20.859,s30_9_1_0_b64_mb2,48575,35338,10419,1352,1466
23:08:21.360,s30_9_1_0_b64_mb2,48575,35338,10419,1352,1466
23:08:21.862,s30_9_1_0_b64_mb2,48575,35338,10419,1352,1466
23:08:22.364,s30_9_1_0_b64_mb2,48575,35338,10419,1352,1466
23:08:22.866,s30_9_1_0_b64_mb2,48575,35338,10419,1352,1466
23:08:23.368,s30_9_1_0_b64_mb2,48575,35338,10419,1352,1466
23:08:23.870,s30_9_1_0_b64_mb2,48575,35338,10419,1352,1466
23:08:24.372,s30_9_1_0_b64_mb2,48575,35338,10419,1352,1466
23:08:24.873,s30_9_1_0_b64_mb2,48575,35338,10419,1352,1466
23:08:25.375,s30_9_1_0_b64_mb2,48575,35338,10419,1352,1466
23:08:25.877,s30_9_1_0_b64_mb2,48575,35338,10419,1352,1466
23:08:26.379,s30_9_1_0_b64_mb2,48575,35338,10419,1352,1466
23:08:26.880,s30_9_1_0_b64_mb2,48575,35338,10419,1352,1466
23:08:27.382,s30_9_1_0_b64_mb2,48575,35338,10419,1352,1466
23:08:27.884,s30_9_1_0_b64_mb2,48575,35338,10419,1352,1466
23:08:28.386,s30_9_1_0_b64_mb2,48575,35338,10419,1352,1466
23:08:28.887,s30_9_1_0_b64_mb2,48575,35338,10419,1352,1466
23:08:29.389,s30_9_1_0_b64_mb2,48575,35338,10419,1352,1466
23:08:29.891,s30_9_1_0_b64_mb2,48575,35338,10419,1352,1466
23:08:30.393,s30_9_1_0_b64_mb2,48575,35338,10419,1352,1466
23:08:30.895,s30_9_1_0_b64_mb2,48575,35338,10419,1352,1466
23:08:31.396,s30_9_1_0_b64_mb2,48575,35338,10419,1352,1466
23:08:31.898,s30_9_1_0_b64_mb2,48575,35338,10419,1352,1466
23:08:32.400,s30_9_1_0_b64_mb2,48575,35338,10419,1352,1466
23:08:32.902,s30_9_1_0_b64_mb2,48575,35338,10419,1352,1466
23:08:33.404,s30_9_1_0_b64_mb2,48575,35338,10419,1352,1466
23:08:33.905,s30_9_1_0_b64_mb2,48575,35338,10419,1352,1466
23:08:34.407,s30_9_1_0_b64_mb2,48575,35338,10419,1352,1466
23:08:34.909,s30_9_1_0_b64_mb2,48575,35338,10419,1352,1466
23:08:35.411,s30_9_1_0_b64_mb2,48575,35338,10419,1352,1466
23:08:35.913,s30_9_1_0_b64_mb2,48575,35338,10419,1352,1466
23:08:36.415,s30_9_1_0_b64_mb2,48575,35338,10419,1352,1466
23:08:36.916,s30_9_1_0_b64_mb2,48575,35338,10419,1352,1466
23:08:37.418,s30_9_1_0_b64_mb2,48575,35338,10419,1352,1466
23:08:37.920,s30_9_1_0_b64_mb2,48575,35338,10419,1352,1466
23:08:38.422,s30_9_1_0_b64_mb2,48575,35338,10419,1352,1466
23:08:38.924,s30_9_1_0_b64_mb2,48575,35338,10419,1352,1466
23:08:39.426,s30_9_1_0_b64_mb2,48575,35338,10419,1352,1466
23:08:39.928,s30_9_1_0_b64_mb2,48575,35338,10419,1352,1466
23:08:40.430,s30_9_1_0_b64_mb2,48575,35338,10419,1352,1466
23:08:40.931,s30_9_1_0_b64_mb2,48575,35338,10419,1352,1466
23:08:41.433,s30_9_1_0_b64_mb2,48575,35338,10419,1352,1466
23:08:41.935,s30_9_1_0_b64_mb2,48575,35338,10419,1352,1466
23:08:42.437,s30_9_1_0_b64_mb2,48575,35338,10419,1352,1466
23:08:42.939,s30_9_1_0_b64_mb2,48575,35338,10419,1352,1466
23:08:43.441,s30_9_1_0_b64_mb2,48575,35338,10419,1352,1466
23:08:43.943,s30_9_1_0_b64_mb2,48575,35338,10419,1352,1466
23:08:44.445,s30_9_1_0_b64_mb2,48575,35338,10419,1352,1466
23:08:44.947,s30_9_1_0_b64_mb2,48575,35338,10419,1352,1466
23:08:45.449,s30_9_1_0_b64_mb2,48575,35338,10419,1352,1466
23:08:45.951,s30_9_1_0_b64_mb2,48595,35338,10419,1352,1466
23:08:46.453,s30_9_1_0_b64_mb2,49275,35938,10419,1352,1466
23:08:46.954,s30_9_1_0_b64_mb2,49935,36618,10419,1352,1466
23:08:47.456,s30_9_1_0_b64_mb2,50555,37298,10459,1352,1466
23:08:47.958,s30_9_1_0_b64_mb2,50935,37318,10819,1352,1466
23:08:48.460,s30_9_1_0_b64_mb2,51137,37318,10979,1354,1466
23:08:48.962,s30_9_1_0_b64_mb2,51137,37318,10979,1374,1466
23:08:49.464,s30_9_1_0_b64_mb2,51137,37318,10979,1374,1466
23:08:49.966,s30_9_1_0_b64_mb2,51137,37318,10979,1374,1466
23:08:50.468,s30_9_1_0_b64_mb2,51137,37318,10979,1374,1466
23:08:50.969,s30_9_1_0_b64_mb2,51137,37318,10979,1374,1466
23:08:51.471,s30_9_1_0_b64_mb2,51157,37338,10979,1374,1466
23:08:51.973,s30_9_1_0_b64_mb2,51157,37338,10979,1374,1466
23:08:52.475,s30_9_1_0_b64_mb2,51157,37338,10979,1374,1466
23:08:52.976,s30_9_1_0_b64_mb2,51177,37338,10999,1374,1466
23:08:53.478,s30_9_1_0_b64_mb2,51177,37338,10999,1374,1466
23:08:53.980,s30_9_1_0_b64_mb2,51197,37338,10999,1394,1466
23:08:54.482,s30_9_1_0_b64_mb2,51197,37338,10999,1394,1466
23:08:54.984,s30_9_1_0_b64_mb2,51197,37338,10999,1394,1466
23:08:55.485,s30_9_1_0_b64_mb2,51197,37338,10999,1394,1466
23:08:55.987,s30_9_1_0_b64_mb2,51197,37338,10999,1394,1466
23:08:56.489,s30_9_1_0_b64_mb2,51197,37338,10999,1394,1466
23:08:56.991,s30_9_1_0_b64_mb2,51197,37338,10999,1394,1466
23:08:57.492,s30_9_1_0_b64_mb2,51197,37338,10999,1394,1466
23:08:57.994,s30_9_1_0_b64_mb2,51197,37338,10999,1394,1466
23:08:58.496,s30_9_1_0_b64_mb2,51217,37338,11019,1394,1466
23:08:58.998,s30_9_1_0_b64_mb2,51217,37338,11019,1394,1466
23:08:59.500,s30_9_1_0_b64_mb2,51217,37338,11019,1394,1466
23:09:00.002,s30_9_1_0_b64_mb2,51217,37338,11019,1394,1466
23:09:00.503,s30_9_1_0_b64_mb2,51217,37338,11019,1394,1466
23:09:01.005,s30_9_1_0_b64_mb2,51217,37338,11019,1394,1466
23:09:01.507,s30_9_1_0_b64_mb2,51217,37338,11019,1394,1466
23:09:02.009,s30_9_1_0_b64_mb2,51217,37338,11019,1394,1466
23:09:02.510,s30_9_1_0_b64_mb2,51217,37338,11019,1394,1466
23:09:03.012,s30_9_1_0_b64_mb2,51217,37338,11019,1394,1466
23:09:03.514,s30_9_1_0_b64_mb2,51217,37338,11019,1394,1466
23:09:04.016,s30_9_1_0_b64_mb2,51217,37338,11019,1394,1466
23:09:04.517,s30_9_1_0_b64_mb2,51217,37338,11019,1394,1466
23:09:05.019,s30_9_1_0_b64_mb2,51217,37338,11019,1394,1466
23:09:05.521,s30_9_1_0_b64_mb2,51217,37338,11019,1394,1466
23:09:06.023,s30_9_1_0_b64_mb2,51217,37338,11019,1394,1466
23:09:06.525,s30_9_1_0_b64_mb2,51217,37338,11019,1394,1466
23:09:07.026,s30_9_1_0_b64_mb2,51217,37338,11019,1394,1466
23:09:07.528,s30_9_1_0_b64_mb2,51217,37338,11019,1394,1466
23:09:08.030,s30_9_1_0_b64_mb2,51217,37338,11019,1394,1466
23:09:08.532,s30_9_1_0_b64_mb2,51217,37338,11019,1394,1466
23:09:09.034,s30_9_1_0_b64_mb2,51217,37338,11019,1394,1466
23:09:09.535,s30_9_1_0_b64_mb2,51217,37338,11019,1394,1466
23:09:10.037,s30_9_1_0_b64_mb2,51217,37338,11019,1394,1466
23:09:10.539,s30_9_1_0_b64_mb2,51217,37338,11019,1394,1466
23:09:11.041,s30_9_1_0_b64_mb2,51217,37338,11019,1394,1466
23:09:11.542,s30_9_1_0_b64_mb2,51217,37338,11019,1394,1466
23:09:12.044,s30_9_1_0_b64_mb2,51217,37338,11019,1394,1466
23:09:12.546,s30_9_1_0_b64_mb2,51217,37338,11019,1394,1466
23:09:13.048,s30_9_1_0_b64_mb2,51217,37338,11019,1394,1466
23:09:13.550,s30_9_1_0_b64_mb2,51217,37338,11019,1394,1466
23:09:14.051,s30_9_1_0_b64_mb2,51217,37338,11019,1394,1466
23:09:14.553,s30_9_1_0_b64_mb2,51217,37338,11019,1394,1466
23:09:15.055,s30_9_1_0_b64_mb2,51217,37338,11019,1394,1466
23:09:15.557,s30_9_1_0_b64_mb2,51217,37338,11019,1394,1466
23:09:16.059,s30_9_1_0_b64_mb2,51217,37338,11019,1394,1466
23:09:16.560,s30_9_1_0_b64_mb2,51217,37338,11019,1394,1466
23:09:17.062,s30_9_1_0_b64_mb2,51217,37338,11019,1394,1466
23:09:17.564,s30_9_1_0_b64_mb2,51217,37338,11019,1394,1466
23:09:18.066,s30_9_1_0_b64_mb2,51217,37338,11019,1394,1466
23:09:18.568,s30_9_1_0_b64_mb2,51217,37338,11019,1394,1466
23:09:19.069,s30_9_1_0_b64_mb2,51217,37338,11019,1394,1466
23:09:19.571,s30_9_1_0_b64_mb2,51217,37338,11019,1394,1466
23:09:20.073,s30_9_1_0_b64_mb2,51217,37338,11019,1394,1466
23:09:20.575,s30_9_1_0_b64_mb2,51217,37338,11019,1394,1466
23:09:21.077,s30_9_1_0_b64_mb2,51217,37338,11019,1394,1466
23:09:21.578,s30_9_1_0_b64_mb2,51217,37338,11019,1394,1466
23:09:22.080,s30_9_1_0_b64_mb2,51257,37418,11019,1394,1466
23:09:22.582,s30_9_1_0_b64_mb2,51297,37438,11019,1394,1466
23:09:23.084,s30_9_1_0_b64_mb2,51317,37438,11019,1394,1466
23:09:23.586,s30_9_1_0_b64_mb2,51317,37438,11019,1394,1466
23:09:24.087,s30_9_1_0_b64_mb2,51317,37438,11019,1394,1466
23:09:24.589,s30_9_1_0_b64_mb2,51317,37478,11019,1394,1466
23:09:25.091,s30_9_1_0_b64_mb2,51357,37518,11019,1394,1466
23:09:25.593,s30_9_1_0_b64_mb2,51397,37518,11039,1394,1466
23:09:26.095,s30_9_1_0_b64_mb2,51417,37518,11039,1394,1466
23:09:26.596,s30_9_1_0_b64_mb2,51417,37518,11039,1394,1466
23:09:27.098,s30_9_1_0_b64_mb2,51417,37538,11039,1394,1466
23:09:27.600,s30_9_1_0_b64_mb2,51437,37538,11039,1394,1466
23:09:28.102,s30_9_1_0_b64_mb2,51437,37538,11039,1394,1466
23:09:28.604,s30_9_1_0_b64_mb2,51437,37538,11039,1394,1466
23:09:29.105,s30_9_1_0_b64_mb2,51437,37538,11039,1394,1466
23:09:29.607,s30_9_1_0_b64_mb2,51437,37538,11039,1394,1466
23:09:30.109,s30_9_1_0_b64_mb2,51437,37538,11039,1394,1466
23:09:30.611,s30_9_1_0_b64_mb2,51437,37538,11039,1394,1466
23:09:31.113,s30_9_1_0_b64_mb2,51437,37538,11039,1394,1466
23:09:31.614,s30_9_1_0_b64_mb2,51437,37538,11039,1394,1466
23:09:32.116,s30_9_1_0_b64_mb2,51437,37538,11039,1394,1466
23:09:32.618,s30_9_1_0_b64_mb2,51437,37538,11039,1394,1466
23:09:33.120,s30_9_1_0_b64_mb2,51437,37538,11039,1394,1466
23:09:33.622,s30_9_1_0_b64_mb2,51437,37538,11039,1394,1466
23:09:34.123,s30_9_1_0_b64_mb2,51437,37538,11039,1394,1466
23:09:34.625,s30_9_1_0_b64_mb2,51437,37538,11039,1394,1466
23:09:35.127,s30_9_1_0_b64_mb2,51437,37538,11039,1394,1466
23:09:35.629,s30_9_1_0_b64_mb2,51437,37538,11039,1394,1466
23:09:36.130,s30_9_1_0_b64_mb2,51437,37538,11039,1394,1466
23:09:36.632,s30_9_1_0_b64_mb2,51437,37538,11039,1394,1466
23:09:37.134,s30_9_1_0_b64_mb2,51437,37538,11039,1394,1466
23:09:37.636,s30_9_1_0_b64_mb2,51437,37538,11039,1394,1466
23:09:38.138,s30_9_1_0_b64_mb2,51437,37538,11039,1394,1466
23:09:38.639,s30_9_1_0_b64_mb2,51437,37538,11039,1394,1466
23:09:39.141,s30_9_1_0_b64_mb2,51437,37538,11039,1394,1466
23:09:39.643,s30_9_1_0_b64_mb2,51437,37538,11039,1394,1466
23:09:40.145,s30_9_1_0_b64_mb2,51437,37538,11039,1394,1466
23:09:40.646,s30_9_1_0_b64_mb2,51437,37538,11039,1394,1466
23:09:41.148,s30_9_1_0_b64_mb2,51437,37538,11039,1394,1466
23:09:41.650,s30_9_1_0_b64_mb2,51437,37538,11039,1394,1466
23:09:42.152,s30_9_1_0_b64_mb2,51437,37538,11039,1394,1466
23:09:42.653,s30_9_1_0_b64_mb2,51437,37538,11039,1394,1466
23:09:43.155,s30_9_1_0_b64_mb2,51437,37538,11039,1394,1466
23:09:43.657,s30_9_1_0_b64_mb2,51437,37538,11039,1394,1466
23:09:44.159,s30_9_1_0_b64_mb2,51437,37538,11039,1394,1466
23:09:44.661,s30_9_1_0_b64_mb2,51437,37538,11039,1394,1466
23:09:45.162,s30_9_1_0_b64_mb2,51437,37538,11039,1394,1466
23:09:45.664,s30_9_1_0_b64_mb2,51437,37538,11039,1394,1466
23:09:46.166,s30_9_1_0_b64_mb2,51437,37538,11039,1394,1466
23:09:46.668,s30_9_1_0_b64_mb2,51437,37538,11039,1394,1466
23:09:47.170,s30_9_1_0_b64_mb2,51437,37538,11039,1394,1466
23:09:47.671,s30_9_1_0_b64_mb2,51437,37538,11039,1394,1466
23:09:48.173,s30_9_1_0_b64_mb2,51437,37538,11039,1394,1466
23:09:48.675,s30_9_1_0_b64_mb2,51437,37538,11039,1394,1466
23:09:49.177,s30_9_1_0_b64_mb2,51437,37538,11039,1394,1466
23:09:49.678,s30_9_1_0_b64_mb2,51437,37538,11039,1394,1466
23:09:50.180,s30_9_1_0_b64_mb2,51437,37538,11039,1394,1466
23:09:50.682,s30_9_1_0_b64_mb2,51437,37538,11039,1394,1466
23:09:51.183,s30_9_1_0_b64_mb2,51437,37538,11039,1394,1466
23:09:51.685,s30_9_1_0_b64_mb2,51437,37538,11039,1394,1466
23:09:52.187,s30_9_1_0_b64_mb2,51437,37538,11039,1394,1466
23:09:52.689,s30_9_1_0_b64_mb2,51437,37538,11039,1394,1466
23:09:53.190,s30_9_1_0_b64_mb2,51437,37538,11039,1394,1466
23:09:53.692,s30_9_1_0_b64_mb2,51437,37538,11039,1394,1466
23:09:54.194,s30_9_1_0_b64_mb2,51437,37538,11039,1394,1466
23:09:54.696,s30_9_1_0_b64_mb2,51437,37538,11039,1394,1466
23:09:55.198,s30_9_1_0_b64_mb2,51437,37538,11039,1394,1466
23:09:55.699,s30_9_1_0_b64_mb2,51437,37538,11039,1394,1466
23:09:56.201,s30_9_1_0_b64_mb2,51437,37538,11039,1394,1466
23:09:56.703,s30_9_1_0_b64_mb2,51437,37538,11039,1394,1466
23:09:57.205,s30_9_1_0_b64_mb2,51437,37538,11039,1394,1466
23:09:57.706,s30_9_1_0_b64_mb2,51437,37538,11039,1394,1466
23:09:58.208,s30_9_1_0_b64_mb2,51437,37538,11039,1394,1466
23:09:58.710,s30_9_1_0_b64_mb2,51437,37538,11039,1394,1466
23:09:59.212,s30_9_1_0_b64_mb2,51437,37538,11039,1394,1466
23:09:59.713,s30_9_1_0_b64_mb2,51437,37538,11039,1394,1466
23:10:00.215,s30_9_1_0_b64_mb2,51437,37538,11039,1394,1466
23:10:00.717,s30_9_1_0_b64_mb2,51437,37538,11039,1394,1466
23:10:01.219,s30_9_1_0_b64_mb2,51437,37538,11039,1394,1466
23:10:01.721,s30_9_1_0_b64_mb2,51437,37538,11039,1394,1466
23:10:02.222,s30_9_1_0_b64_mb2,51437,37538,11039,1394,1466
23:10:02.724,s30_9_1_0_b64_mb2,51437,37538,11039,1394,1466
23:10:03.226,s30_9_1_0_b64_mb2,51457,37558,11039,1394,1466
23:10:03.728,s30_9_1_0_b64_mb2,51477,37558,11059,1394,1466
23:10:04.229,s30_9_1_0_b64_mb2,51477,37558,11059,1394,1466
23:10:04.731,s30_9_1_0_b64_mb2,51497,37578,11059,1394,1466
23:10:05.233,s30_9_1_0_b64_mb2,51497,37578,11059,1394,1466
23:10:05.735,s30_9_1_0_b64_mb2,51497,37578,11059,1394,1466
23:10:06.237,s30_9_1_0_b64_mb2,51497,37578,11079,1394,1466
23:10:06.738,s30_9_1_0_b64_mb2,51517,37578,11079,1394,1466
23:10:07.240,s30_9_1_0_b64_mb2,51517,37578,11079,1394,1466
23:10:07.742,s30_9_1_0_b64_mb2,51517,37578,11079,1394,1466
23:10:08.244,s30_9_1_0_b64_mb2,51517,37578,11079,1394,1466
23:10:08.746,s30_9_1_0_b64_mb2,51517,37578,11079,1394,1466
23:10:09.247,s30_9_1_0_b64_mb2,51517,37578,11079,1394,1466
23:10:09.749,s30_9_1_0_b64_mb2,51517,37578,11079,1394,1466
23:10:10.251,s30_9_1_0_b64_mb2,51517,37578,11079,1394,1466
23:10:10.753,s30_9_1_0_b64_mb2,51517,37578,11079,1394,1466
23:10:11.255,s30_9_1_0_b64_mb2,51517,37578,11079,1394,1466
23:10:11.756,s30_9_1_0_b64_mb2,51517,37578,11079,1394,1466
23:10:12.258,s30_9_1_0_b64_mb2,51517,37578,11079,1394,1466
23:10:12.760,s30_9_1_0_b64_mb2,51517,37578,11079,1394,1466
23:10:13.262,s30_9_1_0_b64_mb2,51517,37578,11079,1394,1466
23:10:13.764,s30_9_1_0_b64_mb2,51517,37578,11079,1394,1466
23:10:14.266,s30_9_1_0_b64_mb2,51517,37578,11079,1394,1466
23:10:14.767,s30_9_1_0_b64_mb2,51517,37578,11079,1394,1466
23:10:15.269,s30_9_1_0_b64_mb2,51517,37578,11079,1394,1466
23:10:15.771,s30_9_1_0_b64_mb2,51517,37578,11079,1394,1466
23:10:16.273,s30_9_1_0_b64_mb2,51517,37578,11079,1394,1466
23:10:16.775,s30_9_1_0_b64_mb2,51517,37578,11079,1394,1466
23:10:17.277,s30_9_1_0_b64_mb2,51517,37578,11079,1394,1466
23:10:17.779,s30_9_1_0_b64_mb2,51517,37578,11079,1394,1466
23:10:18.281,s30_9_1_0_b64_mb2,51517,37578,11079,1394,1466
23:10:18.783,s30_9_1_0_b64_mb2,51517,37578,11079,1394,1466
23:10:19.284,s30_9_1_0_b64_mb2,51517,37578,11079,1394,1466
23:10:19.786,s30_9_1_0_b64_mb2,51517,37578,11079,1394,1466
23:10:20.288,s30_9_1_0_b64_mb2,51517,37578,11079,1394,1466
23:10:20.790,s30_9_1_0_b64_mb2,51517,37578,11079,1394,1466
23:10:21.292,s30_9_1_0_b64_mb2,51517,37578,11079,1394,1466
23:10:21.794,s30_9_1_0_b64_mb2,51517,37578,11079,1394,1466
23:10:22.295,s30_9_1_0_b64_mb2,51517,37578,11079,1394,1466
23:10:22.797,s30_9_1_0_b64_mb2,51517,37578,11079,1394,1466
23:10:23.299,s30_9_1_0_b64_mb2,51517,37578,11079,1394,1466
23:10:23.801,s30_9_1_0_b64_mb2,51517,37578,11079,1394,1466
23:10:24.303,s30_9_1_0_b64_mb2,51517,37578,11079,1394,1466
23:10:24.805,s30_9_1_0_b64_mb2,51517,37578,11079,1394,1466
23:10:25.306,s30_9_1_0_b64_mb2,51517,37578,11079,1394,1466
23:10:25.808,s30_9_1_0_b64_mb2,51517,37578,11079,1394,1466
23:10:26.310,s30_9_1_0_b64_mb2,51517,37578,11079,1394,1466
23:10:26.812,s30_9_1_0_b64_mb2,51517,37578,11079,1394,1466
23:10:27.314,s30_9_1_0_b64_mb2,51517,37578,11079,1394,1466
23:10:27.815,s30_9_1_0_b64_mb2,51517,37578,11079,1394,1466
23:10:28.317,s30_9_1_0_b64_mb2,51517,37578,11079,1394,1466
23:10:28.819,s30_9_1_0_b64_mb2,51517,37578,11079,1394,1466
23:10:29.321,s30_9_1_0_b64_mb2,51517,37578,11079,1394,1466
23:10:29.823,s30_9_1_0_b64_mb2,51517,37578,11079,1394,1466
23:10:30.325,s30_9_1_0_b64_mb2,51517,37578,11079,1394,1466
23:10:30.827,s30_9_1_0_b64_mb2,51517,37578,11079,1394,1466
23:10:31.328,s30_9_1_0_b64_mb2,51517,37578,11079,1394,1466
23:10:31.830,s30_9_1_0_b64_mb2,51517,37578,11079,1394,1466
23:10:32.332,s30_9_1_0_b64_mb2,51517,37578,11079,1394,1466
23:10:32.834,s30_9_1_0_b64_mb2,51517,37578,11079,1394,1466
23:10:33.336,s30_9_1_0_b64_mb2,51517,37578,11079,1394,1466
23:10:33.838,s30_9_1_0_b64_mb2,51517,37578,11079,1394,1466
23:10:34.340,s30_9_1_0_b64_mb2,51517,37578,11079,1394,1466
23:10:34.842,s30_9_1_0_b64_mb2,51517,37578,11079,1394,1466
23:10:35.344,s30_9_1_0_b64_mb2,51517,37578,11079,1394,1466
23:10:35.845,s30_9_1_0_b64_mb2,51517,37578,11079,1394,1466
23:10:36.347,s30_9_1_0_b64_mb2,51517,37578,11079,1394,1466
23:10:36.849,s30_9_1_0_b64_mb2,51517,37578,11079,1394,1466
23:10:37.351,s30_9_1_0_b64_mb2,51517,37578,11079,1394,1466
23:10:37.853,s30_9_1_0_b64_mb2,51517,37578,11079,1394,1466
23:10:38.355,s30_9_1_0_b64_mb2,51517,37578,11079,1394,1466
23:10:38.857,s30_9_1_0_b64_mb2,51517,37578,11079,1394,1466
23:10:39.358,s30_9_1_0_b64_mb2,51517,37578,11079,1394,1466
23:10:39.860,s30_9_1_0_b64_mb2,51517,37578,11079,1394,1466
23:10:40.362,s30_9_1_0_b64_mb2,51517,37578,11079,1394,1466
23:10:40.864,s30_9_1_0_b64_mb2,51517,37578,11079,1394,1466
23:10:41.366,s30_9_1_0_b64_mb2,51517,37578,11079,1394,1466
23:10:41.867,s30_9_1_0_b64_mb2,51517,37578,11079,1394,1466
23:10:42.369,s30_9_1_0_b64_mb2,51517,37578,11079,1394,1466
23:10:42.871,s30_9_1_0_b64_mb2,51517,37578,11079,1394,1466
23:10:43.373,s30_9_1_0_b64_mb2,51517,37578,11079,1394,1466
23:10:43.875,s30_9_1_0_b64_mb2,51517,37578,11079,1394,1466
23:10:44.377,s30_9_1_0_b64_mb2,51517,37578,11079,1394,1466
23:10:44.878,s30_9_1_0_b64_mb2,51517,37578,11079,1394,1466
23:10:45.380,s30_9_1_0_b64_mb2,51517,37578,11079,1394,1466
23:10:45.882,s30_9_1_0_b64_mb2,51517,37578,11079,1394,1466
23:10:46.384,s30_9_1_0_b64_mb2,51517,37578,11079,1394,1466
23:10:46.886,s30_9_1_0_b64_mb2,51517,37578,11079,1394,1466
23:10:47.387,s30_9_1_0_b64_mb2,51517,37578,11079,1394,1466
23:10:47.889,s30_9_1_0_b64_mb2,51517,37578,11079,1394,1466
23:10:48.391,s30_9_1_0_b64_mb2,51557,37618,11079,1394,1466
23:10:48.893,s30_9_1_0_b64_mb2,51597,37658,11079,1394,1466
23:10:49.395,s30_9_1_0_b64_mb2,51637,37698,11079,1394,1466
23:10:49.896,s30_9_1_0_b64_mb2,51657,37698,11099,1394,1466
23:10:50.398,s30_9_1_0_b64_mb2,51657,37698,11099,1394,1466
23:10:50.900,s30_9_1_0_b64_mb2,51677,37718,11099,1394,1466
23:10:51.402,s30_9_1_0_b64_mb2,51677,37718,11099,1394,1466
23:10:51.904,s30_9_1_0_b64_mb2,51677,37718,11099,1394,1466
23:10:52.406,s30_9_1_0_b64_mb2,51697,37718,11119,1394,1466
23:10:52.907,s30_9_1_0_b64_mb2,51697,37718,11119,1394,1466
23:10:53.409,s30_9_1_0_b64_mb2,51697,37718,11119,1394,1466
23:10:53.911,s30_9_1_0_b64_mb2,51697,37718,11119,1394,1466
23:10:54.413,s30_9_1_0_b64_mb2,51697,37718,11119,1394,1466
23:10:54.914,s30_9_1_0_b64_mb2,51697,37718,11119,1394,1466
23:10:55.416,s30_9_1_0_b64_mb2,51697,37718,11119,1394,1466
23:10:55.918,s30_9_1_0_b64_mb2,51697,37718,11119,1394,1466
23:10:56.420,s30_9_1_0_b64_mb2,51697,37718,11119,1394,1466
23:10:56.921,s30_9_1_0_b64_mb2,51697,37718,11119,1394,1466
23:10:57.423,s30_9_1_0_b64_mb2,51697,37718,11119,1394,1466
23:10:57.925,s30_9_1_0_b64_mb2,51697,37718,11119,1394,1466
23:10:58.427,s30_9_1_0_b64_mb2,51697,37718,11119,1394,1466
23:10:58.929,s30_9_1_0_b64_mb2,51697,37718,11119,1394,1466
23:10:59.430,s30_9_1_0_b64_mb2,51697,37718,11119,1394,1466
23:10:59.932,s30_9_1_0_b64_mb2,51697,37718,11119,1394,1466
23:11:00.434,s30_9_1_0_b64_mb2,51697,37718,11119,1394,1466
23:11:00.936,s30_9_1_0_b64_mb2,51697,37718,11119,1394,1466
23:11:01.438,s30_9_1_0_b64_mb2,51697,37718,11119,1394,1466
23:11:01.939,s30_9_1_0_b64_mb2,51697,37718,11119,1394,1466
23:11:02.441,s30_9_1_0_b64_mb2,51697,37718,11119,1394,1466
23:11:02.943,s30_9_1_0_b64_mb2,51697,37718,11119,1394,1466
23:11:03.445,s30_9_1_0_b64_mb2,51697,37718,11119,1394,1466
23:11:03.946,s30_9_1_0_b64_mb2,51697,37718,11119,1394,1466
23:11:04.448,s30_9_1_0_b64_mb2,51697,37718,11119,1394,1466
23:11:04.950,s30_9_1_0_b64_mb2,51697,37718,11119,1394,1466
23:11:05.452,s30_9_1_0_b64_mb2,51697,37718,11119,1394,1466
23:11:05.954,s30_9_1_0_b64_mb2,51697,37718,11119,1394,1466
23:11:06.456,s30_9_1_0_b64_mb2,51697,37718,11119,1394,1466
23:11:06.957,s30_9_1_0_b64_mb2,51697,37718,11119,1394,1466
23:11:07.459,s30_9_1_0_b64_mb2,51697,37718,11119,1394,1466
23:11:07.961,s30_9_1_0_b64_mb2,51697,37718,11119,1394,1466
23:11:08.463,s30_9_1_0_b64_mb2,51697,37718,11119,1394,1466
23:11:08.965,s30_9_1_0_b64_mb2,51697,37718,11119,1394,1466
23:11:09.466,s30_9_1_0_b64_mb2,51697,37718,11119,1394,1466
23:11:09.968,s30_9_1_0_b64_mb2,51697,37718,11119,1394,1466
23:11:10.470,s30_9_1_0_b64_mb2,51697,37718,11119,1394,1466
23:11:10.972,s30_9_1_0_b64_mb2,51697,37718,11119,1394,1466
23:11:11.474,s30_9_1_0_b64_mb2,51697,37718,11119,1394,1466
23:11:11.976,s30_9_1_0_b64_mb2,51697,37718,11119,1394,1466
23:11:12.478,s30_9_1_0_b64_mb2,51697,37718,11119,1394,1466
23:11:12.979,s30_9_1_0_b64_mb2,51697,37718,11119,1394,1466
23:11:13.481,s30_9_1_0_b64_mb2,51697,37718,11119,1394,1466
23:11:13.983,s30_9_1_0_b64_mb2,51697,37718,11119,1394,1466
23:11:14.485,s30_9_1_0_b64_mb2,51697,37718,11119,1394,1466
23:11:14.987,s30_9_1_0_b64_mb2,51697,37718,11119,1394,1466
23:11:15.488,s30_9_1_0_b64_mb2,51697,37718,11119,1394,1466
23:11:15.990,s30_9_1_0_b64_mb2,51697,37718,11119,1394,1466
23:11:16.492,s30_9_1_0_b64_mb2,51697,37718,11119,1394,1466
23:11:16.994,s30_9_1_0_b64_mb2,51697,37718,11119,1394,1466
23:11:17.496,s30_9_1_0_b64_mb2,51697,37718,11119,1394,1466
23:11:17.998,s30_9_1_0_b64_mb2,51697,37718,11119,1394,1466
23:11:18.500,s30_9_1_0_b64_mb2,51697,37718,11119,1394,1466
23:11:19.001,s30_9_1_0_b64_mb2,51697,37718,11119,1394,1466
23:11:19.503,s30_9_1_0_b64_mb2,51697,37718,11119,1394,1466
23:11:20.005,s30_9_1_0_b64_mb2,51697,37718,11119,1394,1466
23:11:20.507,s30_9_1_0_b64_mb2,51697,37718,11119,1394,1466
23:11:21.008,s30_9_1_0_b64_mb2,51697,37718,11119,1394,1466
23:11:21.510,s30_9_1_0_b64_mb2,51697,37718,11119,1394,1466
23:11:22.012,s30_9_1_0_b64_mb2,51697,37718,11119,1394,1466
23:11:22.514,s30_9_1_0_b64_mb2,51697,37718,11119,1394,1466
23:11:23.016,s30_9_1_0_b64_mb2,51697,37718,11119,1394,1466
23:11:23.518,s30_9_1_0_b64_mb2,51697,37718,11119,1394,1466
23:11:24.020,s30_9_1_0_b64_mb2,51697,37718,11119,1394,1466
23:11:24.522,s30_9_1_0_b64_mb2,51697,37718,11119,1394,1466
23:11:25.023,s30_9_1_0_b64_mb2,51697,37718,11119,1394,1466
23:11:25.525,s30_9_1_0_b64_mb2,51697,37718,11119,1394,1466
23:11:26.027,s30_9_1_0_b64_mb2,51697,37718,11119,1394,1466
23:11:26.529,s30_9_1_0_b64_mb2,51697,37718,11119,1394,1466
23:11:27.031,s30_9_1_0_b64_mb2,51697,37718,11119,1394,1466
23:11:27.533,s30_9_1_0_b64_mb2,51697,37718,11119,1394,1466
23:11:28.034,s30_9_1_0_b64_mb2,51697,37718,11119,1394,1466
23:11:28.536,s30_9_1_0_b64_mb2,51697,37718,11119,1394,1466
23:11:29.038,s30_9_1_0_b64_mb2,51697,37718,11119,1394,1466
23:11:29.540,s30_9_1_0_b64_mb2,51697,37718,11119,1394,1466
23:11:30.042,s30_9_1_0_b64_mb2,51697,37718,11119,1394,1466
23:11:30.544,s30_9_1_0_b64_mb2,51697,37718,11119,1394,1466
23:11:31.045,s30_9_1_0_b64_mb2,51697,37718,11119,1394,1466
23:11:31.547,s30_9_1_0_b64_mb2,51697,37718,11119,1394,1466
23:11:32.049,s30_9_1_0_b64_mb2,51697,37718,11119,1394,1466
23:11:32.551,s30_9_1_0_b64_mb2,51697,37718,11119,1394,1466
23:11:33.053,s30_9_1_0_b64_mb2,51697,37718,11119,1394,1466
23:11:33.554,s30_9_1_0_b64_mb2,51697,37718,11119,1394,1466
23:11:34.056,s30_9_1_0_b64_mb2,51697,37718,11119,1394,1466
23:11:34.558,s30_9_1_0_b64_mb2,51697,37718,11119,1394,1466
23:11:35.060,s30_9_1_0_b64_mb2,51697,37718,11119,1394,1466
23:11:35.562,s30_9_1_0_b64_mb2,51697,37718,11119,1394,1466
23:11:36.064,s30_9_1_0_b64_mb2,51697,37718,11119,1394,1466
23:11:36.566,s30_9_1_0_b64_mb2,51697,37718,11119,1394,1466
23:11:37.068,s30_9_1_0_b64_mb2,51697,37718,11119,1394,1466
23:11:37.570,s30_9_1_0_b64_mb2,51697,37718,11119,1394,1466
23:11:38.071,s30_9_1_0_b64_mb2,51697,37718,11119,1394,1466
23:11:38.573,s30_9_1_0_b64_mb2,51697,37718,11119,1394,1466
23:11:39.075,s30_9_1_0_b64_mb2,51697,37718,11119,1394,1466
23:11:39.577,s30_9_1_0_b64_mb2,51697,37718,11119,1394,1466
23:11:40.079,s30_9_1_0_b64_mb2,51757,37778,11119,1394,1466
23:11:40.581,s30_9_1_0_b64_mb2,51817,37818,11119,1394,1466
23:11:41.083,s30_9_1_0_b64_mb2,51837,37858,11119,1394,1466
23:11:41.584,s30_9_1_0_b64_mb2,51857,37858,11159,1394,1466
23:11:42.086,s30_9_1_0_b64_mb2,51877,37858,11159,1394,1466
23:11:42.588,s30_9_1_0_b64_mb2,51897,37878,11159,1394,1466
23:11:43.090,s30_9_1_0_b64_mb2,51897,37878,11159,1394,1466
23:11:43.592,s30_9_1_0_b64_mb2,51897,37878,11159,1394,1466
23:11:44.093,s30_9_1_0_b64_mb2,51897,37878,11159,1394,1466
23:11:44.595,s30_9_1_0_b64_mb2,51917,37878,11159,1414,1466
23:11:45.097,s30_9_1_0_b64_mb2,51917,37878,11159,1414,1466
23:11:45.599,s30_9_1_0_b64_mb2,51917,37878,11159,1414,1466
23:11:46.101,s30_9_1_0_b64_mb2,51917,37878,11159,1414,1466
23:11:46.603,s30_9_1_0_b64_mb2,51917,37878,11159,1414,1466
23:11:47.104,s30_9_1_0_b64_mb2,51917,37878,11159,1414,1466
23:11:47.606,s30_9_1_0_b64_mb2,51917,37878,11159,1414,1466
23:11:48.108,s30_9_1_0_b64_mb2,51917,37878,11159,1414,1466
23:11:48.610,s30_9_1_0_b64_mb2,51917,37878,11159,1414,1466
23:11:49.112,s30_9_1_0_b64_mb2,51917,37878,11159,1414,1466
23:11:49.614,s30_9_1_0_b64_mb2,51917,37878,11159,1414,1466
23:11:50.115,s30_9_1_0_b64_mb2,51917,37878,11159,1414,1466
23:11:50.617,s30_9_1_0_b64_mb2,51917,37878,11159,1414,1466
23:11:51.119,s30_9_1_0_b64_mb2,51917,37878,11159,1414,1466
23:11:51.621,s30_9_1_0_b64_mb2,51917,37878,11159,1414,1466
23:11:52.123,s30_9_1_0_b64_mb2,51917,37878,11159,1414,1466
23:11:52.624,s30_9_1_0_b64_mb2,51917,37878,11159,1414,1466
23:11:53.126,s30_9_1_0_b64_mb2,51917,37878,11159,1414,1466
23:11:53.628,s30_9_1_0_b64_mb2,51917,37878,11159,1414,1466
23:11:54.130,s30_9_1_0_b64_mb2,51917,37878,11159,1414,1466
23:11:54.632,s30_9_1_0_b64_mb2,51917,37878,11159,1414,1466
23:11:55.134,s30_9_1_0_b64_mb2,51917,37878,11159,1414,1466
23:11:55.635,s30_9_1_0_b64_mb2,51917,37878,11159,1414,1466
23:11:56.137,s30_9_1_0_b64_mb2,51917,37878,11159,1414,1466
23:11:56.639,s30_9_1_0_b64_mb2,51917,37878,11159,1414,1466
23:11:57.141,s30_9_1_0_b64_mb2,51917,37878,11159,1414,1466
23:11:57.643,s30_9_1_0_b64_mb2,51917,37878,11159,1414,1466
23:11:58.145,s30_9_1_0_b64_mb2,51917,37878,11159,1414,1466
23:11:58.647,s30_9_1_0_b64_mb2,51917,37878,11159,1414,1466
23:11:59.148,s30_9_1_0_b64_mb2,51917,37878,11159,1414,1466
23:11:59.650,s30_9_1_0_b64_mb2,51917,37878,11159,1414,1466
23:12:00.152,s30_9_1_0_b64_mb2,51917,37878,11159,1414,1466
23:12:00.654,s30_9_1_0_b64_mb2,51917,37878,11159,1414,1466
23:12:01.156,s30_9_1_0_b64_mb2,51917,37878,11159,1414,1466
23:12:01.658,s30_9_1_0_b64_mb2,51917,37878,11159,1414,1466
23:12:02.160,s30_9_1_0_b64_mb2,51917,37878,11159,1414,1466
23:12:02.661,s30_9_1_0_b64_mb2,51917,37878,11159,1414,1466
23:12:03.163,s30_9_1_0_b64_mb2,51917,37878,11159,1414,1466
23:12:03.665,s30_9_1_0_b64_mb2,51917,37878,11159,1414,1466
23:12:04.167,s30_9_1_0_b64_mb2,51917,37878,11159,1414,1466
23:12:04.669,s30_9_1_0_b64_mb2,51917,37878,11159,1414,1466
23:12:05.171,s30_9_1_0_b64_mb2,51917,37878,11159,1414,1466
23:12:05.673,s30_9_1_0_b64_mb2,51917,37878,11159,1414,1466
23:12:06.174,s30_9_1_0_b64_mb2,51917,37878,11159,1414,1466
23:12:06.676,s30_9_1_0_b64_mb2,51917,37878,11159,1414,1466
23:12:07.178,s30_9_1_0_b64_mb2,51917,37878,11159,1414,1466
23:12:07.680,s30_9_1_0_b64_mb2,51917,37878,11159,1414,1466
23:12:08.182,s30_9_1_0_b64_mb2,51917,37878,11159,1414,1466
23:12:08.684,s30_9_1_0_b64_mb2,51917,37878,11159,1414,1466
23:12:09.186,s30_9_1_0_b64_mb2,51917,37878,11159,1414,1466
23:12:09.687,s30_9_1_0_b64_mb2,51917,37878,11159,1414,1466
23:12:10.189,s30_9_1_0_b64_mb2,51917,37878,11159,1414,1466
23:12:10.691,s30_9_1_0_b64_mb2,51917,37878,11159,1414,1466
23:12:11.193,s30_9_1_0_b64_mb2,51917,37878,11159,1414,1466
23:12:11.695,s30_9_1_0_b64_mb2,51917,37878,11159,1414,1466
23:12:12.197,s30_9_1_0_b64_mb2,51917,37878,11159,1414,1466
23:12:12.699,s30_9_1_0_b64_mb2,51917,37878,11159,1414,1466
23:12:13.200,s30_9_1_0_b64_mb2,51917,37878,11159,1414,1466
23:12:13.702,s30_9_1_0_b64_mb2,51917,37878,11159,1414,1466
23:12:14.204,s30_9_1_0_b64_mb2,51917,37878,11159,1414,1466
23:12:14.706,s30_9_1_0_b64_mb2,51917,37878,11159,1414,1466
23:12:15.207,s30_9_1_0_b64_mb2,51917,37878,11159,1414,1466
23:12:15.709,s30_9_1_0_b64_mb2,51917,37878,11159,1414,1466
23:12:16.211,s30_9_1_0_b64_mb2,51917,37878,11159,1414,1466
23:12:16.713,s30_9_1_0_b64_mb2,51917,37878,11159,1414,1466
23:12:17.215,s30_9_1_0_b64_mb2,51917,37878,11159,1414,1466
23:12:17.716,s30_9_1_0_b64_mb2,51917,37878,11159,1414,1466
23:12:18.218,s30_9_1_0_b64_mb2,51917,37878,11159,1414,1466
23:12:18.720,s30_9_1_0_b64_mb2,51917,37878,11159,1414,1466
23:12:19.222,s30_9_1_0_b64_mb2,51917,37878,11159,1414,1466
23:12:19.724,s30_9_1_0_b64_mb2,51917,37878,11159,1414,1466
23:12:20.226,s30_9_1_0_b64_mb2,51917,37878,11159,1414,1466
23:12:20.727,s30_9_1_0_b64_mb2,51917,37878,11159,1414,1466
23:12:21.229,s30_9_1_0_b64_mb2,51917,37878,11159,1414,1466
23:12:21.731,s30_9_1_0_b64_mb2,51917,37878,11159,1414,1466
23:12:22.233,s30_9_1_0_b64_mb2,51917,37878,11159,1414,1466
23:12:22.734,s30_9_1_0_b64_mb2,51917,37878,11159,1414,1466
23:12:23.236,s30_9_1_0_b64_mb2,51917,37878,11159,1414,1466
23:12:23.738,s30_9_1_0_b64_mb2,51917,37878,11159,1414,1466
23:12:24.240,s30_9_1_0_b64_mb2,51917,37878,11159,1414,1466
23:12:24.742,s30_9_1_0_b64_mb2,51917,37878,11159,1414,1466
23:12:25.243,s30_9_1_0_b64_mb2,51917,37878,11159,1414,1466
23:12:25.745,s30_9_1_0_b64_mb2,51917,37878,11159,1414,1466
23:12:26.247,s30_9_1_0_b64_mb2,51917,37878,11159,1414,1466
23:12:26.749,s30_9_1_0_b64_mb2,51917,37878,11159,1414,1466
23:12:27.250,s30_9_1_0_b64_mb2,51917,37878,11159,1414,1466
23:12:27.752,s30_9_1_0_b64_mb2,51917,37878,11159,1414,1466
23:12:28.254,s30_9_1_0_b64_mb2,51917,37878,11159,1414,1466
23:12:28.756,s30_9_1_0_b64_mb2,51917,37878,11159,1414,1466
23:12:29.258,s30_9_1_0_b64_mb2,51917,37878,11159,1414,1466
23:12:29.759,s30_9_1_0_b64_mb2,51917,37878,11159,1414,1466
23:12:30.261,s30_9_1_0_b64_mb2,51917,37878,11159,1414,1466
23:12:30.763,s30_9_1_0_b64_mb2,51917,37878,11159,1414,1466
23:12:31.265,s30_9_1_0_b64_mb2,51917,37878,11159,1414,1466
23:12:31.767,s30_9_1_0_b64_mb2,51917,37878,11159,1414,1466
23:12:32.269,s30_9_1_0_b64_mb2,51917,37878,11159,1414,1466
23:12:32.770,s30_9_1_0_b64_mb2,51917,37878,11159,1414,1466
23:12:33.272,s30_9_1_0_b64_mb2,51917,37878,11159,1414,1466
23:12:33.774,s30_9_1_0_b64_mb2,51917,37878,11159,1414,1466
23:12:34.276,s30_9_1_0_b64_mb2,51917,37878,11159,1414,1466
23:12:34.778,s30_9_1_0_b64_mb2,51917,37878,11159,1414,1466
23:12:35.279,s30_9_1_0_b64_mb2,51917,37878,11159,1414,1466
23:12:35.781,s30_9_1_0_b64_mb2,51917,37878,11159,1414,1466
23:12:36.283,s30_9_1_0_b64_mb2,51917,37878,11159,1414,1466
23:12:36.785,s30_9_1_0_b64_mb2,51977,37938,11159,1414,1466
23:12:37.287,s30_9_1_0_b64_mb2,52037,37998,11159,1414,1466
23:12:37.789,s30_9_1_0_b64_mb2,52077,38038,11159,1414,1466
23:12:38.291,s30_9_1_0_b64_mb2,52117,38038,11199,1414,1466
23:12:38.793,s30_9_1_0_b64_mb2,52117,38038,11199,1414,1466
23:12:39.294,s30_9_1_0_b64_mb2,52137,38058,11199,1414,1466
23:12:39.796,s30_9_1_0_b64_mb2,52137,38058,11199,1414,1466
23:12:40.298,s30_9_1_0_b64_mb2,52137,38058,11199,1414,1466
23:12:40.800,s30_9_1_0_b64_mb2,52137,38058,11199,1414,1466
23:12:41.302,s30_9_1_0_b64_mb2,52137,38058,11199,1414,1466
23:12:41.804,s30_9_1_0_b64_mb2,52137,38058,11199,1414,1466
23:12:42.306,s30_9_1_0_b64_mb2,52137,38058,11199,1414,1466
23:12:42.807,s30_9_1_0_b64_mb2,52137,38058,11199,1414,1466
23:12:43.309,s30_9_1_0_b64_mb2,52137,38058,11199,1414,1466
23:12:43.811,s30_9_1_0_b64_mb2,52137,38058,11199,1414,1466
23:12:44.313,s30_9_1_0_b64_mb2,52137,38058,11199,1414,1466
23:12:44.815,s30_9_1_0_b64_mb2,52137,38058,11199,1414,1466
23:12:45.317,s30_9_1_0_b64_mb2,52137,38058,11199,1414,1466
23:12:45.819,s30_9_1_0_b64_mb2,52137,38058,11199,1414,1466
23:12:46.321,s30_9_1_0_b64_mb2,52137,38058,11199,1414,1466
23:12:46.822,s30_9_1_0_b64_mb2,52137,38058,11199,1414,1466
23:12:47.324,s30_9_1_0_b64_mb2,52137,38058,11199,1414,1466
23:12:47.826,s30_9_1_0_b64_mb2,52137,38058,11199,1414,1466
23:12:48.328,s30_9_1_0_b64_mb2,52137,38058,11199,1414,1466
23:12:48.830,s30_9_1_0_b64_mb2,52137,38058,11199,1414,1466
23:12:49.331,s30_9_1_0_b64_mb2,52137,38058,11199,1414,1466
23:12:49.833,s30_9_1_0_b64_mb2,52137,38058,11199,1414,1466
23:12:50.335,s30_9_1_0_b64_mb2,52137,38058,11199,1414,1466
23:12:50.837,s30_9_1_0_b64_mb2,52137,38058,11199,1414,1466
23:12:51.339,s30_9_1_0_b64_mb2,52137,38058,11199,1414,1466
23:12:51.841,s30_9_1_0_b64_mb2,52137,38058,11199,1414,1466
23:12:52.343,s30_9_1_0_b64_mb2,52137,38058,11199,1414,1466
23:12:52.845,s30_9_1_0_b64_mb2,52137,38058,11199,1414,1466
23:12:53.347,s30_9_1_0_b64_mb2,52137,38058,11199,1414,1466
23:12:53.848,s30_9_1_0_b64_mb2,52137,38058,11199,1414,1466
23:12:54.350,s30_9_1_0_b64_mb2,52137,38058,11199,1414,1466
23:12:54.852,s30_9_1_0_b64_mb2,52137,38058,11199,1414,1466
23:12:55.354,s30_9_1_0_b64_mb2,52137,38058,11199,1414,1466
23:12:55.856,s30_9_1_0_b64_mb2,52137,38058,11199,1414,1466
23:12:56.358,s30_9_1_0_b64_mb2,52137,38058,11199,1414,1466
23:12:56.860,s30_9_1_0_b64_mb2,52137,38058,11199,1414,1466
23:12:57.362,s30_9_1_0_b64_mb2,52137,38058,11199,1414,1466
23:12:57.863,s30_9_1_0_b64_mb2,52137,38058,11199,1414,1466
23:12:58.365,s30_9_1_0_b64_mb2,52137,38058,11199,1414,1466
23:12:58.867,s30_9_1_0_b64_mb2,52137,38058,11199,1414,1466
23:12:59.369,s30_9_1_0_b64_mb2,52137,38058,11199,1414,1466
23:12:59.871,s30_9_1_0_b64_mb2,52137,38058,11199,1414,1466
23:13:00.373,s30_9_1_0_b64_mb2,52137,38058,11199,1414,1466
23:13:00.875,s30_9_1_0_b64_mb2,52137,38058,11199,1414,1466
23:13:01.377,s30_9_1_0_b64_mb2,52137,38058,11199,1414,1466
23:13:01.879,s30_9_1_0_b64_mb2,52137,38058,11199,1414,1466
23:13:02.381,s30_9_1_0_b64_mb2,52137,38058,11199,1414,1466
23:13:02.883,s30_9_1_0_b64_mb2,52137,38058,11199,1414,1466
23:13:03.384,s30_9_1_0_b64_mb2,52137,38058,11199,1414,1466
23:13:03.886,s30_9_1_0_b64_mb2,52137,38058,11199,1414,1466
23:13:04.388,s30_9_1_0_b64_mb2,52137,38058,11199,1414,1466
23:13:04.890,s30_9_1_0_b64_mb2,52137,38058,11199,1414,1466
23:13:05.392,s30_9_1_0_b64_mb2,52137,38058,11199,1414,1466
23:13:05.894,s30_9_1_0_b64_mb2,52137,38058,11199,1414,1466
23:13:06.396,s30_9_1_0_b64_mb2,52137,38058,11199,1414,1466
23:13:06.898,s30_9_1_0_b64_mb2,52137,38058,11199,1414,1466
23:13:07.400,s30_9_1_0_b64_mb2,52137,38058,11199,1414,1466
23:13:07.902,s30_9_1_0_b64_mb2,52137,38058,11199,1414,1466
23:13:08.403,s30_9_1_0_b64_mb2,52137,38058,11199,1414,1466
23:13:08.905,s30_9_1_0_b64_mb2,52137,38058,11199,1414,1466
23:13:09.407,s30_9_1_0_b64_mb2,52137,38058,11199,1414,1466
23:13:09.909,s30_9_1_0_b64_mb2,52137,38058,11199,1414,1466
23:13:10.411,s30_9_1_0_b64_mb2,52137,38058,11199,1414,1466
23:13:10.913,s30_9_1_0_b64_mb2,52137,38058,11199,1414,1466
23:13:11.415,s30_9_1_0_b64_mb2,52137,38058,11199,1414,1466
23:13:11.917,s30_9_1_0_b64_mb2,52137,38058,11199,1414,1466
23:13:12.418,s30_9_1_0_b64_mb2,52137,38058,11199,1414,1466
23:13:12.920,s30_9_1_0_b64_mb2,52137,38058,11199,1414,1466
23:13:13.422,s30_9_1_0_b64_mb2,52137,38058,11199,1414,1466
23:13:13.924,s30_9_1_0_b64_mb2,52137,38058,11199,1414,1466
23:13:14.426,s30_9_1_0_b64_mb2,52137,38058,11199,1414,1466
23:13:14.928,s30_9_1_0_b64_mb2,52137,38058,11199,1414,1466
23:13:15.430,s30_9_1_0_b64_mb2,52137,38058,11199,1414,1466
23:13:15.931,s30_9_1_0_b64_mb2,52137,38058,11199,1414,1466
23:13:16.433,s30_9_1_0_b64_mb2,52137,38058,11199,1414,1466
23:13:16.935,s30_9_1_0_b64_mb2,52137,38058,11199,1414,1466
23:13:17.437,s30_9_1_0_b64_mb2,52137,38058,11199,1414,1466
23:13:17.939,s30_9_1_0_b64_mb2,52137,38058,11199,1414,1466
23:13:18.441,s30_9_1_0_b64_mb2,52137,38058,11199,1414,1466
23:13:18.943,s30_9_1_0_b64_mb2,52137,38058,11199,1414,1466
23:13:19.444,s30_9_1_0_b64_mb2,52137,38058,11199,1414,1466
23:13:19.946,s30_9_1_0_b64_mb2,52137,38058,11199,1414,1466
23:13:20.448,s30_9_1_0_b64_mb2,52137,38058,11199,1414,1466
23:13:20.950,s30_9_1_0_b64_mb2,52137,38058,11199,1414,1466
23:13:21.452,s30_9_1_0_b64_mb2,52137,38058,11199,1414,1466
23:13:21.954,s30_9_1_0_b64_mb2,52137,38058,11199,1414,1466
23:13:22.456,s30_9_1_0_b64_mb2,52137,38058,11199,1414,1466
23:13:22.957,s30_9_1_0_b64_mb2,52137,38058,11199,1414,1466
23:13:23.459,s30_9_1_0_b64_mb2,52137,38058,11199,1414,1466
23:13:23.961,s30_9_1_0_b64_mb2,52137,38058,11199,1414,1466
23:13:24.463,s30_9_1_0_b64_mb2,52137,38058,11199,1414,1466
23:13:24.965,s30_9_1_0_b64_mb2,52137,38058,11199,1414,1466
23:13:25.466,s30_9_1_0_b64_mb2,52137,38058,11199,1414,1466
23:13:25.968,s30_9_1_0_b64_mb2,52137,38058,11199,1414,1466
23:13:26.470,s30_9_1_0_b64_mb2,52137,38058,11199,1414,1466
23:13:26.972,s30_9_1_0_b64_mb2,52137,38058,11199,1414,1466
23:13:27.474,s30_9_1_0_b64_mb2,52137,38058,11199,1414,1466
23:13:27.975,s30_9_1_0_b64_mb2,52137,38058,11199,1414,1466
23:13:28.477,s30_9_1_0_b64_mb2,52137,38058,11199,1414,1466
23:13:28.979,s30_9_1_0_b64_mb2,52137,38058,11199,1414,1466
23:13:29.481,s30_9_1_0_b64_mb2,52137,38058,11199,1414,1466
23:13:29.983,s30_9_1_0_b64_mb2,52137,38058,11199,1414,1466
23:13:30.484,s30_9_1_0_b64_mb2,52137,38058,11199,1414,1466
23:13:30.986,s30_9_1_0_b64_mb2,52137,38058,11199,1414,1466
23:13:31.488,s30_9_1_0_b64_mb2,52137,38058,11199,1414,1466
23:13:31.990,s30_9_1_0_b64_mb2,52137,38058,11199,1414,1466
23:13:32.492,s30_9_1_0_b64_mb2,52137,38058,11199,1414,1466
23:13:32.994,s30_9_1_0_b64_mb2,52137,38058,11199,1414,1466
23:13:33.496,s30_9_1_0_b64_mb2,52137,38058,11199,1414,1466
23:13:33.998,s30_9_1_0_b64_mb2,52137,38058,11199,1414,1466
23:13:34.500,s30_9_1_0_b64_mb2,52137,38058,11199,1414,1466
23:13:35.001,s30_9_1_0_b64_mb2,52137,38058,11199,1414,1466
23:13:35.503,s30_9_1_0_b64_mb2,52137,38058,11199,1414,1466
23:13:36.005,s30_9_1_0_b64_mb2,52137,38058,11199,1414,1466
23:13:36.507,s30_9_1_0_b64_mb2,52137,38058,11199,1414,1466
23:13:37.008,s30_9_1_0_b64_mb2,52137,38058,11199,1414,1466
23:13:37.510,s30_9_1_0_b64_mb2,52137,38058,11199,1414,1466
23:13:38.012,s30_9_1_0_b64_mb2,52137,38058,11199,1414,1466
23:13:38.514,s30_9_1_0_b64_mb2,52137,38058,11199,1414,1466
23:13:39.016,s30_9_1_0_b64_mb2,52137,38058,11199,1414,1466
23:13:39.518,s30_9_1_0_b64_mb2,52137,38058,11199,1414,1466
23:13:40.020,s30_9_1_0_b64_mb2,52137,38058,11199,1414,1466
23:13:40.521,s30_9_1_0_b64_mb2,52137,38058,11199,1414,1466
23:13:41.023,s30_9_1_0_b64_mb2,52137,38058,11199,1414,1466
23:13:41.525,s30_9_1_0_b64_mb2,52137,38058,11199,1414,1466
23:13:42.027,s30_9_1_0_b64_mb2,52177,38098,11199,1414,1466
23:13:42.529,s30_9_1_0_b64_mb2,52237,38158,11199,1414,1466
23:13:43.031,s30_9_1_0_b64_mb2,52317,38238,11199,1414,1466
23:13:43.533,s30_9_1_0_b64_mb2,52377,38258,11239,1414,1466
23:13:44.034,s30_9_1_0_b64_mb2,52397,38258,11259,1414,1466
23:13:44.536,s30_9_1_0_b64_mb2,52397,38258,11259,1414,1466
23:13:45.038,s30_9_1_0_b64_mb2,52397,38258,11259,1414,1466
23:13:45.540,s30_9_1_0_b64_mb2,52397,38258,11259,1414,1466
23:13:46.042,s30_9_1_0_b64_mb2,52417,38258,11279,1414,1466
23:13:46.544,s30_9_1_0_b64_mb2,52417,38258,11279,1414,1466
23:13:47.045,s30_9_1_0_b64_mb2,52417,38258,11279,1414,1466
23:13:47.547,s30_9_1_0_b64_mb2,52417,38258,11279,1414,1466
23:13:48.049,s30_9_1_0_b64_mb2,52417,38258,11279,1414,1466
23:13:48.551,s30_9_1_0_b64_mb2,52417,38258,11279,1414,1466
23:13:49.053,s30_9_1_0_b64_mb2,52417,38258,11279,1414,1466
23:13:49.555,s30_9_1_0_b64_mb2,52417,38258,11279,1414,1466
23:13:50.057,s30_9_1_0_b64_mb2,52417,38258,11279,1414,1466
23:13:50.559,s30_9_1_0_b64_mb2,52417,38258,11279,1414,1466
23:13:51.060,s30_9_1_0_b64_mb2,52417,38258,11279,1414,1466
23:13:51.562,s30_9_1_0_b64_mb2,52417,38258,11279,1414,1466
23:13:52.064,s30_9_1_0_b64_mb2,52417,38258,11279,1414,1466
23:13:52.566,s30_9_1_0_b64_mb2,52417,38258,11279,1414,1466
23:13:53.068,s30_9_1_0_b64_mb2,52417,38258,11279,1414,1466
23:13:53.570,s30_9_1_0_b64_mb2,52417,38258,11279,1414,1466
23:13:54.071,s30_9_1_0_b64_mb2,52417,38258,11279,1414,1466
23:13:54.573,s30_9_1_0_b64_mb2,52417,38258,11279,1414,1466
23:13:55.075,s30_9_1_0_b64_mb2,52417,38258,11279,1414,1466
23:13:55.577,s30_9_1_0_b64_mb2,52417,38258,11279,1414,1466
23:13:56.079,s30_9_1_0_b64_mb2,52417,38258,11279,1414,1466
23:13:56.581,s30_9_1_0_b64_mb2,52417,38258,11279,1414,1466
23:13:57.082,s30_9_1_0_b64_mb2,52417,38258,11279,1414,1466
23:13:57.584,s30_9_1_0_b64_mb2,52417,38258,11279,1414,1466
23:13:58.086,s30_9_1_0_b64_mb2,52417,38258,11279,1414,1466
23:13:58.588,s30_9_1_0_b64_mb2,52417,38258,11279,1414,1466
23:13:59.090,s30_9_1_0_b64_mb2,52417,38258,11279,1414,1466
23:13:59.592,s30_9_1_0_b64_mb2,52417,38258,11279,1414,1466
23:14:00.094,s30_9_1_0_b64_mb2,52417,38258,11279,1414,1466
23:14:00.596,s30_9_1_0_b64_mb2,52417,38258,11279,1414,1466
23:14:01.098,s30_9_1_0_b64_mb2,52417,38258,11279,1414,1466
23:14:01.600,s30_9_1_0_b64_mb2,52417,38258,11279,1414,1466
23:14:02.101,s30_9_1_0_b64_mb2,52417,38258,11279,1414,1466
23:14:02.603,s30_9_1_0_b64_mb2,52417,38258,11279,1414,1466
23:14:03.105,s30_9_1_0_b64_mb2,52417,38258,11279,1414,1466
23:14:03.607,s30_9_1_0_b64_mb2,52417,38258,11279,1414,1466
23:14:04.109,s30_9_1_0_b64_mb2,52417,38258,11279,1414,1466
23:14:04.611,s30_9_1_0_b64_mb2,52417,38258,11279,1414,1466
23:14:05.113,s30_9_1_0_b64_mb2,52417,38258,11279,1414,1466
23:14:05.614,s30_9_1_0_b64_mb2,52417,38258,11279,1414,1466
23:14:06.116,s30_9_1_0_b64_mb2,52417,38258,11279,1414,1466
23:14:06.618,s30_9_1_0_b64_mb2,52417,38258,11279,1414,1466
23:14:07.120,s30_9_1_0_b64_mb2,52417,38258,11279,1414,1466
23:14:07.622,s30_9_1_0_b64_mb2,52417,38258,11279,1414,1466
23:14:08.123,s30_9_1_0_b64_mb2,52417,38258,11279,1414,1466
23:14:08.625,s30_9_1_0_b64_mb2,52417,38258,11279,1414,1466
23:14:09.127,s30_9_1_0_b64_mb2,52417,38258,11279,1414,1466
23:14:09.629,s30_9_1_0_b64_mb2,52417,38258,11279,1414,1466
23:14:10.131,s30_9_1_0_b64_mb2,52417,38258,11279,1414,1466
23:14:10.632,s30_9_1_0_b64_mb2,52417,38258,11279,1414,1466
23:14:11.134,s30_9_1_0_b64_mb2,52417,38258,11279,1414,1466
23:14:11.636,s30_9_1_0_b64_mb2,52417,38258,11279,1414,1466
23:14:12.138,s30_9_1_0_b64_mb2,52417,38258,11279,1414,1466
23:14:12.639,s30_9_1_0_b64_mb2,52417,38258,11279,1414,1466
23:14:13.141,s30_9_1_0_b64_mb2,52417,38258,11279,1414,1466
23:14:13.643,s30_9_1_0_b64_mb2,52417,38258,11279,1414,1466
23:14:14.145,s30_9_1_0_b64_mb2,52417,38258,11279,1414,1466
23:14:14.647,s30_9_1_0_b64_mb2,52417,38258,11279,1414,1466
23:14:15.149,s30_9_1_0_b64_mb2,52417,38258,11279,1414,1466
23:14:15.650,s30_9_1_0_b64_mb2,52417,38258,11279,1414,1466
23:14:16.152,s30_9_1_0_b64_mb2,52417,38258,11279,1414,1466
23:14:16.654,s30_9_1_0_b64_mb2,52417,38258,11279,1414,1466
23:14:17.156,s30_9_1_0_b64_mb2,52417,38258,11279,1414,1466
23:14:17.658,s30_9_1_0_b64_mb2,52417,38258,11279,1414,1466
23:14:18.159,s30_9_1_0_b64_mb2,52417,38258,11279,1414,1466
23:14:18.661,s30_9_1_0_b64_mb2,52417,38258,11279,1414,1466
23:14:19.163,s30_9_1_0_b64_mb2,52417,38258,11279,1414,1466
23:14:19.665,s30_9_1_0_b64_mb2,52417,38258,11279,1414,1466
23:14:20.166,s30_9_1_0_b64_mb2,52417,38258,11279,1414,1466
23:14:20.668,s30_9_1_0_b64_mb2,52417,38258,11279,1414,1466
23:14:21.170,s30_9_1_0_b64_mb2,52417,38258,11279,1414,1466
23:14:21.672,s30_9_1_0_b64_mb2,52417,38258,11279,1414,1466
23:14:22.174,s30_9_1_0_b64_mb2,52417,38258,11279,1414,1466
23:14:22.676,s30_9_1_0_b64_mb2,52417,38258,11279,1414,1466
23:14:23.178,s30_9_1_0_b64_mb2,52417,38258,11279,1414,1466
23:14:23.679,s30_9_1_0_b64_mb2,52417,38258,11279,1414,1466
23:14:24.181,s30_9_1_0_b64_mb2,52417,38258,11279,1414,1466
23:14:24.683,s30_9_1_0_b64_mb2,52417,38258,11279,1414,1466
23:14:25.185,s30_9_1_0_b64_mb2,52417,38258,11279,1414,1466
23:14:25.687,s30_9_1_0_b64_mb2,52417,38258,11279,1414,1466
23:14:26.188,s30_9_1_0_b64_mb2,52417,38258,11279,1414,1466
23:14:26.690,s30_9_1_0_b64_mb2,52417,38258,11279,1414,1466
23:14:27.192,s30_9_1_0_b64_mb2,52417,38258,11279,1414,1466
23:14:27.694,s30_9_1_0_b64_mb2,52417,38258,11279,1414,1466
23:14:28.196,s30_9_1_0_b64_mb2,52417,38258,11279,1414,1466
23:14:28.697,s30_9_1_0_b64_mb2,52417,38258,11279,1414,1466
23:14:29.199,s30_9_1_0_b64_mb2,52417,38258,11279,1414,1466
23:14:29.701,s30_9_1_0_b64_mb2,52417,38258,11279,1414,1466
23:14:30.203,s30_9_1_0_b64_mb2,52417,38258,11279,1414,1466
23:14:30.704,s30_9_1_0_b64_mb2,52417,38258,11279,1414,1466
23:14:31.206,s30_9_1_0_b64_mb2,52417,38258,11279,1414,1466
23:14:31.708,s30_9_1_0_b64_mb2,52417,38258,11279,1414,1466
23:14:32.210,s30_9_1_0_b64_mb2,52417,38258,11279,1414,1466
23:14:32.712,s30_9_1_0_b64_mb2,52417,38258,11279,1414,1466
23:14:33.214,s30_9_1_0_b64_mb2,52417,38258,11279,1414,1466
23:14:33.715,s30_9_1_0_b64_mb2,52417,38258,11279,1414,1466
23:14:34.217,s30_9_1_0_b64_mb2,52417,38258,11279,1414,1466
23:14:34.719,s30_9_1_0_b64_mb2,52417,38258,11279,1414,1466
23:14:35.221,s30_9_1_0_b64_mb2,52417,38258,11279,1414,1466
23:14:35.722,s30_9_1_0_b64_mb2,52417,38258,11279,1414,1466
23:14:36.224,s30_9_1_0_b64_mb2,52417,38258,11279,1414,1466
23:14:36.726,s30_9_1_0_b64_mb2,52417,38258,11279,1414,1466
23:14:37.228,s30_9_1_0_b64_mb2,52417,38258,11279,1414,1466
23:14:37.730,s30_9_1_0_b64_mb2,52417,38258,11279,1414,1466
23:14:38.231,s30_9_1_0_b64_mb2,52417,38258,11279,1414,1466
23:14:38.733,s30_9_1_0_b64_mb2,52417,38258,11279,1414,1466
23:14:39.235,s30_9_1_0_b64_mb2,52417,38258,11279,1414,1466
23:14:39.737,s30_9_1_0_b64_mb2,52417,38258,11279,1414,1466
23:14:40.238,s30_9_1_0_b64_mb2,52417,38258,11279,1414,1466
23:14:40.740,s30_9_1_0_b64_mb2,52417,38258,11279,1414,1466
23:14:41.242,s30_9_1_0_b64_mb2,52417,38258,11279,1414,1466
23:14:41.744,s30_9_1_0_b64_mb2,52417,38258,11279,1414,1466
23:14:42.245,s30_9_1_0_b64_mb2,52417,38258,11279,1414,1466
23:14:42.747,s30_9_1_0_b64_mb2,52417,38258,11279,1414,1466
23:14:43.249,s30_9_1_0_b64_mb2,52417,38258,11279,1414,1466
23:14:43.751,s30_9_1_0_b64_mb2,52417,38258,11279,1414,1466
23:14:44.253,s30_9_1_0_b64_mb2,52417,38258,11279,1414,1466
23:14:44.755,s30_9_1_0_b64_mb2,52417,38258,11279,1414,1466
23:14:45.256,s30_9_1_0_b64_mb2,52417,38258,11279,1414,1466
23:14:45.758,s30_9_1_0_b64_mb2,52417,38258,11279,1414,1466
23:14:46.260,s30_9_1_0_b64_mb2,52417,38258,11279,1414,1466
23:14:46.762,s30_9_1_0_b64_mb2,52417,38258,11279,1414,1466
23:14:47.264,s30_9_1_0_b64_mb2,52417,38258,11279,1414,1466
23:14:47.766,s30_9_1_0_b64_mb2,52417,38258,11279,1414,1466
23:14:48.267,s30_9_1_0_b64_mb2,52417,38258,11279,1414,1466
23:14:48.769,s30_9_1_0_b64_mb2,52417,38258,11279,1414,1466
23:14:49.271,s30_9_1_0_b64_mb2,52417,38258,11279,1414,1466
23:14:49.773,s30_9_1_0_b64_mb2,52417,38258,11279,1414,1466
23:14:50.275,s30_9_1_0_b64_mb2,52417,38258,11279,1414,1466
23:14:50.777,s30_9_1_0_b64_mb2,52417,38258,11279,1414,1466
23:14:51.279,s30_9_1_0_b64_mb2,52417,38258,11279,1414,1466
23:14:51.780,s30_9_1_0_b64_mb2,52417,38258,11279,1414,1466
23:14:52.282,s30_9_1_0_b64_mb2,52417,38258,11279,1414,1466
23:14:52.784,s30_9_1_0_b64_mb2,52417,38258,11279,1414,1466
23:14:53.286,s30_9_1_0_b64_mb2,52417,38258,11279,1414,1466
23:14:53.788,s30_9_1_0_b64_mb2,52417,38258,11279,1414,1466
23:14:54.290,s30_9_1_0_b64_mb2,52417,38258,11279,1414,1466
23:14:54.791,s30_9_1_0_b64_mb2,52417,38258,11279,1414,1466
23:14:55.293,s30_9_1_0_b64_mb2,52417,38258,11279,1414,1466
23:14:55.795,s30_9_1_0_b64_mb2,52417,38258,11279,1414,1466
23:14:56.297,s30_9_1_0_b64_mb2,52417,38258,11279,1414,1466
23:14:56.799,s30_9_1_0_b64_mb2,52417,38258,11279,1414,1466
23:14:57.301,s30_9_1_0_b64_mb2,52417,38258,11279,1414,1466
23:14:57.803,s30_9_1_0_b64_mb2,52457,38278,11279,1414,1466
23:14:58.305,s30_9_1_0_b64_mb2,52537,38378,11279,1414,1466
23:14:58.807,s30_9_1_0_b64_mb2,52617,38458,11279,1414,1466
23:14:59.308,s30_9_1_0_b64_mb2,52657,38498,11299,1414,1466
23:14:59.810,s30_9_1_0_b64_mb2,52717,38498,11339,1414,1466
23:15:00.312,s30_9_1_0_b64_mb2,52717,38498,11339,1414,1466
23:15:00.814,s30_9_1_0_b64_mb2,52717,38498,11339,1414,1466
23:15:01.316,s30_9_1_0_b64_mb2,52717,38498,11339,1414,1466
23:15:01.818,s30_9_1_0_b64_mb2,52717,38498,11339,1414,1466
23:15:02.320,s30_9_1_0_b64_mb2,52717,38498,11339,1414,1466
23:15:02.821,s30_9_1_0_b64_mb2,52737,38498,11339,1434,1466
23:15:03.323,s30_9_1_0_b64_mb2,52737,38498,11339,1434,1466
23:15:03.825,s30_9_1_0_b64_mb2,52737,38498,11339,1434,1466
23:15:04.327,s30_9_1_0_b64_mb2,52737,38498,11339,1434,1466
23:15:04.829,s30_9_1_0_b64_mb2,52737,38498,11339,1434,1466
23:15:05.330,s30_9_1_0_b64_mb2,52737,38498,11339,1434,1466
23:15:05.832,s30_9_1_0_b64_mb2,52737,38498,11339,1434,1466
23:15:06.334,s30_9_1_0_b64_mb2,52737,38498,11339,1434,1466
23:15:06.836,s30_9_1_0_b64_mb2,52737,38498,11339,1434,1466
23:15:07.338,s30_9_1_0_b64_mb2,52737,38498,11339,1434,1466
23:15:07.839,s30_9_1_0_b64_mb2,52737,38498,11339,1434,1466
23:15:08.341,s30_9_1_0_b64_mb2,52737,38498,11339,1434,1466
23:15:08.843,s30_9_1_0_b64_mb2,52737,38498,11339,1434,1466
23:15:09.345,s30_9_1_0_b64_mb2,52737,38498,11339,1434,1466
23:15:09.847,s30_9_1_0_b64_mb2,52737,38498,11339,1434,1466
23:15:10.348,s30_9_1_0_b64_mb2,52737,38498,11339,1434,1466
23:15:10.850,s30_9_1_0_b64_mb2,52737,38498,11339,1434,1466
23:15:11.352,s30_9_1_0_b64_mb2,52737,38498,11339,1434,1466
23:15:11.854,s30_9_1_0_b64_mb2,52737,38498,11339,1434,1466
23:15:12.356,s30_9_1_0_b64_mb2,52737,38498,11339,1434,1466
23:15:12.858,s30_9_1_0_b64_mb2,52737,38498,11339,1434,1466
23:15:13.359,s30_9_1_0_b64_mb2,52737,38498,11339,1434,1466
23:15:13.861,s30_9_1_0_b64_mb2,52737,38498,11339,1434,1466
23:15:14.363,s30_9_1_0_b64_mb2,52737,38498,11339,1434,1466
23:15:14.865,s30_9_1_0_b64_mb2,52737,38498,11339,1434,1466
23:15:15.367,s30_9_1_0_b64_mb2,52737,38498,11339,1434,1466
23:15:15.868,s30_9_1_0_b64_mb2,52737,38498,11339,1434,1466
23:15:16.370,s30_9_1_0_b64_mb2,52737,38498,11339,1434,1466
23:15:16.872,s30_9_1_0_b64_mb2,52737,38498,11339,1434,1466
23:15:17.374,s30_9_1_0_b64_mb2,52737,38498,11339,1434,1466
23:15:17.876,s30_9_1_0_b64_mb2,52737,38498,11339,1434,1466
23:15:18.378,s30_9_1_0_b64_mb2,52737,38498,11339,1434,1466
23:15:18.879,s30_9_1_0_b64_mb2,52737,38498,11339,1434,1466
23:15:19.381,s30_9_1_0_b64_mb2,52737,38498,11339,1434,1466
23:15:19.883,s30_9_1_0_b64_mb2,52737,38498,11339,1434,1466
23:15:20.385,s30_9_1_0_b64_mb2,52737,38498,11339,1434,1466
23:15:20.886,s30_9_1_0_b64_mb2,52737,38498,11339,1434,1466
23:15:21.388,s30_9_1_0_b64_mb2,52737,38498,11339,1434,1466
23:15:21.890,s30_9_1_0_b64_mb2,52737,38498,11339,1434,1466
23:15:22.392,s30_9_1_0_b64_mb2,52737,38498,11339,1434,1466
23:15:22.894,s30_9_1_0_b64_mb2,52737,38498,11339,1434,1466
23:15:23.396,s30_9_1_0_b64_mb2,52737,38498,11339,1434,1466
23:15:23.897,s30_9_1_0_b64_mb2,52737,38498,11339,1434,1466
23:15:24.399,s30_9_1_0_b64_mb2,52737,38498,11339,1434,1466
23:15:24.901,s30_9_1_0_b64_mb2,52737,38498,11339,1434,1466
23:15:25.403,s30_9_1_0_b64_mb2,52737,38498,11339,1434,1466
23:15:25.905,s30_9_1_0_b64_mb2,52737,38498,11339,1434,1466
23:15:26.407,s30_9_1_0_b64_mb2,52737,38498,11339,1434,1466
23:15:26.908,s30_9_1_0_b64_mb2,52737,38498,11339,1434,1466
23:15:27.410,s30_9_1_0_b64_mb2,52737,38498,11339,1434,1466
23:15:27.912,s30_9_1_0_b64_mb2,52737,38498,11339,1434,1466
23:15:28.414,s30_9_1_0_b64_mb2,52737,38498,11339,1434,1466
23:15:28.916,s30_9_1_0_b64_mb2,52737,38498,11339,1434,1466
23:15:29.417,s30_9_1_0_b64_mb2,52737,38498,11339,1434,1466
23:15:29.919,s30_9_1_0_b64_mb2,52737,38498,11339,1434,1466
23:15:30.421,s30_9_1_0_b64_mb2,52737,38498,11339,1434,1466
23:15:30.923,s30_9_1_0_b64_mb2,52737,38498,11339,1434,1466
23:15:31.425,s30_9_1_0_b64_mb2,52737,38498,11339,1434,1466
23:15:31.926,s30_9_1_0_b64_mb2,52737,38498,11339,1434,1466
23:15:32.428,s30_9_1_0_b64_mb2,52737,38498,11339,1434,1466
23:15:32.930,s30_9_1_0_b64_mb2,52737,38498,11339,1434,1466
23:15:33.432,s30_9_1_0_b64_mb2,52737,38498,11339,1434,1466
23:15:33.934,s30_9_1_0_b64_mb2,52737,38498,11339,1434,1466
23:15:34.435,s30_9_1_0_b64_mb2,52737,38498,11339,1434,1466
23:15:34.937,s30_9_1_0_b64_mb2,52737,38498,11339,1434,1466
23:15:35.439,s30_9_1_0_b64_mb2,52737,38498,11339,1434,1466
23:15:35.941,s30_9_1_0_b64_mb2,52737,38498,11339,1434,1466
23:15:36.443,s30_9_1_0_b64_mb2,52737,38498,11339,1434,1466
23:15:36.945,s30_9_1_0_b64_mb2,52737,38498,11339,1434,1466
23:15:37.447,s30_9_1_0_b64_mb2,52737,38498,11339,1434,1466
23:15:37.948,s30_9_1_0_b64_mb2,52737,38498,11339,1434,1466
23:15:38.450,s30_9_1_0_b64_mb2,52737,38498,11339,1434,1466
23:15:38.952,s30_9_1_0_b64_mb2,52737,38498,11339,1434,1466
23:15:39.454,s30_9_1_0_b64_mb2,52737,38498,11339,1434,1466
23:15:39.956,s30_9_1_0_b64_mb2,52737,38498,11339,1434,1466
23:15:40.458,s30_9_1_0_b64_mb2,52737,38498,11339,1434,1466
23:15:40.959,s30_9_1_0_b64_mb2,52737,38498,11339,1434,1466
23:15:41.461,s30_9_1_0_b64_mb2,52737,38498,11339,1434,1466
23:15:41.963,s30_9_1_0_b64_mb2,52737,38498,11339,1434,1466
23:15:42.465,s30_9_1_0_b64_mb2,52737,38498,11339,1434,1466
23:15:42.967,s30_9_1_0_b64_mb2,52737,38498,11339,1434,1466
23:15:43.469,s30_9_1_0_b64_mb2,52737,38498,11339,1434,1466
23:15:43.971,s30_9_1_0_b64_mb2,52737,38498,11339,1434,1466
23:15:44.472,s30_9_1_0_b64_mb2,52737,38498,11339,1434,1466
23:15:44.974,s30_9_1_0_b64_mb2,52737,38498,11339,1434,1466
23:15:45.476,s30_9_1_0_b64_mb2,52737,38498,11339,1434,1466
23:15:45.978,s30_9_1_0_b64_mb2,52737,38498,11339,1434,1466
23:15:46.480,s30_9_1_0_b64_mb2,52737,38498,11339,1434,1466
23:15:46.982,s30_9_1_0_b64_mb2,52737,38498,11339,1434,1466
23:15:47.483,s30_9_1_0_b64_mb2,52737,38498,11339,1434,1466
23:15:47.985,s30_9_1_0_b64_mb2,52737,38498,11339,1434,1466
23:15:48.487,s30_9_1_0_b64_mb2,52737,38498,11339,1434,1466
23:15:48.989,s30_9_1_0_b64_mb2,52737,38498,11339,1434,1466
23:15:49.491,s30_9_1_0_b64_mb2,52737,38498,11339,1434,1466
23:15:49.993,s30_9_1_0_b64_mb2,52737,38498,11339,1434,1466
23:15:50.495,s30_9_1_0_b64_mb2,52737,38498,11339,1434,1466
23:15:50.996,s30_9_1_0_b64_mb2,52737,38498,11339,1434,1466
23:15:51.498,s30_9_1_0_b64_mb2,52737,38498,11339,1434,1466
23:15:52.000,s30_9_1_0_b64_mb2,52737,38498,11339,1434,1466
23:15:52.502,s30_9_1_0_b64_mb2,52737,38498,11339,1434,1466
23:15:53.004,s30_9_1_0_b64_mb2,52737,38498,11339,1434,1466
23:15:53.506,s30_9_1_0_b64_mb2,52737,38498,11339,1434,1466
23:15:54.007,s30_9_1_0_b64_mb2,52737,38498,11339,1434,1466
23:15:54.509,s30_9_1_0_b64_mb2,52737,38498,11339,1434,1466
23:15:55.011,s30_9_1_0_b64_mb2,52737,38498,11339,1434,1466
23:15:55.513,s30_9_1_0_b64_mb2,52737,38498,11339,1434,1466
23:15:56.015,s30_9_1_0_b64_mb2,52737,38498,11339,1434,1466
23:15:56.517,s30_9_1_0_b64_mb2,52737,38498,11339,1434,1466
23:15:57.019,s30_9_1_0_b64_mb2,52737,38498,11339,1434,1466
23:15:57.520,s30_9_1_0_b64_mb2,52737,38498,11339,1434,1466
23:15:58.022,s30_9_1_0_b64_mb2,52737,38498,11339,1434,1466
23:15:58.524,s30_9_1_0_b64_mb2,52737,38498,11339,1434,1466
23:15:59.026,s30_9_1_0_b64_mb2,52737,38498,11339,1434,1466
23:15:59.528,s30_9_1_0_b64_mb2,52737,38498,11339,1434,1466
23:16:00.030,s30_9_1_0_b64_mb2,52737,38498,11339,1434,1466
23:16:00.532,s30_9_1_0_b64_mb2,52737,38498,11339,1434,1466
23:16:01.034,s30_9_1_0_b64_mb2,52737,38498,11339,1434,1466
23:16:01.536,s30_9_1_0_b64_mb2,52737,38498,11339,1434,1466
23:16:02.037,s30_9_1_0_b64_mb2,52737,38498,11339,1434,1466
23:16:02.539,s30_9_1_0_b64_mb2,52737,38498,11339,1434,1466
23:16:03.041,s30_9_1_0_b64_mb2,52737,38498,11339,1434,1466
23:16:03.543,s30_9_1_0_b64_mb2,52737,38498,11339,1434,1466
23:16:04.045,s30_9_1_0_b64_mb2,52737,38498,11339,1434,1466
23:16:04.547,s30_9_1_0_b64_mb2,52737,38498,11339,1434,1466
23:16:05.048,s30_9_1_0_b64_mb2,52737,38498,11339,1434,1466
23:16:05.550,s30_9_1_0_b64_mb2,52737,38498,11339,1434,1466
23:16:06.052,s30_9_1_0_b64_mb2,52737,38498,11339,1434,1466
23:16:06.554,s30_9_1_0_b64_mb2,52737,38498,11339,1434,1466
23:16:07.056,s30_9_1_0_b64_mb2,52737,38498,11339,1434,1466
23:16:07.557,s30_9_1_0_b64_mb2,52737,38498,11339,1434,1466
23:16:08.059,s30_9_1_0_b64_mb2,52737,38498,11339,1434,1466
23:16:08.561,s30_9_1_0_b64_mb2,52737,38498,11339,1434,1466
23:16:09.063,s30_9_1_0_b64_mb2,52737,38498,11339,1434,1466
23:16:09.564,s30_9_1_0_b64_mb2,52737,38498,11339,1434,1466
23:16:10.066,s30_9_1_0_b64_mb2,52737,38498,11339,1434,1466
23:16:10.568,s30_9_1_0_b64_mb2,52737,38498,11339,1434,1466
23:16:11.070,s30_9_1_0_b64_mb2,52737,38498,11339,1434,1466
23:16:11.571,s30_9_1_0_b64_mb2,52737,38498,11339,1434,1466
23:16:12.073,s30_9_1_0_b64_mb2,52737,38498,11339,1434,1466
23:16:12.575,s30_9_1_0_b64_mb2,52737,38498,11339,1434,1466
23:16:13.077,s30_9_1_0_b64_mb2,52737,38498,11339,1434,1466
23:16:13.579,s30_9_1_0_b64_mb2,52737,38498,11339,1434,1466
23:16:14.080,s30_9_1_0_b64_mb2,52737,38498,11339,1434,1466
23:16:14.582,s30_9_1_0_b64_mb2,52737,38498,11339,1434,1466
23:16:15.084,s30_9_1_0_b64_mb2,52737,38498,11339,1434,1466
23:16:15.586,s30_9_1_0_b64_mb2,52737,38498,11339,1434,1466
23:16:16.088,s30_9_1_0_b64_mb2,52737,38498,11339,1434,1466
23:16:16.589,s30_9_1_0_b64_mb2,52737,38498,11339,1434,1466
23:16:17.091,s30_9_1_0_b64_mb2,52737,38498,11339,1434,1466
23:16:17.593,s30_9_1_0_b64_mb2,52737,38498,11339,1434,1466
23:16:18.095,s30_9_1_0_b64_mb2,52737,38498,11339,1434,1466
23:16:18.597,s30_9_1_0_b64_mb2,52737,38498,11339,1434,1466
23:16:19.099,s30_9_1_0_b64_mb2,52737,38498,11339,1434,1466
23:16:19.601,s30_9_1_0_b64_mb2,52737,38498,11339,1434,1466
23:16:20.102,s30_9_1_0_b64_mb2,52737,38498,11339,1434,1466
23:16:20.604,s30_9_1_0_b64_mb2,52737,38498,11339,1434,1466
23:16:21.106,s30_9_1_0_b64_mb2,52737,38498,11339,1434,1466
23:16:21.608,s30_9_1_0_b64_mb2,52737,38498,11339,1434,1466
23:16:22.110,s30_9_1_0_b64_mb2,52737,38498,11339,1434,1466
23:16:22.611,s30_9_1_0_b64_mb2,52737,38498,11339,1434,1466
23:16:23.113,s30_9_1_0_b64_mb2,52737,38498,11339,1434,1466
23:16:23.615,s30_9_1_0_b64_mb2,52737,38498,11339,1434,1466
23:16:24.117,s30_9_1_0_b64_mb2,52737,38498,11339,1434,1466
23:16:24.619,s30_9_1_0_b64_mb2,52737,38498,11339,1434,1466
23:16:25.120,s30_9_1_0_b64_mb2,52737,38498,11339,1434,1466
23:16:25.622,s30_9_1_0_b64_mb2,52737,38498,11339,1434,1466
23:16:26.124,s30_9_1_0_b64_mb2,52737,38498,11339,1434,1466
23:16:26.626,s30_9_1_0_b64_mb2,52737,38498,11339,1434,1466
23:16:27.127,s30_9_1_0_b64_mb2,52737,38498,11339,1434,1466
23:16:27.629,s30_9_1_0_b64_mb2,52737,38578,11339,1434,1466
23:16:28.131,s30_9_1_0_b64_mb2,52837,38678,11339,1434,1466
23:16:28.633,s30_9_1_0_b64_mb2,52937,38778,11339,1434,1466
23:16:29.134,s30_9_1_0_b64_mb2,53037,38798,11339,1434,1466
23:16:29.636,s30_9_1_0_b64_mb2,53097,38798,11399,1434,1466
23:16:30.138,s30_9_1_0_b64_mb2,53117,38798,11419,1434,1466
23:16:30.640,s30_9_1_0_b64_mb2,53117,38798,11419,1434,1466
23:16:31.141,s30_9_1_0_b64_mb2,53117,38798,11419,1434,1466
23:16:31.643,s30_9_1_0_b64_mb2,53117,38798,11419,1434,1466
23:16:32.145,s30_9_1_0_b64_mb2,53137,38798,11439,1434,1466
23:16:32.647,s30_9_1_0_b64_mb2,53137,38798,11439,1434,1466
23:16:33.149,s30_9_1_0_b64_mb2,53137,38798,11439,1434,1466
23:16:33.650,s30_9_1_0_b64_mb2,53137,38798,11439,1434,1466
23:16:34.152,s30_9_1_0_b64_mb2,53137,38798,11439,1434,1466
23:16:34.654,s30_9_1_0_b64_mb2,53137,38798,11439,1434,1466
23:16:35.156,s30_9_1_0_b64_mb2,53137,38798,11439,1434,1466
23:16:35.658,s30_9_1_0_b64_mb2,53137,38798,11439,1434,1466
23:16:36.160,s30_9_1_0_b64_mb2,53137,38798,11439,1434,1466
23:16:36.661,s30_9_1_0_b64_mb2,53137,38798,11439,1434,1466
23:16:37.163,s30_9_1_0_b64_mb2,53137,38798,11439,1434,1466
23:16:37.665,s30_9_1_0_b64_mb2,53137,38798,11439,1434,1466
23:16:38.167,s30_9_1_0_b64_mb2,53137,38798,11439,1434,1466
23:16:38.669,s30_9_1_0_b64_mb2,53137,38798,11439,1434,1466
23:16:39.170,s30_9_1_0_b64_mb2,53137,38798,11439,1434,1466
23:16:39.672,s30_9_1_0_b64_mb2,53137,38798,11439,1434,1466
23:16:40.174,s30_9_1_0_b64_mb2,53137,38798,11439,1434,1466
23:16:40.676,s30_9_1_0_b64_mb2,53137,38798,11439,1434,1466
23:16:41.178,s30_9_1_0_b64_mb2,53137,38798,11439,1434,1466
23:16:41.679,s30_9_1_0_b64_mb2,53137,38798,11439,1434,1466
23:16:42.181,s30_9_1_0_b64_mb2,53137,38798,11439,1434,1466
23:16:42.683,s30_9_1_0_b64_mb2,53137,38798,11439,1434,1466
23:16:43.185,s30_9_1_0_b64_mb2,53137,38798,11439,1434,1466
23:16:43.687,s30_9_1_0_b64_mb2,53137,38798,11439,1434,1466
23:16:44.189,s30_9_1_0_b64_mb2,53137,38798,11439,1434,1466
23:16:44.691,s30_9_1_0_b64_mb2,53137,38798,11439,1434,1466
23:16:45.192,s30_9_1_0_b64_mb2,53137,38798,11439,1434,1466
23:16:45.694,s30_9_1_0_b64_mb2,53137,38798,11439,1434,1466
23:16:46.196,s30_9_1_0_b64_mb2,53137,38798,11439,1434,1466
23:16:46.698,s30_9_1_0_b64_mb2,53137,38798,11439,1434,1466
23:16:47.199,s30_9_1_0_b64_mb2,53137,38798,11439,1434,1466
23:16:47.701,s30_9_1_0_b64_mb2,53137,38798,11439,1434,1466
23:16:48.203,s30_9_1_0_b64_mb2,53137,38798,11439,1434,1466
23:16:48.705,s30_9_1_0_b64_mb2,53137,38798,11439,1434,1466
23:16:49.207,s30_9_1_0_b64_mb2,53137,38798,11439,1434,1466
23:16:49.708,s30_9_1_0_b64_mb2,53137,38798,11439,1434,1466
23:16:50.210,s30_9_1_0_b64_mb2,53137,38798,11439,1434,1466
23:16:50.712,s30_9_1_0_b64_mb2,53137,38798,11439,1434,1466
23:16:51.214,s30_9_1_0_b64_mb2,53137,38798,11439,1434,1466
23:16:51.715,s30_9_1_0_b64_mb2,53137,38798,11439,1434,1466
23:16:52.217,s30_9_1_0_b64_mb2,53137,38798,11439,1434,1466
23:16:52.719,s30_9_1_0_b64_mb2,53137,38798,11439,1434,1466
23:16:53.221,s30_9_1_0_b64_mb2,53137,38798,11439,1434,1466
23:16:53.723,s30_9_1_0_b64_mb2,53137,38798,11439,1434,1466
23:16:54.224,s30_9_1_0_b64_mb2,53137,38798,11439,1434,1466
23:16:54.726,s30_9_1_0_b64_mb2,53137,38798,11439,1434,1466
23:16:55.228,s30_9_1_0_b64_mb2,53137,38798,11439,1434,1466
23:16:55.730,s30_9_1_0_b64_mb2,53137,38798,11439,1434,1466
23:16:56.232,s30_9_1_0_b64_mb2,53137,38798,11439,1434,1466
23:16:56.733,s30_9_1_0_b64_mb2,53137,38798,11439,1434,1466
23:16:57.235,s30_9_1_0_b64_mb2,53137,38798,11439,1434,1466
23:16:57.737,s30_9_1_0_b64_mb2,53137,38798,11439,1434,1466
23:16:58.239,s30_9_1_0_b64_mb2,53137,38798,11439,1434,1466
23:16:58.741,s30_9_1_0_b64_mb2,53137,38798,11439,1434,1466
23:16:59.243,s30_9_1_0_b64_mb2,53137,38798,11439,1434,1466
23:16:59.745,s30_9_1_0_b64_mb2,53137,38798,11439,1434,1466
23:17:00.247,s30_9_1_0_b64_mb2,53137,38798,11439,1434,1466
23:17:00.749,s30_9_1_0_b64_mb2,53137,38798,11439,1434,1466
23:17:01.251,s30_9_1_0_b64_mb2,53137,38798,11439,1434,1466
23:17:01.753,s30_9_1_0_b64_mb2,53137,38798,11439,1434,1466
23:17:02.254,s30_9_1_0_b64_mb2,53137,38798,11439,1434,1466
23:17:02.756,s30_9_1_0_b64_mb2,53137,38798,11439,1434,1466
23:17:03.258,s30_9_1_0_b64_mb2,53137,38798,11439,1434,1466
23:17:03.760,s30_9_1_0_b64_mb2,53137,38798,11439,1434,1466
23:17:04.262,s30_9_1_0_b64_mb2,53137,38798,11439,1434,1466
23:17:04.764,s30_9_1_0_b64_mb2,53137,38798,11439,1434,1466
23:17:05.265,s30_9_1_0_b64_mb2,53137,38798,11439,1434,1466
23:17:05.767,s30_9_1_0_b64_mb2,53137,38798,11439,1434,1466
23:17:06.269,s30_9_1_0_b64_mb2,53137,38798,11439,1434,1466
23:17:06.771,s30_9_1_0_b64_mb2,53137,38798,11439,1434,1466
23:17:07.273,s30_9_1_0_b64_mb2,53137,38798,11439,1434,1466
23:17:07.774,s30_9_1_0_b64_mb2,53137,38798,11439,1434,1466
23:17:08.276,s30_9_1_0_b64_mb2,53137,38798,11439,1434,1466
23:17:08.778,s30_9_1_0_b64_mb2,53137,38798,11439,1434,1466
23:17:09.280,s30_9_1_0_b64_mb2,53137,38798,11439,1434,1466
23:17:09.782,s30_9_1_0_b64_mb2,53137,38798,11439,1434,1466
23:17:10.284,s30_9_1_0_b64_mb2,53137,38798,11439,1434,1466
23:17:10.786,s30_9_1_0_b64_mb2,53137,38798,11439,1434,1466
23:17:11.288,s30_9_1_0_b64_mb2,53137,38798,11439,1434,1466
23:17:11.790,s30_9_1_0_b64_mb2,53137,38798,11439,1434,1466
23:17:12.291,s30_9_1_0_b64_mb2,53137,38798,11439,1434,1466
23:17:12.793,s30_9_1_0_b64_mb2,53137,38798,11439,1434,1466
23:17:13.295,s30_9_1_0_b64_mb2,53137,38798,11439,1434,1466
23:17:13.797,s30_9_1_0_b64_mb2,53137,38798,11439,1434,1466
23:17:14.299,s30_9_1_0_b64_mb2,53137,38798,11439,1434,1466
23:17:14.801,s30_9_1_0_b64_mb2,53137,38798,11439,1434,1466
23:17:15.302,s30_9_1_0_b64_mb2,53137,38798,11439,1434,1466
23:17:15.804,s30_9_1_0_b64_mb2,53137,38798,11439,1434,1466
23:17:16.306,s30_9_1_0_b64_mb2,53137,38798,11439,1434,1466
23:17:16.808,s30_9_1_0_b64_mb2,53137,38798,11439,1434,1466
23:17:17.310,s30_9_1_0_b64_mb2,53137,38798,11439,1434,1466
23:17:17.812,s30_9_1_0_b64_mb2,53137,38798,11439,1434,1466
23:17:18.313,s30_9_1_0_b64_mb2,53137,38798,11439,1434,1466
23:17:18.815,s30_9_1_0_b64_mb2,53137,38798,11439,1434,1466
23:17:19.317,s30_9_1_0_b64_mb2,53137,38798,11439,1434,1466
23:17:19.819,s30_9_1_0_b64_mb2,53137,38798,11439,1434,1466
23:17:20.321,s30_9_1_0_b64_mb2,53137,38798,11439,1434,1466
23:17:20.823,s30_9_1_0_b64_mb2,53137,38798,11439,1434,1466
23:17:21.324,s30_9_1_0_b64_mb2,53137,38798,11439,1434,1466
23:17:21.826,s30_9_1_0_b64_mb2,53137,38798,11439,1434,1466
23:17:22.328,s30_9_1_0_b64_mb2,53137,38798,11439,1434,1466
23:17:22.830,s30_9_1_0_b64_mb2,53137,38798,11439,1434,1466
23:17:23.332,s30_9_1_0_b64_mb2,53137,38798,11439,1434,1466
23:17:23.834,s30_9_1_0_b64_mb2,53137,38798,11439,1434,1466
23:17:24.336,s30_9_1_0_b64_mb2,53137,38798,11439,1434,1466
23:17:24.837,s30_9_1_0_b64_mb2,53137,38798,11439,1434,1466
23:17:25.339,s30_9_1_0_b64_mb2,53137,38798,11439,1434,1466
23:17:25.841,s30_9_1_0_b64_mb2,53137,38798,11439,1434,1466
23:17:26.343,s30_9_1_0_b64_mb2,53137,38798,11439,1434,1466
23:17:26.845,s30_9_1_0_b64_mb2,53137,38798,11439,1434,1466
23:17:27.347,s30_9_1_0_b64_mb2,53137,38798,11439,1434,1466
23:17:27.848,s30_9_1_0_b64_mb2,53137,38798,11439,1434,1466
23:17:28.350,s30_9_1_0_b64_mb2,53137,38798,11439,1434,1466
23:17:28.852,s30_9_1_0_b64_mb2,53137,38798,11439,1434,1466
23:17:29.354,s30_9_1_0_b64_mb2,53137,38798,11439,1434,1466
23:17:29.856,s30_9_1_0_b64_mb2,53137,38798,11439,1434,1466
23:17:30.358,s30_9_1_0_b64_mb2,53137,38798,11439,1434,1466
23:17:30.859,s30_9_1_0_b64_mb2,53137,38798,11439,1434,1466
23:17:31.361,s30_9_1_0_b64_mb2,53137,38798,11439,1434,1466
23:17:31.863,s30_9_1_0_b64_mb2,53137,38798,11439,1434,1466
23:17:32.365,s30_9_1_0_b64_mb2,53137,38798,11439,1434,1466
23:17:32.867,s30_9_1_0_b64_mb2,53137,38798,11439,1434,1466
23:17:33.369,s30_9_1_0_b64_mb2,53137,38798,11439,1434,1466
23:17:33.871,s30_9_1_0_b64_mb2,53137,38798,11439,1434,1466
23:17:34.373,s30_9_1_0_b64_mb2,53137,38798,11439,1434,1466
23:17:34.874,s30_9_1_0_b64_mb2,53137,38798,11439,1434,1466
23:17:35.376,s30_9_1_0_b64_mb2,53137,38798,11439,1434,1466
23:17:35.878,s30_9_1_0_b64_mb2,53137,38798,11439,1434,1466
23:17:36.380,s30_9_1_0_b64_mb2,53137,38798,11439,1434,1466
23:17:36.882,s30_9_1_0_b64_mb2,53137,38798,11439,1434,1466
23:17:37.384,s30_9_1_0_b64_mb2,53137,38798,11439,1434,1466
23:17:37.886,s30_9_1_0_b64_mb2,53137,38798,11439,1434,1466
23:17:38.387,s30_9_1_0_b64_mb2,53137,38798,11439,1434,1466
23:17:38.889,s30_9_1_0_b64_mb2,53137,38798,11439,1434,1466
23:17:39.391,s30_9_1_0_b64_mb2,53137,38798,11439,1434,1466
23:17:39.893,s30_9_1_0_b64_mb2,53137,38798,11439,1434,1466
23:17:40.395,s30_9_1_0_b64_mb2,53137,38798,11439,1434,1466
23:17:40.897,s30_9_1_0_b64_mb2,53137,38798,11439,1434,1466
23:17:41.399,s30_9_1_0_b64_mb2,53137,38798,11439,1434,1466
23:17:41.901,s30_9_1_0_b64_mb2,53137,38798,11439,1434,1466
23:17:42.403,s30_9_1_0_b64_mb2,53137,38798,11439,1434,1466
23:17:42.904,s30_9_1_0_b64_mb2,53137,38798,11439,1434,1466
23:17:43.406,s30_9_1_0_b64_mb2,53137,38798,11439,1434,1466
23:17:43.908,s30_9_1_0_b64_mb2,53137,38798,11439,1434,1466
23:17:44.410,s30_9_1_0_b64_mb2,53137,38798,11439,1434,1466
23:17:44.911,s30_9_1_0_b64_mb2,53137,38798,11439,1434,1466
23:17:45.413,s30_9_1_0_b64_mb2,53137,38798,11439,1434,1466
23:17:45.915,s30_9_1_0_b64_mb2,53137,38798,11439,1434,1466
23:17:46.417,s30_9_1_0_b64_mb2,53137,38798,11439,1434,1466
23:17:46.919,s30_9_1_0_b64_mb2,53137,38798,11439,1434,1466
23:17:47.420,s30_9_1_0_b64_mb2,53137,38798,11439,1434,1466
23:17:47.922,s30_9_1_0_b64_mb2,53137,38798,11439,1434,1466
23:17:48.424,s30_9_1_0_b64_mb2,53137,38798,11439,1434,1466
23:17:48.926,s30_9_1_0_b64_mb2,53137,38798,11439,1434,1466
23:17:49.428,s30_9_1_0_b64_mb2,53137,38798,11439,1434,1466
23:17:49.930,s30_9_1_0_b64_mb2,53137,38798,11439,1434,1466
23:17:50.431,s30_9_1_0_b64_mb2,53137,38798,11439,1434,1466
23:17:50.933,s30_9_1_0_b64_mb2,53137,38798,11439,1434,1466
23:17:51.435,s30_9_1_0_b64_mb2,53137,38798,11439,1434,1466
23:17:51.937,s30_9_1_0_b64_mb2,53137,38798,11439,1434,1466
23:17:52.439,s30_9_1_0_b64_mb2,53137,38798,11439,1434,1466
23:17:52.941,s30_9_1_0_b64_mb2,53137,38798,11439,1434,1466
23:17:53.443,s30_9_1_0_b64_mb2,53137,38798,11439,1434,1466
23:17:53.944,s30_9_1_0_b64_mb2,53137,38798,11439,1434,1466
23:17:54.446,s30_9_1_0_b64_mb2,53137,38798,11439,1434,1466
23:17:54.948,s30_9_1_0_b64_mb2,53137,38798,11439,1434,1466
23:17:55.450,s30_9_1_0_b64_mb2,53137,38798,11439,1434,1466
23:17:55.952,s30_9_1_0_b64_mb2,53137,38798,11439,1434,1466
23:17:56.454,s30_9_1_0_b64_mb2,53137,38798,11439,1434,1466
23:17:56.956,s30_9_1_0_b64_mb2,53137,38798,11439,1434,1466
23:17:57.458,s30_9_1_0_b64_mb2,53137,38798,11439,1434,1466
23:17:57.960,s30_9_1_0_b64_mb2,53137,38798,11439,1434,1466
23:17:58.462,s30_9_1_0_b64_mb2,53137,38798,11439,1434,1466
23:17:58.963,s30_9_1_0_b64_mb2,53137,38798,11439,1434,1466
23:17:59.465,s30_9_1_0_b64_mb2,53137,38798,11439,1434,1466
23:17:59.967,s30_9_1_0_b64_mb2,53137,38798,11439,1434,1466
23:18:00.469,s30_9_1_0_b64_mb2,53137,38798,11439,1434,1466
23:18:00.971,s30_9_1_0_b64_mb2,53137,38798,11439,1434,1466
23:18:01.473,s30_9_1_0_b64_mb2,53137,38798,11439,1434,1466
23:18:01.975,s30_9_1_0_b64_mb2,53137,38798,11439,1434,1466
23:18:02.476,s30_9_1_0_b64_mb2,53137,38798,11439,1434,1466
23:18:02.978,s30_9_1_0_b64_mb2,53137,38798,11439,1434,1466
23:18:03.480,s30_9_1_0_b64_mb2,53137,38798,11439,1434,1466
23:18:03.982,s30_9_1_0_b64_mb2,53137,38798,11439,1434,1466
23:18:04.484,s30_9_1_0_b64_mb2,53137,38798,11439,1434,1466
23:18:04.986,s30_9_1_0_b64_mb2,53137,38798,11439,1434,1466
23:18:05.488,s30_9_1_0_b64_mb2,53137,38798,11439,1434,1466
23:18:05.989,s30_9_1_0_b64_mb2,53137,38798,11439,1434,1466
23:18:06.491,s30_9_1_0_b64_mb2,53137,38798,11439,1434,1466
23:18:06.993,s30_9_1_0_b64_mb2,53137,38798,11439,1434,1466
23:18:07.495,s30_9_1_0_b64_mb2,53137,38798,11439,1434,1466
23:18:07.997,s30_9_1_0_b64_mb2,53137,38798,11439,1434,1466
23:18:08.499,s30_9_1_0_b64_mb2,53137,38798,11439,1434,1466
23:18:09.000,s30_9_1_0_b64_mb2,53137,38798,11439,1434,1466
23:18:09.502,s30_9_1_0_b64_mb2,53137,38798,11439,1434,1466
23:18:10.004,s30_9_1_0_b64_mb2,53137,38798,11439,1434,1466
23:18:10.506,s30_9_1_0_b64_mb2,53137,38798,11439,1434,1466
23:18:11.008,s30_9_1_0_b64_mb2,53137,38798,11439,1434,1466
23:18:11.509,s30_9_1_0_b64_mb2,53137,38798,11439,1434,1466
23:18:12.011,s30_9_1_0_b64_mb2,53137,38798,11439,1434,1466
23:18:12.513,s30_9_1_0_b64_mb2,53137,38798,11439,1434,1466
23:18:13.015,s30_9_1_0_b64_mb2,53137,38798,11439,1434,1466
23:18:13.517,s30_9_1_0_b64_mb2,53137,38798,11439,1434,1466
23:18:14.019,s30_9_1_0_b64_mb2,53217,38858,11439,1434,1466
23:18:14.520,s30_9_1_0_b64_mb2,53337,38998,11439,1434,1466
23:18:15.022,s30_9_1_0_b64_mb2,53457,39098,11439,1434,1466
23:18:15.524,s30_9_1_0_b64_mb2,53517,39138,11479,1434,1466
23:18:16.026,s30_9_1_0_b64_mb2,53577,39138,11539,1434,1466
23:18:16.528,s30_9_1_0_b64_mb2,53577,39138,11539,1434,1466
23:18:17.030,s30_9_1_0_b64_mb2,53577,39138,11539,1434,1466
23:18:17.531,s30_9_1_0_b64_mb2,53577,39138,11539,1434,1466
23:18:18.033,s30_9_1_0_b64_mb2,53577,39138,11539,1434,1466
23:18:18.535,s30_9_1_0_b64_mb2,53577,39138,11539,1434,1466
23:18:19.037,s30_9_1_0_b64_mb2,53597,39138,11539,1454,1466
23:18:19.539,s30_9_1_0_b64_mb2,53597,39138,11539,1454,1466
23:18:20.041,s30_9_1_0_b64_mb2,53597,39138,11539,1454,1466
23:18:20.542,s30_9_1_0_b64_mb2,53597,39138,11539,1454,1466
23:18:21.044,s30_9_1_0_b64_mb2,53597,39138,11539,1454,1466
23:18:21.546,s30_9_1_0_b64_mb2,53597,39138,11539,1454,1466
23:18:22.048,s30_9_1_0_b64_mb2,53597,39138,11539,1454,1466
23:18:22.550,s30_9_1_0_b64_mb2,53597,39138,11539,1454,1466
23:18:23.052,s30_9_1_0_b64_mb2,53597,39138,11539,1454,1466
23:18:23.554,s30_9_1_0_b64_mb2,53597,39138,11539,1454,1466
23:18:24.055,s30_9_1_0_b64_mb2,53597,39138,11539,1454,1466
23:18:24.557,s30_9_1_0_b64_mb2,53597,39138,11539,1454,1466
23:18:25.059,s30_9_1_0_b64_mb2,53597,39138,11539,1454,1466
23:18:25.561,s30_9_1_0_b64_mb2,53597,39138,11539,1454,1466
23:18:26.063,s30_9_1_0_b64_mb2,53597,39138,11539,1454,1466
23:18:26.565,s30_9_1_0_b64_mb2,53597,39138,11539,1454,1466
23:18:27.067,s30_9_1_0_b64_mb2,53597,39138,11539,1454,1466
23:18:27.568,s30_9_1_0_b64_mb2,53597,39138,11539,1454,1466
23:18:28.070,s30_9_1_0_b64_mb2,53597,39138,11539,1454,1466
23:18:28.572,s30_9_1_0_b64_mb2,53597,39138,11539,1454,1466
23:18:29.074,s30_9_1_0_b64_mb2,53597,39138,11539,1454,1466
23:18:29.575,s30_9_1_0_b64_mb2,53597,39138,11539,1454,1466
23:18:30.077,s30_9_1_0_b64_mb2,53597,39138,11539,1454,1466
23:18:30.579,s30_9_1_0_b64_mb2,53597,39138,11539,1454,1466
23:18:31.081,s30_9_1_0_b64_mb2,53597,39138,11539,1454,1466
23:18:31.583,s30_9_1_0_b64_mb2,53597,39138,11539,1454,1466
23:18:32.085,s30_9_1_0_b64_mb2,53597,39138,11539,1454,1466
23:18:32.587,s30_9_1_0_b64_mb2,53597,39138,11539,1454,1466
23:18:33.088,s30_9_1_0_b64_mb2,53597,39138,11539,1454,1466
23:18:33.590,s30_9_1_0_b64_mb2,53597,39138,11539,1454,1466
23:18:34.092,s30_9_1_0_b64_mb2,53597,39138,11539,1454,1466
23:18:34.594,s30_9_1_0_b64_mb2,53597,39138,11539,1454,1466
23:18:35.095,s30_9_1_0_b64_mb2,53597,39138,11539,1454,1466
23:18:35.597,s30_9_1_0_b64_mb2,53597,39138,11539,1454,1466
23:18:36.099,s30_9_1_0_b64_mb2,53597,39138,11539,1454,1466
23:18:36.601,s30_9_1_0_b64_mb2,53597,39138,11539,1454,1466
23:18:37.102,s30_9_1_0_b64_mb2,53597,39138,11539,1454,1466
23:18:37.604,s30_9_1_0_b64_mb2,53597,39138,11539,1454,1466
23:18:38.106,s30_9_1_0_b64_mb2,53597,39138,11539,1454,1466
23:18:38.608,s30_9_1_0_b64_mb2,53597,39138,11539,1454,1466
23:18:39.110,s30_9_1_0_b64_mb2,53597,39138,11539,1454,1466
23:18:39.611,s30_9_1_0_b64_mb2,53597,39138,11539,1454,1466
23:18:40.113,s30_9_1_0_b64_mb2,53597,39138,11539,1454,1466
23:18:40.615,s30_9_1_0_b64_mb2,53597,39138,11539,1454,1466
23:18:41.117,s30_9_1_0_b64_mb2,53597,39138,11539,1454,1466
23:18:41.619,s30_9_1_0_b64_mb2,53597,39138,11539,1454,1466
23:18:42.120,s30_9_1_0_b64_mb2,53597,39138,11539,1454,1466
23:18:42.622,s30_9_1_0_b64_mb2,53597,39138,11539,1454,1466
23:18:43.124,s30_9_1_0_b64_mb2,53597,39138,11539,1454,1466
23:18:43.626,s30_9_1_0_b64_mb2,53597,39138,11539,1454,1466
23:18:44.127,s30_9_1_0_b64_mb2,53597,39138,11539,1454,1466
23:18:44.629,s30_9_1_0_b64_mb2,53597,39138,11539,1454,1466
23:18:45.131,s30_9_1_0_b64_mb2,53597,39138,11539,1454,1466
23:18:45.633,s30_9_1_0_b64_mb2,53597,39138,11539,1454,1466
23:18:46.135,s30_9_1_0_b64_mb2,53597,39138,11539,1454,1466
23:18:46.636,s30_9_1_0_b64_mb2,53597,39138,11539,1454,1466
23:18:47.138,s30_9_1_0_b64_mb2,53597,39138,11539,1454,1466
23:18:47.640,s30_9_1_0_b64_mb2,53597,39138,11539,1454,1466
23:18:48.142,s30_9_1_0_b64_mb2,53597,39138,11539,1454,1466
23:18:48.644,s30_9_1_0_b64_mb2,53597,39138,11539,1454,1466
23:18:49.145,s30_9_1_0_b64_mb2,53597,39138,11539,1454,1466
23:18:49.647,s30_9_1_0_b64_mb2,53597,39138,11539,1454,1466
23:18:50.149,s30_9_1_0_b64_mb2,53597,39138,11539,1454,1466
23:18:50.651,s30_9_1_0_b64_mb2,53597,39138,11539,1454,1466
23:18:51.152,s30_9_1_0_b64_mb2,53597,39138,11539,1454,1466
23:18:51.654,s30_9_1_0_b64_mb2,53597,39138,11539,1454,1466
23:18:52.156,s30_9_1_0_b64_mb2,53597,39138,11539,1454,1466
23:18:52.658,s30_9_1_0_b64_mb2,53597,39138,11539,1454,1466
23:18:53.160,s30_9_1_0_b64_mb2,53597,39138,11539,1454,1466
23:18:53.661,s30_9_1_0_b64_mb2,53597,39138,11539,1454,1466
23:18:54.163,s30_9_1_0_b64_mb2,53597,39138,11539,1454,1466
23:18:54.665,s30_9_1_0_b64_mb2,53597,39138,11539,1454,1466
23:18:55.167,s30_9_1_0_b64_mb2,53597,39138,11539,1454,1466
23:18:55.669,s30_9_1_0_b64_mb2,53597,39138,11539,1454,1466
23:18:56.170,s30_9_1_0_b64_mb2,53597,39138,11539,1454,1466
23:18:56.672,s30_9_1_0_b64_mb2,53597,39138,11539,1454,1466
23:18:57.174,s30_9_1_0_b64_mb2,53597,39138,11539,1454,1466
23:18:57.676,s30_9_1_0_b64_mb2,53597,39138,11539,1454,1466
23:18:58.177,s30_9_1_0_b64_mb2,53597,39138,11539,1454,1466
23:18:58.679,s30_9_1_0_b64_mb2,53597,39138,11539,1454,1466
23:18:59.181,s30_9_1_0_b64_mb2,53597,39138,11539,1454,1466
23:18:59.683,s30_9_1_0_b64_mb2,53597,39138,11539,1454,1466
23:19:00.185,s30_9_1_0_b64_mb2,53597,39138,11539,1454,1466
23:19:00.687,s30_9_1_0_b64_mb2,53597,39138,11539,1454,1466
23:19:01.189,s30_9_1_0_b64_mb2,53597,39138,11539,1454,1466
23:19:01.691,s30_9_1_0_b64_mb2,53597,39138,11539,1454,1466
23:19:02.192,s30_9_1_0_b64_mb2,53597,39138,11539,1454,1466
23:19:02.694,s30_9_1_0_b64_mb2,53597,39138,11539,1454,1466
23:19:03.196,s30_9_1_0_b64_mb2,53597,39138,11539,1454,1466
23:19:03.698,s30_9_1_0_b64_mb2,53597,39138,11539,1454,1466
23:19:04.200,s30_9_1_0_b64_mb2,53597,39138,11539,1454,1466
23:19:04.702,s30_9_1_0_b64_mb2,53597,39138,11539,1454,1466
23:19:05.204,s30_9_1_0_b64_mb2,53597,39138,11539,1454,1466
23:19:05.706,s30_9_1_0_b64_mb2,53597,39138,11539,1454,1466
23:19:06.207,s30_9_1_0_b64_mb2,53597,39138,11539,1454,1466
23:19:06.709,s30_9_1_0_b64_mb2,53597,39138,11539,1454,1466
23:19:07.211,s30_9_1_0_b64_mb2,53597,39138,11539,1454,1466
23:19:07.713,s30_9_1_0_b64_mb2,53597,39138,11539,1454,1466
23:19:08.215,s30_9_1_0_b64_mb2,53597,39138,11539,1454,1466
23:19:08.717,s30_9_1_0_b64_mb2,53597,39138,11539,1454,1466
23:19:09.219,s30_9_1_0_b64_mb2,53597,39138,11539,1454,1466
23:19:09.720,s30_9_1_0_b64_mb2,53597,39138,11539,1454,1466
23:19:10.222,s30_9_1_0_b64_mb2,53597,39138,11539,1454,1466
23:19:10.724,s30_9_1_0_b64_mb2,53597,39138,11539,1454,1466
23:19:11.226,s30_9_1_0_b64_mb2,53597,39138,11539,1454,1466
23:19:11.728,s30_9_1_0_b64_mb2,53597,39138,11539,1454,1466
23:19:12.230,s30_9_1_0_b64_mb2,53597,39138,11539,1454,1466
23:19:12.731,s30_9_1_0_b64_mb2,53597,39138,11539,1454,1466
23:19:13.233,s30_9_1_0_b64_mb2,53597,39138,11539,1454,1466
23:19:13.735,s30_9_1_0_b64_mb2,53597,39138,11539,1454,1466
23:19:14.237,s30_9_1_0_b64_mb2,53597,39138,11539,1454,1466
23:19:14.739,s30_9_1_0_b64_mb2,53597,39138,11539,1454,1466
23:19:15.241,s30_9_1_0_b64_mb2,53597,39138,11539,1454,1466
23:19:15.743,s30_9_1_0_b64_mb2,53597,39138,11539,1454,1466
23:19:16.244,s30_9_1_0_b64_mb2,53597,39138,11539,1454,1466
23:19:16.746,s30_9_1_0_b64_mb2,53597,39138,11539,1454,1466
23:19:17.248,s30_9_1_0_b64_mb2,53597,39138,11539,1454,1466
23:19:17.750,s30_9_1_0_b64_mb2,53597,39138,11539,1454,1466
23:19:18.252,s30_9_1_0_b64_mb2,53597,39138,11539,1454,1466
23:19:18.754,s30_9_1_0_b64_mb2,53597,39138,11539,1454,1466
23:19:19.256,s30_9_1_0_b64_mb2,53597,39138,11539,1454,1466
23:19:19.758,s30_9_1_0_b64_mb2,53597,39138,11539,1454,1466
23:19:20.260,s30_9_1_0_b64_mb2,53597,39138,11539,1454,1466
23:19:20.761,s30_9_1_0_b64_mb2,53597,39138,11539,1454,1466
23:19:21.263,s30_9_1_0_b64_mb2,53597,39138,11539,1454,1466
23:19:21.765,s30_9_1_0_b64_mb2,53597,39138,11539,1454,1466
23:19:22.267,s30_9_1_0_b64_mb2,53597,39138,11539,1454,1466
23:19:22.769,s30_9_1_0_b64_mb2,53597,39138,11539,1454,1466
23:19:23.270,s30_9_1_0_b64_mb2,53597,39138,11539,1454,1466
23:19:23.772,s30_9_1_0_b64_mb2,53597,39138,11539,1454,1466
23:19:24.274,s30_9_1_0_b64_mb2,53597,39138,11539,1454,1466
23:19:24.776,s30_9_1_0_b64_mb2,53597,39138,11539,1454,1466
23:19:25.277,s30_9_1_0_b64_mb2,53597,39138,11539,1454,1466
23:19:25.779,s30_9_1_0_b64_mb2,53597,39138,11539,1454,1466
23:19:26.281,s30_9_1_0_b64_mb2,53597,39138,11539,1454,1466
23:19:26.783,s30_9_1_0_b64_mb2,53597,39138,11539,1454,1466
23:19:27.285,s30_9_1_0_b64_mb2,53597,39138,11539,1454,1466
23:19:27.786,s30_9_1_0_b64_mb2,53597,39138,11539,1454,1466
23:19:28.288,s30_9_1_0_b64_mb2,53597,39138,11539,1454,1466
23:19:28.790,s30_9_1_0_b64_mb2,53597,39138,11539,1454,1466
23:19:29.292,s30_9_1_0_b64_mb2,53597,39138,11539,1454,1466
23:19:29.794,s30_9_1_0_b64_mb2,53597,39138,11539,1454,1466
23:19:30.295,s30_9_1_0_b64_mb2,53597,39138,11539,1454,1466
23:19:30.797,s30_9_1_0_b64_mb2,53597,39138,11539,1454,1466
23:19:31.299,s30_9_1_0_b64_mb2,53597,39138,11539,1454,1466
23:19:31.801,s30_9_1_0_b64_mb2,53597,39138,11539,1454,1466
23:19:32.303,s30_9_1_0_b64_mb2,53597,39138,11539,1454,1466
23:19:32.804,s30_9_1_0_b64_mb2,53597,39138,11539,1454,1466
23:19:33.306,s30_9_1_0_b64_mb2,53597,39138,11539,1454,1466
23:19:33.808,s30_9_1_0_b64_mb2,53597,39138,11539,1454,1466
23:19:34.310,s30_9_1_0_b64_mb2,53597,39138,11539,1454,1466
23:19:34.812,s30_9_1_0_b64_mb2,53597,39138,11539,1454,1466
23:19:35.314,s30_9_1_0_b64_mb2,53597,39138,11539,1454,1466
23:19:35.816,s30_9_1_0_b64_mb2,53597,39138,11539,1454,1466
23:19:36.317,s30_9_1_0_b64_mb2,53597,39138,11539,1454,1466
23:19:36.819,s30_9_1_0_b64_mb2,53597,39138,11539,1454,1466
23:19:37.321,s30_9_1_0_b64_mb2,53597,39138,11539,1454,1466
23:19:37.823,s30_9_1_0_b64_mb2,53597,39138,11539,1454,1466
23:19:38.325,s30_9_1_0_b64_mb2,53597,39138,11539,1454,1466
23:19:38.826,s30_9_1_0_b64_mb2,53597,39138,11539,1454,1466
23:19:39.328,s30_9_1_0_b64_mb2,53597,39138,11539,1454,1466
23:19:39.830,s30_9_1_0_b64_mb2,53597,39138,11539,1454,1466
23:19:40.332,s30_9_1_0_b64_mb2,53597,39138,11539,1454,1466
23:19:40.834,s30_9_1_0_b64_mb2,53597,39138,11539,1454,1466
23:19:41.335,s30_9_1_0_b64_mb2,53597,39138,11539,1454,1466
23:19:41.837,s30_9_1_0_b64_mb2,53597,39138,11539,1454,1466
23:19:42.339,s30_9_1_0_b64_mb2,53597,39138,11539,1454,1466
23:19:42.841,s30_9_1_0_b64_mb2,53597,39138,11539,1454,1466
23:19:43.342,s30_9_1_0_b64_mb2,53597,39138,11539,1454,1466
23:19:43.844,s30_9_1_0_b64_mb2,53597,39138,11539,1454,1466
23:19:44.346,s30_9_1_0_b64_mb2,53597,39138,11539,1454,1466
23:19:44.848,s30_9_1_0_b64_mb2,53597,39138,11539,1454,1466
23:19:45.350,s30_9_1_0_b64_mb2,53597,39138,11539,1454,1466
23:19:45.852,s30_9_1_0_b64_mb2,53597,39138,11539,1454,1466
23:19:46.353,s30_9_1_0_b64_mb2,53597,39138,11539,1454,1466
23:19:46.855,s30_9_1_0_b64_mb2,53597,39138,11539,1454,1466
23:19:47.357,s30_9_1_0_b64_mb2,53597,39138,11539,1454,1466
23:19:47.859,s30_9_1_0_b64_mb2,53597,39138,11539,1454,1466
23:19:48.361,s30_9_1_0_b64_mb2,53597,39138,11539,1454,1466
23:19:48.863,s30_9_1_0_b64_mb2,53597,39138,11539,1454,1466
23:19:49.365,s30_9_1_0_b64_mb2,53597,39138,11539,1454,1466
23:19:49.867,s30_9_1_0_b64_mb2,53597,39138,11539,1454,1466
23:19:50.368,s30_9_1_0_b64_mb2,53597,39138,11539,1454,1466
23:19:50.870,s30_9_1_0_b64_mb2,53597,39138,11539,1454,1466
23:19:51.372,s30_9_1_0_b64_mb2,53597,39138,11539,1454,1466
23:19:51.874,s30_9_1_0_b64_mb2,53597,39138,11539,1454,1466
23:19:52.376,s30_9_1_0_b64_mb2,53597,39138,11539,1454,1466
23:19:52.878,s30_9_1_0_b64_mb2,53597,39138,11539,1454,1466
23:19:53.379,s30_9_1_0_b64_mb2,53597,39138,11539,1454,1466
23:19:53.881,s30_9_1_0_b64_mb2,53597,39138,11539,1454,1466
23:19:54.383,s30_9_1_0_b64_mb2,53597,39138,11539,1454,1466
23:19:54.885,s30_9_1_0_b64_mb2,53597,39138,11539,1454,1466
23:19:55.387,s30_9_1_0_b64_mb2,53597,39138,11539,1454,1466
23:19:55.889,s30_9_1_0_b64_mb2,53597,39138,11539,1454,1466
23:19:56.390,s30_9_1_0_b64_mb2,53597,39138,11539,1454,1466
23:19:56.892,s30_9_1_0_b64_mb2,53597,39138,11539,1454,1466
23:19:57.394,s30_9_1_0_b64_mb2,53597,39138,11539,1454,1466
23:19:57.896,s30_9_1_0_b64_mb2,53597,39138,11539,1454,1466
23:19:58.398,s30_9_1_0_b64_mb2,53597,39138,11539,1454,1466
23:19:58.900,s30_9_1_0_b64_mb2,53597,39138,11539,1454,1466
23:19:59.402,s30_9_1_0_b64_mb2,53597,39138,11539,1454,1466
23:19:59.904,s30_9_1_0_b64_mb2,53597,39138,11539,1454,1466
23:20:00.405,s30_9_1_0_b64_mb2,53597,39138,11539,1454,1466
23:20:00.907,s30_9_1_0_b64_mb2,53597,39138,11539,1454,1466
23:20:01.409,s30_9_1_0_b64_mb2,53597,39138,11539,1454,1466
23:20:01.911,s30_9_1_0_b64_mb2,53597,39138,11539,1454,1466
23:20:02.413,s30_9_1_0_b64_mb2,53597,39138,11539,1454,1466
23:20:02.915,s30_9_1_0_b64_mb2,53597,39138,11539,1454,1466
23:20:03.417,s30_9_1_0_b64_mb2,53597,39138,11539,1454,1466
23:20:03.918,s30_9_1_0_b64_mb2,53597,39138,11539,1454,1466
23:20:04.420,s30_9_1_0_b64_mb2,53597,39138,11539,1454,1466
23:20:04.922,s30_9_1_0_b64_mb2,53597,39138,11539,1454,1466
23:20:05.424,s30_9_1_0_b64_mb2,53597,39138,11539,1454,1466
23:20:05.925,s30_9_1_0_b64_mb2,53597,39138,11539,1454,1466
23:20:06.427,s30_9_1_0_b64_mb2,53597,39138,11539,1454,1466
23:20:06.929,s30_9_1_0_b64_mb2,53597,39138,11539,1454,1466
23:20:07.431,s30_9_1_0_b64_mb2,53597,39138,11539,1454,1466
23:20:07.933,s30_9_1_0_b64_mb2,53597,39138,11539,1454,1466
23:20:08.434,s30_9_1_0_b64_mb2,53597,39138,11539,1454,1466
23:20:08.936,s30_9_1_0_b64_mb2,53597,39138,11539,1454,1466
23:20:09.438,s30_9_1_0_b64_mb2,53597,39138,11539,1454,1466
23:20:09.940,s30_9_1_0_b64_mb2,53597,39138,11539,1454,1466
23:20:10.442,s30_9_1_0_b64_mb2,53597,39138,11539,1454,1466
23:20:10.944,s30_9_1_0_b64_mb2,53597,39138,11539,1454,1466
23:20:11.445,s30_9_1_0_b64_mb2,53597,39138,11539,1454,1466
23:20:11.947,s30_9_1_0_b64_mb2,53597,39138,11539,1454,1466
23:20:12.449,s30_9_1_0_b64_mb2,53597,39138,11539,1454,1466
23:20:12.951,s30_9_1_0_b64_mb2,53597,39138,11539,1454,1466
23:20:13.453,s30_9_1_0_b64_mb2,53597,39138,11539,1454,1466
23:20:13.954,s30_9_1_0_b64_mb2,53597,39138,11539,1454,1466
23:20:14.456,s30_9_1_0_b64_mb2,53597,39138,11539,1454,1466
23:20:14.958,s30_9_1_0_b64_mb2,53597,39138,11539,1454,1466
23:20:15.460,s30_9_1_0_b64_mb2,53597,39138,11539,1454,1466
23:20:15.962,s30_9_1_0_b64_mb2,53597,39138,11539,1454,1466
23:20:16.463,s30_9_1_0_b64_mb2,53597,39138,11539,1454,1466
23:20:16.965,s30_9_1_0_b64_mb2,53597,39138,11539,1454,1466
23:20:17.467,s30_9_1_0_b64_mb2,53597,39138,11539,1454,1466
23:20:17.969,s30_9_1_0_b64_mb2,53597,39138,11539,1454,1466
23:20:18.471,s30_9_1_0_b64_mb2,53597,39138,11539,1454,1466
23:20:18.973,s30_9_1_0_b64_mb2,53597,39138,11539,1454,1466
23:20:19.474,s30_9_1_0_b64_mb2,53597,39138,11539,1454,1466
23:20:19.976,s30_9_1_0_b64_mb2,53597,39138,11539,1454,1466
23:20:20.478,s30_9_1_0_b64_mb2,53597,39138,11539,1454,1466
23:20:20.980,s30_9_1_0_b64_mb2,53597,39138,11539,1454,1466
23:20:21.482,s30_9_1_0_b64_mb2,53597,39138,11539,1454,1466
23:20:21.983,s30_9_1_0_b64_mb2,53677,39218,11539,1454,1466
23:20:22.485,s30_9_1_0_b64_mb2,53837,39358,11539,1454,1466
23:20:22.987,s30_9_1_0_b64_mb2,53977,39498,11539,1454,1466
23:20:23.489,s30_9_1_0_b64_mb2,54077,39578,11599,1454,1466
23:20:23.990,s30_9_1_0_b64_mb2,54157,39578,11659,1454,1466
23:20:24.492,s30_9_1_0_b64_mb2,54157,39578,11659,1454,1466
23:20:24.994,s30_9_1_0_b64_mb2,54157,39578,11659,1454,1466
23:20:25.496,s30_9_1_0_b64_mb2,54157,39578,11659,1454,1466
23:20:25.998,s30_9_1_0_b64_mb2,54157,39578,11659,1454,1466
23:20:26.500,s30_9_1_0_b64_mb2,54157,39578,11659,1454,1466
23:20:27.002,s30_9_1_0_b64_mb2,54157,39578,11659,1454,1466
23:20:27.503,s30_9_1_0_b64_mb2,54157,39578,11659,1454,1466
23:20:28.006,s30_9_1_0_b64_mb2,54157,39578,11659,1454,1466
23:20:28.507,s30_9_1_0_b64_mb2,54157,39578,11659,1454,1466
23:20:29.009,s30_9_1_0_b64_mb2,54157,39578,11659,1454,1466
23:20:29.511,s30_9_1_0_b64_mb2,54157,39578,11659,1454,1466
23:20:30.013,s30_9_1_0_b64_mb2,54157,39578,11659,1454,1466
23:20:30.515,s30_9_1_0_b64_mb2,54157,39578,11659,1454,1466
23:20:31.017,s30_9_1_0_b64_mb2,54157,39578,11659,1454,1466
23:20:31.519,s30_9_1_0_b64_mb2,54157,39578,11659,1454,1466
23:20:32.020,s30_9_1_0_b64_mb2,54157,39578,11659,1454,1466
23:20:32.522,s30_9_1_0_b64_mb2,54157,39578,11659,1454,1466
23:20:33.024,s30_9_1_0_b64_mb2,54157,39578,11659,1454,1466
23:20:33.526,s30_9_1_0_b64_mb2,54157,39578,11659,1454,1466
23:20:34.028,s30_9_1_0_b64_mb2,54157,39578,11659,1454,1466
23:20:34.530,s30_9_1_0_b64_mb2,54157,39578,11659,1454,1466
23:20:35.032,s30_9_1_0_b64_mb2,54157,39578,11659,1454,1466
23:20:35.534,s30_9_1_0_b64_mb2,54157,39578,11659,1454,1466
23:20:36.036,s30_9_1_0_b64_mb2,54157,39578,11659,1454,1466
23:20:36.538,s30_9_1_0_b64_mb2,54157,39578,11659,1454,1466
23:20:37.040,s30_9_1_0_b64_mb2,54157,39578,11659,1454,1466
23:20:37.542,s30_9_1_0_b64_mb2,54157,39578,11659,1454,1466
23:20:38.043,s30_9_1_0_b64_mb2,54157,39578,11659,1454,1466
23:20:38.545,s30_9_1_0_b64_mb2,54157,39578,11659,1454,1466
23:20:39.047,s30_9_1_0_b64_mb2,54157,39578,11659,1454,1466
23:20:39.549,s30_9_1_0_b64_mb2,54157,39578,11659,1454,1466
23:20:40.051,s30_9_1_0_b64_mb2,54157,39578,11659,1454,1466
23:20:40.553,s30_9_1_0_b64_mb2,54157,39578,11659,1454,1466
23:20:41.055,s30_9_1_0_b64_mb2,54157,39578,11659,1454,1466
23:20:41.556,s30_9_1_0_b64_mb2,54157,39578,11659,1454,1466
23:20:42.058,s30_9_1_0_b64_mb2,54157,39578,11659,1454,1466
23:20:42.560,s30_9_1_0_b64_mb2,54157,39578,11659,1454,1466
23:20:43.062,s30_9_1_0_b64_mb2,54157,39578,11659,1454,1466
23:20:43.564,s30_9_1_0_b64_mb2,54157,39578,11659,1454,1466
23:20:44.065,s30_9_1_0_b64_mb2,54157,39578,11659,1454,1466
23:20:44.567,s30_9_1_0_b64_mb2,54157,39578,11659,1454,1466
23:20:45.069,s30_9_1_0_b64_mb2,54157,39578,11659,1454,1466
23:20:45.571,s30_9_1_0_b64_mb2,54157,39578,11659,1454,1466
23:20:46.073,s30_9_1_0_b64_mb2,54157,39578,11659,1454,1466
23:20:46.574,s30_9_1_0_b64_mb2,54157,39578,11659,1454,1466
23:20:47.076,s30_9_1_0_b64_mb2,54157,39578,11659,1454,1466
23:20:47.578,s30_9_1_0_b64_mb2,54157,39578,11659,1454,1466
23:20:48.080,s30_9_1_0_b64_mb2,54157,39578,11659,1454,1466
23:20:48.582,s30_9_1_0_b64_mb2,54157,39578,11659,1454,1466
23:20:49.083,s30_9_1_0_b64_mb2,54157,39578,11659,1454,1466
23:20:49.585,s30_9_1_0_b64_mb2,54157,39578,11659,1454,1466
23:20:50.087,s30_9_1_0_b64_mb2,54157,39578,11659,1454,1466
23:20:50.589,s30_9_1_0_b64_mb2,54157,39578,11659,1454,1466
23:20:51.091,s30_9_1_0_b64_mb2,54157,39578,11659,1454,1466
23:20:51.592,s30_9_1_0_b64_mb2,54157,39578,11659,1454,1466
23:20:52.094,s30_9_1_0_b64_mb2,54157,39578,11659,1454,1466
23:20:52.596,s30_9_1_0_b64_mb2,54157,39578,11659,1454,1466
23:20:53.098,s30_9_1_0_b64_mb2,54157,39578,11659,1454,1466
23:20:53.600,s30_9_1_0_b64_mb2,54157,39578,11659,1454,1466
23:20:54.101,s30_9_1_0_b64_mb2,54157,39578,11659,1454,1466
23:20:54.603,s30_9_1_0_b64_mb2,54157,39578,11659,1454,1466
23:20:55.105,s30_9_1_0_b64_mb2,54157,39578,11659,1454,1466
23:20:55.607,s30_9_1_0_b64_mb2,54157,39578,11659,1454,1466
23:20:56.108,s30_9_1_0_b64_mb2,54157,39578,11659,1454,1466
23:20:56.610,s30_9_1_0_b64_mb2,54157,39578,11659,1454,1466
23:20:57.112,s30_9_1_0_b64_mb2,54157,39578,11659,1454,1466
23:20:57.614,s30_9_1_0_b64_mb2,54157,39578,11659,1454,1466
23:20:58.115,s30_9_1_0_b64_mb2,54157,39578,11659,1454,1466
23:20:58.617,s30_9_1_0_b64_mb2,54157,39578,11659,1454,1466
23:20:59.119,s30_9_1_0_b64_mb2,54157,39578,11659,1454,1466
23:20:59.621,s30_9_1_0_b64_mb2,54157,39578,11659,1454,1466
23:21:00.122,s30_9_1_0_b64_mb2,54157,39578,11659,1454,1466
23:21:00.624,s30_9_1_0_b64_mb2,54157,39578,11659,1454,1466
23:21:01.126,s30_9_1_0_b64_mb2,54157,39578,11659,1454,1466
23:21:01.628,s30_9_1_0_b64_mb2,54157,39578,11659,1454,1466
23:21:02.130,s30_9_1_0_b64_mb2,54157,39578,11659,1454,1466
23:21:02.631,s30_9_1_0_b64_mb2,54157,39578,11659,1454,1466
23:21:03.133,s30_9_1_0_b64_mb2,54157,39578,11659,1454,1466
23:21:03.635,s30_9_1_0_b64_mb2,54157,39578,11659,1454,1466
23:21:04.137,s30_9_1_0_b64_mb2,54157,39578,11659,1454,1466
23:21:04.638,s30_9_1_0_b64_mb2,54157,39578,11659,1454,1466
23:21:05.140,s30_9_1_0_b64_mb2,54157,39578,11659,1454,1466
23:21:05.642,s30_9_1_0_b64_mb2,54157,39578,11659,1454,1466
23:21:06.144,s30_9_1_0_b64_mb2,54157,39578,11659,1454,1466
23:21:06.645,s30_9_1_0_b64_mb2,54157,39578,11659,1454,1466
23:21:07.147,s30_9_1_0_b64_mb2,54157,39578,11659,1454,1466
23:21:07.649,s30_9_1_0_b64_mb2,54157,39578,11659,1454,1466
23:21:08.151,s30_9_1_0_b64_mb2,54157,39578,11659,1454,1466
23:21:08.652,s30_9_1_0_b64_mb2,54157,39578,11659,1454,1466
23:21:09.154,s30_9_1_0_b64_mb2,54157,39578,11659,1454,1466
23:21:09.656,s30_9_1_0_b64_mb2,54157,39578,11659,1454,1466
23:21:10.158,s30_9_1_0_b64_mb2,54157,39578,11659,1454,1466
23:21:10.660,s30_9_1_0_b64_mb2,54157,39578,11659,1454,1466
23:21:11.162,s30_9_1_0_b64_mb2,54157,39578,11659,1454,1466
23:21:11.663,s30_9_1_0_b64_mb2,54157,39578,11659,1454,1466
23:21:12.165,s30_9_1_0_b64_mb2,54157,39578,11659,1454,1466
23:21:12.667,s30_9_1_0_b64_mb2,54157,39578,11659,1454,1466
23:21:13.169,s30_9_1_0_b64_mb2,54157,39578,11659,1454,1466
23:21:13.671,s30_9_1_0_b64_mb2,54157,39578,11659,1454,1466
23:21:14.173,s30_9_1_0_b64_mb2,54157,39578,11659,1454,1466
23:21:14.674,s30_9_1_0_b64_mb2,54157,39578,11659,1454,1466
23:21:15.176,s30_9_1_0_b64_mb2,54157,39578,11659,1454,1466
23:21:15.678,s30_9_1_0_b64_mb2,54157,39578,11659,1454,1466
23:21:16.180,s30_9_1_0_b64_mb2,54157,39578,11659,1454,1466
23:21:16.682,s30_9_1_0_b64_mb2,54157,39578,11659,1454,1466
23:21:17.183,s30_9_1_0_b64_mb2,54157,39578,11659,1454,1466
23:21:17.685,s30_9_1_0_b64_mb2,54157,39578,11659,1454,1466
23:21:18.187,s30_9_1_0_b64_mb2,54157,39578,11659,1454,1466
23:21:18.689,s30_9_1_0_b64_mb2,54157,39578,11659,1454,1466
23:21:19.190,s30_9_1_0_b64_mb2,54157,39578,11659,1454,1466
23:21:19.692,s30_9_1_0_b64_mb2,54157,39578,11659,1454,1466
23:21:20.194,s30_9_1_0_b64_mb2,54157,39578,11659,1454,1466
23:21:20.696,s30_9_1_0_b64_mb2,54157,39578,11659,1454,1466
23:21:21.198,s30_9_1_0_b64_mb2,54157,39578,11659,1454,1466
23:21:21.699,s30_9_1_0_b64_mb2,54157,39578,11659,1454,1466
23:21:22.201,s30_9_1_0_b64_mb2,54157,39578,11659,1454,1466
23:21:22.703,s30_9_1_0_b64_mb2,54157,39578,11659,1454,1466
23:21:23.205,s30_9_1_0_b64_mb2,54157,39578,11659,1454,1466
23:21:23.707,s30_9_1_0_b64_mb2,54157,39578,11659,1454,1466
23:21:24.208,s30_9_1_0_b64_mb2,54157,39578,11659,1454,1466
23:21:24.710,s30_9_1_0_b64_mb2,54157,39578,11659,1454,1466
23:21:25.212,s30_9_1_0_b64_mb2,54157,39578,11659,1454,1466
23:21:25.714,s30_9_1_0_b64_mb2,54157,39578,11659,1454,1466
23:21:26.216,s30_9_1_0_b64_mb2,54157,39578,11659,1454,1466
23:21:26.718,s30_9_1_0_b64_mb2,54157,39578,11659,1454,1466
23:21:27.219,s30_9_1_0_b64_mb2,54157,39578,11659,1454,1466
23:21:27.721,s30_9_1_0_b64_mb2,54157,39578,11659,1454,1466
23:21:28.223,s30_9_1_0_b64_mb2,54157,39578,11659,1454,1466
23:21:28.725,s30_9_1_0_b64_mb2,54157,39578,11659,1454,1466
23:21:29.227,s30_9_1_0_b64_mb2,54157,39578,11659,1454,1466
23:21:29.729,s30_9_1_0_b64_mb2,54157,39578,11659,1454,1466
23:21:30.230,s30_9_1_0_b64_mb2,54157,39578,11659,1454,1466
23:21:30.732,s30_9_1_0_b64_mb2,54157,39578,11659,1454,1466
23:21:31.234,s30_9_1_0_b64_mb2,54157,39578,11659,1454,1466
23:21:31.736,s30_9_1_0_b64_mb2,54157,39578,11659,1454,1466
23:21:32.238,s30_9_1_0_b64_mb2,54157,39578,11659,1454,1466
23:21:32.739,s30_9_1_0_b64_mb2,54157,39578,11659,1454,1466
23:21:33.241,s30_9_1_0_b64_mb2,54157,39578,11659,1454,1466
23:21:33.743,s30_9_1_0_b64_mb2,54157,39578,11659,1454,1466
23:21:34.245,s30_9_1_0_b64_mb2,54157,39578,11659,1454,1466
23:21:34.747,s30_9_1_0_b64_mb2,54157,39578,11659,1454,1466
23:21:35.248,s30_9_1_0_b64_mb2,54157,39578,11659,1454,1466
23:21:35.750,s30_9_1_0_b64_mb2,54157,39578,11659,1454,1466
23:21:36.252,s30_9_1_0_b64_mb2,54157,39578,11659,1454,1466
23:21:36.754,s30_9_1_0_b64_mb2,54157,39578,11659,1454,1466
23:21:37.256,s30_9_1_0_b64_mb2,54157,39578,11659,1454,1466
23:21:37.757,s30_9_1_0_b64_mb2,54157,39578,11659,1454,1466
23:21:38.259,s30_9_1_0_b64_mb2,54157,39578,11659,1454,1466
23:21:38.761,s30_9_1_0_b64_mb2,54157,39578,11659,1454,1466
23:21:39.263,s30_9_1_0_b64_mb2,54157,39578,11659,1454,1466
23:21:39.765,s30_9_1_0_b64_mb2,54157,39578,11659,1454,1466
23:21:40.266,s30_9_1_0_b64_mb2,54157,39578,11659,1454,1466
23:21:40.768,s30_9_1_0_b64_mb2,54157,39578,11659,1454,1466
23:21:41.270,s30_9_1_0_b64_mb2,54157,39578,11659,1454,1466
23:21:41.772,s30_9_1_0_b64_mb2,54157,39578,11659,1454,1466
23:21:42.273,s30_9_1_0_b64_mb2,54157,39578,11659,1454,1466
23:21:42.775,s30_9_1_0_b64_mb2,54157,39578,11659,1454,1466
23:21:43.277,s30_9_1_0_b64_mb2,54157,39578,11659,1454,1466
23:21:43.779,s30_9_1_0_b64_mb2,54157,39578,11659,1454,1466
23:21:44.281,s30_9_1_0_b64_mb2,54157,39578,11659,1454,1466
23:21:44.782,s30_9_1_0_b64_mb2,54157,39578,11659,1454,1466
23:21:45.284,s30_9_1_0_b64_mb2,54157,39578,11659,1454,1466
23:21:45.786,s30_9_1_0_b64_mb2,54157,39578,11659,1454,1466
23:21:46.287,s30_9_1_0_b64_mb2,54157,39578,11659,1454,1466
23:21:46.789,s30_9_1_0_b64_mb2,54157,39578,11659,1454,1466
23:21:47.291,s30_9_1_0_b64_mb2,54157,39578,11659,1454,1466
23:21:47.793,s30_9_1_0_b64_mb2,54157,39578,11659,1454,1466
23:21:48.295,s30_9_1_0_b64_mb2,54157,39578,11659,1454,1466
23:21:48.797,s30_9_1_0_b64_mb2,54157,39578,11659,1454,1466
23:21:49.298,s30_9_1_0_b64_mb2,54157,39578,11659,1454,1466
23:21:49.800,s30_9_1_0_b64_mb2,54157,39578,11659,1454,1466
23:21:50.302,s30_9_1_0_b64_mb2,54157,39578,11659,1454,1466
23:21:50.804,s30_9_1_0_b64_mb2,54157,39578,11659,1454,1466
23:21:51.306,s30_9_1_0_b64_mb2,54157,39578,11659,1454,1466
23:21:51.808,s30_9_1_0_b64_mb2,54157,39578,11659,1454,1466
23:21:52.309,s30_9_1_0_b64_mb2,54157,39578,11659,1454,1466
23:21:52.811,s30_9_1_0_b64_mb2,54157,39578,11659,1454,1466
23:21:53.313,s30_9_1_0_b64_mb2,54157,39578,11659,1454,1466
23:21:53.815,s30_9_1_0_b64_mb2,54157,39578,11659,1454,1466
23:21:54.316,s30_9_1_0_b64_mb2,54157,39578,11659,1454,1466
23:21:54.818,s30_9_1_0_b64_mb2,54157,39578,11659,1454,1466
23:21:55.320,s30_9_1_0_b64_mb2,54157,39578,11659,1454,1466
23:21:55.822,s30_9_1_0_b64_mb2,54157,39578,11659,1454,1466
23:21:56.324,s30_9_1_0_b64_mb2,54157,39578,11659,1454,1466
23:21:56.825,s30_9_1_0_b64_mb2,54157,39578,11659,1454,1466
23:21:57.328,s30_9_1_0_b64_mb2,54157,39578,11659,1454,1466
23:21:57.829,s30_9_1_0_b64_mb2,54157,39578,11659,1454,1466
23:21:58.331,s30_9_1_0_b64_mb2,54157,39578,11659,1454,1466
23:21:58.833,s30_9_1_0_b64_mb2,54157,39578,11659,1454,1466
23:21:59.334,s30_9_1_0_b64_mb2,54157,39578,11659,1454,1466
23:21:59.836,s30_9_1_0_b64_mb2,54157,39578,11659,1454,1466
23:22:00.338,s30_9_1_0_b64_mb2,54157,39578,11659,1454,1466
23:22:00.840,s30_9_1_0_b64_mb2,54157,39578,11659,1454,1466
23:22:01.341,s30_9_1_0_b64_mb2,54157,39578,11659,1454,1466
23:22:01.843,s30_9_1_0_b64_mb2,54157,39578,11659,1454,1466
23:22:02.345,s30_9_1_0_b64_mb2,54157,39578,11659,1454,1466
23:22:02.847,s30_9_1_0_b64_mb2,54157,39578,11659,1454,1466
23:22:03.349,s30_9_1_0_b64_mb2,54157,39578,11659,1454,1466
23:22:03.851,s30_9_1_0_b64_mb2,54157,39578,11659,1454,1466
23:22:04.352,s30_9_1_0_b64_mb2,54157,39578,11659,1454,1466
23:22:04.854,s30_9_1_0_b64_mb2,54157,39578,11659,1454,1466
23:22:05.356,s30_9_1_0_b64_mb2,54157,39578,11659,1454,1466
23:22:05.858,s30_9_1_0_b64_mb2,54157,39578,11659,1454,1466
23:22:06.360,s30_9_1_0_b64_mb2,54157,39578,11659,1454,1466
23:22:06.861,s30_9_1_0_b64_mb2,54157,39578,11659,1454,1466
23:22:07.363,s30_9_1_0_b64_mb2,54157,39578,11659,1454,1466
23:22:07.865,s30_9_1_0_b64_mb2,54157,39578,11659,1454,1466
23:22:08.367,s30_9_1_0_b64_mb2,54157,39578,11659,1454,1466
23:22:08.869,s30_9_1_0_b64_mb2,54157,39578,11659,1454,1466
23:22:09.370,s30_9_1_0_b64_mb2,54157,39578,11659,1454,1466
23:22:09.872,s30_9_1_0_b64_mb2,54157,39578,11659,1454,1466
23:22:10.374,s30_9_1_0_b64_mb2,54157,39578,11659,1454,1466
23:22:10.876,s30_9_1_0_b64_mb2,54157,39578,11659,1454,1466
23:22:11.377,s30_9_1_0_b64_mb2,54157,39578,11659,1454,1466
23:22:11.879,s30_9_1_0_b64_mb2,54157,39578,11659,1454,1466
23:22:12.381,s30_9_1_0_b64_mb2,54157,39578,11659,1454,1466
23:22:12.883,s30_9_1_0_b64_mb2,54157,39578,11659,1454,1466
23:22:13.384,s30_9_1_0_b64_mb2,54157,39578,11659,1454,1466
23:22:13.886,s30_9_1_0_b64_mb2,54157,39578,11659,1454,1466
23:22:14.388,s30_9_1_0_b64_mb2,54157,39578,11659,1454,1466
23:22:14.890,s30_9_1_0_b64_mb2,54157,39578,11659,1454,1466
23:22:15.391,s30_9_1_0_b64_mb2,54157,39578,11659,1454,1466
23:22:15.893,s30_9_1_0_b64_mb2,54157,39578,11659,1454,1466
23:22:16.395,s30_9_1_0_b64_mb2,54157,39578,11659,1454,1466
23:22:16.897,s30_9_1_0_b64_mb2,54157,39578,11659,1454,1466
23:22:17.399,s30_9_1_0_b64_mb2,54157,39578,11659,1454,1466
23:22:17.901,s30_9_1_0_b64_mb2,54157,39578,11659,1454,1466
23:22:18.402,s30_9_1_0_b64_mb2,54157,39578,11659,1454,1466
23:22:18.904,s30_9_1_0_b64_mb2,54157,39578,11659,1454,1466
23:22:19.406,s30_9_1_0_b64_mb2,54157,39578,11659,1454,1466
23:22:19.908,s30_9_1_0_b64_mb2,54157,39578,11659,1454,1466
23:22:20.409,s30_9_1_0_b64_mb2,54157,39578,11659,1454,1466
23:22:20.911,s30_9_1_0_b64_mb2,54157,39578,11659,1454,1466
23:22:21.413,s30_9_1_0_b64_mb2,54157,39578,11659,1454,1466
23:22:21.915,s30_9_1_0_b64_mb2,54157,39578,11659,1454,1466
23:22:22.417,s30_9_1_0_b64_mb2,54157,39578,11659,1454,1466
23:22:22.918,s30_9_1_0_b64_mb2,54157,39578,11659,1454,1466
23:22:23.420,s30_9_1_0_b64_mb2,54157,39578,11659,1454,1466
23:22:23.922,s30_9_1_0_b64_mb2,54157,39578,11659,1454,1466
23:22:24.424,s30_9_1_0_b64_mb2,54157,39578,11659,1454,1466
23:22:24.926,s30_9_1_0_b64_mb2,54157,39578,11659,1454,1466
23:22:25.427,s30_9_1_0_b64_mb2,54157,39578,11659,1454,1466
23:22:25.929,s30_9_1_0_b64_mb2,54157,39578,11659,1454,1466
23:22:26.431,s30_9_1_0_b64_mb2,54157,39578,11659,1454,1466
23:22:26.933,s30_9_1_0_b64_mb2,54157,39578,11659,1454,1466
23:22:27.435,s30_9_1_0_b64_mb2,54157,39578,11659,1454,1466
23:22:27.936,s30_9_1_0_b64_mb2,54157,39578,11659,1454,1466
23:22:28.438,s30_9_1_0_b64_mb2,54157,39578,11659,1454,1466
23:22:28.940,s30_9_1_0_b64_mb2,54157,39578,11659,1454,1466
23:22:29.442,s30_9_1_0_b64_mb2,54157,39578,11659,1454,1466
23:22:29.943,s30_9_1_0_b64_mb2,54157,39578,11659,1454,1466
23:22:30.445,s30_9_1_0_b64_mb2,54157,39578,11659,1454,1466
23:22:30.947,s30_9_1_0_b64_mb2,54157,39578,11659,1454,1466
23:22:31.449,s30_9_1_0_b64_mb2,54157,39578,11659,1454,1466
23:22:31.951,s30_9_1_0_b64_mb2,54157,39578,11659,1454,1466
23:22:32.452,s30_9_1_0_b64_mb2,54157,39578,11659,1454,1466
23:22:32.954,s30_9_1_0_b64_mb2,54157,39578,11659,1454,1466
23:22:33.456,s30_9_1_0_b64_mb2,54157,39578,11659,1454,1466
23:22:33.957,s30_9_1_0_b64_mb2,54157,39578,11659,1454,1466
23:22:34.459,s30_9_1_0_b64_mb2,54157,39578,11659,1454,1466
23:22:34.961,s30_9_1_0_b64_mb2,54157,39578,11659,1454,1466
23:22:35.463,s30_9_1_0_b64_mb2,54157,39578,11659,1454,1466
23:22:35.964,s30_9_1_0_b64_mb2,54157,39578,11659,1454,1466
23:22:36.466,s30_9_1_0_b64_mb2,54157,39578,11659,1454,1466
23:22:36.968,s30_9_1_0_b64_mb2,54157,39578,11659,1454,1466
23:22:37.470,s30_9_1_0_b64_mb2,54157,39578,11659,1454,1466
23:22:37.971,s30_9_1_0_b64_mb2,54157,39578,11659,1454,1466
23:22:38.473,s30_9_1_0_b64_mb2,54157,39578,11659,1454,1466
23:22:38.975,s30_9_1_0_b64_mb2,54157,39578,11659,1454,1466
23:22:39.477,s30_9_1_0_b64_mb2,54157,39578,11659,1454,1466
23:22:39.978,s30_9_1_0_b64_mb2,54157,39578,11659,1454,1466
23:22:40.480,s30_9_1_0_b64_mb2,54157,39578,11659,1454,1466
23:22:40.982,s30_9_1_0_b64_mb2,54157,39578,11659,1454,1466
23:22:41.484,s30_9_1_0_b64_mb2,54157,39578,11659,1454,1466
23:22:41.986,s30_9_1_0_b64_mb2,54157,39578,11659,1454,1466
23:22:42.487,s30_9_1_0_b64_mb2,54157,39578,11659,1454,1466
23:22:42.989,s30_9_1_0_b64_mb2,54157,39578,11659,1454,1466
23:22:43.491,s30_9_1_0_b64_mb2,54157,39578,11659,1454,1466
23:22:43.993,s30_9_1_0_b64_mb2,54157,39578,11659,1454,1466
23:22:44.494,s30_9_1_0_b64_mb2,54157,39578,11659,1454,1466
23:22:44.996,s30_9_1_0_b64_mb2,54157,39578,11659,1454,1466
23:22:45.498,s30_9_1_0_b64_mb2,54157,39578,11659,1454,1466
23:22:46.000,s30_9_1_0_b64_mb2,54157,39578,11659,1454,1466
23:22:46.502,s30_9_1_0_b64_mb2,54157,39578,11659,1454,1466
23:22:47.004,s30_9_1_0_b64_mb2,54157,39578,11659,1454,1466
23:22:47.506,s30_9_1_0_b64_mb2,54157,39578,11659,1454,1466
23:22:48.007,s30_9_1_0_b64_mb2,54157,39578,11659,1454,1466
23:22:48.509,s30_9_1_0_b64_mb2,54157,39578,11659,1454,1466
23:22:49.011,s30_9_1_0_b64_mb2,54157,39578,11659,1454,1466
23:22:49.513,s30_9_1_0_b64_mb2,54157,39578,11659,1454,1466
23:22:50.015,s30_9_1_0_b64_mb2,54157,39578,11659,1454,1466
23:22:50.517,s30_9_1_0_b64_mb2,54157,39578,11659,1454,1466
23:22:51.019,s30_9_1_0_b64_mb2,54157,39578,11659,1454,1466
23:22:51.520,s30_9_1_0_b64_mb2,54157,39578,11659,1454,1466
23:22:52.022,s30_9_1_0_b64_mb2,54157,39578,11659,1454,1466
23:22:52.524,s30_9_1_0_b64_mb2,54157,39578,11659,1454,1466
23:22:53.026,s30_9_1_0_b64_mb2,54157,39578,11659,1454,1466
23:22:53.528,s30_9_1_0_b64_mb2,54157,39578,11659,1454,1466
23:22:54.030,s30_9_1_0_b64_mb2,54157,39578,11659,1454,1466
23:22:54.532,s30_9_1_0_b64_mb2,54197,39598,11659,1454,1466
23:22:55.034,s30_9_1_0_b64_mb2,54377,39758,11659,1454,1466
23:22:55.536,s30_9_1_0_b64_mb2,54537,39938,11659,1454,1466
23:22:56.037,s30_9_1_0_b64_mb2,54697,40098,11699,1454,1466
23:22:56.539,s30_9_1_0_b64_mb2,54797,40098,11799,1454,1466
23:22:57.041,s30_9_1_0_b64_mb2,54857,40098,11819,1474,1466
23:22:57.543,s30_9_1_0_b64_mb2,54857,40098,11819,1474,1466
23:22:58.045,s30_9_1_0_b64_mb2,54857,40098,11819,1474,1466
23:22:58.547,s30_9_1_0_b64_mb2,54857,40098,11819,1474,1466
23:22:59.049,s30_9_1_0_b64_mb2,54857,40098,11819,1474,1466
23:22:59.551,s30_9_1_0_b64_mb2,54857,40098,11819,1474,1466
23:23:00.053,s30_9_1_0_b64_mb2,54857,40098,11819,1474,1466
23:23:00.554,s30_9_1_0_b64_mb2,54857,40098,11819,1474,1466
23:23:01.056,s30_9_1_0_b64_mb2,54857,40098,11819,1474,1466
23:23:01.558,s30_9_1_0_b64_mb2,54857,40098,11819,1474,1466
23:23:02.060,s30_9_1_0_b64_mb2,54857,40098,11819,1474,1466
23:23:02.562,s30_9_1_0_b64_mb2,54857,40098,11819,1474,1466
23:23:03.064,s30_9_1_0_b64_mb2,54857,40098,11819,1474,1466
23:23:03.565,s30_9_1_0_b64_mb2,54857,40098,11819,1474,1466
23:23:04.067,s30_9_1_0_b64_mb2,54857,40098,11819,1474,1466
23:23:04.569,s30_9_1_0_b64_mb2,54857,40098,11819,1474,1466
23:23:05.071,s30_9_1_0_b64_mb2,54857,40098,11819,1474,1466
23:23:05.573,s30_9_1_0_b64_mb2,54857,40098,11819,1474,1466
23:23:06.075,s30_9_1_0_b64_mb2,54857,40098,11819,1474,1466
23:23:06.577,s30_9_1_0_b64_mb2,54857,40098,11819,1474,1466
23:23:07.079,s30_9_1_0_b64_mb2,54857,40098,11819,1474,1466
23:23:07.580,s30_9_1_0_b64_mb2,54857,40098,11819,1474,1466
23:23:08.082,s30_9_1_0_b64_mb2,54857,40098,11819,1474,1466
23:23:08.584,s30_9_1_0_b64_mb2,54857,40098,11819,1474,1466
23:23:09.086,s30_9_1_0_b64_mb2,54857,40098,11819,1474,1466
23:23:09.588,s30_9_1_0_b64_mb2,54857,40098,11819,1474,1466
23:23:10.090,s30_9_1_0_b64_mb2,54857,40098,11819,1474,1466
23:23:10.591,s30_9_1_0_b64_mb2,54857,40098,11819,1474,1466
23:23:11.093,s30_9_1_0_b64_mb2,54857,40098,11819,1474,1466
23:23:11.595,s30_9_1_0_b64_mb2,54857,40098,11819,1474,1466
23:23:12.097,s30_9_1_0_b64_mb2,54857,40098,11819,1474,1466
23:23:12.599,s30_9_1_0_b64_mb2,54857,40098,11819,1474,1466
23:23:13.101,s30_9_1_0_b64_mb2,54857,40098,11819,1474,1466
23:23:13.603,s30_9_1_0_b64_mb2,54857,40098,11819,1474,1466
23:23:14.104,s30_9_1_0_b64_mb2,54857,40098,11819,1474,1466
23:23:14.606,s30_9_1_0_b64_mb2,54857,40098,11819,1474,1466
23:23:15.108,s30_9_1_0_b64_mb2,54857,40098,11819,1474,1466
23:23:15.610,s30_9_1_0_b64_mb2,54857,40098,11819,1474,1466
23:23:16.112,s30_9_1_0_b64_mb2,54857,40098,11819,1474,1466
23:23:16.614,s30_9_1_0_b64_mb2,54857,40098,11819,1474,1466
23:23:17.116,s30_9_1_0_b64_mb2,54857,40098,11819,1474,1466
23:23:17.618,s30_9_1_0_b64_mb2,53403,40098,11819,1474,12
