timestamp,label,gpu_mb,rank0_40gb_mb,rank1_20gb_mb,rank2_10gb_mb,rank3_10gb_mb
09:01:48.812,s24_10_5_1_b64_mb2,87,37,25,12,12
09:01:49.347,s24_10_5_1_b64_mb2,87,37,25,12,12
09:01:49.847,s24_10_5_1_b64_mb2,87,37,25,12,12
09:01:50.349,s24_10_5_1_b64_mb2,87,37,25,12,12
09:01:50.850,s24_10_5_1_b64_mb2,87,37,25,12,12
09:01:51.352,s24_10_5_1_b64_mb2,87,37,25,12,12
09:01:51.854,s24_10_5_1_b64_mb2,87,37,25,12,12
09:01:52.356,s24_10_5_1_b64_mb2,87,37,25,12,12
09:01:52.858,s24_10_5_1_b64_mb2,87,37,25,12,12
09:01:53.359,s24_10_5_1_b64_mb2,87,37,25,12,12
09:01:53.861,s24_10_5_1_b64_mb2,88,38,25,12,12
09:01:54.363,s24_10_5_1_b64_mb2,177,64,47,38,32
09:01:54.865,s24_10_5_1_b64_mb2,565,220,157,94,94
09:01:55.366,s24_10_5_1_b64_mb2,565,220,157,94,94
09:01:55.868,s24_10_5_1_b64_mb2,573,222,159,96,96
09:01:56.370,s24_10_5_1_b64_mb2,573,222,159,96,96
09:01:56.872,s24_10_5_1_b64_mb2,573,222,159,96,96
09:01:57.374,s24_10_5_1_b64_mb2,1545,1194,159,96,96
09:01:57.886,s24_10_5_1_b64_mb2,1545,1194,159,96,96
09:01:58.388,s24_10_5_1_b64_mb2,3387,1194,769,706,718
09:01:58.890,s24_10_5_1_b64_mb2,3387,1194,769,706,718
09:01:59.392,s24_10_5_1_b64_mb2,4327,1194,769,706,1658
09:01:59.894,s24_10_5_1_b64_mb2,4329,1196,769,706,1658
09:02:00.396,s24_10_5_1_b64_mb2,4765,1196,869,906,1658
09:02:00.898,s24_10_5_1_b64_mb2,5545,1196,1377,1314,1658
09:02:01.400,s24_10_5_1_b64_mb2,5545,1196,1377,1314,1658
09:02:01.902,s24_10_5_1_b64_mb2,6153,1804,1377,1314,1658
09:02:02.404,s24_10_5_1_b64_mb2,6153,1804,1377,1314,1658
09:02:02.906,s24_10_5_1_b64_mb2,7369,1804,1985,1922,1658
09:02:03.408,s24_10_5_1_b64_mb2,7369,1804,1985,1922,1658
09:02:03.910,s24_10_5_1_b64_mb2,6893,1954,1985,1922,1032
09:02:04.412,s24_10_5_1_b64_mb2,7351,2412,1985,1922,1032
09:02:04.914,s24_10_5_1_b64_mb2,7351,2412,1985,1922,1032
09:02:05.416,s24_10_5_1_b64_mb2,8567,2412,2593,2530,1032
09:02:05.918,s24_10_5_1_b64_mb2,8567,2412,2593,2530,1032
09:02:06.420,s24_10_5_1_b64_mb2,9175,3020,2593,2530,1032
09:02:06.922,s24_10_5_1_b64_mb2,9175,3020,2593,2530,1032
09:02:07.424,s24_10_5_1_b64_mb2,10131,3020,2929,3150,1032
09:02:07.926,s24_10_5_1_b64_mb2,10403,3020,3201,3150,1032
09:02:08.428,s24_10_5_1_b64_mb2,10403,3020,3201,3150,1032
09:02:08.930,s24_10_5_1_b64_mb2,11011,3628,3201,3150,1032
09:02:09.433,s24_10_5_1_b64_mb2,11011,3628,3201,3150,1032
09:02:09.935,s24_10_5_1_b64_mb2,11619,3628,3809,3150,1032
09:02:10.437,s24_10_5_1_b64_mb2,11619,3628,3809,3150,1032
09:02:10.939,s24_10_5_1_b64_mb2,12267,4236,3809,3150,1072
09:02:11.440,s24_10_5_1_b64_mb2,12267,4236,3809,3150,1072
09:02:11.942,s24_10_5_1_b64_mb2,12417,4236,3959,3150,1072
09:02:12.444,s24_10_5_1_b64_mb2,12875,4236,4417,3150,1072
09:02:12.946,s24_10_5_1_b64_mb2,12875,4236,4417,3150,1072
09:02:13.448,s24_10_5_1_b64_mb2,13483,4844,4417,3150,1072
09:02:13.950,s24_10_5_1_b64_mb2,13483,4844,4417,3150,1072
09:02:14.452,s24_10_5_1_b64_mb2,14091,4844,5025,3150,1072
09:02:14.953,s24_10_5_1_b64_mb2,14091,4844,5025,3150,1072
09:02:15.455,s24_10_5_1_b64_mb2,14699,5452,5025,3150,1072
09:02:15.957,s24_10_5_1_b64_mb2,14699,5452,5025,3150,1072
09:02:16.459,s24_10_5_1_b64_mb2,14699,5452,5075,3150,1072
09:02:16.961,s24_10_5_1_b64_mb2,15307,5452,5633,3150,1072
09:02:17.463,s24_10_5_1_b64_mb2,15307,5452,5633,3150,1072
09:02:17.965,s24_10_5_1_b64_mb2,15915,6060,5633,3150,1072
09:02:18.467,s24_10_5_1_b64_mb2,15915,6060,5633,3150,1072
09:02:18.969,s24_10_5_1_b64_mb2,16585,6060,6263,3190,1072
09:02:19.471,s24_10_5_1_b64_mb2,16585,6060,6263,3190,1072
09:02:19.973,s24_10_5_1_b64_mb2,17193,6668,6263,3190,1072
09:02:20.475,s24_10_5_1_b64_mb2,17193,6668,6263,3190,1072
09:02:20.976,s24_10_5_1_b64_mb2,17193,6668,6263,3190,1072
09:02:21.478,s24_10_5_1_b64_mb2,17193,6668,6263,3190,1072
09:02:21.980,s24_10_5_1_b64_mb2,17293,6718,6263,3190,1072
09:02:22.482,s24_10_5_1_b64_mb2,17801,7276,6263,3190,1072
09:02:22.984,s24_10_5_1_b64_mb2,17801,7276,6263,3190,1072
09:02:23.486,s24_10_5_1_b64_mb2,17801,7276,6263,3190,1072
09:02:23.988,s24_10_5_1_b64_mb2,17801,7276,6263,3190,1072
09:02:24.490,s24_10_5_1_b64_mb2,18409,7884,6263,3190,1072
09:02:24.992,s24_10_5_1_b64_mb2,18409,7884,6263,3190,1072
09:02:25.493,s24_10_5_1_b64_mb2,18409,7884,6263,3190,1072
09:02:25.995,s24_10_5_1_b64_mb2,18409,7884,6263,3190,1072
09:02:26.497,s24_10_5_1_b64_mb2,18881,8356,6263,3190,1072
09:02:26.999,s24_10_5_1_b64_mb2,19017,8492,6263,3190,1072
09:02:27.500,s24_10_5_1_b64_mb2,19017,8492,6263,3190,1072
09:02:28.002,s24_10_5_1_b64_mb2,19017,8492,6263,3190,1072
09:02:28.504,s24_10_5_1_b64_mb2,19017,8492,6263,3190,1072
09:02:29.006,s24_10_5_1_b64_mb2,19625,9100,6263,3190,1072
09:02:29.508,s24_10_5_1_b64_mb2,19625,9100,6263,3190,1072
09:02:30.010,s24_10_5_1_b64_mb2,19625,9100,6263,3190,1072
09:02:30.511,s24_10_5_1_b64_mb2,19625,9100,6263,3190,1072
09:02:31.013,s24_10_5_1_b64_mb2,20273,9708,6303,3190,1072
09:02:31.515,s24_10_5_1_b64_mb2,20273,9708,6303,3190,1072
09:02:32.017,s24_10_5_1_b64_mb2,20273,9708,6303,3190,1072
09:02:32.518,s24_10_5_1_b64_mb2,20273,9708,6303,3190,1072
09:02:33.020,s24_10_5_1_b64_mb2,20273,9708,6303,3190,1072
09:02:33.522,s24_10_5_1_b64_mb2,20881,10316,6303,3190,1072
09:02:34.024,s24_10_5_1_b64_mb2,20881,10316,6303,3190,1072
09:02:34.526,s24_10_5_1_b64_mb2,20881,10316,6303,3190,1072
09:02:35.028,s24_10_5_1_b64_mb2,20881,10316,6303,3190,1072
09:02:35.530,s24_10_5_1_b64_mb2,21489,10924,6303,3190,1072
09:02:36.032,s24_10_5_1_b64_mb2,21489,10924,6303,3190,1072
09:02:36.534,s24_10_5_1_b64_mb2,21489,10924,6303,3190,1072
09:02:37.036,s24_10_5_1_b64_mb2,21489,10924,6303,3190,1072
09:02:37.538,s24_10_5_1_b64_mb2,22097,11396,6303,3190,1072
09:02:38.040,s24_10_5_1_b64_mb2,22097,11532,6303,3190,1072
09:02:38.542,s24_10_5_1_b64_mb2,22097,11532,6303,3190,1072
09:02:39.043,s24_10_5_1_b64_mb2,22097,11532,6303,3190,1072
09:02:39.545,s24_10_5_1_b64_mb2,22097,11532,6303,3190,1072
09:02:40.047,s24_10_5_1_b64_mb2,22705,12140,6303,3190,1072
09:02:40.549,s24_10_5_1_b64_mb2,22705,12140,6303,3190,1072
09:02:41.051,s24_10_5_1_b64_mb2,22705,12140,6303,3190,1072
09:02:41.554,s24_10_5_1_b64_mb2,22705,12140,6303,3190,1072
09:02:42.055,s24_10_5_1_b64_mb2,23313,12748,6303,3190,1072
09:02:42.557,s24_10_5_1_b64_mb2,23313,12748,6303,3190,1072
09:02:43.059,s24_10_5_1_b64_mb2,23313,12748,6303,3190,1072
09:02:43.561,s24_10_5_1_b64_mb2,23313,12748,6303,3190,1072
09:02:44.063,s24_10_5_1_b64_mb2,23413,12848,6303,3190,1072
09:02:44.564,s24_10_5_1_b64_mb2,23921,13356,6303,3190,1072
09:02:45.066,s24_10_5_1_b64_mb2,23921,13356,6303,3190,1072
09:02:45.568,s24_10_5_1_b64_mb2,23921,13356,6303,3190,1072
09:02:46.070,s24_10_5_1_b64_mb2,23921,13356,6303,3190,1072
09:02:46.571,s24_10_5_1_b64_mb2,24529,13964,6303,3190,1072
09:02:47.073,s24_10_5_1_b64_mb2,24529,13964,6303,3190,1072
09:02:47.575,s24_10_5_1_b64_mb2,24529,13964,6303,3190,1072
09:02:48.077,s24_10_5_1_b64_mb2,24529,13964,6303,3190,1072
09:02:48.578,s24_10_5_1_b64_mb2,25137,14436,6303,3190,1072
09:02:49.080,s24_10_5_1_b64_mb2,25137,14572,6303,3190,1072
09:02:49.582,s24_10_5_1_b64_mb2,25137,14572,6303,3190,1072
09:02:50.084,s24_10_5_1_b64_mb2,25137,14572,6303,3190,1072
09:02:50.586,s24_10_5_1_b64_mb2,25137,14572,6303,3190,1072
09:02:51.088,s24_10_5_1_b64_mb2,25745,15180,6303,3190,1072
09:02:51.589,s24_10_5_1_b64_mb2,25745,15180,6303,3190,1072
09:02:52.091,s24_10_5_1_b64_mb2,25745,15180,6303,3190,1072
09:02:52.594,s24_10_5_1_b64_mb2,25745,15180,6303,3190,1072
09:02:53.096,s24_10_5_1_b64_mb2,25745,15180,6303,3190,1072
09:02:53.598,s24_10_5_1_b64_mb2,25745,15180,6303,3190,1072
09:02:54.100,s24_10_5_1_b64_mb2,25745,15180,6303,3190,1072
09:02:54.602,s24_10_5_1_b64_mb2,25745,15180,6303,3190,1072
09:02:55.104,s24_10_5_1_b64_mb2,25745,15180,6303,3190,1072
09:02:55.606,s24_10_5_1_b64_mb2,25745,15180,6303,3190,1072
09:02:56.107,s24_10_5_1_b64_mb2,25745,15180,6303,3190,1072
09:02:56.609,s24_10_5_1_b64_mb2,25745,15180,6303,3190,1072
09:02:57.111,s24_10_5_1_b64_mb2,25745,15180,6303,3190,1072
09:02:57.613,s24_10_5_1_b64_mb2,25745,15180,6303,3190,1072
09:02:58.115,s24_10_5_1_b64_mb2,25745,15180,6303,3190,1072
09:02:58.617,s24_10_5_1_b64_mb2,25745,15180,6303,3190,1072
09:02:59.119,s24_10_5_1_b64_mb2,25745,15180,6303,3190,1072
09:02:59.621,s24_10_5_1_b64_mb2,25745,15180,6303,3190,1072
09:03:00.123,s24_10_5_1_b64_mb2,25745,15180,6303,3190,1072
09:03:00.625,s24_10_5_1_b64_mb2,25745,15180,6303,3190,1072
09:03:01.127,s24_10_5_1_b64_mb2,25745,15180,6303,3190,1072
09:03:01.629,s24_10_5_1_b64_mb2,25745,15180,6303,3190,1072
09:03:02.131,s24_10_5_1_b64_mb2,25745,15180,6303,3190,1072
09:03:02.632,s24_10_5_1_b64_mb2,25745,15180,6303,3190,1072
09:03:03.134,s24_10_5_1_b64_mb2,25745,15180,6303,3190,1072
09:03:03.636,s24_10_5_1_b64_mb2,25745,15180,6303,3190,1072
09:03:04.138,s24_10_5_1_b64_mb2,25745,15180,6303,3190,1072
09:03:04.640,s24_10_5_1_b64_mb2,25745,15180,6303,3190,1072
09:03:05.141,s24_10_5_1_b64_mb2,25761,15196,6303,3190,1072
09:03:05.643,s24_10_5_1_b64_mb2,26461,15876,6323,3190,1072
09:03:06.145,s24_10_5_1_b64_mb2,27241,16656,6323,3190,1072
09:03:06.646,s24_10_5_1_b64_mb2,27737,17136,6339,3190,1072
09:03:07.148,s24_10_5_1_b64_mb2,28117,17136,6699,3210,1072
09:03:07.650,s24_10_5_1_b64_mb2,28557,17136,7159,3210,1072
09:03:08.152,s24_10_5_1_b64_mb2,28693,17136,7159,3326,1072
09:03:08.654,s24_10_5_1_b64_mb2,28933,17136,7159,3546,1072
09:03:09.156,s24_10_5_1_b64_mb2,29069,17136,7159,3646,1128
09:03:09.657,s24_10_5_1_b64_mb2,29209,17196,7159,3646,1208
09:03:10.159,s24_10_5_1_b64_mb2,29369,17356,7159,3646,1208
09:03:10.661,s24_10_5_1_b64_mb2,29449,17376,7219,3646,1208
09:03:11.162,s24_10_5_1_b64_mb2,29489,17376,7239,3666,1208
09:03:11.664,s24_10_5_1_b64_mb2,29491,17376,7239,3666,1210
09:03:12.166,s24_10_5_1_b64_mb2,29491,17376,7239,3666,1210
09:03:12.668,s24_10_5_1_b64_mb2,29491,17376,7239,3666,1210
09:03:13.169,s24_10_5_1_b64_mb2,29491,17376,7239,3666,1210
09:03:13.671,s24_10_5_1_b64_mb2,29511,17396,7239,3666,1210
09:03:14.173,s24_10_5_1_b64_mb2,29511,17396,7239,3666,1210
09:03:14.675,s24_10_5_1_b64_mb2,29511,17396,7239,3666,1210
09:03:15.176,s24_10_5_1_b64_mb2,29531,17396,7239,3686,1210
09:03:15.678,s24_10_5_1_b64_mb2,29531,17396,7239,3686,1210
09:03:16.180,s24_10_5_1_b64_mb2,29531,17396,7239,3686,1210
09:03:16.682,s24_10_5_1_b64_mb2,29531,17396,7239,3686,1210
09:03:17.183,s24_10_5_1_b64_mb2,29531,17396,7239,3686,1210
09:03:17.685,s24_10_5_1_b64_mb2,29531,17396,7239,3686,1210
09:03:18.187,s24_10_5_1_b64_mb2,29571,17436,7239,3686,1210
09:03:18.688,s24_10_5_1_b64_mb2,29591,17456,7239,3686,1210
09:03:19.190,s24_10_5_1_b64_mb2,29631,17456,7279,3686,1210
09:03:19.692,s24_10_5_1_b64_mb2,29631,17456,7279,3686,1210
09:03:20.194,s24_10_5_1_b64_mb2,29631,17456,7279,3686,1210
09:03:20.695,s24_10_5_1_b64_mb2,29651,17476,7279,3686,1210
09:03:21.197,s24_10_5_1_b64_mb2,29671,17476,7279,3706,1210
09:03:21.699,s24_10_5_1_b64_mb2,29671,17476,7279,3706,1210
09:03:22.200,s24_10_5_1_b64_mb2,29671,17476,7279,3706,1210
09:03:22.702,s24_10_5_1_b64_mb2,29671,17476,7279,3706,1210
09:03:23.203,s24_10_5_1_b64_mb2,29671,17476,7279,3706,1210
09:03:23.705,s24_10_5_1_b64_mb2,29671,17476,7279,3706,1210
09:03:24.207,s24_10_5_1_b64_mb2,29671,17476,7279,3706,1210
09:03:24.708,s24_10_5_1_b64_mb2,29671,17476,7279,3706,1210
09:03:25.210,s24_10_5_1_b64_mb2,29671,17476,7279,3706,1210
09:03:25.712,s24_10_5_1_b64_mb2,29671,17476,7279,3706,1210
09:03:26.213,s24_10_5_1_b64_mb2,29671,17476,7279,3706,1210
09:03:26.715,s24_10_5_1_b64_mb2,29671,17476,7279,3706,1210
09:03:27.217,s24_10_5_1_b64_mb2,29671,17476,7279,3706,1210
09:03:27.718,s24_10_5_1_b64_mb2,29671,17476,7279,3706,1210
09:03:28.220,s24_10_5_1_b64_mb2,29691,17496,7279,3706,1210
09:03:28.722,s24_10_5_1_b64_mb2,29791,17596,7279,3706,1210
09:03:29.224,s24_10_5_1_b64_mb2,29851,17596,7339,3706,1210
09:03:29.725,s24_10_5_1_b64_mb2,29871,17596,7339,3726,1210
09:03:30.227,s24_10_5_1_b64_mb2,29891,17616,7339,3726,1210
09:03:30.729,s24_10_5_1_b64_mb2,29891,17616,7339,3726,1210
09:03:31.230,s24_10_5_1_b64_mb2,29891,17616,7339,3726,1210
09:03:31.732,s24_10_5_1_b64_mb2,29891,17616,7339,3726,1210
09:03:32.234,s24_10_5_1_b64_mb2,29891,17616,7339,3726,1210
09:03:32.736,s24_10_5_1_b64_mb2,29891,17616,7339,3726,1210
09:03:33.237,s24_10_5_1_b64_mb2,29891,17616,7339,3726,1210
09:03:33.739,s24_10_5_1_b64_mb2,29891,17616,7339,3726,1210
09:03:34.241,s24_10_5_1_b64_mb2,29891,17616,7339,3726,1210
09:03:34.742,s24_10_5_1_b64_mb2,29891,17616,7339,3726,1210
09:03:35.244,s24_10_5_1_b64_mb2,29891,17616,7339,3726,1210
09:03:35.746,s24_10_5_1_b64_mb2,29891,17616,7339,3726,1210
09:03:36.248,s24_10_5_1_b64_mb2,29891,17616,7339,3726,1210
09:03:36.749,s24_10_5_1_b64_mb2,29891,17616,7339,3726,1210
09:03:37.251,s24_10_5_1_b64_mb2,29891,17616,7339,3726,1210
09:03:37.753,s24_10_5_1_b64_mb2,29891,17616,7339,3726,1210
09:03:38.254,s24_10_5_1_b64_mb2,29891,17616,7339,3726,1210
09:03:38.756,s24_10_5_1_b64_mb2,29991,17716,7339,3726,1210
09:03:39.258,s24_10_5_1_b64_mb2,30071,17756,7379,3726,1210
09:03:39.759,s24_10_5_1_b64_mb2,30111,17756,7399,3746,1210
09:03:40.261,s24_10_5_1_b64_mb2,30151,17776,7399,3766,1210
09:03:40.763,s24_10_5_1_b64_mb2,30151,17776,7399,3766,1210
09:03:41.264,s24_10_5_1_b64_mb2,30171,17776,7419,3766,1210
09:03:41.766,s24_10_5_1_b64_mb2,30171,17776,7419,3766,1210
09:03:42.268,s24_10_5_1_b64_mb2,30191,17776,7419,3766,1230
09:03:42.769,s24_10_5_1_b64_mb2,30191,17776,7419,3766,1230
09:03:43.271,s24_10_5_1_b64_mb2,30191,17776,7419,3766,1230
09:03:43.773,s24_10_5_1_b64_mb2,30191,17776,7419,3766,1230
09:03:44.274,s24_10_5_1_b64_mb2,30191,17776,7419,3766,1230
09:03:44.776,s24_10_5_1_b64_mb2,30191,17776,7419,3766,1230
09:03:45.278,s24_10_5_1_b64_mb2,30191,17776,7419,3766,1230
09:03:45.779,s24_10_5_1_b64_mb2,30191,17776,7419,3766,1230
09:03:46.281,s24_10_5_1_b64_mb2,30191,17776,7419,3766,1230
09:03:46.783,s24_10_5_1_b64_mb2,30191,17776,7419,3766,1230
09:03:47.284,s24_10_5_1_b64_mb2,30191,17776,7419,3766,1230
09:03:47.786,s24_10_5_1_b64_mb2,30191,17776,7419,3766,1230
09:03:48.288,s24_10_5_1_b64_mb2,30191,17776,7419,3766,1230
09:03:48.789,s24_10_5_1_b64_mb2,30191,17776,7419,3766,1230
09:03:49.291,s24_10_5_1_b64_mb2,30191,17776,7419,3766,1230
09:03:49.793,s24_10_5_1_b64_mb2,30191,17776,7419,3766,1230
09:03:50.295,s24_10_5_1_b64_mb2,30191,17776,7419,3766,1230
09:03:50.796,s24_10_5_1_b64_mb2,30191,17776,7419,3766,1230
09:03:51.298,s24_10_5_1_b64_mb2,30191,17776,7419,3766,1230
09:03:51.800,s24_10_5_1_b64_mb2,30191,17776,7419,3766,1230
09:03:52.301,s24_10_5_1_b64_mb2,30191,17776,7419,3766,1230
09:03:52.803,s24_10_5_1_b64_mb2,30291,17856,7419,3766,1230
09:03:53.305,s24_10_5_1_b64_mb2,30411,17996,7419,3766,1230
09:03:53.806,s24_10_5_1_b64_mb2,30491,17996,7499,3766,1230
09:03:54.308,s24_10_5_1_b64_mb2,30551,17996,7519,3806,1230
09:03:54.810,s24_10_5_1_b64_mb2,30571,18016,7519,3806,1230
09:03:55.311,s24_10_5_1_b64_mb2,30571,18016,7519,3806,1230
09:03:55.813,s24_10_5_1_b64_mb2,30571,18016,7519,3826,1230
09:03:56.315,s24_10_5_1_b64_mb2,30591,18016,7519,3826,1230
09:03:56.816,s24_10_5_1_b64_mb2,30591,18016,7519,3826,1230
09:03:57.318,s24_10_5_1_b64_mb2,30591,18016,7519,3826,1230
09:03:57.820,s24_10_5_1_b64_mb2,30591,18016,7519,3826,1230
09:03:58.321,s24_10_5_1_b64_mb2,30591,18016,7519,3826,1230
09:03:58.823,s24_10_5_1_b64_mb2,30591,18016,7519,3826,1230
09:03:59.325,s24_10_5_1_b64_mb2,30591,18016,7519,3826,1230
09:03:59.827,s24_10_5_1_b64_mb2,30591,18016,7519,3826,1230
09:04:00.328,s24_10_5_1_b64_mb2,30591,18016,7519,3826,1230
09:04:00.830,s24_10_5_1_b64_mb2,30591,18016,7519,3826,1230
09:04:01.332,s24_10_5_1_b64_mb2,30591,18016,7519,3826,1230
09:04:01.833,s24_10_5_1_b64_mb2,30591,18016,7519,3826,1230
09:04:02.335,s24_10_5_1_b64_mb2,30591,18016,7519,3826,1230
09:04:02.837,s24_10_5_1_b64_mb2,30591,18016,7519,3826,1230
09:04:03.339,s24_10_5_1_b64_mb2,30591,18016,7519,3826,1230
09:04:03.840,s24_10_5_1_b64_mb2,30591,18016,7519,3826,1230
09:04:04.342,s24_10_5_1_b64_mb2,30591,18016,7519,3826,1230
09:04:04.844,s24_10_5_1_b64_mb2,30591,18016,7519,3826,1230
09:04:05.345,s24_10_5_1_b64_mb2,30591,18016,7519,3826,1230
09:04:05.847,s24_10_5_1_b64_mb2,30591,18016,7519,3826,1230
09:04:06.349,s24_10_5_1_b64_mb2,30591,18016,7519,3826,1230
09:04:06.850,s24_10_5_1_b64_mb2,30591,18016,7519,3826,1230
09:04:07.352,s24_10_5_1_b64_mb2,30591,18016,7519,3826,1230
09:04:07.854,s24_10_5_1_b64_mb2,30591,18016,7519,3826,1230
09:04:08.355,s24_10_5_1_b64_mb2,30591,18016,7519,3826,1230
09:04:08.857,s24_10_5_1_b64_mb2,30731,18136,7519,3826,1230
09:04:09.359,s24_10_5_1_b64_mb2,30891,18276,7559,3826,1230
09:04:09.860,s24_10_5_1_b64_mb2,30971,18276,7639,3826,1230
09:04:10.362,s24_10_5_1_b64_mb2,31011,18276,7639,3866,1230
09:04:10.864,s24_10_5_1_b64_mb2,31051,18296,7639,3866,1250
09:04:11.365,s24_10_5_1_b64_mb2,31051,18296,7639,3866,1250
09:04:11.867,s24_10_5_1_b64_mb2,31071,18296,7639,3866,1250
09:04:12.369,s24_10_5_1_b64_mb2,31071,18296,7639,3886,1250
09:04:12.870,s24_10_5_1_b64_mb2,31071,18296,7639,3886,1250
09:04:13.372,s24_10_5_1_b64_mb2,31071,18296,7639,3886,1250
09:04:13.874,s24_10_5_1_b64_mb2,31071,18296,7639,3886,1250
09:04:14.376,s24_10_5_1_b64_mb2,31071,18296,7639,3886,1250
09:04:14.877,s24_10_5_1_b64_mb2,31071,18296,7639,3886,1250
09:04:15.379,s24_10_5_1_b64_mb2,31071,18296,7639,3886,1250
09:04:15.881,s24_10_5_1_b64_mb2,31071,18296,7639,3886,1250
09:04:16.382,s24_10_5_1_b64_mb2,31071,18296,7639,3886,1250
09:04:16.884,s24_10_5_1_b64_mb2,31071,18296,7639,3886,1250
09:04:17.386,s24_10_5_1_b64_mb2,31071,18296,7639,3886,1250
09:04:17.887,s24_10_5_1_b64_mb2,31071,18296,7639,3886,1250
09:04:18.389,s24_10_5_1_b64_mb2,31071,18296,7639,3886,1250
09:04:18.891,s24_10_5_1_b64_mb2,31071,18296,7639,3886,1250
09:04:19.392,s24_10_5_1_b64_mb2,31071,18296,7639,3886,1250
09:04:19.894,s24_10_5_1_b64_mb2,31071,18296,7639,3886,1250
09:04:20.396,s24_10_5_1_b64_mb2,31071,18296,7639,3886,1250
09:04:20.897,s24_10_5_1_b64_mb2,31071,18296,7639,3886,1250
09:04:21.399,s24_10_5_1_b64_mb2,31071,18296,7639,3886,1250
09:04:21.901,s24_10_5_1_b64_mb2,31071,18296,7639,3886,1250
09:04:22.402,s24_10_5_1_b64_mb2,31071,18296,7639,3886,1250
09:04:22.904,s24_10_5_1_b64_mb2,31071,18296,7639,3886,1250
09:04:23.405,s24_10_5_1_b64_mb2,31071,18296,7639,3886,1250
09:04:23.907,s24_10_5_1_b64_mb2,31071,18296,7639,3886,1250
09:04:24.409,s24_10_5_1_b64_mb2,31071,18296,7639,3886,1250
09:04:24.910,s24_10_5_1_b64_mb2,31071,18296,7639,3886,1250
09:04:25.412,s24_10_5_1_b64_mb2,31071,18296,7639,3886,1250
09:04:25.914,s24_10_5_1_b64_mb2,31071,18296,7639,3886,1250
09:04:26.415,s24_10_5_1_b64_mb2,31071,18296,7639,3886,1250
09:04:26.917,s24_10_5_1_b64_mb2,31071,18296,7639,3886,1250
09:04:27.419,s24_10_5_1_b64_mb2,31271,18496,7639,3886,1250
09:04:27.920,s24_10_5_1_b64_mb2,31451,18616,7699,3886,1250
09:04:28.422,s24_10_5_1_b64_mb2,31531,18616,7779,3886,1250
09:04:28.924,s24_10_5_1_b64_mb2,31591,18616,7779,3946,1250
09:04:29.425,s24_10_5_1_b64_mb2,31591,18616,7779,3946,1250
09:04:29.927,s24_10_5_1_b64_mb2,31591,18616,7779,3946,1250
09:04:30.429,s24_10_5_1_b64_mb2,31591,18616,7779,3946,1250
09:04:30.930,s24_10_5_1_b64_mb2,31591,18616,7779,3946,1250
09:04:31.432,s24_10_5_1_b64_mb2,31591,18616,7779,3946,1250
09:04:31.934,s24_10_5_1_b64_mb2,31591,18616,7779,3946,1250
09:04:32.435,s24_10_5_1_b64_mb2,31591,18616,7779,3946,1250
09:04:32.937,s24_10_5_1_b64_mb2,31591,18616,7779,3946,1250
09:04:33.439,s24_10_5_1_b64_mb2,31591,18616,7779,3946,1250
09:04:33.940,s24_10_5_1_b64_mb2,31591,18616,7779,3946,1250
09:04:34.442,s24_10_5_1_b64_mb2,31591,18616,7779,3946,1250
09:04:34.944,s24_10_5_1_b64_mb2,31591,18616,7779,3946,1250
09:04:35.445,s24_10_5_1_b64_mb2,31591,18616,7779,3946,1250
09:04:35.947,s24_10_5_1_b64_mb2,31591,18616,7779,3946,1250
09:04:36.449,s24_10_5_1_b64_mb2,31591,18616,7779,3946,1250
09:04:36.950,s24_10_5_1_b64_mb2,31591,18616,7779,3946,1250
09:04:37.452,s24_10_5_1_b64_mb2,31591,18616,7779,3946,1250
09:04:37.954,s24_10_5_1_b64_mb2,31591,18616,7779,3946,1250
09:04:38.455,s24_10_5_1_b64_mb2,31591,18616,7779,3946,1250
09:04:38.957,s24_10_5_1_b64_mb2,31591,18616,7779,3946,1250
09:04:39.459,s24_10_5_1_b64_mb2,31591,18616,7779,3946,1250
09:04:39.961,s24_10_5_1_b64_mb2,31591,18616,7779,3946,1250
09:04:40.462,s24_10_5_1_b64_mb2,31591,18616,7779,3946,1250
09:04:40.964,s24_10_5_1_b64_mb2,31591,18616,7779,3946,1250
09:04:41.466,s24_10_5_1_b64_mb2,31591,18616,7779,3946,1250
09:04:41.967,s24_10_5_1_b64_mb2,31591,18616,7779,3946,1250
09:04:42.469,s24_10_5_1_b64_mb2,31591,18616,7779,3946,1250
09:04:42.971,s24_10_5_1_b64_mb2,31591,18616,7779,3946,1250
09:04:43.473,s24_10_5_1_b64_mb2,31591,18616,7779,3946,1250
09:04:43.974,s24_10_5_1_b64_mb2,31591,18616,7779,3946,1250
09:04:44.476,s24_10_5_1_b64_mb2,31591,18616,7779,3946,1250
09:04:44.978,s24_10_5_1_b64_mb2,31591,18616,7779,3946,1250
09:04:45.480,s24_10_5_1_b64_mb2,31591,18616,7779,3946,1250
09:04:45.982,s24_10_5_1_b64_mb2,31591,18616,7779,3946,1250
09:04:46.483,s24_10_5_1_b64_mb2,31591,18616,7779,3946,1250
09:04:46.985,s24_10_5_1_b64_mb2,31591,18616,7779,3946,1250
09:04:47.487,s24_10_5_1_b64_mb2,31591,18616,7779,3946,1250
09:04:47.988,s24_10_5_1_b64_mb2,31591,18616,7779,3946,1250
09:04:48.490,s24_10_5_1_b64_mb2,31591,18616,7779,3946,1250
09:04:48.992,s24_10_5_1_b64_mb2,31591,18616,7779,3946,1250
09:04:49.493,s24_10_5_1_b64_mb2,31591,18616,7779,3946,1250
09:04:49.995,s24_10_5_1_b64_mb2,31871,18876,7779,3946,1250
09:04:50.497,s24_10_5_1_b64_mb2,32071,19036,7839,3946,1250
09:04:50.998,s24_10_5_1_b64_mb2,32191,19036,7939,3966,1250
09:04:51.500,s24_10_5_1_b64_mb2,32271,19036,7939,4026,1270
09:04:52.002,s24_10_5_1_b64_mb2,32291,19056,7939,4026,1270
09:04:52.504,s24_10_5_1_b64_mb2,32311,19056,7959,4026,1270
09:04:53.005,s24_10_5_1_b64_mb2,32331,19056,7959,4026,1270
09:04:53.507,s24_10_5_1_b64_mb2,32331,19056,7959,4046,1270
09:04:54.009,s24_10_5_1_b64_mb2,32331,19056,7959,4046,1270
09:04:54.510,s24_10_5_1_b64_mb2,32331,19056,7959,4046,1270
09:04:55.012,s24_10_5_1_b64_mb2,32331,19056,7959,4046,1270
09:04:55.514,s24_10_5_1_b64_mb2,32331,19056,7959,4046,1270
09:04:56.016,s24_10_5_1_b64_mb2,32331,19056,7959,4046,1270
09:04:56.517,s24_10_5_1_b64_mb2,32331,19056,7959,4046,1270
09:04:57.019,s24_10_5_1_b64_mb2,32331,19056,7959,4046,1270
09:04:57.521,s24_10_5_1_b64_mb2,32331,19056,7959,4046,1270
09:04:58.022,s24_10_5_1_b64_mb2,32331,19056,7959,4046,1270
09:04:58.524,s24_10_5_1_b64_mb2,32331,19056,7959,4046,1270
09:04:59.026,s24_10_5_1_b64_mb2,32331,19056,7959,4046,1270
09:04:59.527,s24_10_5_1_b64_mb2,32331,19056,7959,4046,1270
09:05:00.029,s24_10_5_1_b64_mb2,32331,19056,7959,4046,1270
09:05:00.531,s24_10_5_1_b64_mb2,32331,19056,7959,4046,1270
09:05:01.032,s24_10_5_1_b64_mb2,32331,19056,7959,4046,1270
09:05:01.534,s24_10_5_1_b64_mb2,32331,19056,7959,4046,1270
09:05:02.036,s24_10_5_1_b64_mb2,32331,19056,7959,4046,1270
09:05:02.538,s24_10_5_1_b64_mb2,32331,19056,7959,4046,1270
09:05:03.039,s24_10_5_1_b64_mb2,32331,19056,7959,4046,1270
09:05:03.541,s24_10_5_1_b64_mb2,32331,19056,7959,4046,1270
09:05:04.043,s24_10_5_1_b64_mb2,32331,19056,7959,4046,1270
09:05:04.544,s24_10_5_1_b64_mb2,32331,19056,7959,4046,1270
09:05:05.046,s24_10_5_1_b64_mb2,32331,19056,7959,4046,1270
09:05:05.548,s24_10_5_1_b64_mb2,32331,19056,7959,4046,1270
09:05:06.049,s24_10_5_1_b64_mb2,32331,19056,7959,4046,1270
09:05:06.551,s24_10_5_1_b64_mb2,32331,19056,7959,4046,1270
09:05:07.053,s24_10_5_1_b64_mb2,32331,19056,7959,4046,1270
09:05:07.554,s24_10_5_1_b64_mb2,32331,19056,7959,4046,1270
09:05:08.056,s24_10_5_1_b64_mb2,32331,19056,7959,4046,1270
09:05:08.558,s24_10_5_1_b64_mb2,32331,19056,7959,4046,1270
09:05:09.060,s24_10_5_1_b64_mb2,32331,19056,7959,4046,1270
09:05:09.561,s24_10_5_1_b64_mb2,32331,19056,7959,4046,1270
09:05:10.063,s24_10_5_1_b64_mb2,32331,19056,7959,4046,1270
09:05:10.565,s24_10_5_1_b64_mb2,32331,19056,7959,4046,1270
09:05:11.066,s24_10_5_1_b64_mb2,32331,19056,7959,4046,1270
09:05:11.568,s24_10_5_1_b64_mb2,32331,19056,7959,4046,1270
09:05:12.070,s24_10_5_1_b64_mb2,32331,19056,7959,4046,1270
09:05:12.571,s24_10_5_1_b64_mb2,32331,19056,7959,4046,1270
09:05:13.073,s24_10_5_1_b64_mb2,32331,19056,7959,4046,1270
09:05:13.575,s24_10_5_1_b64_mb2,32331,19056,7959,4046,1270
09:05:14.077,s24_10_5_1_b64_mb2,32331,19056,7959,4046,1270
09:05:14.578,s24_10_5_1_b64_mb2,32331,19056,7959,4046,1270
09:05:15.080,s24_10_5_1_b64_mb2,32331,19056,7959,4046,1270
09:05:15.582,s24_10_5_1_b64_mb2,32331,19056,7959,4046,1270
09:05:16.083,s24_10_5_1_b64_mb2,32331,19056,7959,4046,1270
09:05:16.585,s24_10_5_1_b64_mb2,32331,19056,7959,4046,1270
09:05:17.087,s24_10_5_1_b64_mb2,32331,19056,7959,4046,1270
09:05:17.588,s24_10_5_1_b64_mb2,32331,19056,7959,4046,1270
09:05:18.090,s24_10_5_1_b64_mb2,32331,19056,7959,4046,1270
09:05:18.592,s24_10_5_1_b64_mb2,32331,19056,7959,4046,1270
09:05:19.093,s24_10_5_1_b64_mb2,32331,19056,7959,4046,1270
09:05:19.595,s24_10_5_1_b64_mb2,32331,19056,7959,4046,1270
09:05:20.097,s24_10_5_1_b64_mb2,32331,19056,7959,4046,1270
09:05:20.599,s24_10_5_1_b64_mb2,32471,19196,7959,4046,1270
09:05:21.100,s24_10_5_1_b64_mb2,32811,19536,7959,4046,1270
09:05:21.602,s24_10_5_1_b64_mb2,33031,19596,8119,4046,1270
09:05:22.104,s24_10_5_1_b64_mb2,33151,19596,8179,4106,1270
09:05:22.605,s24_10_5_1_b64_mb2,33211,19596,8179,4146,1290
09:05:23.107,s24_10_5_1_b64_mb2,33211,19596,8179,4146,1290
09:05:23.609,s24_10_5_1_b64_mb2,33211,19596,8179,4146,1290
09:05:24.111,s24_10_5_1_b64_mb2,33211,19596,8179,4146,1290
09:05:24.612,s24_10_5_1_b64_mb2,33231,19596,8179,4146,1310
09:05:25.114,s24_10_5_1_b64_mb2,33231,19596,8179,4146,1310
09:05:25.616,s24_10_5_1_b64_mb2,33231,19596,8179,4146,1310
09:05:26.117,s24_10_5_1_b64_mb2,33231,19596,8179,4146,1310
09:05:26.619,s24_10_5_1_b64_mb2,33231,19596,8179,4146,1310
09:05:27.121,s24_10_5_1_b64_mb2,33231,19596,8179,4146,1310
09:05:27.622,s24_10_5_1_b64_mb2,33231,19596,8179,4146,1310
09:05:28.124,s24_10_5_1_b64_mb2,33231,19596,8179,4146,1310
09:05:28.626,s24_10_5_1_b64_mb2,33231,19596,8179,4146,1310
09:05:29.128,s24_10_5_1_b64_mb2,33231,19596,8179,4146,1310
09:05:29.629,s24_10_5_1_b64_mb2,33231,19596,8179,4146,1310
09:05:30.131,s24_10_5_1_b64_mb2,33231,19596,8179,4146,1310
09:05:30.633,s24_10_5_1_b64_mb2,33231,19596,8179,4146,1310
09:05:31.134,s24_10_5_1_b64_mb2,33231,19596,8179,4146,1310
09:05:31.636,s24_10_5_1_b64_mb2,33231,19596,8179,4146,1310
09:05:32.138,s24_10_5_1_b64_mb2,33231,19596,8179,4146,1310
09:05:32.640,s24_10_5_1_b64_mb2,33231,19596,8179,4146,1310
09:05:33.141,s24_10_5_1_b64_mb2,33231,19596,8179,4146,1310
09:05:33.643,s24_10_5_1_b64_mb2,33231,19596,8179,4146,1310
09:05:34.145,s24_10_5_1_b64_mb2,33231,19596,8179,4146,1310
09:05:34.646,s24_10_5_1_b64_mb2,33231,19596,8179,4146,1310
09:05:35.148,s24_10_5_1_b64_mb2,33231,19596,8179,4146,1310
09:05:35.650,s24_10_5_1_b64_mb2,33231,19596,8179,4146,1310
09:05:36.151,s24_10_5_1_b64_mb2,33231,19596,8179,4146,1310
09:05:36.653,s24_10_5_1_b64_mb2,33231,19596,8179,4146,1310
09:05:37.155,s24_10_5_1_b64_mb2,33231,19596,8179,4146,1310
09:05:37.657,s24_10_5_1_b64_mb2,33231,19596,8179,4146,1310
09:05:38.158,s24_10_5_1_b64_mb2,33231,19596,8179,4146,1310
09:05:38.660,s24_10_5_1_b64_mb2,33231,19596,8179,4146,1310
09:05:39.162,s24_10_5_1_b64_mb2,33231,19596,8179,4146,1310
09:05:39.663,s24_10_5_1_b64_mb2,33231,19596,8179,4146,1310
09:05:40.165,s24_10_5_1_b64_mb2,33231,19596,8179,4146,1310
09:05:40.667,s24_10_5_1_b64_mb2,33231,19596,8179,4146,1310
09:05:41.168,s24_10_5_1_b64_mb2,33231,19596,8179,4146,1310
09:05:41.670,s24_10_5_1_b64_mb2,33231,19596,8179,4146,1310
09:05:42.172,s24_10_5_1_b64_mb2,33231,19596,8179,4146,1310
09:05:42.673,s24_10_5_1_b64_mb2,33231,19596,8179,4146,1310
09:05:43.175,s24_10_5_1_b64_mb2,33231,19596,8179,4146,1310
09:05:43.677,s24_10_5_1_b64_mb2,33231,19596,8179,4146,1310
09:05:44.178,s24_10_5_1_b64_mb2,33231,19596,8179,4146,1310
09:05:44.680,s24_10_5_1_b64_mb2,33231,19596,8179,4146,1310
09:05:45.182,s24_10_5_1_b64_mb2,33231,19596,8179,4146,1310
09:05:45.683,s24_10_5_1_b64_mb2,33231,19596,8179,4146,1310
09:05:46.185,s24_10_5_1_b64_mb2,33231,19596,8179,4146,1310
09:05:46.687,s24_10_5_1_b64_mb2,33231,19596,8179,4146,1310
09:05:47.188,s24_10_5_1_b64_mb2,33231,19596,8179,4146,1310
09:05:47.690,s24_10_5_1_b64_mb2,33231,19596,8179,4146,1310
09:05:48.192,s24_10_5_1_b64_mb2,33231,19596,8179,4146,1310
09:05:48.693,s24_10_5_1_b64_mb2,33231,19596,8179,4146,1310
09:05:49.195,s24_10_5_1_b64_mb2,33231,19596,8179,4146,1310
09:05:49.697,s24_10_5_1_b64_mb2,33231,19596,8179,4146,1310
09:05:50.199,s24_10_5_1_b64_mb2,33231,19596,8179,4146,1310
09:05:50.700,s24_10_5_1_b64_mb2,33231,19596,8179,4146,1310
09:05:51.202,s24_10_5_1_b64_mb2,33231,19596,8179,4146,1310
09:05:51.704,s24_10_5_1_b64_mb2,33231,19596,8179,4146,1310
09:05:52.205,s24_10_5_1_b64_mb2,33231,19596,8179,4146,1310
09:05:52.707,s24_10_5_1_b64_mb2,33231,19596,8179,4146,1310
09:05:53.209,s24_10_5_1_b64_mb2,33231,19596,8179,4146,1310
09:05:53.710,s24_10_5_1_b64_mb2,33231,19596,8179,4146,1310
09:05:54.212,s24_10_5_1_b64_mb2,33231,19596,8179,4146,1310
09:05:54.714,s24_10_5_1_b64_mb2,33231,19596,8179,4146,1310
09:05:55.215,s24_10_5_1_b64_mb2,33231,19596,8179,4146,1310
09:05:55.717,s24_10_5_1_b64_mb2,33231,19596,8179,4146,1310
09:05:56.219,s24_10_5_1_b64_mb2,33231,19596,8179,4146,1310
09:05:56.720,s24_10_5_1_b64_mb2,33231,19596,8179,4146,1310
09:05:57.222,s24_10_5_1_b64_mb2,33231,19596,8179,4146,1310
09:05:57.724,s24_10_5_1_b64_mb2,33231,19596,8179,4146,1310
09:05:58.226,s24_10_5_1_b64_mb2,33651,20016,8179,4146,1310
09:05:58.727,s24_10_5_1_b64_mb2,34051,20316,8279,4146,1310
09:05:59.229,s24_10_5_1_b64_mb2,34271,20316,8479,4166,1310
09:05:59.731,s24_10_5_1_b64_mb2,34411,20316,8479,4306,1310
09:06:00.232,s24_10_5_1_b64_mb2,34451,20336,8479,4306,1330
09:06:00.734,s24_10_5_1_b64_mb2,34451,20336,8479,4306,1330
09:06:01.236,s24_10_5_1_b64_mb2,34471,20336,8499,4306,1330
09:06:01.737,s24_10_5_1_b64_mb2,34471,20336,8499,4306,1330
09:06:02.239,s24_10_5_1_b64_mb2,34471,20336,8499,4306,1330
09:06:02.741,s24_10_5_1_b64_mb2,34471,20336,8499,4306,1330
09:06:03.242,s24_10_5_1_b64_mb2,34471,20336,8499,4306,1330
09:06:03.744,s24_10_5_1_b64_mb2,34471,20336,8499,4306,1330
09:06:04.246,s24_10_5_1_b64_mb2,34471,20336,8499,4306,1330
09:06:04.747,s24_10_5_1_b64_mb2,34471,20336,8499,4306,1330
09:06:05.249,s24_10_5_1_b64_mb2,34471,20336,8499,4306,1330
09:06:05.751,s24_10_5_1_b64_mb2,34471,20336,8499,4306,1330
09:06:06.252,s24_10_5_1_b64_mb2,34471,20336,8499,4306,1330
09:06:06.754,s24_10_5_1_b64_mb2,34471,20336,8499,4306,1330
09:06:07.255,s24_10_5_1_b64_mb2,34471,20336,8499,4306,1330
09:06:07.757,s24_10_5_1_b64_mb2,34471,20336,8499,4306,1330
09:06:08.259,s24_10_5_1_b64_mb2,34471,20336,8499,4306,1330
09:06:08.761,s24_10_5_1_b64_mb2,34471,20336,8499,4306,1330
09:06:09.262,s24_10_5_1_b64_mb2,34471,20336,8499,4306,1330
09:06:09.764,s24_10_5_1_b64_mb2,34471,20336,8499,4306,1330
09:06:10.266,s24_10_5_1_b64_mb2,34471,20336,8499,4306,1330
09:06:10.768,s24_10_5_1_b64_mb2,34471,20336,8499,4306,1330
09:06:11.269,s24_10_5_1_b64_mb2,34471,20336,8499,4306,1330
09:06:11.771,s24_10_5_1_b64_mb2,34471,20336,8499,4306,1330
09:06:12.273,s24_10_5_1_b64_mb2,34471,20336,8499,4306,1330
09:06:12.774,s24_10_5_1_b64_mb2,34471,20336,8499,4306,1330
09:06:13.276,s24_10_5_1_b64_mb2,34471,20336,8499,4306,1330
09:06:13.778,s24_10_5_1_b64_mb2,34471,20336,8499,4306,1330
09:06:14.279,s24_10_5_1_b64_mb2,34471,20336,8499,4306,1330
09:06:14.781,s24_10_5_1_b64_mb2,34471,20336,8499,4306,1330
09:06:15.283,s24_10_5_1_b64_mb2,34471,20336,8499,4306,1330
09:06:15.784,s24_10_5_1_b64_mb2,34471,20336,8499,4306,1330
09:06:16.286,s24_10_5_1_b64_mb2,34471,20336,8499,4306,1330
09:06:16.788,s24_10_5_1_b64_mb2,34471,20336,8499,4306,1330
09:06:17.290,s24_10_5_1_b64_mb2,34471,20336,8499,4306,1330
09:06:17.791,s24_10_5_1_b64_mb2,34471,20336,8499,4306,1330
09:06:18.293,s24_10_5_1_b64_mb2,34471,20336,8499,4306,1330
09:06:18.795,s24_10_5_1_b64_mb2,34471,20336,8499,4306,1330
09:06:19.296,s24_10_5_1_b64_mb2,34471,20336,8499,4306,1330
09:06:19.798,s24_10_5_1_b64_mb2,34471,20336,8499,4306,1330
09:06:20.300,s24_10_5_1_b64_mb2,34471,20336,8499,4306,1330
09:06:20.801,s24_10_5_1_b64_mb2,34471,20336,8499,4306,1330
09:06:21.303,s24_10_5_1_b64_mb2,34471,20336,8499,4306,1330
09:06:21.805,s24_10_5_1_b64_mb2,34471,20336,8499,4306,1330
09:06:22.307,s24_10_5_1_b64_mb2,34471,20336,8499,4306,1330
09:06:22.808,s24_10_5_1_b64_mb2,34471,20336,8499,4306,1330
09:06:23.310,s24_10_5_1_b64_mb2,34471,20336,8499,4306,1330
09:06:23.812,s24_10_5_1_b64_mb2,34471,20336,8499,4306,1330
09:06:24.313,s24_10_5_1_b64_mb2,34471,20336,8499,4306,1330
09:06:24.815,s24_10_5_1_b64_mb2,34471,20336,8499,4306,1330
09:06:25.317,s24_10_5_1_b64_mb2,34471,20336,8499,4306,1330
09:06:25.818,s24_10_5_1_b64_mb2,34471,20336,8499,4306,1330
09:06:26.320,s24_10_5_1_b64_mb2,34471,20336,8499,4306,1330
09:06:26.822,s24_10_5_1_b64_mb2,34471,20336,8499,4306,1330
09:06:27.324,s24_10_5_1_b64_mb2,34471,20336,8499,4306,1330
09:06:27.825,s24_10_5_1_b64_mb2,34471,20336,8499,4306,1330
09:06:28.327,s24_10_5_1_b64_mb2,34471,20336,8499,4306,1330
09:06:28.829,s24_10_5_1_b64_mb2,34471,20336,8499,4306,1330
09:06:29.330,s24_10_5_1_b64_mb2,34471,20336,8499,4306,1330
09:06:29.832,s24_10_5_1_b64_mb2,34471,20336,8499,4306,1330
09:06:30.334,s24_10_5_1_b64_mb2,34471,20336,8499,4306,1330
09:06:30.835,s24_10_5_1_b64_mb2,34471,20336,8499,4306,1330
09:06:31.337,s24_10_5_1_b64_mb2,34471,20336,8499,4306,1330
09:06:31.839,s24_10_5_1_b64_mb2,34471,20336,8499,4306,1330
09:06:32.340,s24_10_5_1_b64_mb2,34471,20336,8499,4306,1330
09:06:32.842,s24_10_5_1_b64_mb2,34471,20336,8499,4306,1330
09:06:33.344,s24_10_5_1_b64_mb2,34471,20336,8499,4306,1330
09:06:33.845,s24_10_5_1_b64_mb2,34471,20336,8499,4306,1330
09:06:34.347,s24_10_5_1_b64_mb2,34471,20336,8499,4306,1330
09:06:34.849,s24_10_5_1_b64_mb2,34471,20336,8499,4306,1330
09:06:35.350,s24_10_5_1_b64_mb2,34471,20336,8499,4306,1330
09:06:35.852,s24_10_5_1_b64_mb2,34471,20336,8499,4306,1330
09:06:36.354,s24_10_5_1_b64_mb2,34471,20336,8499,4306,1330
09:06:36.855,s24_10_5_1_b64_mb2,34471,20336,8499,4306,1330
09:06:37.357,s24_10_5_1_b64_mb2,34471,20336,8499,4306,1330
09:06:37.859,s24_10_5_1_b64_mb2,34471,20336,8499,4306,1330
09:06:38.360,s24_10_5_1_b64_mb2,34471,20336,8499,4306,1330
09:06:38.862,s24_10_5_1_b64_mb2,34471,20336,8499,4306,1330
09:06:39.364,s24_10_5_1_b64_mb2,34471,20336,8499,4306,1330
09:06:39.865,s24_10_5_1_b64_mb2,34471,20336,8499,4306,1330
09:06:40.367,s24_10_5_1_b64_mb2,34471,20336,8499,4306,1330
09:06:40.869,s24_10_5_1_b64_mb2,34471,20336,8499,4306,1330
09:06:41.371,s24_10_5_1_b64_mb2,34471,20336,8499,4306,1330
09:06:41.872,s24_10_5_1_b64_mb2,34471,20336,8499,4306,1330
09:06:42.374,s24_10_5_1_b64_mb2,34471,20336,8499,4306,1330
09:06:42.876,s24_10_5_1_b64_mb2,34471,20336,8499,4306,1330
09:06:43.377,s24_10_5_1_b64_mb2,34471,20336,8499,4306,1330
09:06:43.879,s24_10_5_1_b64_mb2,34471,20336,8499,4306,1330
09:06:44.381,s24_10_5_1_b64_mb2,34471,20336,8499,4306,1330
09:06:44.882,s24_10_5_1_b64_mb2,34471,20336,8499,4306,1330
09:06:45.384,s24_10_5_1_b64_mb2,34471,20336,8499,4306,1330
09:06:45.886,s24_10_5_1_b64_mb2,34471,20336,8499,4306,1330
09:06:46.387,s24_10_5_1_b64_mb2,34471,20336,8499,4306,1330
09:06:46.889,s24_10_5_1_b64_mb2,34471,20336,8499,4306,1330
09:06:47.391,s24_10_5_1_b64_mb2,35031,20876,8499,4306,1330
09:06:47.892,s24_10_5_1_b64_mb2,35551,21336,8579,4306,1330
09:06:48.394,s24_10_5_1_b64_mb2,35891,21336,8899,4326,1330
09:06:48.896,s24_10_5_1_b64_mb2,36071,21336,8899,4506,1330
09:06:49.397,s24_10_5_1_b64_mb2,36131,21356,8899,4506,1370
09:06:49.899,s24_10_5_1_b64_mb2,36151,21356,8919,4506,1370
09:06:50.401,s24_10_5_1_b64_mb2,36151,21356,8919,4506,1370
09:06:50.902,s24_10_5_1_b64_mb2,36171,21356,8919,4526,1370
09:06:51.404,s24_10_5_1_b64_mb2,36191,21356,8919,4526,1390
09:06:51.905,s24_10_5_1_b64_mb2,36191,21356,8919,4526,1390
09:06:52.407,s24_10_5_1_b64_mb2,36191,21356,8919,4526,1390
09:06:52.909,s24_10_5_1_b64_mb2,36191,21356,8919,4526,1390
09:06:53.411,s24_10_5_1_b64_mb2,36191,21356,8919,4526,1390
09:06:53.912,s24_10_5_1_b64_mb2,36191,21356,8919,4526,1390
09:06:54.414,s24_10_5_1_b64_mb2,36191,21356,8919,4526,1390
09:06:54.916,s24_10_5_1_b64_mb2,36191,21356,8919,4526,1390
09:06:55.417,s24_10_5_1_b64_mb2,36191,21356,8919,4526,1390
09:06:55.919,s24_10_5_1_b64_mb2,36191,21356,8919,4526,1390
09:06:56.421,s24_10_5_1_b64_mb2,36191,21356,8919,4526,1390
09:06:56.922,s24_10_5_1_b64_mb2,36191,21356,8919,4526,1390
09:06:57.424,s24_10_5_1_b64_mb2,36191,21356,8919,4526,1390
09:06:57.926,s24_10_5_1_b64_mb2,36191,21356,8919,4526,1390
09:06:58.428,s24_10_5_1_b64_mb2,36191,21356,8919,4526,1390
09:06:58.929,s24_10_5_1_b64_mb2,36191,21356,8919,4526,1390
09:06:59.431,s24_10_5_1_b64_mb2,36191,21356,8919,4526,1390
09:06:59.933,s24_10_5_1_b64_mb2,36191,21356,8919,4526,1390
09:07:00.435,s24_10_5_1_b64_mb2,36191,21356,8919,4526,1390
09:07:00.936,s24_10_5_1_b64_mb2,36191,21356,8919,4526,1390
09:07:01.438,s24_10_5_1_b64_mb2,36191,21356,8919,4526,1390
09:07:01.939,s24_10_5_1_b64_mb2,36191,21356,8919,4526,1390
09:07:02.441,s24_10_5_1_b64_mb2,36191,21356,8919,4526,1390
09:07:02.943,s24_10_5_1_b64_mb2,36191,21356,8919,4526,1390
09:07:03.444,s24_10_5_1_b64_mb2,36191,21356,8919,4526,1390
09:07:03.946,s24_10_5_1_b64_mb2,36191,21356,8919,4526,1390
09:07:04.448,s24_10_5_1_b64_mb2,36191,21356,8919,4526,1390
09:07:04.949,s24_10_5_1_b64_mb2,36191,21356,8919,4526,1390
09:07:05.451,s24_10_5_1_b64_mb2,36191,21356,8919,4526,1390
09:07:05.953,s24_10_5_1_b64_mb2,36191,21356,8919,4526,1390
09:07:06.455,s24_10_5_1_b64_mb2,36191,21356,8919,4526,1390
09:07:06.956,s24_10_5_1_b64_mb2,36191,21356,8919,4526,1390
09:07:07.458,s24_10_5_1_b64_mb2,36191,21356,8919,4526,1390
09:07:07.960,s24_10_5_1_b64_mb2,36191,21356,8919,4526,1390
09:07:08.461,s24_10_5_1_b64_mb2,36191,21356,8919,4526,1390
09:07:08.963,s24_10_5_1_b64_mb2,36191,21356,8919,4526,1390
09:07:09.465,s24_10_5_1_b64_mb2,36191,21356,8919,4526,1390
09:07:09.966,s24_10_5_1_b64_mb2,36191,21356,8919,4526,1390
09:07:10.468,s24_10_5_1_b64_mb2,36191,21356,8919,4526,1390
09:07:10.969,s24_10_5_1_b64_mb2,36191,21356,8919,4526,1390
09:07:11.471,s24_10_5_1_b64_mb2,36191,21356,8919,4526,1390
09:07:11.973,s24_10_5_1_b64_mb2,36191,21356,8919,4526,1390
09:07:12.474,s24_10_5_1_b64_mb2,36191,21356,8919,4526,1390
09:07:12.976,s24_10_5_1_b64_mb2,36191,21356,8919,4526,1390
09:07:13.478,s24_10_5_1_b64_mb2,36191,21356,8919,4526,1390
09:07:13.979,s24_10_5_1_b64_mb2,36191,21356,8919,4526,1390
09:07:14.481,s24_10_5_1_b64_mb2,36191,21356,8919,4526,1390
09:07:14.983,s24_10_5_1_b64_mb2,36191,21356,8919,4526,1390
09:07:15.484,s24_10_5_1_b64_mb2,36191,21356,8919,4526,1390
09:07:15.986,s24_10_5_1_b64_mb2,36191,21356,8919,4526,1390
09:07:16.488,s24_10_5_1_b64_mb2,36191,21356,8919,4526,1390
09:07:16.989,s24_10_5_1_b64_mb2,36191,21356,8919,4526,1390
09:07:17.491,s24_10_5_1_b64_mb2,36191,21356,8919,4526,1390
09:07:17.993,s24_10_5_1_b64_mb2,36191,21356,8919,4526,1390
09:07:18.494,s24_10_5_1_b64_mb2,36191,21356,8919,4526,1390
09:07:18.996,s24_10_5_1_b64_mb2,36191,21356,8919,4526,1390
09:07:19.498,s24_10_5_1_b64_mb2,36191,21356,8919,4526,1390
09:07:19.999,s24_10_5_1_b64_mb2,36191,21356,8919,4526,1390
09:07:20.501,s24_10_5_1_b64_mb2,36191,21356,8919,4526,1390
09:07:21.003,s24_10_5_1_b64_mb2,36191,21356,8919,4526,1390
09:07:21.504,s24_10_5_1_b64_mb2,36191,21356,8919,4526,1390
09:07:22.006,s24_10_5_1_b64_mb2,36191,21356,8919,4526,1390
09:07:22.508,s24_10_5_1_b64_mb2,36191,21356,8919,4526,1390
09:07:23.009,s24_10_5_1_b64_mb2,36191,21356,8919,4526,1390
09:07:23.511,s24_10_5_1_b64_mb2,36191,21356,8919,4526,1390
09:07:24.013,s24_10_5_1_b64_mb2,36191,21356,8919,4526,1390
09:07:24.514,s24_10_5_1_b64_mb2,36191,21356,8919,4526,1390
09:07:25.016,s24_10_5_1_b64_mb2,36191,21356,8919,4526,1390
09:07:25.518,s24_10_5_1_b64_mb2,36191,21356,8919,4526,1390
09:07:26.019,s24_10_5_1_b64_mb2,36191,21356,8919,4526,1390
09:07:26.521,s24_10_5_1_b64_mb2,36191,21356,8919,4526,1390
09:07:27.023,s24_10_5_1_b64_mb2,36191,21356,8919,4526,1390
09:07:27.524,s24_10_5_1_b64_mb2,36191,21356,8919,4526,1390
09:07:28.026,s24_10_5_1_b64_mb2,36191,21356,8919,4526,1390
09:07:28.528,s24_10_5_1_b64_mb2,36191,21356,8919,4526,1390
09:07:29.030,s24_10_5_1_b64_mb2,36191,21356,8919,4526,1390
09:07:29.531,s24_10_5_1_b64_mb2,36191,21356,8919,4526,1390
09:07:30.033,s24_10_5_1_b64_mb2,36191,21356,8919,4526,1390
09:07:30.535,s24_10_5_1_b64_mb2,36191,21356,8919,4526,1390
09:07:31.036,s24_10_5_1_b64_mb2,36191,21356,8919,4526,1390
09:07:31.538,s24_10_5_1_b64_mb2,36191,21356,8919,4526,1390
09:07:32.039,s24_10_5_1_b64_mb2,36191,21356,8919,4526,1390
09:07:32.541,s24_10_5_1_b64_mb2,36191,21356,8919,4526,1390
09:07:33.043,s24_10_5_1_b64_mb2,36191,21356,8919,4526,1390
09:07:33.544,s24_10_5_1_b64_mb2,36191,21356,8919,4526,1390
09:07:34.046,s24_10_5_1_b64_mb2,36191,21356,8919,4526,1390
09:07:34.548,s24_10_5_1_b64_mb2,36191,21356,8919,4526,1390
09:07:35.050,s24_10_5_1_b64_mb2,36191,21356,8919,4526,1390
09:07:35.551,s24_10_5_1_b64_mb2,36191,21356,8919,4526,1390
09:07:36.053,s24_10_5_1_b64_mb2,36191,21356,8919,4526,1390
09:07:36.555,s24_10_5_1_b64_mb2,36191,21356,8919,4526,1390
09:07:37.056,s24_10_5_1_b64_mb2,36191,21356,8919,4526,1390
09:07:37.558,s24_10_5_1_b64_mb2,36191,21356,8919,4526,1390
09:07:38.060,s24_10_5_1_b64_mb2,36191,21356,8919,4526,1390
09:07:38.561,s24_10_5_1_b64_mb2,36191,21356,8919,4526,1390
09:07:39.063,s24_10_5_1_b64_mb2,36191,21356,8919,4526,1390
09:07:39.565,s24_10_5_1_b64_mb2,36191,21356,8919,4526,1390
09:07:40.067,s24_10_5_1_b64_mb2,36191,21356,8919,4526,1390
09:07:40.568,s24_10_5_1_b64_mb2,36191,21356,8919,4526,1390
09:07:41.070,s24_10_5_1_b64_mb2,36191,21356,8919,4526,1390
09:07:41.572,s24_10_5_1_b64_mb2,36191,21356,8919,4526,1390
09:07:42.073,s24_10_5_1_b64_mb2,36191,21356,8919,4526,1390
09:07:42.575,s24_10_5_1_b64_mb2,36191,21356,8919,4526,1390
09:07:43.077,s24_10_5_1_b64_mb2,36191,21356,8919,4526,1390
09:07:43.578,s24_10_5_1_b64_mb2,36191,21356,8919,4526,1390
09:07:44.080,s24_10_5_1_b64_mb2,36191,21356,8919,4526,1390
09:07:44.582,s24_10_5_1_b64_mb2,36191,21356,8919,4526,1390
09:07:45.083,s24_10_5_1_b64_mb2,36191,21356,8919,4526,1390
09:07:45.585,s24_10_5_1_b64_mb2,36191,21356,8919,4526,1390
09:07:46.087,s24_10_5_1_b64_mb2,36191,21356,8919,4526,1390
09:07:46.588,s24_10_5_1_b64_mb2,36191,21356,8919,4526,1390
09:07:47.090,s24_10_5_1_b64_mb2,36191,21356,8919,4526,1390
09:07:47.592,s24_10_5_1_b64_mb2,36191,21356,8919,4526,1390
09:07:48.094,s24_10_5_1_b64_mb2,36191,21356,8919,4526,1390
09:07:48.595,s24_10_5_1_b64_mb2,36191,21356,8919,4526,1390
09:07:49.097,s24_10_5_1_b64_mb2,36191,21356,8919,4526,1390
09:07:49.599,s24_10_5_1_b64_mb2,36191,21356,8919,4526,1390
09:07:50.100,s24_10_5_1_b64_mb2,36191,21356,8919,4526,1390
09:07:50.602,s24_10_5_1_b64_mb2,36191,21356,8919,4526,1390
09:07:51.104,s24_10_5_1_b64_mb2,36191,21356,8919,4526,1390
09:07:51.605,s24_10_5_1_b64_mb2,36191,21356,8919,4526,1390
09:07:52.107,s24_10_5_1_b64_mb2,36191,21356,8919,4526,1390
09:07:52.608,s24_10_5_1_b64_mb2,36191,21356,8919,4526,1390
09:07:53.110,s24_10_5_1_b64_mb2,36191,21356,8919,4526,1390
09:07:53.612,s24_10_5_1_b64_mb2,36191,21356,8919,4526,1390
09:07:54.114,s24_10_5_1_b64_mb2,36191,21356,8919,4526,1390
09:07:54.615,s24_10_5_1_b64_mb2,36191,21356,8919,4526,1390
09:07:55.117,s24_10_5_1_b64_mb2,36191,21356,8919,4526,1390
09:07:55.619,s24_10_5_1_b64_mb2,36191,21356,8919,4526,1390
09:07:56.120,s24_10_5_1_b64_mb2,36191,21356,8919,4526,1390
09:07:56.622,s24_10_5_1_b64_mb2,36191,21356,8919,4526,1390
09:07:57.124,s24_10_5_1_b64_mb2,36191,21356,8919,4526,1390
09:07:57.625,s24_10_5_1_b64_mb2,36191,21356,8919,4526,1390
09:07:58.127,s24_10_5_1_b64_mb2,36991,22156,8919,4526,1390
09:07:58.629,s24_10_5_1_b64_mb2,37831,22876,9039,4526,1390
09:07:59.131,s24_10_5_1_b64_mb2,38331,22876,9539,4526,1390
09:07:59.633,s24_10_5_1_b64_mb2,38631,22876,9539,4826,1390
09:08:00.134,s24_10_5_1_b64_mb2,38691,22896,9539,4826,1430
09:08:00.636,s24_10_5_1_b64_mb2,38711,22896,9559,4826,1430
09:08:01.138,s24_10_5_1_b64_mb2,38711,22896,9559,4826,1430
09:08:01.639,s24_10_5_1_b64_mb2,38731,22896,9559,4846,1430
09:08:02.141,s24_10_5_1_b64_mb2,38751,22896,9559,4846,1450
09:08:02.643,s24_10_5_1_b64_mb2,38751,22896,9559,4846,1450
09:08:03.144,s24_10_5_1_b64_mb2,38751,22896,9559,4846,1450
09:08:03.646,s24_10_5_1_b64_mb2,38751,22896,9559,4846,1450
09:08:04.148,s24_10_5_1_b64_mb2,38751,22896,9559,4846,1450
09:08:04.650,s24_10_5_1_b64_mb2,38751,22896,9559,4846,1450
09:08:05.151,s24_10_5_1_b64_mb2,38751,22896,9559,4846,1450
09:08:05.653,s24_10_5_1_b64_mb2,38751,22896,9559,4846,1450
09:08:06.155,s24_10_5_1_b64_mb2,38751,22896,9559,4846,1450
09:08:06.656,s24_10_5_1_b64_mb2,38751,22896,9559,4846,1450
09:08:07.158,s24_10_5_1_b64_mb2,38751,22896,9559,4846,1450
09:08:07.660,s24_10_5_1_b64_mb2,38751,22896,9559,4846,1450
09:08:08.161,s24_10_5_1_b64_mb2,38751,22896,9559,4846,1450
09:08:08.663,s24_10_5_1_b64_mb2,38751,22896,9559,4846,1450
09:08:09.165,s24_10_5_1_b64_mb2,38751,22896,9559,4846,1450
09:08:09.667,s24_10_5_1_b64_mb2,38751,22896,9559,4846,1450
09:08:10.168,s24_10_5_1_b64_mb2,38751,22896,9559,4846,1450
09:08:10.670,s24_10_5_1_b64_mb2,38751,22896,9559,4846,1450
09:08:11.172,s24_10_5_1_b64_mb2,38751,22896,9559,4846,1450
09:08:11.674,s24_10_5_1_b64_mb2,38751,22896,9559,4846,1450
09:08:12.175,s24_10_5_1_b64_mb2,38751,22896,9559,4846,1450
09:08:12.677,s24_10_5_1_b64_mb2,38751,22896,9559,4846,1450
09:08:13.179,s24_10_5_1_b64_mb2,38751,22896,9559,4846,1450
09:08:13.680,s24_10_5_1_b64_mb2,38751,22896,9559,4846,1450
09:08:14.182,s24_10_5_1_b64_mb2,38751,22896,9559,4846,1450
09:08:14.684,s24_10_5_1_b64_mb2,38751,22896,9559,4846,1450
09:08:15.185,s24_10_5_1_b64_mb2,38751,22896,9559,4846,1450
09:08:15.687,s24_10_5_1_b64_mb2,38751,22896,9559,4846,1450
09:08:16.189,s24_10_5_1_b64_mb2,38751,22896,9559,4846,1450
09:08:16.691,s24_10_5_1_b64_mb2,38751,22896,9559,4846,1450
09:08:17.192,s24_10_5_1_b64_mb2,38751,22896,9559,4846,1450
09:08:17.694,s24_10_5_1_b64_mb2,38751,22896,9559,4846,1450
09:08:18.196,s24_10_5_1_b64_mb2,38751,22896,9559,4846,1450
09:08:18.698,s24_10_5_1_b64_mb2,38751,22896,9559,4846,1450
09:08:19.199,s24_10_5_1_b64_mb2,38751,22896,9559,4846,1450
09:08:19.701,s24_10_5_1_b64_mb2,38751,22896,9559,4846,1450
09:08:20.203,s24_10_5_1_b64_mb2,38751,22896,9559,4846,1450
09:08:20.705,s24_10_5_1_b64_mb2,38751,22896,9559,4846,1450
09:08:21.206,s24_10_5_1_b64_mb2,38751,22896,9559,4846,1450
09:08:21.708,s24_10_5_1_b64_mb2,38751,22896,9559,4846,1450
09:08:22.210,s24_10_5_1_b64_mb2,38751,22896,9559,4846,1450
09:08:22.711,s24_10_5_1_b64_mb2,38751,22896,9559,4846,1450
09:08:23.213,s24_10_5_1_b64_mb2,38751,22896,9559,4846,1450
09:08:23.715,s24_10_5_1_b64_mb2,38751,22896,9559,4846,1450
09:08:24.217,s24_10_5_1_b64_mb2,38751,22896,9559,4846,1450
09:08:24.718,s24_10_5_1_b64_mb2,38751,22896,9559,4846,1450
09:08:25.220,s24_10_5_1_b64_mb2,38751,22896,9559,4846,1450
09:08:25.722,s24_10_5_1_b64_mb2,38751,22896,9559,4846,1450
09:08:26.224,s24_10_5_1_b64_mb2,38751,22896,9559,4846,1450
09:08:26.725,s24_10_5_1_b64_mb2,38751,22896,9559,4846,1450
09:08:27.227,s24_10_5_1_b64_mb2,38751,22896,9559,4846,1450
09:08:27.729,s24_10_5_1_b64_mb2,38751,22896,9559,4846,1450
09:08:28.230,s24_10_5_1_b64_mb2,38751,22896,9559,4846,1450
09:08:28.732,s24_10_5_1_b64_mb2,38751,22896,9559,4846,1450
09:08:29.234,s24_10_5_1_b64_mb2,38751,22896,9559,4846,1450
09:08:29.736,s24_10_5_1_b64_mb2,38751,22896,9559,4846,1450
09:08:30.237,s24_10_5_1_b64_mb2,38751,22896,9559,4846,1450
09:08:30.739,s24_10_5_1_b64_mb2,38751,22896,9559,4846,1450
09:08:31.241,s24_10_5_1_b64_mb2,38751,22896,9559,4846,1450
09:08:31.743,s24_10_5_1_b64_mb2,38751,22896,9559,4846,1450
09:08:32.244,s24_10_5_1_b64_mb2,38751,22896,9559,4846,1450
09:08:32.746,s24_10_5_1_b64_mb2,38751,22896,9559,4846,1450
09:08:33.248,s24_10_5_1_b64_mb2,38751,22896,9559,4846,1450
09:08:33.749,s24_10_5_1_b64_mb2,38751,22896,9559,4846,1450
09:08:34.251,s24_10_5_1_b64_mb2,38751,22896,9559,4846,1450
09:08:34.753,s24_10_5_1_b64_mb2,38751,22896,9559,4846,1450
09:08:35.254,s24_10_5_1_b64_mb2,38751,22896,9559,4846,1450
09:08:35.756,s24_10_5_1_b64_mb2,38751,22896,9559,4846,1450
09:08:36.258,s24_10_5_1_b64_mb2,38751,22896,9559,4846,1450
09:08:36.760,s24_10_5_1_b64_mb2,38751,22896,9559,4846,1450
09:08:37.261,s24_10_5_1_b64_mb2,38751,22896,9559,4846,1450
09:08:37.763,s24_10_5_1_b64_mb2,38751,22896,9559,4846,1450
09:08:38.265,s24_10_5_1_b64_mb2,38751,22896,9559,4846,1450
09:08:38.766,s24_10_5_1_b64_mb2,38751,22896,9559,4846,1450
09:08:39.268,s24_10_5_1_b64_mb2,38751,22896,9559,4846,1450
09:08:39.770,s24_10_5_1_b64_mb2,38751,22896,9559,4846,1450
09:08:40.272,s24_10_5_1_b64_mb2,38751,22896,9559,4846,1450
09:08:40.773,s24_10_5_1_b64_mb2,38751,22896,9559,4846,1450
09:08:41.275,s24_10_5_1_b64_mb2,38751,22896,9559,4846,1450
09:08:41.777,s24_10_5_1_b64_mb2,38751,22896,9559,4846,1450
09:08:42.278,s24_10_5_1_b64_mb2,38751,22896,9559,4846,1450
09:08:42.780,s24_10_5_1_b64_mb2,38751,22896,9559,4846,1450
09:08:43.282,s24_10_5_1_b64_mb2,38751,22896,9559,4846,1450
09:08:43.784,s24_10_5_1_b64_mb2,38751,22896,9559,4846,1450
09:08:44.285,s24_10_5_1_b64_mb2,38751,22896,9559,4846,1450
09:08:44.787,s24_10_5_1_b64_mb2,38751,22896,9559,4846,1450
09:08:45.289,s24_10_5_1_b64_mb2,38751,22896,9559,4846,1450
09:08:45.790,s24_10_5_1_b64_mb2,38751,22896,9559,4846,1450
09:08:46.292,s24_10_5_1_b64_mb2,38751,22896,9559,4846,1450
09:08:46.794,s24_10_5_1_b64_mb2,38751,22896,9559,4846,1450
09:08:47.296,s24_10_5_1_b64_mb2,38751,22896,9559,4846,1450
09:08:47.797,s24_10_5_1_b64_mb2,38751,22896,9559,4846,1450
09:08:48.299,s24_10_5_1_b64_mb2,38751,22896,9559,4846,1450
09:08:48.801,s24_10_5_1_b64_mb2,38751,22896,9559,4846,1450
09:08:49.302,s24_10_5_1_b64_mb2,38751,22896,9559,4846,1450
09:08:49.804,s24_10_5_1_b64_mb2,38751,22896,9559,4846,1450
09:08:50.306,s24_10_5_1_b64_mb2,38751,22896,9559,4846,1450
09:08:50.808,s24_10_5_1_b64_mb2,38751,22896,9559,4846,1450
09:08:51.309,s24_10_5_1_b64_mb2,38751,22896,9559,4846,1450
09:08:51.811,s24_10_5_1_b64_mb2,38751,22896,9559,4846,1450
09:08:52.313,s24_10_5_1_b64_mb2,38751,22896,9559,4846,1450
09:08:52.815,s24_10_5_1_b64_mb2,38751,22896,9559,4846,1450
09:08:53.316,s24_10_5_1_b64_mb2,38751,22896,9559,4846,1450
09:08:53.818,s24_10_5_1_b64_mb2,38751,22896,9559,4846,1450
09:08:54.320,s24_10_5_1_b64_mb2,38751,22896,9559,4846,1450
09:08:54.821,s24_10_5_1_b64_mb2,38751,22896,9559,4846,1450
09:08:55.323,s24_10_5_1_b64_mb2,38751,22896,9559,4846,1450
09:08:55.825,s24_10_5_1_b64_mb2,38751,22896,9559,4846,1450
09:08:56.326,s24_10_5_1_b64_mb2,38751,22896,9559,4846,1450
09:08:56.828,s24_10_5_1_b64_mb2,38751,22896,9559,4846,1450
09:08:57.330,s24_10_5_1_b64_mb2,38751,22896,9559,4846,1450
09:08:57.831,s24_10_5_1_b64_mb2,38751,22896,9559,4846,1450
09:08:58.333,s24_10_5_1_b64_mb2,38751,22896,9559,4846,1450
09:08:58.835,s24_10_5_1_b64_mb2,38751,22896,9559,4846,1450
09:08:59.337,s24_10_5_1_b64_mb2,38751,22896,9559,4846,1450
09:08:59.838,s24_10_5_1_b64_mb2,38751,22896,9559,4846,1450
09:09:00.340,s24_10_5_1_b64_mb2,38751,22896,9559,4846,1450
09:09:00.842,s24_10_5_1_b64_mb2,38751,22896,9559,4846,1450
09:09:01.343,s24_10_5_1_b64_mb2,38751,22896,9559,4846,1450
09:09:01.845,s24_10_5_1_b64_mb2,38751,22896,9559,4846,1450
09:09:02.347,s24_10_5_1_b64_mb2,38751,22896,9559,4846,1450
09:09:02.848,s24_10_5_1_b64_mb2,38751,22896,9559,4846,1450
09:09:03.350,s24_10_5_1_b64_mb2,38751,22896,9559,4846,1450
09:09:03.852,s24_10_5_1_b64_mb2,38751,22896,9559,4846,1450
09:09:04.353,s24_10_5_1_b64_mb2,38751,22896,9559,4846,1450
09:09:04.855,s24_10_5_1_b64_mb2,38751,22896,9559,4846,1450
09:09:05.357,s24_10_5_1_b64_mb2,38751,22896,9559,4846,1450
09:09:05.858,s24_10_5_1_b64_mb2,38751,22896,9559,4846,1450
09:09:06.360,s24_10_5_1_b64_mb2,38751,22896,9559,4846,1450
09:09:06.862,s24_10_5_1_b64_mb2,38751,22896,9559,4846,1450
09:09:07.364,s24_10_5_1_b64_mb2,38751,22896,9559,4846,1450
09:09:07.865,s24_10_5_1_b64_mb2,38751,22896,9559,4846,1450
09:09:08.367,s24_10_5_1_b64_mb2,38751,22896,9559,4846,1450
09:09:08.868,s24_10_5_1_b64_mb2,38751,22896,9559,4846,1450
09:09:09.370,s24_10_5_1_b64_mb2,38751,22896,9559,4846,1450
09:09:09.872,s24_10_5_1_b64_mb2,38751,22896,9559,4846,1450
09:09:10.373,s24_10_5_1_b64_mb2,38751,22896,9559,4846,1450
09:09:10.875,s24_10_5_1_b64_mb2,38751,22896,9559,4846,1450
09:09:11.377,s24_10_5_1_b64_mb2,38751,22896,9559,4846,1450
09:09:11.879,s24_10_5_1_b64_mb2,38751,22896,9559,4846,1450
09:09:12.380,s24_10_5_1_b64_mb2,38751,22896,9559,4846,1450
09:09:12.882,s24_10_5_1_b64_mb2,38751,22896,9559,4846,1450
09:09:13.384,s24_10_5_1_b64_mb2,38751,22896,9559,4846,1450
09:09:13.885,s24_10_5_1_b64_mb2,38751,22896,9559,4846,1450
09:09:14.387,s24_10_5_1_b64_mb2,38751,22896,9559,4846,1450
09:09:14.889,s24_10_5_1_b64_mb2,38751,22896,9559,4846,1450
09:09:15.390,s24_10_5_1_b64_mb2,38751,22896,9559,4846,1450
09:09:15.892,s24_10_5_1_b64_mb2,38751,22896,9559,4846,1450
09:09:16.394,s24_10_5_1_b64_mb2,38751,22896,9559,4846,1450
09:09:16.895,s24_10_5_1_b64_mb2,38751,22896,9559,4846,1450
09:09:17.397,s24_10_5_1_b64_mb2,38751,22896,9559,4846,1450
09:09:17.899,s24_10_5_1_b64_mb2,38751,22896,9559,4846,1450
09:09:18.400,s24_10_5_1_b64_mb2,38751,22896,9559,4846,1450
09:09:18.902,s24_10_5_1_b64_mb2,38751,22896,9559,4846,1450
09:09:19.404,s24_10_5_1_b64_mb2,38751,22896,9559,4846,1450
09:09:19.906,s24_10_5_1_b64_mb2,38751,22896,9559,4846,1450
09:09:20.407,s24_10_5_1_b64_mb2,38751,22896,9559,4846,1450
09:09:20.909,s24_10_5_1_b64_mb2,38751,22896,9559,4846,1450
09:09:21.411,s24_10_5_1_b64_mb2,38751,22896,9559,4846,1450
09:09:21.913,s24_10_5_1_b64_mb2,38751,22896,9559,4846,1450
09:09:22.414,s24_10_5_1_b64_mb2,38751,22896,9559,4846,1450
09:09:22.916,s24_10_5_1_b64_mb2,38751,22896,9559,4846,1450
09:09:23.418,s24_10_5_1_b64_mb2,38751,22896,9559,4846,1450
09:09:23.919,s24_10_5_1_b64_mb2,38751,22896,9559,4846,1450
09:09:24.421,s24_10_5_1_b64_mb2,38751,22896,9559,4846,1450
09:09:24.923,s24_10_5_1_b64_mb2,38751,22896,9559,4846,1450
09:09:25.425,s24_10_5_1_b64_mb2,38751,22896,9559,4846,1450
09:09:25.926,s24_10_5_1_b64_mb2,38751,22896,9559,4846,1450
09:09:26.428,s24_10_5_1_b64_mb2,38751,22896,9559,4846,1450
09:09:26.930,s24_10_5_1_b64_mb2,38751,22896,9559,4846,1450
09:09:27.431,s24_10_5_1_b64_mb2,38751,22896,9559,4846,1450
09:09:27.933,s24_10_5_1_b64_mb2,38751,22896,9559,4846,1450
09:09:28.435,s24_10_5_1_b64_mb2,38751,22896,9559,4846,1450
09:09:28.936,s24_10_5_1_b64_mb2,38751,22896,9559,4846,1450
09:09:29.438,s24_10_5_1_b64_mb2,38751,22896,9559,4846,1450
09:09:29.940,s24_10_5_1_b64_mb2,38751,22896,9559,4846,1450
09:09:30.441,s24_10_5_1_b64_mb2,38751,22896,9559,4846,1450
09:09:30.943,s24_10_5_1_b64_mb2,38751,22896,9559,4846,1450
09:09:31.445,s24_10_5_1_b64_mb2,38751,22896,9559,4846,1450
09:09:31.946,s24_10_5_1_b64_mb2,38751,22896,9559,4846,1450
09:09:32.448,s24_10_5_1_b64_mb2,38751,22896,9559,4846,1450
09:09:32.950,s24_10_5_1_b64_mb2,38751,22896,9559,4846,1450
09:09:33.451,s24_10_5_1_b64_mb2,38751,22896,9559,4846,1450
09:09:33.953,s24_10_5_1_b64_mb2,38751,22896,9559,4846,1450
09:09:34.455,s24_10_5_1_b64_mb2,38751,22896,9559,4846,1450
09:09:34.957,s24_10_5_1_b64_mb2,38751,22896,9559,4846,1450
09:09:35.458,s24_10_5_1_b64_mb2,38751,22896,9559,4846,1450
09:09:35.960,s24_10_5_1_b64_mb2,38751,22896,9559,4846,1450
09:09:36.462,s24_10_5_1_b64_mb2,38751,22896,9559,4846,1450
09:09:36.963,s24_10_5_1_b64_mb2,38751,22896,9559,4846,1450
09:09:37.465,s24_10_5_1_b64_mb2,38751,22896,9559,4846,1450
09:09:37.967,s24_10_5_1_b64_mb2,38751,22896,9559,4846,1450
09:09:38.468,s24_10_5_1_b64_mb2,38751,22896,9559,4846,1450
09:09:38.970,s24_10_5_1_b64_mb2,38751,22896,9559,4846,1450
09:09:39.472,s24_10_5_1_b64_mb2,38751,22896,9559,4846,1450
09:09:39.973,s24_10_5_1_b64_mb2,38751,22896,9559,4846,1450
09:09:40.475,s24_10_5_1_b64_mb2,38751,22896,9559,4846,1450
09:09:40.977,s24_10_5_1_b64_mb2,38751,22896,9559,4846,1450
09:09:41.479,s24_10_5_1_b64_mb2,38751,22896,9559,4846,1450
09:09:41.980,s24_10_5_1_b64_mb2,38751,22896,9559,4846,1450
09:09:42.482,s24_10_5_1_b64_mb2,38751,22896,9559,4846,1450
09:09:42.984,s24_10_5_1_b64_mb2,38751,22896,9559,4846,1450
09:09:43.485,s24_10_5_1_b64_mb2,38751,22896,9559,4846,1450
09:09:43.987,s24_10_5_1_b64_mb2,38751,22896,9559,4846,1450
09:09:44.489,s24_10_5_1_b64_mb2,38751,22896,9559,4846,1450
09:09:44.990,s24_10_5_1_b64_mb2,38751,22896,9559,4846,1450
09:09:45.492,s24_10_5_1_b64_mb2,38751,22896,9559,4846,1450
09:09:45.994,s24_10_5_1_b64_mb2,39231,23356,9559,4846,1450
09:09:46.495,s24_10_5_1_b64_mb2,40811,24936,9559,4846,1450
09:09:46.997,s24_10_5_1_b64_mb2,41911,25436,10199,4846,1450
09:09:47.499,s24_10_5_1_b64_mb2,42591,25436,10619,5086,1450
09:09:48.000,s24_10_5_1_b64_mb2,43011,25456,10619,5386,1550
09:09:48.502,s24_10_5_1_b64_mb2,43011,25456,10619,5386,1550
09:09:49.004,s24_10_5_1_b64_mb2,43011,25456,10619,5386,1550
09:09:49.506,s24_10_5_1_b64_mb2,43011,25456,10619,5386,1550
09:09:50.008,s24_10_5_1_b64_mb2,43011,25456,10619,5386,1550
09:09:50.509,s24_10_5_1_b64_mb2,43011,25456,10619,5386,1550
09:09:51.011,s24_10_5_1_b64_mb2,43011,25456,10619,5386,1550
09:09:51.513,s24_10_5_1_b64_mb2,43011,25456,10619,5386,1550
09:09:52.014,s24_10_5_1_b64_mb2,43011,25456,10619,5386,1550
09:09:52.516,s24_10_5_1_b64_mb2,43011,25456,10619,5386,1550
09:09:53.018,s24_10_5_1_b64_mb2,43011,25456,10619,5386,1550
09:09:53.520,s24_10_5_1_b64_mb2,43011,25456,10619,5386,1550
09:09:54.021,s24_10_5_1_b64_mb2,43011,25456,10619,5386,1550
09:09:54.523,s24_10_5_1_b64_mb2,43011,25456,10619,5386,1550
09:09:55.025,s24_10_5_1_b64_mb2,43011,25456,10619,5386,1550
09:09:55.526,s24_10_5_1_b64_mb2,43011,25456,10619,5386,1550
09:09:56.028,s24_10_5_1_b64_mb2,43011,25456,10619,5386,1550
09:09:56.530,s24_10_5_1_b64_mb2,43011,25456,10619,5386,1550
09:09:57.031,s24_10_5_1_b64_mb2,43011,25456,10619,5386,1550
09:09:57.533,s24_10_5_1_b64_mb2,43011,25456,10619,5386,1550
09:09:58.035,s24_10_5_1_b64_mb2,43011,25456,10619,5386,1550
09:09:58.537,s24_10_5_1_b64_mb2,43011,25456,10619,5386,1550
09:09:59.038,s24_10_5_1_b64_mb2,43011,25456,10619,5386,1550
09:09:59.540,s24_10_5_1_b64_mb2,43011,25456,10619,5386,1550
09:10:00.042,s24_10_5_1_b64_mb2,43011,25456,10619,5386,1550
09:10:00.543,s24_10_5_1_b64_mb2,43011,25456,10619,5386,1550
09:10:01.045,s24_10_5_1_b64_mb2,43011,25456,10619,5386,1550
09:10:01.547,s24_10_5_1_b64_mb2,43011,25456,10619,5386,1550
09:10:02.048,s24_10_5_1_b64_mb2,43011,25456,10619,5386,1550
09:10:02.550,s24_10_5_1_b64_mb2,43011,25456,10619,5386,1550
09:10:03.052,s24_10_5_1_b64_mb2,43011,25456,10619,5386,1550
09:10:03.554,s24_10_5_1_b64_mb2,43011,25456,10619,5386,1550
09:10:04.055,s24_10_5_1_b64_mb2,43011,25456,10619,5386,1550
09:10:04.557,s24_10_5_1_b64_mb2,43011,25456,10619,5386,1550
09:10:05.059,s24_10_5_1_b64_mb2,43011,25456,10619,5386,1550
09:10:05.560,s24_10_5_1_b64_mb2,43011,25456,10619,5386,1550
09:10:06.062,s24_10_5_1_b64_mb2,43011,25456,10619,5386,1550
09:10:06.564,s24_10_5_1_b64_mb2,43011,25456,10619,5386,1550
09:10:07.066,s24_10_5_1_b64_mb2,43011,25456,10619,5386,1550
09:10:07.567,s24_10_5_1_b64_mb2,43011,25456,10619,5386,1550
09:10:08.069,s24_10_5_1_b64_mb2,43011,25456,10619,5386,1550
09:10:08.571,s24_10_5_1_b64_mb2,43011,25456,10619,5386,1550
09:10:09.072,s24_10_5_1_b64_mb2,43011,25456,10619,5386,1550
09:10:09.574,s24_10_5_1_b64_mb2,43011,25456,10619,5386,1550
09:10:10.076,s24_10_5_1_b64_mb2,43011,25456,10619,5386,1550
09:10:10.577,s24_10_5_1_b64_mb2,43011,25456,10619,5386,1550
09:10:11.079,s24_10_5_1_b64_mb2,43011,25456,10619,5386,1550
09:10:11.581,s24_10_5_1_b64_mb2,43011,25456,10619,5386,1550
09:10:12.082,s24_10_5_1_b64_mb2,43011,25456,10619,5386,1550
09:10:12.584,s24_10_5_1_b64_mb2,43011,25456,10619,5386,1550
09:10:13.086,s24_10_5_1_b64_mb2,43011,25456,10619,5386,1550
09:10:13.588,s24_10_5_1_b64_mb2,43011,25456,10619,5386,1550
09:10:14.089,s24_10_5_1_b64_mb2,43011,25456,10619,5386,1550
09:10:14.591,s24_10_5_1_b64_mb2,43011,25456,10619,5386,1550
09:10:15.093,s24_10_5_1_b64_mb2,43011,25456,10619,5386,1550
09:10:15.594,s24_10_5_1_b64_mb2,43011,25456,10619,5386,1550
09:10:16.096,s24_10_5_1_b64_mb2,43011,25456,10619,5386,1550
09:10:16.598,s24_10_5_1_b64_mb2,43011,25456,10619,5386,1550
09:10:17.100,s24_10_5_1_b64_mb2,43011,25456,10619,5386,1550
09:10:17.601,s24_10_5_1_b64_mb2,43011,25456,10619,5386,1550
09:10:18.103,s24_10_5_1_b64_mb2,43011,25456,10619,5386,1550
09:10:18.605,s24_10_5_1_b64_mb2,43011,25456,10619,5386,1550
09:10:19.106,s24_10_5_1_b64_mb2,43011,25456,10619,5386,1550
09:10:19.608,s24_10_5_1_b64_mb2,43011,25456,10619,5386,1550
09:10:20.110,s24_10_5_1_b64_mb2,43011,25456,10619,5386,1550
09:10:20.612,s24_10_5_1_b64_mb2,43011,25456,10619,5386,1550
09:10:21.113,s24_10_5_1_b64_mb2,43011,25456,10619,5386,1550
09:10:21.615,s24_10_5_1_b64_mb2,43011,25456,10619,5386,1550
09:10:22.117,s24_10_5_1_b64_mb2,43011,25456,10619,5386,1550
09:10:22.619,s24_10_5_1_b64_mb2,43011,25456,10619,5386,1550
09:10:23.120,s24_10_5_1_b64_mb2,43011,25456,10619,5386,1550
09:10:23.622,s24_10_5_1_b64_mb2,43011,25456,10619,5386,1550
09:10:24.124,s24_10_5_1_b64_mb2,43011,25456,10619,5386,1550
09:10:24.625,s24_10_5_1_b64_mb2,43011,25456,10619,5386,1550
09:10:25.127,s24_10_5_1_b64_mb2,43011,25456,10619,5386,1550
09:10:25.629,s24_10_5_1_b64_mb2,43011,25456,10619,5386,1550
09:10:26.131,s24_10_5_1_b64_mb2,43011,25456,10619,5386,1550
09:10:26.632,s24_10_5_1_b64_mb2,43011,25456,10619,5386,1550
09:10:27.134,s24_10_5_1_b64_mb2,43011,25456,10619,5386,1550
09:10:27.636,s24_10_5_1_b64_mb2,43011,25456,10619,5386,1550
09:10:28.138,s24_10_5_1_b64_mb2,43011,25456,10619,5386,1550
09:10:28.639,s24_10_5_1_b64_mb2,43011,25456,10619,5386,1550
09:10:29.141,s24_10_5_1_b64_mb2,43011,25456,10619,5386,1550
09:10:29.643,s24_10_5_1_b64_mb2,43011,25456,10619,5386,1550
09:10:30.145,s24_10_5_1_b64_mb2,43011,25456,10619,5386,1550
09:10:30.646,s24_10_5_1_b64_mb2,43011,25456,10619,5386,1550
09:10:31.148,s24_10_5_1_b64_mb2,43011,25456,10619,5386,1550
09:10:31.650,s24_10_5_1_b64_mb2,43011,25456,10619,5386,1550
09:10:32.152,s24_10_5_1_b64_mb2,43011,25456,10619,5386,1550
09:10:32.653,s24_10_5_1_b64_mb2,43011,25456,10619,5386,1550
09:10:33.155,s24_10_5_1_b64_mb2,43011,25456,10619,5386,1550
09:10:33.657,s24_10_5_1_b64_mb2,43011,25456,10619,5386,1550
09:10:34.158,s24_10_5_1_b64_mb2,43011,25456,10619,5386,1550
09:10:34.660,s24_10_5_1_b64_mb2,43011,25456,10619,5386,1550
09:10:35.162,s24_10_5_1_b64_mb2,43011,25456,10619,5386,1550
09:10:35.664,s24_10_5_1_b64_mb2,43011,25456,10619,5386,1550
09:10:36.165,s24_10_5_1_b64_mb2,43011,25456,10619,5386,1550
09:10:36.667,s24_10_5_1_b64_mb2,43011,25456,10619,5386,1550
09:10:37.169,s24_10_5_1_b64_mb2,43011,25456,10619,5386,1550
09:10:37.670,s24_10_5_1_b64_mb2,43011,25456,10619,5386,1550
09:10:38.172,s24_10_5_1_b64_mb2,43011,25456,10619,5386,1550
09:10:38.674,s24_10_5_1_b64_mb2,43011,25456,10619,5386,1550
09:10:39.176,s24_10_5_1_b64_mb2,43011,25456,10619,5386,1550
09:10:39.677,s24_10_5_1_b64_mb2,43011,25456,10619,5386,1550
09:10:40.179,s24_10_5_1_b64_mb2,43011,25456,10619,5386,1550
09:10:40.681,s24_10_5_1_b64_mb2,43011,25456,10619,5386,1550
09:10:41.182,s24_10_5_1_b64_mb2,43011,25456,10619,5386,1550
09:10:41.684,s24_10_5_1_b64_mb2,43011,25456,10619,5386,1550
09:10:42.186,s24_10_5_1_b64_mb2,43011,25456,10619,5386,1550
09:10:42.688,s24_10_5_1_b64_mb2,43011,25456,10619,5386,1550
09:10:43.189,s24_10_5_1_b64_mb2,43011,25456,10619,5386,1550
09:10:43.691,s24_10_5_1_b64_mb2,43011,25456,10619,5386,1550
09:10:44.193,s24_10_5_1_b64_mb2,43011,25456,10619,5386,1550
09:10:44.695,s24_10_5_1_b64_mb2,43011,25456,10619,5386,1550
09:10:45.196,s24_10_5_1_b64_mb2,43011,25456,10619,5386,1550
09:10:45.698,s24_10_5_1_b64_mb2,43011,25456,10619,5386,1550
09:10:46.200,s24_10_5_1_b64_mb2,43011,25456,10619,5386,1550
09:10:46.701,s24_10_5_1_b64_mb2,43011,25456,10619,5386,1550
09:10:47.203,s24_10_5_1_b64_mb2,43011,25456,10619,5386,1550
09:10:47.705,s24_10_5_1_b64_mb2,43011,25456,10619,5386,1550
09:10:48.207,s24_10_5_1_b64_mb2,43011,25456,10619,5386,1550
09:10:48.708,s24_10_5_1_b64_mb2,43011,25456,10619,5386,1550
09:10:49.210,s24_10_5_1_b64_mb2,43011,25456,10619,5386,1550
09:10:49.712,s24_10_5_1_b64_mb2,43011,25456,10619,5386,1550
09:10:50.213,s24_10_5_1_b64_mb2,43011,25456,10619,5386,1550
09:10:50.715,s24_10_5_1_b64_mb2,43011,25456,10619,5386,1550
09:10:51.217,s24_10_5_1_b64_mb2,43011,25456,10619,5386,1550
09:10:51.718,s24_10_5_1_b64_mb2,43011,25456,10619,5386,1550
09:10:52.220,s24_10_5_1_b64_mb2,43011,25456,10619,5386,1550
09:10:52.722,s24_10_5_1_b64_mb2,43011,25456,10619,5386,1550
09:10:53.224,s24_10_5_1_b64_mb2,43011,25456,10619,5386,1550
09:10:53.725,s24_10_5_1_b64_mb2,43011,25456,10619,5386,1550
09:10:54.227,s24_10_5_1_b64_mb2,43011,25456,10619,5386,1550
09:10:54.729,s24_10_5_1_b64_mb2,43011,25456,10619,5386,1550
09:10:55.231,s24_10_5_1_b64_mb2,43011,25456,10619,5386,1550
09:10:55.732,s24_10_5_1_b64_mb2,43011,25456,10619,5386,1550
09:10:56.234,s24_10_5_1_b64_mb2,43011,25456,10619,5386,1550
09:10:56.736,s24_10_5_1_b64_mb2,43011,25456,10619,5386,1550
09:10:57.238,s24_10_5_1_b64_mb2,43011,25456,10619,5386,1550
09:10:57.739,s24_10_5_1_b64_mb2,43011,25456,10619,5386,1550
09:10:58.241,s24_10_5_1_b64_mb2,43011,25456,10619,5386,1550
09:10:58.743,s24_10_5_1_b64_mb2,43011,25456,10619,5386,1550
09:10:59.245,s24_10_5_1_b64_mb2,43011,25456,10619,5386,1550
09:10:59.746,s24_10_5_1_b64_mb2,43011,25456,10619,5386,1550
09:11:00.248,s24_10_5_1_b64_mb2,43011,25456,10619,5386,1550
09:11:00.750,s24_10_5_1_b64_mb2,43011,25456,10619,5386,1550
09:11:01.252,s24_10_5_1_b64_mb2,43011,25456,10619,5386,1550
09:11:01.753,s24_10_5_1_b64_mb2,43011,25456,10619,5386,1550
09:11:02.255,s24_10_5_1_b64_mb2,43011,25456,10619,5386,1550
09:11:02.757,s24_10_5_1_b64_mb2,43011,25456,10619,5386,1550
09:11:03.258,s24_10_5_1_b64_mb2,43011,25456,10619,5386,1550
09:11:03.760,s24_10_5_1_b64_mb2,43011,25456,10619,5386,1550
09:11:04.262,s24_10_5_1_b64_mb2,43011,25456,10619,5386,1550
09:11:04.764,s24_10_5_1_b64_mb2,43011,25456,10619,5386,1550
09:11:05.265,s24_10_5_1_b64_mb2,43011,25456,10619,5386,1550
09:11:05.767,s24_10_5_1_b64_mb2,43011,25456,10619,5386,1550
09:11:06.269,s24_10_5_1_b64_mb2,43011,25456,10619,5386,1550
09:11:06.770,s24_10_5_1_b64_mb2,43011,25456,10619,5386,1550
09:11:07.272,s24_10_5_1_b64_mb2,43011,25456,10619,5386,1550
09:11:07.774,s24_10_5_1_b64_mb2,43011,25456,10619,5386,1550
09:11:08.276,s24_10_5_1_b64_mb2,43011,25456,10619,5386,1550
09:11:08.777,s24_10_5_1_b64_mb2,43011,25456,10619,5386,1550
09:11:09.279,s24_10_5_1_b64_mb2,43011,25456,10619,5386,1550
09:11:09.781,s24_10_5_1_b64_mb2,43011,25456,10619,5386,1550
09:11:10.282,s24_10_5_1_b64_mb2,43011,25456,10619,5386,1550
09:11:10.784,s24_10_5_1_b64_mb2,43011,25456,10619,5386,1550
09:11:11.286,s24_10_5_1_b64_mb2,43011,25456,10619,5386,1550
09:11:11.787,s24_10_5_1_b64_mb2,43011,25456,10619,5386,1550
09:11:12.289,s24_10_5_1_b64_mb2,43011,25456,10619,5386,1550
09:11:12.791,s24_10_5_1_b64_mb2,43011,25456,10619,5386,1550
09:11:13.292,s24_10_5_1_b64_mb2,43011,25456,10619,5386,1550
09:11:13.794,s24_10_5_1_b64_mb2,43011,25456,10619,5386,1550
09:11:14.296,s24_10_5_1_b64_mb2,43011,25456,10619,5386,1550
09:11:14.797,s24_10_5_1_b64_mb2,43011,25456,10619,5386,1550
09:11:15.299,s24_10_5_1_b64_mb2,43011,25456,10619,5386,1550
09:11:15.801,s24_10_5_1_b64_mb2,43011,25456,10619,5386,1550
09:11:16.302,s24_10_5_1_b64_mb2,43011,25456,10619,5386,1550
09:11:16.804,s24_10_5_1_b64_mb2,43011,25456,10619,5386,1550
09:11:17.306,s24_10_5_1_b64_mb2,43011,25456,10619,5386,1550
09:11:17.807,s24_10_5_1_b64_mb2,43011,25456,10619,5386,1550
09:11:18.309,s24_10_5_1_b64_mb2,43011,25456,10619,5386,1550
09:11:18.811,s24_10_5_1_b64_mb2,43011,25456,10619,5386,1550
09:11:19.313,s24_10_5_1_b64_mb2,43011,25456,10619,5386,1550
09:11:19.814,s24_10_5_1_b64_mb2,43011,25456,10619,5386,1550
09:11:20.316,s24_10_5_1_b64_mb2,43011,25456,10619,5386,1550
09:11:20.818,s24_10_5_1_b64_mb2,43011,25456,10619,5386,1550
09:11:21.319,s24_10_5_1_b64_mb2,43011,25456,10619,5386,1550
09:11:21.821,s24_10_5_1_b64_mb2,43011,25456,10619,5386,1550
09:11:22.323,s24_10_5_1_b64_mb2,43011,25456,10619,5386,1550
09:11:22.824,s24_10_5_1_b64_mb2,43011,25456,10619,5386,1550
09:11:23.326,s24_10_5_1_b64_mb2,43011,25456,10619,5386,1550
09:11:23.828,s24_10_5_1_b64_mb2,43011,25456,10619,5386,1550
09:11:24.329,s24_10_5_1_b64_mb2,43011,25456,10619,5386,1550
09:11:24.831,s24_10_5_1_b64_mb2,43011,25456,10619,5386,1550
09:11:25.333,s24_10_5_1_b64_mb2,43011,25456,10619,5386,1550
09:11:25.834,s24_10_5_1_b64_mb2,43011,25456,10619,5386,1550
09:11:26.336,s24_10_5_1_b64_mb2,43011,25456,10619,5386,1550
09:11:26.838,s24_10_5_1_b64_mb2,43011,25456,10619,5386,1550
09:11:27.340,s24_10_5_1_b64_mb2,43011,25456,10619,5386,1550
09:11:27.841,s24_10_5_1_b64_mb2,43011,25456,10619,5386,1550
09:11:28.343,s24_10_5_1_b64_mb2,43011,25456,10619,5386,1550
09:11:28.845,s24_10_5_1_b64_mb2,43011,25456,10619,5386,1550
09:11:29.346,s24_10_5_1_b64_mb2,43011,25456,10619,5386,1550
09:11:29.848,s24_10_5_1_b64_mb2,43011,25456,10619,5386,1550
09:11:30.350,s24_10_5_1_b64_mb2,43011,25456,10619,5386,1550
09:11:30.851,s24_10_5_1_b64_mb2,43011,25456,10619,5386,1550
09:11:31.353,s24_10_5_1_b64_mb2,43011,25456,10619,5386,1550
09:11:31.855,s24_10_5_1_b64_mb2,43011,25456,10619,5386,1550
09:11:32.356,s24_10_5_1_b64_mb2,43011,25456,10619,5386,1550
09:11:32.858,s24_10_5_1_b64_mb2,43011,25456,10619,5386,1550
09:11:33.360,s24_10_5_1_b64_mb2,43011,25456,10619,5386,1550
09:11:33.862,s24_10_5_1_b64_mb2,43011,25456,10619,5386,1550
09:11:34.363,s24_10_5_1_b64_mb2,43011,25456,10619,5386,1550
09:11:34.865,s24_10_5_1_b64_mb2,43011,25456,10619,5386,1550
09:11:35.367,s24_10_5_1_b64_mb2,43011,25456,10619,5386,1550
09:11:35.868,s24_10_5_1_b64_mb2,43011,25456,10619,5386,1550
09:11:36.370,s24_10_5_1_b64_mb2,43011,25456,10619,5386,1550
09:11:36.872,s24_10_5_1_b64_mb2,43011,25456,10619,5386,1550
09:11:37.373,s24_10_5_1_b64_mb2,43011,25456,10619,5386,1550
09:11:37.875,s24_10_5_1_b64_mb2,43011,25456,10619,5386,1550
09:11:38.377,s24_10_5_1_b64_mb2,43011,25456,10619,5386,1550
09:11:38.879,s24_10_5_1_b64_mb2,43011,25456,10619,5386,1550
09:11:39.380,s24_10_5_1_b64_mb2,43011,25456,10619,5386,1550
09:11:39.882,s24_10_5_1_b64_mb2,43011,25456,10619,5386,1550
09:11:40.384,s24_10_5_1_b64_mb2,43011,25456,10619,5386,1550
09:11:40.885,s24_10_5_1_b64_mb2,43011,25456,10619,5386,1550
09:11:41.387,s24_10_5_1_b64_mb2,43011,25456,10619,5386,1550
09:11:41.889,s24_10_5_1_b64_mb2,43011,25456,10619,5386,1550
09:11:42.390,s24_10_5_1_b64_mb2,43011,25456,10619,5386,1550
09:11:42.892,s24_10_5_1_b64_mb2,43011,25456,10619,5386,1550
09:11:43.394,s24_10_5_1_b64_mb2,43011,25456,10619,5386,1550
09:11:43.895,s24_10_5_1_b64_mb2,43011,25456,10619,5386,1550
09:11:44.397,s24_10_5_1_b64_mb2,43011,25456,10619,5386,1550
09:11:44.899,s24_10_5_1_b64_mb2,43011,25456,10619,5386,1550
09:11:45.400,s24_10_5_1_b64_mb2,43011,25456,10619,5386,1550
09:11:45.902,s24_10_5_1_b64_mb2,43011,25456,10619,5386,1550
09:11:46.404,s24_10_5_1_b64_mb2,43011,25456,10619,5386,1550
09:11:46.905,s24_10_5_1_b64_mb2,43011,25456,10619,5386,1550
09:11:47.407,s24_10_5_1_b64_mb2,43011,25456,10619,5386,1550
09:11:47.909,s24_10_5_1_b64_mb2,43011,25456,10619,5386,1550
09:11:48.410,s24_10_5_1_b64_mb2,43011,25456,10619,5386,1550
09:11:48.912,s24_10_5_1_b64_mb2,43011,25456,10619,5386,1550
09:11:49.414,s24_10_5_1_b64_mb2,43011,25456,10619,5386,1550
09:11:49.915,s24_10_5_1_b64_mb2,43011,25456,10619,5386,1550
09:11:50.417,s24_10_5_1_b64_mb2,43011,25456,10619,5386,1550
09:11:50.919,s24_10_5_1_b64_mb2,43011,25456,10619,5386,1550
09:11:51.420,s24_10_5_1_b64_mb2,43011,25456,10619,5386,1550
09:11:51.922,s24_10_5_1_b64_mb2,43011,25456,10619,5386,1550
09:11:52.424,s24_10_5_1_b64_mb2,43011,25456,10619,5386,1550
09:11:52.925,s24_10_5_1_b64_mb2,43011,25456,10619,5386,1550
09:11:53.427,s24_10_5_1_b64_mb2,43011,25456,10619,5386,1550
09:11:53.929,s24_10_5_1_b64_mb2,43011,25456,10619,5386,1550
09:11:54.430,s24_10_5_1_b64_mb2,43011,25456,10619,5386,1550
09:11:54.932,s24_10_5_1_b64_mb2,43011,25456,10619,5386,1550
09:11:55.434,s24_10_5_1_b64_mb2,43011,25456,10619,5386,1550
09:11:55.935,s24_10_5_1_b64_mb2,43011,25456,10619,5386,1550
09:11:56.437,s24_10_5_1_b64_mb2,43011,25456,10619,5386,1550
09:11:56.939,s24_10_5_1_b64_mb2,43011,25456,10619,5386,1550
09:11:57.440,s24_10_5_1_b64_mb2,43011,25456,10619,5386,1550
09:11:57.942,s24_10_5_1_b64_mb2,43011,25456,10619,5386,1550
09:11:58.444,s24_10_5_1_b64_mb2,43011,25456,10619,5386,1550
09:11:58.945,s24_10_5_1_b64_mb2,43011,25456,10619,5386,1550
09:11:59.447,s24_10_5_1_b64_mb2,43011,25456,10619,5386,1550
09:11:59.949,s24_10_5_1_b64_mb2,43011,25456,10619,5386,1550
09:12:00.450,s24_10_5_1_b64_mb2,43011,25456,10619,5386,1550
09:12:00.952,s24_10_5_1_b64_mb2,43011,25456,10619,5386,1550
09:12:01.454,s24_10_5_1_b64_mb2,43011,25456,10619,5386,1550
09:12:01.956,s24_10_5_1_b64_mb2,43011,25456,10619,5386,1550
09:12:02.457,s24_10_5_1_b64_mb2,43011,25456,10619,5386,1550
09:12:02.959,s24_10_5_1_b64_mb2,43011,25456,10619,5386,1550
09:12:03.461,s24_10_5_1_b64_mb2,43011,25456,10619,5386,1550
09:12:03.962,s24_10_5_1_b64_mb2,43011,25456,10619,5386,1550
09:12:04.464,s24_10_5_1_b64_mb2,43011,25456,10619,5386,1550
09:12:04.966,s24_10_5_1_b64_mb2,43011,25456,10619,5386,1550
09:12:05.467,s24_10_5_1_b64_mb2,43011,25456,10619,5386,1550
09:12:05.969,s24_10_5_1_b64_mb2,43011,25456,10619,5386,1550
09:12:06.471,s24_10_5_1_b64_mb2,43011,25456,10619,5386,1550
09:12:06.972,s24_10_5_1_b64_mb2,43011,25456,10619,5386,1550
09:12:07.474,s24_10_5_1_b64_mb2,43011,25456,10619,5386,1550
09:12:07.976,s24_10_5_1_b64_mb2,43011,25456,10619,5386,1550
09:12:08.477,s24_10_5_1_b64_mb2,43011,25456,10619,5386,1550
09:12:08.979,s24_10_5_1_b64_mb2,43011,25456,10619,5386,1550
09:12:09.481,s24_10_5_1_b64_mb2,43011,25456,10619,5386,1550
09:12:09.982,s24_10_5_1_b64_mb2,43011,25456,10619,5386,1550
09:12:10.484,s24_10_5_1_b64_mb2,43011,25456,10619,5386,1550
09:12:10.986,s24_10_5_1_b64_mb2,43011,25456,10619,5386,1550
09:12:11.488,s24_10_5_1_b64_mb2,43011,25456,10619,5386,1550
09:12:11.989,s24_10_5_1_b64_mb2,43011,25456,10619,5386,1550
09:12:12.491,s24_10_5_1_b64_mb2,43011,25456,10619,5386,1550
09:12:12.993,s24_10_5_1_b64_mb2,43011,25456,10619,5386,1550
09:12:13.494,s24_10_5_1_b64_mb2,43011,25456,10619,5386,1550
09:12:13.996,s24_10_5_1_b64_mb2,43011,25456,10619,5386,1550
09:12:14.498,s24_10_5_1_b64_mb2,43011,25456,10619,5386,1550
09:12:14.999,s24_10_5_1_b64_mb2,43011,25456,10619,5386,1550
09:12:15.501,s24_10_5_1_b64_mb2,43011,25456,10619,5386,1550
09:12:16.003,s24_10_5_1_b64_mb2,43011,25456,10619,5386,1550
09:12:16.504,s24_10_5_1_b64_mb2,43011,25456,10619,5386,1550
09:12:17.006,s24_10_5_1_b64_mb2,43011,25456,10619,5386,1550
09:12:17.508,s24_10_5_1_b64_mb2,43011,25456,10619,5386,1550
09:12:18.009,s24_10_5_1_b64_mb2,43011,25456,10619,5386,1550
09:12:18.511,s24_10_5_1_b64_mb2,43011,25456,10619,5386,1550
09:12:19.012,s24_10_5_1_b64_mb2,43011,25456,10619,5386,1550
09:12:19.514,s24_10_5_1_b64_mb2,43011,25456,10619,5386,1550
09:12:20.016,s24_10_5_1_b64_mb2,43011,25456,10619,5386,1550
09:12:20.517,s24_10_5_1_b64_mb2,43011,25456,10619,5386,1550
09:12:21.019,s24_10_5_1_b64_mb2,43011,25456,10619,5386,1550
09:12:21.521,s24_10_5_1_b64_mb2,43011,25456,10619,5386,1550
09:12:22.022,s24_10_5_1_b64_mb2,43011,25456,10619,5386,1550
09:12:22.524,s24_10_5_1_b64_mb2,43011,25456,10619,5386,1550
09:12:23.026,s24_10_5_1_b64_mb2,43011,25456,10619,5386,1550
09:12:23.527,s24_10_5_1_b64_mb2,43011,25456,10619,5386,1550
09:12:24.029,s24_10_5_1_b64_mb2,43011,25456,10619,5386,1550
09:12:24.530,s24_10_5_1_b64_mb2,43011,25456,10619,5386,1550
09:12:25.032,s24_10_5_1_b64_mb2,43011,25456,10619,5386,1550
09:12:25.534,s24_10_5_1_b64_mb2,43011,25456,10619,5386,1550
09:12:26.036,s24_10_5_1_b64_mb2,43011,25456,10619,5386,1550
09:12:26.537,s24_10_5_1_b64_mb2,43011,25456,10619,5386,1550
09:12:27.039,s24_10_5_1_b64_mb2,43011,25456,10619,5386,1550
09:12:27.541,s24_10_5_1_b64_mb2,43011,25456,10619,5386,1550
09:12:28.042,s24_10_5_1_b64_mb2,43011,25456,10619,5386,1550
09:12:28.544,s24_10_5_1_b64_mb2,43011,25456,10619,5386,1550
09:12:29.046,s24_10_5_1_b64_mb2,43011,25456,10619,5386,1550
09:12:29.547,s24_10_5_1_b64_mb2,43011,25456,10619,5386,1550
09:12:30.049,s24_10_5_1_b64_mb2,43011,25456,10619,5386,1550
09:12:30.551,s24_10_5_1_b64_mb2,43011,25456,10619,5386,1550
09:12:31.052,s24_10_5_1_b64_mb2,43011,25456,10619,5386,1550
09:12:31.554,s24_10_5_1_b64_mb2,43011,25456,10619,5386,1550
09:12:32.056,s24_10_5_1_b64_mb2,43011,25456,10619,5386,1550
09:12:32.557,s24_10_5_1_b64_mb2,43011,25456,10619,5386,1550
09:12:33.059,s24_10_5_1_b64_mb2,43011,25456,10619,5386,1550
09:12:33.561,s24_10_5_1_b64_mb2,43011,25456,10619,5386,1550
09:12:34.062,s24_10_5_1_b64_mb2,43011,25456,10619,5386,1550
09:12:34.564,s24_10_5_1_b64_mb2,43011,25456,10619,5386,1550
09:12:35.066,s24_10_5_1_b64_mb2,43011,25456,10619,5386,1550
09:12:35.568,s24_10_5_1_b64_mb2,43011,25456,10619,5386,1550
09:12:36.069,s24_10_5_1_b64_mb2,43011,25456,10619,5386,1550
09:12:36.571,s24_10_5_1_b64_mb2,43011,25456,10619,5386,1550
09:12:37.073,s24_10_5_1_b64_mb2,43011,25456,10619,5386,1550
09:12:37.574,s24_10_5_1_b64_mb2,43011,25456,10619,5386,1550
09:12:38.076,s24_10_5_1_b64_mb2,43011,25456,10619,5386,1550
09:12:38.578,s24_10_5_1_b64_mb2,43011,25456,10619,5386,1550
09:12:39.079,s24_10_5_1_b64_mb2,43011,25456,10619,5386,1550
09:12:39.581,s24_10_5_1_b64_mb2,43011,25456,10619,5386,1550
09:12:40.083,s24_10_5_1_b64_mb2,43011,25456,10619,5386,1550
09:12:40.584,s24_10_5_1_b64_mb2,43011,25456,10619,5386,1550
09:12:41.086,s24_10_5_1_b64_mb2,43011,25456,10619,5386,1550
09:12:41.588,s24_10_5_1_b64_mb2,43011,25456,10619,5386,1550
09:12:42.089,s24_10_5_1_b64_mb2,43011,25456,10619,5386,1550
09:12:42.591,s24_10_5_1_b64_mb2,43011,25456,10619,5386,1550
09:12:43.093,s24_10_5_1_b64_mb2,43011,25456,10619,5386,1550
09:12:43.594,s24_10_5_1_b64_mb2,43011,25456,10619,5386,1550
09:12:44.096,s24_10_5_1_b64_mb2,43011,25456,10619,5386,1550
09:12:44.598,s24_10_5_1_b64_mb2,43011,25456,10619,5386,1550
09:12:45.099,s24_10_5_1_b64_mb2,43011,25456,10619,5386,1550
09:12:45.601,s24_10_5_1_b64_mb2,45551,27616,10619,5386,1550
09:12:46.103,s24_10_5_1_b64_mb2,48371,30556,10879,5386,1550
09:12:46.604,s24_10_5_1_b64_mb2,50111,30556,12639,5386,1550
09:12:47.106,s24_10_5_1_b64_mb2,51111,30556,12739,6106,1550
09:12:47.608,s24_10_5_1_b64_mb2,51491,30576,12739,6426,1750
09:12:48.110,s24_10_5_1_b64_mb2,51491,30576,12739,6426,1750
09:12:48.611,s24_10_5_1_b64_mb2,51511,30576,12759,6426,1750
09:12:49.113,s24_10_5_1_b64_mb2,51531,30576,12759,6446,1750
09:12:49.615,s24_10_5_1_b64_mb2,51551,30576,12759,6446,1770
09:12:50.116,s24_10_5_1_b64_mb2,51551,30576,12759,6446,1770
09:12:50.618,s24_10_5_1_b64_mb2,51551,30576,12759,6446,1770
09:12:51.120,s24_10_5_1_b64_mb2,51551,30576,12759,6446,1770
09:12:51.622,s24_10_5_1_b64_mb2,51551,30576,12759,6446,1770
09:12:52.123,s24_10_5_1_b64_mb2,51551,30576,12759,6446,1770
09:12:52.625,s24_10_5_1_b64_mb2,51551,30576,12759,6446,1770
09:12:53.127,s24_10_5_1_b64_mb2,51551,30576,12759,6446,1770
09:12:53.628,s24_10_5_1_b64_mb2,51551,30576,12759,6446,1770
09:12:54.130,s24_10_5_1_b64_mb2,51551,30576,12759,6446,1770
09:12:54.632,s24_10_5_1_b64_mb2,51551,30576,12759,6446,1770
09:12:55.134,s24_10_5_1_b64_mb2,51551,30576,12759,6446,1770
09:12:55.635,s24_10_5_1_b64_mb2,51551,30576,12759,6446,1770
09:12:56.137,s24_10_5_1_b64_mb2,51551,30576,12759,6446,1770
09:12:56.639,s24_10_5_1_b64_mb2,51551,30576,12759,6446,1770
09:12:57.141,s24_10_5_1_b64_mb2,51551,30576,12759,6446,1770
09:12:57.642,s24_10_5_1_b64_mb2,51551,30576,12759,6446,1770
09:12:58.144,s24_10_5_1_b64_mb2,51551,30576,12759,6446,1770
09:12:58.646,s24_10_5_1_b64_mb2,51551,30576,12759,6446,1770
09:12:59.147,s24_10_5_1_b64_mb2,51551,30576,12759,6446,1770
09:12:59.649,s24_10_5_1_b64_mb2,51551,30576,12759,6446,1770
09:13:00.151,s24_10_5_1_b64_mb2,51551,30576,12759,6446,1770
09:13:00.652,s24_10_5_1_b64_mb2,51551,30576,12759,6446,1770
09:13:01.154,s24_10_5_1_b64_mb2,51551,30576,12759,6446,1770
09:13:01.656,s24_10_5_1_b64_mb2,51551,30576,12759,6446,1770
09:13:02.157,s24_10_5_1_b64_mb2,51551,30576,12759,6446,1770
09:13:02.659,s24_10_5_1_b64_mb2,51551,30576,12759,6446,1770
09:13:03.161,s24_10_5_1_b64_mb2,51551,30576,12759,6446,1770
09:13:03.663,s24_10_5_1_b64_mb2,51551,30576,12759,6446,1770
09:13:04.164,s24_10_5_1_b64_mb2,51551,30576,12759,6446,1770
09:13:04.666,s24_10_5_1_b64_mb2,51551,30576,12759,6446,1770
09:13:05.168,s24_10_5_1_b64_mb2,51551,30576,12759,6446,1770
09:13:05.669,s24_10_5_1_b64_mb2,51551,30576,12759,6446,1770
09:13:06.171,s24_10_5_1_b64_mb2,51551,30576,12759,6446,1770
09:13:06.673,s24_10_5_1_b64_mb2,51551,30576,12759,6446,1770
09:13:07.174,s24_10_5_1_b64_mb2,51551,30576,12759,6446,1770
09:13:07.676,s24_10_5_1_b64_mb2,51551,30576,12759,6446,1770
09:13:08.178,s24_10_5_1_b64_mb2,51551,30576,12759,6446,1770
09:13:08.680,s24_10_5_1_b64_mb2,51551,30576,12759,6446,1770
09:13:09.181,s24_10_5_1_b64_mb2,51551,30576,12759,6446,1770
09:13:09.683,s24_10_5_1_b64_mb2,51551,30576,12759,6446,1770
09:13:10.185,s24_10_5_1_b64_mb2,51551,30576,12759,6446,1770
09:13:10.687,s24_10_5_1_b64_mb2,51551,30576,12759,6446,1770
09:13:11.188,s24_10_5_1_b64_mb2,51551,30576,12759,6446,1770
09:13:11.690,s24_10_5_1_b64_mb2,51551,30576,12759,6446,1770
09:13:12.192,s24_10_5_1_b64_mb2,51551,30576,12759,6446,1770
09:13:12.694,s24_10_5_1_b64_mb2,51551,30576,12759,6446,1770
09:13:13.195,s24_10_5_1_b64_mb2,51551,30576,12759,6446,1770
09:13:13.697,s24_10_5_1_b64_mb2,51551,30576,12759,6446,1770
09:13:14.199,s24_10_5_1_b64_mb2,51551,30576,12759,6446,1770
09:13:14.701,s24_10_5_1_b64_mb2,51551,30576,12759,6446,1770
09:13:15.202,s24_10_5_1_b64_mb2,51551,30576,12759,6446,1770
09:13:15.704,s24_10_5_1_b64_mb2,51551,30576,12759,6446,1770
09:13:16.206,s24_10_5_1_b64_mb2,51551,30576,12759,6446,1770
09:13:16.708,s24_10_5_1_b64_mb2,51551,30576,12759,6446,1770
09:13:17.210,s24_10_5_1_b64_mb2,51551,30576,12759,6446,1770
09:13:17.711,s24_10_5_1_b64_mb2,51551,30576,12759,6446,1770
09:13:18.213,s24_10_5_1_b64_mb2,51551,30576,12759,6446,1770
09:13:18.715,s24_10_5_1_b64_mb2,51551,30576,12759,6446,1770
09:13:19.217,s24_10_5_1_b64_mb2,51551,30576,12759,6446,1770
09:13:19.719,s24_10_5_1_b64_mb2,51551,30576,12759,6446,1770
09:13:20.220,s24_10_5_1_b64_mb2,51551,30576,12759,6446,1770
09:13:20.722,s24_10_5_1_b64_mb2,51551,30576,12759,6446,1770
09:13:21.224,s24_10_5_1_b64_mb2,51551,30576,12759,6446,1770
09:13:21.726,s24_10_5_1_b64_mb2,51551,30576,12759,6446,1770
09:13:22.227,s24_10_5_1_b64_mb2,51551,30576,12759,6446,1770
09:13:22.729,s24_10_5_1_b64_mb2,51551,30576,12759,6446,1770
09:13:23.231,s24_10_5_1_b64_mb2,51551,30576,12759,6446,1770
09:13:23.733,s24_10_5_1_b64_mb2,51551,30576,12759,6446,1770
09:13:24.234,s24_10_5_1_b64_mb2,51551,30576,12759,6446,1770
09:13:24.736,s24_10_5_1_b64_mb2,51551,30576,12759,6446,1770
09:13:25.238,s24_10_5_1_b64_mb2,51551,30576,12759,6446,1770
09:13:25.740,s24_10_5_1_b64_mb2,51551,30576,12759,6446,1770
09:13:26.241,s24_10_5_1_b64_mb2,51551,30576,12759,6446,1770
09:13:26.743,s24_10_5_1_b64_mb2,51551,30576,12759,6446,1770
09:13:27.245,s24_10_5_1_b64_mb2,51551,30576,12759,6446,1770
09:13:27.747,s24_10_5_1_b64_mb2,51551,30576,12759,6446,1770
09:13:28.248,s24_10_5_1_b64_mb2,51551,30576,12759,6446,1770
09:13:28.750,s24_10_5_1_b64_mb2,51551,30576,12759,6446,1770
09:13:29.252,s24_10_5_1_b64_mb2,51551,30576,12759,6446,1770
09:13:29.753,s24_10_5_1_b64_mb2,51551,30576,12759,6446,1770
09:13:30.255,s24_10_5_1_b64_mb2,51551,30576,12759,6446,1770
09:13:30.757,s24_10_5_1_b64_mb2,51551,30576,12759,6446,1770
09:13:31.259,s24_10_5_1_b64_mb2,51551,30576,12759,6446,1770
09:13:31.760,s24_10_5_1_b64_mb2,51551,30576,12759,6446,1770
09:13:32.262,s24_10_5_1_b64_mb2,51551,30576,12759,6446,1770
09:13:32.764,s24_10_5_1_b64_mb2,51551,30576,12759,6446,1770
09:13:33.266,s24_10_5_1_b64_mb2,51551,30576,12759,6446,1770
09:13:33.768,s24_10_5_1_b64_mb2,51551,30576,12759,6446,1770
09:13:34.269,s24_10_5_1_b64_mb2,51551,30576,12759,6446,1770
09:13:34.771,s24_10_5_1_b64_mb2,51551,30576,12759,6446,1770
09:13:35.273,s24_10_5_1_b64_mb2,51551,30576,12759,6446,1770
09:13:35.775,s24_10_5_1_b64_mb2,51551,30576,12759,6446,1770
09:13:36.277,s24_10_5_1_b64_mb2,51551,30576,12759,6446,1770
09:13:36.778,s24_10_5_1_b64_mb2,51551,30576,12759,6446,1770
09:13:37.280,s24_10_5_1_b64_mb2,51551,30576,12759,6446,1770
09:13:37.782,s24_10_5_1_b64_mb2,51551,30576,12759,6446,1770
09:13:38.284,s24_10_5_1_b64_mb2,51551,30576,12759,6446,1770
09:13:38.786,s24_10_5_1_b64_mb2,51551,30576,12759,6446,1770
09:13:39.287,s24_10_5_1_b64_mb2,51551,30576,12759,6446,1770
09:13:39.789,s24_10_5_1_b64_mb2,51551,30576,12759,6446,1770
09:13:40.291,s24_10_5_1_b64_mb2,51551,30576,12759,6446,1770
09:13:40.793,s24_10_5_1_b64_mb2,51551,30576,12759,6446,1770
09:13:41.294,s24_10_5_1_b64_mb2,51551,30576,12759,6446,1770
09:13:41.796,s24_10_5_1_b64_mb2,51551,30576,12759,6446,1770
09:13:42.298,s24_10_5_1_b64_mb2,51551,30576,12759,6446,1770
09:13:42.800,s24_10_5_1_b64_mb2,51551,30576,12759,6446,1770
09:13:43.301,s24_10_5_1_b64_mb2,51551,30576,12759,6446,1770
09:13:43.803,s24_10_5_1_b64_mb2,51551,30576,12759,6446,1770
09:13:44.305,s24_10_5_1_b64_mb2,51551,30576,12759,6446,1770
09:13:44.807,s24_10_5_1_b64_mb2,51551,30576,12759,6446,1770
09:13:45.308,s24_10_5_1_b64_mb2,51551,30576,12759,6446,1770
09:13:45.810,s24_10_5_1_b64_mb2,51551,30576,12759,6446,1770
09:13:46.312,s24_10_5_1_b64_mb2,51551,30576,12759,6446,1770
09:13:46.814,s24_10_5_1_b64_mb2,51551,30576,12759,6446,1770
09:13:47.315,s24_10_5_1_b64_mb2,51551,30576,12759,6446,1770
09:13:47.817,s24_10_5_1_b64_mb2,51551,30576,12759,6446,1770
09:13:48.319,s24_10_5_1_b64_mb2,51551,30576,12759,6446,1770
09:13:48.821,s24_10_5_1_b64_mb2,51551,30576,12759,6446,1770
09:13:49.322,s24_10_5_1_b64_mb2,51551,30576,12759,6446,1770
09:13:49.824,s24_10_5_1_b64_mb2,51551,30576,12759,6446,1770
09:13:50.326,s24_10_5_1_b64_mb2,51551,30576,12759,6446,1770
09:13:50.828,s24_10_5_1_b64_mb2,51551,30576,12759,6446,1770
09:13:51.329,s24_10_5_1_b64_mb2,51551,30576,12759,6446,1770
09:13:51.831,s24_10_5_1_b64_mb2,51551,30576,12759,6446,1770
09:13:52.333,s24_10_5_1_b64_mb2,51551,30576,12759,6446,1770
09:13:52.834,s24_10_5_1_b64_mb2,51551,30576,12759,6446,1770
09:13:53.336,s24_10_5_1_b64_mb2,51551,30576,12759,6446,1770
09:13:53.838,s24_10_5_1_b64_mb2,51551,30576,12759,6446,1770
09:13:54.340,s24_10_5_1_b64_mb2,51551,30576,12759,6446,1770
09:13:54.841,s24_10_5_1_b64_mb2,51551,30576,12759,6446,1770
09:13:55.343,s24_10_5_1_b64_mb2,51551,30576,12759,6446,1770
09:13:55.845,s24_10_5_1_b64_mb2,51551,30576,12759,6446,1770
09:13:56.346,s24_10_5_1_b64_mb2,51551,30576,12759,6446,1770
09:13:56.848,s24_10_5_1_b64_mb2,51551,30576,12759,6446,1770
09:13:57.350,s24_10_5_1_b64_mb2,51551,30576,12759,6446,1770
09:13:57.852,s24_10_5_1_b64_mb2,51551,30576,12759,6446,1770
09:13:58.353,s24_10_5_1_b64_mb2,51551,30576,12759,6446,1770
09:13:58.855,s24_10_5_1_b64_mb2,51551,30576,12759,6446,1770
09:13:59.357,s24_10_5_1_b64_mb2,51551,30576,12759,6446,1770
09:13:59.858,s24_10_5_1_b64_mb2,51551,30576,12759,6446,1770
09:14:00.360,s24_10_5_1_b64_mb2,51551,30576,12759,6446,1770
09:14:00.862,s24_10_5_1_b64_mb2,51551,30576,12759,6446,1770
09:14:01.364,s24_10_5_1_b64_mb2,51551,30576,12759,6446,1770
09:14:01.866,s24_10_5_1_b64_mb2,51551,30576,12759,6446,1770
09:14:02.367,s24_10_5_1_b64_mb2,51551,30576,12759,6446,1770
09:14:02.869,s24_10_5_1_b64_mb2,51551,30576,12759,6446,1770
09:14:03.371,s24_10_5_1_b64_mb2,51551,30576,12759,6446,1770
09:14:03.872,s24_10_5_1_b64_mb2,51551,30576,12759,6446,1770
09:14:04.374,s24_10_5_1_b64_mb2,51551,30576,12759,6446,1770
09:14:04.876,s24_10_5_1_b64_mb2,51551,30576,12759,6446,1770
09:14:05.378,s24_10_5_1_b64_mb2,51551,30576,12759,6446,1770
09:14:05.879,s24_10_5_1_b64_mb2,51551,30576,12759,6446,1770
09:14:06.381,s24_10_5_1_b64_mb2,51551,30576,12759,6446,1770
09:14:06.883,s24_10_5_1_b64_mb2,51551,30576,12759,6446,1770
09:14:07.384,s24_10_5_1_b64_mb2,51551,30576,12759,6446,1770
09:14:07.886,s24_10_5_1_b64_mb2,51551,30576,12759,6446,1770
09:14:08.388,s24_10_5_1_b64_mb2,51551,30576,12759,6446,1770
09:14:08.889,s24_10_5_1_b64_mb2,51551,30576,12759,6446,1770
09:14:09.391,s24_10_5_1_b64_mb2,51551,30576,12759,6446,1770
09:14:09.893,s24_10_5_1_b64_mb2,51551,30576,12759,6446,1770
09:14:10.395,s24_10_5_1_b64_mb2,51551,30576,12759,6446,1770
09:14:10.896,s24_10_5_1_b64_mb2,51551,30576,12759,6446,1770
09:14:11.398,s24_10_5_1_b64_mb2,51551,30576,12759,6446,1770
09:14:11.900,s24_10_5_1_b64_mb2,51551,30576,12759,6446,1770
09:14:12.401,s24_10_5_1_b64_mb2,51551,30576,12759,6446,1770
09:14:12.903,s24_10_5_1_b64_mb2,51551,30576,12759,6446,1770
09:14:13.405,s24_10_5_1_b64_mb2,51551,30576,12759,6446,1770
09:14:13.906,s24_10_5_1_b64_mb2,51551,30576,12759,6446,1770
09:14:14.408,s24_10_5_1_b64_mb2,51551,30576,12759,6446,1770
09:14:14.910,s24_10_5_1_b64_mb2,51551,30576,12759,6446,1770
09:14:15.411,s24_10_5_1_b64_mb2,51551,30576,12759,6446,1770
09:14:15.913,s24_10_5_1_b64_mb2,51551,30576,12759,6446,1770
09:14:16.415,s24_10_5_1_b64_mb2,51551,30576,12759,6446,1770
09:14:16.916,s24_10_5_1_b64_mb2,51551,30576,12759,6446,1770
09:14:17.418,s24_10_5_1_b64_mb2,51551,30576,12759,6446,1770
09:14:17.920,s24_10_5_1_b64_mb2,51551,30576,12759,6446,1770
09:14:18.421,s24_10_5_1_b64_mb2,51551,30576,12759,6446,1770
09:14:18.923,s24_10_5_1_b64_mb2,51551,30576,12759,6446,1770
09:14:19.425,s24_10_5_1_b64_mb2,51551,30576,12759,6446,1770
09:14:19.927,s24_10_5_1_b64_mb2,51551,30576,12759,6446,1770
09:14:20.428,s24_10_5_1_b64_mb2,51551,30576,12759,6446,1770
09:14:20.930,s24_10_5_1_b64_mb2,51551,30576,12759,6446,1770
09:14:21.431,s24_10_5_1_b64_mb2,51551,30576,12759,6446,1770
09:14:21.933,s24_10_5_1_b64_mb2,51551,30576,12759,6446,1770
09:14:22.435,s24_10_5_1_b64_mb2,51551,30576,12759,6446,1770
09:14:22.937,s24_10_5_1_b64_mb2,51551,30576,12759,6446,1770
09:14:23.438,s24_10_5_1_b64_mb2,51551,30576,12759,6446,1770
09:14:23.940,s24_10_5_1_b64_mb2,51551,30576,12759,6446,1770
09:14:24.442,s24_10_5_1_b64_mb2,51551,30576,12759,6446,1770
09:14:24.944,s24_10_5_1_b64_mb2,51551,30576,12759,6446,1770
09:14:25.445,s24_10_5_1_b64_mb2,51551,30576,12759,6446,1770
09:14:25.947,s24_10_5_1_b64_mb2,51551,30576,12759,6446,1770
09:14:26.449,s24_10_5_1_b64_mb2,51551,30576,12759,6446,1770
09:14:26.950,s24_10_5_1_b64_mb2,51551,30576,12759,6446,1770
09:14:27.452,s24_10_5_1_b64_mb2,51551,30576,12759,6446,1770
09:14:27.954,s24_10_5_1_b64_mb2,51551,30576,12759,6446,1770
09:14:28.456,s24_10_5_1_b64_mb2,51551,30576,12759,6446,1770
09:14:28.957,s24_10_5_1_b64_mb2,51551,30576,12759,6446,1770
09:14:29.459,s24_10_5_1_b64_mb2,51551,30576,12759,6446,1770
09:14:29.961,s24_10_5_1_b64_mb2,51551,30576,12759,6446,1770
09:14:30.462,s24_10_5_1_b64_mb2,51551,30576,12759,6446,1770
09:14:30.964,s24_10_5_1_b64_mb2,51551,30576,12759,6446,1770
09:14:31.466,s24_10_5_1_b64_mb2,51551,30576,12759,6446,1770
09:14:31.967,s24_10_5_1_b64_mb2,51551,30576,12759,6446,1770
09:14:32.469,s24_10_5_1_b64_mb2,51551,30576,12759,6446,1770
09:14:32.971,s24_10_5_1_b64_mb2,51551,30576,12759,6446,1770
09:14:33.472,s24_10_5_1_b64_mb2,51551,30576,12759,6446,1770
09:14:33.974,s24_10_5_1_b64_mb2,51551,30576,12759,6446,1770
09:14:34.476,s24_10_5_1_b64_mb2,51551,30576,12759,6446,1770
09:14:34.978,s24_10_5_1_b64_mb2,51551,30576,12759,6446,1770
09:14:35.479,s24_10_5_1_b64_mb2,51551,30576,12759,6446,1770
09:14:35.981,s24_10_5_1_b64_mb2,51551,30576,12759,6446,1770
09:14:36.483,s24_10_5_1_b64_mb2,51551,30576,12759,6446,1770
09:14:36.984,s24_10_5_1_b64_mb2,51551,30576,12759,6446,1770
09:14:37.486,s24_10_5_1_b64_mb2,51551,30576,12759,6446,1770
09:14:37.988,s24_10_5_1_b64_mb2,51551,30576,12759,6446,1770
09:14:38.489,s24_10_5_1_b64_mb2,51551,30576,12759,6446,1770
09:14:38.991,s24_10_5_1_b64_mb2,51551,30576,12759,6446,1770
09:14:39.493,s24_10_5_1_b64_mb2,51551,30576,12759,6446,1770
09:14:39.994,s24_10_5_1_b64_mb2,51551,30576,12759,6446,1770
09:14:40.496,s24_10_5_1_b64_mb2,51551,30576,12759,6446,1770
09:14:40.998,s24_10_5_1_b64_mb2,51551,30576,12759,6446,1770
09:14:41.499,s24_10_5_1_b64_mb2,51551,30576,12759,6446,1770
09:14:42.001,s24_10_5_1_b64_mb2,51551,30576,12759,6446,1770
09:14:42.503,s24_10_5_1_b64_mb2,51551,30576,12759,6446,1770
09:14:43.005,s24_10_5_1_b64_mb2,51551,30576,12759,6446,1770
09:14:43.506,s24_10_5_1_b64_mb2,51551,30576,12759,6446,1770
09:14:44.008,s24_10_5_1_b64_mb2,51551,30576,12759,6446,1770
09:14:44.510,s24_10_5_1_b64_mb2,51551,30576,12759,6446,1770
09:14:45.012,s24_10_5_1_b64_mb2,51551,30576,12759,6446,1770
09:14:45.513,s24_10_5_1_b64_mb2,51551,30576,12759,6446,1770
09:14:46.015,s24_10_5_1_b64_mb2,51551,30576,12759,6446,1770
09:14:46.517,s24_10_5_1_b64_mb2,51551,30576,12759,6446,1770
09:14:47.019,s24_10_5_1_b64_mb2,51551,30576,12759,6446,1770
09:14:47.521,s24_10_5_1_b64_mb2,51551,30576,12759,6446,1770
09:14:48.022,s24_10_5_1_b64_mb2,51551,30576,12759,6446,1770
09:14:48.524,s24_10_5_1_b64_mb2,51551,30576,12759,6446,1770
09:14:49.026,s24_10_5_1_b64_mb2,51551,30576,12759,6446,1770
09:14:49.528,s24_10_5_1_b64_mb2,51551,30576,12759,6446,1770
09:14:50.029,s24_10_5_1_b64_mb2,51551,30576,12759,6446,1770
09:14:50.531,s24_10_5_1_b64_mb2,51551,30576,12759,6446,1770
09:14:51.033,s24_10_5_1_b64_mb2,51551,30576,12759,6446,1770
09:14:51.534,s24_10_5_1_b64_mb2,51551,30576,12759,6446,1770
09:14:52.036,s24_10_5_1_b64_mb2,51551,30576,12759,6446,1770
09:14:52.538,s24_10_5_1_b64_mb2,51551,30576,12759,6446,1770
09:14:53.039,s24_10_5_1_b64_mb2,51551,30576,12759,6446,1770
09:14:53.541,s24_10_5_1_b64_mb2,51551,30576,12759,6446,1770
09:14:54.043,s24_10_5_1_b64_mb2,51551,30576,12759,6446,1770
09:14:54.544,s24_10_5_1_b64_mb2,51551,30576,12759,6446,1770
09:14:55.046,s24_10_5_1_b64_mb2,51551,30576,12759,6446,1770
09:14:55.548,s24_10_5_1_b64_mb2,51551,30576,12759,6446,1770
09:14:56.049,s24_10_5_1_b64_mb2,51551,30576,12759,6446,1770
09:14:56.551,s24_10_5_1_b64_mb2,51551,30576,12759,6446,1770
09:14:57.053,s24_10_5_1_b64_mb2,51551,30576,12759,6446,1770
09:14:57.555,s24_10_5_1_b64_mb2,51551,30576,12759,6446,1770
09:14:58.056,s24_10_5_1_b64_mb2,51551,30576,12759,6446,1770
09:14:58.558,s24_10_5_1_b64_mb2,51551,30576,12759,6446,1770
09:14:59.060,s24_10_5_1_b64_mb2,51551,30576,12759,6446,1770
09:14:59.562,s24_10_5_1_b64_mb2,51551,30576,12759,6446,1770
09:15:00.063,s24_10_5_1_b64_mb2,51551,30576,12759,6446,1770
09:15:00.565,s24_10_5_1_b64_mb2,51551,30576,12759,6446,1770
09:15:01.066,s24_10_5_1_b64_mb2,51551,30576,12759,6446,1770
09:15:01.568,s24_10_5_1_b64_mb2,51551,30576,12759,6446,1770
09:15:02.070,s24_10_5_1_b64_mb2,51551,30576,12759,6446,1770
09:15:02.572,s24_10_5_1_b64_mb2,51551,30576,12759,6446,1770
09:15:03.073,s24_10_5_1_b64_mb2,51551,30576,12759,6446,1770
09:15:03.575,s24_10_5_1_b64_mb2,51551,30576,12759,6446,1770
09:15:04.077,s24_10_5_1_b64_mb2,51551,30576,12759,6446,1770
09:15:04.578,s24_10_5_1_b64_mb2,51551,30576,12759,6446,1770
09:15:05.080,s24_10_5_1_b64_mb2,51551,30576,12759,6446,1770
09:15:05.582,s24_10_5_1_b64_mb2,51551,30576,12759,6446,1770
09:15:06.083,s24_10_5_1_b64_mb2,51551,30576,12759,6446,1770
09:15:06.585,s24_10_5_1_b64_mb2,51551,30576,12759,6446,1770
09:15:07.087,s24_10_5_1_b64_mb2,51551,30576,12759,6446,1770
09:15:07.588,s24_10_5_1_b64_mb2,51551,30576,12759,6446,1770
09:15:08.090,s24_10_5_1_b64_mb2,51551,30576,12759,6446,1770
09:15:08.592,s24_10_5_1_b64_mb2,51551,30576,12759,6446,1770
09:15:09.093,s24_10_5_1_b64_mb2,51551,30576,12759,6446,1770
09:15:09.595,s24_10_5_1_b64_mb2,51551,30576,12759,6446,1770
09:15:10.097,s24_10_5_1_b64_mb2,51551,30576,12759,6446,1770
09:15:10.598,s24_10_5_1_b64_mb2,51551,30576,12759,6446,1770
09:15:11.100,s24_10_5_1_b64_mb2,51551,30576,12759,6446,1770
09:15:11.602,s24_10_5_1_b64_mb2,51551,30576,12759,6446,1770
09:15:12.104,s24_10_5_1_b64_mb2,51551,30576,12759,6446,1770
09:15:12.605,s24_10_5_1_b64_mb2,51551,30576,12759,6446,1770
09:15:13.107,s24_10_5_1_b64_mb2,51551,30576,12759,6446,1770
09:15:13.609,s24_10_5_1_b64_mb2,51551,30576,12759,6446,1770
09:15:14.110,s24_10_5_1_b64_mb2,51551,30576,12759,6446,1770
09:15:14.612,s24_10_5_1_b64_mb2,51551,30576,12759,6446,1770
09:15:15.114,s24_10_5_1_b64_mb2,51551,30576,12759,6446,1770
09:15:15.615,s24_10_5_1_b64_mb2,51551,30576,12759,6446,1770
09:15:16.117,s24_10_5_1_b64_mb2,51551,30576,12759,6446,1770
09:15:16.619,s24_10_5_1_b64_mb2,51551,30576,12759,6446,1770
09:15:17.120,s24_10_5_1_b64_mb2,51551,30576,12759,6446,1770
09:15:17.622,s24_10_5_1_b64_mb2,51551,30576,12759,6446,1770
09:15:18.124,s24_10_5_1_b64_mb2,51551,30576,12759,6446,1770
09:15:18.626,s24_10_5_1_b64_mb2,51551,30576,12759,6446,1770
09:15:19.127,s24_10_5_1_b64_mb2,51551,30576,12759,6446,1770
09:15:19.629,s24_10_5_1_b64_mb2,51551,30576,12759,6446,1770
09:15:20.131,s24_10_5_1_b64_mb2,51551,30576,12759,6446,1770
09:15:20.632,s24_10_5_1_b64_mb2,51551,30576,12759,6446,1770
09:15:21.134,s24_10_5_1_b64_mb2,51551,30576,12759,6446,1770
09:15:21.636,s24_10_5_1_b64_mb2,51551,30576,12759,6446,1770
09:15:22.137,s24_10_5_1_b64_mb2,51551,30576,12759,6446,1770
09:15:22.639,s24_10_5_1_b64_mb2,51551,30576,12759,6446,1770
09:15:23.141,s24_10_5_1_b64_mb2,51551,30576,12759,6446,1770
09:15:23.642,s24_10_5_1_b64_mb2,51551,30576,12759,6446,1770
09:15:24.144,s24_10_5_1_b64_mb2,51551,30576,12759,6446,1770
09:15:24.646,s24_10_5_1_b64_mb2,51551,30576,12759,6446,1770
09:15:25.148,s24_10_5_1_b64_mb2,51551,30576,12759,6446,1770
09:15:25.649,s24_10_5_1_b64_mb2,51551,30576,12759,6446,1770
09:15:26.151,s24_10_5_1_b64_mb2,51551,30576,12759,6446,1770
09:15:26.653,s24_10_5_1_b64_mb2,51551,30576,12759,6446,1770
09:15:27.154,s24_10_5_1_b64_mb2,51551,30576,12759,6446,1770
09:15:27.656,s24_10_5_1_b64_mb2,51551,30576,12759,6446,1770
09:15:28.158,s24_10_5_1_b64_mb2,51551,30576,12759,6446,1770
09:15:28.659,s24_10_5_1_b64_mb2,51551,30576,12759,6446,1770
09:15:29.161,s24_10_5_1_b64_mb2,51551,30576,12759,6446,1770
09:15:29.663,s24_10_5_1_b64_mb2,51551,30576,12759,6446,1770
09:15:30.164,s24_10_5_1_b64_mb2,51551,30576,12759,6446,1770
09:15:30.666,s24_10_5_1_b64_mb2,51551,30576,12759,6446,1770
09:15:31.168,s24_10_5_1_b64_mb2,51551,30576,12759,6446,1770
09:15:31.669,s24_10_5_1_b64_mb2,51551,30576,12759,6446,1770
09:15:32.171,s24_10_5_1_b64_mb2,51551,30576,12759,6446,1770
09:15:32.673,s24_10_5_1_b64_mb2,51551,30576,12759,6446,1770
09:15:33.174,s24_10_5_1_b64_mb2,51551,30576,12759,6446,1770
09:15:33.676,s24_10_5_1_b64_mb2,51551,30576,12759,6446,1770
09:15:34.178,s24_10_5_1_b64_mb2,51551,30576,12759,6446,1770
09:15:34.679,s24_10_5_1_b64_mb2,51551,30576,12759,6446,1770
09:15:35.181,s24_10_5_1_b64_mb2,51551,30576,12759,6446,1770
09:15:35.683,s24_10_5_1_b64_mb2,51551,30576,12759,6446,1770
09:15:36.184,s24_10_5_1_b64_mb2,51551,30576,12759,6446,1770
09:15:36.686,s24_10_5_1_b64_mb2,51551,30576,12759,6446,1770
09:15:37.188,s24_10_5_1_b64_mb2,51551,30576,12759,6446,1770
09:15:37.689,s24_10_5_1_b64_mb2,51551,30576,12759,6446,1770
09:15:38.191,s24_10_5_1_b64_mb2,51551,30576,12759,6446,1770
09:15:38.693,s24_10_5_1_b64_mb2,51551,30576,12759,6446,1770
09:15:39.194,s24_10_5_1_b64_mb2,51551,30576,12759,6446,1770
09:15:39.696,s24_10_5_1_b64_mb2,51551,30576,12759,6446,1770
09:15:40.198,s24_10_5_1_b64_mb2,51551,30576,12759,6446,1770
09:15:40.699,s24_10_5_1_b64_mb2,51551,30576,12759,6446,1770
09:15:41.201,s24_10_5_1_b64_mb2,51551,30576,12759,6446,1770
09:15:41.703,s24_10_5_1_b64_mb2,51551,30576,12759,6446,1770
09:15:42.204,s24_10_5_1_b64_mb2,51551,30576,12759,6446,1770
09:15:42.706,s24_10_5_1_b64_mb2,51551,30576,12759,6446,1770
09:15:43.208,s24_10_5_1_b64_mb2,51551,30576,12759,6446,1770
09:15:43.709,s24_10_5_1_b64_mb2,51551,30576,12759,6446,1770
09:15:44.211,s24_10_5_1_b64_mb2,51551,30576,12759,6446,1770
09:15:44.713,s24_10_5_1_b64_mb2,51551,30576,12759,6446,1770
09:15:45.214,s24_10_5_1_b64_mb2,51551,30576,12759,6446,1770
09:15:45.716,s24_10_5_1_b64_mb2,51551,30576,12759,6446,1770
09:15:46.218,s24_10_5_1_b64_mb2,51551,30576,12759,6446,1770
09:15:46.720,s24_10_5_1_b64_mb2,51551,30576,12759,6446,1770
09:15:47.221,s24_10_5_1_b64_mb2,51551,30576,12759,6446,1770
09:15:47.723,s24_10_5_1_b64_mb2,51551,30576,12759,6446,1770
09:15:48.225,s24_10_5_1_b64_mb2,51551,30576,12759,6446,1770
09:15:48.726,s24_10_5_1_b64_mb2,51551,30576,12759,6446,1770
09:15:49.228,s24_10_5_1_b64_mb2,51551,30576,12759,6446,1770
09:15:49.730,s24_10_5_1_b64_mb2,51551,30576,12759,6446,1770
09:15:50.232,s24_10_5_1_b64_mb2,51551,30576,12759,6446,1770
09:15:50.733,s24_10_5_1_b64_mb2,51551,30576,12759,6446,1770
09:15:51.235,s24_10_5_1_b64_mb2,51551,30576,12759,6446,1770
09:15:51.737,s24_10_5_1_b64_mb2,51551,30576,12759,6446,1770
09:15:52.239,s24_10_5_1_b64_mb2,51551,30576,12759,6446,1770
09:15:52.740,s24_10_5_1_b64_mb2,51551,30576,12759,6446,1770
09:15:53.242,s24_10_5_1_b64_mb2,51551,30576,12759,6446,1770
09:15:53.744,s24_10_5_1_b64_mb2,51551,30576,12759,6446,1770
09:15:54.245,s24_10_5_1_b64_mb2,51551,30576,12759,6446,1770
09:15:54.747,s24_10_5_1_b64_mb2,51551,30576,12759,6446,1770
09:15:55.249,s24_10_5_1_b64_mb2,51551,30576,12759,6446,1770
09:15:55.751,s24_10_5_1_b64_mb2,51551,30576,12759,6446,1770
09:15:56.252,s24_10_5_1_b64_mb2,51551,30576,12759,6446,1770
09:15:56.754,s24_10_5_1_b64_mb2,51551,30576,12759,6446,1770
09:15:57.256,s24_10_5_1_b64_mb2,51551,30576,12759,6446,1770
09:15:57.758,s24_10_5_1_b64_mb2,51551,30576,12759,6446,1770
09:15:58.259,s24_10_5_1_b64_mb2,51551,30576,12759,6446,1770
09:15:58.761,s24_10_5_1_b64_mb2,51551,30576,12759,6446,1770
09:15:59.263,s24_10_5_1_b64_mb2,51551,30576,12759,6446,1770
09:15:59.765,s24_10_5_1_b64_mb2,51551,30576,12759,6446,1770
09:16:00.266,s24_10_5_1_b64_mb2,51551,30576,12759,6446,1770
09:16:00.768,s24_10_5_1_b64_mb2,51551,30576,12759,6446,1770
09:16:01.270,s24_10_5_1_b64_mb2,51551,30576,12759,6446,1770
09:16:01.771,s24_10_5_1_b64_mb2,51551,30576,12759,6446,1770
09:16:02.273,s24_10_5_1_b64_mb2,51551,30576,12759,6446,1770
09:16:02.775,s24_10_5_1_b64_mb2,51551,30576,12759,6446,1770
09:16:03.276,s24_10_5_1_b64_mb2,51551,30576,12759,6446,1770
09:16:03.778,s24_10_5_1_b64_mb2,51551,30576,12759,6446,1770
09:16:04.280,s24_10_5_1_b64_mb2,51551,30576,12759,6446,1770
09:16:04.781,s24_10_5_1_b64_mb2,51551,30576,12759,6446,1770
09:16:05.283,s24_10_5_1_b64_mb2,51551,30576,12759,6446,1770
09:16:05.785,s24_10_5_1_b64_mb2,51551,30576,12759,6446,1770
09:16:06.286,s24_10_5_1_b64_mb2,51551,30576,12759,6446,1770
09:16:06.788,s24_10_5_1_b64_mb2,51551,30576,12759,6446,1770
09:16:07.290,s24_10_5_1_b64_mb2,51551,30576,12759,6446,1770
09:16:07.791,s24_10_5_1_b64_mb2,51551,30576,12759,6446,1770
09:16:08.293,s24_10_5_1_b64_mb2,51551,30576,12759,6446,1770
09:16:08.795,s24_10_5_1_b64_mb2,51551,30576,12759,6446,1770
09:16:09.296,s24_10_5_1_b64_mb2,51551,30576,12759,6446,1770
09:16:09.798,s24_10_5_1_b64_mb2,51551,30576,12759,6446,1770
09:16:10.300,s24_10_5_1_b64_mb2,51551,30576,12759,6446,1770
09:16:10.801,s24_10_5_1_b64_mb2,51551,30576,12759,6446,1770
09:16:11.303,s24_10_5_1_b64_mb2,51551,30576,12759,6446,1770
09:16:11.805,s24_10_5_1_b64_mb2,51551,30576,12759,6446,1770
09:16:12.307,s24_10_5_1_b64_mb2,51551,30576,12759,6446,1770
09:16:12.808,s24_10_5_1_b64_mb2,51551,30576,12759,6446,1770
09:16:13.310,s24_10_5_1_b64_mb2,51551,30576,12759,6446,1770
09:16:13.812,s24_10_5_1_b64_mb2,51551,30576,12759,6446,1770
09:16:14.313,s24_10_5_1_b64_mb2,51551,30576,12759,6446,1770
09:16:14.815,s24_10_5_1_b64_mb2,51551,30576,12759,6446,1770
09:16:15.317,s24_10_5_1_b64_mb2,51551,30576,12759,6446,1770
09:16:15.818,s24_10_5_1_b64_mb2,51551,30576,12759,6446,1770
09:16:16.320,s24_10_5_1_b64_mb2,51551,30576,12759,6446,1770
09:16:16.822,s24_10_5_1_b64_mb2,51551,30576,12759,6446,1770
09:16:17.323,s24_10_5_1_b64_mb2,51551,30576,12759,6446,1770
09:16:17.825,s24_10_5_1_b64_mb2,51551,30576,12759,6446,1770
09:16:18.327,s24_10_5_1_b64_mb2,51551,30576,12759,6446,1770
09:16:18.829,s24_10_5_1_b64_mb2,51551,30576,12759,6446,1770
09:16:19.330,s24_10_5_1_b64_mb2,51551,30576,12759,6446,1770
09:16:19.832,s24_10_5_1_b64_mb2,51551,30576,12759,6446,1770
09:16:20.334,s24_10_5_1_b64_mb2,51551,30576,12759,6446,1770
09:16:20.835,s24_10_5_1_b64_mb2,51551,30576,12759,6446,1770
09:16:21.337,s24_10_5_1_b64_mb2,51551,30576,12759,6446,1770
09:16:21.839,s24_10_5_1_b64_mb2,51551,30576,12759,6446,1770
09:16:22.340,s24_10_5_1_b64_mb2,51551,30576,12759,6446,1770
09:16:22.842,s24_10_5_1_b64_mb2,51551,30576,12759,6446,1770
09:16:23.344,s24_10_5_1_b64_mb2,51551,30576,12759,6446,1770
09:16:23.846,s24_10_5_1_b64_mb2,51551,30576,12759,6446,1770
09:16:24.347,s24_10_5_1_b64_mb2,51551,30576,12759,6446,1770
09:16:24.849,s24_10_5_1_b64_mb2,51551,30576,12759,6446,1770
09:16:25.351,s24_10_5_1_b64_mb2,51551,30576,12759,6446,1770
09:16:25.852,s24_10_5_1_b64_mb2,51551,30576,12759,6446,1770
09:16:26.354,s24_10_5_1_b64_mb2,51551,30576,12759,6446,1770
09:16:26.856,s24_10_5_1_b64_mb2,51551,30576,12759,6446,1770
09:16:27.357,s24_10_5_1_b64_mb2,51551,30576,12759,6446,1770
09:16:27.859,s24_10_5_1_b64_mb2,51551,30576,12759,6446,1770
09:16:28.361,s24_10_5_1_b64_mb2,51551,30576,12759,6446,1770
09:16:28.862,s24_10_5_1_b64_mb2,51551,30576,12759,6446,1770
09:16:29.364,s24_10_5_1_b64_mb2,51551,30576,12759,6446,1770
09:16:29.866,s24_10_5_1_b64_mb2,51551,30576,12759,6446,1770
09:16:30.368,s24_10_5_1_b64_mb2,51551,30576,12759,6446,1770
09:16:30.870,s24_10_5_1_b64_mb2,51551,30576,12759,6446,1770
09:16:31.371,s24_10_5_1_b64_mb2,51551,30576,12759,6446,1770
09:16:31.873,s24_10_5_1_b64_mb2,51551,30576,12759,6446,1770
09:16:32.375,s24_10_5_1_b64_mb2,51551,30576,12759,6446,1770
09:16:32.876,s24_10_5_1_b64_mb2,51551,30576,12759,6446,1770
09:16:33.378,s24_10_5_1_b64_mb2,51551,30576,12759,6446,1770
09:16:33.880,s24_10_5_1_b64_mb2,51551,30576,12759,6446,1770
09:16:34.381,s24_10_5_1_b64_mb2,51551,30576,12759,6446,1770
09:16:34.883,s24_10_5_1_b64_mb2,51551,30576,12759,6446,1770
09:16:35.385,s24_10_5_1_b64_mb2,51551,30576,12759,6446,1770
09:16:35.886,s24_10_5_1_b64_mb2,51551,30576,12759,6446,1770
09:16:36.388,s24_10_5_1_b64_mb2,51551,30576,12759,6446,1770
09:16:36.890,s24_10_5_1_b64_mb2,51551,30576,12759,6446,1770
09:16:37.392,s24_10_5_1_b64_mb2,51551,30576,12759,6446,1770
09:16:37.893,s24_10_5_1_b64_mb2,51551,30576,12759,6446,1770
09:16:38.395,s24_10_5_1_b64_mb2,51551,30576,12759,6446,1770
09:16:38.896,s24_10_5_1_b64_mb2,51551,30576,12759,6446,1770
09:16:39.398,s24_10_5_1_b64_mb2,51551,30576,12759,6446,1770
09:16:39.900,s24_10_5_1_b64_mb2,51551,30576,12759,6446,1770
09:16:40.401,s24_10_5_1_b64_mb2,51551,30576,12759,6446,1770
09:16:40.903,s24_10_5_1_b64_mb2,51551,30576,12759,6446,1770
09:16:41.405,s24_10_5_1_b64_mb2,51551,30576,12759,6446,1770
09:16:41.906,s24_10_5_1_b64_mb2,51551,30576,12759,6446,1770
09:16:42.408,s24_10_5_1_b64_mb2,51551,30576,12759,6446,1770
09:16:42.910,s24_10_5_1_b64_mb2,51551,30576,12759,6446,1770
09:16:43.411,s24_10_5_1_b64_mb2,51551,30576,12759,6446,1770
09:16:43.913,s24_10_5_1_b64_mb2,51551,30576,12759,6446,1770
09:16:44.415,s24_10_5_1_b64_mb2,51551,30576,12759,6446,1770
09:16:44.916,s24_10_5_1_b64_mb2,51551,30576,12759,6446,1770
09:16:45.418,s24_10_5_1_b64_mb2,51551,30576,12759,6446,1770
09:16:45.920,s24_10_5_1_b64_mb2,51551,30576,12759,6446,1770
09:16:46.422,s24_10_5_1_b64_mb2,51551,30576,12759,6446,1770
09:16:46.923,s24_10_5_1_b64_mb2,51551,30576,12759,6446,1770
09:16:47.425,s24_10_5_1_b64_mb2,51551,30576,12759,6446,1770
09:16:47.927,s24_10_5_1_b64_mb2,51551,30576,12759,6446,1770
09:16:48.428,s24_10_5_1_b64_mb2,51551,30576,12759,6446,1770
09:16:48.930,s24_10_5_1_b64_mb2,51551,30576,12759,6446,1770
09:16:49.432,s24_10_5_1_b64_mb2,51551,30576,12759,6446,1770
09:16:49.933,s24_10_5_1_b64_mb2,51551,30576,12759,6446,1770
09:16:50.435,s24_10_5_1_b64_mb2,51551,30576,12759,6446,1770
09:16:50.937,s24_10_5_1_b64_mb2,51551,30576,12759,6446,1770
09:16:51.438,s24_10_5_1_b64_mb2,51551,30576,12759,6446,1770
09:16:51.940,s24_10_5_1_b64_mb2,51551,30576,12759,6446,1770
09:16:52.442,s24_10_5_1_b64_mb2,51551,30576,12759,6446,1770
09:16:52.943,s24_10_5_1_b64_mb2,51551,30576,12759,6446,1770
09:16:53.445,s24_10_5_1_b64_mb2,51551,30576,12759,6446,1770
09:16:53.947,s24_10_5_1_b64_mb2,51551,30576,12759,6446,1770
09:16:54.449,s24_10_5_1_b64_mb2,51551,30576,12759,6446,1770
09:16:54.950,s24_10_5_1_b64_mb2,51551,30576,12759,6446,1770
09:16:55.452,s24_10_5_1_b64_mb2,51551,30576,12759,6446,1770
09:16:55.954,s24_10_5_1_b64_mb2,51551,30576,12759,6446,1770
09:16:56.455,s24_10_5_1_b64_mb2,51551,30576,12759,6446,1770
09:16:56.957,s24_10_5_1_b64_mb2,51551,30576,12759,6446,1770
09:16:57.459,s24_10_5_1_b64_mb2,51551,30576,12759,6446,1770
09:16:57.960,s24_10_5_1_b64_mb2,51551,30576,12759,6446,1770
09:16:58.462,s24_10_5_1_b64_mb2,51551,30576,12759,6446,1770
09:16:58.964,s24_10_5_1_b64_mb2,51551,30576,12759,6446,1770
09:16:59.466,s24_10_5_1_b64_mb2,51551,30576,12759,6446,1770
09:16:59.967,s24_10_5_1_b64_mb2,51551,30576,12759,6446,1770
09:17:00.469,s24_10_5_1_b64_mb2,51551,30576,12759,6446,1770
09:17:00.971,s24_10_5_1_b64_mb2,51551,30576,12759,6446,1770
09:17:01.472,s24_10_5_1_b64_mb2,51551,30576,12759,6446,1770
09:17:01.974,s24_10_5_1_b64_mb2,51551,30576,12759,6446,1770
09:17:02.476,s24_10_5_1_b64_mb2,51551,30576,12759,6446,1770
09:17:02.977,s24_10_5_1_b64_mb2,51551,30576,12759,6446,1770
09:17:03.479,s24_10_5_1_b64_mb2,51551,30576,12759,6446,1770
09:17:03.981,s24_10_5_1_b64_mb2,51551,30576,12759,6446,1770
09:17:04.482,s24_10_5_1_b64_mb2,51551,30576,12759,6446,1770
09:17:04.984,s24_10_5_1_b64_mb2,51551,30576,12759,6446,1770
09:17:05.486,s24_10_5_1_b64_mb2,51551,30576,12759,6446,1770
09:17:05.988,s24_10_5_1_b64_mb2,51551,30576,12759,6446,1770
09:17:06.489,s24_10_5_1_b64_mb2,51551,30576,12759,6446,1770
09:17:06.991,s24_10_5_1_b64_mb2,51551,30576,12759,6446,1770
09:17:07.493,s24_10_5_1_b64_mb2,51551,30576,12759,6446,1770
09:17:07.994,s24_10_5_1_b64_mb2,51551,30576,12759,6446,1770
09:17:08.496,s24_10_5_1_b64_mb2,51551,30576,12759,6446,1770
09:17:08.998,s24_10_5_1_b64_mb2,51551,30576,12759,6446,1770
09:17:09.499,s24_10_5_1_b64_mb2,51551,30576,12759,6446,1770
09:17:10.001,s24_10_5_1_b64_mb2,51551,30576,12759,6446,1770
09:17:10.503,s24_10_5_1_b64_mb2,51551,30576,12759,6446,1770
09:17:11.004,s24_10_5_1_b64_mb2,51551,30576,12759,6446,1770
09:17:11.506,s24_10_5_1_b64_mb2,51551,30576,12759,6446,1770
09:17:12.007,s24_10_5_1_b64_mb2,51551,30576,12759,6446,1770
09:17:12.509,s24_10_5_1_b64_mb2,51551,30576,12759,6446,1770
09:17:13.011,s24_10_5_1_b64_mb2,51551,30576,12759,6446,1770
09:17:13.512,s24_10_5_1_b64_mb2,51551,30576,12759,6446,1770
09:17:14.014,s24_10_5_1_b64_mb2,51551,30576,12759,6446,1770
09:17:14.516,s24_10_5_1_b64_mb2,51551,30576,12759,6446,1770
09:17:15.017,s24_10_5_1_b64_mb2,51551,30576,12759,6446,1770
09:17:15.519,s24_10_5_1_b64_mb2,51551,30576,12759,6446,1770
09:17:16.021,s24_10_5_1_b64_mb2,51551,30576,12759,6446,1770
09:17:16.522,s24_10_5_1_b64_mb2,51551,30576,12759,6446,1770
09:17:17.024,s24_10_5_1_b64_mb2,51551,30576,12759,6446,1770
09:17:17.526,s24_10_5_1_b64_mb2,51551,30576,12759,6446,1770
09:17:18.028,s24_10_5_1_b64_mb2,51551,30576,12759,6446,1770
09:17:18.529,s24_10_5_1_b64_mb2,51551,30576,12759,6446,1770
09:17:19.031,s24_10_5_1_b64_mb2,51551,30576,12759,6446,1770
09:17:19.533,s24_10_5_1_b64_mb2,51551,30576,12759,6446,1770
09:17:20.034,s24_10_5_1_b64_mb2,51551,30576,12759,6446,1770
09:17:20.536,s24_10_5_1_b64_mb2,51551,30576,12759,6446,1770
09:17:21.037,s24_10_5_1_b64_mb2,51551,30576,12759,6446,1770
09:17:21.539,s24_10_5_1_b64_mb2,51551,30576,12759,6446,1770
09:17:22.041,s24_10_5_1_b64_mb2,51551,30576,12759,6446,1770
09:17:22.542,s24_10_5_1_b64_mb2,51551,30576,12759,6446,1770
09:17:23.044,s24_10_5_1_b64_mb2,51551,30576,12759,6446,1770
09:17:23.546,s24_10_5_1_b64_mb2,51551,30576,12759,6446,1770
09:17:24.048,s24_10_5_1_b64_mb2,51551,30576,12759,6446,1770
09:17:24.549,s24_10_5_1_b64_mb2,51551,30576,12759,6446,1770
09:17:25.051,s24_10_5_1_b64_mb2,51551,30576,12759,6446,1770
09:17:25.553,s24_10_5_1_b64_mb2,51551,30576,12759,6446,1770
09:17:26.054,s24_10_5_1_b64_mb2,51551,30576,12759,6446,1770
09:17:26.556,s24_10_5_1_b64_mb2,51551,30576,12759,6446,1770
09:17:27.058,s24_10_5_1_b64_mb2,51551,30576,12759,6446,1770
09:17:27.559,s24_10_5_1_b64_mb2,51551,30576,12759,6446,1770
09:17:28.061,s24_10_5_1_b64_mb2,51551,30576,12759,6446,1770
09:17:28.562,s24_10_5_1_b64_mb2,51551,30576,12759,6446,1770
09:17:29.064,s24_10_5_1_b64_mb2,51551,30576,12759,6446,1770
09:17:29.566,s24_10_5_1_b64_mb2,51551,30576,12759,6446,1770
09:17:30.068,s24_10_5_1_b64_mb2,51551,30576,12759,6446,1770
09:17:30.569,s24_10_5_1_b64_mb2,51551,30576,12759,6446,1770
09:17:31.071,s24_10_5_1_b64_mb2,51551,30576,12759,6446,1770
09:17:31.572,s24_10_5_1_b64_mb2,51551,30576,12759,6446,1770
09:17:32.074,s24_10_5_1_b64_mb2,51551,30576,12759,6446,1770
09:17:32.576,s24_10_5_1_b64_mb2,51551,30576,12759,6446,1770
09:17:33.077,s24_10_5_1_b64_mb2,51551,30576,12759,6446,1770
09:17:33.579,s24_10_5_1_b64_mb2,51551,30576,12759,6446,1770
09:17:34.081,s24_10_5_1_b64_mb2,51551,30576,12759,6446,1770
09:17:34.582,s24_10_5_1_b64_mb2,51551,30576,12759,6446,1770
09:17:35.084,s24_10_5_1_b64_mb2,51551,30576,12759,6446,1770
09:17:35.586,s24_10_5_1_b64_mb2,51551,30576,12759,6446,1770
09:17:36.088,s24_10_5_1_b64_mb2,51551,30576,12759,6446,1770
09:17:36.589,s24_10_5_1_b64_mb2,51551,30576,12759,6446,1770
09:17:37.091,s24_10_5_1_b64_mb2,51551,30576,12759,6446,1770
09:17:37.593,s24_10_5_1_b64_mb2,51551,30576,12759,6446,1770
09:17:38.094,s24_10_5_1_b64_mb2,51551,30576,12759,6446,1770
09:17:38.596,s24_10_5_1_b64_mb2,51551,30576,12759,6446,1770
09:17:39.098,s24_10_5_1_b64_mb2,51551,30576,12759,6446,1770
09:17:39.599,s24_10_5_1_b64_mb2,51551,30576,12759,6446,1770
09:17:40.101,s24_10_5_1_b64_mb2,51551,30576,12759,6446,1770
09:17:40.603,s24_10_5_1_b64_mb2,51551,30576,12759,6446,1770
09:17:41.104,s24_10_5_1_b64_mb2,51551,30576,12759,6446,1770
09:17:41.606,s24_10_5_1_b64_mb2,51551,30576,12759,6446,1770
09:17:42.108,s24_10_5_1_b64_mb2,51551,30576,12759,6446,1770
09:17:42.609,s24_10_5_1_b64_mb2,51551,30576,12759,6446,1770
09:17:43.111,s24_10_5_1_b64_mb2,51551,30576,12759,6446,1770
09:17:43.613,s24_10_5_1_b64_mb2,51551,30576,12759,6446,1770
09:17:44.115,s24_10_5_1_b64_mb2,51551,30576,12759,6446,1770
09:17:44.616,s24_10_5_1_b64_mb2,51551,30576,12759,6446,1770
09:17:45.118,s24_10_5_1_b64_mb2,51551,30576,12759,6446,1770
09:17:45.620,s24_10_5_1_b64_mb2,51551,30576,12759,6446,1770
09:17:46.122,s24_10_5_1_b64_mb2,51551,30576,12759,6446,1770
09:17:46.623,s24_10_5_1_b64_mb2,51551,30576,12759,6446,1770
09:17:47.125,s24_10_5_1_b64_mb2,51551,30576,12759,6446,1770
09:17:47.627,s24_10_5_1_b64_mb2,51551,30576,12759,6446,1770
09:17:48.128,s24_10_5_1_b64_mb2,51551,30576,12759,6446,1770
09:17:48.630,s24_10_5_1_b64_mb2,51551,30576,12759,6446,1770
09:17:49.132,s24_10_5_1_b64_mb2,51551,30576,12759,6446,1770
09:17:49.633,s24_10_5_1_b64_mb2,51551,30576,12759,6446,1770
09:17:50.135,s24_10_5_1_b64_mb2,51551,30576,12759,6446,1770
09:17:50.637,s24_10_5_1_b64_mb2,51551,30576,12759,6446,1770
09:17:51.138,s24_10_5_1_b64_mb2,51551,30576,12759,6446,1770
09:17:51.640,s24_10_5_1_b64_mb2,51551,30576,12759,6446,1770
09:17:52.142,s24_10_5_1_b64_mb2,51551,30576,12759,6446,1770
09:17:52.643,s24_10_5_1_b64_mb2,51551,30576,12759,6446,1770
09:17:53.145,s24_10_5_1_b64_mb2,51551,30576,12759,6446,1770
09:17:53.647,s24_10_5_1_b64_mb2,51551,30576,12759,6446,1770
09:17:54.148,s24_10_5_1_b64_mb2,51551,30576,12759,6446,1770
09:17:54.650,s24_10_5_1_b64_mb2,51551,30576,12759,6446,1770
09:17:55.152,s24_10_5_1_b64_mb2,51551,30576,12759,6446,1770
09:17:55.654,s24_10_5_1_b64_mb2,51551,30576,12759,6446,1770
09:17:56.155,s24_10_5_1_b64_mb2,51551,30576,12759,6446,1770
09:17:56.657,s24_10_5_1_b64_mb2,51551,30576,12759,6446,1770
09:17:57.159,s24_10_5_1_b64_mb2,51551,30576,12759,6446,1770
09:17:57.660,s24_10_5_1_b64_mb2,51551,30576,12759,6446,1770
09:17:58.162,s24_10_5_1_b64_mb2,51551,30576,12759,6446,1770
09:17:58.664,s24_10_5_1_b64_mb2,51551,30576,12759,6446,1770
09:17:59.165,s24_10_5_1_b64_mb2,51551,30576,12759,6446,1770
09:17:59.667,s24_10_5_1_b64_mb2,51551,30576,12759,6446,1770
09:18:00.169,s24_10_5_1_b64_mb2,51551,30576,12759,6446,1770
09:18:00.670,s24_10_5_1_b64_mb2,51551,30576,12759,6446,1770
09:18:01.172,s24_10_5_1_b64_mb2,51551,30576,12759,6446,1770
09:18:01.674,s24_10_5_1_b64_mb2,51551,30576,12759,6446,1770
09:18:02.175,s24_10_5_1_b64_mb2,51551,30576,12759,6446,1770
09:18:02.677,s24_10_5_1_b64_mb2,51551,30576,12759,6446,1770
09:18:03.179,s24_10_5_1_b64_mb2,51551,30576,12759,6446,1770
09:18:03.681,s24_10_5_1_b64_mb2,51551,30576,12759,6446,1770
09:18:04.182,s24_10_5_1_b64_mb2,51551,30576,12759,6446,1770
09:18:04.684,s24_10_5_1_b64_mb2,51551,30576,12759,6446,1770
09:18:05.186,s24_10_5_1_b64_mb2,51551,30576,12759,6446,1770
09:18:05.687,s24_10_5_1_b64_mb2,51551,30576,12759,6446,1770
09:18:06.189,s24_10_5_1_b64_mb2,51551,30576,12759,6446,1770
09:18:06.691,s24_10_5_1_b64_mb2,51551,30576,12759,6446,1770
09:18:07.192,s24_10_5_1_b64_mb2,51551,30576,12759,6446,1770
09:18:07.694,s24_10_5_1_b64_mb2,51551,30576,12759,6446,1770
09:18:08.196,s24_10_5_1_b64_mb2,51551,30576,12759,6446,1770
09:18:08.698,s24_10_5_1_b64_mb2,51551,30576,12759,6446,1770
09:18:09.199,s24_10_5_1_b64_mb2,51551,30576,12759,6446,1770
09:18:09.701,s24_10_5_1_b64_mb2,51551,30576,12759,6446,1770
09:18:10.203,s24_10_5_1_b64_mb2,51551,30576,12759,6446,1770
09:18:10.705,s24_10_5_1_b64_mb2,51551,30576,12759,6446,1770
09:18:11.207,s24_10_5_1_b64_mb2,51551,30576,12759,6446,1770
09:18:11.708,s24_10_5_1_b64_mb2,51551,30576,12759,6446,1770
09:18:12.210,s24_10_5_1_b64_mb2,51551,30576,12759,6446,1770
09:18:12.712,s24_10_5_1_b64_mb2,51551,30576,12759,6446,1770
09:18:13.214,s24_10_5_1_b64_mb2,51551,30576,12759,6446,1770
09:18:13.715,s24_10_5_1_b64_mb2,51551,30576,12759,6446,1770
09:18:14.217,s24_10_5_1_b64_mb2,51551,30576,12759,6446,1770
09:18:14.719,s24_10_5_1_b64_mb2,51551,30576,12759,6446,1770
09:18:15.221,s24_10_5_1_b64_mb2,51551,30576,12759,6446,1770
09:18:15.722,s24_10_5_1_b64_mb2,51551,30576,12759,6446,1770
09:18:16.224,s24_10_5_1_b64_mb2,51551,30576,12759,6446,1770
09:18:16.726,s24_10_5_1_b64_mb2,51551,30576,12759,6446,1770
09:18:17.228,s24_10_5_1_b64_mb2,51551,30576,12759,6446,1770
09:18:17.729,s24_10_5_1_b64_mb2,51551,30576,12759,6446,1770
09:18:18.231,s24_10_5_1_b64_mb2,51551,30576,12759,6446,1770
09:18:18.733,s24_10_5_1_b64_mb2,51551,30576,12759,6446,1770
09:18:19.235,s24_10_5_1_b64_mb2,51551,30576,12759,6446,1770
09:18:19.737,s24_10_5_1_b64_mb2,51551,30576,12759,6446,1770
09:18:20.238,s24_10_5_1_b64_mb2,51551,30576,12759,6446,1770
09:18:20.740,s24_10_5_1_b64_mb2,51551,30576,12759,6446,1770
09:18:21.242,s24_10_5_1_b64_mb2,51551,30576,12759,6446,1770
09:18:21.744,s24_10_5_1_b64_mb2,51551,30576,12759,6446,1770
09:18:22.245,s24_10_5_1_b64_mb2,51551,30576,12759,6446,1770
09:18:22.747,s24_10_5_1_b64_mb2,51551,30576,12759,6446,1770
09:18:23.249,s24_10_5_1_b64_mb2,51551,30576,12759,6446,1770
09:18:23.751,s24_10_5_1_b64_mb2,51551,30576,12759,6446,1770
09:18:24.253,s24_10_5_1_b64_mb2,51551,30576,12759,6446,1770
09:18:24.754,s24_10_5_1_b64_mb2,51551,30576,12759,6446,1770
09:18:25.256,s24_10_5_1_b64_mb2,51551,30576,12759,6446,1770
09:18:25.758,s24_10_5_1_b64_mb2,51551,30576,12759,6446,1770
09:18:26.260,s24_10_5_1_b64_mb2,51551,30576,12759,6446,1770
09:18:26.761,s24_10_5_1_b64_mb2,51551,30576,12759,6446,1770
09:18:27.263,s24_10_5_1_b64_mb2,51551,30576,12759,6446,1770
09:18:27.765,s24_10_5_1_b64_mb2,51551,30576,12759,6446,1770
09:18:28.267,s24_10_5_1_b64_mb2,51551,30576,12759,6446,1770
09:18:28.769,s24_10_5_1_b64_mb2,51551,30576,12759,6446,1770
09:18:29.270,s24_10_5_1_b64_mb2,51551,30576,12759,6446,1770
09:18:29.772,s24_10_5_1_b64_mb2,51551,30576,12759,6446,1770
09:18:30.274,s24_10_5_1_b64_mb2,51551,30576,12759,6446,1770
09:18:30.776,s24_10_5_1_b64_mb2,51551,30576,12759,6446,1770
09:18:31.277,s24_10_5_1_b64_mb2,51551,30576,12759,6446,1770
09:18:31.779,s24_10_5_1_b64_mb2,51551,30576,12759,6446,1770
09:18:32.281,s24_10_5_1_b64_mb2,51551,30576,12759,6446,1770
09:18:32.782,s24_10_5_1_b64_mb2,51551,30576,12759,6446,1770
09:18:33.284,s24_10_5_1_b64_mb2,51551,30576,12759,6446,1770
09:18:33.786,s24_10_5_1_b64_mb2,51551,30576,12759,6446,1770
09:18:34.288,s24_10_5_1_b64_mb2,51551,30576,12759,6446,1770
09:18:34.789,s24_10_5_1_b64_mb2,51551,30576,12759,6446,1770
09:18:35.291,s24_10_5_1_b64_mb2,51551,30576,12759,6446,1770
09:18:35.793,s24_10_5_1_b64_mb2,51551,30576,12759,6446,1770
09:18:36.294,s24_10_5_1_b64_mb2,51551,30576,12759,6446,1770
09:18:36.796,s24_10_5_1_b64_mb2,51551,30576,12759,6446,1770
09:18:37.298,s24_10_5_1_b64_mb2,51551,30576,12759,6446,1770
09:18:37.800,s24_10_5_1_b64_mb2,51551,30576,12759,6446,1770
09:18:38.301,s24_10_5_1_b64_mb2,51551,30576,12759,6446,1770
09:18:38.803,s24_10_5_1_b64_mb2,51551,30576,12759,6446,1770
09:18:39.305,s24_10_5_1_b64_mb2,51551,30576,12759,6446,1770
09:18:39.806,s24_10_5_1_b64_mb2,51551,30576,12759,6446,1770
09:18:40.308,s24_10_5_1_b64_mb2,51551,30576,12759,6446,1770
09:18:40.810,s24_10_5_1_b64_mb2,51551,30576,12759,6446,1770
09:18:41.312,s24_10_5_1_b64_mb2,51551,30576,12759,6446,1770
09:18:41.813,s24_10_5_1_b64_mb2,51551,30576,12759,6446,1770
09:18:42.315,s24_10_5_1_b64_mb2,51551,30576,12759,6446,1770
09:18:42.817,s24_10_5_1_b64_mb2,51551,30576,12759,6446,1770
09:18:43.319,s24_10_5_1_b64_mb2,51551,30576,12759,6446,1770
09:18:43.820,s24_10_5_1_b64_mb2,51551,30576,12759,6446,1770
09:18:44.322,s24_10_5_1_b64_mb2,51551,30576,12759,6446,1770
09:18:44.824,s24_10_5_1_b64_mb2,51551,30576,12759,6446,1770
09:18:45.325,s24_10_5_1_b64_mb2,51551,30576,12759,6446,1770
09:18:45.827,s24_10_5_1_b64_mb2,51551,30576,12759,6446,1770
09:18:46.329,s24_10_5_1_b64_mb2,51551,30576,12759,6446,1770
09:18:46.831,s24_10_5_1_b64_mb2,51551,30576,12759,6446,1770
09:18:47.332,s24_10_5_1_b64_mb2,51551,30576,12759,6446,1770
09:18:47.834,s24_10_5_1_b64_mb2,51551,30576,12759,6446,1770
09:18:48.336,s24_10_5_1_b64_mb2,51551,30576,12759,6446,1770
09:18:48.837,s24_10_5_1_b64_mb2,51551,30576,12759,6446,1770
09:18:49.339,s24_10_5_1_b64_mb2,51551,30576,12759,6446,1770
09:18:49.841,s24_10_5_1_b64_mb2,51551,30576,12759,6446,1770
09:18:50.342,s24_10_5_1_b64_mb2,51551,30576,12759,6446,1770
09:18:50.844,s24_10_5_1_b64_mb2,51551,30576,12759,6446,1770
09:18:51.346,s24_10_5_1_b64_mb2,51551,30576,12759,6446,1770
09:18:51.848,s24_10_5_1_b64_mb2,51551,30576,12759,6446,1770
09:18:52.349,s24_10_5_1_b64_mb2,51551,30576,12759,6446,1770
09:18:52.851,s24_10_5_1_b64_mb2,51551,30576,12759,6446,1770
09:18:53.353,s24_10_5_1_b64_mb2,51551,30576,12759,6446,1770
09:18:53.855,s24_10_5_1_b64_mb2,51551,30576,12759,6446,1770
09:18:54.356,s24_10_5_1_b64_mb2,51551,30576,12759,6446,1770
09:18:54.858,s24_10_5_1_b64_mb2,51551,30576,12759,6446,1770
09:18:55.360,s24_10_5_1_b64_mb2,51551,30576,12759,6446,1770
09:18:55.862,s24_10_5_1_b64_mb2,53279,31668,12759,6446,1770
09:18:56.363,s24_10_5_1_b64_mb2,57995,36396,12759,6446,1770
09:18:56.865,s24_10_5_1_b64_mb2,62027,39780,14079,6446,1770
09:18:57.367,s24_10_5_1_b64_mb2,64811,39780,16587,6446,1770
09:18:57.869,s24_10_5_1_b64_mb2,66491,39780,16587,8114,1770
09:18:58.370,s24_10_5_1_b64_mb2,66863,39780,16587,8354,2142
09:18:58.872,s24_10_5_1_b64_mb2,66863,39780,16587,8354,2142
09:18:59.374,s24_10_5_1_b64_mb2,66863,39780,16587,8354,2142
09:18:59.875,s24_10_5_1_b64_mb2,66863,39780,16587,8354,2142
09:19:00.377,s24_10_5_1_b64_mb2,66863,39780,16587,8354,2142
09:19:00.879,s24_10_5_1_b64_mb2,66863,39780,16587,8354,2142
09:19:01.381,s24_10_5_1_b64_mb2,66863,39780,16587,8354,2142
09:19:01.882,s24_10_5_1_b64_mb2,66863,39780,16587,8354,2142
09:19:02.384,s24_10_5_1_b64_mb2,66863,39780,16587,8354,2142
09:19:02.886,s24_10_5_1_b64_mb2,66863,39780,16587,8354,2142
09:19:03.388,s24_10_5_1_b64_mb2,66863,39780,16587,8354,2142
09:19:03.889,s24_10_5_1_b64_mb2,66863,39780,16587,8354,2142
09:19:04.391,s24_10_5_1_b64_mb2,66863,39780,16587,8354,2142
09:19:04.893,s24_10_5_1_b64_mb2,66863,39780,16587,8354,2142
09:19:05.395,s24_10_5_1_b64_mb2,66863,39780,16587,8354,2142
09:19:05.896,s24_10_5_1_b64_mb2,66863,39780,16587,8354,2142
09:19:06.398,s24_10_5_1_b64_mb2,66863,39780,16587,8354,2142
09:19:06.900,s24_10_5_1_b64_mb2,66863,39780,16587,8354,2142
09:19:07.401,s24_10_5_1_b64_mb2,66863,39780,16587,8354,2142
09:19:07.903,s24_10_5_1_b64_mb2,66863,39780,16587,8354,2142
09:19:08.405,s24_10_5_1_b64_mb2,66863,39780,16587,8354,2142
09:19:08.907,s24_10_5_1_b64_mb2,66863,39780,16587,8354,2142
09:19:09.408,s24_10_5_1_b64_mb2,66863,39780,16587,8354,2142
09:19:09.910,s24_10_5_1_b64_mb2,66863,39780,16587,8354,2142
09:19:10.412,s24_10_5_1_b64_mb2,66863,39780,16587,8354,2142
09:19:10.913,s24_10_5_1_b64_mb2,66863,39780,16587,8354,2142
09:19:11.415,s24_10_5_1_b64_mb2,66863,39780,16587,8354,2142
09:19:11.917,s24_10_5_1_b64_mb2,66863,39780,16587,8354,2142
09:19:12.418,s24_10_5_1_b64_mb2,66863,39780,16587,8354,2142
09:19:12.920,s24_10_5_1_b64_mb2,66863,39780,16587,8354,2142
09:19:13.422,s24_10_5_1_b64_mb2,66863,39780,16587,8354,2142
09:19:13.923,s24_10_5_1_b64_mb2,66863,39780,16587,8354,2142
09:19:14.425,s24_10_5_1_b64_mb2,66863,39780,16587,8354,2142
09:19:14.927,s24_10_5_1_b64_mb2,66863,39780,16587,8354,2142
09:19:15.428,s24_10_5_1_b64_mb2,66863,39780,16587,8354,2142
09:19:15.930,s24_10_5_1_b64_mb2,66863,39780,16587,8354,2142
09:19:16.432,s24_10_5_1_b64_mb2,66863,39780,16587,8354,2142
09:19:16.933,s24_10_5_1_b64_mb2,66863,39780,16587,8354,2142
09:19:17.435,s24_10_5_1_b64_mb2,66863,39780,16587,8354,2142
09:19:17.937,s24_10_5_1_b64_mb2,66863,39780,16587,8354,2142
09:19:18.438,s24_10_5_1_b64_mb2,66863,39780,16587,8354,2142
09:19:18.940,s24_10_5_1_b64_mb2,66863,39780,16587,8354,2142
09:19:19.442,s24_10_5_1_b64_mb2,66863,39780,16587,8354,2142
09:19:19.943,s24_10_5_1_b64_mb2,66863,39780,16587,8354,2142
09:19:20.445,s24_10_5_1_b64_mb2,66863,39780,16587,8354,2142
09:19:20.947,s24_10_5_1_b64_mb2,66863,39780,16587,8354,2142
09:19:21.448,s24_10_5_1_b64_mb2,66863,39780,16587,8354,2142
09:19:21.950,s24_10_5_1_b64_mb2,66863,39780,16587,8354,2142
09:19:22.452,s24_10_5_1_b64_mb2,66863,39780,16587,8354,2142
09:19:22.953,s24_10_5_1_b64_mb2,66863,39780,16587,8354,2142
09:19:23.455,s24_10_5_1_b64_mb2,66863,39780,16587,8354,2142
09:19:23.957,s24_10_5_1_b64_mb2,66863,39780,16587,8354,2142
09:19:24.459,s24_10_5_1_b64_mb2,66863,39780,16587,8354,2142
09:19:24.960,s24_10_5_1_b64_mb2,66863,39780,16587,8354,2142
09:19:25.462,s24_10_5_1_b64_mb2,66863,39780,16587,8354,2142
09:19:25.964,s24_10_5_1_b64_mb2,66863,39780,16587,8354,2142
09:19:26.466,s24_10_5_1_b64_mb2,66863,39780,16587,8354,2142
09:19:26.967,s24_10_5_1_b64_mb2,66863,39780,16587,8354,2142
09:19:27.469,s24_10_5_1_b64_mb2,66863,39780,16587,8354,2142
09:19:27.971,s24_10_5_1_b64_mb2,66863,39780,16587,8354,2142
09:19:28.472,s24_10_5_1_b64_mb2,66863,39780,16587,8354,2142
09:19:28.974,s24_10_5_1_b64_mb2,66863,39780,16587,8354,2142
09:19:29.476,s24_10_5_1_b64_mb2,66863,39780,16587,8354,2142
09:19:29.977,s24_10_5_1_b64_mb2,66863,39780,16587,8354,2142
09:19:30.479,s24_10_5_1_b64_mb2,66863,39780,16587,8354,2142
09:19:30.981,s24_10_5_1_b64_mb2,66863,39780,16587,8354,2142
09:19:31.482,s24_10_5_1_b64_mb2,66863,39780,16587,8354,2142
09:19:31.984,s24_10_5_1_b64_mb2,66863,39780,16587,8354,2142
09:19:32.486,s24_10_5_1_b64_mb2,66863,39780,16587,8354,2142
09:19:32.987,s24_10_5_1_b64_mb2,66863,39780,16587,8354,2142
09:19:33.489,s24_10_5_1_b64_mb2,66863,39780,16587,8354,2142
09:19:33.991,s24_10_5_1_b64_mb2,66863,39780,16587,8354,2142
09:19:34.492,s24_10_5_1_b64_mb2,66863,39780,16587,8354,2142
09:19:34.994,s24_10_5_1_b64_mb2,66863,39780,16587,8354,2142
09:19:35.496,s24_10_5_1_b64_mb2,66863,39780,16587,8354,2142
09:19:35.997,s24_10_5_1_b64_mb2,66863,39780,16587,8354,2142
09:19:36.499,s24_10_5_1_b64_mb2,66863,39780,16587,8354,2142
09:19:37.001,s24_10_5_1_b64_mb2,66863,39780,16587,8354,2142
09:19:37.502,s24_10_5_1_b64_mb2,66863,39780,16587,8354,2142
09:19:38.004,s24_10_5_1_b64_mb2,66863,39780,16587,8354,2142
09:19:38.506,s24_10_5_1_b64_mb2,66863,39780,16587,8354,2142
09:19:39.007,s24_10_5_1_b64_mb2,66863,39780,16587,8354,2142
09:19:39.509,s24_10_5_1_b64_mb2,66863,39780,16587,8354,2142
09:19:40.011,s24_10_5_1_b64_mb2,66863,39780,16587,8354,2142
09:19:40.512,s24_10_5_1_b64_mb2,66863,39780,16587,8354,2142
09:19:41.014,s24_10_5_1_b64_mb2,66863,39780,16587,8354,2142
09:19:41.516,s24_10_5_1_b64_mb2,66863,39780,16587,8354,2142
09:19:42.017,s24_10_5_1_b64_mb2,66863,39780,16587,8354,2142
09:19:42.519,s24_10_5_1_b64_mb2,66863,39780,16587,8354,2142
09:19:43.021,s24_10_5_1_b64_mb2,66863,39780,16587,8354,2142
09:19:43.523,s24_10_5_1_b64_mb2,66863,39780,16587,8354,2142
09:19:44.024,s24_10_5_1_b64_mb2,66863,39780,16587,8354,2142
09:19:44.526,s24_10_5_1_b64_mb2,66863,39780,16587,8354,2142
09:19:45.028,s24_10_5_1_b64_mb2,66863,39780,16587,8354,2142
09:19:45.530,s24_10_5_1_b64_mb2,66863,39780,16587,8354,2142
09:19:46.031,s24_10_5_1_b64_mb2,66863,39780,16587,8354,2142
09:19:46.533,s24_10_5_1_b64_mb2,66863,39780,16587,8354,2142
09:19:47.035,s24_10_5_1_b64_mb2,66863,39780,16587,8354,2142
09:19:47.537,s24_10_5_1_b64_mb2,66863,39780,16587,8354,2142
09:19:48.038,s24_10_5_1_b64_mb2,66863,39780,16587,8354,2142
09:19:48.540,s24_10_5_1_b64_mb2,66863,39780,16587,8354,2142
09:19:49.042,s24_10_5_1_b64_mb2,66863,39780,16587,8354,2142
09:19:49.543,s24_10_5_1_b64_mb2,66863,39780,16587,8354,2142
09:19:50.045,s24_10_5_1_b64_mb2,66863,39780,16587,8354,2142
09:19:50.547,s24_10_5_1_b64_mb2,66863,39780,16587,8354,2142
09:19:51.048,s24_10_5_1_b64_mb2,66863,39780,16587,8354,2142
09:19:51.550,s24_10_5_1_b64_mb2,66863,39780,16587,8354,2142
09:19:52.052,s24_10_5_1_b64_mb2,66863,39780,16587,8354,2142
09:19:52.554,s24_10_5_1_b64_mb2,66863,39780,16587,8354,2142
09:19:53.055,s24_10_5_1_b64_mb2,66863,39780,16587,8354,2142
09:19:53.557,s24_10_5_1_b64_mb2,66863,39780,16587,8354,2142
09:19:54.059,s24_10_5_1_b64_mb2,66863,39780,16587,8354,2142
09:19:54.560,s24_10_5_1_b64_mb2,66863,39780,16587,8354,2142
09:19:55.062,s24_10_5_1_b64_mb2,66863,39780,16587,8354,2142
09:19:55.564,s24_10_5_1_b64_mb2,66863,39780,16587,8354,2142
09:19:56.065,s24_10_5_1_b64_mb2,66863,39780,16587,8354,2142
09:19:56.567,s24_10_5_1_b64_mb2,66863,39780,16587,8354,2142
09:19:57.069,s24_10_5_1_b64_mb2,66863,39780,16587,8354,2142
09:19:57.570,s24_10_5_1_b64_mb2,66863,39780,16587,8354,2142
09:19:58.072,s24_10_5_1_b64_mb2,66863,39780,16587,8354,2142
09:19:58.574,s24_10_5_1_b64_mb2,66863,39780,16587,8354,2142
09:19:59.075,s24_10_5_1_b64_mb2,66863,39780,16587,8354,2142
09:19:59.577,s24_10_5_1_b64_mb2,66863,39780,16587,8354,2142
09:20:00.079,s24_10_5_1_b64_mb2,66863,39780,16587,8354,2142
09:20:00.580,s24_10_5_1_b64_mb2,66863,39780,16587,8354,2142
09:20:01.082,s24_10_5_1_b64_mb2,66863,39780,16587,8354,2142
09:20:01.584,s24_10_5_1_b64_mb2,66863,39780,16587,8354,2142
09:20:02.085,s24_10_5_1_b64_mb2,66863,39780,16587,8354,2142
09:20:02.587,s24_10_5_1_b64_mb2,66863,39780,16587,8354,2142
09:20:03.089,s24_10_5_1_b64_mb2,66863,39780,16587,8354,2142
09:20:03.591,s24_10_5_1_b64_mb2,66863,39780,16587,8354,2142
09:20:04.092,s24_10_5_1_b64_mb2,66863,39780,16587,8354,2142
09:20:04.594,s24_10_5_1_b64_mb2,66863,39780,16587,8354,2142
09:20:05.096,s24_10_5_1_b64_mb2,66863,39780,16587,8354,2142
09:20:05.597,s24_10_5_1_b64_mb2,66863,39780,16587,8354,2142
09:20:06.099,s24_10_5_1_b64_mb2,66863,39780,16587,8354,2142
09:20:06.601,s24_10_5_1_b64_mb2,66863,39780,16587,8354,2142
09:20:07.102,s24_10_5_1_b64_mb2,66863,39780,16587,8354,2142
09:20:07.604,s24_10_5_1_b64_mb2,66863,39780,16587,8354,2142
09:20:08.106,s24_10_5_1_b64_mb2,66863,39780,16587,8354,2142
09:20:08.608,s24_10_5_1_b64_mb2,66863,39780,16587,8354,2142
09:20:09.109,s24_10_5_1_b64_mb2,66863,39780,16587,8354,2142
09:20:09.611,s24_10_5_1_b64_mb2,66863,39780,16587,8354,2142
09:20:10.113,s24_10_5_1_b64_mb2,66863,39780,16587,8354,2142
09:20:10.614,s24_10_5_1_b64_mb2,66863,39780,16587,8354,2142
09:20:11.116,s24_10_5_1_b64_mb2,66863,39780,16587,8354,2142
09:20:11.618,s24_10_5_1_b64_mb2,66863,39780,16587,8354,2142
09:20:12.120,s24_10_5_1_b64_mb2,66863,39780,16587,8354,2142
09:20:12.621,s24_10_5_1_b64_mb2,66863,39780,16587,8354,2142
09:20:13.123,s24_10_5_1_b64_mb2,66863,39780,16587,8354,2142
09:20:13.625,s24_10_5_1_b64_mb2,66863,39780,16587,8354,2142
09:20:14.127,s24_10_5_1_b64_mb2,66863,39780,16587,8354,2142
09:20:14.628,s24_10_5_1_b64_mb2,66863,39780,16587,8354,2142
09:20:15.130,s24_10_5_1_b64_mb2,66863,39780,16587,8354,2142
09:20:15.632,s24_10_5_1_b64_mb2,66863,39780,16587,8354,2142
09:20:16.134,s24_10_5_1_b64_mb2,66863,39780,16587,8354,2142
09:20:16.635,s24_10_5_1_b64_mb2,66863,39780,16587,8354,2142
09:20:17.137,s24_10_5_1_b64_mb2,66863,39780,16587,8354,2142
09:20:17.639,s24_10_5_1_b64_mb2,66863,39780,16587,8354,2142
09:20:18.140,s24_10_5_1_b64_mb2,66863,39780,16587,8354,2142
09:20:18.642,s24_10_5_1_b64_mb2,66863,39780,16587,8354,2142
09:20:19.144,s24_10_5_1_b64_mb2,66863,39780,16587,8354,2142
09:20:19.646,s24_10_5_1_b64_mb2,66863,39780,16587,8354,2142
09:20:20.147,s24_10_5_1_b64_mb2,66863,39780,16587,8354,2142
09:20:20.649,s24_10_5_1_b64_mb2,66863,39780,16587,8354,2142
09:20:21.151,s24_10_5_1_b64_mb2,66863,39780,16587,8354,2142
09:20:21.652,s24_10_5_1_b64_mb2,66863,39780,16587,8354,2142
09:20:22.154,s24_10_5_1_b64_mb2,66863,39780,16587,8354,2142
09:20:22.656,s24_10_5_1_b64_mb2,66863,39780,16587,8354,2142
09:20:23.157,s24_10_5_1_b64_mb2,66863,39780,16587,8354,2142
09:20:23.659,s24_10_5_1_b64_mb2,66863,39780,16587,8354,2142
09:20:24.161,s24_10_5_1_b64_mb2,66863,39780,16587,8354,2142
09:20:24.662,s24_10_5_1_b64_mb2,66863,39780,16587,8354,2142
09:20:25.164,s24_10_5_1_b64_mb2,66863,39780,16587,8354,2142
09:20:25.666,s24_10_5_1_b64_mb2,66863,39780,16587,8354,2142
09:20:26.167,s24_10_5_1_b64_mb2,66863,39780,16587,8354,2142
09:20:26.669,s24_10_5_1_b64_mb2,66863,39780,16587,8354,2142
09:20:27.171,s24_10_5_1_b64_mb2,66863,39780,16587,8354,2142
09:20:27.673,s24_10_5_1_b64_mb2,66863,39780,16587,8354,2142
09:20:28.174,s24_10_5_1_b64_mb2,66863,39780,16587,8354,2142
09:20:28.676,s24_10_5_1_b64_mb2,66863,39780,16587,8354,2142
09:20:29.178,s24_10_5_1_b64_mb2,66863,39780,16587,8354,2142
09:20:29.679,s24_10_5_1_b64_mb2,66863,39780,16587,8354,2142
09:20:30.181,s24_10_5_1_b64_mb2,66863,39780,16587,8354,2142
09:20:30.683,s24_10_5_1_b64_mb2,66863,39780,16587,8354,2142
09:20:31.184,s24_10_5_1_b64_mb2,66863,39780,16587,8354,2142
09:20:31.686,s24_10_5_1_b64_mb2,66863,39780,16587,8354,2142
09:20:32.188,s24_10_5_1_b64_mb2,66863,39780,16587,8354,2142
09:20:32.689,s24_10_5_1_b64_mb2,66863,39780,16587,8354,2142
09:20:33.191,s24_10_5_1_b64_mb2,66863,39780,16587,8354,2142
09:20:33.693,s24_10_5_1_b64_mb2,66863,39780,16587,8354,2142
09:20:34.195,s24_10_5_1_b64_mb2,66863,39780,16587,8354,2142
09:20:34.696,s24_10_5_1_b64_mb2,66863,39780,16587,8354,2142
09:20:35.198,s24_10_5_1_b64_mb2,66863,39780,16587,8354,2142
09:20:35.700,s24_10_5_1_b64_mb2,66863,39780,16587,8354,2142
09:20:36.201,s24_10_5_1_b64_mb2,66863,39780,16587,8354,2142
09:20:36.704,s24_10_5_1_b64_mb2,66863,39780,16587,8354,2142
09:20:37.205,s24_10_5_1_b64_mb2,66863,39780,16587,8354,2142
09:20:37.707,s24_10_5_1_b64_mb2,66863,39780,16587,8354,2142
09:20:38.208,s24_10_5_1_b64_mb2,66863,39780,16587,8354,2142
09:20:38.710,s24_10_5_1_b64_mb2,66863,39780,16587,8354,2142
09:20:39.212,s24_10_5_1_b64_mb2,66863,39780,16587,8354,2142
09:20:39.713,s24_10_5_1_b64_mb2,66863,39780,16587,8354,2142
09:20:40.215,s24_10_5_1_b64_mb2,66863,39780,16587,8354,2142
09:20:40.717,s24_10_5_1_b64_mb2,66863,39780,16587,8354,2142
09:20:41.218,s24_10_5_1_b64_mb2,66863,39780,16587,8354,2142
09:20:41.720,s24_10_5_1_b64_mb2,66863,39780,16587,8354,2142
09:20:42.222,s24_10_5_1_b64_mb2,66863,39780,16587,8354,2142
09:20:42.724,s24_10_5_1_b64_mb2,66863,39780,16587,8354,2142
09:20:43.225,s24_10_5_1_b64_mb2,66863,39780,16587,8354,2142
09:20:43.727,s24_10_5_1_b64_mb2,66863,39780,16587,8354,2142
09:20:44.229,s24_10_5_1_b64_mb2,66863,39780,16587,8354,2142
09:20:44.730,s24_10_5_1_b64_mb2,66863,39780,16587,8354,2142
09:20:45.232,s24_10_5_1_b64_mb2,66863,39780,16587,8354,2142
09:20:45.734,s24_10_5_1_b64_mb2,66863,39780,16587,8354,2142
09:20:46.235,s24_10_5_1_b64_mb2,66863,39780,16587,8354,2142
09:20:46.737,s24_10_5_1_b64_mb2,66863,39780,16587,8354,2142
09:20:47.239,s24_10_5_1_b64_mb2,66863,39780,16587,8354,2142
09:20:47.740,s24_10_5_1_b64_mb2,66863,39780,16587,8354,2142
09:20:48.242,s24_10_5_1_b64_mb2,66863,39780,16587,8354,2142
09:20:48.744,s24_10_5_1_b64_mb2,66863,39780,16587,8354,2142
09:20:49.246,s24_10_5_1_b64_mb2,66863,39780,16587,8354,2142
09:20:49.747,s24_10_5_1_b64_mb2,66863,39780,16587,8354,2142
09:20:50.249,s24_10_5_1_b64_mb2,66863,39780,16587,8354,2142
09:20:50.751,s24_10_5_1_b64_mb2,66863,39780,16587,8354,2142
09:20:51.252,s24_10_5_1_b64_mb2,66863,39780,16587,8354,2142
09:20:51.754,s24_10_5_1_b64_mb2,66863,39780,16587,8354,2142
09:20:52.256,s24_10_5_1_b64_mb2,66863,39780,16587,8354,2142
09:20:52.757,s24_10_5_1_b64_mb2,66863,39780,16587,8354,2142
09:20:53.259,s24_10_5_1_b64_mb2,66863,39780,16587,8354,2142
09:20:53.761,s24_10_5_1_b64_mb2,66863,39780,16587,8354,2142
09:20:54.262,s24_10_5_1_b64_mb2,66863,39780,16587,8354,2142
09:20:54.764,s24_10_5_1_b64_mb2,66863,39780,16587,8354,2142
09:20:55.266,s24_10_5_1_b64_mb2,66863,39780,16587,8354,2142
09:20:55.767,s24_10_5_1_b64_mb2,66863,39780,16587,8354,2142
09:20:56.269,s24_10_5_1_b64_mb2,66863,39780,16587,8354,2142
09:20:56.771,s24_10_5_1_b64_mb2,66863,39780,16587,8354,2142
09:20:57.272,s24_10_5_1_b64_mb2,66863,39780,16587,8354,2142
09:20:57.774,s24_10_5_1_b64_mb2,66863,39780,16587,8354,2142
09:20:58.276,s24_10_5_1_b64_mb2,66863,39780,16587,8354,2142
09:20:58.777,s24_10_5_1_b64_mb2,66863,39780,16587,8354,2142
09:20:59.279,s24_10_5_1_b64_mb2,66863,39780,16587,8354,2142
09:20:59.781,s24_10_5_1_b64_mb2,66863,39780,16587,8354,2142
09:21:00.282,s24_10_5_1_b64_mb2,66863,39780,16587,8354,2142
09:21:00.784,s24_10_5_1_b64_mb2,66863,39780,16587,8354,2142
09:21:01.286,s24_10_5_1_b64_mb2,66863,39780,16587,8354,2142
09:21:01.787,s24_10_5_1_b64_mb2,66863,39780,16587,8354,2142
09:21:02.289,s24_10_5_1_b64_mb2,66863,39780,16587,8354,2142
09:21:02.791,s24_10_5_1_b64_mb2,66863,39780,16587,8354,2142
09:21:03.292,s24_10_5_1_b64_mb2,66863,39780,16587,8354,2142
09:21:03.794,s24_10_5_1_b64_mb2,66863,39780,16587,8354,2142
09:21:04.296,s24_10_5_1_b64_mb2,66863,39780,16587,8354,2142
09:21:04.797,s24_10_5_1_b64_mb2,66863,39780,16587,8354,2142
09:21:05.299,s24_10_5_1_b64_mb2,66863,39780,16587,8354,2142
09:21:05.801,s24_10_5_1_b64_mb2,66863,39780,16587,8354,2142
09:21:06.302,s24_10_5_1_b64_mb2,66863,39780,16587,8354,2142
09:21:06.804,s24_10_5_1_b64_mb2,66863,39780,16587,8354,2142
09:21:07.305,s24_10_5_1_b64_mb2,66863,39780,16587,8354,2142
09:21:07.807,s24_10_5_1_b64_mb2,66863,39780,16587,8354,2142
09:21:08.309,s24_10_5_1_b64_mb2,66863,39780,16587,8354,2142
09:21:08.811,s24_10_5_1_b64_mb2,66863,39780,16587,8354,2142
09:21:09.312,s24_10_5_1_b64_mb2,66863,39780,16587,8354,2142
09:21:09.814,s24_10_5_1_b64_mb2,66863,39780,16587,8354,2142
09:21:10.316,s24_10_5_1_b64_mb2,66863,39780,16587,8354,2142
09:21:10.817,s24_10_5_1_b64_mb2,66863,39780,16587,8354,2142
09:21:11.319,s24_10_5_1_b64_mb2,66863,39780,16587,8354,2142
09:21:11.821,s24_10_5_1_b64_mb2,66863,39780,16587,8354,2142
09:21:12.322,s24_10_5_1_b64_mb2,66863,39780,16587,8354,2142
09:21:12.824,s24_10_5_1_b64_mb2,66863,39780,16587,8354,2142
09:21:13.326,s24_10_5_1_b64_mb2,66863,39780,16587,8354,2142
09:21:13.827,s24_10_5_1_b64_mb2,66863,39780,16587,8354,2142
09:21:14.329,s24_10_5_1_b64_mb2,66863,39780,16587,8354,2142
09:21:14.831,s24_10_5_1_b64_mb2,66863,39780,16587,8354,2142
09:21:15.332,s24_10_5_1_b64_mb2,66863,39780,16587,8354,2142
09:21:15.834,s24_10_5_1_b64_mb2,66863,39780,16587,8354,2142
09:21:16.336,s24_10_5_1_b64_mb2,66863,39780,16587,8354,2142
09:21:16.837,s24_10_5_1_b64_mb2,66863,39780,16587,8354,2142
09:21:17.339,s24_10_5_1_b64_mb2,66863,39780,16587,8354,2142
09:21:17.841,s24_10_5_1_b64_mb2,66863,39780,16587,8354,2142
09:21:18.343,s24_10_5_1_b64_mb2,66863,39780,16587,8354,2142
09:21:18.845,s24_10_5_1_b64_mb2,66863,39780,16587,8354,2142
09:21:19.347,s24_10_5_1_b64_mb2,39827,39777,25,12,12
