timestamp,label,gpu_mb,rank0_20gb_mb,rank1_10gb_mb,rank2_5gb_mb,rank3_5gb_mb
01:04:21.471,s16_8_4_0_b64_mb2,87,37,25,12,12
01:04:21.977,s16_8_4_0_b64_mb2,87,37,25,12,12
01:04:22.479,s16_8_4_0_b64_mb2,87,37,25,12,12
01:04:22.981,s16_8_4_0_b64_mb2,87,37,25,12,12
01:04:23.483,s16_8_4_0_b64_mb2,87,37,25,12,12
01:04:23.984,s16_8_4_0_b64_mb2,87,37,25,12,12
01:04:24.486,s16_8_4_0_b64_mb2,87,37,25,12,12
01:04:24.988,s16_8_4_0_b64_mb2,87,37,25,12,12
01:04:25.489,s16_8_4_0_b64_mb2,87,37,25,12,12
01:04:25.991,s16_8_4_0_b64_mb2,87,37,25,12,12
01:04:26.493,s16_8_4_0_b64_mb2,87,37,25,12,12
01:04:26.994,s16_8_4_0_b64_mb2,110,54,27,14,12
01:04:27.496,s16_8_4_0_b64_mb2,565,220,157,94,94
01:04:27.998,s16_8_4_0_b64_mb2,565,220,157,94,94
01:04:28.499,s16_8_4_0_b64_mb2,565,220,157,94,94
01:04:29.001,s16_8_4_0_b64_mb2,579,220,157,94,108
01:04:29.503,s16_8_4_0_b64_mb2,579,220,157,94,108
01:04:30.005,s16_8_4_0_b64_mb2,579,220,157,94,108
01:04:30.507,s16_8_4_0_b64_mb2,1507,220,621,558,108
01:04:31.008,s16_8_4_0_b64_mb2,1507,220,621,558,108
01:04:31.510,s16_8_4_0_b64_mb2,1507,220,621,558,108
01:04:32.012,s16_8_4_0_b64_mb2,2391,220,1063,1000,108
01:04:32.514,s16_8_4_0_b64_mb2,6551,2300,1063,1000,2188
01:04:33.016,s16_8_4_0_b64_mb2,6583,3372,1063,1000,1148
01:04:33.517,s16_8_4_0_b64_mb2,6915,3372,1063,1202,1148
01:04:34.019,s16_8_4_0_b64_mb2,7537,3372,1525,1462,1178
01:04:34.521,s16_8_4_0_b64_mb2,7539,3374,1525,1462,1178
01:04:35.023,s16_8_4_0_b64_mb2,7539,3374,1525,1462,1178
01:04:35.524,s16_8_4_0_b64_mb2,8435,3374,1967,1916,1178
01:04:36.026,s16_8_4_0_b64_mb2,8435,3374,1967,1916,1178
01:04:36.528,s16_8_4_0_b64_mb2,8435,3374,1967,1916,1178
01:04:37.030,s16_8_4_0_b64_mb2,8907,3374,2409,1946,1178
01:04:37.532,s16_8_4_0_b64_mb2,8907,3374,2409,1946,1178
01:04:38.033,s16_8_4_0_b64_mb2,8907,3374,2409,1946,1178
01:04:38.535,s16_8_4_0_b64_mb2,8907,3374,2409,1946,1178
01:04:39.037,s16_8_4_0_b64_mb2,9369,3374,2871,1946,1178
01:04:39.538,s16_8_4_0_b64_mb2,9369,3374,2871,1946,1178
01:04:40.040,s16_8_4_0_b64_mb2,9369,3374,2871,1946,1178
01:04:40.542,s16_8_4_0_b64_mb2,9811,3374,3313,1946,1178
01:04:41.044,s16_8_4_0_b64_mb2,9811,3374,3313,1946,1178
01:04:41.545,s16_8_4_0_b64_mb2,10071,3634,3313,1946,1178
01:04:42.047,s16_8_4_0_b64_mb2,10555,3634,3797,1946,1178
01:04:42.549,s16_8_4_0_b64_mb2,10555,3634,3797,1946,1178
01:04:43.050,s16_8_4_0_b64_mb2,10945,4024,3797,1946,1178
01:04:43.552,s16_8_4_0_b64_mb2,10945,4024,3797,1946,1178
01:04:44.054,s16_8_4_0_b64_mb2,10945,4024,3797,1946,1178
01:04:44.555,s16_8_4_0_b64_mb2,10977,4024,3829,1946,1178
01:04:45.057,s16_8_4_0_b64_mb2,11367,4414,3829,1946,1178
01:04:45.559,s16_8_4_0_b64_mb2,11367,4414,3829,1946,1178
01:04:46.061,s16_8_4_0_b64_mb2,11367,4414,3829,1946,1178
01:04:46.563,s16_8_4_0_b64_mb2,11829,4876,3829,1946,1178
01:04:47.064,s16_8_4_0_b64_mb2,11829,4876,3829,1946,1178
01:04:47.566,s16_8_4_0_b64_mb2,11829,4876,3829,1946,1178
01:04:48.068,s16_8_4_0_b64_mb2,12271,5318,3829,1946,1178
01:04:48.570,s16_8_4_0_b64_mb2,12271,5318,3829,1946,1178
01:04:49.071,s16_8_4_0_b64_mb2,12271,5318,3829,1946,1178
01:04:49.573,s16_8_4_0_b64_mb2,12713,5760,3829,1946,1178
01:04:50.075,s16_8_4_0_b64_mb2,12713,5760,3829,1946,1178
01:04:50.577,s16_8_4_0_b64_mb2,12713,5760,3829,1946,1178
01:04:51.078,s16_8_4_0_b64_mb2,13175,6222,3829,1946,1178
01:04:51.580,s16_8_4_0_b64_mb2,13175,6222,3829,1946,1178
01:04:52.082,s16_8_4_0_b64_mb2,13175,6222,3829,1946,1178
01:04:52.584,s16_8_4_0_b64_mb2,13175,6222,3829,1946,1178
01:04:53.085,s16_8_4_0_b64_mb2,13617,6664,3829,1946,1178
01:04:53.587,s16_8_4_0_b64_mb2,13617,6664,3829,1946,1178
01:04:54.090,s16_8_4_0_b64_mb2,13617,6664,3829,1946,1178
01:04:54.591,s16_8_4_0_b64_mb2,14079,7126,3829,1946,1178
01:04:55.093,s16_8_4_0_b64_mb2,14079,7126,3829,1946,1178
01:04:55.595,s16_8_4_0_b64_mb2,14079,7126,3829,1946,1178
01:04:56.097,s16_8_4_0_b64_mb2,14521,7568,3829,1946,1178
01:04:56.598,s16_8_4_0_b64_mb2,14521,7568,3829,1946,1178
01:04:57.100,s16_8_4_0_b64_mb2,14521,7568,3829,1946,1178
01:04:57.602,s16_8_4_0_b64_mb2,14963,8010,3829,1946,1178
01:04:58.104,s16_8_4_0_b64_mb2,14963,8010,3829,1946,1178
01:04:58.605,s16_8_4_0_b64_mb2,14963,8010,3829,1946,1178
01:04:59.107,s16_8_4_0_b64_mb2,15295,8342,3829,1946,1178
01:04:59.609,s16_8_4_0_b64_mb2,15425,8472,3829,1946,1178
01:05:00.111,s16_8_4_0_b64_mb2,15425,8472,3829,1946,1178
01:05:00.612,s16_8_4_0_b64_mb2,15425,8472,3829,1946,1178
01:05:01.115,s16_8_4_0_b64_mb2,15425,8472,3829,1946,1178
01:05:01.616,s16_8_4_0_b64_mb2,15425,8472,3829,1946,1178
01:05:02.118,s16_8_4_0_b64_mb2,15425,8472,3829,1946,1178
01:05:02.620,s16_8_4_0_b64_mb2,15425,8472,3829,1946,1178
01:05:03.122,s16_8_4_0_b64_mb2,15425,8472,3829,1946,1178
01:05:03.623,s16_8_4_0_b64_mb2,15511,8556,3829,1946,1178
01:05:04.125,s16_8_4_0_b64_mb2,15597,8644,3839,1946,1178
01:05:04.627,s16_8_4_0_b64_mb2,15675,8644,3907,1948,1178
01:05:05.129,s16_8_4_0_b64_mb2,15749,8644,3933,1992,1180
01:05:05.631,s16_8_4_0_b64_mb2,15777,8644,3933,2018,1180
01:05:06.132,s16_8_4_0_b64_mb2,15815,8644,3933,2020,1218
01:05:06.634,s16_8_4_0_b64_mb2,15833,8662,3933,2020,1218
01:05:07.136,s16_8_4_0_b64_mb2,15843,8662,3941,2022,1218
01:05:07.637,s16_8_4_0_b64_mb2,15843,8662,3941,2022,1218
01:05:08.139,s16_8_4_0_b64_mb2,15843,8662,3941,2022,1218
01:05:08.641,s16_8_4_0_b64_mb2,15843,8662,3941,2022,1218
01:05:09.142,s16_8_4_0_b64_mb2,15843,8662,3941,2022,1218
01:05:09.644,s16_8_4_0_b64_mb2,15843,8662,3941,2022,1218
01:05:10.146,s16_8_4_0_b64_mb2,15843,8662,3941,2022,1218
01:05:10.648,s16_8_4_0_b64_mb2,15843,8662,3941,2022,1218
01:05:11.149,s16_8_4_0_b64_mb2,15843,8662,3941,2022,1218
01:05:11.651,s16_8_4_0_b64_mb2,15843,8662,3941,2022,1218
01:05:12.153,s16_8_4_0_b64_mb2,15843,8662,3941,2022,1218
01:05:12.654,s16_8_4_0_b64_mb2,15843,8662,3941,2022,1218
01:05:13.156,s16_8_4_0_b64_mb2,15845,8664,3941,2022,1218
01:05:13.657,s16_8_4_0_b64_mb2,15845,8664,3941,2022,1218
01:05:14.159,s16_8_4_0_b64_mb2,15847,8664,3941,2024,1218
01:05:14.661,s16_8_4_0_b64_mb2,15853,8670,3941,2024,1218
01:05:15.162,s16_8_4_0_b64_mb2,15861,8674,3945,2024,1218
01:05:15.664,s16_8_4_0_b64_mb2,15863,8674,3945,2026,1218
01:05:16.166,s16_8_4_0_b64_mb2,15863,8674,3945,2026,1218
01:05:16.667,s16_8_4_0_b64_mb2,15863,8674,3945,2026,1218
01:05:17.169,s16_8_4_0_b64_mb2,15863,8674,3945,2026,1218
01:05:17.671,s16_8_4_0_b64_mb2,15863,8674,3945,2026,1218
01:05:18.172,s16_8_4_0_b64_mb2,15863,8674,3945,2026,1218
01:05:18.674,s16_8_4_0_b64_mb2,15863,8674,3945,2026,1218
01:05:19.176,s16_8_4_0_b64_mb2,15863,8674,3945,2026,1218
01:05:19.677,s16_8_4_0_b64_mb2,15863,8674,3945,2026,1218
01:05:20.179,s16_8_4_0_b64_mb2,15863,8674,3945,2026,1218
01:05:20.681,s16_8_4_0_b64_mb2,15863,8674,3945,2026,1218
01:05:21.182,s16_8_4_0_b64_mb2,15863,8674,3945,2026,1218
01:05:21.684,s16_8_4_0_b64_mb2,15865,8676,3945,2026,1218
01:05:22.186,s16_8_4_0_b64_mb2,15867,8676,3947,2026,1218
01:05:22.687,s16_8_4_0_b64_mb2,15867,8676,3947,2026,1218
01:05:23.189,s16_8_4_0_b64_mb2,15867,8676,3947,2026,1218
01:05:23.690,s16_8_4_0_b64_mb2,15867,8676,3947,2026,1218
01:05:24.192,s16_8_4_0_b64_mb2,15867,8676,3947,2026,1218
01:05:24.694,s16_8_4_0_b64_mb2,15867,8676,3947,2026,1218
01:05:25.195,s16_8_4_0_b64_mb2,15867,8676,3947,2026,1218
01:05:25.697,s16_8_4_0_b64_mb2,15867,8676,3947,2026,1218
01:05:26.199,s16_8_4_0_b64_mb2,15867,8676,3947,2026,1218
01:05:26.700,s16_8_4_0_b64_mb2,15867,8676,3947,2026,1218
01:05:27.202,s16_8_4_0_b64_mb2,15867,8676,3947,2026,1218
01:05:27.704,s16_8_4_0_b64_mb2,15867,8676,3947,2026,1218
01:05:28.205,s16_8_4_0_b64_mb2,15867,8676,3947,2026,1218
01:05:28.707,s16_8_4_0_b64_mb2,15867,8676,3947,2026,1218
01:05:29.208,s16_8_4_0_b64_mb2,15869,8678,3947,2026,1218
01:05:29.710,s16_8_4_0_b64_mb2,15871,8680,3947,2026,1218
01:05:30.212,s16_8_4_0_b64_mb2,15873,8680,3949,2026,1218
01:05:30.713,s16_8_4_0_b64_mb2,15873,8680,3949,2026,1218
01:05:31.215,s16_8_4_0_b64_mb2,15873,8680,3949,2026,1218
01:05:31.717,s16_8_4_0_b64_mb2,15873,8680,3949,2026,1218
01:05:32.219,s16_8_4_0_b64_mb2,15875,8680,3949,2028,1218
01:05:32.720,s16_8_4_0_b64_mb2,15877,8682,3949,2028,1218
01:05:33.222,s16_8_4_0_b64_mb2,15879,8682,3951,2028,1218
01:05:33.723,s16_8_4_0_b64_mb2,15879,8682,3951,2028,1218
01:05:34.225,s16_8_4_0_b64_mb2,15879,8682,3951,2028,1218
01:05:34.727,s16_8_4_0_b64_mb2,15879,8682,3951,2028,1218
01:05:35.229,s16_8_4_0_b64_mb2,15879,8682,3951,2028,1218
01:05:35.730,s16_8_4_0_b64_mb2,15879,8682,3951,2028,1218
01:05:36.232,s16_8_4_0_b64_mb2,15879,8682,3951,2028,1218
01:05:36.734,s16_8_4_0_b64_mb2,15879,8682,3951,2028,1218
01:05:37.235,s16_8_4_0_b64_mb2,15879,8682,3951,2028,1218
01:05:37.737,s16_8_4_0_b64_mb2,15879,8682,3951,2028,1218
01:05:38.239,s16_8_4_0_b64_mb2,15879,8682,3951,2028,1218
01:05:38.740,s16_8_4_0_b64_mb2,15879,8682,3951,2028,1218
01:05:39.242,s16_8_4_0_b64_mb2,15879,8682,3951,2028,1218
01:05:39.744,s16_8_4_0_b64_mb2,15879,8682,3951,2028,1218
01:05:40.245,s16_8_4_0_b64_mb2,15879,8682,3951,2028,1218
01:05:40.747,s16_8_4_0_b64_mb2,15885,8686,3951,2028,1218
01:05:41.249,s16_8_4_0_b64_mb2,15895,8696,3953,2028,1218
01:05:41.750,s16_8_4_0_b64_mb2,15901,8696,3957,2030,1218
01:05:42.252,s16_8_4_0_b64_mb2,15901,8696,3957,2030,1218
01:05:42.754,s16_8_4_0_b64_mb2,15901,8696,3957,2030,1218
01:05:43.255,s16_8_4_0_b64_mb2,15903,8696,3957,2032,1218
01:05:43.757,s16_8_4_0_b64_mb2,15903,8696,3957,2032,1218
01:05:44.259,s16_8_4_0_b64_mb2,15903,8696,3957,2032,1218
01:05:44.760,s16_8_4_0_b64_mb2,15903,8696,3957,2032,1218
01:05:45.262,s16_8_4_0_b64_mb2,15903,8696,3957,2032,1218
01:05:45.764,s16_8_4_0_b64_mb2,15903,8696,3957,2032,1218
01:05:46.265,s16_8_4_0_b64_mb2,15903,8696,3957,2032,1218
01:05:46.767,s16_8_4_0_b64_mb2,15903,8696,3957,2032,1218
01:05:47.269,s16_8_4_0_b64_mb2,15903,8696,3957,2032,1218
01:05:47.770,s16_8_4_0_b64_mb2,15903,8696,3957,2032,1218
01:05:48.272,s16_8_4_0_b64_mb2,15903,8696,3957,2032,1218
01:05:48.774,s16_8_4_0_b64_mb2,15903,8696,3957,2032,1218
01:05:49.275,s16_8_4_0_b64_mb2,15903,8696,3957,2032,1218
01:05:49.777,s16_8_4_0_b64_mb2,15903,8696,3957,2032,1218
01:05:50.278,s16_8_4_0_b64_mb2,15903,8696,3957,2032,1218
01:05:50.780,s16_8_4_0_b64_mb2,15903,8696,3957,2032,1218
01:05:51.282,s16_8_4_0_b64_mb2,15903,8696,3957,2032,1218
01:05:51.783,s16_8_4_0_b64_mb2,15903,8696,3957,2032,1218
01:05:52.285,s16_8_4_0_b64_mb2,15903,8696,3957,2032,1218
01:05:52.787,s16_8_4_0_b64_mb2,15903,8696,3957,2032,1218
01:05:53.288,s16_8_4_0_b64_mb2,15903,8696,3957,2032,1218
01:05:53.790,s16_8_4_0_b64_mb2,15909,8702,3957,2032,1218
01:05:54.292,s16_8_4_0_b64_mb2,15923,8714,3959,2032,1218
01:05:54.793,s16_8_4_0_b64_mb2,15931,8714,3967,2032,1218
01:05:55.295,s16_8_4_0_b64_mb2,15937,8716,3967,2036,1218
01:05:55.797,s16_8_4_0_b64_mb2,15937,8716,3967,2036,1218
01:05:56.298,s16_8_4_0_b64_mb2,15937,8716,3967,2036,1218
01:05:56.800,s16_8_4_0_b64_mb2,15937,8716,3967,2036,1218
01:05:57.302,s16_8_4_0_b64_mb2,15937,8716,3967,2036,1218
01:05:57.803,s16_8_4_0_b64_mb2,15937,8716,3967,2036,1218
01:05:58.305,s16_8_4_0_b64_mb2,15937,8716,3967,2036,1218
01:05:58.806,s16_8_4_0_b64_mb2,15937,8716,3967,2036,1218
01:05:59.308,s16_8_4_0_b64_mb2,15937,8716,3967,2036,1218
01:05:59.810,s16_8_4_0_b64_mb2,15937,8716,3967,2036,1218
01:06:00.311,s16_8_4_0_b64_mb2,15937,8716,3967,2036,1218
01:06:00.813,s16_8_4_0_b64_mb2,15937,8716,3967,2036,1218
01:06:01.315,s16_8_4_0_b64_mb2,15937,8716,3967,2036,1218
01:06:01.817,s16_8_4_0_b64_mb2,15937,8716,3967,2036,1218
01:06:02.318,s16_8_4_0_b64_mb2,15937,8716,3967,2036,1218
01:06:02.820,s16_8_4_0_b64_mb2,15937,8716,3967,2036,1218
01:06:03.322,s16_8_4_0_b64_mb2,15937,8716,3967,2036,1218
01:06:03.823,s16_8_4_0_b64_mb2,15937,8716,3967,2036,1218
01:06:04.325,s16_8_4_0_b64_mb2,15937,8716,3967,2036,1218
01:06:04.826,s16_8_4_0_b64_mb2,15937,8716,3967,2036,1218
01:06:05.328,s16_8_4_0_b64_mb2,15937,8716,3967,2036,1218
01:06:05.830,s16_8_4_0_b64_mb2,15937,8716,3967,2036,1218
01:06:06.331,s16_8_4_0_b64_mb2,15937,8716,3967,2036,1218
01:06:06.833,s16_8_4_0_b64_mb2,15937,8716,3967,2036,1218
01:06:07.334,s16_8_4_0_b64_mb2,15937,8716,3967,2036,1218
01:06:07.836,s16_8_4_0_b64_mb2,15937,8716,3967,2036,1218
01:06:08.338,s16_8_4_0_b64_mb2,15937,8716,3967,2036,1218
01:06:08.839,s16_8_4_0_b64_mb2,15955,8734,3967,2036,1218
01:06:09.341,s16_8_4_0_b64_mb2,15967,8736,3977,2036,1218
01:06:09.842,s16_8_4_0_b64_mb2,15973,8736,3977,2042,1218
01:06:10.344,s16_8_4_0_b64_mb2,15975,8738,3977,2042,1218
01:06:10.846,s16_8_4_0_b64_mb2,15975,8738,3977,2042,1218
01:06:11.347,s16_8_4_0_b64_mb2,15975,8738,3977,2042,1218
01:06:11.849,s16_8_4_0_b64_mb2,15975,8738,3977,2042,1218
01:06:12.351,s16_8_4_0_b64_mb2,15975,8738,3977,2042,1218
01:06:12.852,s16_8_4_0_b64_mb2,15975,8738,3977,2042,1218
01:06:13.354,s16_8_4_0_b64_mb2,15975,8738,3977,2042,1218
01:06:13.855,s16_8_4_0_b64_mb2,15975,8738,3977,2042,1218
01:06:14.357,s16_8_4_0_b64_mb2,15975,8738,3977,2042,1218
01:06:14.859,s16_8_4_0_b64_mb2,15975,8738,3977,2042,1218
01:06:15.360,s16_8_4_0_b64_mb2,15975,8738,3977,2042,1218
01:06:15.862,s16_8_4_0_b64_mb2,15975,8738,3977,2042,1218
01:06:16.364,s16_8_4_0_b64_mb2,15975,8738,3977,2042,1218
01:06:16.865,s16_8_4_0_b64_mb2,15975,8738,3977,2042,1218
01:06:17.367,s16_8_4_0_b64_mb2,15975,8738,3977,2042,1218
01:06:17.869,s16_8_4_0_b64_mb2,15975,8738,3977,2042,1218
01:06:18.371,s16_8_4_0_b64_mb2,15975,8738,3977,2042,1218
01:06:18.872,s16_8_4_0_b64_mb2,15975,8738,3977,2042,1218
01:06:19.374,s16_8_4_0_b64_mb2,15975,8738,3977,2042,1218
01:06:19.876,s16_8_4_0_b64_mb2,15975,8738,3977,2042,1218
01:06:20.377,s16_8_4_0_b64_mb2,15975,8738,3977,2042,1218
01:06:20.879,s16_8_4_0_b64_mb2,15975,8738,3977,2042,1218
01:06:21.381,s16_8_4_0_b64_mb2,15975,8738,3977,2042,1218
01:06:21.882,s16_8_4_0_b64_mb2,15975,8738,3977,2042,1218
01:06:22.384,s16_8_4_0_b64_mb2,15975,8738,3977,2042,1218
01:06:22.886,s16_8_4_0_b64_mb2,15975,8738,3977,2042,1218
01:06:23.387,s16_8_4_0_b64_mb2,15975,8738,3977,2042,1218
01:06:23.889,s16_8_4_0_b64_mb2,15975,8738,3977,2042,1218
01:06:24.390,s16_8_4_0_b64_mb2,15975,8738,3977,2042,1218
01:06:24.892,s16_8_4_0_b64_mb2,15975,8738,3977,2042,1218
01:06:25.394,s16_8_4_0_b64_mb2,15975,8738,3977,2042,1218
01:06:25.895,s16_8_4_0_b64_mb2,15975,8738,3977,2042,1218
01:06:26.397,s16_8_4_0_b64_mb2,15979,8742,3977,2042,1218
01:06:26.899,s16_8_4_0_b64_mb2,16001,8764,3977,2042,1218
01:06:27.400,s16_8_4_0_b64_mb2,16015,8764,3991,2042,1218
01:06:27.902,s16_8_4_0_b64_mb2,16021,8764,3991,2048,1218
01:06:28.403,s16_8_4_0_b64_mb2,16023,8766,3991,2048,1218
01:06:28.905,s16_8_4_0_b64_mb2,16023,8766,3991,2048,1218
01:06:29.407,s16_8_4_0_b64_mb2,16023,8766,3991,2048,1218
01:06:29.908,s16_8_4_0_b64_mb2,16023,8766,3991,2048,1218
01:06:30.410,s16_8_4_0_b64_mb2,16023,8766,3991,2048,1218
01:06:30.912,s16_8_4_0_b64_mb2,16023,8766,3991,2048,1218
01:06:31.413,s16_8_4_0_b64_mb2,16023,8766,3991,2048,1218
01:06:31.915,s16_8_4_0_b64_mb2,16023,8766,3991,2048,1218
01:06:32.417,s16_8_4_0_b64_mb2,16023,8766,3991,2048,1218
01:06:32.918,s16_8_4_0_b64_mb2,16023,8766,3991,2048,1218
01:06:33.420,s16_8_4_0_b64_mb2,16023,8766,3991,2048,1218
01:06:33.922,s16_8_4_0_b64_mb2,16023,8766,3991,2048,1218
01:06:34.423,s16_8_4_0_b64_mb2,16023,8766,3991,2048,1218
01:06:34.925,s16_8_4_0_b64_mb2,16023,8766,3991,2048,1218
01:06:35.427,s16_8_4_0_b64_mb2,16023,8766,3991,2048,1218
01:06:35.928,s16_8_4_0_b64_mb2,16023,8766,3991,2048,1218
01:06:36.430,s16_8_4_0_b64_mb2,16023,8766,3991,2048,1218
01:06:36.932,s16_8_4_0_b64_mb2,16023,8766,3991,2048,1218
01:06:37.433,s16_8_4_0_b64_mb2,16023,8766,3991,2048,1218
01:06:37.935,s16_8_4_0_b64_mb2,16023,8766,3991,2048,1218
01:06:38.437,s16_8_4_0_b64_mb2,16023,8766,3991,2048,1218
01:06:38.938,s16_8_4_0_b64_mb2,16023,8766,3991,2048,1218
01:06:39.440,s16_8_4_0_b64_mb2,16023,8766,3991,2048,1218
01:06:39.942,s16_8_4_0_b64_mb2,16023,8766,3991,2048,1218
01:06:40.443,s16_8_4_0_b64_mb2,16023,8766,3991,2048,1218
01:06:40.945,s16_8_4_0_b64_mb2,16023,8766,3991,2048,1218
01:06:41.447,s16_8_4_0_b64_mb2,16023,8766,3991,2048,1218
01:06:41.948,s16_8_4_0_b64_mb2,16023,8766,3991,2048,1218
01:06:42.450,s16_8_4_0_b64_mb2,16023,8766,3991,2048,1218
01:06:42.952,s16_8_4_0_b64_mb2,16023,8766,3991,2048,1218
01:06:43.453,s16_8_4_0_b64_mb2,16023,8766,3991,2048,1218
01:06:43.955,s16_8_4_0_b64_mb2,16023,8766,3991,2048,1218
01:06:44.457,s16_8_4_0_b64_mb2,16023,8766,3991,2048,1218
01:06:44.958,s16_8_4_0_b64_mb2,16023,8766,3991,2048,1218
01:06:45.460,s16_8_4_0_b64_mb2,16023,8766,3991,2048,1218
01:06:45.962,s16_8_4_0_b64_mb2,16023,8766,3991,2048,1218
01:06:46.463,s16_8_4_0_b64_mb2,16023,8766,3991,2048,1218
01:06:46.965,s16_8_4_0_b64_mb2,16023,8766,3991,2048,1218
01:06:47.467,s16_8_4_0_b64_mb2,16023,8766,3991,2048,1218
01:06:47.968,s16_8_4_0_b64_mb2,16023,8766,3991,2048,1218
01:06:48.470,s16_8_4_0_b64_mb2,16023,8766,3991,2048,1218
01:06:48.972,s16_8_4_0_b64_mb2,16023,8766,3991,2048,1218
01:06:49.473,s16_8_4_0_b64_mb2,16023,8766,3991,2048,1218
01:06:49.975,s16_8_4_0_b64_mb2,16023,8766,3991,2050,1218
01:06:50.476,s16_8_4_0_b64_mb2,16025,8776,3991,2050,1218
01:06:50.978,s16_8_4_0_b64_mb2,16067,8804,3991,2050,1218
01:06:51.480,s16_8_4_0_b64_mb2,16087,8804,3995,2050,1218
01:06:51.981,s16_8_4_0_b64_mb2,16097,8804,4015,2060,1218
01:06:52.483,s16_8_4_0_b64_mb2,16099,8806,4015,2060,1218
01:06:52.984,s16_8_4_0_b64_mb2,16099,8806,4015,2060,1218
01:06:53.486,s16_8_4_0_b64_mb2,16101,8806,4015,2062,1218
01:06:53.988,s16_8_4_0_b64_mb2,16101,8806,4015,2062,1218
01:06:54.489,s16_8_4_0_b64_mb2,16101,8806,4015,2062,1218
01:06:54.991,s16_8_4_0_b64_mb2,16101,8806,4015,2062,1218
01:06:55.493,s16_8_4_0_b64_mb2,16101,8806,4015,2062,1218
01:06:55.994,s16_8_4_0_b64_mb2,16101,8806,4015,2062,1218
01:06:56.496,s16_8_4_0_b64_mb2,16101,8806,4015,2062,1218
01:06:56.997,s16_8_4_0_b64_mb2,16101,8806,4015,2062,1218
01:06:57.499,s16_8_4_0_b64_mb2,16101,8806,4015,2062,1218
01:06:58.001,s16_8_4_0_b64_mb2,16101,8806,4015,2062,1218
01:06:58.502,s16_8_4_0_b64_mb2,16101,8806,4015,2062,1218
01:06:59.004,s16_8_4_0_b64_mb2,16101,8806,4015,2062,1218
01:06:59.505,s16_8_4_0_b64_mb2,16101,8806,4015,2062,1218
01:07:00.007,s16_8_4_0_b64_mb2,16101,8806,4015,2062,1218
01:07:00.509,s16_8_4_0_b64_mb2,16101,8806,4015,2062,1218
01:07:01.010,s16_8_4_0_b64_mb2,16101,8806,4015,2062,1218
01:07:01.512,s16_8_4_0_b64_mb2,16101,8806,4015,2062,1218
01:07:02.014,s16_8_4_0_b64_mb2,16101,8806,4015,2062,1218
01:07:02.515,s16_8_4_0_b64_mb2,16101,8806,4015,2062,1218
01:07:03.017,s16_8_4_0_b64_mb2,16101,8806,4015,2062,1218
01:07:03.518,s16_8_4_0_b64_mb2,16101,8806,4015,2062,1218
01:07:04.020,s16_8_4_0_b64_mb2,16101,8806,4015,2062,1218
01:07:04.522,s16_8_4_0_b64_mb2,16101,8806,4015,2062,1218
01:07:05.023,s16_8_4_0_b64_mb2,16101,8806,4015,2062,1218
01:07:05.525,s16_8_4_0_b64_mb2,16101,8806,4015,2062,1218
01:07:06.026,s16_8_4_0_b64_mb2,16101,8806,4015,2062,1218
01:07:06.528,s16_8_4_0_b64_mb2,16101,8806,4015,2062,1218
01:07:07.030,s16_8_4_0_b64_mb2,16101,8806,4015,2062,1218
01:07:07.531,s16_8_4_0_b64_mb2,16101,8806,4015,2062,1218
01:07:08.033,s16_8_4_0_b64_mb2,16101,8806,4015,2062,1218
01:07:08.535,s16_8_4_0_b64_mb2,16101,8806,4015,2062,1218
01:07:09.036,s16_8_4_0_b64_mb2,16101,8806,4015,2062,1218
01:07:09.538,s16_8_4_0_b64_mb2,16101,8806,4015,2062,1218
01:07:10.039,s16_8_4_0_b64_mb2,16101,8806,4015,2062,1218
01:07:10.541,s16_8_4_0_b64_mb2,16101,8806,4015,2062,1218
01:07:11.043,s16_8_4_0_b64_mb2,16101,8806,4015,2062,1218
01:07:11.544,s16_8_4_0_b64_mb2,16101,8806,4015,2062,1218
01:07:12.046,s16_8_4_0_b64_mb2,16101,8806,4015,2062,1218
01:07:12.548,s16_8_4_0_b64_mb2,16101,8806,4015,2062,1218
01:07:13.049,s16_8_4_0_b64_mb2,16101,8806,4015,2062,1218
01:07:13.551,s16_8_4_0_b64_mb2,16101,8806,4015,2062,1218
01:07:14.052,s16_8_4_0_b64_mb2,16101,8806,4015,2062,1218
01:07:14.554,s16_8_4_0_b64_mb2,16101,8806,4015,2062,1218
01:07:15.056,s16_8_4_0_b64_mb2,16101,8806,4015,2062,1218
01:07:15.557,s16_8_4_0_b64_mb2,16101,8806,4015,2062,1218
01:07:16.059,s16_8_4_0_b64_mb2,16101,8806,4015,2062,1218
01:07:16.561,s16_8_4_0_b64_mb2,16101,8806,4015,2062,1218
01:07:17.062,s16_8_4_0_b64_mb2,16101,8806,4015,2062,1218
01:07:17.564,s16_8_4_0_b64_mb2,16101,8806,4015,2062,1218
01:07:18.066,s16_8_4_0_b64_mb2,16101,8806,4015,2062,1218
01:07:18.567,s16_8_4_0_b64_mb2,16101,8806,4015,2062,1218
01:07:19.069,s16_8_4_0_b64_mb2,16101,8806,4015,2062,1218
01:07:19.571,s16_8_4_0_b64_mb2,16101,8806,4015,2062,1218
01:07:20.072,s16_8_4_0_b64_mb2,16113,8818,4015,2062,1218
01:07:20.574,s16_8_4_0_b64_mb2,16151,8852,4019,2062,1218
01:07:21.075,s16_8_4_0_b64_mb2,16173,8852,4039,2064,1218
01:07:21.577,s16_8_4_0_b64_mb2,16183,8854,4039,2072,1218
01:07:22.079,s16_8_4_0_b64_mb2,16183,8854,4039,2072,1218
01:07:22.580,s16_8_4_0_b64_mb2,16183,8854,4039,2072,1218
01:07:23.082,s16_8_4_0_b64_mb2,16185,8854,4039,2074,1218
01:07:23.584,s16_8_4_0_b64_mb2,16185,8854,4039,2074,1218
01:07:24.085,s16_8_4_0_b64_mb2,16185,8854,4039,2074,1218
01:07:24.587,s16_8_4_0_b64_mb2,16185,8854,4039,2074,1218
01:07:25.089,s16_8_4_0_b64_mb2,16185,8854,4039,2074,1218
01:07:25.590,s16_8_4_0_b64_mb2,16185,8854,4039,2074,1218
01:07:26.092,s16_8_4_0_b64_mb2,16187,8854,4041,2074,1218
01:07:26.594,s16_8_4_0_b64_mb2,16187,8854,4041,2074,1218
01:07:27.095,s16_8_4_0_b64_mb2,16187,8854,4041,2074,1218
01:07:27.597,s16_8_4_0_b64_mb2,16187,8854,4041,2074,1218
01:07:28.098,s16_8_4_0_b64_mb2,16187,8854,4041,2074,1218
01:07:28.600,s16_8_4_0_b64_mb2,16187,8854,4041,2074,1218
01:07:29.102,s16_8_4_0_b64_mb2,16187,8854,4041,2074,1218
01:07:29.603,s16_8_4_0_b64_mb2,16187,8854,4041,2074,1218
01:07:30.105,s16_8_4_0_b64_mb2,16187,8854,4041,2074,1218
01:07:30.606,s16_8_4_0_b64_mb2,16187,8854,4041,2074,1218
01:07:31.108,s16_8_4_0_b64_mb2,16187,8854,4041,2074,1218
01:07:31.610,s16_8_4_0_b64_mb2,16187,8854,4041,2074,1218
01:07:32.111,s16_8_4_0_b64_mb2,16187,8854,4041,2074,1218
01:07:32.613,s16_8_4_0_b64_mb2,16187,8854,4041,2074,1218
01:07:33.115,s16_8_4_0_b64_mb2,16187,8854,4041,2074,1218
01:07:33.616,s16_8_4_0_b64_mb2,16187,8854,4041,2074,1218
01:07:34.118,s16_8_4_0_b64_mb2,16187,8854,4041,2074,1218
01:07:34.620,s16_8_4_0_b64_mb2,16187,8854,4041,2074,1218
01:07:35.121,s16_8_4_0_b64_mb2,16187,8854,4041,2074,1218
01:07:35.623,s16_8_4_0_b64_mb2,16187,8854,4041,2074,1218
01:07:36.125,s16_8_4_0_b64_mb2,16187,8854,4041,2074,1218
01:07:36.626,s16_8_4_0_b64_mb2,16187,8854,4041,2074,1218
01:07:37.128,s16_8_4_0_b64_mb2,16187,8854,4041,2074,1218
01:07:37.630,s16_8_4_0_b64_mb2,16187,8854,4041,2074,1218
01:07:38.131,s16_8_4_0_b64_mb2,16187,8854,4041,2074,1218
01:07:38.633,s16_8_4_0_b64_mb2,16187,8854,4041,2074,1218
01:07:39.135,s16_8_4_0_b64_mb2,16187,8854,4041,2074,1218
01:07:39.636,s16_8_4_0_b64_mb2,16187,8854,4041,2074,1218
01:07:40.138,s16_8_4_0_b64_mb2,16187,8854,4041,2074,1218
01:07:40.640,s16_8_4_0_b64_mb2,16187,8854,4041,2074,1218
01:07:41.141,s16_8_4_0_b64_mb2,16187,8854,4041,2074,1218
01:07:41.643,s16_8_4_0_b64_mb2,16187,8854,4041,2074,1218
01:07:42.145,s16_8_4_0_b64_mb2,16187,8854,4041,2074,1218
01:07:42.646,s16_8_4_0_b64_mb2,16187,8854,4041,2074,1218
01:07:43.148,s16_8_4_0_b64_mb2,16187,8854,4041,2074,1218
01:07:43.650,s16_8_4_0_b64_mb2,16187,8854,4041,2074,1218
01:07:44.152,s16_8_4_0_b64_mb2,16187,8854,4041,2074,1218
01:07:44.653,s16_8_4_0_b64_mb2,16187,8854,4041,2074,1218
01:07:45.155,s16_8_4_0_b64_mb2,16187,8854,4041,2074,1218
01:07:45.656,s16_8_4_0_b64_mb2,16187,8854,4041,2074,1218
01:07:46.158,s16_8_4_0_b64_mb2,16187,8854,4041,2074,1218
01:07:46.660,s16_8_4_0_b64_mb2,16187,8854,4041,2074,1218
01:07:47.161,s16_8_4_0_b64_mb2,16187,8854,4041,2074,1218
01:07:47.663,s16_8_4_0_b64_mb2,16187,8854,4041,2074,1218
01:07:48.165,s16_8_4_0_b64_mb2,16187,8854,4041,2074,1218
01:07:48.666,s16_8_4_0_b64_mb2,16187,8854,4041,2074,1218
01:07:49.168,s16_8_4_0_b64_mb2,16187,8854,4041,2074,1218
01:07:49.670,s16_8_4_0_b64_mb2,16187,8854,4041,2074,1218
01:07:50.171,s16_8_4_0_b64_mb2,16187,8854,4041,2074,1218
01:07:50.673,s16_8_4_0_b64_mb2,16187,8854,4041,2074,1218
01:07:51.175,s16_8_4_0_b64_mb2,16187,8854,4041,2074,1218
01:07:51.676,s16_8_4_0_b64_mb2,16187,8854,4041,2074,1218
01:07:52.178,s16_8_4_0_b64_mb2,16187,8854,4041,2074,1218
01:07:52.680,s16_8_4_0_b64_mb2,16187,8854,4041,2074,1218
01:07:53.181,s16_8_4_0_b64_mb2,16187,8854,4041,2074,1218
01:07:53.683,s16_8_4_0_b64_mb2,16187,8854,4041,2074,1218
01:07:54.185,s16_8_4_0_b64_mb2,16187,8854,4041,2074,1218
01:07:54.686,s16_8_4_0_b64_mb2,16187,8854,4041,2074,1218
01:07:55.188,s16_8_4_0_b64_mb2,16187,8854,4041,2074,1218
01:07:55.690,s16_8_4_0_b64_mb2,16187,8854,4041,2074,1218
01:07:56.191,s16_8_4_0_b64_mb2,16187,8854,4041,2074,1218
01:07:56.693,s16_8_4_0_b64_mb2,16187,8854,4041,2074,1218
01:07:57.195,s16_8_4_0_b64_mb2,16187,8854,4041,2074,1218
01:07:57.696,s16_8_4_0_b64_mb2,16187,8854,4041,2074,1218
01:07:58.198,s16_8_4_0_b64_mb2,16187,8854,4041,2074,1218
01:07:58.700,s16_8_4_0_b64_mb2,16187,8854,4041,2074,1218
01:07:59.201,s16_8_4_0_b64_mb2,16187,8854,4041,2074,1218
01:07:59.703,s16_8_4_0_b64_mb2,16235,8902,4041,2074,1218
01:08:00.205,s16_8_4_0_b64_mb2,16277,8920,4065,2074,1218
01:08:00.706,s16_8_4_0_b64_mb2,16301,8920,4073,2090,1218
01:08:01.208,s16_8_4_0_b64_mb2,16303,8922,4073,2090,1218
01:08:01.709,s16_8_4_0_b64_mb2,16303,8922,4073,2090,1218
01:08:02.211,s16_8_4_0_b64_mb2,16303,8922,4073,2090,1218
01:08:02.713,s16_8_4_0_b64_mb2,16303,8922,4073,2090,1218
01:08:03.214,s16_8_4_0_b64_mb2,16303,8922,4073,2090,1218
01:08:03.716,s16_8_4_0_b64_mb2,16303,8922,4073,2090,1218
01:08:04.218,s16_8_4_0_b64_mb2,16303,8922,4073,2090,1218
01:08:04.720,s16_8_4_0_b64_mb2,16303,8922,4073,2090,1218
01:08:05.221,s16_8_4_0_b64_mb2,16303,8922,4073,2090,1218
01:08:05.723,s16_8_4_0_b64_mb2,16303,8922,4073,2090,1218
01:08:06.225,s16_8_4_0_b64_mb2,16303,8922,4073,2090,1218
01:08:06.726,s16_8_4_0_b64_mb2,16303,8922,4073,2090,1218
01:08:07.228,s16_8_4_0_b64_mb2,16303,8922,4073,2090,1218
01:08:07.730,s16_8_4_0_b64_mb2,16303,8922,4073,2090,1218
01:08:08.231,s16_8_4_0_b64_mb2,16303,8922,4073,2090,1218
01:08:08.733,s16_8_4_0_b64_mb2,16303,8922,4073,2090,1218
01:08:09.235,s16_8_4_0_b64_mb2,16303,8922,4073,2090,1218
01:08:09.736,s16_8_4_0_b64_mb2,16303,8922,4073,2090,1218
01:08:10.238,s16_8_4_0_b64_mb2,16303,8922,4073,2090,1218
01:08:10.740,s16_8_4_0_b64_mb2,16303,8922,4073,2090,1218
01:08:11.241,s16_8_4_0_b64_mb2,16303,8922,4073,2090,1218
01:08:11.743,s16_8_4_0_b64_mb2,16303,8922,4073,2090,1218
01:08:12.245,s16_8_4_0_b64_mb2,16303,8922,4073,2090,1218
01:08:12.746,s16_8_4_0_b64_mb2,16303,8922,4073,2090,1218
01:08:13.248,s16_8_4_0_b64_mb2,16303,8922,4073,2090,1218
01:08:13.750,s16_8_4_0_b64_mb2,16303,8922,4073,2090,1218
01:08:14.251,s16_8_4_0_b64_mb2,16303,8922,4073,2090,1218
01:08:14.753,s16_8_4_0_b64_mb2,16303,8922,4073,2090,1218
01:08:15.255,s16_8_4_0_b64_mb2,16303,8922,4073,2090,1218
01:08:15.756,s16_8_4_0_b64_mb2,16303,8922,4073,2090,1218
01:08:16.258,s16_8_4_0_b64_mb2,16303,8922,4073,2090,1218
01:08:16.760,s16_8_4_0_b64_mb2,16303,8922,4073,2090,1218
01:08:17.261,s16_8_4_0_b64_mb2,16303,8922,4073,2090,1218
01:08:17.763,s16_8_4_0_b64_mb2,16303,8922,4073,2090,1218
01:08:18.265,s16_8_4_0_b64_mb2,16303,8922,4073,2090,1218
01:08:18.766,s16_8_4_0_b64_mb2,16303,8922,4073,2090,1218
01:08:19.268,s16_8_4_0_b64_mb2,16303,8922,4073,2090,1218
01:08:19.770,s16_8_4_0_b64_mb2,16303,8922,4073,2090,1218
01:08:20.271,s16_8_4_0_b64_mb2,16303,8922,4073,2090,1218
01:08:20.773,s16_8_4_0_b64_mb2,16303,8922,4073,2090,1218
01:08:21.275,s16_8_4_0_b64_mb2,16303,8922,4073,2090,1218
01:08:21.776,s16_8_4_0_b64_mb2,16303,8922,4073,2090,1218
01:08:22.278,s16_8_4_0_b64_mb2,16303,8922,4073,2090,1218
01:08:22.780,s16_8_4_0_b64_mb2,16303,8922,4073,2090,1218
01:08:23.281,s16_8_4_0_b64_mb2,16303,8922,4073,2090,1218
01:08:23.783,s16_8_4_0_b64_mb2,16303,8922,4073,2090,1218
01:08:24.285,s16_8_4_0_b64_mb2,16303,8922,4073,2090,1218
01:08:24.786,s16_8_4_0_b64_mb2,16303,8922,4073,2090,1218
01:08:25.288,s16_8_4_0_b64_mb2,16303,8922,4073,2090,1218
01:08:25.790,s16_8_4_0_b64_mb2,16303,8922,4073,2090,1218
01:08:26.292,s16_8_4_0_b64_mb2,16303,8922,4073,2090,1218
01:08:26.793,s16_8_4_0_b64_mb2,16303,8922,4073,2090,1218
01:08:27.295,s16_8_4_0_b64_mb2,16303,8922,4073,2090,1218
01:08:27.797,s16_8_4_0_b64_mb2,16303,8922,4073,2090,1218
01:08:28.298,s16_8_4_0_b64_mb2,16303,8922,4073,2090,1218
01:08:28.800,s16_8_4_0_b64_mb2,16303,8922,4073,2090,1218
01:08:29.302,s16_8_4_0_b64_mb2,16303,8922,4073,2090,1218
01:08:29.803,s16_8_4_0_b64_mb2,16303,8922,4073,2090,1218
01:08:30.305,s16_8_4_0_b64_mb2,16303,8922,4073,2090,1218
01:08:30.807,s16_8_4_0_b64_mb2,16303,8922,4073,2090,1218
01:08:31.308,s16_8_4_0_b64_mb2,16303,8922,4073,2090,1218
01:08:31.810,s16_8_4_0_b64_mb2,16303,8922,4073,2090,1218
01:08:32.312,s16_8_4_0_b64_mb2,16303,8922,4073,2090,1218
01:08:32.813,s16_8_4_0_b64_mb2,16303,8922,4073,2090,1218
01:08:33.315,s16_8_4_0_b64_mb2,16303,8922,4073,2090,1218
01:08:33.817,s16_8_4_0_b64_mb2,16303,8922,4073,2090,1218
01:08:34.318,s16_8_4_0_b64_mb2,16303,8922,4073,2090,1218
01:08:34.820,s16_8_4_0_b64_mb2,16303,8922,4073,2090,1218
01:08:35.322,s16_8_4_0_b64_mb2,16303,8922,4073,2090,1218
01:08:35.823,s16_8_4_0_b64_mb2,16303,8922,4073,2090,1218
01:08:36.325,s16_8_4_0_b64_mb2,16303,8922,4073,2090,1218
01:08:36.827,s16_8_4_0_b64_mb2,16303,8922,4073,2090,1218
01:08:37.328,s16_8_4_0_b64_mb2,16303,8922,4073,2090,1218
01:08:37.830,s16_8_4_0_b64_mb2,16303,8922,4073,2090,1218
01:08:38.332,s16_8_4_0_b64_mb2,16303,8922,4073,2090,1218
01:08:38.833,s16_8_4_0_b64_mb2,16303,8922,4073,2090,1218
01:08:39.335,s16_8_4_0_b64_mb2,16303,8922,4073,2090,1218
01:08:39.837,s16_8_4_0_b64_mb2,16303,8922,4073,2090,1218
01:08:40.339,s16_8_4_0_b64_mb2,16303,8922,4073,2090,1218
01:08:40.840,s16_8_4_0_b64_mb2,16303,8922,4073,2090,1218
01:08:41.342,s16_8_4_0_b64_mb2,16303,8922,4073,2090,1218
01:08:41.844,s16_8_4_0_b64_mb2,16303,8922,4073,2090,1218
01:08:42.345,s16_8_4_0_b64_mb2,16303,8922,4073,2090,1218
01:08:42.847,s16_8_4_0_b64_mb2,16303,8922,4073,2090,1218
01:08:43.349,s16_8_4_0_b64_mb2,16303,8922,4073,2090,1218
01:08:43.850,s16_8_4_0_b64_mb2,16303,8922,4073,2090,1218
01:08:44.352,s16_8_4_0_b64_mb2,16303,8922,4073,2090,1218
01:08:44.854,s16_8_4_0_b64_mb2,16303,8922,4073,2090,1218
01:08:45.355,s16_8_4_0_b64_mb2,16303,8922,4073,2090,1218
01:08:45.857,s16_8_4_0_b64_mb2,16303,8922,4073,2090,1218
01:08:46.358,s16_8_4_0_b64_mb2,16303,8922,4073,2090,1218
01:08:46.860,s16_8_4_0_b64_mb2,16303,8922,4073,2090,1218
01:08:47.362,s16_8_4_0_b64_mb2,16303,8922,4073,2090,1218
01:08:47.864,s16_8_4_0_b64_mb2,16303,8922,4073,2090,1218
01:08:48.365,s16_8_4_0_b64_mb2,16303,8922,4073,2090,1218
01:08:48.867,s16_8_4_0_b64_mb2,16303,8922,4073,2090,1218
01:08:49.369,s16_8_4_0_b64_mb2,16303,8922,4073,2090,1218
01:08:49.870,s16_8_4_0_b64_mb2,16303,8922,4073,2090,1218
01:08:50.372,s16_8_4_0_b64_mb2,16303,8922,4073,2090,1218
01:08:50.873,s16_8_4_0_b64_mb2,16303,8922,4073,2090,1218
01:08:51.375,s16_8_4_0_b64_mb2,16303,8922,4073,2090,1218
01:08:51.877,s16_8_4_0_b64_mb2,16303,8922,4073,2090,1218
01:08:52.378,s16_8_4_0_b64_mb2,16303,8922,4073,2090,1218
01:08:52.880,s16_8_4_0_b64_mb2,16303,8922,4073,2090,1218
01:08:53.382,s16_8_4_0_b64_mb2,16303,8922,4073,2090,1218
01:08:53.883,s16_8_4_0_b64_mb2,16303,8922,4073,2090,1218
01:08:54.385,s16_8_4_0_b64_mb2,16303,8922,4073,2090,1218
01:08:54.887,s16_8_4_0_b64_mb2,16303,8922,4073,2090,1218
01:08:55.388,s16_8_4_0_b64_mb2,16345,8964,4073,2090,1218
01:08:55.890,s16_8_4_0_b64_mb2,16421,9022,4093,2090,1218
01:08:56.392,s16_8_4_0_b64_mb2,16467,9022,4123,2104,1218
01:08:56.893,s16_8_4_0_b64_mb2,16479,9024,4123,2114,1218
01:08:57.395,s16_8_4_0_b64_mb2,16483,9026,4125,2114,1218
01:08:57.896,s16_8_4_0_b64_mb2,16485,9026,4125,2116,1218
01:08:58.398,s16_8_4_0_b64_mb2,16485,9026,4125,2116,1218
01:08:58.900,s16_8_4_0_b64_mb2,16485,9026,4125,2116,1218
01:08:59.401,s16_8_4_0_b64_mb2,16485,9026,4125,2116,1218
01:08:59.903,s16_8_4_0_b64_mb2,16485,9026,4125,2116,1218
01:09:00.405,s16_8_4_0_b64_mb2,16485,9026,4125,2116,1218
01:09:00.906,s16_8_4_0_b64_mb2,16485,9026,4125,2116,1218
01:09:01.408,s16_8_4_0_b64_mb2,16485,9026,4125,2116,1218
01:09:01.910,s16_8_4_0_b64_mb2,16485,9026,4125,2116,1218
01:09:02.411,s16_8_4_0_b64_mb2,16485,9026,4125,2116,1218
01:09:02.913,s16_8_4_0_b64_mb2,16485,9026,4125,2116,1218
01:09:03.415,s16_8_4_0_b64_mb2,16485,9026,4125,2116,1218
01:09:03.916,s16_8_4_0_b64_mb2,16485,9026,4125,2116,1218
01:09:04.418,s16_8_4_0_b64_mb2,16485,9026,4125,2116,1218
01:09:04.920,s16_8_4_0_b64_mb2,16485,9026,4125,2116,1218
01:09:05.421,s16_8_4_0_b64_mb2,16485,9026,4125,2116,1218
01:09:05.923,s16_8_4_0_b64_mb2,16485,9026,4125,2116,1218
01:09:06.424,s16_8_4_0_b64_mb2,16485,9026,4125,2116,1218
01:09:06.926,s16_8_4_0_b64_mb2,16485,9026,4125,2116,1218
01:09:07.428,s16_8_4_0_b64_mb2,16485,9026,4125,2116,1218
01:09:07.929,s16_8_4_0_b64_mb2,16485,9026,4125,2116,1218
01:09:08.431,s16_8_4_0_b64_mb2,16485,9026,4125,2116,1218
01:09:08.933,s16_8_4_0_b64_mb2,16485,9026,4125,2116,1218
01:09:09.434,s16_8_4_0_b64_mb2,16485,9026,4125,2116,1218
01:09:09.936,s16_8_4_0_b64_mb2,16485,9026,4125,2116,1218
01:09:10.437,s16_8_4_0_b64_mb2,16485,9026,4125,2116,1218
01:09:10.939,s16_8_4_0_b64_mb2,16485,9026,4125,2116,1218
01:09:11.441,s16_8_4_0_b64_mb2,16485,9026,4125,2116,1218
01:09:11.942,s16_8_4_0_b64_mb2,16485,9026,4125,2116,1218
01:09:12.444,s16_8_4_0_b64_mb2,16485,9026,4125,2116,1218
01:09:12.946,s16_8_4_0_b64_mb2,16485,9026,4125,2116,1218
01:09:13.447,s16_8_4_0_b64_mb2,16485,9026,4125,2116,1218
01:09:13.949,s16_8_4_0_b64_mb2,16485,9026,4125,2116,1218
01:09:14.451,s16_8_4_0_b64_mb2,16485,9026,4125,2116,1218
01:09:14.952,s16_8_4_0_b64_mb2,16485,9026,4125,2116,1218
01:09:15.454,s16_8_4_0_b64_mb2,16485,9026,4125,2116,1218
01:09:15.956,s16_8_4_0_b64_mb2,16485,9026,4125,2116,1218
01:09:16.457,s16_8_4_0_b64_mb2,16485,9026,4125,2116,1218
01:09:16.959,s16_8_4_0_b64_mb2,16485,9026,4125,2116,1218
01:09:17.460,s16_8_4_0_b64_mb2,16485,9026,4125,2116,1218
01:09:17.962,s16_8_4_0_b64_mb2,16485,9026,4125,2116,1218
01:09:18.464,s16_8_4_0_b64_mb2,16485,9026,4125,2116,1218
01:09:18.965,s16_8_4_0_b64_mb2,16485,9026,4125,2116,1218
01:09:19.467,s16_8_4_0_b64_mb2,16485,9026,4125,2116,1218
01:09:19.969,s16_8_4_0_b64_mb2,16485,9026,4125,2116,1218
01:09:20.470,s16_8_4_0_b64_mb2,16485,9026,4125,2116,1218
01:09:20.972,s16_8_4_0_b64_mb2,16485,9026,4125,2116,1218
01:09:21.473,s16_8_4_0_b64_mb2,16485,9026,4125,2116,1218
01:09:21.975,s16_8_4_0_b64_mb2,16485,9026,4125,2116,1218
01:09:22.477,s16_8_4_0_b64_mb2,16485,9026,4125,2116,1218
01:09:22.978,s16_8_4_0_b64_mb2,16485,9026,4125,2116,1218
01:09:23.480,s16_8_4_0_b64_mb2,16485,9026,4125,2116,1218
01:09:23.982,s16_8_4_0_b64_mb2,16485,9026,4125,2116,1218
01:09:24.483,s16_8_4_0_b64_mb2,16485,9026,4125,2116,1218
01:09:24.985,s16_8_4_0_b64_mb2,16485,9026,4125,2116,1218
01:09:25.487,s16_8_4_0_b64_mb2,16485,9026,4125,2116,1218
01:09:25.988,s16_8_4_0_b64_mb2,16485,9026,4125,2116,1218
01:09:26.490,s16_8_4_0_b64_mb2,16485,9026,4125,2116,1218
01:09:26.992,s16_8_4_0_b64_mb2,16485,9026,4125,2116,1218
01:09:27.493,s16_8_4_0_b64_mb2,16485,9026,4125,2116,1218
01:09:27.995,s16_8_4_0_b64_mb2,16485,9026,4125,2116,1218
01:09:28.497,s16_8_4_0_b64_mb2,16485,9026,4125,2116,1218
01:09:28.998,s16_8_4_0_b64_mb2,16485,9026,4125,2116,1218
01:09:29.500,s16_8_4_0_b64_mb2,16485,9026,4125,2116,1218
01:09:30.002,s16_8_4_0_b64_mb2,16485,9026,4125,2116,1218
01:09:30.503,s16_8_4_0_b64_mb2,16485,9026,4125,2116,1218
01:09:31.005,s16_8_4_0_b64_mb2,16485,9026,4125,2116,1218
01:09:31.507,s16_8_4_0_b64_mb2,16485,9026,4125,2116,1218
01:09:32.008,s16_8_4_0_b64_mb2,16485,9026,4125,2116,1218
01:09:32.510,s16_8_4_0_b64_mb2,16485,9026,4125,2116,1218
01:09:33.012,s16_8_4_0_b64_mb2,16485,9026,4125,2116,1218
01:09:33.513,s16_8_4_0_b64_mb2,16485,9026,4125,2116,1218
01:09:34.015,s16_8_4_0_b64_mb2,16485,9026,4125,2116,1218
01:09:34.516,s16_8_4_0_b64_mb2,16485,9026,4125,2116,1218
01:09:35.018,s16_8_4_0_b64_mb2,16485,9026,4125,2116,1218
01:09:35.520,s16_8_4_0_b64_mb2,16485,9026,4125,2116,1218
01:09:36.021,s16_8_4_0_b64_mb2,16485,9026,4125,2116,1218
01:09:36.523,s16_8_4_0_b64_mb2,16485,9026,4125,2116,1218
01:09:37.024,s16_8_4_0_b64_mb2,16485,9026,4125,2116,1218
01:09:37.526,s16_8_4_0_b64_mb2,16485,9026,4125,2116,1218
01:09:38.028,s16_8_4_0_b64_mb2,16485,9026,4125,2116,1218
01:09:38.529,s16_8_4_0_b64_mb2,16485,9026,4125,2116,1218
01:09:39.031,s16_8_4_0_b64_mb2,16485,9026,4125,2116,1218
01:09:39.533,s16_8_4_0_b64_mb2,16485,9026,4125,2116,1218
01:09:40.034,s16_8_4_0_b64_mb2,16485,9026,4125,2116,1218
01:09:40.536,s16_8_4_0_b64_mb2,16485,9026,4125,2116,1218
01:09:41.037,s16_8_4_0_b64_mb2,16485,9026,4125,2116,1218
01:09:41.539,s16_8_4_0_b64_mb2,16485,9026,4125,2116,1218
01:09:42.041,s16_8_4_0_b64_mb2,16485,9026,4125,2116,1218
01:09:42.542,s16_8_4_0_b64_mb2,16485,9026,4125,2116,1218
01:09:43.044,s16_8_4_0_b64_mb2,16485,9026,4125,2116,1218
01:09:43.546,s16_8_4_0_b64_mb2,16485,9026,4125,2116,1218
01:09:44.047,s16_8_4_0_b64_mb2,16485,9026,4125,2116,1218
01:09:44.549,s16_8_4_0_b64_mb2,16485,9026,4125,2116,1218
01:09:45.051,s16_8_4_0_b64_mb2,16485,9026,4125,2116,1218
01:09:45.552,s16_8_4_0_b64_mb2,16485,9026,4125,2116,1218
01:09:46.054,s16_8_4_0_b64_mb2,16485,9026,4125,2116,1218
01:09:46.556,s16_8_4_0_b64_mb2,16485,9026,4125,2116,1218
01:09:47.057,s16_8_4_0_b64_mb2,16485,9026,4125,2116,1218
01:09:47.559,s16_8_4_0_b64_mb2,16485,9026,4125,2116,1218
01:09:48.061,s16_8_4_0_b64_mb2,16485,9026,4125,2116,1218
01:09:48.562,s16_8_4_0_b64_mb2,16485,9026,4125,2116,1218
01:09:49.064,s16_8_4_0_b64_mb2,16485,9026,4125,2116,1218
01:09:49.565,s16_8_4_0_b64_mb2,16485,9026,4125,2116,1218
01:09:50.067,s16_8_4_0_b64_mb2,16485,9026,4125,2116,1218
01:09:50.569,s16_8_4_0_b64_mb2,16485,9026,4125,2116,1218
01:09:51.071,s16_8_4_0_b64_mb2,16485,9026,4125,2116,1218
01:09:51.572,s16_8_4_0_b64_mb2,16485,9026,4125,2116,1218
01:09:52.074,s16_8_4_0_b64_mb2,16485,9026,4125,2116,1218
01:09:52.575,s16_8_4_0_b64_mb2,16485,9026,4125,2116,1218
01:09:53.077,s16_8_4_0_b64_mb2,16485,9026,4125,2116,1218
01:09:53.579,s16_8_4_0_b64_mb2,16485,9026,4125,2116,1218
01:09:54.080,s16_8_4_0_b64_mb2,16485,9026,4125,2116,1218
01:09:54.582,s16_8_4_0_b64_mb2,16485,9026,4125,2116,1218
01:09:55.084,s16_8_4_0_b64_mb2,16485,9026,4125,2116,1218
01:09:55.586,s16_8_4_0_b64_mb2,16485,9026,4125,2116,1218
01:09:56.087,s16_8_4_0_b64_mb2,16485,9026,4125,2116,1218
01:09:56.589,s16_8_4_0_b64_mb2,16485,9026,4125,2116,1218
01:09:57.090,s16_8_4_0_b64_mb2,16485,9026,4125,2116,1218
01:09:57.592,s16_8_4_0_b64_mb2,16485,9026,4125,2116,1218
01:09:58.094,s16_8_4_0_b64_mb2,16485,9026,4125,2116,1218
01:09:58.595,s16_8_4_0_b64_mb2,16485,9026,4125,2116,1218
01:09:59.097,s16_8_4_0_b64_mb2,16485,9026,4125,2116,1218
01:09:59.599,s16_8_4_0_b64_mb2,16485,9026,4125,2116,1218
01:10:00.100,s16_8_4_0_b64_mb2,16485,9026,4125,2116,1218
01:10:00.602,s16_8_4_0_b64_mb2,16485,9026,4125,2116,1218
01:10:01.104,s16_8_4_0_b64_mb2,16485,9026,4125,2116,1218
01:10:01.605,s16_8_4_0_b64_mb2,16485,9026,4125,2116,1218
01:10:02.107,s16_8_4_0_b64_mb2,16485,9026,4125,2116,1218
01:10:02.609,s16_8_4_0_b64_mb2,16485,9026,4125,2116,1218
01:10:03.110,s16_8_4_0_b64_mb2,16485,9026,4125,2116,1218
01:10:03.612,s16_8_4_0_b64_mb2,16485,9026,4125,2116,1218
01:10:04.114,s16_8_4_0_b64_mb2,16485,9026,4125,2116,1218
01:10:04.616,s16_8_4_0_b64_mb2,16485,9026,4125,2116,1218
01:10:05.117,s16_8_4_0_b64_mb2,16485,9026,4125,2116,1218
01:10:05.619,s16_8_4_0_b64_mb2,16485,9026,4125,2116,1218
01:10:06.121,s16_8_4_0_b64_mb2,16485,9026,4125,2116,1218
01:10:06.622,s16_8_4_0_b64_mb2,16485,9026,4125,2116,1218
01:10:07.124,s16_8_4_0_b64_mb2,16485,9026,4125,2116,1218
01:10:07.625,s16_8_4_0_b64_mb2,16485,9026,4125,2116,1218
01:10:08.127,s16_8_4_0_b64_mb2,16485,9026,4125,2116,1218
01:10:08.629,s16_8_4_0_b64_mb2,16485,9026,4125,2116,1218
01:10:09.130,s16_8_4_0_b64_mb2,16485,9026,4125,2116,1218
01:10:09.632,s16_8_4_0_b64_mb2,16485,9026,4125,2116,1218
01:10:10.134,s16_8_4_0_b64_mb2,16485,9026,4125,2116,1218
01:10:10.636,s16_8_4_0_b64_mb2,16485,9026,4125,2116,1218
01:10:11.137,s16_8_4_0_b64_mb2,16485,9026,4125,2116,1218
01:10:11.639,s16_8_4_0_b64_mb2,16485,9026,4125,2116,1218
01:10:12.141,s16_8_4_0_b64_mb2,16485,9026,4125,2116,1218
01:10:12.642,s16_8_4_0_b64_mb2,16485,9026,4125,2116,1218
01:10:13.144,s16_8_4_0_b64_mb2,16485,9026,4125,2116,1218
01:10:13.646,s16_8_4_0_b64_mb2,16485,9026,4125,2116,1218
01:10:14.147,s16_8_4_0_b64_mb2,16485,9026,4125,2116,1218
01:10:14.649,s16_8_4_0_b64_mb2,16485,9026,4125,2116,1218
01:10:15.151,s16_8_4_0_b64_mb2,16485,9026,4125,2116,1218
01:10:15.652,s16_8_4_0_b64_mb2,16485,9026,4125,2116,1218
01:10:16.154,s16_8_4_0_b64_mb2,16485,9026,4125,2116,1218
01:10:16.655,s16_8_4_0_b64_mb2,16485,9026,4125,2116,1218
01:10:17.157,s16_8_4_0_b64_mb2,16485,9026,4125,2116,1218
01:10:17.659,s16_8_4_0_b64_mb2,16485,9026,4125,2116,1218
01:10:18.160,s16_8_4_0_b64_mb2,16485,9026,4125,2116,1218
01:10:18.662,s16_8_4_0_b64_mb2,16485,9026,4125,2116,1218
01:10:19.164,s16_8_4_0_b64_mb2,16485,9026,4125,2116,1218
01:10:19.665,s16_8_4_0_b64_mb2,16485,9026,4125,2116,1218
01:10:20.167,s16_8_4_0_b64_mb2,16517,9056,4125,2116,1218
01:10:20.669,s16_8_4_0_b64_mb2,16653,9192,4125,2116,1218
01:10:21.170,s16_8_4_0_b64_mb2,16743,9194,4209,2122,1218
01:10:21.672,s16_8_4_0_b64_mb2,16779,9194,4209,2158,1218
01:10:22.174,s16_8_4_0_b64_mb2,16781,9196,4209,2158,1218
01:10:22.676,s16_8_4_0_b64_mb2,16783,9196,4211,2158,1218
01:10:23.177,s16_8_4_0_b64_mb2,16785,9196,4211,2160,1218
01:10:23.679,s16_8_4_0_b64_mb2,16785,9196,4211,2160,1218
01:10:24.181,s16_8_4_0_b64_mb2,16785,9196,4211,2160,1218
01:10:24.683,s16_8_4_0_b64_mb2,16785,9196,4211,2160,1218
01:10:25.184,s16_8_4_0_b64_mb2,16785,9196,4211,2160,1218
01:10:25.686,s16_8_4_0_b64_mb2,16785,9196,4211,2160,1218
01:10:26.188,s16_8_4_0_b64_mb2,16785,9196,4211,2160,1218
01:10:26.690,s16_8_4_0_b64_mb2,16785,9196,4211,2160,1218
01:10:27.191,s16_8_4_0_b64_mb2,16785,9196,4211,2160,1218
01:10:27.693,s16_8_4_0_b64_mb2,16785,9196,4211,2160,1218
01:10:28.195,s16_8_4_0_b64_mb2,16785,9196,4211,2160,1218
01:10:28.696,s16_8_4_0_b64_mb2,16785,9196,4211,2160,1218
01:10:29.198,s16_8_4_0_b64_mb2,16785,9196,4211,2160,1218
01:10:29.700,s16_8_4_0_b64_mb2,16785,9196,4211,2160,1218
01:10:30.201,s16_8_4_0_b64_mb2,16785,9196,4211,2160,1218
01:10:30.703,s16_8_4_0_b64_mb2,16785,9196,4211,2160,1218
01:10:31.205,s16_8_4_0_b64_mb2,16785,9196,4211,2160,1218
01:10:31.707,s16_8_4_0_b64_mb2,16785,9196,4211,2160,1218
01:10:32.208,s16_8_4_0_b64_mb2,16785,9196,4211,2160,1218
01:10:32.710,s16_8_4_0_b64_mb2,16785,9196,4211,2160,1218
01:10:33.212,s16_8_4_0_b64_mb2,16785,9196,4211,2160,1218
01:10:33.713,s16_8_4_0_b64_mb2,16785,9196,4211,2160,1218
01:10:34.215,s16_8_4_0_b64_mb2,16785,9196,4211,2160,1218
01:10:34.717,s16_8_4_0_b64_mb2,16785,9196,4211,2160,1218
01:10:35.219,s16_8_4_0_b64_mb2,16785,9196,4211,2160,1218
01:10:35.720,s16_8_4_0_b64_mb2,16785,9196,4211,2160,1218
01:10:36.222,s16_8_4_0_b64_mb2,16785,9196,4211,2160,1218
01:10:36.724,s16_8_4_0_b64_mb2,16785,9196,4211,2160,1218
01:10:37.225,s16_8_4_0_b64_mb2,16785,9196,4211,2160,1218
01:10:37.727,s16_8_4_0_b64_mb2,16785,9196,4211,2160,1218
01:10:38.229,s16_8_4_0_b64_mb2,16785,9196,4211,2160,1218
01:10:38.731,s16_8_4_0_b64_mb2,16785,9196,4211,2160,1218
01:10:39.232,s16_8_4_0_b64_mb2,16785,9196,4211,2160,1218
01:10:39.734,s16_8_4_0_b64_mb2,16785,9196,4211,2160,1218
01:10:40.236,s16_8_4_0_b64_mb2,16785,9196,4211,2160,1218
01:10:40.737,s16_8_4_0_b64_mb2,16785,9196,4211,2160,1218
01:10:41.239,s16_8_4_0_b64_mb2,16785,9196,4211,2160,1218
01:10:41.741,s16_8_4_0_b64_mb2,16785,9196,4211,2160,1218
01:10:42.242,s16_8_4_0_b64_mb2,16785,9196,4211,2160,1218
01:10:42.744,s16_8_4_0_b64_mb2,16785,9196,4211,2160,1218
01:10:43.246,s16_8_4_0_b64_mb2,16785,9196,4211,2160,1218
01:10:43.748,s16_8_4_0_b64_mb2,16785,9196,4211,2160,1218
01:10:44.249,s16_8_4_0_b64_mb2,16785,9196,4211,2160,1218
01:10:44.751,s16_8_4_0_b64_mb2,16785,9196,4211,2160,1218
01:10:45.253,s16_8_4_0_b64_mb2,16785,9196,4211,2160,1218
01:10:45.754,s16_8_4_0_b64_mb2,16785,9196,4211,2160,1218
01:10:46.256,s16_8_4_0_b64_mb2,16785,9196,4211,2160,1218
01:10:46.758,s16_8_4_0_b64_mb2,16785,9196,4211,2160,1218
01:10:47.259,s16_8_4_0_b64_mb2,16785,9196,4211,2160,1218
01:10:47.761,s16_8_4_0_b64_mb2,16785,9196,4211,2160,1218
01:10:48.263,s16_8_4_0_b64_mb2,16785,9196,4211,2160,1218
01:10:48.764,s16_8_4_0_b64_mb2,16785,9196,4211,2160,1218
01:10:49.266,s16_8_4_0_b64_mb2,16785,9196,4211,2160,1218
01:10:49.768,s16_8_4_0_b64_mb2,16785,9196,4211,2160,1218
01:10:50.270,s16_8_4_0_b64_mb2,16785,9196,4211,2160,1218
01:10:50.771,s16_8_4_0_b64_mb2,16785,9196,4211,2160,1218
01:10:51.273,s16_8_4_0_b64_mb2,16785,9196,4211,2160,1218
01:10:51.775,s16_8_4_0_b64_mb2,16785,9196,4211,2160,1218
01:10:52.276,s16_8_4_0_b64_mb2,16785,9196,4211,2160,1218
01:10:52.778,s16_8_4_0_b64_mb2,16785,9196,4211,2160,1218
01:10:53.280,s16_8_4_0_b64_mb2,16785,9196,4211,2160,1218
01:10:53.781,s16_8_4_0_b64_mb2,16785,9196,4211,2160,1218
01:10:54.283,s16_8_4_0_b64_mb2,16785,9196,4211,2160,1218
01:10:54.785,s16_8_4_0_b64_mb2,16785,9196,4211,2160,1218
01:10:55.287,s16_8_4_0_b64_mb2,16785,9196,4211,2160,1218
01:10:55.788,s16_8_4_0_b64_mb2,16785,9196,4211,2160,1218
01:10:56.290,s16_8_4_0_b64_mb2,16785,9196,4211,2160,1218
01:10:56.792,s16_8_4_0_b64_mb2,16785,9196,4211,2160,1218
01:10:57.293,s16_8_4_0_b64_mb2,16785,9196,4211,2160,1218
01:10:57.795,s16_8_4_0_b64_mb2,16785,9196,4211,2160,1218
01:10:58.297,s16_8_4_0_b64_mb2,16785,9196,4211,2160,1218
01:10:58.798,s16_8_4_0_b64_mb2,16785,9196,4211,2160,1218
01:10:59.300,s16_8_4_0_b64_mb2,16785,9196,4211,2160,1218
01:10:59.802,s16_8_4_0_b64_mb2,16785,9196,4211,2160,1218
01:11:00.303,s16_8_4_0_b64_mb2,16785,9196,4211,2160,1218
01:11:00.805,s16_8_4_0_b64_mb2,16785,9196,4211,2160,1218
01:11:01.307,s16_8_4_0_b64_mb2,16785,9196,4211,2160,1218
01:11:01.808,s16_8_4_0_b64_mb2,16785,9196,4211,2160,1218
01:11:02.310,s16_8_4_0_b64_mb2,16785,9196,4211,2160,1218
01:11:02.812,s16_8_4_0_b64_mb2,16785,9196,4211,2160,1218
01:11:03.314,s16_8_4_0_b64_mb2,16785,9196,4211,2160,1218
01:11:03.815,s16_8_4_0_b64_mb2,16785,9196,4211,2160,1218
01:11:04.317,s16_8_4_0_b64_mb2,16785,9196,4211,2160,1218
01:11:04.819,s16_8_4_0_b64_mb2,16785,9196,4211,2160,1218
01:11:05.320,s16_8_4_0_b64_mb2,16785,9196,4211,2160,1218
01:11:05.822,s16_8_4_0_b64_mb2,16785,9196,4211,2160,1218
01:11:06.324,s16_8_4_0_b64_mb2,16785,9196,4211,2160,1218
01:11:06.825,s16_8_4_0_b64_mb2,16785,9196,4211,2160,1218
01:11:07.327,s16_8_4_0_b64_mb2,16785,9196,4211,2160,1218
01:11:07.829,s16_8_4_0_b64_mb2,16785,9196,4211,2160,1218
01:11:08.330,s16_8_4_0_b64_mb2,16785,9196,4211,2160,1218
01:11:08.832,s16_8_4_0_b64_mb2,16785,9196,4211,2160,1218
01:11:09.333,s16_8_4_0_b64_mb2,16785,9196,4211,2160,1218
01:11:09.835,s16_8_4_0_b64_mb2,16785,9196,4211,2160,1218
01:11:10.337,s16_8_4_0_b64_mb2,16785,9196,4211,2160,1218
01:11:10.838,s16_8_4_0_b64_mb2,16785,9196,4211,2160,1218
01:11:11.340,s16_8_4_0_b64_mb2,16785,9196,4211,2160,1218
01:11:11.842,s16_8_4_0_b64_mb2,16785,9196,4211,2160,1218
01:11:12.343,s16_8_4_0_b64_mb2,16785,9196,4211,2160,1218
01:11:12.845,s16_8_4_0_b64_mb2,16785,9196,4211,2160,1218
01:11:13.347,s16_8_4_0_b64_mb2,16785,9196,4211,2160,1218
01:11:13.848,s16_8_4_0_b64_mb2,16785,9196,4211,2160,1218
01:11:14.350,s16_8_4_0_b64_mb2,16785,9196,4211,2160,1218
01:11:14.852,s16_8_4_0_b64_mb2,16785,9196,4211,2160,1218
01:11:15.353,s16_8_4_0_b64_mb2,16785,9196,4211,2160,1218
01:11:15.855,s16_8_4_0_b64_mb2,16785,9196,4211,2160,1218
01:11:16.357,s16_8_4_0_b64_mb2,16785,9196,4211,2160,1218
01:11:16.858,s16_8_4_0_b64_mb2,16785,9196,4211,2160,1218
01:11:17.360,s16_8_4_0_b64_mb2,16785,9196,4211,2160,1218
01:11:17.862,s16_8_4_0_b64_mb2,16785,9196,4211,2160,1218
01:11:18.363,s16_8_4_0_b64_mb2,16785,9196,4211,2160,1218
01:11:18.865,s16_8_4_0_b64_mb2,16785,9196,4211,2160,1218
01:11:19.367,s16_8_4_0_b64_mb2,16785,9196,4211,2160,1218
01:11:19.868,s16_8_4_0_b64_mb2,16785,9196,4211,2160,1218
01:11:20.370,s16_8_4_0_b64_mb2,16785,9196,4211,2160,1218
01:11:20.872,s16_8_4_0_b64_mb2,16785,9196,4211,2160,1218
01:11:21.373,s16_8_4_0_b64_mb2,16785,9196,4211,2160,1218
01:11:21.875,s16_8_4_0_b64_mb2,16785,9196,4211,2160,1218
01:11:22.377,s16_8_4_0_b64_mb2,16785,9196,4211,2160,1218
01:11:22.879,s16_8_4_0_b64_mb2,16785,9196,4211,2160,1218
01:11:23.380,s16_8_4_0_b64_mb2,16785,9196,4211,2160,1218
01:11:23.882,s16_8_4_0_b64_mb2,16785,9196,4211,2160,1218
01:11:24.384,s16_8_4_0_b64_mb2,16785,9196,4211,2160,1218
01:11:24.885,s16_8_4_0_b64_mb2,16785,9196,4211,2160,1218
01:11:25.387,s16_8_4_0_b64_mb2,16785,9196,4211,2160,1218
01:11:25.889,s16_8_4_0_b64_mb2,16785,9196,4211,2160,1218
01:11:26.391,s16_8_4_0_b64_mb2,16785,9196,4211,2160,1218
01:11:26.892,s16_8_4_0_b64_mb2,16785,9196,4211,2160,1218
01:11:27.394,s16_8_4_0_b64_mb2,16785,9196,4211,2160,1218
01:11:27.896,s16_8_4_0_b64_mb2,16785,9196,4211,2160,1218
01:11:28.397,s16_8_4_0_b64_mb2,16785,9196,4211,2160,1218
01:11:28.899,s16_8_4_0_b64_mb2,16785,9196,4211,2160,1218
01:11:29.401,s16_8_4_0_b64_mb2,16785,9196,4211,2160,1218
01:11:29.902,s16_8_4_0_b64_mb2,16785,9196,4211,2160,1218
01:11:30.404,s16_8_4_0_b64_mb2,16785,9196,4211,2160,1218
01:11:30.906,s16_8_4_0_b64_mb2,16785,9196,4211,2160,1218
01:11:31.407,s16_8_4_0_b64_mb2,16785,9196,4211,2160,1218
01:11:31.909,s16_8_4_0_b64_mb2,16785,9196,4211,2160,1218
01:11:32.411,s16_8_4_0_b64_mb2,16785,9196,4211,2160,1218
01:11:32.912,s16_8_4_0_b64_mb2,16785,9196,4211,2160,1218
01:11:33.414,s16_8_4_0_b64_mb2,16785,9196,4211,2160,1218
01:11:33.916,s16_8_4_0_b64_mb2,16785,9196,4211,2160,1218
01:11:34.418,s16_8_4_0_b64_mb2,16785,9196,4211,2160,1218
01:11:34.919,s16_8_4_0_b64_mb2,16785,9196,4211,2160,1218
01:11:35.421,s16_8_4_0_b64_mb2,16785,9196,4211,2160,1218
01:11:35.923,s16_8_4_0_b64_mb2,16785,9196,4211,2160,1218
01:11:36.424,s16_8_4_0_b64_mb2,16785,9196,4211,2160,1218
01:11:36.926,s16_8_4_0_b64_mb2,16785,9196,4211,2160,1218
01:11:37.428,s16_8_4_0_b64_mb2,16785,9196,4211,2160,1218
01:11:37.929,s16_8_4_0_b64_mb2,16785,9196,4211,2160,1218
01:11:38.431,s16_8_4_0_b64_mb2,16785,9196,4211,2160,1218
01:11:38.932,s16_8_4_0_b64_mb2,16785,9196,4211,2160,1218
01:11:39.434,s16_8_4_0_b64_mb2,16785,9196,4211,2160,1218
01:11:39.936,s16_8_4_0_b64_mb2,16785,9196,4211,2160,1218
01:11:40.438,s16_8_4_0_b64_mb2,16785,9196,4211,2160,1218
01:11:40.939,s16_8_4_0_b64_mb2,16785,9196,4211,2160,1218
01:11:41.441,s16_8_4_0_b64_mb2,16785,9196,4211,2160,1218
01:11:41.943,s16_8_4_0_b64_mb2,16785,9196,4211,2160,1218
01:11:42.444,s16_8_4_0_b64_mb2,16785,9196,4211,2160,1218
01:11:42.946,s16_8_4_0_b64_mb2,16785,9196,4211,2160,1218
01:11:43.448,s16_8_4_0_b64_mb2,16785,9196,4211,2160,1218
01:11:43.949,s16_8_4_0_b64_mb2,16785,9196,4211,2160,1218
01:11:44.451,s16_8_4_0_b64_mb2,16785,9196,4211,2160,1218
01:11:44.953,s16_8_4_0_b64_mb2,16785,9196,4211,2160,1218
01:11:45.455,s16_8_4_0_b64_mb2,16785,9196,4211,2160,1218
01:11:45.956,s16_8_4_0_b64_mb2,16785,9196,4211,2160,1218
01:11:46.458,s16_8_4_0_b64_mb2,16785,9196,4211,2160,1218
01:11:46.960,s16_8_4_0_b64_mb2,16785,9196,4211,2160,1218
01:11:47.461,s16_8_4_0_b64_mb2,16785,9196,4211,2160,1218
01:11:47.963,s16_8_4_0_b64_mb2,16785,9196,4211,2160,1218
01:11:48.465,s16_8_4_0_b64_mb2,16785,9196,4211,2160,1218
01:11:48.967,s16_8_4_0_b64_mb2,16785,9196,4211,2160,1218
01:11:49.468,s16_8_4_0_b64_mb2,16785,9196,4211,2160,1218
01:11:49.970,s16_8_4_0_b64_mb2,16785,9196,4211,2160,1218
01:11:50.472,s16_8_4_0_b64_mb2,16785,9196,4211,2160,1218
01:11:50.973,s16_8_4_0_b64_mb2,16785,9196,4211,2160,1218
01:11:51.475,s16_8_4_0_b64_mb2,16785,9196,4211,2160,1218
01:11:51.977,s16_8_4_0_b64_mb2,16785,9196,4211,2160,1218
01:11:52.479,s16_8_4_0_b64_mb2,16785,9196,4211,2160,1218
01:11:52.980,s16_8_4_0_b64_mb2,16785,9196,4211,2160,1218
01:11:53.482,s16_8_4_0_b64_mb2,16785,9196,4211,2160,1218
01:11:53.984,s16_8_4_0_b64_mb2,16785,9196,4211,2160,1218
01:11:54.485,s16_8_4_0_b64_mb2,16785,9196,4211,2160,1218
01:11:54.987,s16_8_4_0_b64_mb2,16785,9196,4211,2160,1218
01:11:55.489,s16_8_4_0_b64_mb2,16785,9196,4211,2160,1218
01:11:55.991,s16_8_4_0_b64_mb2,16785,9196,4211,2160,1218
01:11:56.492,s16_8_4_0_b64_mb2,16785,9196,4211,2160,1218
01:11:56.994,s16_8_4_0_b64_mb2,16785,9196,4211,2160,1218
01:11:57.496,s16_8_4_0_b64_mb2,16785,9196,4211,2160,1218
01:11:57.997,s16_8_4_0_b64_mb2,16785,9196,4211,2160,1218
01:11:58.499,s16_8_4_0_b64_mb2,16785,9196,4211,2160,1218
01:11:59.000,s16_8_4_0_b64_mb2,16785,9196,4211,2160,1218
01:11:59.502,s16_8_4_0_b64_mb2,16785,9196,4211,2160,1218
01:12:00.003,s16_8_4_0_b64_mb2,16785,9196,4211,2160,1218
01:12:00.505,s16_8_4_0_b64_mb2,16785,9196,4211,2160,1218
01:12:01.007,s16_8_4_0_b64_mb2,16785,9196,4211,2160,1218
01:12:01.508,s16_8_4_0_b64_mb2,16785,9196,4211,2160,1218
01:12:02.010,s16_8_4_0_b64_mb2,16785,9196,4211,2160,1218
01:12:02.512,s16_8_4_0_b64_mb2,16785,9196,4211,2160,1218
01:12:03.013,s16_8_4_0_b64_mb2,16785,9196,4211,2160,1218
01:12:03.515,s16_8_4_0_b64_mb2,16785,9196,4211,2160,1218
01:12:04.017,s16_8_4_0_b64_mb2,16785,9196,4211,2160,1218
01:12:04.518,s16_8_4_0_b64_mb2,16785,9196,4211,2160,1218
01:12:05.020,s16_8_4_0_b64_mb2,16785,9196,4211,2160,1218
01:12:05.521,s16_8_4_0_b64_mb2,16785,9196,4211,2160,1218
01:12:06.023,s16_8_4_0_b64_mb2,16785,9196,4211,2160,1218
01:12:06.525,s16_8_4_0_b64_mb2,16785,9196,4211,2160,1218
01:12:07.026,s16_8_4_0_b64_mb2,16785,9196,4211,2160,1218
01:12:07.528,s16_8_4_0_b64_mb2,16785,9196,4211,2160,1218
01:12:08.030,s16_8_4_0_b64_mb2,16785,9196,4211,2160,1218
01:12:08.531,s16_8_4_0_b64_mb2,16785,9196,4211,2160,1218
01:12:09.033,s16_8_4_0_b64_mb2,16785,9196,4211,2160,1218
01:12:09.534,s16_8_4_0_b64_mb2,16785,9196,4211,2160,1218
01:12:10.036,s16_8_4_0_b64_mb2,16785,9196,4211,2160,1218
01:12:10.538,s16_8_4_0_b64_mb2,16785,9196,4211,2160,1218
01:12:11.039,s16_8_4_0_b64_mb2,16785,9196,4211,2160,1218
01:12:11.541,s16_8_4_0_b64_mb2,16785,9196,4211,2160,1218
01:12:12.043,s16_8_4_0_b64_mb2,16785,9196,4211,2160,1218
01:12:12.544,s16_8_4_0_b64_mb2,16785,9196,4211,2160,1218
01:12:13.046,s16_8_4_0_b64_mb2,16785,9196,4211,2160,1218
01:12:13.548,s16_8_4_0_b64_mb2,16785,9196,4211,2160,1218
01:12:14.049,s16_8_4_0_b64_mb2,16785,9196,4211,2160,1218
01:12:14.551,s16_8_4_0_b64_mb2,16785,9196,4211,2160,1218
01:12:15.053,s16_8_4_0_b64_mb2,16785,9196,4211,2160,1218
01:12:15.554,s16_8_4_0_b64_mb2,16785,9196,4211,2160,1218
01:12:16.056,s16_8_4_0_b64_mb2,16785,9196,4211,2160,1218
01:12:16.558,s16_8_4_0_b64_mb2,16785,9196,4211,2160,1218
01:12:17.059,s16_8_4_0_b64_mb2,16785,9196,4211,2160,1218
01:12:17.561,s16_8_4_0_b64_mb2,16785,9196,4211,2160,1218
01:12:18.063,s16_8_4_0_b64_mb2,16785,9196,4211,2160,1218
01:12:18.565,s16_8_4_0_b64_mb2,16785,9196,4211,2160,1218
01:12:19.066,s16_8_4_0_b64_mb2,16785,9196,4211,2160,1218
01:12:19.568,s16_8_4_0_b64_mb2,16785,9196,4211,2160,1218
01:12:20.070,s16_8_4_0_b64_mb2,16785,9196,4211,2160,1218
01:12:20.571,s16_8_4_0_b64_mb2,16785,9196,4211,2160,1218
01:12:21.073,s16_8_4_0_b64_mb2,16785,9196,4211,2160,1218
01:12:21.575,s16_8_4_0_b64_mb2,16785,9196,4211,2160,1218
01:12:22.076,s16_8_4_0_b64_mb2,16785,9196,4211,2160,1218
01:12:22.578,s16_8_4_0_b64_mb2,16785,9196,4211,2160,1218
01:12:23.080,s16_8_4_0_b64_mb2,16785,9196,4211,2160,1218
01:12:23.581,s16_8_4_0_b64_mb2,16785,9196,4211,2160,1218
01:12:24.083,s16_8_4_0_b64_mb2,16785,9196,4211,2160,1218
01:12:24.585,s16_8_4_0_b64_mb2,16785,9196,4211,2160,1218
01:12:25.086,s16_8_4_0_b64_mb2,16785,9196,4211,2160,1218
01:12:25.588,s16_8_4_0_b64_mb2,16785,9196,4211,2160,1218
01:12:26.089,s16_8_4_0_b64_mb2,16785,9196,4211,2160,1218
01:12:26.591,s16_8_4_0_b64_mb2,16785,9196,4211,2160,1218
01:12:27.093,s16_8_4_0_b64_mb2,16785,9196,4211,2160,1218
01:12:27.594,s16_8_4_0_b64_mb2,16785,9196,4211,2160,1218
01:12:28.096,s16_8_4_0_b64_mb2,16785,9196,4211,2160,1218
01:12:28.598,s16_8_4_0_b64_mb2,16785,9196,4211,2160,1218
01:12:29.099,s16_8_4_0_b64_mb2,16785,9196,4211,2160,1218
01:12:29.601,s16_8_4_0_b64_mb2,16785,9196,4211,2160,1218
01:12:30.103,s16_8_4_0_b64_mb2,16785,9196,4211,2160,1218
01:12:30.604,s16_8_4_0_b64_mb2,16785,9196,4211,2160,1218
01:12:31.106,s16_8_4_0_b64_mb2,16785,9196,4211,2160,1218
01:12:31.608,s16_8_4_0_b64_mb2,16785,9196,4211,2160,1218
01:12:32.109,s16_8_4_0_b64_mb2,16785,9196,4211,2160,1218
01:12:32.611,s16_8_4_0_b64_mb2,16785,9196,4211,2160,1218
01:12:33.113,s16_8_4_0_b64_mb2,16785,9196,4211,2160,1218
01:12:33.614,s16_8_4_0_b64_mb2,16785,9196,4211,2160,1218
01:12:34.116,s16_8_4_0_b64_mb2,16785,9196,4211,2160,1218
01:12:34.618,s16_8_4_0_b64_mb2,16785,9196,4211,2160,1218
01:12:35.119,s16_8_4_0_b64_mb2,16785,9196,4211,2160,1218
01:12:35.621,s16_8_4_0_b64_mb2,16785,9196,4211,2160,1218
01:12:36.123,s16_8_4_0_b64_mb2,16785,9196,4211,2160,1218
01:12:36.624,s16_8_4_0_b64_mb2,16785,9196,4211,2160,1218
01:12:37.126,s16_8_4_0_b64_mb2,16785,9196,4211,2160,1218
01:12:37.628,s16_8_4_0_b64_mb2,16785,9196,4211,2160,1218
01:12:38.129,s16_8_4_0_b64_mb2,16785,9196,4211,2160,1218
01:12:38.631,s16_8_4_0_b64_mb2,16785,9196,4211,2160,1218
01:12:39.133,s16_8_4_0_b64_mb2,16785,9196,4211,2160,1218
01:12:39.634,s16_8_4_0_b64_mb2,16913,9322,4211,2160,1218
01:12:40.136,s16_8_4_0_b64_mb2,17161,9536,4251,2160,1218
01:12:40.638,s16_8_4_0_b64_mb2,17325,9536,4379,2190,1218
01:12:41.139,s16_8_4_0_b64_mb2,17375,9536,4379,2242,1218
01:12:41.641,s16_8_4_0_b64_mb2,17375,9536,4379,2242,1218
01:12:42.143,s16_8_4_0_b64_mb2,17381,9538,4381,2244,1218
01:12:42.644,s16_8_4_0_b64_mb2,17381,9538,4381,2244,1218
01:12:43.146,s16_8_4_0_b64_mb2,17381,9538,4381,2244,1218
01:12:43.648,s16_8_4_0_b64_mb2,17381,9538,4381,2244,1218
01:12:44.149,s16_8_4_0_b64_mb2,17381,9538,4381,2244,1218
01:12:44.651,s16_8_4_0_b64_mb2,17381,9538,4381,2244,1218
01:12:45.153,s16_8_4_0_b64_mb2,17381,9538,4381,2244,1218
01:12:45.654,s16_8_4_0_b64_mb2,17381,9538,4381,2244,1218
01:12:46.156,s16_8_4_0_b64_mb2,17381,9538,4381,2244,1218
01:12:46.658,s16_8_4_0_b64_mb2,17381,9538,4381,2244,1218
01:12:47.159,s16_8_4_0_b64_mb2,17381,9538,4381,2244,1218
01:12:47.661,s16_8_4_0_b64_mb2,17381,9538,4381,2244,1218
01:12:48.163,s16_8_4_0_b64_mb2,17381,9538,4381,2244,1218
01:12:48.664,s16_8_4_0_b64_mb2,17381,9538,4381,2244,1218
01:12:49.166,s16_8_4_0_b64_mb2,17381,9538,4381,2244,1218
01:12:49.668,s16_8_4_0_b64_mb2,17381,9538,4381,2244,1218
01:12:50.170,s16_8_4_0_b64_mb2,17381,9538,4381,2244,1218
01:12:50.671,s16_8_4_0_b64_mb2,17381,9538,4381,2244,1218
01:12:51.173,s16_8_4_0_b64_mb2,17381,9538,4381,2244,1218
01:12:51.675,s16_8_4_0_b64_mb2,17381,9538,4381,2244,1218
01:12:52.176,s16_8_4_0_b64_mb2,17381,9538,4381,2244,1218
01:12:52.678,s16_8_4_0_b64_mb2,17381,9538,4381,2244,1218
01:12:53.180,s16_8_4_0_b64_mb2,17381,9538,4381,2244,1218
01:12:53.682,s16_8_4_0_b64_mb2,17381,9538,4381,2244,1218
01:12:54.183,s16_8_4_0_b64_mb2,17381,9538,4381,2244,1218
01:12:54.685,s16_8_4_0_b64_mb2,17381,9538,4381,2244,1218
01:12:55.187,s16_8_4_0_b64_mb2,17381,9538,4381,2244,1218
01:12:55.689,s16_8_4_0_b64_mb2,17381,9538,4381,2244,1218
01:12:56.190,s16_8_4_0_b64_mb2,17381,9538,4381,2244,1218
01:12:56.692,s16_8_4_0_b64_mb2,17381,9538,4381,2244,1218
01:12:57.194,s16_8_4_0_b64_mb2,17381,9538,4381,2244,1218
01:12:57.696,s16_8_4_0_b64_mb2,17381,9538,4381,2244,1218
01:12:58.197,s16_8_4_0_b64_mb2,17381,9538,4381,2244,1218
01:12:58.699,s16_8_4_0_b64_mb2,17381,9538,4381,2244,1218
01:12:59.201,s16_8_4_0_b64_mb2,17381,9538,4381,2244,1218
01:12:59.702,s16_8_4_0_b64_mb2,17381,9538,4381,2244,1218
01:13:00.204,s16_8_4_0_b64_mb2,17381,9538,4381,2244,1218
01:13:00.706,s16_8_4_0_b64_mb2,17381,9538,4381,2244,1218
01:13:01.208,s16_8_4_0_b64_mb2,17381,9538,4381,2244,1218
01:13:01.709,s16_8_4_0_b64_mb2,17381,9538,4381,2244,1218
01:13:02.211,s16_8_4_0_b64_mb2,17381,9538,4381,2244,1218
01:13:02.713,s16_8_4_0_b64_mb2,17381,9538,4381,2244,1218
01:13:03.215,s16_8_4_0_b64_mb2,17381,9538,4381,2244,1218
01:13:03.716,s16_8_4_0_b64_mb2,17381,9538,4381,2244,1218
01:13:04.218,s16_8_4_0_b64_mb2,17381,9538,4381,2244,1218
01:13:04.720,s16_8_4_0_b64_mb2,17381,9538,4381,2244,1218
01:13:05.221,s16_8_4_0_b64_mb2,17381,9538,4381,2244,1218
01:13:05.723,s16_8_4_0_b64_mb2,17381,9538,4381,2244,1218
01:13:06.225,s16_8_4_0_b64_mb2,17381,9538,4381,2244,1218
01:13:06.726,s16_8_4_0_b64_mb2,17381,9538,4381,2244,1218
01:13:07.228,s16_8_4_0_b64_mb2,17381,9538,4381,2244,1218
01:13:07.730,s16_8_4_0_b64_mb2,17381,9538,4381,2244,1218
01:13:08.231,s16_8_4_0_b64_mb2,17381,9538,4381,2244,1218
01:13:08.733,s16_8_4_0_b64_mb2,17381,9538,4381,2244,1218
01:13:09.234,s16_8_4_0_b64_mb2,17381,9538,4381,2244,1218
01:13:09.736,s16_8_4_0_b64_mb2,17381,9538,4381,2244,1218
01:13:10.238,s16_8_4_0_b64_mb2,17381,9538,4381,2244,1218
01:13:10.739,s16_8_4_0_b64_mb2,17381,9538,4381,2244,1218
01:13:11.241,s16_8_4_0_b64_mb2,17381,9538,4381,2244,1218
01:13:11.743,s16_8_4_0_b64_mb2,17381,9538,4381,2244,1218
01:13:12.244,s16_8_4_0_b64_mb2,17381,9538,4381,2244,1218
01:13:12.746,s16_8_4_0_b64_mb2,17381,9538,4381,2244,1218
01:13:13.248,s16_8_4_0_b64_mb2,17381,9538,4381,2244,1218
01:13:13.749,s16_8_4_0_b64_mb2,17381,9538,4381,2244,1218
01:13:14.251,s16_8_4_0_b64_mb2,17381,9538,4381,2244,1218
01:13:14.753,s16_8_4_0_b64_mb2,17381,9538,4381,2244,1218
01:13:15.255,s16_8_4_0_b64_mb2,17381,9538,4381,2244,1218
01:13:15.756,s16_8_4_0_b64_mb2,17381,9538,4381,2244,1218
01:13:16.258,s16_8_4_0_b64_mb2,17381,9538,4381,2244,1218
01:13:16.760,s16_8_4_0_b64_mb2,17381,9538,4381,2244,1218
01:13:17.261,s16_8_4_0_b64_mb2,17381,9538,4381,2244,1218
01:13:17.763,s16_8_4_0_b64_mb2,17381,9538,4381,2244,1218
01:13:18.265,s16_8_4_0_b64_mb2,17381,9538,4381,2244,1218
01:13:18.766,s16_8_4_0_b64_mb2,17381,9538,4381,2244,1218
01:13:19.268,s16_8_4_0_b64_mb2,17381,9538,4381,2244,1218
01:13:19.770,s16_8_4_0_b64_mb2,17381,9538,4381,2244,1218
01:13:20.271,s16_8_4_0_b64_mb2,17381,9538,4381,2244,1218
01:13:20.773,s16_8_4_0_b64_mb2,17381,9538,4381,2244,1218
01:13:21.275,s16_8_4_0_b64_mb2,17381,9538,4381,2244,1218
01:13:21.776,s16_8_4_0_b64_mb2,17381,9538,4381,2244,1218
01:13:22.278,s16_8_4_0_b64_mb2,17381,9538,4381,2244,1218
01:13:22.780,s16_8_4_0_b64_mb2,17381,9538,4381,2244,1218
01:13:23.281,s16_8_4_0_b64_mb2,17381,9538,4381,2244,1218
01:13:23.783,s16_8_4_0_b64_mb2,17381,9538,4381,2244,1218
01:13:24.285,s16_8_4_0_b64_mb2,17381,9538,4381,2244,1218
01:13:24.787,s16_8_4_0_b64_mb2,17381,9538,4381,2244,1218
01:13:25.288,s16_8_4_0_b64_mb2,17381,9538,4381,2244,1218
01:13:25.790,s16_8_4_0_b64_mb2,17381,9538,4381,2244,1218
01:13:26.292,s16_8_4_0_b64_mb2,17381,9538,4381,2244,1218
01:13:26.793,s16_8_4_0_b64_mb2,17381,9538,4381,2244,1218
01:13:27.295,s16_8_4_0_b64_mb2,17381,9538,4381,2244,1218
01:13:27.797,s16_8_4_0_b64_mb2,17381,9538,4381,2244,1218
01:13:28.299,s16_8_4_0_b64_mb2,17381,9538,4381,2244,1218
01:13:28.800,s16_8_4_0_b64_mb2,17381,9538,4381,2244,1218
01:13:29.302,s16_8_4_0_b64_mb2,17381,9538,4381,2244,1218
01:13:29.803,s16_8_4_0_b64_mb2,17381,9538,4381,2244,1218
01:13:30.305,s16_8_4_0_b64_mb2,17381,9538,4381,2244,1218
01:13:30.807,s16_8_4_0_b64_mb2,17381,9538,4381,2244,1218
01:13:31.308,s16_8_4_0_b64_mb2,17381,9538,4381,2244,1218
01:13:31.810,s16_8_4_0_b64_mb2,17381,9538,4381,2244,1218
01:13:32.312,s16_8_4_0_b64_mb2,17381,9538,4381,2244,1218
01:13:32.814,s16_8_4_0_b64_mb2,17381,9538,4381,2244,1218
01:13:33.315,s16_8_4_0_b64_mb2,17381,9538,4381,2244,1218
01:13:33.817,s16_8_4_0_b64_mb2,17381,9538,4381,2244,1218
01:13:34.319,s16_8_4_0_b64_mb2,17381,9538,4381,2244,1218
01:13:34.820,s16_8_4_0_b64_mb2,17381,9538,4381,2244,1218
01:13:35.322,s16_8_4_0_b64_mb2,17381,9538,4381,2244,1218
01:13:35.824,s16_8_4_0_b64_mb2,17381,9538,4381,2244,1218
01:13:36.325,s16_8_4_0_b64_mb2,17381,9538,4381,2244,1218
01:13:36.827,s16_8_4_0_b64_mb2,17381,9538,4381,2244,1218
01:13:37.329,s16_8_4_0_b64_mb2,17381,9538,4381,2244,1218
01:13:37.830,s16_8_4_0_b64_mb2,17381,9538,4381,2244,1218
01:13:38.332,s16_8_4_0_b64_mb2,17381,9538,4381,2244,1218
01:13:38.834,s16_8_4_0_b64_mb2,17381,9538,4381,2244,1218
01:13:39.335,s16_8_4_0_b64_mb2,17381,9538,4381,2244,1218
01:13:39.837,s16_8_4_0_b64_mb2,17381,9538,4381,2244,1218
01:13:40.339,s16_8_4_0_b64_mb2,17381,9538,4381,2244,1218
01:13:40.840,s16_8_4_0_b64_mb2,17381,9538,4381,2244,1218
01:13:41.342,s16_8_4_0_b64_mb2,17381,9538,4381,2244,1218
01:13:41.844,s16_8_4_0_b64_mb2,17381,9538,4381,2244,1218
01:13:42.346,s16_8_4_0_b64_mb2,17381,9538,4381,2244,1218
01:13:42.847,s16_8_4_0_b64_mb2,17381,9538,4381,2244,1218
01:13:43.349,s16_8_4_0_b64_mb2,17381,9538,4381,2244,1218
01:13:43.850,s16_8_4_0_b64_mb2,17381,9538,4381,2244,1218
01:13:44.352,s16_8_4_0_b64_mb2,17381,9538,4381,2244,1218
01:13:44.854,s16_8_4_0_b64_mb2,17381,9538,4381,2244,1218
01:13:45.355,s16_8_4_0_b64_mb2,17381,9538,4381,2244,1218
01:13:45.857,s16_8_4_0_b64_mb2,17381,9538,4381,2244,1218
01:13:46.359,s16_8_4_0_b64_mb2,17381,9538,4381,2244,1218
01:13:46.860,s16_8_4_0_b64_mb2,17381,9538,4381,2244,1218
01:13:47.362,s16_8_4_0_b64_mb2,17381,9538,4381,2244,1218
01:13:47.864,s16_8_4_0_b64_mb2,17381,9538,4381,2244,1218
01:13:48.365,s16_8_4_0_b64_mb2,17381,9538,4381,2244,1218
01:13:48.867,s16_8_4_0_b64_mb2,17381,9538,4381,2244,1218
01:13:49.369,s16_8_4_0_b64_mb2,17381,9538,4381,2244,1218
01:13:49.871,s16_8_4_0_b64_mb2,17381,9538,4381,2244,1218
01:13:50.372,s16_8_4_0_b64_mb2,17381,9538,4381,2244,1218
01:13:50.874,s16_8_4_0_b64_mb2,17381,9538,4381,2244,1218
01:13:51.375,s16_8_4_0_b64_mb2,17381,9538,4381,2244,1218
01:13:51.877,s16_8_4_0_b64_mb2,17381,9538,4381,2244,1218
01:13:52.379,s16_8_4_0_b64_mb2,17381,9538,4381,2244,1218
01:13:52.880,s16_8_4_0_b64_mb2,17381,9538,4381,2244,1218
01:13:53.382,s16_8_4_0_b64_mb2,17381,9538,4381,2244,1218
01:13:53.884,s16_8_4_0_b64_mb2,17381,9538,4381,2244,1218
01:13:54.385,s16_8_4_0_b64_mb2,17381,9538,4381,2244,1218
01:13:54.887,s16_8_4_0_b64_mb2,17381,9538,4381,2244,1218
01:13:55.389,s16_8_4_0_b64_mb2,17381,9538,4381,2244,1218
01:13:55.890,s16_8_4_0_b64_mb2,17381,9538,4381,2244,1218
01:13:56.392,s16_8_4_0_b64_mb2,17381,9538,4381,2244,1218
01:13:56.893,s16_8_4_0_b64_mb2,17381,9538,4381,2244,1218
01:13:57.395,s16_8_4_0_b64_mb2,17381,9538,4381,2244,1218
01:13:57.897,s16_8_4_0_b64_mb2,17381,9538,4381,2244,1218
01:13:58.398,s16_8_4_0_b64_mb2,17381,9538,4381,2244,1218
01:13:58.900,s16_8_4_0_b64_mb2,17381,9538,4381,2244,1218
01:13:59.402,s16_8_4_0_b64_mb2,17381,9538,4381,2244,1218
01:13:59.903,s16_8_4_0_b64_mb2,17381,9538,4381,2244,1218
01:14:00.405,s16_8_4_0_b64_mb2,17381,9538,4381,2244,1218
01:14:00.907,s16_8_4_0_b64_mb2,17381,9538,4381,2244,1218
01:14:01.408,s16_8_4_0_b64_mb2,17381,9538,4381,2244,1218
01:14:01.910,s16_8_4_0_b64_mb2,17381,9538,4381,2244,1218
01:14:02.411,s16_8_4_0_b64_mb2,17381,9538,4381,2244,1218
01:14:02.913,s16_8_4_0_b64_mb2,17381,9538,4381,2244,1218
01:14:03.415,s16_8_4_0_b64_mb2,17381,9538,4381,2244,1218
01:14:03.916,s16_8_4_0_b64_mb2,17381,9538,4381,2244,1218
01:14:04.418,s16_8_4_0_b64_mb2,17381,9538,4381,2244,1218
01:14:04.920,s16_8_4_0_b64_mb2,17381,9538,4381,2244,1218
01:14:05.421,s16_8_4_0_b64_mb2,17381,9538,4381,2244,1218
01:14:05.923,s16_8_4_0_b64_mb2,17381,9538,4381,2244,1218
01:14:06.425,s16_8_4_0_b64_mb2,17381,9538,4381,2244,1218
01:14:06.927,s16_8_4_0_b64_mb2,17381,9538,4381,2244,1218
01:14:07.428,s16_8_4_0_b64_mb2,17381,9538,4381,2244,1218
01:14:07.930,s16_8_4_0_b64_mb2,17381,9538,4381,2244,1218
01:14:08.431,s16_8_4_0_b64_mb2,17381,9538,4381,2244,1218
01:14:08.933,s16_8_4_0_b64_mb2,17381,9538,4381,2244,1218
01:14:09.435,s16_8_4_0_b64_mb2,17381,9538,4381,2244,1218
01:14:09.936,s16_8_4_0_b64_mb2,17381,9538,4381,2244,1218
01:14:10.438,s16_8_4_0_b64_mb2,17381,9538,4381,2244,1218
01:14:10.940,s16_8_4_0_b64_mb2,17381,9538,4381,2244,1218
01:14:11.441,s16_8_4_0_b64_mb2,17381,9538,4381,2244,1218
01:14:11.943,s16_8_4_0_b64_mb2,17381,9538,4381,2244,1218
01:14:12.444,s16_8_4_0_b64_mb2,17381,9538,4381,2244,1218
01:14:12.946,s16_8_4_0_b64_mb2,17381,9538,4381,2244,1218
01:14:13.448,s16_8_4_0_b64_mb2,17381,9538,4381,2244,1218
01:14:13.949,s16_8_4_0_b64_mb2,17381,9538,4381,2244,1218
01:14:14.451,s16_8_4_0_b64_mb2,17381,9538,4381,2244,1218
01:14:14.952,s16_8_4_0_b64_mb2,17381,9538,4381,2244,1218
01:14:15.454,s16_8_4_0_b64_mb2,17381,9538,4381,2244,1218
01:14:15.956,s16_8_4_0_b64_mb2,17381,9538,4381,2244,1218
01:14:16.457,s16_8_4_0_b64_mb2,17381,9538,4381,2244,1218
01:14:16.959,s16_8_4_0_b64_mb2,17381,9538,4381,2244,1218
01:14:17.460,s16_8_4_0_b64_mb2,17381,9538,4381,2244,1218
01:14:17.962,s16_8_4_0_b64_mb2,17381,9538,4381,2244,1218
01:14:18.464,s16_8_4_0_b64_mb2,17381,9538,4381,2244,1218
01:14:18.965,s16_8_4_0_b64_mb2,17381,9538,4381,2244,1218
01:14:19.467,s16_8_4_0_b64_mb2,17381,9538,4381,2244,1218
01:14:19.969,s16_8_4_0_b64_mb2,17381,9538,4381,2244,1218
01:14:20.470,s16_8_4_0_b64_mb2,17381,9538,4381,2244,1218
01:14:20.972,s16_8_4_0_b64_mb2,17381,9538,4381,2244,1218
01:14:21.474,s16_8_4_0_b64_mb2,17381,9538,4381,2244,1218
01:14:21.975,s16_8_4_0_b64_mb2,17381,9538,4381,2244,1218
01:14:22.477,s16_8_4_0_b64_mb2,17381,9538,4381,2244,1218
01:14:22.979,s16_8_4_0_b64_mb2,17381,9538,4381,2244,1218
01:14:23.480,s16_8_4_0_b64_mb2,17381,9538,4381,2244,1218
01:14:23.982,s16_8_4_0_b64_mb2,17381,9538,4381,2244,1218
01:14:24.484,s16_8_4_0_b64_mb2,17381,9538,4381,2244,1218
01:14:24.985,s16_8_4_0_b64_mb2,17381,9538,4381,2244,1218
01:14:25.487,s16_8_4_0_b64_mb2,17381,9538,4381,2244,1218
01:14:25.989,s16_8_4_0_b64_mb2,17381,9538,4381,2244,1218
01:14:26.490,s16_8_4_0_b64_mb2,17381,9538,4381,2244,1218
01:14:26.992,s16_8_4_0_b64_mb2,17381,9538,4381,2244,1218
01:14:27.494,s16_8_4_0_b64_mb2,17381,9538,4381,2244,1218
01:14:27.995,s16_8_4_0_b64_mb2,17381,9538,4381,2244,1218
01:14:28.497,s16_8_4_0_b64_mb2,17381,9538,4381,2244,1218
01:14:28.999,s16_8_4_0_b64_mb2,17381,9538,4381,2244,1218
01:14:29.500,s16_8_4_0_b64_mb2,17381,9538,4381,2244,1218
01:14:30.002,s16_8_4_0_b64_mb2,17381,9538,4381,2244,1218
01:14:30.503,s16_8_4_0_b64_mb2,17381,9538,4381,2244,1218
01:14:31.005,s16_8_4_0_b64_mb2,17381,9538,4381,2244,1218
01:14:31.507,s16_8_4_0_b64_mb2,17381,9538,4381,2244,1218
01:14:32.008,s16_8_4_0_b64_mb2,17381,9538,4381,2244,1218
01:14:32.510,s16_8_4_0_b64_mb2,17381,9538,4381,2244,1218
01:14:33.011,s16_8_4_0_b64_mb2,17381,9538,4381,2244,1218
01:14:33.513,s16_8_4_0_b64_mb2,17381,9538,4381,2244,1218
01:14:34.015,s16_8_4_0_b64_mb2,17381,9538,4381,2244,1218
01:14:34.516,s16_8_4_0_b64_mb2,17381,9538,4381,2244,1218
01:14:35.018,s16_8_4_0_b64_mb2,17381,9538,4381,2244,1218
01:14:35.519,s16_8_4_0_b64_mb2,17381,9538,4381,2244,1218
01:14:36.021,s16_8_4_0_b64_mb2,17381,9538,4381,2244,1218
01:14:36.523,s16_8_4_0_b64_mb2,17381,9538,4381,2244,1218
01:14:37.024,s16_8_4_0_b64_mb2,17381,9538,4381,2244,1218
01:14:37.526,s16_8_4_0_b64_mb2,17381,9538,4381,2244,1218
01:14:38.028,s16_8_4_0_b64_mb2,17381,9538,4381,2244,1218
01:14:38.529,s16_8_4_0_b64_mb2,17381,9538,4381,2244,1218
01:14:39.031,s16_8_4_0_b64_mb2,17381,9538,4381,2244,1218
01:14:39.533,s16_8_4_0_b64_mb2,17381,9538,4381,2244,1218
01:14:40.034,s16_8_4_0_b64_mb2,17381,9538,4381,2244,1218
01:14:40.536,s16_8_4_0_b64_mb2,17381,9538,4381,2244,1218
01:14:41.038,s16_8_4_0_b64_mb2,17381,9538,4381,2244,1218
01:14:41.539,s16_8_4_0_b64_mb2,17381,9538,4381,2244,1218
01:14:42.041,s16_8_4_0_b64_mb2,17381,9538,4381,2244,1218
01:14:42.542,s16_8_4_0_b64_mb2,17381,9538,4381,2244,1218
01:14:43.044,s16_8_4_0_b64_mb2,17381,9538,4381,2244,1218
01:14:43.546,s16_8_4_0_b64_mb2,17381,9538,4381,2244,1218
01:14:44.047,s16_8_4_0_b64_mb2,17381,9538,4381,2244,1218
01:14:44.549,s16_8_4_0_b64_mb2,17381,9538,4381,2244,1218
01:14:45.051,s16_8_4_0_b64_mb2,17381,9538,4381,2244,1218
01:14:45.552,s16_8_4_0_b64_mb2,17381,9538,4381,2244,1218
01:14:46.054,s16_8_4_0_b64_mb2,17381,9538,4381,2244,1218
01:14:46.555,s16_8_4_0_b64_mb2,17381,9538,4381,2244,1218
01:14:47.057,s16_8_4_0_b64_mb2,17381,9538,4381,2244,1218
01:14:47.559,s16_8_4_0_b64_mb2,17381,9538,4381,2244,1218
01:14:48.060,s16_8_4_0_b64_mb2,17381,9538,4381,2244,1218
01:14:48.562,s16_8_4_0_b64_mb2,17381,9538,4381,2244,1218
01:14:49.063,s16_8_4_0_b64_mb2,17381,9538,4381,2244,1218
01:14:49.565,s16_8_4_0_b64_mb2,17381,9538,4381,2244,1218
01:14:50.067,s16_8_4_0_b64_mb2,17381,9538,4381,2244,1218
01:14:50.568,s16_8_4_0_b64_mb2,17381,9538,4381,2244,1218
01:14:51.070,s16_8_4_0_b64_mb2,17381,9538,4381,2244,1218
01:14:51.572,s16_8_4_0_b64_mb2,17381,9538,4381,2244,1218
01:14:52.073,s16_8_4_0_b64_mb2,17381,9538,4381,2244,1218
01:14:52.575,s16_8_4_0_b64_mb2,17381,9538,4381,2244,1218
01:14:53.076,s16_8_4_0_b64_mb2,17381,9538,4381,2244,1218
01:14:53.578,s16_8_4_0_b64_mb2,17381,9538,4381,2244,1218
01:14:54.080,s16_8_4_0_b64_mb2,17381,9538,4381,2244,1218
01:14:54.581,s16_8_4_0_b64_mb2,17381,9538,4381,2244,1218
01:14:55.083,s16_8_4_0_b64_mb2,17381,9538,4381,2244,1218
01:14:55.585,s16_8_4_0_b64_mb2,17381,9538,4381,2244,1218
01:14:56.086,s16_8_4_0_b64_mb2,17381,9538,4381,2244,1218
01:14:56.588,s16_8_4_0_b64_mb2,17381,9538,4381,2244,1218
01:14:57.089,s16_8_4_0_b64_mb2,17381,9538,4381,2244,1218
01:14:57.591,s16_8_4_0_b64_mb2,17381,9538,4381,2244,1218
01:14:58.093,s16_8_4_0_b64_mb2,17381,9538,4381,2244,1218
01:14:58.594,s16_8_4_0_b64_mb2,17381,9538,4381,2244,1218
01:14:59.096,s16_8_4_0_b64_mb2,17381,9538,4381,2244,1218
01:14:59.598,s16_8_4_0_b64_mb2,17381,9538,4381,2244,1218
01:15:00.100,s16_8_4_0_b64_mb2,17381,9538,4381,2244,1218
01:15:00.601,s16_8_4_0_b64_mb2,17381,9538,4381,2244,1218
01:15:01.103,s16_8_4_0_b64_mb2,17381,9538,4381,2244,1218
01:15:01.605,s16_8_4_0_b64_mb2,17381,9538,4381,2244,1218
01:15:02.107,s16_8_4_0_b64_mb2,17381,9538,4381,2244,1218
01:15:02.609,s16_8_4_0_b64_mb2,17381,9538,4381,2244,1218
01:15:03.110,s16_8_4_0_b64_mb2,17381,9538,4381,2244,1218
01:15:03.612,s16_8_4_0_b64_mb2,17381,9538,4381,2244,1218
01:15:04.113,s16_8_4_0_b64_mb2,17381,9538,4381,2244,1218
01:15:04.615,s16_8_4_0_b64_mb2,17381,9538,4381,2244,1218
01:15:05.117,s16_8_4_0_b64_mb2,17381,9538,4381,2244,1218
01:15:05.619,s16_8_4_0_b64_mb2,17381,9538,4381,2244,1218
01:15:06.120,s16_8_4_0_b64_mb2,17381,9538,4381,2244,1218
01:15:06.622,s16_8_4_0_b64_mb2,17381,9538,4381,2244,1218
01:15:07.124,s16_8_4_0_b64_mb2,17381,9538,4381,2244,1218
01:15:07.626,s16_8_4_0_b64_mb2,17381,9538,4381,2244,1218
01:15:08.127,s16_8_4_0_b64_mb2,17381,9538,4381,2244,1218
01:15:08.629,s16_8_4_0_b64_mb2,17381,9538,4381,2244,1218
01:15:09.131,s16_8_4_0_b64_mb2,17381,9538,4381,2244,1218
01:15:09.632,s16_8_4_0_b64_mb2,17381,9538,4381,2244,1218
01:15:10.134,s16_8_4_0_b64_mb2,17381,9538,4381,2244,1218
01:15:10.636,s16_8_4_0_b64_mb2,17381,9538,4381,2244,1218
01:15:11.137,s16_8_4_0_b64_mb2,17381,9538,4381,2244,1218
01:15:11.639,s16_8_4_0_b64_mb2,17381,9538,4381,2244,1218
01:15:12.141,s16_8_4_0_b64_mb2,17381,9538,4381,2244,1218
01:15:12.642,s16_8_4_0_b64_mb2,17381,9538,4381,2244,1218
01:15:13.144,s16_8_4_0_b64_mb2,17381,9538,4381,2244,1218
01:15:13.646,s16_8_4_0_b64_mb2,17381,9538,4381,2244,1218
01:15:14.147,s16_8_4_0_b64_mb2,17381,9538,4381,2244,1218
01:15:14.649,s16_8_4_0_b64_mb2,17381,9538,4381,2244,1218
01:15:15.151,s16_8_4_0_b64_mb2,17381,9538,4381,2244,1218
01:15:15.652,s16_8_4_0_b64_mb2,17381,9538,4381,2244,1218
01:15:16.154,s16_8_4_0_b64_mb2,17381,9538,4381,2244,1218
01:15:16.656,s16_8_4_0_b64_mb2,17381,9538,4381,2244,1218
01:15:17.157,s16_8_4_0_b64_mb2,17381,9538,4381,2244,1218
01:15:17.659,s16_8_4_0_b64_mb2,17381,9538,4381,2244,1218
01:15:18.161,s16_8_4_0_b64_mb2,17381,9538,4381,2244,1218
01:15:18.662,s16_8_4_0_b64_mb2,17381,9538,4381,2244,1218
01:15:19.164,s16_8_4_0_b64_mb2,17381,9538,4381,2244,1218
01:15:19.666,s16_8_4_0_b64_mb2,17381,9538,4381,2244,1218
01:15:20.167,s16_8_4_0_b64_mb2,17381,9538,4381,2244,1218
01:15:20.669,s16_8_4_0_b64_mb2,17381,9538,4381,2244,1218
01:15:21.171,s16_8_4_0_b64_mb2,17381,9538,4381,2244,1218
01:15:21.672,s16_8_4_0_b64_mb2,17381,9538,4381,2244,1218
01:15:22.174,s16_8_4_0_b64_mb2,17381,9538,4381,2244,1218
01:15:22.676,s16_8_4_0_b64_mb2,17381,9538,4381,2244,1218
01:15:23.177,s16_8_4_0_b64_mb2,17381,9538,4381,2244,1218
01:15:23.679,s16_8_4_0_b64_mb2,17381,9538,4381,2244,1218
01:15:24.181,s16_8_4_0_b64_mb2,17381,9538,4381,2244,1218
01:15:24.682,s16_8_4_0_b64_mb2,17381,9538,4381,2244,1218
01:15:25.184,s16_8_4_0_b64_mb2,17381,9538,4381,2244,1218
01:15:25.686,s16_8_4_0_b64_mb2,17381,9538,4381,2244,1218
01:15:26.187,s16_8_4_0_b64_mb2,17381,9538,4381,2244,1218
01:15:26.689,s16_8_4_0_b64_mb2,17381,9538,4381,2244,1218
01:15:27.191,s16_8_4_0_b64_mb2,17381,9538,4381,2244,1218
01:15:27.692,s16_8_4_0_b64_mb2,17381,9538,4381,2244,1218
01:15:28.194,s16_8_4_0_b64_mb2,17381,9538,4381,2244,1218
01:15:28.696,s16_8_4_0_b64_mb2,17381,9538,4381,2244,1218
01:15:29.197,s16_8_4_0_b64_mb2,17381,9538,4381,2244,1218
01:15:29.699,s16_8_4_0_b64_mb2,17381,9538,4381,2244,1218
01:15:30.201,s16_8_4_0_b64_mb2,17381,9538,4381,2244,1218
01:15:30.702,s16_8_4_0_b64_mb2,17381,9538,4381,2244,1218
01:15:31.204,s16_8_4_0_b64_mb2,17381,9538,4381,2244,1218
01:15:31.706,s16_8_4_0_b64_mb2,17381,9538,4381,2244,1218
01:15:32.207,s16_8_4_0_b64_mb2,17381,9538,4381,2244,1218
01:15:32.709,s16_8_4_0_b64_mb2,17381,9538,4381,2244,1218
01:15:33.211,s16_8_4_0_b64_mb2,17381,9538,4381,2244,1218
01:15:33.712,s16_8_4_0_b64_mb2,17381,9538,4381,2244,1218
01:15:34.214,s16_8_4_0_b64_mb2,17381,9538,4381,2244,1218
01:15:34.716,s16_8_4_0_b64_mb2,17383,9538,4383,2244,1218
01:15:35.218,s16_8_4_0_b64_mb2,17383,9538,4383,2244,1218
01:15:35.719,s16_8_4_0_b64_mb2,17383,9538,4383,2244,1218
01:15:36.221,s16_8_4_0_b64_mb2,17383,9538,4383,2244,1218
01:15:36.722,s16_8_4_0_b64_mb2,17383,9538,4383,2244,1218
01:15:37.224,s16_8_4_0_b64_mb2,17383,9538,4383,2244,1218
01:15:37.726,s16_8_4_0_b64_mb2,17383,9538,4383,2244,1218
01:15:38.227,s16_8_4_0_b64_mb2,17383,9538,4383,2244,1218
01:15:38.729,s16_8_4_0_b64_mb2,17383,9538,4383,2244,1218
01:15:39.231,s16_8_4_0_b64_mb2,17383,9538,4383,2244,1218
01:15:39.732,s16_8_4_0_b64_mb2,17383,9538,4383,2244,1218
01:15:40.234,s16_8_4_0_b64_mb2,17383,9538,4383,2244,1218
01:15:40.736,s16_8_4_0_b64_mb2,17383,9538,4383,2244,1218
01:15:41.237,s16_8_4_0_b64_mb2,17383,9538,4383,2244,1218
01:15:41.739,s16_8_4_0_b64_mb2,17383,9538,4383,2244,1218
01:15:42.240,s16_8_4_0_b64_mb2,17383,9538,4383,2244,1218
01:15:42.742,s16_8_4_0_b64_mb2,17383,9538,4383,2244,1218
01:15:43.244,s16_8_4_0_b64_mb2,17383,9538,4383,2244,1218
01:15:43.746,s16_8_4_0_b64_mb2,17383,9538,4383,2244,1218
01:15:44.247,s16_8_4_0_b64_mb2,17383,9538,4383,2244,1218
01:15:44.749,s16_8_4_0_b64_mb2,17383,9538,4383,2244,1218
01:15:45.251,s16_8_4_0_b64_mb2,17383,9538,4383,2244,1218
01:15:45.752,s16_8_4_0_b64_mb2,17383,9538,4383,2244,1218
01:15:46.254,s16_8_4_0_b64_mb2,17383,9538,4383,2244,1218
01:15:46.756,s16_8_4_0_b64_mb2,17383,9538,4383,2244,1218
01:15:47.257,s16_8_4_0_b64_mb2,17383,9538,4383,2244,1218
01:15:47.759,s16_8_4_0_b64_mb2,17383,9538,4383,2244,1218
01:15:48.261,s16_8_4_0_b64_mb2,17383,9538,4383,2244,1218
01:15:48.762,s16_8_4_0_b64_mb2,17383,9538,4383,2244,1218
01:15:49.264,s16_8_4_0_b64_mb2,17383,9538,4383,2244,1218
01:15:49.765,s16_8_4_0_b64_mb2,17383,9538,4383,2244,1218
01:15:50.267,s16_8_4_0_b64_mb2,17383,9538,4383,2244,1218
01:15:50.769,s16_8_4_0_b64_mb2,17383,9538,4383,2244,1218
01:15:51.271,s16_8_4_0_b64_mb2,17383,9538,4383,2244,1218
01:15:51.772,s16_8_4_0_b64_mb2,17383,9538,4383,2244,1218
01:15:52.274,s16_8_4_0_b64_mb2,17383,9538,4383,2244,1218
01:15:52.776,s16_8_4_0_b64_mb2,17383,9538,4383,2244,1218
01:15:53.277,s16_8_4_0_b64_mb2,17383,9538,4383,2244,1218
01:15:53.779,s16_8_4_0_b64_mb2,17383,9538,4383,2244,1218
01:15:54.281,s16_8_4_0_b64_mb2,17383,9538,4383,2244,1218
01:15:54.782,s16_8_4_0_b64_mb2,17383,9538,4383,2244,1218
01:15:55.284,s16_8_4_0_b64_mb2,17383,9538,4383,2244,1218
01:15:55.786,s16_8_4_0_b64_mb2,17383,9538,4383,2244,1218
01:15:56.288,s16_8_4_0_b64_mb2,17383,9538,4383,2244,1218
01:15:56.789,s16_8_4_0_b64_mb2,17383,9538,4383,2244,1218
01:15:57.291,s16_8_4_0_b64_mb2,17383,9538,4383,2244,1218
01:15:57.793,s16_8_4_0_b64_mb2,17383,9538,4383,2244,1218
01:15:58.294,s16_8_4_0_b64_mb2,17383,9538,4383,2244,1218
01:15:58.796,s16_8_4_0_b64_mb2,17383,9538,4383,2244,1218
01:15:59.298,s16_8_4_0_b64_mb2,17383,9538,4383,2244,1218
01:15:59.799,s16_8_4_0_b64_mb2,17383,9538,4383,2244,1218
01:16:00.301,s16_8_4_0_b64_mb2,17383,9538,4383,2244,1218
01:16:00.803,s16_8_4_0_b64_mb2,17383,9538,4383,2244,1218
01:16:01.305,s16_8_4_0_b64_mb2,17383,9538,4383,2244,1218
01:16:01.806,s16_8_4_0_b64_mb2,17383,9538,4383,2244,1218
01:16:02.308,s16_8_4_0_b64_mb2,17383,9538,4383,2244,1218
01:16:02.810,s16_8_4_0_b64_mb2,17383,9538,4383,2244,1218
01:16:03.311,s16_8_4_0_b64_mb2,17383,9538,4383,2244,1218
01:16:03.813,s16_8_4_0_b64_mb2,17383,9538,4383,2244,1218
01:16:04.315,s16_8_4_0_b64_mb2,17383,9538,4383,2244,1218
01:16:04.816,s16_8_4_0_b64_mb2,17383,9538,4383,2244,1218
01:16:05.318,s16_8_4_0_b64_mb2,17383,9538,4383,2244,1218
01:16:05.820,s16_8_4_0_b64_mb2,17383,9538,4383,2244,1218
01:16:06.321,s16_8_4_0_b64_mb2,17383,9538,4383,2244,1218
01:16:06.823,s16_8_4_0_b64_mb2,17383,9538,4383,2244,1218
01:16:07.324,s16_8_4_0_b64_mb2,17383,9538,4383,2244,1218
01:16:07.826,s16_8_4_0_b64_mb2,17383,9538,4383,2244,1218
01:16:08.328,s16_8_4_0_b64_mb2,17383,9538,4383,2244,1218
01:16:08.829,s16_8_4_0_b64_mb2,17383,9538,4383,2244,1218
01:16:09.331,s16_8_4_0_b64_mb2,17383,9538,4383,2244,1218
01:16:09.833,s16_8_4_0_b64_mb2,17383,9538,4383,2244,1218
01:16:10.335,s16_8_4_0_b64_mb2,17383,9538,4383,2244,1218
01:16:10.836,s16_8_4_0_b64_mb2,17383,9538,4383,2244,1218
01:16:11.338,s16_8_4_0_b64_mb2,17383,9538,4383,2244,1218
01:16:11.839,s16_8_4_0_b64_mb2,17383,9538,4383,2244,1218
01:16:12.341,s16_8_4_0_b64_mb2,17383,9538,4383,2244,1218
01:16:12.843,s16_8_4_0_b64_mb2,17383,9538,4383,2244,1218
01:16:13.345,s16_8_4_0_b64_mb2,17383,9538,4383,2244,1218
01:16:13.846,s16_8_4_0_b64_mb2,17383,9538,4383,2244,1218
01:16:14.348,s16_8_4_0_b64_mb2,17383,9538,4383,2244,1218
01:16:14.850,s16_8_4_0_b64_mb2,17383,9538,4383,2244,1218
01:16:15.351,s16_8_4_0_b64_mb2,17383,9538,4383,2244,1218
01:16:15.853,s16_8_4_0_b64_mb2,17383,9538,4383,2244,1218
01:16:16.355,s16_8_4_0_b64_mb2,17383,9538,4383,2244,1218
01:16:16.856,s16_8_4_0_b64_mb2,17383,9538,4383,2244,1218
01:16:17.358,s16_8_4_0_b64_mb2,17383,9538,4383,2244,1218
01:16:17.860,s16_8_4_0_b64_mb2,17383,9538,4383,2244,1218
01:16:18.361,s16_8_4_0_b64_mb2,17383,9538,4383,2244,1218
01:16:18.863,s16_8_4_0_b64_mb2,17383,9538,4383,2244,1218
01:16:19.365,s16_8_4_0_b64_mb2,17383,9538,4383,2244,1218
01:16:19.866,s16_8_4_0_b64_mb2,17383,9538,4383,2244,1218
01:16:20.368,s16_8_4_0_b64_mb2,17383,9538,4383,2244,1218
01:16:20.870,s16_8_4_0_b64_mb2,17383,9538,4383,2244,1218
01:16:21.372,s16_8_4_0_b64_mb2,17383,9538,4383,2244,1218
01:16:21.873,s16_8_4_0_b64_mb2,17383,9538,4383,2244,1218
01:16:22.375,s16_8_4_0_b64_mb2,17383,9538,4383,2244,1218
01:16:22.877,s16_8_4_0_b64_mb2,17383,9538,4383,2244,1218
01:16:23.378,s16_8_4_0_b64_mb2,17383,9538,4383,2244,1218
01:16:23.880,s16_8_4_0_b64_mb2,17383,9538,4383,2244,1218
01:16:24.382,s16_8_4_0_b64_mb2,17383,9538,4383,2244,1218
01:16:24.883,s16_8_4_0_b64_mb2,17383,9538,4383,2244,1218
01:16:25.385,s16_8_4_0_b64_mb2,17383,9538,4383,2244,1218
01:16:25.887,s16_8_4_0_b64_mb2,17383,9538,4383,2244,1218
01:16:26.388,s16_8_4_0_b64_mb2,17383,9538,4383,2244,1218
01:16:26.890,s16_8_4_0_b64_mb2,17383,9538,4383,2244,1218
01:16:27.392,s16_8_4_0_b64_mb2,17383,9538,4383,2244,1218
01:16:27.893,s16_8_4_0_b64_mb2,17383,9538,4383,2244,1218
01:16:28.395,s16_8_4_0_b64_mb2,17383,9538,4383,2244,1218
01:16:28.897,s16_8_4_0_b64_mb2,17383,9538,4383,2244,1218
01:16:29.398,s16_8_4_0_b64_mb2,17383,9538,4383,2244,1218
01:16:29.900,s16_8_4_0_b64_mb2,17383,9538,4383,2244,1218
01:16:30.402,s16_8_4_0_b64_mb2,17383,9538,4383,2244,1218
01:16:30.904,s16_8_4_0_b64_mb2,17383,9538,4383,2244,1218
01:16:31.406,s16_8_4_0_b64_mb2,17383,9538,4383,2244,1218
01:16:31.907,s16_8_4_0_b64_mb2,17383,9538,4383,2244,1218
01:16:32.409,s16_8_4_0_b64_mb2,17383,9538,4383,2244,1218
01:16:32.911,s16_8_4_0_b64_mb2,17383,9538,4383,2244,1218
01:16:33.412,s16_8_4_0_b64_mb2,17383,9538,4383,2244,1218
01:16:33.914,s16_8_4_0_b64_mb2,17383,9538,4383,2244,1218
01:16:34.416,s16_8_4_0_b64_mb2,17383,9538,4383,2244,1218
01:16:34.917,s16_8_4_0_b64_mb2,17383,9538,4383,2244,1218
01:16:35.419,s16_8_4_0_b64_mb2,17383,9538,4383,2244,1218
01:16:35.921,s16_8_4_0_b64_mb2,17383,9538,4383,2244,1218
01:16:36.423,s16_8_4_0_b64_mb2,17383,9538,4383,2244,1218
01:16:36.924,s16_8_4_0_b64_mb2,17383,9538,4383,2244,1218
01:16:37.426,s16_8_4_0_b64_mb2,17383,9538,4383,2244,1218
01:16:37.928,s16_8_4_0_b64_mb2,17383,9538,4383,2244,1218
01:16:38.429,s16_8_4_0_b64_mb2,17383,9538,4383,2244,1218
01:16:38.931,s16_8_4_0_b64_mb2,17383,9538,4383,2244,1218
01:16:39.433,s16_8_4_0_b64_mb2,17383,9538,4383,2244,1218
01:16:39.935,s16_8_4_0_b64_mb2,17383,9538,4383,2244,1218
01:16:40.436,s16_8_4_0_b64_mb2,17383,9538,4383,2244,1218
01:16:40.938,s16_8_4_0_b64_mb2,17383,9538,4383,2244,1218
01:16:41.440,s16_8_4_0_b64_mb2,17383,9538,4383,2244,1218
01:16:41.941,s16_8_4_0_b64_mb2,17383,9538,4383,2244,1218
01:16:42.443,s16_8_4_0_b64_mb2,17383,9538,4383,2244,1218
01:16:42.945,s16_8_4_0_b64_mb2,17383,9538,4383,2244,1218
01:16:43.447,s16_8_4_0_b64_mb2,17383,9538,4383,2244,1218
01:16:43.948,s16_8_4_0_b64_mb2,17383,9538,4383,2244,1218
01:16:44.450,s16_8_4_0_b64_mb2,17383,9538,4383,2244,1218
01:16:44.951,s16_8_4_0_b64_mb2,17383,9538,4383,2244,1218
01:16:45.453,s16_8_4_0_b64_mb2,17383,9538,4383,2244,1218
01:16:45.955,s16_8_4_0_b64_mb2,17383,9538,4383,2244,1218
01:16:46.456,s16_8_4_0_b64_mb2,17383,9538,4383,2244,1218
01:16:46.958,s16_8_4_0_b64_mb2,17383,9538,4383,2244,1218
01:16:47.460,s16_8_4_0_b64_mb2,17383,9538,4383,2244,1218
01:16:47.962,s16_8_4_0_b64_mb2,17383,9538,4383,2244,1218
01:16:48.463,s16_8_4_0_b64_mb2,17383,9538,4383,2244,1218
01:16:48.965,s16_8_4_0_b64_mb2,17383,9538,4383,2244,1218
01:16:49.467,s16_8_4_0_b64_mb2,17383,9538,4383,2244,1218
01:16:49.968,s16_8_4_0_b64_mb2,17383,9538,4383,2244,1218
01:16:50.470,s16_8_4_0_b64_mb2,17383,9538,4383,2244,1218
01:16:50.972,s16_8_4_0_b64_mb2,17383,9538,4383,2244,1218
01:16:51.473,s16_8_4_0_b64_mb2,17383,9538,4383,2244,1218
01:16:51.975,s16_8_4_0_b64_mb2,17383,9538,4383,2244,1218
01:16:52.477,s16_8_4_0_b64_mb2,17383,9538,4383,2244,1218
01:16:52.978,s16_8_4_0_b64_mb2,17383,9538,4383,2244,1218
01:16:53.480,s16_8_4_0_b64_mb2,17383,9538,4383,2244,1218
01:16:53.982,s16_8_4_0_b64_mb2,17383,9538,4383,2244,1218
01:16:54.483,s16_8_4_0_b64_mb2,17383,9538,4383,2244,1218
01:16:54.985,s16_8_4_0_b64_mb2,17383,9538,4383,2244,1218
01:16:55.486,s16_8_4_0_b64_mb2,17383,9538,4383,2244,1218
01:16:55.988,s16_8_4_0_b64_mb2,17383,9538,4383,2244,1218
01:16:56.490,s16_8_4_0_b64_mb2,17383,9538,4383,2244,1218
01:16:56.991,s16_8_4_0_b64_mb2,17383,9538,4383,2244,1218
01:16:57.493,s16_8_4_0_b64_mb2,17383,9538,4383,2244,1218
01:16:57.995,s16_8_4_0_b64_mb2,17383,9538,4383,2244,1218
01:16:58.496,s16_8_4_0_b64_mb2,17383,9538,4383,2244,1218
01:16:58.998,s16_8_4_0_b64_mb2,17383,9538,4383,2244,1218
01:16:59.500,s16_8_4_0_b64_mb2,17383,9538,4383,2244,1218
01:17:00.001,s16_8_4_0_b64_mb2,17383,9538,4383,2244,1218
01:17:00.503,s16_8_4_0_b64_mb2,17383,9538,4383,2244,1218
01:17:01.005,s16_8_4_0_b64_mb2,17383,9538,4383,2244,1218
01:17:01.506,s16_8_4_0_b64_mb2,17383,9538,4383,2244,1218
01:17:02.008,s16_8_4_0_b64_mb2,17383,9538,4383,2244,1218
01:17:02.510,s16_8_4_0_b64_mb2,17383,9538,4383,2244,1218
01:17:03.011,s16_8_4_0_b64_mb2,17383,9538,4383,2244,1218
01:17:03.513,s16_8_4_0_b64_mb2,17383,9538,4383,2244,1218
01:17:04.015,s16_8_4_0_b64_mb2,17383,9538,4383,2244,1218
01:17:04.516,s16_8_4_0_b64_mb2,17383,9538,4383,2244,1218
01:17:05.018,s16_8_4_0_b64_mb2,17383,9538,4383,2244,1218
01:17:05.520,s16_8_4_0_b64_mb2,17383,9538,4383,2244,1218
01:17:06.021,s16_8_4_0_b64_mb2,17383,9538,4383,2244,1218
01:17:06.523,s16_8_4_0_b64_mb2,17383,9538,4383,2244,1218
01:17:07.025,s16_8_4_0_b64_mb2,17383,9538,4383,2244,1218
01:17:07.526,s16_8_4_0_b64_mb2,17383,9538,4383,2244,1218
01:17:08.028,s16_8_4_0_b64_mb2,17383,9538,4383,2244,1218
01:17:08.530,s16_8_4_0_b64_mb2,17383,9538,4383,2244,1218
01:17:09.031,s16_8_4_0_b64_mb2,17383,9538,4383,2244,1218
01:17:09.533,s16_8_4_0_b64_mb2,17383,9538,4383,2244,1218
01:17:10.034,s16_8_4_0_b64_mb2,17383,9538,4383,2244,1218
01:17:10.536,s16_8_4_0_b64_mb2,17383,9538,4383,2244,1218
01:17:11.038,s16_8_4_0_b64_mb2,17383,9538,4383,2244,1218
01:17:11.540,s16_8_4_0_b64_mb2,17383,9538,4383,2244,1218
01:17:12.041,s16_8_4_0_b64_mb2,17383,9538,4383,2244,1218
01:17:12.543,s16_8_4_0_b64_mb2,17383,9538,4383,2244,1218
01:17:13.045,s16_8_4_0_b64_mb2,17383,9538,4383,2244,1218
01:17:13.546,s16_8_4_0_b64_mb2,17383,9538,4383,2244,1218
01:17:14.048,s16_8_4_0_b64_mb2,17383,9538,4383,2244,1218
01:17:14.550,s16_8_4_0_b64_mb2,17383,9538,4383,2244,1218
01:17:15.051,s16_8_4_0_b64_mb2,17383,9538,4383,2244,1218
01:17:15.553,s16_8_4_0_b64_mb2,17383,9538,4383,2244,1218
01:17:16.055,s16_8_4_0_b64_mb2,17383,9538,4383,2244,1218
01:17:16.556,s16_8_4_0_b64_mb2,17383,9538,4383,2244,1218
01:17:17.058,s16_8_4_0_b64_mb2,17383,9538,4383,2244,1218
01:17:17.559,s16_8_4_0_b64_mb2,17383,9538,4383,2244,1218
01:17:18.061,s16_8_4_0_b64_mb2,17383,9538,4383,2244,1218
01:17:18.563,s16_8_4_0_b64_mb2,17383,9538,4383,2244,1218
01:17:19.065,s16_8_4_0_b64_mb2,17383,9538,4383,2244,1218
01:17:19.566,s16_8_4_0_b64_mb2,17383,9538,4383,2244,1218
01:17:20.068,s16_8_4_0_b64_mb2,17383,9538,4383,2244,1218
01:17:20.570,s16_8_4_0_b64_mb2,17603,9758,4383,2244,1218
01:17:21.071,s16_8_4_0_b64_mb2,18423,10578,4383,2244,1218
01:17:21.573,s16_8_4_0_b64_mb2,18963,10578,4883,2284,1218
01:17:22.075,s16_8_4_0_b64_mb2,19163,10578,4883,2484,1218
01:17:22.576,s16_8_4_0_b64_mb2,19163,10578,4883,2484,1218
01:17:23.078,s16_8_4_0_b64_mb2,19163,10578,4883,2484,1218
01:17:23.579,s16_8_4_0_b64_mb2,19183,10578,4883,2504,1218
01:17:24.081,s16_8_4_0_b64_mb2,19203,10598,4883,2504,1218
01:17:24.583,s16_8_4_0_b64_mb2,19223,10598,4903,2504,1218
01:17:25.084,s16_8_4_0_b64_mb2,19243,10598,4903,2524,1218
01:17:25.586,s16_8_4_0_b64_mb2,19243,10598,4903,2524,1218
01:17:26.087,s16_8_4_0_b64_mb2,19243,10598,4903,2524,1218
01:17:26.589,s16_8_4_0_b64_mb2,19243,10598,4903,2524,1218
01:17:27.091,s16_8_4_0_b64_mb2,19243,10598,4903,2524,1218
01:17:27.592,s16_8_4_0_b64_mb2,19243,10598,4903,2524,1218
01:17:28.094,s16_8_4_0_b64_mb2,19243,10598,4903,2524,1218
01:17:28.596,s16_8_4_0_b64_mb2,19243,10598,4903,2524,1218
01:17:29.097,s16_8_4_0_b64_mb2,19243,10598,4903,2524,1218
01:17:29.599,s16_8_4_0_b64_mb2,19243,10598,4903,2524,1218
01:17:30.101,s16_8_4_0_b64_mb2,19243,10598,4903,2524,1218
01:17:30.602,s16_8_4_0_b64_mb2,19243,10598,4903,2524,1218
01:17:31.104,s16_8_4_0_b64_mb2,19243,10598,4903,2524,1218
01:17:31.606,s16_8_4_0_b64_mb2,19243,10598,4903,2524,1218
01:17:32.107,s16_8_4_0_b64_mb2,19243,10598,4903,2524,1218
01:17:32.609,s16_8_4_0_b64_mb2,19243,10598,4903,2524,1218
01:17:33.110,s16_8_4_0_b64_mb2,19243,10598,4903,2524,1218
01:17:33.612,s16_8_4_0_b64_mb2,19243,10598,4903,2524,1218
01:17:34.114,s16_8_4_0_b64_mb2,19243,10598,4903,2524,1218
01:17:34.615,s16_8_4_0_b64_mb2,19243,10598,4903,2524,1218
01:17:35.117,s16_8_4_0_b64_mb2,19243,10598,4903,2524,1218
01:17:35.619,s16_8_4_0_b64_mb2,19243,10598,4903,2524,1218
01:17:36.120,s16_8_4_0_b64_mb2,19243,10598,4903,2524,1218
01:17:36.622,s16_8_4_0_b64_mb2,19243,10598,4903,2524,1218
01:17:37.124,s16_8_4_0_b64_mb2,19243,10598,4903,2524,1218
01:17:37.625,s16_8_4_0_b64_mb2,19243,10598,4903,2524,1218
01:17:38.127,s16_8_4_0_b64_mb2,19243,10598,4903,2524,1218
01:17:38.629,s16_8_4_0_b64_mb2,19243,10598,4903,2524,1218
01:17:39.130,s16_8_4_0_b64_mb2,19243,10598,4903,2524,1218
01:17:39.632,s16_8_4_0_b64_mb2,19243,10598,4903,2524,1218
01:17:40.134,s16_8_4_0_b64_mb2,19243,10598,4903,2524,1218
01:17:40.635,s16_8_4_0_b64_mb2,19243,10598,4903,2524,1218
01:17:41.137,s16_8_4_0_b64_mb2,19243,10598,4903,2524,1218
01:17:41.638,s16_8_4_0_b64_mb2,19243,10598,4903,2524,1218
01:17:42.140,s16_8_4_0_b64_mb2,19243,10598,4903,2524,1218
01:17:42.642,s16_8_4_0_b64_mb2,19243,10598,4903,2524,1218
01:17:43.144,s16_8_4_0_b64_mb2,19243,10598,4903,2524,1218
01:17:43.645,s16_8_4_0_b64_mb2,19243,10598,4903,2524,1218
01:17:44.147,s16_8_4_0_b64_mb2,19243,10598,4903,2524,1218
01:17:44.649,s16_8_4_0_b64_mb2,19243,10598,4903,2524,1218
01:17:45.150,s16_8_4_0_b64_mb2,19243,10598,4903,2524,1218
01:17:45.652,s16_8_4_0_b64_mb2,19243,10598,4903,2524,1218
01:17:46.154,s16_8_4_0_b64_mb2,19243,10598,4903,2524,1218
01:17:46.655,s16_8_4_0_b64_mb2,19243,10598,4903,2524,1218
01:17:47.157,s16_8_4_0_b64_mb2,19243,10598,4903,2524,1218
01:17:47.659,s16_8_4_0_b64_mb2,19243,10598,4903,2524,1218
01:17:48.160,s16_8_4_0_b64_mb2,19243,10598,4903,2524,1218
01:17:48.662,s16_8_4_0_b64_mb2,19263,10618,4903,2524,1218
01:17:49.164,s16_8_4_0_b64_mb2,19263,10618,4903,2524,1218
01:17:49.665,s16_8_4_0_b64_mb2,19263,10618,4903,2524,1218
01:17:50.167,s16_8_4_0_b64_mb2,19263,10618,4903,2524,1218
01:17:50.669,s16_8_4_0_b64_mb2,19263,10618,4903,2524,1218
01:17:51.171,s16_8_4_0_b64_mb2,19263,10618,4903,2524,1218
01:17:51.672,s16_8_4_0_b64_mb2,19263,10618,4903,2524,1218
01:17:52.174,s16_8_4_0_b64_mb2,19263,10618,4903,2524,1218
01:17:52.676,s16_8_4_0_b64_mb2,19263,10618,4903,2524,1218
01:17:53.177,s16_8_4_0_b64_mb2,19263,10618,4903,2524,1218
01:17:53.679,s16_8_4_0_b64_mb2,19263,10618,4903,2524,1218
01:17:54.181,s16_8_4_0_b64_mb2,19263,10618,4903,2524,1218
01:17:54.682,s16_8_4_0_b64_mb2,19263,10618,4903,2524,1218
01:17:55.184,s16_8_4_0_b64_mb2,19263,10618,4903,2524,1218
01:17:55.686,s16_8_4_0_b64_mb2,19263,10618,4903,2524,1218
01:17:56.187,s16_8_4_0_b64_mb2,19263,10618,4903,2524,1218
01:17:56.689,s16_8_4_0_b64_mb2,19263,10618,4903,2524,1218
01:17:57.191,s16_8_4_0_b64_mb2,19263,10618,4903,2524,1218
01:17:57.692,s16_8_4_0_b64_mb2,19263,10618,4903,2524,1218
01:17:58.194,s16_8_4_0_b64_mb2,19263,10618,4903,2524,1218
01:17:58.696,s16_8_4_0_b64_mb2,19263,10618,4903,2524,1218
01:17:59.198,s16_8_4_0_b64_mb2,19263,10618,4903,2524,1218
01:17:59.699,s16_8_4_0_b64_mb2,19263,10618,4903,2524,1218
01:18:00.201,s16_8_4_0_b64_mb2,19263,10618,4903,2524,1218
01:18:00.703,s16_8_4_0_b64_mb2,19263,10618,4903,2524,1218
01:18:01.204,s16_8_4_0_b64_mb2,19263,10618,4903,2524,1218
01:18:01.706,s16_8_4_0_b64_mb2,19263,10618,4903,2524,1218
01:18:02.208,s16_8_4_0_b64_mb2,19263,10618,4903,2524,1218
01:18:02.710,s16_8_4_0_b64_mb2,19263,10618,4903,2524,1218
01:18:03.211,s16_8_4_0_b64_mb2,19263,10618,4903,2524,1218
01:18:03.713,s16_8_4_0_b64_mb2,19263,10618,4903,2524,1218
01:18:04.215,s16_8_4_0_b64_mb2,19283,10638,4903,2524,1218
01:18:04.717,s16_8_4_0_b64_mb2,19283,10638,4903,2524,1218
01:18:05.218,s16_8_4_0_b64_mb2,19283,10638,4903,2524,1218
01:18:05.720,s16_8_4_0_b64_mb2,19303,10638,4923,2524,1218
01:18:06.221,s16_8_4_0_b64_mb2,19303,10638,4923,2524,1218
01:18:06.723,s16_8_4_0_b64_mb2,19303,10638,4923,2524,1218
01:18:07.225,s16_8_4_0_b64_mb2,19303,10638,4923,2524,1218
01:18:07.726,s16_8_4_0_b64_mb2,19303,10638,4923,2524,1218
01:18:08.228,s16_8_4_0_b64_mb2,19303,10638,4923,2524,1218
01:18:08.730,s16_8_4_0_b64_mb2,19303,10638,4923,2524,1218
01:18:09.231,s16_8_4_0_b64_mb2,19303,10638,4923,2524,1218
01:18:09.733,s16_8_4_0_b64_mb2,19303,10638,4923,2524,1218
01:18:10.235,s16_8_4_0_b64_mb2,19303,10638,4923,2524,1218
01:18:10.736,s16_8_4_0_b64_mb2,19303,10638,4923,2524,1218
01:18:11.238,s16_8_4_0_b64_mb2,19303,10638,4923,2524,1218
01:18:11.740,s16_8_4_0_b64_mb2,19303,10638,4923,2524,1218
01:18:12.241,s16_8_4_0_b64_mb2,19303,10638,4923,2524,1218
01:18:12.743,s16_8_4_0_b64_mb2,19303,10638,4923,2524,1218
01:18:13.245,s16_8_4_0_b64_mb2,19303,10638,4923,2524,1218
01:18:13.746,s16_8_4_0_b64_mb2,19303,10638,4923,2524,1218
01:18:14.248,s16_8_4_0_b64_mb2,19303,10638,4923,2524,1218
01:18:14.750,s16_8_4_0_b64_mb2,19303,10638,4923,2524,1218
01:18:15.251,s16_8_4_0_b64_mb2,19303,10638,4923,2524,1218
01:18:15.753,s16_8_4_0_b64_mb2,19303,10638,4923,2524,1218
01:18:16.255,s16_8_4_0_b64_mb2,19303,10638,4923,2524,1218
01:18:16.756,s16_8_4_0_b64_mb2,19303,10638,4923,2524,1218
01:18:17.258,s16_8_4_0_b64_mb2,19303,10638,4923,2524,1218
01:18:17.760,s16_8_4_0_b64_mb2,19303,10638,4923,2524,1218
01:18:18.261,s16_8_4_0_b64_mb2,19303,10638,4923,2524,1218
01:18:18.763,s16_8_4_0_b64_mb2,19303,10638,4923,2524,1218
01:18:19.265,s16_8_4_0_b64_mb2,19303,10638,4923,2524,1218
01:18:19.766,s16_8_4_0_b64_mb2,19303,10638,4923,2524,1218
01:18:20.268,s16_8_4_0_b64_mb2,19303,10638,4923,2524,1218
01:18:20.770,s16_8_4_0_b64_mb2,19303,10638,4923,2524,1218
01:18:21.271,s16_8_4_0_b64_mb2,19303,10638,4923,2524,1218
01:18:21.773,s16_8_4_0_b64_mb2,19303,10638,4923,2524,1218
01:18:22.275,s16_8_4_0_b64_mb2,19303,10638,4923,2524,1218
01:18:22.776,s16_8_4_0_b64_mb2,19303,10638,4923,2524,1218
01:18:23.278,s16_8_4_0_b64_mb2,19303,10638,4923,2524,1218
01:18:23.780,s16_8_4_0_b64_mb2,19303,10638,4923,2524,1218
01:18:24.281,s16_8_4_0_b64_mb2,19303,10638,4923,2524,1218
01:18:24.783,s16_8_4_0_b64_mb2,19303,10638,4923,2524,1218
01:18:25.284,s16_8_4_0_b64_mb2,19303,10638,4923,2524,1218
01:18:25.786,s16_8_4_0_b64_mb2,19303,10638,4923,2524,1218
01:18:26.288,s16_8_4_0_b64_mb2,19303,10638,4923,2524,1218
01:18:26.790,s16_8_4_0_b64_mb2,19303,10638,4923,2524,1218
01:18:27.291,s16_8_4_0_b64_mb2,19303,10638,4923,2524,1218
01:18:27.793,s16_8_4_0_b64_mb2,19303,10638,4923,2524,1218
01:18:28.295,s16_8_4_0_b64_mb2,19303,10638,4923,2524,1218
01:18:28.796,s16_8_4_0_b64_mb2,19303,10638,4923,2524,1218
01:18:29.298,s16_8_4_0_b64_mb2,19303,10638,4923,2524,1218
01:18:29.800,s16_8_4_0_b64_mb2,19303,10638,4923,2524,1218
01:18:30.301,s16_8_4_0_b64_mb2,19303,10638,4923,2524,1218
01:18:30.803,s16_8_4_0_b64_mb2,19303,10638,4923,2524,1218
01:18:31.304,s16_8_4_0_b64_mb2,19303,10638,4923,2524,1218
01:18:31.806,s16_8_4_0_b64_mb2,19303,10638,4923,2524,1218
01:18:32.308,s16_8_4_0_b64_mb2,19303,10638,4923,2524,1218
01:18:32.810,s16_8_4_0_b64_mb2,19303,10638,4923,2524,1218
01:18:33.311,s16_8_4_0_b64_mb2,19303,10638,4923,2524,1218
01:18:33.813,s16_8_4_0_b64_mb2,19303,10638,4923,2524,1218
01:18:34.315,s16_8_4_0_b64_mb2,19303,10638,4923,2524,1218
01:18:34.816,s16_8_4_0_b64_mb2,19303,10638,4923,2524,1218
01:18:35.318,s16_8_4_0_b64_mb2,19303,10638,4923,2524,1218
01:18:35.820,s16_8_4_0_b64_mb2,19303,10638,4923,2524,1218
01:18:36.321,s16_8_4_0_b64_mb2,19303,10638,4923,2524,1218
01:18:36.823,s16_8_4_0_b64_mb2,19303,10638,4923,2524,1218
01:18:37.325,s16_8_4_0_b64_mb2,19303,10638,4923,2524,1218
01:18:37.826,s16_8_4_0_b64_mb2,19303,10638,4923,2524,1218
01:18:38.328,s16_8_4_0_b64_mb2,19303,10638,4923,2524,1218
01:18:38.829,s16_8_4_0_b64_mb2,19303,10638,4923,2524,1218
01:18:39.331,s16_8_4_0_b64_mb2,19303,10638,4923,2524,1218
01:18:39.833,s16_8_4_0_b64_mb2,19303,10638,4923,2524,1218
01:18:40.334,s16_8_4_0_b64_mb2,19303,10638,4923,2524,1218
01:18:40.836,s16_8_4_0_b64_mb2,19303,10638,4923,2524,1218
01:18:41.338,s16_8_4_0_b64_mb2,19303,10638,4923,2524,1218
01:18:41.839,s16_8_4_0_b64_mb2,19303,10638,4923,2524,1218
01:18:42.341,s16_8_4_0_b64_mb2,19303,10638,4923,2524,1218
01:18:42.843,s16_8_4_0_b64_mb2,19303,10638,4923,2524,1218
01:18:43.344,s16_8_4_0_b64_mb2,19323,10658,4923,2524,1218
01:18:43.846,s16_8_4_0_b64_mb2,19323,10658,4923,2524,1218
01:18:44.348,s16_8_4_0_b64_mb2,19323,10658,4923,2524,1218
01:18:44.849,s16_8_4_0_b64_mb2,19323,10658,4923,2524,1218
01:18:45.351,s16_8_4_0_b64_mb2,19323,10658,4923,2524,1218
01:18:45.853,s16_8_4_0_b64_mb2,19323,10658,4923,2524,1218
01:18:46.354,s16_8_4_0_b64_mb2,19323,10658,4923,2524,1218
01:18:46.856,s16_8_4_0_b64_mb2,19323,10658,4923,2524,1218
01:18:47.358,s16_8_4_0_b64_mb2,19323,10658,4923,2524,1218
01:18:47.859,s16_8_4_0_b64_mb2,19323,10658,4923,2524,1218
01:18:48.361,s16_8_4_0_b64_mb2,19323,10658,4923,2524,1218
01:18:48.863,s16_8_4_0_b64_mb2,19323,10658,4923,2524,1218
01:18:49.364,s16_8_4_0_b64_mb2,19323,10658,4923,2524,1218
01:18:49.866,s16_8_4_0_b64_mb2,19323,10658,4923,2524,1218
01:18:50.368,s16_8_4_0_b64_mb2,19323,10658,4923,2524,1218
01:18:50.870,s16_8_4_0_b64_mb2,19323,10658,4923,2524,1218
01:18:51.371,s16_8_4_0_b64_mb2,19323,10658,4923,2524,1218
01:18:51.873,s16_8_4_0_b64_mb2,19323,10658,4923,2524,1218
01:18:52.375,s16_8_4_0_b64_mb2,19323,10658,4923,2524,1218
01:18:52.876,s16_8_4_0_b64_mb2,19323,10658,4923,2524,1218
01:18:53.378,s16_8_4_0_b64_mb2,19363,10698,4923,2524,1218
01:18:53.880,s16_8_4_0_b64_mb2,19383,10698,4943,2524,1218
01:18:54.381,s16_8_4_0_b64_mb2,19383,10698,4943,2524,1218
01:18:54.883,s16_8_4_0_b64_mb2,19403,10718,4943,2524,1218
01:18:55.385,s16_8_4_0_b64_mb2,19403,10718,4943,2524,1218
01:18:55.886,s16_8_4_0_b64_mb2,19403,10718,4943,2524,1218
01:18:56.388,s16_8_4_0_b64_mb2,19403,10718,4943,2524,1218
01:18:56.890,s16_8_4_0_b64_mb2,19403,10718,4943,2524,1218
01:18:57.391,s16_8_4_0_b64_mb2,19403,10718,4943,2524,1218
01:18:57.893,s16_8_4_0_b64_mb2,19403,10718,4943,2524,1218
01:18:58.395,s16_8_4_0_b64_mb2,19403,10718,4943,2524,1218
01:18:58.896,s16_8_4_0_b64_mb2,19403,10718,4943,2524,1218
01:18:59.398,s16_8_4_0_b64_mb2,19403,10718,4943,2524,1218
01:18:59.899,s16_8_4_0_b64_mb2,19403,10718,4943,2524,1218
01:19:00.401,s16_8_4_0_b64_mb2,19403,10718,4943,2524,1218
01:19:00.903,s16_8_4_0_b64_mb2,19403,10718,4943,2524,1218
01:19:01.405,s16_8_4_0_b64_mb2,19403,10718,4943,2524,1218
01:19:01.906,s16_8_4_0_b64_mb2,19403,10718,4943,2524,1218
01:19:02.408,s16_8_4_0_b64_mb2,19403,10718,4943,2524,1218
01:19:02.910,s16_8_4_0_b64_mb2,19403,10718,4943,2524,1218
01:19:03.411,s16_8_4_0_b64_mb2,19403,10718,4943,2524,1218
01:19:03.913,s16_8_4_0_b64_mb2,19403,10718,4943,2524,1218
01:19:04.415,s16_8_4_0_b64_mb2,19403,10718,4943,2524,1218
01:19:04.917,s16_8_4_0_b64_mb2,19403,10718,4943,2524,1218
01:19:05.418,s16_8_4_0_b64_mb2,19403,10718,4943,2524,1218
01:19:05.920,s16_8_4_0_b64_mb2,19403,10718,4943,2524,1218
01:19:06.422,s16_8_4_0_b64_mb2,19403,10718,4943,2524,1218
01:19:06.924,s16_8_4_0_b64_mb2,19403,10718,4943,2524,1218
