20gb,10gb,5gb,5gb,batch_size,microbatch_size,num_microbatches,max_new_tokens,peak_gi5gb_mb,avg_gi5gb_mb,total_latency_ms,status
8,12,6,6,32,16,2,512,4854,3501,103743.25,ok
8,12,6,6,32,8,4,512,4858,3505,161614.484375,ok
8,12,6,6,32,4,8,512,4764,3615,281350.8125,ok
8,12,6,6,32,2,16,512,2458,1765,,timeout
8,12,6,6,64,32,2,512,4854,3370,,OOM_rank3
8,12,6,6,64,16,4,512,4840,3524,,OOM_rank3
8,12,6,6,64,8,8,512,4856,3633,,OOM_rank3
8,12,6,6,64,4,16,512,2506,1783,,timeout
8,12,6,6,64,2,32,512,2490,1771,,timeout
9,11,6,6,32,16,2,512,4854,3503,102736.3828125,ok
9,11,6,6,32,8,4,512,4832,3512,160001.171875,ok
9,11,6,6,32,4,8,512,4764,3613,277441.8125,ok
9,11,6,6,32,2,16,512,2458,1737,,timeout
9,11,6,6,64,32,2,512,4854,3400,,OOM_rank3
9,11,6,6,64,16,4,512,4840,3529,,OOM_rank3
9,11,6,6,64,8,8,512,4856,3648,,OOM_rank3
9,11,6,6,64,4,16,512,2506,1772,,timeout
9,11,6,6,64,2,32,512,2490,1747,,timeout
9,12,5,6,32,16,2,512,4826,3203,100831.953125,ok
9,12,5,6,32,8,4,512,4776,3286,156924.65625,ok
9,12,5,6,32,4,8,512,4598,3141,274044.71875,ok
9,12,5,6,32,2,16,512,2072,1526,,timeout
9,12,5,6,64,32,2,512,4836,3071,,OOM_rank3
9,12,5,6,64,16,4,512,4556,3089,,OOM_rank3
9,12,5,6,64,8,8,512,4520,3155,,OOM_rank3
9,12,5,6,64,4,16,512,2120,1516,,timeout
9,12,5,6,64,2,32,512,2104,1555,,timeout
9,12,6,5,32,16,2,512,4854,3494,100649.125,ok
9,12,6,5,32,8,4,512,4784,3497,156977.375,ok
9,12,6,5,32,4,8,512,4764,3613,272594.03125,ok
9,12,6,5,32,2,16,512,2458,1767,,timeout
9,12,6,5,64,32,2,512,4854,3534,,OOM_rank2
9,12,6,5,64,16,4,512,4856,3681,,OOM_rank2
9,12,6,5,64,8,8,512,4856,3835,,OOM_rank1
9,12,6,5,64,4,16,512,2506,1780,,timeout
9,12,6,5,64,2,32,512,2490,1791,,timeout
10,10,6,6,32,16,2,512,4854,3504,101730.796875,ok
10,10,6,6,32,8,4,512,4784,3503,158803.96875,ok
10,10,6,6,32,4,8,512,4764,3619,276542.125,ok
10,10,6,6,32,2,16,512,2458,1735,,timeout
10,10,6,6,64,32,2,512,4854,3403,,OOM_rank3
10,10,6,6,64,16,4,512,4848,3519,,OOM_rank3
10,10,6,6,64,8,8,512,4858,3638,,OOM_rank3
10,10,6,6,64,4,16,512,2506,1744,,timeout
10,10,6,6,64,2,32,512,2490,1721,,timeout
10,11,5,6,32,16,2,512,4826,3199,99526.8359375,ok
10,11,5,6,32,8,4,512,4652,3282,155455.671875,ok
10,11,5,6,32,4,8,512,4634,3150,269684.6875,ok
10,11,5,6,32,2,16,512,2072,1484,,timeout
10,11,5,6,64,32,2,512,4810,3086,,OOM_rank3
10,11,5,6,64,16,4,512,4556,3082,,OOM_rank3
10,11,5,6,64,8,8,512,4778,3132,,OOM_rank3
10,11,5,6,64,4,16,512,2120,1539,,timeout
10,11,5,6,64,2,32,512,2104,1517,,timeout
10,11,6,5,32,16,2,512,4854,3484,99810.3515625,ok
10,11,6,5,32,8,4,512,4784,3501,155747.875,ok
10,11,6,5,32,4,8,512,4764,3606,271146.78125,ok
10,11,6,5,32,2,16,512,2458,1755,,timeout
10,11,6,5,64,32,2,512,4854,3534,,OOM_rank2
10,11,6,5,64,16,4,512,4856,3675,,OOM_rank2
10,11,6,5,64,8,8,512,4856,3853,,OOM_rank2
10,11,6,5,64,4,16,512,2506,1742,,timeout
10,11,6,5,64,2,32,512,2490,1748,,timeout
10,12,4,6,32,16,2,512,4832,2901,97036.4609375,ok
10,12,4,6,32,8,4,512,4630,2922,151664.09375,ok
10,12,4,6,32,4,8,512,4292,2674,264793.71875,ok
10,12,4,6,32,2,16,512,1686,1274,,timeout
10,12,4,6,64,32,2,512,4788,2716,,OOM_rank3
10,12,4,6,64,16,4,512,4706,2853,,OOM_rank3
10,12,4,6,64,8,8,512,4790,2802,,OOM_rank3
10,12,4,6,64,4,16,512,1734,1277,,timeout
10,12,4,6,64,2,32,512,1718,1283,,timeout
10,12,5,5,32,16,2,512,4826,3171,96953.5390625,ok
10,12,5,5,32,8,4,512,4554,3263,151654.625,ok
10,12,5,5,32,4,8,512,4598,3146,265053.1875,ok
10,12,5,5,32,2,16,512,2072,1516,,timeout
10,12,5,5,64,32,2,512,4838,3326,,OOM_rank1
10,12,5,5,64,16,4,512,4840,3278,,OOM_rank1
10,12,5,5,64,8,8,512,4520,3325,,OOM_rank1
10,12,5,5,64,4,16,512,2120,1535,,timeout
10,12,5,5,64,2,32,512,2104,1529,,timeout
10,12,6,4,32,16,2,512,4854,3481,97012.0859375,ok
10,12,6,4,32,8,4,512,4858,3482,151697.390625,ok
10,12,6,4,32,4,8,512,4764,3601,264976.1875,ok
10,12,6,4,32,2,16,512,2458,1765,,timeout
10,12,6,4,64,32,2,512,4856,3519,,OOM_rank2
10,12,6,4,64,16,4,512,4860,3658,,OOM_rank2
10,12,6,4,64,8,8,512,4856,3837,,OOM_rank1
10,12,6,4,64,4,16,512,2506,1776,,timeout
10,12,6,4,64,2,32,512,2490,1773,,timeout
11,9,6,6,32,16,2,512,4854,3498,100639.7265625,ok
11,9,6,6,32,8,4,512,4858,3499,157218.625,ok
11,9,6,6,32,4,8,512,4764,3613,273805.28125,ok
11,9,6,6,32,2,16,512,2458,1751,,timeout
11,9,6,6,64,32,2,512,4854,3355,,OOM_rank3
11,9,6,6,64,16,4,512,4840,3489,,OOM_rank3
11,9,6,6,64,8,8,512,4860,3630,,OOM_rank3
11,9,6,6,64,4,16,512,2506,1777,,timeout
11,9,6,6,64,2,32,512,2490,1744,,timeout
11,10,5,6,32,16,2,512,4836,3189,98582.078125,ok
11,10,5,6,32,8,4,512,4554,3275,154064.1875,ok
11,10,5,6,32,4,8,512,4598,3145,270710.5,ok
11,10,5,6,32,2,16,512,2072,1499,,timeout
11,10,5,6,64,32,2,512,4810,3057,,OOM_rank3
11,10,5,6,64,16,4,512,4556,3066,,OOM_rank3
11,10,5,6,64,8,8,512,4520,3149,,OOM_rank3
11,10,5,6,64,4,16,512,2120,1536,,timeout
11,10,5,6,64,2,32,512,2104,1513,,timeout
11,10,6,5,32,16,2,512,4854,3471,99028.3828125,ok
11,10,6,5,32,8,4,512,4854,3505,154588.921875,ok
11,10,6,5,32,4,8,512,4764,3612,272081.40625,ok
11,10,6,5,32,2,16,512,2458,1758,,timeout
11,10,6,5,64,32,2,512,4854,3505,,OOM_rank2
11,10,6,5,64,16,4,512,4860,3677,,OOM_rank2
11,10,6,5,64,8,8,512,4856,3829,,OOM_rank2
11,10,6,5,64,4,16,512,2506,1762,,timeout
11,10,6,5,64,2,32,512,2490,1790,,timeout
11,11,4,6,32,16,2,512,4832,2907,97029.21875,ok
11,11,4,6,32,8,4,512,4630,2919,151548.578125,ok
11,11,4,6,32,4,8,512,4292,2676,263970.09375,ok
11,11,4,6,32,2,16,512,1686,1242,,timeout
11,11,4,6,64,32,2,512,4788,2692,,OOM_rank3
11,11,4,6,64,16,4,512,4690,2853,,OOM_rank3
11,11,4,6,64,8,8,512,4790,2799,,OOM_rank3
11,11,4,6,64,4,16,512,1734,1282,,timeout
11,11,4,6,64,2,32,512,1718,1250,,timeout
11,11,5,5,32,16,2,512,4830,3204,96975.078125,ok
11,11,5,5,32,8,4,512,4554,3259,151302.484375,ok
11,11,5,5,32,4,8,512,4598,3146,263805.0,ok
11,11,5,5,32,2,16,512,2072,1504,,timeout
11,11,5,5,64,32,2,512,4854,3528,,OOM_rank1
11,11,5,5,64,16,4,512,4850,3523,,OOM_rank1
11,11,5,5,64,8,8,512,4828,3620,,OOM_rank1
11,11,5,5,64,4,16,512,2120,1554,,timeout
11,11,5,5,64,2,32,512,2104,1521,,timeout
11,11,6,4,32,16,2,512,4854,3466,96799.65625,ok
11,11,6,4,32,8,4,512,4838,3489,151081.3125,ok
11,11,6,4,32,4,8,512,4764,3587,263494.40625,ok
11,11,6,4,32,2,16,512,2458,1765,,timeout
11,11,6,4,64,32,2,512,4864,3501,,OOM_rank2
11,11,6,4,64,16,4,512,4856,3666,,OOM_rank2
11,11,6,4,64,8,8,512,4856,3823,,OOM_rank2
11,11,6,4,64,4,16,512,2506,1769,,timeout
11,11,6,4,64,2,32,512,2490,1789,,timeout
11,12,3,6,32,16,2,512,4750,2440,94550.3359375,ok
11,12,3,6,32,8,4,512,4834,2404,147668.734375,ok
11,12,3,6,32,4,8,512,3266,2051,258659.953125,ok
11,12,3,6,32,2,16,512,1300,1007,,timeout
11,12,3,6,64,32,2,512,4822,2332,,OOM_rank3
11,12,3,6,64,16,4,512,4600,2411,,OOM_rank3
11,12,3,6,64,8,8,512,4324,2302,,OOM_rank3
11,12,3,6,64,4,16,512,1348,1018,,timeout
11,12,3,6,64,2,32,512,1332,1022,,timeout
11,12,4,5,32,16,2,512,4832,2907,94443.7734375,ok
11,12,4,5,32,8,4,512,4630,2922,147781.53125,ok
11,12,4,5,32,4,8,512,4292,2674,258044.6875,ok
11,12,4,5,32,2,16,512,1686,1266,,timeout
11,12,4,5,64,32,2,512,4788,2923,,OOM_rank1
11,12,4,5,64,16,4,512,4690,2963,,OOM_rank1
11,12,4,5,64,8,8,512,4790,2908,,OOM_rank1
11,12,4,5,64,4,16,512,1734,1309,,timeout
11,12,4,5,64,2,32,512,1718,1262,,timeout
11,12,5,4,32,16,2,512,4826,3163,94207.71875,ok
11,12,5,4,32,8,4,512,4842,3262,148908.53125,ok
11,12,5,4,32,4,8,512,4598,3124,258617.0625,ok
11,12,5,4,32,2,16,512,2072,1504,,timeout
11,12,5,4,64,32,2,512,4838,3277,,OOM_rank1
11,12,5,4,64,16,4,512,4840,3258,,OOM_rank1
11,12,5,4,64,8,8,512,4520,3319,,OOM_rank1
11,12,5,4,64,4,16,512,2120,1536,,timeout
11,12,5,4,64,2,32,512,2104,1548,,timeout
11,12,6,3,32,16,2,512,4854,3461,94274.3984375,ok
11,12,6,3,32,8,4,512,4854,3474,147489.109375,ok
11,12,6,3,32,4,8,512,4764,3589,257544.859375,ok
11,12,6,3,32,2,16,512,2458,1764,,timeout
11,12,6,3,64,32,2,512,4854,3507,,OOM_rank2
11,12,6,3,64,16,4,512,4858,3654,,OOM_rank2
11,12,6,3,64,8,8,512,4858,3808,,OOM_rank1
11,12,6,3,64,4,16,512,2506,1782,,timeout
11,12,6,3,64,2,32,512,2490,1791,,timeout
12,8,6,6,32,16,2,512,4854,3495,99550.8046875,ok
12,8,6,6,32,8,4,512,4864,3434,155697.71875,ok
12,8,6,6,32,4,8,512,4764,3573,273112.53125,ok
12,8,6,6,32,2,16,512,2458,1781,,timeout
12,8,6,6,64,32,2,512,4854,3368,,OOM_rank3
12,8,6,6,64,16,4,512,4840,3472,,OOM_rank3
12,8,6,6,64,8,8,512,4856,3622,,OOM_rank3
12,8,6,6,64,4,16,512,2506,1461,,timeout
12,8,6,6,64,2,32,512,2490,2038,,timeout
12,9,5,6,32,16,2,512,4826,3134,97404.1875,ok
12,9,5,6,32,8,4,512,4554,3180,152437.28125,ok
12,9,5,6,32,4,8,512,4598,3139,266437.78125,ok
12,9,5,6,32,2,16,512,2072,1578,,timeout
12,9,5,6,64,32,2,512,4834,3042,,OOM_rank3
12,9,5,6,64,16,4,512,4556,3065,,OOM_rank3
12,9,5,6,64,8,8,512,4520,3136,,OOM_rank3
12,9,5,6,64,4,16,512,2120,1570,,timeout
12,9,5,6,64,2,32,512,2104,1568,,timeout
12,9,6,5,32,16,2,512,4854,3473,97391.6875,ok
12,9,6,5,32,8,4,512,4858,3488,152562.328125,ok
12,9,6,5,32,4,8,512,4764,3593,265910.125,ok
12,9,6,5,32,2,16,512,2458,1792,,timeout
12,9,6,5,64,32,2,512,4854,3465,,OOM_rank2
12,9,6,5,64,16,4,512,4856,3648,,OOM_rank2
12,9,6,5,64,8,8,512,4856,3832,,OOM_rank2
12,9,6,5,64,4,16,512,2506,1798,,timeout
12,9,6,5,64,2,32,512,2490,1805,,timeout
12,10,4,6,32,16,2,512,4832,2883,95347.6171875,ok
12,10,4,6,32,8,4,512,4838,2915,149247.5,ok
12,10,4,6,32,4,8,512,4292,2671,261530.5625,ok
12,10,4,6,32,2,16,512,1686,1287,,timeout
12,10,4,6,64,32,2,512,4788,2718,,OOM_rank3
12,10,4,6,64,16,4,512,4690,2810,,OOM_rank3
12,10,4,6,64,8,8,512,4790,2796,,OOM_rank3
12,10,4,6,64,4,16,512,1734,1301,,timeout
12,10,4,6,64,2,32,512,1718,1303,,timeout
12,10,5,5,32,16,2,512,4856,3175,95209.9140625,ok
12,10,5,5,32,8,4,512,4554,3247,149283.1875,ok
12,10,5,5,32,4,8,512,4598,3135,261162.796875,ok
12,10,5,5,32,2,16,512,2072,1528,,timeout
12,10,5,5,64,32,2,512,4854,3526,,OOM_rank3
12,10,5,5,64,16,4,512,4848,3516,,OOM_rank3
12,10,5,5,64,8,8,512,4858,3613,,OOM_rank3
12,10,5,5,64,4,16,512,2120,1535,,timeout
12,10,5,5,64,2,32,512,2104,1542,,timeout
12,10,6,4,32,16,2,512,4854,3453,95207.203125,ok
12,10,6,4,32,8,4,512,4784,3483,149183.078125,ok
12,10,6,4,32,4,8,512,4764,3590,261205.296875,ok
12,10,6,4,32,2,16,512,2458,1780,,timeout
12,10,6,4,64,32,2,512,4854,3493,,OOM_rank2
12,10,6,4,64,16,4,512,4856,3639,,OOM_rank2
12,10,6,4,64,8,8,512,4858,3819,,OOM_rank2
12,10,6,4,64,4,16,512,2506,1800,,timeout
12,10,6,4,64,2,32,512,2490,1806,,timeout
12,11,3,6,32,16,2,512,4808,2437,93129.8828125,ok
12,11,3,6,32,8,4,512,4834,2391,145662.1875,ok
12,11,3,6,32,4,8,512,3266,2044,255662.4375,ok
12,11,3,6,32,2,16,512,1300,1012,,timeout
12,11,3,6,64,32,2,512,4822,2314,,OOM_rank3
12,11,3,6,64,16,4,512,4730,2385,,OOM_rank3
12,11,3,6,64,8,8,512,4324,2281,,OOM_rank3
12,11,3,6,64,4,16,512,1348,1024,,timeout
12,11,3,6,64,2,32,512,1332,1003,,timeout
12,11,4,5,32,16,2,512,4832,2861,92952.96875,ok
12,11,4,5,32,8,4,512,4630,2896,146109.1875,ok
12,11,4,5,32,4,8,512,4292,2667,254879.546875,ok
12,11,4,5,32,2,16,512,1686,1266,,timeout
12,11,4,5,64,32,2,512,4808,3145,,OOM_rank1
12,11,4,5,64,16,4,512,4820,3162,,OOM_rank1
12,11,4,5,64,8,8,512,4790,3185,,OOM_rank1
12,11,4,5,64,4,16,512,1734,1281,,timeout
12,11,4,5,64,2,32,512,1718,1303,,timeout
12,11,5,4,32,16,2,512,4830,3149,93116.6015625,ok
12,11,5,4,32,8,4,512,4724,3257,146591.875,ok
12,11,5,4,32,4,8,512,4598,3128,256996.671875,ok
12,11,5,4,32,2,16,512,2072,1545,,timeout
12,11,5,4,64,32,2,512,4854,3485,,OOM_rank1
12,11,5,4,64,16,4,512,4848,3512,,OOM_rank1
12,11,5,4,64,8,8,512,4828,3598,,OOM_rank1
12,11,5,4,64,4,16,512,2120,1553,,timeout
12,11,5,4,64,2,32,512,2104,1541,,timeout
12,11,6,3,32,16,2,512,4854,3439,93154.9375,ok
12,11,6,3,32,8,4,512,4826,3468,146608.171875,ok
12,11,6,3,32,4,8,512,4764,3585,257229.203125,ok
12,11,6,3,32,2,16,512,2458,1773,,timeout
12,11,6,3,64,32,2,512,4854,3459,,OOM_rank2
12,11,6,3,64,16,4,512,4864,3641,,OOM_rank2
12,11,6,3,64,8,8,512,4856,3802,,OOM_rank2
12,11,6,3,64,4,16,512,2506,1819,,timeout
12,11,6,3,64,2,32,512,2490,1812,,timeout
12,12,2,6,32,16,2,512,4750,2090,91235.3046875,ok
12,12,2,6,32,8,4,512,4694,2008,142668.921875,ok
12,12,2,6,32,4,8,512,2240,1423,249658.46875,ok
12,12,2,6,32,2,16,512,914,726,,timeout
12,12,2,6,64,32,2,512,4828,1964,,OOM_rank3
12,12,2,6,64,16,4,512,4758,2055,,OOM_rank3
12,12,2,6,64,8,8,512,3662,1602,,OOM_rank3
12,12,2,6,64,4,16,512,962,734,,timeout
12,12,2,6,64,2,32,512,946,737,,timeout
12,12,3,5,32,16,2,512,4750,2434,91450.796875,ok
12,12,3,5,32,8,4,512,4834,2388,142782.859375,ok
12,12,3,5,32,4,8,512,3266,2040,249825.671875,ok
12,12,3,5,32,2,16,512,1300,1004,,timeout
12,12,3,5,64,32,2,512,4822,2568,,OOM_rank1
12,12,3,5,64,16,4,512,4600,2534,,OOM_rank1
12,12,3,5,64,8,8,512,4324,2497,,OOM_rank1
12,12,3,5,64,4,16,512,1348,1024,,timeout
12,12,3,5,64,2,32,512,1332,1003,,timeout
12,12,4,4,32,16,2,512,4832,2868,90870.0546875,ok
12,12,4,4,32,8,4,512,4630,2893,142345.28125,ok
12,12,4,4,32,4,8,512,4292,2662,249700.71875,ok
12,12,4,4,32,2,16,512,1686,1281,,timeout
12,12,4,4,64,32,2,512,4788,2878,,OOM_rank1
12,12,4,4,64,16,4,512,4690,2967,,OOM_rank1
12,12,4,4,64,8,8,512,4790,2895,,OOM_rank1
12,12,4,4,64,4,16,512,1734,1294,,timeout
12,12,4,4,64,2,32,512,1718,1284,,timeout
12,12,5,3,32,16,2,512,4830,3146,90888.765625,ok
12,12,5,3,32,8,4,512,4764,3221,142644.421875,ok
12,12,5,3,32,4,8,512,4598,3121,249473.234375,ok
12,12,5,3,32,2,16,512,2072,1528,,timeout
12,12,5,3,64,32,2,512,4838,3259,,OOM_rank1
12,12,5,3,64,16,4,512,4840,3232,,OOM_rank1
12,12,5,3,64,8,8,512,4520,3297,,OOM_rank1
12,12,5,3,64,4,16,512,2120,1565,,timeout
12,12,5,3,64,2,32,512,2104,1547,,timeout
12,12,6,2,32,16,2,512,4854,3428,91056.125,ok
12,12,6,2,32,8,4,512,4784,3455,143733.3125,ok
12,12,6,2,32,4,8,512,4856,3582,252169.84375,ok
12,12,6,2,32,2,16,512,2458,1781,,timeout
12,12,6,2,64,32,2,512,4854,3461,,OOM_rank2
12,12,6,2,64,16,4,512,4856,3632,,OOM_rank2
12,12,6,2,64,8,8,512,4856,3795,,OOM_rank1
12,12,6,2,64,4,16,512,2506,1799,,timeout
12,12,6,2,64,2,32,512,2490,1785,,timeout
13,7,6,6,32,16,2,512,4854,3453,99316.984375,ok
13,7,6,6,32,8,4,512,4858,3477,155230.546875,ok
13,7,6,6,32,4,8,512,4764,3596,271580.625,ok
13,7,6,6,32,2,16,512,2458,1816,,timeout
13,7,6,6,64,32,2,512,4854,3336,,OOM_rank3
13,7,6,6,64,16,4,512,4784,3445,,OOM_rank3
13,7,6,6,64,8,8,512,4856,3592,,OOM_rank3
13,7,6,6,64,4,16,512,2506,1800,,timeout
13,7,6,6,64,2,32,512,2490,1813,,timeout
13,8,5,6,32,16,2,512,4826,3170,97176.96875,ok
13,8,5,6,32,8,4,512,4554,3072,151750.921875,ok
13,8,5,6,32,4,8,512,4598,3132,267019.75,ok
13,8,5,6,32,2,16,512,2072,1550,,timeout
13,8,5,6,64,32,2,512,4810,3027,,OOM_rank3
13,8,5,6,64,16,4,512,4832,3049,,OOM_rank3
13,8,5,6,64,8,8,512,4520,3119,,OOM_rank3
13,8,5,6,64,4,16,512,2120,1570,,timeout
13,8,5,6,64,2,32,512,2104,1546,,timeout
13,8,6,5,32,16,2,512,4854,3451,97025.125,ok
13,8,6,5,32,8,4,512,4858,3466,151852.71875,ok
13,8,6,5,32,4,8,512,4764,3594,265683.78125,ok
13,8,6,5,32,2,16,512,2458,1802,,timeout
13,8,6,5,64,32,2,512,4854,3477,,OOM_rank2
13,8,6,5,64,16,4,512,4856,3633,,OOM_rank2
13,8,6,5,64,8,8,512,4856,3809,,OOM_rank2
13,8,6,5,64,4,16,512,2506,1802,,timeout
13,8,6,5,64,2,32,512,2490,1806,,timeout
13,9,4,6,32,16,2,512,4832,2856,94485.953125,ok
13,9,4,6,32,8,4,512,4630,2905,149051.921875,ok
13,9,4,6,32,4,8,512,4292,2663,260975.1875,ok
13,9,4,6,32,2,16,512,1686,1286,,timeout
13,9,4,6,64,32,2,512,4788,2651,,OOM_rank3
13,9,4,6,64,16,4,512,4854,2797,,OOM_rank3
13,9,4,6,64,8,8,512,4790,2767,,OOM_rank3
13,9,4,6,64,4,16,512,1734,1321,,timeout
13,9,4,6,64,2,32,512,1718,1284,,timeout
13,9,5,5,32,16,2,512,4826,3151,94132.2734375,ok
13,9,5,5,32,8,4,512,4758,3247,147710.78125,ok
13,9,5,5,32,4,8,512,4598,3128,259075.28125,ok
13,9,5,5,32,2,16,512,2072,1567,,timeout
13,9,5,5,64,32,2,512,4854,3507,,OOM_rank3
13,9,5,5,64,16,4,512,4854,3499,,OOM_rank3
13,9,5,5,64,8,8,512,4858,3594,,OOM_rank3
13,9,5,5,64,4,16,512,2120,1567,,timeout
13,9,5,5,64,2,32,512,2104,1525,,timeout
13,9,6,4,32,16,2,512,4854,3429,94367.953125,ok
13,9,6,4,32,8,4,512,4784,3462,147894.390625,ok
13,9,6,4,32,4,8,512,4764,3580,259064.9375,ok
13,9,6,4,32,2,16,512,2458,1775,,timeout
13,9,6,4,64,32,2,512,4856,3465,,OOM_rank2
13,9,6,4,64,16,4,512,4856,3613,,OOM_rank2
13,9,6,4,64,8,8,512,4856,3809,,OOM_rank2
13,9,6,4,64,4,16,512,2506,1819,,timeout
13,9,6,4,64,2,32,512,2490,1826,,timeout
13,10,3,6,32,16,2,512,4750,2417,92205.546875,ok
13,10,3,6,32,8,4,512,4652,2389,144528.8125,ok
13,10,3,6,32,4,8,512,3266,2041,253600.609375,ok
13,10,3,6,32,2,16,512,1300,1002,,timeout
13,10,3,6,64,32,2,512,4822,2305,,OOM_rank3
13,10,3,6,64,16,4,512,4600,2389,,OOM_rank3
13,10,3,6,64,8,8,512,4324,2286,,OOM_rank3
13,10,3,6,64,4,16,512,1348,1030,,timeout
13,10,3,6,64,2,32,512,1332,1022,,timeout
13,10,4,5,32,16,2,512,4832,2848,92235.09375,ok
13,10,4,5,32,8,4,512,4630,2879,144706.5,ok
13,10,4,5,32,4,8,512,4292,2662,253574.296875,ok
13,10,4,5,32,2,16,512,1686,1266,,timeout
13,10,4,5,64,32,2,512,4822,3067,,OOM_rank3
13,10,4,5,64,16,4,512,4820,3159,,OOM_rank3
13,10,4,5,64,8,8,512,4790,3187,,OOM_rank3
13,10,4,5,64,4,16,512,1734,1304,,timeout
13,10,4,5,64,2,32,512,1718,1300,,timeout
13,10,5,4,32,16,2,512,4830,3157,92133.015625,ok
13,10,5,4,32,8,4,512,4652,3230,144563.453125,ok
13,10,5,4,32,4,8,512,4598,3113,253646.4375,ok
13,10,5,4,32,2,16,512,2072,1562,,timeout
13,10,5,4,64,32,2,512,4864,3644,,OOM_rank2
13,10,5,4,64,16,4,512,4848,3632,,OOM_rank2
13,10,5,4,64,8,8,512,4858,3683,,OOM_rank2
13,10,5,4,64,4,16,512,2120,1565,,timeout
13,10,5,4,64,2,32,512,2104,1542,,timeout
13,10,6,3,32,16,2,512,4854,3427,92232.25,ok
13,10,6,3,32,8,4,512,4838,3450,146596.890625,ok
13,10,6,3,32,4,8,512,4764,3578,257927.828125,ok
13,10,6,3,32,2,16,512,2458,1781,,timeout
13,10,6,3,64,32,2,512,4864,3445,,OOM_rank2
13,10,6,3,64,16,4,512,4856,3618,,OOM_rank2
13,10,6,3,64,8,8,512,4856,3782,,OOM_rank2
13,10,6,3,64,4,16,512,2506,1827,,timeout
13,10,6,3,64,2,32,512,2490,1807,,timeout
13,11,2,6,32,16,2,512,4650,2070,92061.5,ok
13,11,2,6,32,8,4,512,4694,1797,141814.0,ok
13,11,2,6,32,4,8,512,2240,1380,247013.046875,ok
13,11,2,6,32,2,16,512,914,731,,timeout
13,11,2,6,64,32,2,512,4730,1873,,OOM_rank3
13,11,2,6,64,16,4,512,4758,2054,,OOM_rank3
13,11,2,6,64,8,8,512,3662,1596,,OOM_rank3
13,11,2,6,64,4,16,512,962,744,,timeout
13,11,2,6,64,2,32,512,946,745,,timeout
13,11,3,5,32,16,2,512,4750,2410,89717.3828125,ok
13,11,3,5,32,8,4,512,4646,2365,141084.859375,ok
13,11,3,5,32,4,8,512,3266,2039,247263.65625,ok
13,11,3,5,32,2,16,512,1300,1019,,timeout
13,11,3,5,64,32,2,512,4822,2761,,OOM_rank1
13,11,3,5,64,16,4,512,4720,2793,,OOM_rank1
13,11,3,5,64,8,8,512,4424,2766,,OOM_rank1
13,11,3,5,64,4,16,512,1348,1086,,timeout
13,11,3,5,64,2,32,512,1332,1023,,timeout
13,11,4,4,32,16,2,512,4832,2857,89625.71875,ok
13,11,4,4,32,8,4,512,4630,2736,140777.84375,ok
13,11,4,4,32,4,8,512,4292,2654,246416.609375,ok
13,11,4,4,32,2,16,512,1686,1343,,timeout
13,11,4,4,64,32,2,512,4788,2955,,OOM_rank1
13,11,4,4,64,16,4,512,4820,3133,,OOM_rank1
13,11,4,4,64,8,8,512,4854,3174,,OOM_rank1
13,11,4,4,64,4,16,512,1734,1303,,timeout
13,11,4,4,64,2,32,512,1718,1309,,timeout
13,11,5,3,32,16,2,512,4830,3116,89590.1484375,ok
13,11,5,3,32,8,4,512,4850,3230,140573.0625,ok
13,11,5,3,32,4,8,512,4598,3114,247459.359375,ok
13,11,5,3,32,2,16,512,2072,1642,,timeout
13,11,5,3,64,32,2,512,4854,3479,,OOM_rank1
13,11,5,3,64,16,4,512,4848,3479,,OOM_rank1
13,11,5,3,64,8,8,512,4852,3592,,OOM_rank1
13,11,5,3,64,4,16,512,2120,1554,,timeout
13,11,5,3,64,2,32,512,2104,1548,,timeout
13,11,6,2,32,16,2,512,4854,3434,89672.8203125,ok
13,11,6,2,32,8,4,512,4858,3438,140703.390625,ok
13,11,6,2,32,4,8,512,4764,3567,247072.546875,ok
13,11,6,2,32,2,16,512,2458,1813,,timeout
13,11,6,2,64,32,2,512,4854,3443,,OOM_rank2
13,11,6,2,64,16,4,512,4856,3603,,OOM_rank2
13,11,6,2,64,8,8,512,4856,3736,,OOM_rank2
13,11,6,2,64,4,16,512,2506,1935,,timeout
13,11,6,2,64,2,32,512,2490,1826,,timeout
13,12,1,6,32,16,2,512,4724,1632,87678.46875,ok
13,12,1,6,32,8,4,512,3182,1293,137306.15625,ok
13,12,1,6,32,4,8,512,1214,798,241225.53125,ok
13,12,1,6,32,2,16,512,528,424,,timeout
13,12,1,6,64,32,2,512,4780,1557,,OOM_rank3
13,12,1,6,64,16,4,512,4208,1423,,OOM_rank3
13,12,1,6,64,8,8,512,1944,894,,OOM_rank3
13,12,1,6,64,4,16,512,576,446,,timeout
13,12,1,6,64,2,32,512,560,443,,timeout
13,12,2,5,32,16,2,512,4650,2057,87562.2421875,ok
13,12,2,5,32,8,4,512,4694,1992,137410.53125,ok
13,12,2,5,32,4,8,512,2240,1418,241176.859375,ok
13,12,2,5,32,2,16,512,914,729,,timeout
13,12,2,5,64,32,2,512,4730,2157,,OOM_rank1
13,12,2,5,64,16,4,512,4802,2277,,OOM_rank1
13,12,2,5,64,8,8,512,4476,2024,,OOM_rank1
13,12,2,5,64,4,16,512,962,744,,timeout
13,12,2,5,64,2,32,512,946,749,,timeout
13,12,3,4,32,16,2,512,4750,2395,87626.65625,ok
13,12,3,4,32,8,4,512,4834,2358,137242.171875,ok
13,12,3,4,32,4,8,512,3266,2032,241330.84375,ok
13,12,3,4,32,2,16,512,1300,1009,,timeout
13,12,3,4,64,32,2,512,4822,2536,,OOM_rank1
13,12,3,4,64,16,4,512,4600,2508,,OOM_rank1
13,12,3,4,64,8,8,512,4412,2488,,OOM_rank1
13,12,3,4,64,4,16,512,1348,1029,,timeout
13,12,3,4,64,2,32,512,1332,1025,,timeout
13,12,4,3,32,16,2,512,4832,2820,87494.5,ok
13,12,4,3,32,8,4,512,4630,2870,137297.234375,ok
13,12,4,3,32,4,8,512,4292,2635,239859.9375,ok
13,12,4,3,32,2,16,512,1686,1283,,timeout
13,12,4,3,64,32,2,512,4788,2840,,OOM_rank1
13,12,4,3,64,16,4,512,4690,2924,,OOM_rank1
13,12,4,3,64,8,8,512,4790,2884,,OOM_rank1
13,12,4,3,64,4,16,512,1734,1285,,timeout
13,12,4,3,64,2,32,512,1718,1314,,timeout
13,12,5,2,32,16,2,512,4830,3126,87639.390625,ok
13,12,5,2,32,8,4,512,4554,3210,137449.5625,ok
13,12,5,2,32,4,8,512,4598,3105,241246.046875,ok
13,12,5,2,32,2,16,512,2072,1561,,timeout
13,12,5,2,64,32,2,512,4856,3220,,OOM_rank1
13,12,5,2,64,16,4,512,4864,3233,,OOM_rank1
13,12,5,2,64,8,8,512,4840,3281,,OOM_rank1
13,12,5,2,64,4,16,512,2120,1559,,timeout
13,12,5,2,64,2,32,512,2104,1575,,timeout
13,12,6,1,32,16,2,512,4854,3406,87649.6953125,ok
13,12,6,1,32,8,4,512,4784,3436,137290.6875,ok
13,12,6,1,32,4,8,512,4764,3571,241875.890625,ok
13,12,6,1,32,2,16,512,2458,1793,,timeout
13,12,6,1,64,32,2,512,4858,3427,,OOM_rank2
13,12,6,1,64,16,4,512,4856,3582,,OOM_rank2
13,12,6,1,64,8,8,512,4856,3788,,OOM_rank1
13,12,6,1,64,4,16,512,2506,1812,,timeout
13,12,6,1,64,2,32,512,2490,1841,,timeout
14,6,6,6,32,16,2,512,4854,3451,97090.9609375,ok
14,6,6,6,32,8,4,512,4784,3456,152085.265625,ok
14,6,6,6,32,4,8,512,4764,3587,266546.65625,ok
14,6,6,6,32,2,16,512,2458,1815,,timeout
14,6,6,6,64,32,2,512,4854,3312,,OOM_rank3
14,6,6,6,64,16,4,512,4784,3453,,OOM_rank3
14,6,6,6,64,8,8,512,4856,3580,,OOM_rank3
14,6,6,6,64,4,16,512,2506,1859,,timeout
14,6,6,6,64,2,32,512,2490,1827,,timeout
14,7,5,6,32,16,2,512,4862,3143,95009.4453125,ok
14,7,5,6,32,8,4,512,4554,3224,148854.515625,ok
14,7,5,6,32,4,8,512,4598,3114,259433.359375,ok
14,7,5,6,32,2,16,512,2072,1558,,timeout
14,7,5,6,64,32,2,512,4810,3020,,OOM_rank3
14,7,5,6,64,16,4,512,4768,3020,,OOM_rank3
14,7,5,6,64,8,8,512,4840,3118,,OOM_rank3
14,7,5,6,64,4,16,512,2120,1592,,timeout
14,7,5,6,64,2,32,512,2104,1561,,timeout
14,7,6,5,32,16,2,512,4854,3428,94926.0390625,ok
14,7,6,5,32,8,4,512,4858,3462,148607.1875,ok
14,7,6,5,32,4,8,512,4764,3584,261334.078125,ok
14,7,6,5,32,2,16,512,2458,1815,,timeout
14,7,6,5,64,32,2,512,4854,3456,,OOM_rank2
14,7,6,5,64,16,4,512,4860,3619,,OOM_rank2
14,7,6,5,64,8,8,512,4856,3798,,OOM_rank2
14,7,6,5,64,4,16,512,2506,1840,,timeout
14,7,6,5,64,2,32,512,2490,1808,,timeout
14,8,4,6,32,16,2,512,4832,2847,92949.671875,ok
14,8,4,6,32,8,4,512,4630,2889,145368.25,ok
14,8,4,6,32,4,8,512,4292,2649,254039.140625,ok
14,8,4,6,32,2,16,512,1686,1282,,timeout
14,8,4,6,64,32,2,512,4788,2647,,OOM_rank3
14,8,4,6,64,16,4,512,4690,2768,,OOM_rank3
14,8,4,6,64,8,8,512,4790,2771,,OOM_rank3
14,8,4,6,64,4,16,512,1734,1328,,timeout
14,8,4,6,64,2,32,512,1718,1322,,timeout
14,8,5,5,32,16,2,512,4830,3129,92747.9765625,ok
14,8,5,5,32,8,4,512,4848,3234,145504.6875,ok
14,8,5,5,32,4,8,512,4598,3108,257186.953125,ok
14,8,5,5,32,2,16,512,2072,1549,,timeout
14,8,5,5,64,32,2,512,4854,3488,,OOM_rank3
14,8,5,5,64,16,4,512,4846,3487,,OOM_rank3
14,8,5,5,64,8,8,512,4858,3587,,OOM_rank3
14,8,5,5,64,4,16,512,2120,1586,,timeout
14,8,5,5,64,2,32,512,2104,1559,,timeout
14,8,6,4,32,16,2,512,4860,3426,93026.5625,ok
14,8,6,4,32,8,4,512,4858,3443,145846.203125,ok
14,8,6,4,32,4,8,512,4764,3575,256198.734375,ok
14,8,6,4,32,2,16,512,2458,1815,,timeout
14,8,6,4,64,32,2,512,4854,3417,,OOM_rank2
14,8,6,4,64,16,4,512,4856,3621,,OOM_rank2
14,8,6,4,64,8,8,512,4856,3778,,OOM_rank2
14,8,6,4,64,4,16,512,2506,1871,,timeout
14,8,6,4,64,2,32,512,2490,1842,,timeout
14,9,3,6,32,16,2,512,4750,2381,90928.75,ok
14,9,3,6,32,8,4,512,4834,2363,142625.4375,ok
14,9,3,6,32,4,8,512,3266,2034,250392.921875,ok
14,9,3,6,32,2,16,512,1300,1031,,timeout
14,9,3,6,64,32,2,512,4844,2284,,OOM_rank3
14,9,3,6,64,16,4,512,4600,2377,,OOM_rank3
14,9,3,6,64,8,8,512,4324,2275,,OOM_rank3
14,9,3,6,64,4,16,512,1348,1039,,timeout
14,9,3,6,64,2,32,512,1332,1031,,timeout
14,9,4,5,32,16,2,512,4832,2852,90897.7109375,ok
14,9,4,5,32,8,4,512,4630,2886,142704.484375,ok
14,9,4,5,32,4,8,512,4292,2648,249873.828125,ok
14,9,4,5,32,2,16,512,1686,1299,,timeout
14,9,4,5,64,32,2,512,4822,3080,,OOM_rank3
14,9,4,5,64,16,4,512,4834,3137,,OOM_rank3
14,9,4,5,64,8,8,512,4790,3172,,OOM_rank3
14,9,4,5,64,4,16,512,1734,1314,,timeout
14,9,4,5,64,2,32,512,1718,1326,,timeout
14,9,5,4,32,16,2,512,4826,3127,90973.34375,ok
14,9,5,4,32,8,4,512,4554,3208,142521.25,ok
14,9,5,4,32,4,8,512,4598,3110,248218.484375,ok
14,9,5,4,32,2,16,512,2072,1546,,timeout
14,9,5,4,64,32,2,512,4864,3624,,OOM_rank2
14,9,5,4,64,16,4,512,4846,3611,,OOM_rank2
14,9,5,4,64,8,8,512,4858,3664,,OOM_rank2
14,9,5,4,64,4,16,512,2120,1567,,timeout
14,9,5,4,64,2,32,512,2104,1570,,timeout
14,9,6,3,32,16,2,512,4854,3404,90955.953125,ok
14,9,6,3,32,8,4,512,4858,3442,142612.59375,ok
14,9,6,3,32,4,8,512,4764,3565,250340.265625,ok
14,9,6,3,32,2,16,512,2458,1818,,timeout
14,9,6,3,64,32,2,512,4854,3437,,OOM_rank2
14,9,6,3,64,16,4,512,4856,3596,,OOM_rank2
14,9,6,3,64,8,8,512,4864,3788,,OOM_rank2
14,9,6,3,64,4,16,512,2506,1821,,timeout
14,9,6,3,64,2,32,512,2490,1839,,timeout
14,10,2,6,32,16,2,512,4650,2059,88941.5078125,ok
14,10,2,6,32,8,4,512,4694,1987,139282.09375,ok
14,10,2,6,32,4,8,512,2240,1414,245488.984375,ok
14,10,2,6,32,2,16,512,914,721,,timeout
14,10,2,6,64,32,2,512,4730,1904,,OOM_rank3
14,10,2,6,64,16,4,512,4758,2024,,OOM_rank3
14,10,2,6,64,8,8,512,3662,1591,,OOM_rank3
14,10,2,6,64,4,16,512,962,751,,timeout
14,10,2,6,64,2,32,512,946,739,,timeout
14,10,3,5,32,16,2,512,4750,2376,88771.78125,ok
14,10,3,5,32,8,4,512,4646,2359,139442.765625,ok
14,10,3,5,32,4,8,512,3266,2032,244965.484375,ok
14,10,3,5,32,2,16,512,1300,1028,,timeout
14,10,3,5,64,32,2,512,4844,2726,,OOM_rank3
14,10,3,5,64,16,4,512,4720,2760,,OOM_rank3
14,10,3,5,64,8,8,512,4424,2751,,OOM_rank3
14,10,3,5,64,4,16,512,1348,1052,,timeout
14,10,3,5,64,2,32,512,1332,1019,,timeout
14,10,4,4,32,16,2,512,4832,2839,88785.8359375,ok
14,10,4,4,32,8,4,512,4630,2859,139268.8125,ok
14,10,4,4,32,4,8,512,4292,2647,245694.375,ok
14,10,4,4,32,2,16,512,1686,1294,,timeout
14,10,4,4,64,32,2,512,4788,3326,,OOM_rank1
14,10,4,4,64,16,4,512,4856,3364,,OOM_rank1
14,10,4,4,64,8,8,512,4790,3360,,OOM_rank1
14,10,4,4,64,4,16,512,1734,1304,,timeout
14,10,4,4,64,2,32,512,1718,1299,,timeout
14,10,5,3,32,16,2,512,4826,3103,89630.8515625,ok
14,10,5,3,32,8,4,512,4554,3197,139512.375,ok
14,10,5,3,32,4,8,512,4598,3106,244416.09375,ok
14,10,5,3,32,2,16,512,2072,1576,,timeout
14,10,5,3,64,32,2,512,4864,3619,,OOM_rank2
14,10,5,3,64,16,4,512,4846,3581,,OOM_rank2
14,10,5,3,64,8,8,512,4858,3655,,OOM_rank2
14,10,5,3,64,4,16,512,2120,1581,,timeout
14,10,5,3,64,2,32,512,2104,1591,,timeout
14,10,6,2,32,16,2,512,4854,3391,88827.28125,ok
14,10,6,2,32,8,4,512,4784,3436,139406.875,ok
14,10,6,2,32,4,8,512,4764,3572,245655.96875,ok
14,10,6,2,32,2,16,512,2458,1807,,timeout
14,10,6,2,64,32,2,512,4854,3433,,OOM_rank2
14,10,6,2,64,16,4,512,4856,3592,,OOM_rank2
14,10,6,2,64,8,8,512,4856,3763,,OOM_rank2
14,10,6,2,64,4,16,512,2506,1855,,timeout
14,10,6,2,64,2,32,512,2490,1844,,timeout
14,11,1,6,32,16,2,512,4724,1607,86854.78125,ok
14,11,1,6,32,8,4,512,3182,1303,136238.421875,ok
14,11,1,6,32,4,8,512,1214,795,239479.4375,ok
14,11,1,6,32,2,16,512,528,422,,timeout
14,11,1,6,64,32,2,512,4780,1542,,OOM_rank3
14,11,1,6,64,16,4,512,4208,1407,,OOM_rank3
14,11,1,6,64,8,8,512,1944,890,,OOM_rank3
14,11,1,6,64,4,16,512,576,445,,timeout
14,11,1,6,64,2,32,512,560,436,,timeout
14,11,2,5,32,16,2,512,4650,2031,86761.640625,ok
14,11,2,5,32,8,4,512,4694,1985,136249.78125,ok
14,11,2,5,32,4,8,512,2240,1413,239578.875,ok
14,11,2,5,32,2,16,512,914,729,,timeout
14,11,2,5,64,32,2,512,4730,2362,,OOM_rank1
14,11,2,5,64,16,4,512,4802,2429,,OOM_rank1
14,11,2,5,64,8,8,512,4476,2272,,OOM_rank1
14,11,2,5,64,4,16,512,962,744,,timeout
14,11,2,5,64,2,32,512,946,744,,timeout
14,11,3,4,32,16,2,512,4750,2387,86763.1953125,ok
14,11,3,4,32,8,4,512,4646,2354,136074.3125,ok
14,11,3,4,32,4,8,512,3266,2032,239455.53125,ok
14,11,3,4,32,2,16,512,1300,1018,,timeout
14,11,3,4,64,32,2,512,4844,2704,,OOM_rank1
14,11,3,4,64,16,4,512,4720,2767,,OOM_rank1
14,11,3,4,64,8,8,512,4676,2750,,OOM_rank1
14,11,3,4,64,4,16,512,1348,1049,,timeout
14,11,3,4,64,2,32,512,1332,1044,,timeout
14,11,4,3,32,16,2,512,4832,2823,86588.390625,ok
14,11,4,3,32,8,4,512,4802,2859,136183.0625,ok
14,11,4,3,32,4,8,512,4292,2644,239311.78125,ok
14,11,4,3,32,2,16,512,1686,1282,,timeout
14,11,4,3,64,32,2,512,4788,3065,,OOM_rank1
14,11,4,3,64,16,4,512,4820,3111,,OOM_rank1
14,11,4,3,64,8,8,512,4790,3148,,OOM_rank1
14,11,4,3,64,4,16,512,1734,1315,,timeout
14,11,4,3,64,2,32,512,1718,1313,,timeout
14,11,5,2,32,16,2,512,4826,3101,86733.03125,ok
14,11,5,2,32,8,4,512,4554,3188,136295.03125,ok
14,11,5,2,32,4,8,512,4598,3090,239145.125,ok
14,11,5,2,32,2,16,512,2072,1545,,timeout
14,11,5,2,64,32,2,512,4854,3460,,OOM_rank1
14,11,5,2,64,16,4,512,4848,3459,,OOM_rank1
14,11,5,2,64,8,8,512,4858,3564,,OOM_rank1
14,11,5,2,64,4,16,512,2120,1581,,timeout
14,11,5,2,64,2,32,512,2104,1588,,timeout
14,11,6,1,32,16,2,512,4854,3381,86811.5625,ok
14,11,6,1,32,8,4,512,4858,3414,136327.625,ok
14,11,6,1,32,4,8,512,4808,3564,239774.5625,ok
14,11,6,1,32,2,16,512,2458,1832,,timeout
14,11,6,1,64,32,2,512,4854,3416,,OOM_rank2
14,11,6,1,64,16,4,512,4856,3580,,OOM_rank2
14,11,6,1,64,8,8,512,4856,3768,,OOM_rank2
14,11,6,1,64,4,16,512,2506,1864,,timeout
14,11,6,1,64,2,32,512,2490,1833,,timeout
14,12,1,5,32,16,2,512,4724,1602,84685.484375,ok
14,12,1,5,32,8,4,512,3182,1319,132993.375,ok
14,12,1,5,32,4,8,512,1214,792,233991.546875,ok
14,12,1,5,32,2,16,512,528,427,,timeout
14,12,1,5,64,32,2,512,4780,1732,,OOM_rank1
14,12,1,5,64,16,4,512,4666,1600,,OOM_rank1
14,12,1,5,64,8,8,512,2374,1108,,OOM_rank1
14,12,1,5,64,4,16,512,576,464,,timeout
14,12,1,5,64,2,32,512,560,442,,timeout
14,12,2,4,32,16,2,512,4650,1990,84829.1796875,ok
14,12,2,4,32,8,4,512,4694,1901,133105.421875,ok
14,12,2,4,32,4,8,512,2240,1410,235430.9375,ok
14,12,2,4,32,2,16,512,914,728,,timeout
14,12,2,4,64,32,2,512,4730,2161,,OOM_rank1
14,12,2,4,64,16,4,512,4802,2237,,OOM_rank1
14,12,2,4,64,8,8,512,4476,2015,,OOM_rank1
14,12,2,4,64,4,16,512,962,733,,timeout
14,12,2,4,64,2,32,512,946,751,,timeout
14,12,3,3,32,16,2,512,4750,2368,84794.1796875,ok
14,12,3,3,32,8,4,512,4834,2338,133035.390625,ok
14,12,3,3,32,4,8,512,3266,2032,234339.0625,ok
14,12,3,3,32,2,16,512,1300,1031,,timeout
14,12,3,3,64,32,2,512,4844,2516,,OOM_rank1
14,12,3,3,64,16,4,512,4688,2506,,OOM_rank1
14,12,3,3,64,8,8,512,4428,2474,,OOM_rank1
14,12,3,3,64,4,16,512,1348,1039,,timeout
14,12,3,3,64,2,32,512,1332,1033,,timeout
14,12,4,2,32,16,2,512,4832,2816,84749.375,ok
14,12,4,2,32,8,4,512,4630,2861,133344.53125,ok
14,12,4,2,32,4,8,512,4292,2637,234388.359375,ok
14,12,4,2,32,2,16,512,1686,1283,,timeout
14,12,4,2,64,32,2,512,4808,2825,,OOM_rank1
14,12,4,2,64,16,4,512,4690,2908,,OOM_rank1
14,12,4,2,64,8,8,512,4790,2854,,OOM_rank1
14,12,4,2,64,4,16,512,1734,1319,,timeout
14,12,4,2,64,2,32,512,1718,1296,,timeout
14,12,5,1,32,16,2,512,4826,3101,84778.9296875,ok
14,12,5,1,32,8,4,512,4554,3189,133459.453125,ok
14,12,5,1,32,4,8,512,4598,3091,233813.046875,ok
14,12,5,1,32,2,16,512,2072,1545,,timeout
14,12,5,1,64,32,2,512,4862,3173,,OOM_rank1
14,12,5,1,64,16,4,512,4840,3195,,OOM_rank1
14,12,5,1,64,8,8,512,4570,3255,,OOM_rank1
14,12,5,1,64,4,16,512,2120,1597,,timeout
14,12,5,1,64,2,32,512,2104,1572,,timeout
15,5,6,6,32,16,2,512,4854,3438,96451.84375,ok
15,5,6,6,32,8,4,512,4858,3449,150792.96875,ok
15,5,6,6,32,4,8,512,4764,3582,264268.375,ok
15,5,6,6,32,2,16,512,2458,1833,,timeout
15,5,6,6,64,32,2,512,4854,3299,,OOM_rank3
15,5,6,6,64,16,4,512,4840,3438,,OOM_rank3
15,5,6,6,64,8,8,512,4856,3571,,OOM_rank3
15,5,6,6,64,4,16,512,2506,1868,,timeout
15,5,6,6,64,2,32,512,2490,1860,,timeout
15,6,5,6,32,16,2,512,4830,3137,94314.2109375,ok
15,6,5,6,32,8,4,512,4554,3216,147695.1875,ok
15,6,5,6,32,4,8,512,4598,3107,258844.65625,ok
15,6,5,6,32,2,16,512,2072,1586,,timeout
15,6,5,6,64,32,2,512,4810,2992,,OOM_rank3
15,6,5,6,64,16,4,512,4556,3008,,OOM_rank3
15,6,5,6,64,8,8,512,4638,3096,,OOM_rank3
15,6,5,6,64,4,16,512,2120,1581,,timeout
15,6,5,6,64,2,32,512,2104,1574,,timeout
15,6,6,5,32,16,2,512,4854,3420,94270.015625,ok
15,6,6,5,32,8,4,512,4858,3439,147731.921875,ok
15,6,6,5,32,4,8,512,4764,3573,259347.578125,ok
15,6,6,5,32,2,16,512,2458,1816,,timeout
15,6,6,5,64,32,2,512,4854,3428,,OOM_rank2
15,6,6,5,64,16,4,512,4856,3600,,OOM_rank2
15,6,6,5,64,8,8,512,4856,3776,,OOM_rank2
15,6,6,5,64,4,16,512,2506,1858,,timeout
15,6,6,5,64,2,32,512,2490,1852,,timeout
15,7,4,6,32,16,2,512,4832,2837,92210.03125,ok
15,7,4,6,32,8,4,512,4630,2883,144434.390625,ok
15,7,4,6,32,4,8,512,4292,2646,253566.171875,ok
15,7,4,6,32,2,16,512,1686,1325,,timeout
15,7,4,6,64,32,2,512,4854,2639,,OOM_rank3
15,7,4,6,64,16,4,512,4690,2760,,OOM_rank3
15,7,4,6,64,8,8,512,4790,2760,,OOM_rank3
15,7,4,6,64,4,16,512,1734,1321,,timeout
15,7,4,6,64,2,32,512,1718,1320,,timeout
15,7,5,5,32,16,2,512,4826,3125,92117.0546875,ok
15,7,5,5,32,8,4,512,4554,3212,144306.234375,ok
15,7,5,5,32,4,8,512,4598,3110,253301.375,ok
15,7,5,5,32,2,16,512,2072,1596,,timeout
15,7,5,5,64,32,2,512,4854,3450,,OOM_rank3
15,7,5,5,64,16,4,512,4848,3468,,OOM_rank3
15,7,5,5,64,8,8,512,4858,3579,,OOM_rank3
15,7,5,5,64,4,16,512,2120,1603,,timeout
15,7,5,5,64,2,32,512,2104,1605,,timeout
15,7,6,4,32,16,2,512,4854,3419,92940.71875,ok
15,7,6,4,32,8,4,512,4858,3442,145541.140625,ok
15,7,6,4,32,4,8,512,4764,3572,255082.4375,ok
15,7,6,4,32,2,16,512,2458,1850,,timeout
15,7,6,4,64,32,2,512,4862,3416,,OOM_rank2
15,7,6,4,64,16,4,512,4856,3589,,OOM_rank2
15,7,6,4,64,8,8,512,4856,3779,,OOM_rank2
15,7,6,4,64,4,16,512,2506,1851,,timeout
15,7,6,4,64,2,32,512,2490,1847,,timeout
15,8,3,6,32,16,2,512,4750,2368,90054.4296875,ok
15,8,3,6,32,8,4,512,4646,2354,141141.421875,ok
15,8,3,6,32,4,8,512,3266,2032,248179.921875,ok
15,8,3,6,32,2,16,512,1300,1021,,timeout
15,8,3,6,64,32,2,512,4844,2265,,OOM_rank3
15,8,3,6,64,16,4,512,4600,2344,,OOM_rank3
15,8,3,6,64,8,8,512,4324,2262,,OOM_rank3
15,8,3,6,64,4,16,512,1348,1060,,timeout
15,8,3,6,64,2,32,512,1332,1040,,timeout
15,8,4,5,32,16,2,512,4832,2784,89893.203125,ok
15,8,4,5,32,8,4,512,4630,2861,140990.84375,ok
15,8,4,5,32,4,8,512,4292,2643,247896.28125,ok
15,8,4,5,32,2,16,512,1686,1306,,timeout
15,8,4,5,64,32,2,512,4788,3075,,OOM_rank3
15,8,4,5,64,16,4,512,4820,3134,,OOM_rank3
15,8,4,5,64,8,8,512,4790,3156,,OOM_rank3
15,8,4,5,64,4,16,512,1734,1330,,timeout
15,8,4,5,64,2,32,512,1718,1323,,timeout
15,8,5,4,32,16,2,512,4826,3108,89906.53125,ok
15,8,5,4,32,8,4,512,4554,3192,141294.59375,ok
15,8,5,4,32,4,8,512,4598,3101,248942.671875,ok
15,8,5,4,32,2,16,512,2072,1594,,timeout
15,8,5,4,64,32,2,512,4864,3598,,OOM_rank2
15,8,5,4,64,16,4,512,4848,3592,,OOM_rank2
15,8,5,4,64,8,8,512,4858,3658,,OOM_rank2
15,8,5,4,64,4,16,512,2120,1617,,timeout
15,8,5,4,64,2,32,512,2104,1589,,timeout
15,8,6,3,32,16,2,512,4854,3400,90088.375,ok
15,8,6,3,32,8,4,512,4784,3410,140906.34375,ok
15,8,6,3,32,4,8,512,4764,3561,245625.03125,ok
15,8,6,3,32,2,16,512,2458,1828,,timeout
15,8,6,3,64,32,2,512,4854,3399,,OOM_rank2
15,8,6,3,64,16,4,512,4856,3585,,OOM_rank2
15,8,6,3,64,8,8,512,4860,3764,,OOM_rank2
15,8,6,3,64,4,16,512,2506,1847,,timeout
15,8,6,3,64,2,32,512,2490,1843,,timeout
15,9,2,6,32,16,2,512,4650,2028,88092.296875,ok
15,9,2,6,32,8,4,512,4694,1972,138406.390625,ok
15,9,2,6,32,4,8,512,2240,1409,242355.984375,ok
15,9,2,6,32,2,16,512,914,734,,timeout
15,9,2,6,64,32,2,512,4828,1903,,OOM_rank3
15,9,2,6,64,16,4,512,4758,2010,,OOM_rank3
15,9,2,6,64,8,8,512,3662,1586,,OOM_rank3
15,9,2,6,64,4,16,512,962,752,,timeout
15,9,2,6,64,2,32,512,946,757,,timeout
15,9,3,5,32,16,2,512,4750,2361,88021.2578125,ok
15,9,3,5,32,8,4,512,4834,2346,138354.359375,ok
15,9,3,5,32,4,8,512,3266,2027,242682.328125,ok
15,9,3,5,32,2,16,512,1300,1028,,timeout
15,9,3,5,64,32,2,512,4822,2721,,OOM_rank3
15,9,3,5,64,16,4,512,4720,2754,,OOM_rank3
15,9,3,5,64,8,8,512,4424,2739,,OOM_rank3
15,9,3,5,64,4,16,512,1348,1050,,timeout
15,9,3,5,64,2,32,512,1332,1041,,timeout
15,9,4,4,32,16,2,512,4832,2810,87883.7421875,ok
15,9,4,4,32,8,4,512,4630,2849,138031.46875,ok
15,9,4,4,32,4,8,512,4292,2640,242963.3125,ok
15,9,4,4,32,2,16,512,1686,1309,,timeout
15,9,4,4,64,32,2,512,4824,3327,132112.796875,ok
15,9,4,4,64,16,4,512,4806,3395,176175.65625,ok
15,9,4,4,64,8,8,512,4790,3410,274551.78125,ok
15,9,4,4,64,4,16,512,1734,1327,,timeout
15,9,4,4,64,2,32,512,1718,1320,,timeout
15,9,5,3,32,16,2,512,4826,3083,87927.296875,ok
15,9,5,3,32,8,4,512,4554,3190,139005.34375,ok
15,9,5,3,32,4,8,512,4598,3094,242877.53125,ok
15,9,5,3,32,2,16,512,2072,1595,,timeout
15,9,5,3,64,32,2,512,4864,3588,,OOM_rank2
15,9,5,3,64,16,4,512,4848,3586,,OOM_rank2
15,9,5,3,64,8,8,512,4858,3649,,OOM_rank2
15,9,5,3,64,4,16,512,2120,1612,,timeout
15,9,5,3,64,2,32,512,2104,1601,,timeout
15,9,6,2,32,16,2,512,4854,3384,88839.4921875,ok
15,9,6,2,32,8,4,512,4858,3419,139790.484375,ok
15,9,6,2,32,4,8,512,4844,3549,243681.421875,ok
15,9,6,2,32,2,16,512,2458,1858,,timeout
15,9,6,2,64,32,2,512,4854,3387,,OOM_rank2
15,9,6,2,64,16,4,512,4856,3557,,OOM_rank2
15,9,6,2,64,8,8,512,4856,3753,,OOM_rank2
15,9,6,2,64,4,16,512,2506,1859,,timeout
15,9,6,2,64,2,32,512,2490,1851,,timeout
15,10,1,6,32,16,2,512,4724,1595,86266.140625,ok
15,10,1,6,32,8,4,512,3182,1311,135101.53125,ok
15,10,1,6,32,4,8,512,1214,793,237747.140625,ok
15,10,1,6,32,2,16,512,528,434,,timeout
15,10,1,6,64,32,2,512,4780,1509,,OOM_rank3
15,10,1,6,64,16,4,512,4208,1393,,OOM_rank3
15,10,1,6,64,8,8,512,1944,879,,OOM_rank3
15,10,1,6,64,4,16,512,576,453,,timeout
15,10,1,6,64,2,32,512,560,440,,timeout
15,10,2,5,32,16,2,512,4650,2005,85977.2109375,ok
15,10,2,5,32,8,4,512,4694,1962,135323.640625,ok
15,10,2,5,32,4,8,512,2240,1408,239111.640625,ok
15,10,2,5,32,2,16,512,914,727,,timeout
15,10,2,5,64,32,2,512,4828,2332,,OOM_rank3
15,10,2,5,64,16,4,512,4802,2412,,OOM_rank3
15,10,2,5,64,8,8,512,4476,2249,,OOM_rank3
15,10,2,5,64,4,16,512,962,759,,timeout
15,10,2,5,64,2,32,512,946,756,,timeout
15,10,3,4,32,16,2,512,4750,2364,86475.65625,ok
15,10,3,4,32,8,4,512,4814,2337,135377.90625,ok
15,10,3,4,32,4,8,512,3266,2020,238033.375,ok
15,10,3,4,32,2,16,512,1300,1035,,timeout
15,10,3,4,64,32,2,512,4844,2931,,OOM_rank1
15,10,3,4,64,16,4,512,4720,2944,,OOM_rank1
15,10,3,4,64,8,8,512,4424,2804,,OOM_rank1
15,10,3,4,64,4,16,512,1348,1049,,timeout
15,10,3,4,64,2,32,512,1332,1050,,timeout
15,10,4,3,32,16,2,512,4832,2794,86082.4140625,ok
15,10,4,3,32,8,4,512,4630,2848,135176.328125,ok
15,10,4,3,32,4,8,512,4292,2630,238104.765625,ok
15,10,4,3,32,2,16,512,1686,1298,,timeout
15,10,4,3,64,32,2,512,4788,3291,,OOM_rank1
15,10,4,3,64,16,4,512,4820,3351,,OOM_rank1
15,10,4,3,64,8,8,512,4790,3334,,OOM_rank1
15,10,4,3,64,4,16,512,1734,1314,,timeout
15,10,4,3,64,2,32,512,1718,1337,,timeout
15,10,5,2,32,16,2,512,4830,3094,85953.0703125,ok
15,10,5,2,32,8,4,512,4554,3188,135451.03125,ok
15,10,5,2,32,4,8,512,4598,3089,236629.328125,ok
15,10,5,2,32,2,16,512,2072,1560,,timeout
15,10,5,2,64,32,2,512,4864,3571,,OOM_rank2
15,10,5,2,64,16,4,512,4848,3566,,OOM_rank2
15,10,5,2,64,8,8,512,4858,3637,,OOM_rank2
15,10,5,2,64,4,16,512,2120,1596,,timeout
15,10,5,2,64,2,32,512,2104,1597,,timeout
15,10,6,1,32,16,2,512,4854,3391,86073.4921875,ok
15,10,6,1,32,8,4,512,4784,3411,134681.46875,ok
15,10,6,1,32,4,8,512,4782,3555,237175.21875,ok
15,10,6,1,32,2,16,512,2458,1835,,timeout
15,10,6,1,64,32,2,512,4854,3374,,OOM_rank2
15,10,6,1,64,16,4,512,4864,3567,,OOM_rank2
15,10,6,1,64,8,8,512,4856,3742,,OOM_rank2
15,10,6,1,64,4,16,512,2506,1835,,timeout
15,10,6,1,64,2,32,512,2490,1853,,timeout
15,11,1,5,32,16,2,512,4724,1582,83669.4609375,ok
15,11,1,5,32,8,4,512,3182,1305,131310.625,ok
15,11,1,5,32,4,8,512,1214,793,231474.390625,ok
15,11,1,5,32,2,16,512,528,431,,timeout
15,11,1,5,64,32,2,512,4808,1992,,OOM_rank1
15,11,1,5,64,16,4,512,4666,1885,,OOM_rank1
15,11,1,5,64,8,8,512,3802,1574,,OOM_rank1
15,11,1,5,64,4,16,512,576,448,,timeout
15,11,1,5,64,2,32,512,560,444,,timeout
15,11,2,4,32,16,2,512,4650,2006,83852.265625,ok
15,11,2,4,32,8,4,512,4694,1957,131811.0,ok
15,11,2,4,32,4,8,512,2240,1407,232596.390625,ok
15,11,2,4,32,2,16,512,914,733,,timeout
15,11,2,4,64,32,2,512,4828,2345,,OOM_rank1
15,11,2,4,64,16,4,512,4802,2403,,OOM_rank1
15,11,2,4,64,8,8,512,4476,2246,,OOM_rank1
15,11,2,4,64,4,16,512,962,748,,timeout
15,11,2,4,64,2,32,512,946,748,,timeout
15,11,3,3,32,16,2,512,4750,2358,83850.6796875,ok
15,11,3,3,32,8,4,512,4646,2330,132041.625,ok
15,11,3,3,32,4,8,512,3266,2018,231690.1875,ok
15,11,3,3,32,2,16,512,1300,1016,,timeout
15,11,3,3,64,32,2,512,4822,2691,,OOM_rank1
15,11,3,3,64,16,4,512,4720,2742,,OOM_rank1
15,11,3,3,64,8,8,512,4604,2727,,OOM_rank1
15,11,3,3,64,4,16,512,1348,1049,,timeout
15,11,3,3,64,2,32,512,1332,1030,,timeout
15,11,4,2,32,16,2,512,4832,2786,83794.0,ok
15,11,4,2,32,8,4,512,4630,2828,131651.703125,ok
15,11,4,2,32,4,8,512,4292,2629,231140.234375,ok
15,11,4,2,32,2,16,512,1686,1307,,timeout
15,11,4,2,64,32,2,512,4822,3043,,OOM_rank1
15,11,4,2,64,16,4,512,4820,3074,,OOM_rank1
15,11,4,2,64,8,8,512,4790,3134,,OOM_rank1
15,11,4,2,64,4,16,512,1734,1343,,timeout
15,11,4,2,64,2,32,512,1718,1317,,timeout
15,11,5,1,32,16,2,512,4830,3087,83906.296875,ok
15,11,5,1,32,8,4,512,4652,3180,131992.859375,ok
15,11,5,1,32,4,8,512,4598,3086,233933.515625,ok
15,11,5,1,32,2,16,512,2072,1580,,timeout
15,11,5,1,64,32,2,512,4854,3409,,OOM_rank1
15,11,5,1,64,16,4,512,4848,3423,,OOM_rank1
15,11,5,1,64,8,8,512,4828,3546,,OOM_rank1
15,11,5,1,64,4,16,512,2120,1611,,timeout
15,11,5,1,64,2,32,512,2104,1574,,timeout
15,12,1,4,32,16,2,512,4724,1586,81887.1171875,ok
15,12,1,4,32,8,4,512,3182,1301,128663.34375,ok
15,12,1,4,32,4,8,512,1214,791,227027.921875,ok
15,12,1,4,32,2,16,512,528,429,,timeout
15,12,1,4,64,32,2,512,4780,1711,,OOM_rank1
15,12,1,4,64,16,4,512,4666,1586,,OOM_rank1
15,12,1,4,64,8,8,512,2374,1098,,OOM_rank1
15,12,1,4,64,4,16,512,576,454,,timeout
15,12,1,4,64,2,32,512,560,442,,timeout
15,12,2,3,32,16,2,512,4650,1996,81883.8359375,ok
15,12,2,3,32,8,4,512,4694,1942,128877.203125,ok
15,12,2,3,32,4,8,512,2240,1403,226919.0,ok
15,12,2,3,32,2,16,512,914,734,,timeout
15,12,2,3,64,32,2,512,4730,2148,,OOM_rank1
15,12,2,3,64,16,4,512,4822,2228,,OOM_rank1
15,12,2,3,64,8,8,512,4476,1994,,OOM_rank1
15,12,2,3,64,4,16,512,962,764,,timeout
15,12,2,3,64,2,32,512,946,739,,timeout
15,12,3,2,32,16,2,512,4750,2338,81761.1328125,ok
15,12,3,2,32,8,4,512,4646,2315,128828.453125,ok
15,12,3,2,32,4,8,512,3266,2017,226900.171875,ok
15,12,3,2,32,2,16,512,1300,1025,,timeout
15,12,3,2,64,32,2,512,4822,2472,,OOM_rank1
15,12,3,2,64,16,4,512,4600,2468,,OOM_rank1
15,12,3,2,64,8,8,512,4324,2455,,OOM_rank1
15,12,3,2,64,4,16,512,1348,1047,,timeout
15,12,3,2,64,2,32,512,1332,1056,,timeout
15,12,4,1,32,16,2,512,4832,2765,81843.1875,ok
15,12,4,1,32,8,4,512,4630,2826,128716.0546875,ok
15,12,4,1,32,4,8,512,4292,2619,229761.015625,ok
15,12,4,1,32,2,16,512,1686,1304,,timeout
15,12,4,1,64,32,2,512,4788,2764,,OOM_rank1
15,12,4,1,64,16,4,512,4690,2872,,OOM_rank1
15,12,4,1,64,8,8,512,4790,2839,,OOM_rank1
15,12,4,1,64,4,16,512,1734,1335,,timeout
15,12,4,1,64,2,32,512,1718,1323,,timeout
16,4,6,6,32,16,2,512,4854,3410,95736.265625,ok
16,4,6,6,32,8,4,512,4784,3445,150328.90625,ok
16,4,6,6,32,4,8,512,4764,3572,263748.40625,ok
16,4,6,6,32,2,16,512,2458,1856,,timeout
16,4,6,6,64,32,2,512,4854,3273,,OOM_rank3
16,4,6,6,64,16,4,512,4840,3429,,OOM_rank3
16,4,6,6,64,8,8,512,4856,3563,,OOM_rank3
16,4,6,6,64,4,16,512,2506,1877,,timeout
16,4,6,6,64,2,32,512,2490,1869,,timeout
16,5,5,6,32,16,2,512,4862,3130,93814.640625,ok
16,5,5,6,32,8,4,512,4554,3197,146829.15625,ok
16,5,5,6,32,4,8,512,4598,3101,256610.359375,ok
16,5,5,6,32,2,16,512,2072,1588,,timeout
16,5,5,6,64,32,2,512,4810,2994,,OOM_rank3
16,5,5,6,64,16,4,512,4624,2988,,OOM_rank3
16,5,5,6,64,8,8,512,4638,3080,,OOM_rank3
16,5,5,6,64,4,16,512,2120,1610,,timeout
16,5,5,6,64,2,32,512,2104,1615,,timeout
16,5,6,5,32,16,2,512,4854,3411,93675.609375,ok
16,5,6,5,32,8,4,512,4858,3427,146587.171875,ok
16,5,6,5,32,4,8,512,4764,3563,257389.03125,ok
16,5,6,5,32,2,16,512,2458,1851,,timeout
16,5,6,5,64,32,2,512,4854,3408,,OOM_rank2
16,5,6,5,64,16,4,512,4856,3595,,OOM_rank2
16,5,6,5,64,8,8,512,4864,3768,,OOM_rank2
16,5,6,5,64,4,16,512,2506,1854,,timeout
16,5,6,5,64,2,32,512,2490,1858,,timeout
16,6,4,6,32,16,2,512,4832,2792,91470.40625,ok
16,6,4,6,32,8,4,512,4630,2858,144268.453125,ok
16,6,4,6,32,4,8,512,4292,2638,252093.96875,ok
16,6,4,6,32,2,16,512,1686,1304,,timeout
16,6,4,6,64,32,2,512,4788,2643,,OOM_rank3
16,6,4,6,64,16,4,512,4826,2755,,OOM_rank3
16,6,4,6,64,8,8,512,4790,2733,,OOM_rank3
16,6,4,6,64,4,16,512,1734,1338,,timeout
16,6,4,6,64,2,32,512,1718,1318,,timeout
16,6,5,5,32,16,2,512,4834,3113,91576.25,ok
16,6,5,5,32,8,4,512,4842,3210,143728.46875,ok
16,6,5,5,32,4,8,512,4598,3102,252865.5,ok
16,6,5,5,32,2,16,512,2072,1594,,timeout
16,6,5,5,64,32,2,512,4854,3415,,OOM_rank3
16,6,5,5,64,16,4,512,4848,3447,,OOM_rank3
16,6,5,5,64,8,8,512,4858,3555,,OOM_rank3
16,6,5,5,64,4,16,512,2120,1629,,timeout
16,6,5,5,64,2,32,512,2104,1602,,timeout
16,6,6,4,32,16,2,512,4854,3399,91636.8125,ok
16,6,6,4,32,8,4,512,4784,3432,143696.25,ok
16,6,6,4,32,4,8,512,4764,3558,252422.6875,ok
16,6,6,4,32,2,16,512,2458,1874,,timeout
16,6,6,4,64,32,2,512,4854,3263,,OOM_rank2
16,6,6,4,64,16,4,512,4860,3586,,OOM_rank2
16,6,6,4,64,8,8,512,4858,3762,,OOM_rank2
16,6,6,4,64,4,16,512,2506,1872,,timeout
16,6,6,4,64,2,32,512,2490,1869,,timeout
16,7,3,6,32,16,2,512,4750,2366,89590.9609375,ok
16,7,3,6,32,8,4,512,4834,2344,140281.71875,ok
16,7,3,6,32,4,8,512,3266,2024,244904.34375,ok
16,7,3,6,32,2,16,512,1300,1021,,timeout
16,7,3,6,64,32,2,512,4844,2250,,OOM_rank3
16,7,3,6,64,16,4,512,4600,2337,,OOM_rank3
16,7,3,6,64,8,8,512,4324,2251,,OOM_rank3
16,7,3,6,64,4,16,512,1348,1055,,timeout
16,7,3,6,64,2,32,512,1332,1042,,timeout
16,7,4,5,32,16,2,512,4832,2795,89450.2890625,ok
16,7,4,5,32,8,4,512,4630,2849,140199.921875,ok
16,7,4,5,32,4,8,512,4292,2635,246691.28125,ok
16,7,4,5,32,2,16,512,1686,1317,,timeout
16,7,4,5,64,32,2,512,4818,3040,,OOM_rank3
16,7,4,5,64,16,4,512,4820,3109,,OOM_rank3
16,7,4,5,64,8,8,512,4790,3139,,OOM_rank3
16,7,4,5,64,4,16,512,1734,1325,,timeout
16,7,4,5,64,2,32,512,1718,1334,,timeout
16,7,5,4,32,16,2,512,4826,3101,89551.9140625,ok
16,7,5,4,32,8,4,512,4554,3197,140325.625,ok
16,7,5,4,32,4,8,512,4598,3097,246613.671875,ok
16,7,5,4,32,2,16,512,2072,1575,,timeout
16,7,5,4,64,32,2,512,4864,3582,,OOM_rank2
16,7,5,4,64,16,4,512,4864,3581,,OOM_rank2
16,7,5,4,64,8,8,512,4862,3636,,OOM_rank2
16,7,5,4,64,4,16,512,2120,1624,,timeout
16,7,5,4,64,2,32,512,2104,1618,,timeout
16,7,6,3,32,16,2,512,4854,3393,89691.3359375,ok
16,7,6,3,32,8,4,512,4854,3420,140265.859375,ok
16,7,6,3,32,4,8,512,4764,3550,246836.65625,ok
16,7,6,3,32,2,16,512,2458,1884,,timeout
16,7,6,3,64,32,2,512,4854,3401,,OOM_rank2
16,7,6,3,64,16,4,512,4856,3571,,OOM_rank2
16,7,6,3,64,8,8,512,4864,3757,,OOM_rank2
16,7,6,3,64,4,16,512,2506,1895,,timeout
16,7,6,3,64,2,32,512,2490,1864,,timeout
16,8,2,6,32,16,2,512,4650,2001,87602.125,ok
16,8,2,6,32,8,4,512,4694,1956,136701.65625,ok
16,8,2,6,32,4,8,512,2240,1407,239901.203125,ok
16,8,2,6,32,2,16,512,914,731,,timeout
16,8,2,6,64,32,2,512,4838,1885,,OOM_rank3
16,8,2,6,64,16,4,512,4758,1985,,OOM_rank3
16,8,2,6,64,8,8,512,3662,1582,,OOM_rank3
16,8,2,6,64,4,16,512,962,762,,timeout
16,8,2,6,64,2,32,512,946,752,,timeout
16,8,3,5,32,16,2,512,4750,2356,87463.65625,ok
16,8,3,5,32,8,4,512,4646,2330,137168.203125,ok
16,8,3,5,32,4,8,512,3266,2023,241402.953125,ok
16,8,3,5,32,2,16,512,1300,1014,,timeout
16,8,3,5,64,32,2,512,4844,2681,,OOM_rank3
16,8,3,5,64,16,4,512,4720,2725,,OOM_rank3
16,8,3,5,64,8,8,512,4728,2733,,OOM_rank3
16,8,3,5,64,4,16,512,1348,1057,,timeout
16,8,3,5,64,2,32,512,1332,1049,,timeout
16,8,4,4,32,16,2,512,4832,2789,87338.6328125,ok
16,8,4,4,32,8,4,512,4630,2844,136795.390625,ok
16,8,4,4,32,4,8,512,4292,2636,240907.765625,ok
16,8,4,4,32,2,16,512,1686,1305,,timeout
16,8,4,4,64,32,2,512,4846,3323,131566.59375,ok
16,8,4,4,64,16,4,512,4806,3373,174815.125,ok
16,8,4,4,64,8,8,512,4790,3400,272818.75,ok
16,8,4,4,64,4,16,512,1734,1343,,timeout
16,8,4,4,64,2,32,512,1718,1306,,timeout
16,8,5,3,32,16,2,512,4856,3082,87905.9140625,ok
16,8,5,3,32,8,4,512,4554,3163,137026.546875,ok
16,8,5,3,32,4,8,512,4598,3077,242712.40625,ok
16,8,5,3,32,2,16,512,2072,1570,,timeout
16,8,5,3,64,32,2,512,4864,3557,,OOM_rank2
16,8,5,3,64,16,4,512,4856,3566,,OOM_rank2
16,8,5,3,64,8,8,512,4858,3631,,OOM_rank2
16,8,5,3,64,4,16,512,2120,1610,,timeout
16,8,5,3,64,2,32,512,2104,1622,,timeout
16,8,6,2,32,16,2,512,4854,3381,87608.890625,ok
16,8,6,2,32,8,4,512,4858,3403,136930.328125,ok
16,8,6,2,32,4,8,512,4764,3551,241413.21875,ok
16,8,6,2,32,2,16,512,2458,1855,,timeout
16,8,6,2,64,32,2,512,4856,3374,,OOM_rank2
16,8,6,2,64,16,4,512,4856,3543,,OOM_rank2
16,8,6,2,64,8,8,512,4856,3735,,OOM_rank2
16,8,6,2,64,4,16,512,2506,1871,,timeout
16,8,6,2,64,2,32,512,2490,1878,,timeout
16,9,1,6,32,16,2,512,4724,1584,85428.8046875,ok
16,9,1,6,32,8,4,512,3182,1297,133661.640625,ok
16,9,1,6,32,4,8,512,1214,793,236163.203125,ok
16,9,1,6,32,2,16,512,528,431,,timeout
16,9,1,6,64,32,2,512,4780,1490,,OOM_rank3
16,9,1,6,64,16,4,512,4208,1382,,OOM_rank3
16,9,1,6,64,8,8,512,1944,874,,OOM_rank3
16,9,1,6,64,4,16,512,576,454,,timeout
16,9,1,6,64,2,32,512,560,452,,timeout
16,9,2,5,32,16,2,512,4650,1990,85148.4453125,ok
16,9,2,5,32,8,4,512,4694,1950,133670.234375,ok
16,9,2,5,32,4,8,512,2240,1402,236150.6875,ok
16,9,2,5,32,2,16,512,914,744,,timeout
16,9,2,5,64,32,2,512,4828,2317,,OOM_rank3
16,9,2,5,64,16,4,512,4802,2402,,OOM_rank3
16,9,2,5,64,8,8,512,4476,2244,,OOM_rank3
16,9,2,5,64,4,16,512,962,755,,timeout
16,9,2,5,64,2,32,512,946,761,,timeout
16,9,3,4,32,16,2,512,4750,2334,85140.2890625,ok
16,9,3,4,32,8,4,512,4646,2327,133422.265625,ok
16,9,3,4,32,4,8,512,3266,2021,235886.78125,ok
16,9,3,4,32,2,16,512,1300,1036,,timeout
16,9,3,4,64,32,2,512,4844,2961,128286.6953125,ok
16,9,3,4,64,16,4,512,4720,2986,170298.734375,ok
16,9,3,4,64,8,8,512,4836,2807,265929.28125,ok
16,9,3,4,64,4,16,512,1348,1050,,timeout
16,9,3,4,64,2,32,512,1332,1057,,timeout
16,9,4,3,32,16,2,512,4832,2780,84858.6484375,ok
16,9,4,3,32,8,4,512,4630,2823,133561.890625,ok
16,9,4,3,32,4,8,512,4292,2623,235819.3125,ok
16,9,4,3,32,2,16,512,1686,1301,,timeout
16,9,4,3,64,32,2,512,4788,3327,128190.421875,ok
16,9,4,3,64,16,4,512,4820,3363,171110.640625,ok
16,9,4,3,64,8,8,512,4790,3398,266348.59375,ok
16,9,4,3,64,4,16,512,1734,1335,,timeout
16,9,4,3,64,2,32,512,1718,1331,,timeout
16,9,5,2,32,16,2,512,4826,3064,85008.734375,ok
16,9,5,2,32,8,4,512,4554,3164,133366.046875,ok
16,9,5,2,32,4,8,512,4598,3080,235026.84375,ok
16,9,5,2,32,2,16,512,2072,1609,,timeout
16,9,5,2,64,32,2,512,4864,3561,,OOM_rank2
16,9,5,2,64,16,4,512,4854,3551,,OOM_rank2
16,9,5,2,64,8,8,512,4858,3631,,OOM_rank2
16,9,5,2,64,4,16,512,2120,1598,,timeout
16,9,5,2,64,2,32,512,2104,1589,,timeout
16,9,6,1,32,16,2,512,4854,3347,86388.640625,ok
16,9,6,1,32,8,4,512,4858,3399,135972.859375,ok
16,9,6,1,32,4,8,512,4764,3541,239611.625,ok
16,9,6,1,32,2,16,512,2458,1839,,timeout
16,9,6,1,64,32,2,512,4854,3370,,OOM_rank2
16,9,6,1,64,16,4,512,4856,3555,,OOM_rank2
16,9,6,1,64,8,8,512,4856,3721,,OOM_rank2
16,9,6,1,64,4,16,512,2506,1859,,timeout
16,9,6,1,64,2,32,512,2490,1852,,timeout
16,10,1,5,32,16,2,512,4724,1569,84209.34375,ok
16,10,1,5,32,8,4,512,3182,1290,132524.1875,ok
16,10,1,5,32,4,8,512,1214,792,234573.671875,ok
16,10,1,5,32,2,16,512,528,423,,timeout
16,10,1,5,64,32,2,512,4796,1927,,OOM_rank3
16,10,1,5,64,16,4,512,4666,1865,,OOM_rank3
16,10,1,5,64,8,8,512,4314,1571,,OOM_rank3
16,10,1,5,64,4,16,512,576,457,,timeout
16,10,1,5,64,2,32,512,560,444,,timeout
16,10,2,4,32,16,2,512,4650,1987,84063.0078125,ok
16,10,2,4,32,8,4,512,4694,1935,132789.578125,ok
16,10,2,4,32,4,8,512,2240,1402,233744.3125,ok
16,10,2,4,32,2,16,512,914,738,,timeout
16,10,2,4,64,32,2,512,4828,2484,,OOM_rank1
16,10,2,4,64,16,4,512,4802,2527,,OOM_rank1
16,10,2,4,64,8,8,512,4476,2323,,OOM_rank1
16,10,2,4,64,4,16,512,962,746,,timeout
16,10,2,4,64,2,32,512,946,762,,timeout
16,10,3,3,32,16,2,512,4750,2334,83987.5625,ok
16,10,3,3,32,8,4,512,4834,2319,132367.53125,ok
16,10,3,3,32,4,8,512,3266,2016,234921.078125,ok
16,10,3,3,32,2,16,512,1300,1035,,timeout
16,10,3,3,64,32,2,512,4844,2900,,OOM_rank1
16,10,3,3,64,16,4,512,4720,2934,,OOM_rank1
16,10,3,3,64,8,8,512,4424,2773,,OOM_rank1
16,10,3,3,64,4,16,512,1348,1047,,timeout
16,10,3,3,64,2,32,512,1332,1051,,timeout
16,10,4,2,32,16,2,512,4832,2770,84058.5234375,ok
16,10,4,2,32,8,4,512,4630,2827,131994.125,ok
16,10,4,2,32,4,8,512,4292,2623,234869.46875,ok
16,10,4,2,32,2,16,512,1686,1322,,timeout
16,10,4,2,64,32,2,512,4788,3284,,OOM_rank1
16,10,4,2,64,16,4,512,4820,3324,,OOM_rank1
16,10,4,2,64,8,8,512,4790,3317,,OOM_rank1
16,10,4,2,64,4,16,512,1734,1341,,timeout
16,10,4,2,64,2,32,512,1718,1334,,timeout
16,10,5,1,32,16,2,512,4826,3057,84202.328125,ok
16,10,5,1,32,8,4,512,4764,3148,132677.015625,ok
16,10,5,1,32,4,8,512,4598,3081,234067.078125,ok
16,10,5,1,32,2,16,512,2072,1606,,timeout
16,10,5,1,64,32,2,512,4864,3545,,OOM_rank2
16,10,5,1,64,16,4,512,4850,3556,,OOM_rank2
16,10,5,1,64,8,8,512,4858,3612,,OOM_rank2
16,10,5,1,64,4,16,512,2120,1615,,timeout
16,10,5,1,64,2,32,512,2104,1608,,timeout
16,11,1,4,32,16,2,512,4724,1548,82146.40625,ok
16,11,1,4,32,8,4,512,3182,1283,129064.2421875,ok
16,11,1,4,32,4,8,512,1214,787,228329.359375,ok
16,11,1,4,32,2,16,512,528,428,,timeout
16,11,1,4,64,32,2,512,4796,1967,,OOM_rank1
16,11,1,4,64,16,4,512,4666,1862,,OOM_rank1
16,11,1,4,64,8,8,512,3802,1565,,OOM_rank1
16,11,1,4,64,4,16,512,576,450,,timeout
16,11,1,4,64,2,32,512,560,443,,timeout
16,11,2,3,32,16,2,512,4650,1975,82233.953125,ok
16,11,2,3,32,8,4,512,4694,1920,129202.8125,ok
16,11,2,3,32,4,8,512,2240,1400,235220.90625,ok
16,11,2,3,32,2,16,512,914,736,,timeout
16,11,2,3,64,32,2,512,4828,2331,,OOM_rank1
16,11,2,3,64,16,4,512,4802,2368,,OOM_rank1
16,11,2,3,64,8,8,512,4476,2230,,OOM_rank1
16,11,2,3,64,4,16,512,962,762,,timeout
16,11,2,3,64,2,32,512,946,742,,timeout
16,11,3,2,32,16,2,512,4750,2320,83568.4140625,ok
16,11,3,2,32,8,4,512,4834,2300,132246.921875,ok
16,11,3,2,32,4,8,512,3266,2002,228930.890625,ok
16,11,3,2,32,2,16,512,1300,1029,,timeout
16,11,3,2,64,32,2,512,4822,2645,,OOM_rank1
16,11,3,2,64,16,4,512,4778,2715,,OOM_rank1
16,11,3,2,64,8,8,512,4424,2704,,OOM_rank1
16,11,3,2,64,4,16,512,1348,1057,,timeout
16,11,3,2,64,2,32,512,1332,1040,,timeout
16,11,4,1,32,16,2,512,4832,2761,82765.6015625,ok
16,11,4,1,32,8,4,512,4630,2807,130525.6171875,ok
16,11,4,1,32,4,8,512,4292,2616,230296.75,ok
16,11,4,1,32,2,16,512,1686,1320,,timeout
16,11,4,1,64,32,2,512,4788,2993,,OOM_rank1
16,11,4,1,64,16,4,512,4690,3061,,OOM_rank1
16,11,4,1,64,8,8,512,4790,3118,,OOM_rank1
16,11,4,1,64,4,16,512,1734,1328,,timeout
16,11,4,1,64,2,32,512,1718,1338,,timeout
16,12,1,3,32,16,2,512,4724,1543,80710.4296875,ok
16,12,1,3,32,8,4,512,3182,1281,127353.8046875,ok
16,12,1,3,32,4,8,512,1214,789,225422.625,ok
16,12,1,3,32,2,16,512,528,428,,timeout
16,12,1,3,64,32,2,512,4780,1665,,OOM_rank1
16,12,1,3,64,16,4,512,4666,1550,,OOM_rank1
16,12,1,3,64,8,8,512,2374,1091,,OOM_rank1
16,12,1,3,64,4,16,512,576,452,,timeout
16,12,1,3,64,2,32,512,560,444,,timeout
16,12,2,2,32,16,2,512,4650,1976,80764.0234375,ok
16,12,2,2,32,8,4,512,4694,1910,127524.8125,ok
16,12,2,2,32,4,8,512,2240,1396,226255.703125,ok
16,12,2,2,32,2,16,512,914,741,,timeout
16,12,2,2,64,32,2,512,4828,2109,,OOM_rank1
16,12,2,2,64,16,4,512,4802,2186,,OOM_rank1
16,12,2,2,64,8,8,512,4476,1976,,OOM_rank1
16,12,2,2,64,4,16,512,962,756,,timeout
16,12,2,2,64,2,32,512,946,754,,timeout
16,12,3,1,32,16,2,512,4750,2309,81372.0859375,ok
16,12,3,1,32,8,4,512,4646,2296,127965.6484375,ok
16,12,3,1,32,4,8,512,3266,2010,227241.0625,ok
16,12,3,1,32,2,16,512,1300,1028,,timeout
16,12,3,1,64,32,2,512,4822,2428,,OOM_rank1
16,12,3,1,64,16,4,512,4600,2417,,OOM_rank1
16,12,3,1,64,8,8,512,4324,2424,,OOM_rank1
16,12,3,1,64,4,16,512,1348,1048,,timeout
16,12,3,1,64,2,32,512,1332,1030,,timeout
17,3,6,6,32,16,2,512,4854,3389,96495.109375,ok
17,3,6,6,32,8,4,512,4858,3423,151903.21875,ok
17,3,6,6,32,4,8,512,4764,3564,268094.53125,ok
17,3,6,6,32,2,16,512,2458,1819,,timeout
17,3,6,6,64,32,2,512,4854,3258,,OOM_rank3
17,3,6,6,64,16,4,512,4840,3370,,OOM_rank3
17,3,6,6,64,8,8,512,4856,3533,,OOM_rank3
17,3,6,6,64,4,16,512,2506,1898,,timeout
17,3,6,6,64,2,32,512,2490,1886,,timeout
17,4,5,6,32,16,2,512,4826,3076,94522.8203125,ok
17,4,5,6,32,8,4,512,4554,3194,149001.359375,ok
17,4,5,6,32,4,8,512,4598,3101,261843.140625,ok
17,4,5,6,32,2,16,512,2072,1630,,timeout
17,4,5,6,64,32,2,512,4810,2958,,OOM_rank3
17,4,5,6,64,16,4,512,4556,2980,,OOM_rank3
17,4,5,6,64,8,8,512,4520,3059,,OOM_rank3
17,4,5,6,64,4,16,512,2120,1640,,timeout
17,4,5,6,64,2,32,512,2104,1601,,timeout
17,4,6,5,32,16,2,512,4854,3384,94415.59375,ok
17,4,6,5,32,8,4,512,4858,3405,148675.671875,ok
17,4,6,5,32,4,8,512,4764,3560,261763.015625,ok
17,4,6,5,32,2,16,512,2458,1879,,timeout
17,4,6,5,64,32,2,512,4856,3394,,OOM_rank2
17,4,6,5,64,16,4,512,4856,3567,,OOM_rank2
17,4,6,5,64,8,8,512,4864,3756,,OOM_rank2
17,4,6,5,64,4,16,512,2506,1876,,timeout
17,4,6,5,64,2,32,512,2490,1873,,timeout
17,5,4,6,32,16,2,512,4832,2787,92305.2890625,ok
17,5,4,6,32,8,4,512,4630,2836,145610.859375,ok
17,5,4,6,32,4,8,512,4292,2635,257974.25,ok
17,5,4,6,32,2,16,512,1686,1302,,timeout
17,5,4,6,64,32,2,512,4788,2592,,OOM_rank3
17,5,4,6,64,16,4,512,4782,2742,,OOM_rank3
17,5,4,6,64,8,8,512,4790,2723,,OOM_rank3
17,5,4,6,64,4,16,512,1734,1354,,timeout
17,5,4,6,64,2,32,512,1718,1348,,timeout
17,5,5,5,32,16,2,512,4826,3075,92171.8359375,ok
17,5,5,5,32,8,4,512,4554,3183,145071.953125,ok
17,5,5,5,32,4,8,512,4598,3092,256930.0,ok
17,5,5,5,32,2,16,512,2072,1592,,timeout
17,5,5,5,64,32,2,512,4854,3427,,OOM_rank3
17,5,5,5,64,16,4,512,4864,3434,,OOM_rank3
17,5,5,5,64,8,8,512,4858,3558,,OOM_rank3
17,5,5,5,64,4,16,512,2120,1617,,timeout
17,5,5,5,64,2,32,512,2104,1625,,timeout
17,5,6,4,32,16,2,512,4854,3361,92497.4765625,ok
17,5,6,4,32,8,4,512,4858,3414,145355.390625,ok
17,5,6,4,32,4,8,512,4856,3550,257370.734375,ok
17,5,6,4,32,2,16,512,2458,1873,,timeout
17,5,6,4,64,32,2,512,4854,3382,,OOM_rank2
17,5,6,4,64,16,4,512,4860,3550,,OOM_rank2
17,5,6,4,64,8,8,512,4856,3753,,OOM_rank2
17,5,6,4,64,4,16,512,2506,1893,,timeout
17,5,6,4,64,2,32,512,2490,1890,,timeout
17,6,3,6,32,16,2,512,4750,2352,90189.8984375,ok
17,6,3,6,32,8,4,512,4646,2329,142546.734375,ok
17,6,3,6,32,4,8,512,3266,2019,252126.203125,ok
17,6,3,6,32,2,16,512,1300,1027,,timeout
17,6,3,6,64,32,2,512,4822,2218,,OOM_rank3
17,6,3,6,64,16,4,512,4600,2317,,OOM_rank3
17,6,3,6,64,8,8,512,4324,2222,,OOM_rank3
17,6,3,6,64,4,16,512,1348,1066,,timeout
17,6,3,6,64,2,32,512,1332,1047,,timeout
17,6,4,5,32,16,2,512,4832,2798,90074.484375,ok
17,6,4,5,32,8,4,512,4834,2838,141824.15625,ok
17,6,4,5,32,4,8,512,4292,2625,251509.59375,ok
17,6,4,5,32,2,16,512,1686,1330,,timeout
17,6,4,5,64,32,2,512,4788,3032,,OOM_rank3
17,6,4,5,64,16,4,512,4820,3095,,OOM_rank3
17,6,4,5,64,8,8,512,4854,3141,,OOM_rank3
17,6,4,5,64,4,16,512,1734,1354,,timeout
17,6,4,5,64,2,32,512,1718,1346,,timeout
17,6,5,4,32,16,2,512,4830,3063,90345.5390625,ok
17,6,5,4,32,8,4,512,4554,3171,142000.25,ok
17,6,5,4,32,4,8,512,4778,3084,251565.671875,ok
17,6,5,4,32,2,16,512,2072,1593,,timeout
17,6,5,4,64,32,2,512,4864,3518,,OOM_rank2
17,6,5,4,64,16,4,512,4854,3562,,OOM_rank2
17,6,5,4,64,8,8,512,4858,3626,,OOM_rank2
17,6,5,4,64,4,16,512,2120,1597,,timeout
17,6,5,4,64,2,32,512,2104,1621,,timeout
17,6,6,3,32,16,2,512,4860,3361,90141.265625,ok
17,6,6,3,32,8,4,512,4864,3398,141930.859375,ok
17,6,6,3,32,4,8,512,4764,3549,251533.5,ok
17,6,6,3,32,2,16,512,2458,1839,,timeout
17,6,6,3,64,32,2,512,4864,3396,,OOM_rank2
17,6,6,3,64,16,4,512,4858,3531,,OOM_rank2
17,6,6,3,64,8,8,512,4856,3740,,OOM_rank2
17,6,6,3,64,4,16,512,2506,1908,,timeout
17,6,6,3,64,2,32,512,2490,1869,,timeout
17,7,2,6,32,16,2,512,4650,1986,88066.2734375,ok
17,7,2,6,32,8,4,512,4694,1933,138620.703125,ok
17,7,2,6,32,4,8,512,2240,1404,246232.328125,ok
17,7,2,6,32,2,16,512,914,739,,timeout
17,7,2,6,64,32,2,512,4828,1852,,OOM_rank3
17,7,2,6,64,16,4,512,4758,1967,,OOM_rank3
17,7,2,6,64,8,8,512,3662,1564,,OOM_rank3
17,7,2,6,64,4,16,512,962,767,,timeout
17,7,2,6,64,2,32,512,946,760,,timeout
17,7,3,5,32,16,2,512,4856,2359,88001.1328125,ok
17,7,3,5,32,8,4,512,4834,2321,138967.90625,ok
17,7,3,5,32,4,8,512,3266,2018,246304.21875,ok
17,7,3,5,32,2,16,512,1300,1045,,timeout
17,7,3,5,64,32,2,512,4822,2675,,OOM_rank3
17,7,3,5,64,16,4,512,4720,2716,,OOM_rank3
17,7,3,5,64,8,8,512,4424,2719,,OOM_rank3
17,7,3,5,64,4,16,512,1348,1053,,timeout
17,7,3,5,64,2,32,512,1332,1059,,timeout
17,7,4,4,32,16,2,512,4832,2767,87995.71875,ok
17,7,4,4,32,8,4,512,4630,2818,138657.578125,ok
17,7,4,4,32,4,8,512,4292,2623,245778.078125,ok
17,7,4,4,32,2,16,512,1686,1322,,timeout
17,7,4,4,64,32,2,512,4788,3296,131997.078125,ok
17,7,4,4,64,16,4,512,4806,3353,176528.96875,ok
17,7,4,4,64,8,8,512,4790,3382,276223.5,ok
17,7,4,4,64,4,16,512,1734,1342,,timeout
17,7,4,4,64,2,32,512,1718,1335,,timeout
17,7,5,3,32,16,2,512,4830,3054,88268.375,ok
17,7,5,3,32,8,4,512,4554,3167,139200.84375,ok
17,7,5,3,32,4,8,512,4598,3075,246150.046875,ok
17,7,5,3,32,2,16,512,2072,1578,,timeout
17,7,5,3,64,32,2,512,4864,3527,,OOM_rank2
17,7,5,3,64,16,4,512,4846,3554,,OOM_rank2
17,7,5,3,64,8,8,512,4858,3615,,OOM_rank2
17,7,5,3,64,4,16,512,2120,1617,,timeout
17,7,5,3,64,2,32,512,2104,1610,,timeout
17,7,6,2,32,16,2,512,4854,3338,88280.9375,ok
17,7,6,2,32,8,4,512,4784,3392,138633.390625,ok
17,7,6,2,32,4,8,512,4784,3540,245167.515625,ok
17,7,6,2,32,2,16,512,2458,1891,,timeout
17,7,6,2,64,32,2,512,4860,3364,,OOM_rank2
17,7,6,2,64,16,4,512,4856,3542,,OOM_rank2
17,7,6,2,64,8,8,512,4858,3732,,OOM_rank2
17,7,6,2,64,4,16,512,2506,1858,,timeout
17,7,6,2,64,2,32,512,2490,1874,,timeout
17,8,1,6,32,16,2,512,4724,1561,85809.2265625,ok
17,8,1,6,32,8,4,512,3182,1287,135085.515625,ok
17,8,1,6,32,4,8,512,1214,788,235768.078125,ok
17,8,1,6,32,2,16,512,528,431,,timeout
17,8,1,6,64,32,2,512,4780,1481,,OOM_rank3
17,8,1,6,64,16,4,512,4208,1368,,OOM_rank3
17,8,1,6,64,8,8,512,1944,877,,OOM_rank3
17,8,1,6,64,4,16,512,576,453,,timeout
17,8,1,6,64,2,32,512,560,446,,timeout
17,8,2,5,32,16,2,512,4650,1973,85979.078125,ok
17,8,2,5,32,8,4,512,4694,1935,135181.390625,ok
17,8,2,5,32,4,8,512,2240,1401,239354.71875,ok
17,8,2,5,32,2,16,512,914,737,,timeout
17,8,2,5,64,32,2,512,4730,2295,,OOM_rank3
17,8,2,5,64,16,4,512,4802,2382,,OOM_rank3
17,8,2,5,64,8,8,512,4520,2231,,OOM_rank3
17,8,2,5,64,4,16,512,962,755,,timeout
17,8,2,5,64,2,32,512,946,744,,timeout
17,8,3,4,32,16,2,512,4750,2332,86101.9453125,ok
17,8,3,4,32,8,4,512,4646,2304,135009.75,ok
17,8,3,4,32,4,8,512,3266,2013,238573.15625,ok
17,8,3,4,32,2,16,512,1300,1028,,timeout
17,8,3,4,64,32,2,512,4830,2919,128858.5859375,ok
17,8,3,4,64,16,4,512,4842,2965,171957.71875,ok
17,8,3,4,64,8,8,512,4836,2801,269039.75,ok
17,8,3,4,64,4,16,512,1348,1060,,timeout
17,8,3,4,64,2,32,512,1332,1049,,timeout
17,8,4,3,32,16,2,512,4832,2742,86108.2265625,ok
17,8,4,3,32,8,4,512,4674,2806,135296.203125,ok
17,8,4,3,32,4,8,512,4292,2624,239986.09375,ok
17,8,4,3,32,2,16,512,1686,1324,,timeout
17,8,4,3,64,32,2,512,4822,3292,128766.5234375,ok
17,8,4,3,64,16,4,512,4806,3338,172073.796875,ok
17,8,4,3,64,8,8,512,4790,3374,269486.25,ok
17,8,4,3,64,4,16,512,1734,1354,,timeout
17,8,4,3,64,2,32,512,1718,1328,,timeout
17,8,5,2,32,16,2,512,4830,3042,86091.28125,ok
17,8,5,2,32,8,4,512,4554,3153,135331.28125,ok
17,8,5,2,32,4,8,512,4598,3078,239962.46875,ok
17,8,5,2,32,2,16,512,2072,1580,,timeout
17,8,5,2,64,32,2,512,4864,3515,,OOM_rank2
17,8,5,2,64,16,4,512,4848,3537,,OOM_rank2
17,8,5,2,64,8,8,512,4858,3608,,OOM_rank2
17,8,5,2,64,4,16,512,2120,1631,,timeout
17,8,5,2,64,2,32,512,2104,1591,,timeout
17,8,6,1,32,16,2,512,4854,3344,86188.09375,ok
17,8,6,1,32,8,4,512,4858,3367,135418.0,ok
17,8,6,1,32,4,8,512,4764,3536,239260.84375,ok
17,8,6,1,32,2,16,512,2458,1879,,timeout
17,8,6,1,64,32,2,512,4854,3324,,OOM_rank2
17,8,6,1,64,16,4,512,4860,3505,,OOM_rank2
17,8,6,1,64,8,8,512,4856,3723,,OOM_rank2
17,8,6,1,64,4,16,512,2506,1893,,timeout
17,8,6,1,64,2,32,512,2490,1851,,timeout
17,9,1,5,32,16,2,512,4724,1535,83832.2265625,ok
17,9,1,5,32,8,4,512,3182,1286,131866.234375,ok
17,9,1,5,32,4,8,512,1214,787,233399.34375,ok
17,9,1,5,32,2,16,512,528,434,,timeout
17,9,1,5,64,32,2,512,4796,1917,,OOM_rank3
17,9,1,5,64,16,4,512,4666,1858,,OOM_rank3
17,9,1,5,64,8,8,512,4314,1569,,OOM_rank3
17,9,1,5,64,4,16,512,576,450,,timeout
17,9,1,5,64,2,32,512,560,450,,timeout
17,9,2,4,32,16,2,512,4650,1964,83937.4375,ok
17,9,2,4,32,8,4,512,4830,1930,132097.53125,ok
17,9,2,4,32,4,8,512,2240,1391,233816.390625,ok
17,9,2,4,32,2,16,512,914,737,,timeout
17,9,2,4,64,32,2,512,4730,2512,125656.015625,ok
17,9,2,4,64,16,4,512,4802,2555,167631.109375,ok
17,9,2,4,64,8,8,512,4656,2456,262330.3125,ok
17,9,2,4,64,4,16,512,962,759,,timeout
17,9,2,4,64,2,32,512,946,760,,timeout
17,9,3,3,32,16,2,512,4750,2324,84052.234375,ok
17,9,3,3,32,8,4,512,4834,2309,131968.0,ok
17,9,3,3,32,4,8,512,3266,2009,234273.9375,ok
17,9,3,3,32,2,16,512,1300,1045,,timeout
17,9,3,3,64,32,2,512,4836,2925,125518.3515625,ok
17,9,3,3,64,16,4,512,4790,2957,167865.453125,ok
17,9,3,3,64,8,8,512,4836,2792,262563.0,ok
17,9,3,3,64,4,16,512,1348,1054,,timeout
17,9,3,3,64,2,32,512,1332,1055,,timeout
17,9,4,2,32,16,2,512,4832,2751,83777.953125,ok
17,9,4,2,32,8,4,512,4630,2807,131688.8125,ok
17,9,4,2,32,4,8,512,4292,2615,233819.34375,ok
17,9,4,2,32,2,16,512,1686,1322,,timeout
17,9,4,2,64,32,2,512,4788,3283,125525.25,ok
17,9,4,2,64,16,4,512,4846,3343,167537.328125,ok
17,9,4,2,64,8,8,512,4790,3369,262560.625,ok
17,9,4,2,64,4,16,512,1734,1326,,timeout
17,9,4,2,64,2,32,512,1718,1331,,timeout
17,9,5,1,32,16,2,512,4826,2871,83801.140625,ok
17,9,5,1,32,8,4,512,4554,3154,131718.25,ok
17,9,5,1,32,4,8,512,4598,3074,234246.640625,ok
17,9,5,1,32,2,16,512,2072,1607,,timeout
17,9,5,1,64,32,2,512,4864,3511,,OOM_rank2
17,9,5,1,64,16,4,512,4848,3533,,OOM_rank2
17,9,5,1,64,8,8,512,4842,3609,,OOM_rank2
17,9,5,1,64,4,16,512,2120,1628,,timeout
17,9,5,1,64,2,32,512,2104,1610,,timeout
17,10,1,4,32,16,2,512,4724,1537,81586.3828125,ok
17,10,1,4,32,8,4,512,3182,1278,128631.1875,ok
17,10,1,4,32,4,8,512,1214,788,228122.390625,ok
17,10,1,4,32,2,16,512,528,437,,timeout
17,10,1,4,64,32,2,512,4796,2153,,OOM_rank1
17,10,1,4,64,16,4,512,4718,1998,,OOM_rank1
17,10,1,4,64,8,8,512,4346,1696,,OOM_rank1
17,10,1,4,64,4,16,512,576,457,,timeout
17,10,1,4,64,2,32,512,560,432,,timeout
17,10,2,3,32,16,2,512,4650,1948,81640.90625,ok
17,10,2,3,32,8,4,512,4796,1920,128749.5078125,ok
17,10,2,3,32,4,8,512,2240,1395,229030.453125,ok
17,10,2,3,32,2,16,512,914,751,,timeout
17,10,2,3,64,32,2,512,4730,2425,,OOM_rank1
17,10,2,3,64,16,4,512,4802,2499,,OOM_rank1
17,10,2,3,64,8,8,512,4476,2303,,OOM_rank1
17,10,2,3,64,4,16,512,962,769,,timeout
17,10,2,3,64,2,32,512,946,750,,timeout
17,10,3,2,32,16,2,512,4828,2308,81949.453125,ok
17,10,3,2,32,8,4,512,4646,2289,128923.6953125,ok
17,10,3,2,32,4,8,512,3266,2001,228264.0625,ok
17,10,3,2,32,2,16,512,1300,1033,,timeout
17,10,3,2,64,32,2,512,4844,2890,,OOM_rank1
17,10,3,2,64,16,4,512,4720,2906,,OOM_rank1
17,10,3,2,64,8,8,512,4610,2760,,OOM_rank1
17,10,3,2,64,4,16,512,1348,1057,,timeout
17,10,3,2,64,2,32,512,1332,1041,,timeout
17,10,4,1,32,16,2,512,4832,2719,81643.171875,ok
17,10,4,1,32,8,4,512,4630,2793,128740.4453125,ok
17,10,4,1,32,4,8,512,4292,2613,229870.453125,ok
17,10,4,1,32,2,16,512,1686,1305,,timeout
17,10,4,1,64,32,2,512,4824,3246,,OOM_rank1
17,10,4,1,64,16,4,512,4820,3292,,OOM_rank1
17,10,4,1,64,8,8,512,4790,3297,,OOM_rank1
17,10,4,1,64,4,16,512,1734,1339,,timeout
17,10,4,1,64,2,32,512,1718,1331,,timeout
17,11,1,3,32,16,2,512,4724,1530,79468.8671875,ok
17,11,1,3,32,8,4,512,3182,1273,125346.46875,ok
17,11,1,3,32,4,8,512,1214,785,221886.734375,ok
17,11,1,3,32,2,16,512,528,427,,timeout
17,11,1,3,64,32,2,512,4796,1923,,OOM_rank1
17,11,1,3,64,16,4,512,4666,1845,,OOM_rank1
17,11,1,3,64,8,8,512,3802,1546,,OOM_rank1
17,11,1,3,64,4,16,512,576,457,,timeout
17,11,1,3,64,2,32,512,560,446,,timeout
17,11,2,2,32,16,2,512,4834,1956,79536.1953125,ok
17,11,2,2,32,8,4,512,4694,1912,125396.8984375,ok
17,11,2,2,32,4,8,512,2240,1390,223179.015625,ok
17,11,2,2,32,2,16,512,914,736,,timeout
17,11,2,2,64,32,2,512,4730,2279,,OOM_rank1
17,11,2,2,64,16,4,512,4802,2343,,OOM_rank1
17,11,2,2,64,8,8,512,4476,2203,,OOM_rank1
17,11,2,2,64,4,16,512,962,761,,timeout
17,11,2,2,64,2,32,512,946,752,,timeout
17,11,3,1,32,16,2,512,4750,2298,79412.7734375,ok
17,11,3,1,32,8,4,512,4646,2285,125538.390625,ok
17,11,3,1,32,4,8,512,3266,2002,222697.265625,ok
17,11,3,1,32,2,16,512,1300,1033,,timeout
17,11,3,1,64,32,2,512,4822,2624,,OOM_rank1
17,11,3,1,64,16,4,512,4720,2660,,OOM_rank1
17,11,3,1,64,8,8,512,4424,2677,,OOM_rank1
17,11,3,1,64,4,16,512,1348,1057,,timeout
17,11,3,1,64,2,32,512,1332,1055,,timeout
17,12,1,2,32,16,2,512,4724,1526,77455.3203125,ok
17,12,1,2,32,8,4,512,3182,1262,121787.4375,ok
17,12,1,2,32,4,8,512,1214,784,216374.65625,ok
17,12,1,2,32,2,16,512,528,434,,timeout
17,12,1,2,64,32,2,512,4780,1652,,OOM_rank1
17,12,1,2,64,16,4,512,4666,1529,,OOM_rank1
17,12,1,2,64,8,8,512,2374,1076,,OOM_rank1
17,12,1,2,64,4,16,512,576,457,,timeout
17,12,1,2,64,2,32,512,560,450,,timeout
17,12,2,1,32,16,2,512,4650,1939,77680.484375,ok
17,12,2,1,32,8,4,512,4694,1909,121863.640625,ok
17,12,2,1,32,4,8,512,2240,1391,217645.71875,ok
17,12,2,1,32,2,16,512,914,744,,timeout
17,12,2,1,64,32,2,512,4828,2056,,OOM_rank1
17,12,2,1,64,16,4,512,4802,2129,,OOM_rank1
17,12,2,1,64,8,8,512,4476,1957,,OOM_rank1
17,12,2,1,64,4,16,512,962,756,,timeout
17,12,2,1,64,2,32,512,946,756,,timeout
18,2,6,6,32,16,2,512,4854,3394,95952.3359375,ok
18,2,6,6,32,8,4,512,4844,3417,149785.546875,ok
18,2,6,6,32,4,8,512,4764,3557,264879.3125,ok
18,2,6,6,32,2,16,512,2458,1855,,timeout
18,2,6,6,64,32,2,512,4854,3251,,OOM_rank3
18,2,6,6,64,16,4,512,4846,3388,,OOM_rank3
18,2,6,6,64,8,8,512,4856,3532,,OOM_rank3
18,2,6,6,64,4,16,512,2506,1892,,timeout
18,2,6,6,64,2,32,512,2490,1884,,timeout
18,3,5,6,32,16,2,512,4826,3070,93426.5546875,ok
18,3,5,6,32,8,4,512,4554,3171,146177.671875,ok
18,3,5,6,32,4,8,512,4598,3081,258116.140625,ok
18,3,5,6,32,2,16,512,2072,1605,,timeout
18,3,5,6,64,32,2,512,4810,2944,,OOM_rank3
18,3,5,6,64,16,4,512,4556,2943,,OOM_rank3
18,3,5,6,64,8,8,512,4520,3064,,OOM_rank3
18,3,5,6,64,4,16,512,2120,1625,,timeout
18,3,5,6,64,2,32,512,2104,1633,,timeout
18,3,6,5,32,16,2,512,4854,3375,93436.0390625,ok
18,3,6,5,32,8,4,512,4784,3407,146890.734375,ok
18,3,6,5,32,4,8,512,4764,3548,260183.609375,ok
18,3,6,5,32,2,16,512,2458,1906,,timeout
18,3,6,5,64,32,2,512,4854,3385,,OOM_rank2
18,3,6,5,64,16,4,512,4856,3544,,OOM_rank2
18,3,6,5,64,8,8,512,4856,3741,,OOM_rank2
18,3,6,5,64,4,16,512,2506,1913,,timeout
18,3,6,5,64,2,32,512,2490,1910,,timeout
18,4,4,6,32,16,2,512,4832,2785,91565.28125,ok
18,4,4,6,32,8,4,512,4630,2818,143237.4375,ok
18,4,4,6,32,4,8,512,4292,2624,253836.5625,ok
18,4,4,6,32,2,16,512,1686,1343,,timeout
18,4,4,6,64,32,2,512,4788,2569,,OOM_rank3
18,4,4,6,64,16,4,512,4690,2720,,OOM_rank3
18,4,4,6,64,8,8,512,4790,2724,,OOM_rank3
18,4,4,6,64,4,16,512,1734,1352,,timeout
18,4,4,6,64,2,32,512,1718,1342,,timeout
18,4,5,5,32,16,2,512,4826,3076,91230.265625,ok
18,4,5,5,32,8,4,512,4554,3171,144186.78125,ok
18,4,5,5,32,4,8,512,4598,3083,253757.140625,ok
18,4,5,5,32,2,16,512,2072,1620,,timeout
18,4,5,5,64,32,2,512,4854,3412,,OOM_rank3
18,4,5,5,64,16,4,512,4848,3416,,OOM_rank3
18,4,5,5,64,8,8,512,4858,3546,,OOM_rank3
18,4,5,5,64,4,16,512,2120,1644,,timeout
18,4,5,5,64,2,32,512,2104,1607,,timeout
18,4,6,4,32,16,2,512,4854,3369,92055.640625,ok
18,4,6,4,32,8,4,512,4826,3398,145153.40625,ok
18,4,6,4,32,4,8,512,4764,3544,258573.046875,ok
18,4,6,4,32,2,16,512,2458,1858,,timeout
18,4,6,4,64,32,2,512,4854,3370,,OOM_rank2
18,4,6,4,64,16,4,512,4856,3553,,OOM_rank2
18,4,6,4,64,8,8,512,4856,3735,,OOM_rank2
18,4,6,4,64,4,16,512,2506,1891,,timeout
18,4,6,4,64,2,32,512,2490,1907,,timeout
18,5,3,6,32,16,2,512,4750,2336,89124.0859375,ok
18,5,3,6,32,8,4,512,4646,2310,140255.96875,ok
18,5,3,6,32,4,8,512,3266,2012,248169.3125,ok
18,5,3,6,32,2,16,512,1300,1049,,timeout
18,5,3,6,64,32,2,512,4844,2193,,OOM_rank3
18,5,3,6,64,16,4,512,4600,2299,,OOM_rank3
18,5,3,6,64,8,8,512,4324,2218,,OOM_rank3
18,5,3,6,64,4,16,512,1348,1061,,timeout
18,5,3,6,64,2,32,512,1332,1048,,timeout
18,5,4,5,32,16,2,512,4832,2768,89487.328125,ok
18,5,4,5,32,8,4,512,4630,2804,140236.09375,ok
18,5,4,5,32,4,8,512,4292,2621,248814.296875,ok
18,5,4,5,32,2,16,512,1686,1340,,timeout
18,5,4,5,64,32,2,512,4788,3004,,OOM_rank3
18,5,4,5,64,16,4,512,4820,3069,,OOM_rank3
18,5,4,5,64,8,8,512,4790,3121,,OOM_rank3
18,5,4,5,64,4,16,512,1734,1348,,timeout
18,5,4,5,64,2,32,512,1718,1340,,timeout
18,5,5,4,32,16,2,512,4826,3053,89433.0546875,ok
18,5,5,4,32,8,4,512,4680,3158,140018.109375,ok
18,5,5,4,32,4,8,512,4598,3080,248160.296875,ok
18,5,5,4,32,2,16,512,2072,1620,,timeout
18,5,5,4,64,32,2,512,4864,3538,,OOM_rank2
18,5,5,4,64,16,4,512,4846,3547,,OOM_rank2
18,5,5,4,64,8,8,512,4858,3612,,OOM_rank2
18,5,5,4,64,4,16,512,2120,1625,,timeout
18,5,5,4,64,2,32,512,2104,1633,,timeout
18,5,6,3,32,16,2,512,4854,3360,89349.0703125,ok
18,5,6,3,32,8,4,512,4810,3387,140409.03125,ok
18,5,6,3,32,4,8,512,4764,3539,249611.03125,ok
18,5,6,3,32,2,16,512,2458,1899,,timeout
18,5,6,3,64,32,2,512,4854,3348,,OOM_rank2
18,5,6,3,64,16,4,512,4856,3523,,OOM_rank2
18,5,6,3,64,8,8,512,4856,3736,,OOM_rank2
18,5,6,3,64,4,16,512,2506,1906,,timeout
18,5,6,3,64,2,32,512,2490,1885,,timeout
18,6,2,6,32,16,2,512,4650,1971,87254.0703125,ok
18,6,2,6,32,8,4,512,4694,1934,137054.71875,ok
18,6,2,6,32,4,8,512,2240,1396,243118.203125,ok
18,6,2,6,32,2,16,512,914,745,,timeout
18,6,2,6,64,32,2,512,4828,1845,,OOM_rank3
18,6,2,6,64,16,4,512,4758,1950,,OOM_rank3
18,6,2,6,64,8,8,512,3662,1562,,OOM_rank3
18,6,2,6,64,4,16,512,962,771,,timeout
18,6,2,6,64,2,32,512,946,756,,timeout
18,6,3,5,32,16,2,512,4834,2338,87405.71875,ok
18,6,3,5,32,8,4,512,4646,2300,137005.625,ok
18,6,3,5,32,4,8,512,3266,2008,243552.59375,ok
18,6,3,5,32,2,16,512,1300,1040,,timeout
18,6,3,5,64,32,2,512,4822,2626,,OOM_rank3
18,6,3,5,64,16,4,512,4720,2707,,OOM_rank3
18,6,3,5,64,8,8,512,4424,2714,,OOM_rank3
18,6,3,5,64,4,16,512,1348,1059,,timeout
18,6,3,5,64,2,32,512,1332,1053,,timeout
18,6,4,4,32,16,2,512,4832,2757,87120.8671875,ok
18,6,4,4,32,8,4,512,4826,2817,136279.796875,ok
18,6,4,4,32,4,8,512,4292,2616,243326.6875,ok
18,6,4,4,32,2,16,512,1686,1342,,timeout
18,6,4,4,64,32,2,512,4788,3296,130768.8515625,ok
18,6,4,4,64,16,4,512,4820,3341,174422.859375,ok
18,6,4,4,64,8,8,512,4790,3372,272003.6875,ok
18,6,4,4,64,4,16,512,1734,1361,,timeout
18,6,4,4,64,2,32,512,1718,1341,,timeout
18,6,5,3,32,16,2,512,4826,3030,87207.5625,ok
18,6,5,3,32,8,4,512,4764,3157,136495.71875,ok
18,6,5,3,32,4,8,512,4598,3071,243161.03125,ok
18,6,5,3,32,2,16,512,2072,1623,,timeout
18,6,5,3,64,32,2,512,4864,3527,,OOM_rank2
18,6,5,3,64,16,4,512,4860,3535,,OOM_rank2
18,6,5,3,64,8,8,512,4858,3612,,OOM_rank2
18,6,5,3,64,4,16,512,2120,1643,,timeout
18,6,5,3,64,2,32,512,2104,1631,,timeout
18,6,6,2,32,16,2,512,4854,3317,87224.625,ok
18,6,6,2,32,8,4,512,4858,3383,136364.171875,ok
18,6,6,2,32,4,8,512,4764,3536,243573.390625,ok
18,6,6,2,32,2,16,512,2458,1855,,timeout
18,6,6,2,64,32,2,512,4854,3359,,OOM_rank2
18,6,6,2,64,16,4,512,4856,3523,,OOM_rank2
18,6,6,2,64,8,8,512,4856,3720,,OOM_rank2
18,6,6,2,64,4,16,512,2506,1897,,timeout
18,6,6,2,64,2,32,512,2490,1887,,timeout
18,7,1,6,32,16,2,512,4724,1541,85165.2734375,ok
18,7,1,6,32,8,4,512,3182,1286,133323.859375,ok
18,7,1,6,32,4,8,512,1214,787,237069.375,ok
18,7,1,6,32,2,16,512,528,433,,timeout
18,7,1,6,64,32,2,512,4780,1439,,OOM_rank3
18,7,1,6,64,16,4,512,4208,1346,,OOM_rank3
18,7,1,6,64,8,8,512,1944,871,,OOM_rank3
18,7,1,6,64,4,16,512,576,459,,timeout
18,7,1,6,64,2,32,512,560,448,,timeout
18,7,2,5,32,16,2,512,4650,1971,85233.2890625,ok
18,7,2,5,32,8,4,512,4694,1922,133671.578125,ok
18,7,2,5,32,4,8,512,2240,1394,237657.59375,ok
18,7,2,5,32,2,16,512,914,742,,timeout
18,7,2,5,64,32,2,512,4828,2278,,OOM_rank3
18,7,2,5,64,16,4,512,4802,2353,,OOM_rank3
18,7,2,5,64,8,8,512,4476,2210,,OOM_rank3
18,7,2,5,64,4,16,512,962,765,,timeout
18,7,2,5,64,2,32,512,946,756,,timeout
18,7,3,4,32,16,2,512,4750,2320,85285.890625,ok
18,7,3,4,32,8,4,512,4646,2295,133497.09375,ok
18,7,3,4,32,4,8,512,3266,2012,237563.453125,ok
18,7,3,4,32,2,16,512,1300,1049,,timeout
18,7,3,4,64,32,2,512,4830,2900,127502.953125,ok
18,7,3,4,64,16,4,512,4720,2949,169704.1875,ok
18,7,3,4,64,8,8,512,4836,2784,265943.65625,ok
18,7,3,4,64,4,16,512,1348,1064,,timeout
18,7,3,4,64,2,32,512,1332,1054,,timeout
18,7,4,3,32,16,2,512,4832,2736,84662.6015625,ok
18,7,4,3,32,8,4,512,4774,2789,133295.296875,ok
18,7,4,3,32,4,8,512,4292,2615,237198.71875,ok
18,7,4,3,32,2,16,512,1686,1316,,timeout
18,7,4,3,64,32,2,512,4852,3266,127284.8828125,ok
18,7,4,3,64,16,4,512,4828,3337,170172.875,ok
18,7,4,3,64,8,8,512,4790,3370,265769.1875,ok
18,7,4,3,64,4,16,512,1734,1361,,timeout
18,7,4,3,64,2,32,512,1718,1338,,timeout
18,7,5,2,32,16,2,512,4862,3039,85245.25,ok
18,7,5,2,32,8,4,512,4680,3149,133159.859375,ok
18,7,5,2,32,4,8,512,4598,3071,237409.515625,ok
18,7,5,2,32,2,16,512,2072,1623,,timeout
18,7,5,2,64,32,2,512,4864,3503,,OOM_rank2
18,7,5,2,64,16,4,512,4848,3533,,OOM_rank2
18,7,5,2,64,8,8,512,4858,3587,,OOM_rank2
18,7,5,2,64,4,16,512,2120,1629,,timeout
18,7,5,2,64,2,32,512,2104,1611,,timeout
18,7,6,1,32,16,2,512,4854,3319,83370.84375,ok
18,7,6,1,32,8,4,512,4858,3361,130624.0,ok
18,7,6,1,32,4,8,512,4764,3524,230826.359375,ok
18,7,6,1,32,2,16,512,2458,1888,,timeout
18,7,6,1,64,32,2,512,4854,3334,,OOM_rank2
18,7,6,1,64,16,4,512,4856,3498,,OOM_rank2
18,7,6,1,64,8,8,512,4856,3704,,OOM_rank2
18,7,6,1,64,4,16,512,2506,1904,,timeout
18,7,6,1,64,2,32,512,2490,1897,,timeout
18,8,1,5,32,16,2,512,4724,1546,81269.2109375,ok
18,8,1,5,32,8,4,512,3182,1278,127170.2109375,ok
18,8,1,5,32,4,8,512,1214,785,225832.53125,ok
18,8,1,5,32,2,16,512,528,433,,timeout
18,8,1,5,64,32,2,512,4796,1903,,OOM_rank3
18,8,1,5,64,16,4,512,4666,1848,,OOM_rank3
18,8,1,5,64,8,8,512,4314,1562,,OOM_rank3
18,8,1,5,64,4,16,512,576,458,,timeout
18,8,1,5,64,2,32,512,560,447,,timeout
18,8,2,4,32,16,2,512,4650,1960,81203.78125,ok
18,8,2,4,32,8,4,512,4694,1922,127320.6328125,ok
18,8,2,4,32,4,8,512,2240,1387,225125.515625,ok
18,8,2,4,32,2,16,512,914,748,,timeout
18,8,2,4,64,32,2,512,4748,2490,122917.8984375,ok
18,8,2,4,64,16,4,512,4802,2544,162750.921875,ok
18,8,2,4,64,8,8,512,4656,2457,253719.515625,ok
18,8,2,4,64,4,16,512,962,770,,timeout
18,8,2,4,64,2,32,512,946,761,,timeout
18,8,3,3,32,16,2,512,4750,2316,81183.0,ok
18,8,3,3,32,8,4,512,4834,2286,127325.4921875,ok
18,8,3,3,32,4,8,512,3266,2001,225928.25,ok
18,8,3,3,32,2,16,512,1300,1054,,timeout
18,8,3,3,64,32,2,512,4830,2890,122355.0859375,ok
18,8,3,3,64,16,4,512,4720,2945,162279.5625,ok
18,8,3,3,64,8,8,512,4836,2787,253556.40625,ok
18,8,3,3,64,4,16,512,1348,1077,,timeout
18,8,3,3,64,2,32,512,1332,1061,,timeout
18,8,4,2,32,16,2,512,4832,2733,81031.453125,ok
18,8,4,2,32,8,4,512,4630,2805,127019.140625,ok
18,8,4,2,32,4,8,512,4292,2604,225812.421875,ok
18,8,4,2,32,2,16,512,1686,1351,,timeout
18,8,4,2,64,32,2,512,4788,3253,123270.2578125,ok
18,8,4,2,64,16,4,512,4834,3321,164872.5625,ok
18,8,4,2,64,8,8,512,4790,3356,253286.3125,ok
18,8,4,2,64,4,16,512,1734,1344,,timeout
18,8,4,2,64,2,32,512,1718,1356,,timeout
18,8,5,1,32,16,2,512,4826,3012,80821.4921875,ok
18,8,5,1,32,8,4,512,4554,3120,126743.203125,ok
18,8,5,1,32,4,8,512,4778,3063,223180.828125,ok
18,8,5,1,32,2,16,512,2072,1628,,timeout
18,8,5,1,64,32,2,512,4864,3502,,OOM_rank2
18,8,5,1,64,16,4,512,4848,3520,,OOM_rank2
18,8,5,1,64,8,8,512,4858,3598,,OOM_rank2
18,8,5,1,64,4,16,512,2120,1642,,timeout
18,8,5,1,64,2,32,512,2104,1636,,timeout
18,9,1,4,32,16,2,512,4724,1523,78646.328125,ok
18,9,1,4,32,8,4,512,3182,1272,123439.9453125,ok
18,9,1,4,32,4,8,512,1214,783,218899.4375,ok
18,9,1,4,32,2,16,512,528,440,,timeout
18,9,1,4,64,32,2,512,4796,2094,119914.0859375,ok
18,9,1,4,64,16,4,512,4718,2055,157992.6875,ok
18,9,1,4,64,8,8,512,4346,1699,246155.859375,ok
18,9,1,4,64,4,16,512,576,463,,timeout
18,9,1,4,64,2,32,512,560,456,,timeout
18,9,2,3,32,16,2,512,4650,1954,78728.15625,ok
18,9,2,3,32,8,4,512,4694,1904,123407.109375,ok
18,9,2,3,32,4,8,512,2240,1389,218528.765625,ok
18,9,2,3,32,2,16,512,914,748,,timeout
18,9,2,3,64,32,2,512,4828,2486,119363.09375,ok
18,9,2,3,64,16,4,512,4802,2531,158145.6875,ok
18,9,2,3,64,8,8,512,4656,2445,246840.203125,ok
18,9,2,3,64,4,16,512,962,769,,timeout
18,9,2,3,64,2,32,512,946,755,,timeout
18,9,3,2,32,16,2,512,4750,2281,78789.2734375,ok
18,9,3,2,32,8,4,512,4646,2280,123515.3671875,ok
18,9,3,2,32,4,8,512,3266,1995,220333.5,ok
18,9,3,2,32,2,16,512,1300,1046,,timeout
18,9,3,2,64,32,2,512,4844,2889,119402.4921875,ok
18,9,3,2,64,16,4,512,4720,2930,157896.03125,ok
18,9,3,2,64,8,8,512,4836,2771,246796.4375,ok
18,9,3,2,64,4,16,512,1348,1069,,timeout
18,9,3,2,64,2,32,512,1332,1050,,timeout
18,9,4,1,32,16,2,512,4832,2713,78722.9921875,ok
18,9,4,1,32,8,4,512,4630,2779,123538.7109375,ok
18,9,4,1,32,4,8,512,4292,2592,218403.9375,ok
18,9,4,1,32,2,16,512,1686,1338,,timeout
18,9,4,1,64,32,2,512,4836,3261,119790.484375,ok
18,9,4,1,64,16,4,512,4858,3309,157975.5,ok
18,9,4,1,64,8,8,512,4790,3356,246590.734375,ok
18,9,4,1,64,4,16,512,1734,1347,,timeout
18,9,4,1,64,2,32,512,1718,1362,,timeout
18,10,1,3,32,16,2,512,4724,1507,76760.9609375,ok
18,10,1,3,32,8,4,512,3182,1263,120215.765625,ok
18,10,1,3,32,4,8,512,1214,782,213994.0,ok
18,10,1,3,32,2,16,512,528,435,,timeout
18,10,1,3,64,32,2,512,4850,2135,,OOM_rank1
18,10,1,3,64,16,4,512,4718,1983,,OOM_rank1
18,10,1,3,64,8,8,512,4346,1679,,OOM_rank1
18,10,1,3,64,4,16,512,576,455,,timeout
18,10,1,3,64,2,32,512,560,451,,timeout
18,10,2,2,32,16,2,512,4650,1940,76666.8984375,ok
18,10,2,2,32,8,4,512,4694,1906,120267.1953125,ok
18,10,2,2,32,4,8,512,2240,1387,213454.25,ok
18,10,2,2,32,2,16,512,914,746,,timeout
18,10,2,2,64,32,2,512,4828,2413,,OOM_rank1
18,10,2,2,64,16,4,512,4802,2474,,OOM_rank1
18,10,2,2,64,8,8,512,4476,2288,,OOM_rank1
18,10,2,2,64,4,16,512,962,777,,timeout
18,10,2,2,64,2,32,512,946,769,,timeout
18,10,3,1,32,16,2,512,4856,2275,76609.9296875,ok
18,10,3,1,32,8,4,512,4834,2283,120249.8359375,ok
18,10,3,1,32,4,8,512,3266,1989,213754.390625,ok
18,10,3,1,32,2,16,512,1300,1056,,timeout
18,10,3,1,64,32,2,512,4844,2840,,OOM_rank1
18,10,3,1,64,16,4,512,4720,2893,,OOM_rank1
18,10,3,1,64,8,8,512,4808,2742,,OOM_rank1
18,10,3,1,64,4,16,512,1348,1058,,timeout
18,10,3,1,64,2,32,512,1332,1061,,timeout
18,11,1,2,32,16,2,512,4724,1507,74488.0078125,ok
18,11,1,2,32,8,4,512,3182,1260,117224.171875,ok
18,11,1,2,32,4,8,512,1214,780,207857.703125,ok
18,11,1,2,32,2,16,512,528,435,,timeout
18,11,1,2,64,32,2,512,4796,1904,,OOM_rank1
18,11,1,2,64,16,4,512,4666,1809,,OOM_rank1
18,11,1,2,64,8,8,512,3802,1536,,OOM_rank1
18,11,1,2,64,4,16,512,576,460,,timeout
18,11,1,2,64,2,32,512,560,451,,timeout
18,11,2,1,32,16,2,512,4650,1907,74557.3828125,ok
18,11,2,1,32,8,4,512,4694,1884,116878.8203125,ok
18,11,2,1,32,4,8,512,2240,1383,207972.515625,ok
18,11,2,1,32,2,16,512,914,753,,timeout
18,11,2,1,64,32,2,512,4730,2256,,OOM_rank1
18,11,2,1,64,16,4,512,4802,2314,,OOM_rank1
18,11,2,1,64,8,8,512,4476,2203,,OOM_rank1
18,11,2,1,64,4,16,512,962,774,,timeout
18,11,2,1,64,2,32,512,946,745,,timeout
18,12,1,1,32,16,2,512,4724,1488,72593.953125,ok
18,12,1,1,32,8,4,512,3182,1256,113810.1484375,ok
18,12,1,1,32,4,8,512,1214,778,202698.375,ok
18,12,1,1,32,2,16,512,528,436,,timeout
18,12,1,1,64,32,2,512,4780,1628,,OOM_rank1
18,12,1,1,64,16,4,512,4666,1509,,OOM_rank1
18,12,1,1,64,8,8,512,2374,1068,,OOM_rank1
18,12,1,1,64,4,16,512,576,459,,timeout
18,12,1,1,64,2,32,512,560,455,,timeout
19,1,6,6,32,16,2,512,4854,3366,92362.828125,ok
19,1,6,6,32,8,4,512,4858,3412,144530.34375,ok
19,1,6,6,32,4,8,512,4764,3547,256404.515625,ok
19,1,6,6,32,2,16,512,2458,1915,,timeout
19,1,6,6,64,32,2,512,4854,3210,,OOM_rank3
19,1,6,6,64,16,4,512,4840,3359,,OOM_rank3
19,1,6,6,64,8,8,512,4856,3520,,OOM_rank3
19,1,6,6,64,4,16,512,2506,1897,,timeout
19,1,6,6,64,2,32,512,2490,1898,,timeout
19,2,5,6,32,16,2,512,4830,3069,90284.8515625,ok
19,2,5,6,32,8,4,512,4554,3158,141414.015625,ok
19,2,5,6,32,4,8,512,4598,3082,249927.96875,ok
19,2,5,6,32,2,16,512,2072,1627,,timeout
19,2,5,6,64,32,2,512,4810,2931,,OOM_rank3
19,2,5,6,64,16,4,512,4698,2953,,OOM_rank3
19,2,5,6,64,8,8,512,4638,3047,,OOM_rank3
19,2,5,6,64,4,16,512,2120,1630,,timeout
19,2,5,6,64,2,32,512,2104,1635,,timeout
19,2,6,5,32,16,2,512,4854,3364,90326.8359375,ok
19,2,6,5,32,8,4,512,4826,3394,141281.90625,ok
19,2,6,5,32,4,8,512,4764,3540,250001.625,ok
19,2,6,5,32,2,16,512,2458,1600,,timeout
19,2,6,5,64,32,2,512,4854,3245,,OOM_rank2
19,2,6,5,64,16,4,512,4856,3533,,OOM_rank2
19,2,6,5,64,8,8,512,4856,3734,,OOM_rank2
19,2,6,5,64,4,16,512,2506,1901,,timeout
19,2,6,5,64,2,32,512,2490,1911,,timeout
19,3,4,6,32,16,2,512,4832,2751,88188.8046875,ok
19,3,4,6,32,8,4,512,4630,2815,138061.359375,ok
19,3,4,6,32,4,8,512,4292,2613,244520.0625,ok
19,3,4,6,32,2,16,512,1686,1343,,timeout
19,3,4,6,64,32,2,512,4788,2567,,OOM_rank3
19,3,4,6,64,16,4,512,4690,2681,,OOM_rank3
19,3,4,6,64,8,8,512,4790,2708,,OOM_rank3
19,3,4,6,64,4,16,512,1734,1355,,timeout
19,3,4,6,64,2,32,512,1718,1371,,timeout
19,3,5,5,32,16,2,512,4830,3043,88086.4453125,ok
19,3,5,5,32,8,4,512,4842,3143,138021.859375,ok
19,3,5,5,32,4,8,512,4796,3079,244413.6875,ok
19,3,5,5,32,2,16,512,2072,1613,,timeout
19,3,5,5,64,32,2,512,4854,3380,,OOM_rank3
19,3,5,5,64,16,4,512,4846,3403,,OOM_rank3
19,3,5,5,64,8,8,512,4858,3536,,OOM_rank3
19,3,5,5,64,4,16,512,2120,1663,,timeout
19,3,5,5,64,2,32,512,2104,1638,,timeout
19,3,6,4,32,16,2,512,4854,3342,88019.7421875,ok
19,3,6,4,32,8,4,512,4784,3381,138279.09375,ok
19,3,6,4,32,4,8,512,4764,3531,245191.828125,ok
19,3,6,4,32,2,16,512,2458,1901,,timeout
19,3,6,4,64,32,2,512,4854,3352,,OOM_rank2
19,3,6,4,64,16,4,512,4856,3533,,OOM_rank2
19,3,6,4,64,8,8,512,4856,3719,,OOM_rank2
19,3,6,4,64,4,16,512,2506,1923,,timeout
19,3,6,4,64,2,32,512,2490,1928,,timeout
19,4,3,6,32,16,2,512,4750,2313,86183.328125,ok
19,4,3,6,32,8,4,512,4646,2306,134982.671875,ok
19,4,3,6,32,4,8,512,3266,2009,239127.5625,ok
19,4,3,6,32,2,16,512,1300,1053,,timeout
19,4,3,6,64,32,2,512,4822,2183,,OOM_rank3
19,4,3,6,64,16,4,512,4652,2273,,OOM_rank3
19,4,3,6,64,8,8,512,4324,2207,,OOM_rank3
19,4,3,6,64,4,16,512,1348,1075,,timeout
19,4,3,6,64,2,32,512,1332,1069,,timeout
19,4,4,5,32,16,2,512,4832,2757,86007.2265625,ok
19,4,4,5,32,8,4,512,4630,2799,135193.390625,ok
19,4,4,5,32,4,8,512,4292,2615,239255.78125,ok
19,4,4,5,32,2,16,512,1686,1348,,timeout
19,4,4,5,64,32,2,512,4788,2998,,OOM_rank3
19,4,4,5,64,16,4,512,4690,3054,,OOM_rank3
19,4,4,5,64,8,8,512,4790,3114,,OOM_rank3
19,4,4,5,64,4,16,512,1734,1365,,timeout
19,4,4,5,64,2,32,512,1718,1371,,timeout
19,4,5,4,32,16,2,512,4836,3054,86095.1640625,ok
19,4,5,4,32,8,4,512,4554,3144,134970.875,ok
19,4,5,4,32,4,8,512,4598,3074,238983.640625,ok
19,4,5,4,32,2,16,512,2072,1612,,timeout
19,4,5,4,64,32,2,512,4864,3531,,OOM_rank2
19,4,5,4,64,16,4,512,4848,3533,,OOM_rank2
19,4,5,4,64,8,8,512,4858,3610,,OOM_rank2
19,4,5,4,64,4,16,512,2120,1647,,timeout
19,4,5,4,64,2,32,512,2104,1652,,timeout
19,4,6,3,32,16,2,512,4854,3347,85976.75,ok
19,4,6,3,32,8,4,512,4784,3377,134961.046875,ok
19,4,6,3,32,4,8,512,4764,3518,238889.84375,ok
19,4,6,3,32,2,16,512,2458,1882,,timeout
19,4,6,3,64,32,2,512,4854,3351,,OOM_rank2
19,4,6,3,64,16,4,512,4860,3498,,OOM_rank2
19,4,6,3,64,8,8,512,4856,3718,,OOM_rank2
19,4,6,3,64,4,16,512,2506,1908,,timeout
19,4,6,3,64,2,32,512,2490,1902,,timeout
19,5,2,6,32,16,2,512,4650,1976,83988.3984375,ok
19,5,2,6,32,8,4,512,4694,1920,131557.640625,ok
19,5,2,6,32,4,8,512,2240,1392,233328.3125,ok
19,5,2,6,32,2,16,512,914,758,,timeout
19,5,2,6,64,32,2,512,4828,1824,,OOM_rank3
19,5,2,6,64,16,4,512,4758,1922,,OOM_rank3
19,5,2,6,64,8,8,512,3662,1550,,OOM_rank3
19,5,2,6,64,4,16,512,962,781,,timeout
19,5,2,6,64,2,32,512,946,765,,timeout
19,5,3,5,32,16,2,512,4750,2321,84007.8046875,ok
19,5,3,5,32,8,4,512,4834,2299,131879.734375,ok
19,5,3,5,32,4,8,512,3266,2000,232432.65625,ok
19,5,3,5,32,2,16,512,1300,1053,,timeout
19,5,3,5,64,32,2,512,4822,2613,,OOM_rank3
19,5,3,5,64,16,4,512,4720,2686,,OOM_rank3
19,5,3,5,64,8,8,512,4424,2686,,OOM_rank3
19,5,3,5,64,4,16,512,1348,1064,,timeout
19,5,3,5,64,2,32,512,1332,1047,,timeout
19,5,4,4,32,16,2,512,4832,2727,83949.015625,ok
19,5,4,4,32,8,4,512,4630,2801,131861.59375,ok
19,5,4,4,32,4,8,512,4292,2606,233136.28125,ok
19,5,4,4,32,2,16,512,1686,1331,,timeout
19,5,4,4,64,32,2,512,4848,3266,127471.46875,ok
19,5,4,4,64,16,4,512,4806,3327,168719.546875,ok
19,5,4,4,64,8,8,512,4818,3360,262719.96875,ok
19,5,4,4,64,4,16,512,1734,1378,,timeout
19,5,4,4,64,2,32,512,1718,1359,,timeout
19,5,5,3,32,16,2,512,4826,3021,83926.3984375,ok
19,5,5,3,32,8,4,512,4554,3131,131901.53125,ok
19,5,5,3,32,4,8,512,4598,3066,232783.09375,ok
19,5,5,3,32,2,16,512,2072,1623,,timeout
19,5,5,3,64,32,2,512,4864,3370,,OOM_rank2
19,5,5,3,64,16,4,512,4852,3356,,OOM_rank2
19,5,5,3,64,8,8,512,4858,3589,,OOM_rank2
19,5,5,3,64,4,16,512,2120,1664,,timeout
19,5,5,3,64,2,32,512,2104,1628,,timeout
19,5,6,2,32,16,2,512,4854,3334,83940.4453125,ok
19,5,6,2,32,8,4,512,4858,3372,131699.328125,ok
19,5,6,2,32,4,8,512,4764,3523,233590.578125,ok
19,5,6,2,32,2,16,512,2458,1915,,timeout
19,5,6,2,64,32,2,512,4854,3321,,OOM_rank2
19,5,6,2,64,16,4,512,4856,3477,,OOM_rank2
19,5,6,2,64,8,8,512,4856,3695,,OOM_rank2
19,5,6,2,64,4,16,512,2506,1902,,timeout
19,5,6,2,64,2,32,512,2490,1929,,timeout
19,6,1,6,32,16,2,512,4724,1521,81942.3125,ok
19,6,1,6,32,8,4,512,3182,1271,128679.203125,ok
19,6,1,6,32,4,8,512,1214,786,228935.21875,ok
19,6,1,6,32,2,16,512,528,436,,timeout
19,6,1,6,64,32,2,512,4780,1438,,OOM_rank3
19,6,1,6,64,16,4,512,4208,1333,,OOM_rank3
19,6,1,6,64,8,8,512,1944,868,,OOM_rank3
19,6,1,6,64,4,16,512,576,461,,timeout
19,6,1,6,64,2,32,512,560,453,,timeout
19,6,2,5,32,16,2,512,4650,1936,81754.7578125,ok
19,6,2,5,32,8,4,512,4694,1904,128657.328125,ok
19,6,2,5,32,4,8,512,2240,1391,227850.390625,ok
19,6,2,5,32,2,16,512,914,758,,timeout
19,6,2,5,64,32,2,512,4828,2258,,OOM_rank3
19,6,2,5,64,16,4,512,4802,2329,,OOM_rank3
19,6,2,5,64,8,8,512,4476,2209,,OOM_rank3
19,6,2,5,64,4,16,512,962,774,,timeout
19,6,2,5,64,2,32,512,946,773,,timeout
19,6,3,4,32,16,2,512,4750,2301,81992.2109375,ok
19,6,3,4,32,8,4,512,4834,2296,128824.296875,ok
19,6,3,4,32,4,8,512,3266,2003,232509.515625,ok
19,6,3,4,32,2,16,512,1300,1046,,timeout
19,6,3,4,64,32,2,512,4830,2891,125694.484375,ok
19,6,3,4,64,16,4,512,4720,2936,164739.875,ok
19,6,3,4,64,8,8,512,4836,2772,256753.984375,ok
19,6,3,4,64,4,16,512,1348,1074,,timeout
19,6,3,4,64,2,32,512,1332,1059,,timeout
19,6,4,3,32,16,2,512,4832,2721,83239.78125,ok
19,6,4,3,32,8,4,512,4774,2768,130429.6328125,ok
19,6,4,3,32,4,8,512,4292,2604,229132.390625,ok
19,6,4,3,32,2,16,512,1686,1345,,timeout
19,6,4,3,64,32,2,512,4788,3268,124308.90625,ok
19,6,4,3,64,16,4,512,4834,3333,164880.234375,ok
19,6,4,3,64,8,8,512,4834,3362,257471.15625,ok
19,6,4,3,64,4,16,512,1734,1392,,timeout
19,6,4,3,64,2,32,512,1718,1345,,timeout
19,6,5,2,32,16,2,512,4826,3001,82067.1015625,ok
19,6,5,2,32,8,4,512,4554,3120,129099.2421875,ok
19,6,5,2,32,4,8,512,4598,3057,228026.046875,ok
19,6,5,2,32,2,16,512,2072,1641,,timeout
19,6,5,2,64,32,2,512,4864,3492,,OOM_rank2
19,6,5,2,64,16,4,512,4864,3505,,OOM_rank2
19,6,5,2,64,8,8,512,4858,3583,,OOM_rank2
19,6,5,2,64,4,16,512,2120,1643,,timeout
19,6,5,2,64,2,32,512,2104,1655,,timeout
19,6,6,1,32,16,2,512,4854,3287,84025.109375,ok
19,6,6,1,32,8,4,512,4858,3374,131572.46875,ok
19,6,6,1,32,4,8,512,4854,3507,230420.984375,ok
19,6,6,1,32,2,16,512,2458,1877,,timeout
19,6,6,1,64,32,2,512,4854,3302,,OOM_rank2
19,6,6,1,64,16,4,512,4856,3474,,OOM_rank2
19,6,6,1,64,8,8,512,4856,3687,,OOM_rank2
19,6,6,1,64,4,16,512,2506,1915,,timeout
19,6,6,1,64,2,32,512,2490,1929,,timeout
19,7,1,5,32,16,2,512,4724,1518,79774.84375,ok
19,7,1,5,32,8,4,512,3182,1266,125346.96875,ok
19,7,1,5,32,4,8,512,1214,784,222118.03125,ok
19,7,1,5,32,2,16,512,528,438,,timeout
19,7,1,5,64,32,2,512,4796,1869,,OOM_rank3
19,7,1,5,64,16,4,512,4858,1848,,OOM_rank3
19,7,1,5,64,8,8,512,4314,1552,,OOM_rank3
19,7,1,5,64,4,16,512,576,457,,timeout
19,7,1,5,64,2,32,512,560,453,,timeout
19,7,2,4,32,16,2,512,4650,1945,79900.578125,ok
19,7,2,4,32,8,4,512,4694,1900,125344.46875,ok
19,7,2,4,32,4,8,512,2240,1390,222335.859375,ok
19,7,2,4,32,2,16,512,914,744,,timeout
19,7,2,4,64,32,2,512,4828,2459,121382.6328125,ok
19,7,2,4,64,16,4,512,4808,2540,160612.859375,ok
19,7,2,4,64,8,8,512,4656,2274,250472.546875,ok
19,7,2,4,64,4,16,512,962,766,,timeout
19,7,2,4,64,2,32,512,946,764,,timeout
19,7,3,3,32,16,2,512,4750,2302,81025.09375,ok
19,7,3,3,32,8,4,512,4834,2279,126648.2421875,ok
19,7,3,3,32,4,8,512,3266,1994,225258.671875,ok
19,7,3,3,32,2,16,512,1300,1060,,timeout
19,7,3,3,64,32,2,512,4830,2861,121375.3671875,ok
19,7,3,3,64,16,4,512,4748,2923,160588.046875,ok
19,7,3,3,64,8,8,512,4836,2772,250438.4375,ok
19,7,3,3,64,4,16,512,1348,1054,,timeout
19,7,3,3,64,2,32,512,1332,1072,,timeout
19,7,4,2,32,16,2,512,4832,2715,79976.15625,ok
19,7,4,2,32,8,4,512,4630,2778,125461.2421875,ok
19,7,4,2,32,4,8,512,4292,2599,225354.25,ok
19,7,4,2,32,2,16,512,1686,1322,,timeout
19,7,4,2,64,32,2,512,4788,3253,121892.9296875,ok
19,7,4,2,64,16,4,512,4806,3310,160867.328125,ok
19,7,4,2,64,8,8,512,4790,3346,251663.390625,ok
19,7,4,2,64,4,16,512,1734,1366,,timeout
19,7,4,2,64,2,32,512,1718,1360,,timeout
19,7,5,1,32,16,2,512,4826,3004,80244.1171875,ok
19,7,5,1,32,8,4,512,4554,3041,125989.328125,ok
19,7,5,1,32,4,8,512,4598,3051,224234.09375,ok
19,7,5,1,32,2,16,512,2072,1612,,timeout
19,7,5,1,64,32,2,512,4864,3479,,OOM_rank2
19,7,5,1,64,16,4,512,4848,3499,,OOM_rank2
19,7,5,1,64,8,8,512,4852,3569,,OOM_rank2
19,7,5,1,64,4,16,512,2120,1662,,timeout
19,7,5,1,64,2,32,512,2104,1651,,timeout
19,8,1,4,32,16,2,512,4724,1501,78176.109375,ok
19,8,1,4,32,8,4,512,3182,1259,122335.140625,ok
19,8,1,4,32,4,8,512,1214,780,217659.328125,ok
19,8,1,4,32,2,16,512,528,437,,timeout
19,8,1,4,64,32,2,512,4796,2091,119092.765625,ok
19,8,1,4,64,16,4,512,4718,2038,156692.515625,ok
19,8,1,4,64,8,8,512,4346,1684,244261.984375,ok
19,8,1,4,64,4,16,512,576,460,,timeout
19,8,1,4,64,2,32,512,560,452,,timeout
19,8,2,3,32,16,2,512,4650,1938,78062.5234375,ok
19,8,2,3,32,8,4,512,4694,1894,122390.1953125,ok
19,8,2,3,32,4,8,512,2240,1384,217084.09375,ok
19,8,2,3,32,2,16,512,914,750,,timeout
19,8,2,3,64,32,2,512,4748,2436,118641.9140625,ok
19,8,2,3,64,16,4,512,4802,2507,156631.3125,ok
19,8,2,3,64,8,8,512,4656,2429,244650.640625,ok
19,8,2,3,64,4,16,512,962,774,,timeout
19,8,2,3,64,2,32,512,946,772,,timeout
19,8,3,2,32,16,2,512,4750,2261,78091.84375,ok
19,8,3,2,32,8,4,512,4834,2274,122663.7109375,ok
19,8,3,2,32,4,8,512,3266,1981,217587.65625,ok
19,8,3,2,32,2,16,512,1300,1044,,timeout
19,8,3,2,64,32,2,512,4848,2876,118353.21875,ok
19,8,3,2,64,16,4,512,4720,2905,156591.546875,ok
19,8,3,2,64,8,8,512,4836,2761,244110.859375,ok
19,8,3,2,64,4,16,512,1348,1074,,timeout
19,8,3,2,64,2,32,512,1332,1068,,timeout
19,8,4,1,32,16,2,512,4832,2694,78111.96875,ok
19,8,4,1,32,8,4,512,4630,2769,122520.9453125,ok
19,8,4,1,32,4,8,512,4292,2589,218252.359375,ok
19,8,4,1,32,2,16,512,1686,1355,,timeout
19,8,4,1,64,32,2,512,4836,3241,118820.671875,ok
19,8,4,1,64,16,4,512,4820,3303,156693.703125,ok
19,8,4,1,64,8,8,512,4790,3339,244140.46875,ok
19,8,4,1,64,4,16,512,1734,1366,,timeout
19,8,4,1,64,2,32,512,1718,1348,,timeout
19,9,1,3,32,16,2,512,4724,1504,75863.9453125,ok
19,9,1,3,32,8,4,512,3182,1255,119775.8125,ok
19,9,1,3,32,4,8,512,1214,780,213188.390625,ok
19,9,1,3,32,2,16,512,528,437,,timeout
19,9,1,3,64,32,2,512,4796,2064,116008.203125,ok
19,9,1,3,64,16,4,512,4718,2040,152690.875,ok
19,9,1,3,64,8,8,512,4346,1683,238272.78125,ok
19,9,1,3,64,4,16,512,576,461,,timeout
19,9,1,3,64,2,32,512,560,454,,timeout
19,9,2,2,32,16,2,512,4650,1890,76115.5,ok
19,9,2,2,32,8,4,512,4694,1890,119320.3515625,ok
19,9,2,2,32,4,8,512,2240,1382,212147.359375,ok
19,9,2,2,32,2,16,512,914,750,,timeout
19,9,2,2,64,32,2,512,4730,2438,116018.9609375,ok
19,9,2,2,64,16,4,512,4802,2499,153028.078125,ok
19,9,2,2,64,8,8,512,4656,2426,238302.5625,ok
19,9,2,2,64,4,16,512,962,767,,timeout
19,9,2,2,64,2,32,512,946,772,,timeout
19,9,3,1,32,16,2,512,4750,2265,76495.96875,ok
19,9,3,1,32,8,4,512,4834,2261,119663.3515625,ok
19,9,3,1,32,4,8,512,3266,1987,212918.96875,ok
19,9,3,1,32,2,16,512,1300,1044,,timeout
19,9,3,1,64,32,2,512,4830,2864,116209.203125,ok
19,9,3,1,64,16,4,512,4720,2892,152743.828125,ok
19,9,3,1,64,8,8,512,4836,2752,238070.8125,ok
19,9,3,1,64,4,16,512,1348,1075,,timeout
19,9,3,1,64,2,32,512,1332,1069,,timeout
19,10,1,2,32,16,2,512,4724,1486,73910.21875,ok
19,10,1,2,32,8,4,512,3182,1249,116574.703125,ok
19,10,1,2,32,4,8,512,1214,777,207241.765625,ok
19,10,1,2,32,2,16,512,528,434,,timeout
19,10,1,2,64,32,2,512,4796,2103,,OOM_rank1
19,10,1,2,64,16,4,512,4718,1952,,OOM_rank1
19,10,1,2,64,8,8,512,4346,1662,,OOM_rank1
19,10,1,2,64,4,16,512,576,456,,timeout
19,10,1,2,64,2,32,512,560,452,,timeout
19,10,2,1,32,16,2,512,4650,1887,74078.359375,ok
19,10,2,1,32,8,4,512,4694,1877,116447.5859375,ok
19,10,2,1,32,4,8,512,2240,1378,206826.5625,ok
19,10,2,1,32,2,16,512,914,757,,timeout
19,10,2,1,64,32,2,512,4748,2396,,OOM_rank1
19,10,2,1,64,16,4,512,4802,2441,,OOM_rank1
19,10,2,1,64,8,8,512,4476,2277,,OOM_rank1
19,10,2,1,64,4,16,512,962,779,,timeout
19,10,2,1,64,2,32,512,946,772,,timeout
19,11,1,1,32,16,2,512,4724,1477,71918.203125,ok
19,11,1,1,32,8,4,512,3182,1237,112783.5859375,ok
19,11,1,1,32,4,8,512,1214,777,201870.21875,ok
19,11,1,1,32,2,16,512,528,442,,timeout
19,11,1,1,64,32,2,512,4796,1880,,OOM_rank1
19,11,1,1,64,16,4,512,4666,1789,,OOM_rank1
19,11,1,1,64,8,8,512,3802,1513,,OOM_rank1
19,11,1,1,64,4,16,512,576,463,,timeout
19,11,1,1,64,2,32,512,560,454,,timeout
20,1,5,6,32,16,2,512,4826,3046,90695.0234375,ok
20,1,5,6,32,8,4,512,4554,3155,142928.5625,ok
20,1,5,6,32,4,8,512,4598,3074,253328.671875,ok
20,1,5,6,32,2,16,512,2072,1634,,timeout
20,1,5,6,64,32,2,512,4838,2899,,OOM_rank3
20,1,5,6,64,16,4,512,4674,2941,,OOM_rank3
20,1,5,6,64,8,8,512,4520,3029,,OOM_rank3
20,1,5,6,64,4,16,512,2120,1679,,timeout
20,1,5,6,64,2,32,512,2104,1651,,timeout
20,1,6,5,32,16,2,512,4854,3342,89242.25,ok
20,1,6,5,32,8,4,512,4860,3376,140244.953125,ok
20,1,6,5,32,4,8,512,4764,3520,247607.40625,ok
20,1,6,5,32,2,16,512,2458,1916,,timeout
20,1,6,5,64,32,2,512,4854,3322,,OOM_rank2
20,1,6,5,64,16,4,512,4856,3511,,OOM_rank2
20,1,6,5,64,8,8,512,4856,3716,,OOM_rank2
20,1,6,5,64,4,16,512,2506,1937,,timeout
20,1,6,5,64,2,32,512,2490,1948,,timeout
20,2,4,6,32,16,2,512,4832,2743,88519.5234375,ok
20,2,4,6,32,8,4,512,4630,2799,138778.578125,ok
20,2,4,6,32,4,8,512,4292,2608,244828.40625,ok
20,2,4,6,32,2,16,512,1686,1356,,timeout
20,2,4,6,64,32,2,512,4788,2538,,OOM_rank3
20,2,4,6,64,16,4,512,4690,2681,,OOM_rank3
20,2,4,6,64,8,8,512,4790,2698,,OOM_rank3
20,2,4,6,64,4,16,512,1734,1374,,timeout
20,2,4,6,64,2,32,512,1718,1382,,timeout
20,2,5,5,32,16,2,512,4830,3044,87503.6640625,ok
20,2,5,5,32,8,4,512,4850,3147,137228.265625,ok
20,2,5,5,32,4,8,512,4598,3062,241609.71875,ok
20,2,5,5,32,2,16,512,2072,1653,,timeout
20,2,5,5,64,32,2,512,4854,3379,,OOM_rank3
20,2,5,5,64,16,4,512,4848,3367,,OOM_rank3
20,2,5,5,64,8,8,512,4858,3512,,OOM_rank3
20,2,5,5,64,4,16,512,2120,1653,,timeout
20,2,5,5,64,2,32,512,2104,1664,,timeout
20,2,6,4,32,16,2,512,4854,3327,87309.0859375,ok
20,2,6,4,32,8,4,512,4858,3383,137009.15625,ok
20,2,6,4,32,4,8,512,4808,3519,243364.171875,ok
20,2,6,4,32,2,16,512,2458,1913,,timeout
20,2,6,4,64,32,2,512,4854,3356,,OOM_rank2
20,2,6,4,64,16,4,512,4856,3508,,OOM_rank2
20,2,6,4,64,8,8,512,4856,3717,,OOM_rank2
20,2,6,4,64,4,16,512,2506,1932,,timeout
20,2,6,4,64,2,32,512,2490,1927,,timeout
20,3,3,6,32,16,2,512,4750,2298,85802.609375,ok
20,3,3,6,32,8,4,512,4834,2293,134289.375,ok
20,3,3,6,32,4,8,512,3266,2003,237395.765625,ok
20,3,3,6,32,2,16,512,1300,1072,,timeout
20,3,3,6,64,32,2,512,4844,2194,,OOM_rank3
20,3,3,6,64,16,4,512,4600,2265,,OOM_rank3
20,3,3,6,64,8,8,512,4324,2200,,OOM_rank3
20,3,3,6,64,4,16,512,1348,1082,,timeout
20,3,3,6,64,2,32,512,1332,1075,,timeout
20,3,4,5,32,16,2,512,4832,2716,85486.9375,ok
20,3,4,5,32,8,4,512,4630,2790,135001.015625,ok
20,3,4,5,32,4,8,512,4292,2604,235299.875,ok
20,3,4,5,32,2,16,512,1686,1342,,timeout
20,3,4,5,64,32,2,512,4804,2994,,OOM_rank3
20,3,4,5,64,16,4,512,4854,3046,,OOM_rank3
20,3,4,5,64,8,8,512,4790,3097,,OOM_rank3
20,3,4,5,64,4,16,512,1734,1361,,timeout
20,3,4,5,64,2,32,512,1718,1382,,timeout
20,3,5,4,32,16,2,512,4826,3032,85233.3671875,ok
20,3,5,4,32,8,4,512,4554,3127,133715.6875,ok
20,3,5,4,32,4,8,512,4598,3061,236843.203125,ok
20,3,5,4,32,2,16,512,2072,1650,,timeout
20,3,5,4,64,32,2,512,4864,3503,,OOM_rank2
20,3,5,4,64,16,4,512,4848,3523,,OOM_rank2
20,3,5,4,64,8,8,512,4858,3597,,OOM_rank2
20,3,5,4,64,4,16,512,2120,1645,,timeout
20,3,5,4,64,2,32,512,2104,1649,,timeout
20,3,6,3,32,16,2,512,4854,3298,85036.359375,ok
20,3,6,3,32,8,4,512,4858,3370,133524.609375,ok
20,3,6,3,32,4,8,512,4808,3513,236590.53125,ok
20,3,6,3,32,2,16,512,2458,1928,,timeout
20,3,6,3,64,32,2,512,4854,3303,,OOM_rank2
20,3,6,3,64,16,4,512,4864,3501,,OOM_rank2
20,3,6,3,64,8,8,512,4856,3703,,OOM_rank2
20,3,6,3,64,4,16,512,2506,1940,,timeout
20,3,6,3,64,2,32,512,2490,1930,,timeout
20,4,2,6,32,16,2,512,4650,1929,83054.5,ok
20,4,2,6,32,8,4,512,4694,1905,130485.9921875,ok
20,4,2,6,32,4,8,512,2240,1390,231495.203125,ok
20,4,2,6,32,2,16,512,914,755,,timeout
20,4,2,6,64,32,2,512,4730,1787,,OOM_rank3
20,4,2,6,64,16,4,512,4758,1923,,OOM_rank3
20,4,2,6,64,8,8,512,3662,1534,,OOM_rank3
20,4,2,6,64,4,16,512,962,772,,timeout
20,4,2,6,64,2,32,512,946,776,,timeout
20,4,3,5,32,16,2,512,4750,2291,82932.0625,ok
20,4,3,5,32,8,4,512,4646,2268,130196.921875,ok
20,4,3,5,32,4,8,512,3266,1999,231456.390625,ok
20,4,3,5,32,2,16,512,1300,1039,,timeout
20,4,3,5,64,32,2,512,4822,2630,,OOM_rank3
20,4,3,5,64,16,4,512,4720,2671,,OOM_rank3
20,4,3,5,64,8,8,512,4424,2681,,OOM_rank3
20,4,3,5,64,4,16,512,1348,1082,,timeout
20,4,3,5,64,2,32,512,1332,1074,,timeout
20,4,4,4,32,16,2,512,4832,2726,82848.6484375,ok
20,4,4,4,32,8,4,512,4630,2786,130268.296875,ok
20,4,4,4,32,4,8,512,4292,2600,231646.359375,ok
20,4,4,4,32,2,16,512,1686,1340,,timeout
20,4,4,4,64,32,2,512,4854,3267,127436.71875,ok
20,4,4,4,64,16,4,512,4826,3326,168126.875,ok
20,4,4,4,64,8,8,512,4790,3351,262933.5625,ok
20,4,4,4,64,4,16,512,1734,1350,,timeout
20,4,4,4,64,2,32,512,1718,1358,,timeout
20,4,5,3,32,16,2,512,4848,3015,83615.40625,ok
20,4,5,3,32,8,4,512,4742,3130,131871.609375,ok
20,4,5,3,32,4,8,512,4598,3044,233184.765625,ok
20,4,5,3,32,2,16,512,2072,1639,,timeout
20,4,5,3,64,32,2,512,4864,3497,,OOM_rank2
20,4,5,3,64,16,4,512,4862,3507,,OOM_rank2
20,4,5,3,64,8,8,512,4858,3575,,OOM_rank2
20,4,5,3,64,4,16,512,2120,1662,,timeout
20,4,5,3,64,2,32,512,2104,1657,,timeout
20,4,6,2,32,16,2,512,4854,3296,83683.9296875,ok
20,4,6,2,32,8,4,512,4858,3356,131673.359375,ok
20,4,6,2,32,4,8,512,4764,3505,233210.890625,ok
20,4,6,2,32,2,16,512,2458,1918,,timeout
20,4,6,2,64,32,2,512,4860,3303,,OOM_rank2
20,4,6,2,64,16,4,512,4856,3498,,OOM_rank2
20,4,6,2,64,8,8,512,4856,3698,,OOM_rank2
20,4,6,2,64,4,16,512,2506,1926,,timeout
20,4,6,2,64,2,32,512,2490,1929,,timeout
20,5,1,6,32,16,2,512,4724,1509,81496.96875,ok
20,5,1,6,32,8,4,512,3182,1263,127841.203125,ok
20,5,1,6,32,4,8,512,1214,783,225757.609375,ok
20,5,1,6,32,2,16,512,528,443,,timeout
20,5,1,6,64,32,2,512,4780,1425,,OOM_rank3
20,5,1,6,64,16,4,512,4208,1328,,OOM_rank3
20,5,1,6,64,8,8,512,1944,858,,OOM_rank3
20,5,1,6,64,4,16,512,576,463,,timeout
20,5,1,6,64,2,32,512,560,452,,timeout
20,5,2,5,32,16,2,512,4650,1930,80692.140625,ok
20,5,2,5,32,8,4,512,4694,1899,127063.71875,ok
20,5,2,5,32,4,8,512,2240,1387,227145.703125,ok
20,5,2,5,32,2,16,512,914,754,,timeout
20,5,2,5,64,32,2,512,4730,2252,,OOM_rank3
20,5,2,5,64,16,4,512,4802,2334,,OOM_rank3
20,5,2,5,64,8,8,512,4476,2202,,OOM_rank3
20,5,2,5,64,4,16,512,962,771,,timeout
20,5,2,5,64,2,32,512,946,763,,timeout
20,5,3,4,32,16,2,512,4750,2279,80873.3203125,ok
20,5,3,4,32,8,4,512,4698,2271,127410.859375,ok
20,5,3,4,32,4,8,512,3266,1992,226401.484375,ok
20,5,3,4,32,2,16,512,1300,1048,,timeout
20,5,3,4,64,32,2,512,4844,2886,124361.9921875,ok
20,5,3,4,64,16,4,512,4720,2903,163762.8125,ok
20,5,3,4,64,8,8,512,4836,2770,253761.265625,ok
20,5,3,4,64,4,16,512,1348,1080,,timeout
20,5,3,4,64,2,32,512,1332,1081,,timeout
20,5,4,3,32,16,2,512,4832,2709,81156.4375,ok
20,5,4,3,32,8,4,512,4630,2779,127803.8359375,ok
20,5,4,3,32,4,8,512,4292,2598,227034.40625,ok
20,5,4,3,32,2,16,512,1686,1342,,timeout
20,5,4,3,64,32,2,512,4788,3253,124383.53125,ok
20,5,4,3,64,16,4,512,4858,3315,163857.84375,ok
20,5,4,3,64,8,8,512,4790,3349,254620.359375,ok
20,5,4,3,64,4,16,512,1734,1363,,timeout
20,5,4,3,64,2,32,512,1718,1376,,timeout
20,5,5,2,32,16,2,512,4830,3013,81193.3046875,ok
20,5,5,2,32,8,4,512,4554,3117,127683.125,ok
20,5,5,2,32,4,8,512,4598,3040,225414.296875,ok
20,5,5,2,32,2,16,512,2072,1642,,timeout
20,5,5,2,64,32,2,512,4864,3474,,OOM_rank2
20,5,5,2,64,16,4,512,4846,3500,,OOM_rank2
20,5,5,2,64,8,8,512,4858,3576,,OOM_rank2
20,5,5,2,64,4,16,512,2120,1658,,timeout
20,5,5,2,64,2,32,512,2104,1670,,timeout
20,5,6,1,32,16,2,512,4854,3281,80924.2734375,ok
20,5,6,1,32,8,4,512,4784,3337,127059.3828125,ok
20,5,6,1,32,4,8,512,4764,3501,225669.375,ok
20,5,6,1,32,2,16,512,2458,1926,,timeout
20,5,6,1,64,32,2,512,4854,3286,,OOM_rank2
20,5,6,1,64,16,4,512,4856,3466,,OOM_rank2
20,5,6,1,64,8,8,512,4856,3664,,OOM_rank2
20,5,6,1,64,4,16,512,2506,1936,,timeout
20,5,6,1,64,2,32,512,2490,1948,,timeout
20,6,1,5,32,16,2,512,4724,1496,78655.1796875,ok
20,6,1,5,32,8,4,512,3182,1258,123842.140625,ok
20,6,1,5,32,4,8,512,1214,779,218556.671875,ok
20,6,1,5,32,2,16,512,528,437,,timeout
20,6,1,5,64,32,2,512,4796,1865,,OOM_rank3
20,6,1,5,64,16,4,512,4666,1823,,OOM_rank3
20,6,1,5,64,8,8,512,4314,1548,,OOM_rank3
20,6,1,5,64,4,16,512,576,463,,timeout
20,6,1,5,64,2,32,512,560,451,,timeout
20,6,2,4,32,16,2,512,4650,1909,78920.6171875,ok
20,6,2,4,32,8,4,512,4694,1893,124239.5078125,ok
20,6,2,4,32,4,8,512,2240,1384,221963.703125,ok
20,6,2,4,32,2,16,512,914,754,,timeout
20,6,2,4,64,32,2,512,4748,2464,121051.0390625,ok
20,6,2,4,64,16,4,512,4802,2516,159085.015625,ok
20,6,2,4,64,8,8,512,4656,2429,248083.0,ok
20,6,2,4,64,4,16,512,962,782,,timeout
20,6,2,4,64,2,32,512,946,772,,timeout
20,6,3,3,32,16,2,512,4750,2265,78766.3125,ok
20,6,3,3,32,8,4,512,4646,2259,124063.46875,ok
20,6,3,3,32,4,8,512,3266,1990,221462.5,ok
20,6,3,3,32,2,16,512,1300,1068,,timeout
20,6,3,3,64,32,2,512,4830,2859,120520.4765625,ok
20,6,3,3,64,16,4,512,4720,2910,158975.9375,ok
20,6,3,3,64,8,8,512,4836,2762,248420.515625,ok
20,6,3,3,64,4,16,512,1348,1072,,timeout
20,6,3,3,64,2,32,512,1332,1074,,timeout
20,6,4,2,32,16,2,512,4832,2692,78793.640625,ok
20,6,4,2,32,8,4,512,4630,2754,124320.953125,ok
20,6,4,2,32,4,8,512,4292,2590,220010.1875,ok
20,6,4,2,32,2,16,512,1686,1347,,timeout
20,6,4,2,64,32,2,512,4788,3233,121053.1328125,ok
20,6,4,2,64,16,4,512,4820,3287,159315.53125,ok
20,6,4,2,64,8,8,512,4790,3333,247831.4375,ok
20,6,4,2,64,4,16,512,1734,1375,,timeout
20,6,4,2,64,2,32,512,1718,1371,,timeout
20,6,5,1,32,16,2,512,4826,2969,78855.78125,ok
20,6,5,1,32,8,4,512,4652,3097,124087.8515625,ok
20,6,5,1,32,4,8,512,4598,3047,221601.4375,ok
20,6,5,1,32,2,16,512,2072,1631,,timeout
20,6,5,1,64,32,2,512,4864,3318,,OOM_rank2
20,6,5,1,64,16,4,512,4858,3494,,OOM_rank2
20,6,5,1,64,8,8,512,4858,3560,,OOM_rank2
20,6,5,1,64,4,16,512,2120,1673,,timeout
20,6,5,1,64,2,32,512,2104,1651,,timeout
20,7,1,4,32,16,2,512,4724,1487,76702.8203125,ok
20,7,1,4,32,8,4,512,3182,1249,121357.4453125,ok
20,7,1,4,32,4,8,512,1214,779,214697.578125,ok
20,7,1,4,32,2,16,512,528,436,,timeout
20,7,1,4,64,32,2,512,4796,2069,118285.7578125,ok
20,7,1,4,64,16,4,512,4718,2017,155039.203125,ok
20,7,1,4,64,8,8,512,4346,1678,241504.515625,ok
20,7,1,4,64,4,16,512,576,464,,timeout
20,7,1,4,64,2,32,512,560,460,,timeout
20,7,2,3,32,16,2,512,4650,1904,76642.984375,ok
20,7,2,3,32,8,4,512,4694,1880,120518.796875,ok
20,7,2,3,32,4,8,512,2240,1379,214284.765625,ok
20,7,2,3,32,2,16,512,914,749,,timeout
20,7,2,3,64,32,2,512,4730,2439,117877.25,ok
20,7,2,3,64,16,4,512,4802,2516,154776.890625,ok
20,7,2,3,64,8,8,512,4656,2417,241442.46875,ok
20,7,2,3,64,4,16,512,962,776,,timeout
20,7,2,3,64,2,32,512,946,770,,timeout
20,7,3,2,32,16,2,512,4750,2248,76764.265625,ok
20,7,3,2,32,8,4,512,4646,2254,120728.2734375,ok
20,7,3,2,32,4,8,512,3266,1988,215917.0,ok
20,7,3,2,32,2,16,512,1300,1046,,timeout
20,7,3,2,64,32,2,512,4830,2857,117907.25,ok
20,7,3,2,64,16,4,512,4720,2898,155041.34375,ok
20,7,3,2,64,8,8,512,4836,2753,241615.40625,ok
20,7,3,2,64,4,16,512,1348,1083,,timeout
20,7,3,2,64,2,32,512,1332,1065,,timeout
20,7,4,1,32,16,2,512,4832,2674,76651.8671875,ok
20,7,4,1,32,8,4,512,4802,2757,120541.390625,ok
20,7,4,1,32,4,8,512,4292,2581,215518.78125,ok
20,7,4,1,32,2,16,512,1686,1356,,timeout
20,7,4,1,64,32,2,512,4824,3241,118242.75,ok
20,7,4,1,64,16,4,512,4820,3279,155101.421875,ok
20,7,4,1,64,8,8,512,4790,3330,241493.03125,ok
20,7,4,1,64,4,16,512,1734,1374,,timeout
20,7,4,1,64,2,32,512,1718,1356,,timeout
20,8,1,3,32,16,2,512,4724,1475,74651.8515625,ok
20,8,1,3,32,8,4,512,3182,1248,117414.5234375,ok
20,8,1,3,32,4,8,512,1214,779,209084.171875,ok
20,8,1,3,32,2,16,512,528,441,,timeout
20,8,1,3,64,32,2,512,4796,2075,115291.453125,ok
20,8,1,3,64,16,4,512,4718,2018,150763.96875,ok
20,8,1,3,64,8,8,512,4346,1669,235169.1875,ok
20,8,1,3,64,4,16,512,576,459,,timeout
20,8,1,3,64,2,32,512,560,459,,timeout
20,8,2,2,32,16,2,512,4650,1895,74694.7890625,ok
20,8,2,2,32,8,4,512,4694,1878,117440.2734375,ok
20,8,2,2,32,4,8,512,2240,1379,208839.09375,ok
20,8,2,2,32,2,16,512,914,754,,timeout
20,8,2,2,64,32,2,512,4828,2438,114871.0625,ok
20,8,2,2,64,16,4,512,4802,2492,150726.28125,ok
20,8,2,2,64,8,8,512,4684,2414,235209.953125,ok
20,8,2,2,64,4,16,512,962,773,,timeout
20,8,2,2,64,2,32,512,946,771,,timeout
20,8,3,1,32,16,2,512,4750,2234,74664.0625,ok
20,8,3,1,32,8,4,512,4646,2239,117564.375,ok
20,8,3,1,32,4,8,512,3266,1972,209829.546875,ok
20,8,3,1,32,2,16,512,1300,1068,,timeout
20,8,3,1,64,32,2,512,4852,2840,115035.53125,ok
20,8,3,1,64,16,4,512,4720,2886,150702.265625,ok
20,8,3,1,64,8,8,512,4836,2743,235128.328125,ok
20,8,3,1,64,4,16,512,1348,1090,,timeout
20,8,3,1,64,2,32,512,1332,1071,,timeout
20,9,1,2,32,16,2,512,4724,1465,72554.890625,ok
20,9,1,2,32,8,4,512,3182,1233,114308.390625,ok
20,9,1,2,32,4,8,512,1214,775,203442.796875,ok
20,9,1,2,32,2,16,512,528,439,,timeout
20,9,1,2,64,32,2,512,4796,2055,112291.34375,ok
20,9,1,2,64,16,4,512,4718,2004,146618.96875,ok
20,9,1,2,64,8,8,512,4346,1662,228388.453125,ok
20,9,1,2,64,4,16,512,576,464,,timeout
20,9,1,2,64,2,32,512,560,451,,timeout
20,9,2,1,32,16,2,512,4650,1876,72618.4453125,ok
20,9,2,1,32,8,4,512,4694,1861,114876.9609375,ok
20,9,2,1,32,4,8,512,2240,1376,204194.890625,ok
20,9,2,1,32,2,16,512,914,754,,timeout
20,9,2,1,64,32,2,512,4748,2424,112154.8828125,ok
20,9,2,1,64,16,4,512,4802,2461,146778.734375,ok
20,9,2,1,64,8,8,512,4676,2407,228511.0625,ok
20,9,2,1,64,4,16,512,962,763,,timeout
20,9,2,1,64,2,32,512,946,762,,timeout
20,10,1,1,32,16,2,512,4724,1460,70494.9609375,ok
20,10,1,1,32,8,4,512,3182,1223,111285.015625,ok
20,10,1,1,32,4,8,512,1214,775,200410.84375,ok
20,10,1,1,32,2,16,512,528,444,,timeout
20,10,1,1,64,32,2,512,4796,2087,,OOM_rank1
20,10,1,1,64,16,4,512,4718,1943,,OOM_rank1
20,10,1,1,64,8,8,512,4618,1645,,OOM_rank1
20,10,1,1,64,4,16,512,576,467,,timeout
20,10,1,1,64,2,32,512,560,456,,timeout
21,1,4,6,32,16,2,512,4832,2722,86459.953125,ok
21,1,4,6,32,8,4,512,4630,2783,135781.453125,ok
21,1,4,6,32,4,8,512,4292,2603,241378.578125,ok
21,1,4,6,32,2,16,512,1686,1361,,timeout
21,1,4,6,64,32,2,512,4788,2544,,OOM_rank3
21,1,4,6,64,16,4,512,4690,2679,,OOM_rank3
21,1,4,6,64,8,8,512,4790,2662,,OOM_rank3
21,1,4,6,64,4,16,512,1734,1374,,timeout
21,1,4,6,64,2,32,512,1718,1386,,timeout
21,1,5,5,32,16,2,512,4830,3014,86416.265625,ok
21,1,5,5,32,8,4,512,4652,3133,135680.96875,ok
21,1,5,5,32,4,8,512,4598,3054,241095.0625,ok
21,1,5,5,32,2,16,512,2072,1649,,timeout
21,1,5,5,64,32,2,512,4854,3367,,OOM_rank3
21,1,5,5,64,16,4,512,4848,3393,,OOM_rank3
21,1,5,5,64,8,8,512,4864,3507,,OOM_rank3
21,1,5,5,64,4,16,512,2120,1686,,timeout
21,1,5,5,64,2,32,512,2104,1676,,timeout
21,1,6,4,32,16,2,512,4854,3320,86473.9609375,ok
21,1,6,4,32,8,4,512,4858,3368,135684.84375,ok
21,1,6,4,32,4,8,512,4764,3511,240386.84375,ok
21,1,6,4,32,2,16,512,2458,1906,,timeout
21,1,6,4,64,32,2,512,4856,3340,,OOM_rank2
21,1,6,4,64,16,4,512,4856,3504,,OOM_rank2
21,1,6,4,64,8,8,512,4856,3681,,OOM_rank2
21,1,6,4,64,4,16,512,2506,1946,,timeout
21,1,6,4,64,2,32,512,2490,1931,,timeout
21,2,3,6,32,16,2,512,4750,2285,84484.078125,ok
21,2,3,6,32,8,4,512,4646,2274,132609.65625,ok
21,2,3,6,32,4,8,512,3266,1996,235395.9375,ok
21,2,3,6,32,2,16,512,1300,1067,,timeout
21,2,3,6,64,32,2,512,4822,2152,,OOM_rank3
21,2,3,6,64,16,4,512,4842,2256,,OOM_rank3
21,2,3,6,64,8,8,512,4852,2183,,OOM_rank3
21,2,3,6,64,4,16,512,1348,1086,,timeout
21,2,3,6,64,2,32,512,1332,1071,,timeout
21,2,4,5,32,16,2,512,4832,2722,84397.0625,ok
21,2,4,5,32,8,4,512,4630,2779,132751.984375,ok
21,2,4,5,32,4,8,512,4292,2594,235546.984375,ok
21,2,4,5,32,2,16,512,1686,1373,,timeout
21,2,4,5,64,32,2,512,4854,2978,,OOM_rank3
21,2,4,5,64,16,4,512,4820,3024,,OOM_rank3
21,2,4,5,64,8,8,512,4790,3087,,OOM_rank3
21,2,4,5,64,4,16,512,1734,1394,,timeout
21,2,4,5,64,2,32,512,1718,1375,,timeout
21,2,5,4,32,16,2,512,4826,3002,84466.1640625,ok
21,2,5,4,32,8,4,512,4746,3112,132380.78125,ok
21,2,5,4,32,4,8,512,4598,3062,234835.328125,ok
21,2,5,4,32,2,16,512,2072,1649,,timeout
21,2,5,4,64,32,2,512,4864,3488,,OOM_rank2
21,2,5,4,64,16,4,512,4848,3501,,OOM_rank0
21,2,5,4,64,8,8,512,4858,3575,,OOM_rank0
21,2,5,4,64,4,16,512,2120,1670,,timeout
21,2,5,4,64,2,32,512,2104,1677,,timeout
21,2,6,3,32,16,2,512,4854,3316,84375.7109375,ok
21,2,6,3,32,8,4,512,4784,3355,132729.3125,ok
21,2,6,3,32,4,8,512,4766,3512,235342.046875,ok
21,2,6,3,32,2,16,512,2458,1935,,timeout
21,2,6,3,64,32,2,512,4854,3322,,OOM_rank2
21,2,6,3,64,16,4,512,4856,3460,,OOM_rank2
21,2,6,3,64,8,8,512,4856,3690,,OOM_rank2
21,2,6,3,64,4,16,512,2506,1943,,timeout
21,2,6,3,64,2,32,512,2490,1922,,timeout
21,3,2,6,32,16,2,512,4650,1929,82475.2578125,ok
21,3,2,6,32,8,4,512,4694,1894,129116.0078125,ok
21,3,2,6,32,4,8,512,2240,1385,229506.34375,ok
21,3,2,6,32,2,16,512,914,752,,timeout
21,3,2,6,64,32,2,512,4730,1794,,OOM_rank3
21,3,2,6,64,16,4,512,4758,1906,,OOM_rank3
21,3,2,6,64,8,8,512,3662,1538,,OOM_rank3
21,3,2,6,64,4,16,512,962,779,,timeout
21,3,2,6,64,2,32,512,946,779,,timeout
21,3,3,5,32,16,2,512,4750,2278,82143.59375,ok
21,3,3,5,32,8,4,512,4834,2270,128849.3515625,ok
21,3,3,5,32,4,8,512,3266,1988,229182.78125,ok
21,3,3,5,32,2,16,512,1300,1064,,timeout
21,3,3,5,64,32,2,512,4822,2594,,OOM_rank3
21,3,3,5,64,16,4,512,4720,2646,,OOM_rank3
21,3,3,5,64,8,8,512,4424,2681,,OOM_rank3
21,3,3,5,64,4,16,512,1348,1088,,timeout
21,3,3,5,64,2,32,512,1332,1090,,timeout
21,3,4,4,32,16,2,512,4832,2711,82320.125,ok
21,3,4,4,32,8,4,512,4630,2765,129506.7890625,ok
21,3,4,4,32,4,8,512,4292,2589,228595.09375,ok
21,3,4,4,32,2,16,512,1686,1362,,timeout
21,3,4,4,64,32,2,512,4788,3137,,OOM_rank0
21,3,4,4,64,16,4,512,4834,3187,,OOM_rank0
21,3,4,4,64,8,8,512,4790,3178,,OOM_rank0
21,3,4,4,64,4,16,512,1734,1375,,timeout
21,3,4,4,64,2,32,512,1718,1388,,timeout
21,3,5,3,32,16,2,512,4826,2999,82417.015625,ok
21,3,5,3,32,8,4,512,4554,3110,129182.171875,ok
21,3,5,3,32,4,8,512,4598,3049,228313.5625,ok
21,3,5,3,32,2,16,512,2072,1619,,timeout
21,3,5,3,64,32,2,512,4864,3473,,OOM_rank2
21,3,5,3,64,16,4,512,4846,3483,,OOM_rank0
21,3,5,3,64,8,8,512,4858,3562,,OOM_rank0
21,3,5,3,64,4,16,512,2120,1671,,timeout
21,3,5,3,64,2,32,512,2104,1662,,timeout
21,3,6,2,32,16,2,512,4854,3292,82447.7421875,ok
21,3,6,2,32,8,4,512,4858,3343,129327.40625,ok
21,3,6,2,32,4,8,512,4764,3499,228779.828125,ok
21,3,6,2,32,2,16,512,2458,1933,,timeout
21,3,6,2,64,32,2,512,4860,3290,,OOM_rank2
21,3,6,2,64,16,4,512,4856,3465,,OOM_rank2
21,3,6,2,64,8,8,512,4856,3672,,OOM_rank2
21,3,6,2,64,4,16,512,2506,1962,,timeout
21,3,6,2,64,2,32,512,2490,1968,,timeout
21,4,1,6,32,16,2,512,4724,1495,80241.8203125,ok
21,4,1,6,32,8,4,512,3182,1256,125868.078125,ok
21,4,1,6,32,4,8,512,1214,780,221929.1875,ok
21,4,1,6,32,2,16,512,528,445,,timeout
21,4,1,6,64,32,2,512,4780,1403,,OOM_rank3
21,4,1,6,64,16,4,512,4208,1306,,OOM_rank3
21,4,1,6,64,8,8,512,1944,859,,OOM_rank3
21,4,1,6,64,4,16,512,576,464,,timeout
21,4,1,6,64,2,32,512,560,457,,timeout
21,4,2,5,32,16,2,512,4650,1918,80013.0546875,ok
21,4,2,5,32,8,4,512,4694,1884,126103.53125,ok
21,4,2,5,32,4,8,512,2240,1383,223466.125,ok
21,4,2,5,32,2,16,512,914,765,,timeout
21,4,2,5,64,32,2,512,4828,2235,,OOM_rank3
21,4,2,5,64,16,4,512,4802,2321,,OOM_rank3
21,4,2,5,64,8,8,512,4476,2184,,OOM_rank3
21,4,2,5,64,4,16,512,962,773,,timeout
21,4,2,5,64,2,32,512,946,774,,timeout
21,4,3,4,32,16,2,512,4750,2266,80038.9609375,ok
21,4,3,4,32,8,4,512,4834,2262,125923.0703125,ok
21,4,3,4,32,4,8,512,3266,1984,224995.078125,ok
21,4,3,4,32,2,16,512,1300,1073,,timeout
21,4,3,4,64,32,2,512,4830,2722,,OOM_rank0
21,4,3,4,64,16,4,512,4720,2793,,OOM_rank0
21,4,3,4,64,8,8,512,4424,2705,,OOM_rank0
21,4,3,4,64,4,16,512,1348,1078,,timeout
21,4,3,4,64,2,32,512,1332,1060,,timeout
21,4,4,3,32,16,2,512,4832,2706,80007.15625,ok
21,4,4,3,32,8,4,512,4630,2761,125946.390625,ok
21,4,4,3,32,4,8,512,4292,2591,224132.203125,ok
21,4,4,3,32,2,16,512,1686,1363,,timeout
21,4,4,3,64,32,2,512,4788,3129,,OOM_rank0
21,4,4,3,64,16,4,512,4806,3174,,OOM_rank0
21,4,4,3,64,8,8,512,4790,3168,,OOM_rank0
21,4,4,3,64,4,16,512,1734,1377,,timeout
21,4,4,3,64,2,32,512,1718,1350,,timeout
21,4,5,2,32,16,2,512,4826,2994,80135.40625,ok
21,4,5,2,32,8,4,512,4554,3105,126381.1640625,ok
21,4,5,2,32,4,8,512,4598,3042,223194.921875,ok
21,4,5,2,32,2,16,512,2072,1635,,timeout
21,4,5,2,64,32,2,512,4864,3465,,OOM_rank2
21,4,5,2,64,16,4,512,4848,3487,,OOM_rank0
21,4,5,2,64,8,8,512,4858,3559,,OOM_rank0
21,4,5,2,64,4,16,512,2120,1643,,timeout
21,4,5,2,64,2,32,512,2104,1661,,timeout
21,4,6,1,32,16,2,512,4854,3273,80177.2265625,ok
21,4,6,1,32,8,4,512,4784,3325,125978.3828125,ok
21,4,6,1,32,4,8,512,4764,3495,222685.78125,ok
21,4,6,1,32,2,16,512,2458,1943,,timeout
21,4,6,1,64,32,2,512,4854,3269,,OOM_rank2
21,4,6,1,64,16,4,512,4856,3434,,OOM_rank2
21,4,6,1,64,8,8,512,4856,3655,,OOM_rank2
21,4,6,1,64,4,16,512,2506,1946,,timeout
21,4,6,1,64,2,32,512,2490,1965,,timeout
21,5,1,5,32,16,2,512,4724,1493,78003.7734375,ok
21,5,1,5,32,8,4,512,3182,1252,122478.484375,ok
21,5,1,5,32,4,8,512,1214,778,217755.859375,ok
21,5,1,5,32,2,16,512,528,445,,timeout
21,5,1,5,64,32,2,512,4796,1854,,OOM_rank3
21,5,1,5,64,16,4,512,4666,1816,,OOM_rank3
21,5,1,5,64,8,8,512,4314,1541,,OOM_rank3
21,5,1,5,64,4,16,512,576,461,,timeout
21,5,1,5,64,2,32,512,560,457,,timeout
21,5,2,4,32,16,2,512,4650,1898,77974.6328125,ok
21,5,2,4,32,8,4,512,4694,1877,122573.8359375,ok
21,5,2,4,32,4,8,512,2240,1376,218828.578125,ok
21,5,2,4,32,2,16,512,914,758,,timeout
21,5,2,4,64,32,2,512,4808,2357,,OOM_rank0
21,5,2,4,64,16,4,512,4802,2374,,OOM_rank0
21,5,2,4,64,8,8,512,4780,2191,,OOM_rank0
21,5,2,4,64,4,16,512,962,787,,timeout
21,5,2,4,64,2,32,512,946,764,,timeout
21,5,3,3,32,16,2,512,4750,2253,78014.9140625,ok
21,5,3,3,32,8,4,512,4834,2259,122633.203125,ok
21,5,3,3,32,4,8,512,3266,1980,219413.921875,ok
21,5,3,3,32,2,16,512,1300,1065,,timeout
21,5,3,3,64,32,2,512,4844,2730,,OOM_rank0
21,5,3,3,64,16,4,512,4720,2782,,OOM_rank0
21,5,3,3,64,8,8,512,4580,2701,,OOM_rank0
21,5,3,3,64,4,16,512,1348,1087,,timeout
21,5,3,3,64,2,32,512,1332,1076,,timeout
21,5,4,2,32,16,2,512,4832,2670,77960.0703125,ok
21,5,4,2,32,8,4,512,4630,2738,122490.71875,ok
21,5,4,2,32,4,8,512,4292,2577,219022.125,ok
21,5,4,2,32,2,16,512,1686,1361,,timeout
21,5,4,2,64,32,2,512,4836,3117,,OOM_rank0
21,5,4,2,64,16,4,512,4806,3175,,OOM_rank0
21,5,4,2,64,8,8,512,4790,3163,,OOM_rank0
21,5,4,2,64,4,16,512,1734,1383,,timeout
21,5,4,2,64,2,32,512,1718,1390,,timeout
21,5,5,1,32,16,2,512,4826,2964,78094.6328125,ok
21,5,5,1,32,8,4,512,4612,3082,122746.2265625,ok
21,5,5,1,32,4,8,512,4598,3027,217903.1875,ok
21,5,5,1,32,2,16,512,2072,1664,,timeout
21,5,5,1,64,32,2,512,4864,3453,,OOM_rank2
21,5,5,1,64,16,4,512,4846,3479,,OOM_rank0
21,5,5,1,64,8,8,512,4858,3547,,OOM_rank0
21,5,5,1,64,4,16,512,2120,1656,,timeout
21,5,5,1,64,2,32,512,2104,1663,,timeout
21,6,1,4,32,16,2,512,4724,1481,75842.546875,ok
21,6,1,4,32,8,4,512,3182,1241,119600.6171875,ok
21,6,1,4,32,4,8,512,1214,775,212620.6875,ok
21,6,1,4,32,2,16,512,528,441,,timeout
21,6,1,4,64,32,2,512,4796,1971,,OOM_rank0
21,6,1,4,64,16,4,512,4718,1863,,OOM_rank0
21,6,1,4,64,8,8,512,4346,1709,,OOM_rank0
21,6,1,4,64,4,16,512,576,466,,timeout
21,6,1,4,64,2,32,512,560,461,,timeout
21,6,2,3,32,16,2,512,4650,1885,75899.8984375,ok
21,6,2,3,32,8,4,512,4694,1872,119465.125,ok
21,6,2,3,32,4,8,512,2240,1374,212152.578125,ok
21,6,2,3,32,2,16,512,914,759,,timeout
21,6,2,3,64,32,2,512,4730,2350,,OOM_rank0
21,6,2,3,64,16,4,512,4802,2369,,OOM_rank0
21,6,2,3,64,8,8,512,4476,2178,,OOM_rank0
21,6,2,3,64,4,16,512,962,781,,timeout
21,6,2,3,64,2,32,512,946,773,,timeout
21,6,3,2,32,16,2,512,4750,2233,75866.8359375,ok
21,6,3,2,32,8,4,512,4646,2236,119548.5390625,ok
21,6,3,2,32,4,8,512,3266,1980,212966.0,ok
21,6,3,2,32,2,16,512,1300,1065,,timeout
21,6,3,2,64,32,2,512,4830,2703,,OOM_rank0
21,6,3,2,64,16,4,512,4748,2764,,OOM_rank0
21,6,3,2,64,8,8,512,4424,2689,,OOM_rank0
21,6,3,2,64,4,16,512,1348,1086,,timeout
21,6,3,2,64,2,32,512,1332,1088,,timeout
21,6,4,1,32,16,2,512,4832,2669,75976.40625,ok
21,6,4,1,32,8,4,512,4630,2731,119292.9609375,ok
21,6,4,1,32,4,8,512,4292,2572,212905.90625,ok
21,6,4,1,32,2,16,512,1686,1364,,timeout
21,6,4,1,64,32,2,512,4788,3071,,OOM_rank0
21,6,4,1,64,16,4,512,4820,3150,,OOM_rank0
21,6,4,1,64,8,8,512,4790,3151,,OOM_rank0
21,6,4,1,64,4,16,512,1734,1395,,timeout
21,6,4,1,64,2,32,512,1718,1363,,timeout
21,7,1,3,32,16,2,512,4724,1477,74026.71875,ok
21,7,1,3,32,8,4,512,3182,1240,116150.5703125,ok
21,7,1,3,32,4,8,512,1214,776,208038.6875,ok
21,7,1,3,32,2,16,512,528,441,,timeout
21,7,1,3,64,32,2,512,4796,1956,,OOM_rank0
21,7,1,3,64,16,4,512,4718,1854,,OOM_rank0
21,7,1,3,64,8,8,512,4346,1704,,OOM_rank0
21,7,1,3,64,4,16,512,576,468,,timeout
21,7,1,3,64,2,32,512,560,461,,timeout
21,7,2,2,32,16,2,512,4650,1888,74139.1796875,ok
21,7,2,2,32,8,4,512,4694,1857,116555.7109375,ok
21,7,2,2,32,4,8,512,2240,1373,206895.078125,ok
21,7,2,2,32,2,16,512,914,751,,timeout
21,7,2,2,64,32,2,512,4828,2323,,OOM_rank0
21,7,2,2,64,16,4,512,4802,2354,,OOM_rank0
21,7,2,2,64,8,8,512,4804,2170,,OOM_rank0
21,7,2,2,64,4,16,512,962,781,,timeout
21,7,2,2,64,2,32,512,946,779,,timeout
21,7,3,1,32,16,2,512,4750,2221,73855.1953125,ok
21,7,3,1,32,8,4,512,4646,2232,116221.3671875,ok
21,7,3,1,32,4,8,512,3266,1976,206663.21875,ok
21,7,3,1,32,2,16,512,1300,1065,,timeout
21,7,3,1,64,32,2,512,4834,2706,,OOM_rank0
21,7,3,1,64,16,4,512,4832,2737,,OOM_rank0
21,7,3,1,64,8,8,512,4704,2672,,OOM_rank0
21,7,3,1,64,4,16,512,1348,1086,,timeout
21,7,3,1,64,2,32,512,1332,1088,,timeout
21,8,1,2,32,16,2,512,4816,1463,71757.5625,ok
21,8,1,2,32,8,4,512,3182,1229,113013.7734375,ok
21,8,1,2,32,4,8,512,1214,773,200704.75,ok
21,8,1,2,32,2,16,512,528,442,,timeout
21,8,1,2,64,32,2,512,4796,1944,,OOM_rank0
21,8,1,2,64,16,4,512,4718,1844,,OOM_rank0
21,8,1,2,64,8,8,512,4346,1698,,OOM_rank0
21,8,1,2,64,4,16,512,576,465,,timeout
21,8,1,2,64,2,32,512,560,457,,timeout
21,8,2,1,32,16,2,512,4650,1862,71674.765625,ok
21,8,2,1,32,8,4,512,4694,1850,113040.328125,ok
21,8,2,1,32,4,8,512,2240,1373,202990.703125,ok
21,8,2,1,32,2,16,512,914,750,,timeout
21,8,2,1,64,32,2,512,4736,2320,,OOM_rank0
21,8,2,1,64,16,4,512,4810,2336,,OOM_rank0
21,8,2,1,64,8,8,512,4476,2159,,OOM_rank0
21,8,2,1,64,4,16,512,962,782,,timeout
21,8,2,1,64,2,32,512,946,779,,timeout
21,9,1,1,32,16,2,512,4724,1446,69609.265625,ok
21,9,1,1,32,8,4,512,3182,1218,109592.3125,ok
21,9,1,1,32,4,8,512,1214,770,196689.171875,ok
21,9,1,1,32,2,16,512,528,442,,timeout
21,9,1,1,64,32,2,512,4796,1926,,OOM_rank0
21,9,1,1,64,16,4,512,4858,1844,,OOM_rank0
21,9,1,1,64,8,8,512,4346,1689,,OOM_rank0
21,9,1,1,64,4,16,512,576,461,,timeout
21,9,1,1,64,2,32,512,560,452,,timeout
22,1,3,6,32,16,2,512,4750,2279,83679.875,ok
22,1,3,6,32,8,4,512,4646,2260,130951.1015625,ok
22,1,3,6,32,4,8,512,3266,1990,233095.28125,ok
22,1,3,6,32,2,16,512,1300,1079,,timeout
22,1,3,6,64,32,2,512,4822,2146,,OOM_rank3
22,1,3,6,64,16,4,512,4820,2223,,OOM_rank3
22,1,3,6,64,8,8,512,4324,2176,,OOM_rank3
22,1,3,6,64,4,16,512,1348,1084,,timeout
22,1,3,6,64,2,32,512,1332,1078,,timeout
22,1,4,5,32,16,2,512,4832,2696,83753.125,ok
22,1,4,5,32,8,4,512,4630,2762,130751.734375,ok
22,1,4,5,32,4,8,512,4292,2587,233561.734375,ok
22,1,4,5,32,2,16,512,1686,1381,,timeout
22,1,4,5,64,32,2,512,4836,2949,,OOM_rank3
22,1,4,5,64,16,4,512,4820,3021,,OOM_rank0
22,1,4,5,64,8,8,512,4790,3073,,OOM_rank0
22,1,4,5,64,4,16,512,1734,1391,,timeout
22,1,4,5,64,2,32,512,1718,1386,,timeout
22,1,5,4,32,16,2,512,4826,2994,83778.078125,ok
22,1,5,4,32,8,4,512,4850,3110,131113.640625,ok
22,1,5,4,32,4,8,512,4598,3039,229478.5,ok
22,1,5,4,32,2,16,512,2072,1672,,timeout
22,1,5,4,64,32,2,512,4864,3387,,OOM_rank0
22,1,5,4,64,16,4,512,4848,3355,,OOM_rank0
22,1,5,4,64,8,8,512,4828,3485,,OOM_rank0
22,1,5,4,64,4,16,512,2120,1693,,timeout
22,1,5,4,64,2,32,512,2104,1659,,timeout
22,1,6,3,32,16,2,512,4854,3265,83675.640625,ok
22,1,6,3,32,8,4,512,4858,3350,130996.0,ok
22,1,6,3,32,4,8,512,4764,3497,232924.0625,ok
22,1,6,3,32,2,16,512,2458,1928,,timeout
22,1,6,3,64,32,2,512,4854,3308,,OOM_rank2
22,1,6,3,64,16,4,512,4856,3473,,OOM_rank2
22,1,6,3,64,8,8,512,4856,3679,,OOM_rank2
22,1,6,3,64,4,16,512,2506,1981,,timeout
22,1,6,3,64,2,32,512,2490,1939,,timeout
22,2,2,6,32,16,2,512,4650,1906,81731.7109375,ok
22,2,2,6,32,8,4,512,4694,1878,127429.6953125,ok
22,2,2,6,32,4,8,512,2240,1378,223946.515625,ok
22,2,2,6,32,2,16,512,914,761,,timeout
22,2,2,6,64,32,2,512,4730,1793,,OOM_rank3
22,2,2,6,64,16,4,512,4758,1883,,OOM_rank3
22,2,2,6,64,8,8,512,3662,1523,,OOM_rank3
22,2,2,6,64,4,16,512,962,786,,timeout
22,2,2,6,64,2,32,512,946,776,,timeout
22,2,3,5,32,16,2,512,4750,2266,81568.7890625,ok
22,2,3,5,32,8,4,512,4834,2257,127441.3125,ok
22,2,3,5,32,4,8,512,3266,1985,227481.640625,ok
22,2,3,5,32,2,16,512,1300,1061,,timeout
22,2,3,5,64,32,2,512,4822,2593,,OOM_rank3
22,2,3,5,64,16,4,512,4720,2661,,OOM_rank0
22,2,3,5,64,8,8,512,4424,2660,,OOM_rank0
22,2,3,5,64,4,16,512,1348,1092,,timeout
22,2,3,5,64,2,32,512,1332,1085,,timeout
22,2,4,4,32,16,2,512,4832,2681,81576.9375,ok
22,2,4,4,32,8,4,512,4630,2755,127494.7265625,ok
22,2,4,4,32,4,8,512,4292,2580,227883.3125,ok
22,2,4,4,32,2,16,512,1686,1375,,timeout
22,2,4,4,64,32,2,512,4788,2967,,OOM_rank0
22,2,4,4,64,16,4,512,4834,2998,,OOM_rank0
22,2,4,4,64,8,8,512,4794,3071,,OOM_rank0
22,2,4,4,64,4,16,512,1734,1402,,timeout
22,2,4,4,64,2,32,512,1718,1384,,timeout
22,2,5,3,32,16,2,512,4826,2975,81531.3828125,ok
22,2,5,3,32,8,4,512,4554,3096,127659.1796875,ok
22,2,5,3,32,4,8,512,4598,3035,227037.375,ok
22,2,5,3,32,2,16,512,2072,1651,,timeout
22,2,5,3,64,32,2,512,4864,3371,,OOM_rank0
22,2,5,3,64,16,4,512,4846,3339,,OOM_rank0
22,2,5,3,64,8,8,512,4836,3483,,OOM_rank0
22,2,5,3,64,4,16,512,2120,1678,,timeout
22,2,5,3,64,2,32,512,2104,1689,,timeout
22,2,6,2,32,16,2,512,4854,3279,81785.8515625,ok
22,2,6,2,32,8,4,512,4850,3328,127674.65625,ok
22,2,6,2,32,4,8,512,4764,3494,227813.453125,ok
22,2,6,2,32,2,16,512,2458,1939,,timeout
22,2,6,2,64,32,2,512,4864,3293,,OOM_rank2
22,2,6,2,64,16,4,512,4856,3467,,OOM_rank2
22,2,6,2,64,8,8,512,4864,3653,,OOM_rank2
22,2,6,2,64,4,16,512,2506,1980,,timeout
22,2,6,2,64,2,32,512,2490,1940,,timeout
22,3,1,6,32,16,2,512,4724,1489,79506.84375,ok
22,3,1,6,32,8,4,512,3182,1248,124262.7890625,ok
22,3,1,6,32,4,8,512,1214,778,221675.265625,ok
22,3,1,6,32,2,16,512,528,444,,timeout
22,3,1,6,64,32,2,512,4780,1386,,OOM_rank3
22,3,1,6,64,16,4,512,4208,1295,,OOM_rank3
22,3,1,6,64,8,8,512,1944,848,,OOM_rank3
22,3,1,6,64,4,16,512,576,470,,timeout
22,3,1,6,64,2,32,512,560,458,,timeout
22,3,2,5,32,16,2,512,4650,1896,79359.765625,ok
22,3,2,5,32,8,4,512,4694,1869,124505.7890625,ok
22,3,2,5,32,4,8,512,2240,1379,221627.546875,ok
22,3,2,5,32,2,16,512,914,761,,timeout
22,3,2,5,64,32,2,512,4828,2213,,OOM_rank3
22,3,2,5,64,16,4,512,4802,2289,,OOM_rank0
22,3,2,5,64,8,8,512,4476,2188,,OOM_rank0
22,3,2,5,64,4,16,512,962,784,,timeout
22,3,2,5,64,2,32,512,946,782,,timeout
22,3,3,4,32,16,2,512,4750,2253,79378.3671875,ok
22,3,3,4,32,8,4,512,4646,2250,124268.7734375,ok
22,3,3,4,32,4,8,512,3266,1978,221883.515625,ok
22,3,3,4,32,2,16,512,1300,1062,,timeout
22,3,3,4,64,32,2,512,4844,2598,,OOM_rank0
22,3,3,4,64,16,4,512,4720,2621,,OOM_rank0
22,3,3,4,64,8,8,512,4424,2659,,OOM_rank0
22,3,3,4,64,4,16,512,1348,1103,,timeout
22,3,3,4,64,2,32,512,1332,1084,,timeout
22,3,4,3,32,16,2,512,4838,2674,79232.734375,ok
22,3,4,3,32,8,4,512,4630,2751,124344.328125,ok
22,3,4,3,32,4,8,512,4292,2579,222171.234375,ok
22,3,4,3,32,2,16,512,1686,1369,,timeout
22,3,4,3,64,32,2,512,4788,2974,,OOM_rank0
22,3,4,3,64,16,4,512,4690,2978,,OOM_rank0
22,3,4,3,64,8,8,512,4790,3050,,OOM_rank0
22,3,4,3,64,4,16,512,1734,1391,,timeout
22,3,4,3,64,2,32,512,1718,1381,,timeout
22,3,5,2,32,16,2,512,4830,2989,79578.2109375,ok
22,3,5,2,32,8,4,512,4554,3082,124227.9375,ok
22,3,5,2,32,4,8,512,4598,3020,221669.34375,ok
22,3,5,2,32,2,16,512,2072,1674,,timeout
22,3,5,2,64,32,2,512,4864,3342,,OOM_rank0
22,3,5,2,64,16,4,512,4848,3323,,OOM_rank0
22,3,5,2,64,8,8,512,4828,3470,,OOM_rank0
22,3,5,2,64,4,16,512,2120,1667,,timeout
22,3,5,2,64,2,32,512,2104,1672,,timeout
22,3,6,1,32,16,2,512,4854,3275,79641.9921875,ok
22,3,6,1,32,8,4,512,4784,3311,124484.9453125,ok
22,3,6,1,32,4,8,512,4784,3481,221504.203125,ok
22,3,6,1,32,2,16,512,2458,1932,,timeout
22,3,6,1,64,32,2,512,4854,3274,,OOM_rank2
22,3,6,1,64,16,4,512,4858,3436,,OOM_rank2
22,3,6,1,64,8,8,512,4856,3654,,OOM_rank2
22,3,6,1,64,4,16,512,2506,1959,,timeout
22,3,6,1,64,2,32,512,2490,1949,,timeout
22,4,1,5,32,16,2,512,4724,1467,77288.546875,ok
22,4,1,5,32,8,4,512,3182,1245,121421.7890625,ok
22,4,1,5,32,4,8,512,1214,773,215934.1875,ok
22,4,1,5,32,2,16,512,528,443,,timeout
22,4,1,5,64,32,2,512,4796,1832,,OOM_rank3
22,4,1,5,64,16,4,512,4666,1791,,OOM_rank0
22,4,1,5,64,8,8,512,3802,1517,,OOM_rank0
22,4,1,5,64,4,16,512,576,470,,timeout
22,4,1,5,64,2,32,512,560,455,,timeout
22,4,2,4,32,16,2,512,4810,1897,77234.3359375,ok
22,4,2,4,32,8,4,512,4864,1874,121194.5859375,ok
22,4,2,4,32,4,8,512,2240,1375,215582.625,ok
22,4,2,4,32,2,16,512,914,767,,timeout
22,4,2,4,64,32,2,512,4808,2232,,OOM_rank0
22,4,2,4,64,16,4,512,4802,2273,,OOM_rank0
22,4,2,4,64,8,8,512,4476,2177,,OOM_rank0
22,4,2,4,64,4,16,512,962,790,,timeout
22,4,2,4,64,2,32,512,946,769,,timeout
22,4,3,3,32,16,2,512,4750,2232,77417.6875,ok
22,4,3,3,32,8,4,512,4834,2249,121152.03125,ok
22,4,3,3,32,4,8,512,3266,1970,216560.421875,ok
22,4,3,3,32,2,16,512,1300,1079,,timeout
22,4,3,3,64,32,2,512,4822,2584,,OOM_rank0
22,4,3,3,64,16,4,512,4720,2619,,OOM_rank0
22,4,3,3,64,8,8,512,4808,2649,,OOM_rank0
22,4,3,3,64,4,16,512,1348,1101,,timeout
22,4,3,3,64,2,32,512,1332,1077,,timeout
22,4,4,2,32,16,2,512,4832,2659,77489.15625,ok
22,4,4,2,32,8,4,512,4630,2735,121436.734375,ok
22,4,4,2,32,4,8,512,4292,2572,216714.34375,ok
22,4,4,2,32,2,16,512,1686,1353,,timeout
22,4,4,2,64,32,2,512,4808,2962,,OOM_rank0
22,4,4,2,64,16,4,512,4804,2960,,OOM_rank0
22,4,4,2,64,8,8,512,4790,3041,,OOM_rank0
22,4,4,2,64,4,16,512,1734,1390,,timeout
22,4,4,2,64,2,32,512,1718,1381,,timeout
22,4,5,1,32,16,2,512,4854,2965,77386.25,ok
22,4,5,1,32,8,4,512,4554,3070,121267.71875,ok
22,4,5,1,32,4,8,512,4754,3029,214995.203125,ok
22,4,5,1,32,2,16,512,2072,1668,,timeout
22,4,5,1,64,32,2,512,4864,3322,,OOM_rank0
22,4,5,1,64,16,4,512,4854,3304,,OOM_rank0
22,4,5,1,64,8,8,512,4828,3461,,OOM_rank0
22,4,5,1,64,4,16,512,2120,1680,,timeout
22,4,5,1,64,2,32,512,2104,1670,,timeout
22,5,1,4,32,16,2,512,4724,1457,75029.953125,ok
22,5,1,4,32,8,4,512,3182,1239,117913.1796875,ok
22,5,1,4,32,4,8,512,1214,774,210095.734375,ok
22,5,1,4,32,2,16,512,528,440,,timeout
22,5,1,4,64,32,2,512,4796,1834,,OOM_rank0
22,5,1,4,64,16,4,512,4666,1791,,OOM_rank0
22,5,1,4,64,8,8,512,3802,1519,,OOM_rank0
22,5,1,4,64,4,16,512,576,458,,timeout
22,5,1,4,64,2,32,512,560,454,,timeout
22,5,2,3,32,16,2,512,4650,1873,75179.171875,ok
22,5,2,3,32,8,4,512,4694,1858,118117.2109375,ok
22,5,2,3,32,4,8,512,2240,1369,206657.3125,ok
22,5,2,3,32,2,16,512,914,754,,timeout
22,5,2,3,64,32,2,512,4730,2249,,OOM_rank0
22,5,2,3,64,16,4,512,4802,2274,,OOM_rank0
22,5,2,3,64,8,8,512,4476,2171,,OOM_rank0
22,5,2,3,64,4,16,512,962,784,,timeout
22,5,2,3,64,2,32,512,946,782,,timeout
22,5,3,2,32,16,2,512,4750,2212,75386.296875,ok
22,5,3,2,32,8,4,512,4834,2236,117898.5,ok
22,5,3,2,32,4,8,512,3266,1974,210951.171875,ok
22,5,3,2,32,2,16,512,1300,1066,,timeout
22,5,3,2,64,32,2,512,4822,2580,,OOM_rank0
22,5,3,2,64,16,4,512,4842,2603,,OOM_rank0
22,5,3,2,64,8,8,512,4424,2627,,OOM_rank0
22,5,3,2,64,4,16,512,1348,1092,,timeout
22,5,3,2,64,2,32,512,1332,1079,,timeout
22,5,4,1,32,16,2,512,4832,2638,75253.6953125,ok
22,5,4,1,32,8,4,512,4630,2698,117735.4140625,ok
22,5,4,1,32,4,8,512,4292,2571,211552.5625,ok
22,5,4,1,32,2,16,512,1686,1370,,timeout
22,5,4,1,64,32,2,512,4788,2942,,OOM_rank0
22,5,4,1,64,16,4,512,4820,2972,,OOM_rank0
22,5,4,1,64,8,8,512,4790,3041,,OOM_rank0
22,5,4,1,64,4,16,512,1734,1387,,timeout
22,5,4,1,64,2,32,512,1718,1387,,timeout
22,6,1,3,32,16,2,512,4724,1442,73144.1640625,ok
22,6,1,3,32,8,4,512,3182,1232,114839.625,ok
22,6,1,3,32,4,8,512,1214,774,205792.171875,ok
22,6,1,3,32,2,16,512,528,442,,timeout
22,6,1,3,64,32,2,512,4796,1801,,OOM_rank0
22,6,1,3,64,16,4,512,4666,1772,,OOM_rank0
22,6,1,3,64,8,8,512,3802,1506,,OOM_rank0
22,6,1,3,64,4,16,512,576,463,,timeout
22,6,1,3,64,2,32,512,560,455,,timeout
22,6,2,2,32,16,2,512,4650,1855,73305.2421875,ok
22,6,2,2,32,8,4,512,4694,1839,114839.6328125,ok
22,6,2,2,32,4,8,512,2240,1369,205324.53125,ok
22,6,2,2,32,2,16,512,914,755,,timeout
22,6,2,2,64,32,2,512,4730,2228,,OOM_rank0
22,6,2,2,64,16,4,512,4802,2256,,OOM_rank0
22,6,2,2,64,8,8,512,4476,2155,,OOM_rank0
22,6,2,2,64,4,16,512,962,781,,timeout
22,6,2,2,64,2,32,512,946,770,,timeout
22,6,3,1,32,16,2,512,4750,2184,73475.96875,ok
22,6,3,1,32,8,4,512,4834,2214,114597.078125,ok
22,6,3,1,32,4,8,512,3266,1970,206018.734375,ok
22,6,3,1,32,2,16,512,1300,1079,,timeout
22,6,3,1,64,32,2,512,4822,2563,,OOM_rank0
22,6,3,1,64,16,4,512,4720,2599,,OOM_rank0
22,6,3,1,64,8,8,512,4704,2626,,OOM_rank0
22,6,3,1,64,4,16,512,1348,1073,,timeout
22,6,3,1,64,2,32,512,1332,1084,,timeout
22,7,1,2,32,16,2,512,4724,1447,71225.0078125,ok
22,7,1,2,32,8,4,512,3182,1219,110976.15625,ok
22,7,1,2,32,4,8,512,1214,771,200139.6875,ok
22,7,1,2,32,2,16,512,528,440,,timeout
22,7,1,2,64,32,2,512,4796,1794,,OOM_rank0
22,7,1,2,64,16,4,512,4666,1753,,OOM_rank0
22,7,1,2,64,8,8,512,3802,1495,,OOM_rank0
22,7,1,2,64,4,16,512,576,469,,timeout
22,7,1,2,64,2,32,512,560,461,,timeout
22,7,2,1,32,16,2,512,4650,1858,71287.0859375,ok
22,7,2,1,32,8,4,512,4694,1833,111317.1796875,ok
22,7,2,1,32,4,8,512,2240,1362,200747.5625,ok
22,7,2,1,32,2,16,512,914,767,,timeout
22,7,2,1,64,32,2,512,4828,2213,,OOM_rank0
22,7,2,1,64,16,4,512,4802,2249,,OOM_rank0
22,7,2,1,64,8,8,512,4476,2145,,OOM_rank0
22,7,2,1,64,4,16,512,962,785,,timeout
22,7,2,1,64,2,32,512,946,782,,timeout
22,8,1,1,32,16,2,512,4724,1436,69089.0234375,ok
22,8,1,1,32,8,4,512,3182,1208,108239.3125,ok
22,8,1,1,32,4,8,512,1214,768,195205.78125,ok
22,8,1,1,32,2,16,512,528,443,,timeout
22,8,1,1,64,32,2,512,4796,1789,,OOM_rank0
22,8,1,1,64,16,4,512,4858,1751,,OOM_rank0
22,8,1,1,64,8,8,512,3802,1490,,OOM_rank0
22,8,1,1,64,4,16,512,576,462,,timeout
22,8,1,1,64,2,32,512,560,462,,timeout
23,1,2,6,32,16,2,512,4650,1895,80566.9765625,ok
23,1,2,6,32,8,4,512,4694,1859,125908.453125,ok
23,1,2,6,32,4,8,512,2240,1377,224594.546875,ok
23,1,2,6,32,2,16,512,914,771,,timeout
23,1,2,6,64,32,2,512,4730,1753,,OOM_rank3
23,1,2,6,64,16,4,512,4758,1871,,OOM_rank3
23,1,2,6,64,8,8,512,3662,1517,,OOM_rank3
23,1,2,6,64,4,16,512,962,781,,timeout
23,1,2,6,64,2,32,512,946,786,,timeout
23,1,3,5,32,16,2,512,4750,2247,80512.8671875,ok
23,1,3,5,32,8,4,512,4646,2247,126618.6875,ok
23,1,3,5,32,4,8,512,3266,1981,224354.59375,ok
23,1,3,5,32,2,16,512,1300,1076,,timeout
23,1,3,5,64,32,2,512,4844,2549,,OOM_rank0
23,1,3,5,64,16,4,512,4844,2572,,OOM_rank0
23,1,3,5,64,8,8,512,4424,2564,,OOM_rank0
23,1,3,5,64,4,16,512,1348,1099,,timeout
23,1,3,5,64,2,32,512,1332,1083,,timeout
23,1,4,4,32,16,2,512,4832,2685,80640.6171875,ok
23,1,4,4,32,8,4,512,4630,2734,126649.59375,ok
23,1,4,4,32,4,8,512,4292,2568,224266.375,ok
23,1,4,4,32,2,16,512,1686,1377,,timeout
23,1,4,4,64,32,2,512,4788,2860,,OOM_rank0
23,1,4,4,64,16,4,512,4820,2895,,OOM_rank0
23,1,4,4,64,8,8,512,4790,2919,,OOM_rank0
23,1,4,4,64,4,16,512,1734,1407,,timeout
23,1,4,4,64,2,32,512,1718,1380,,timeout
23,1,5,3,32,16,2,512,4830,2960,80774.4375,ok
23,1,5,3,32,8,4,512,4554,3078,126411.0390625,ok
23,1,5,3,32,4,8,512,4598,3028,224174.265625,ok
23,1,5,3,32,2,16,512,2072,1682,,timeout
23,1,5,3,64,32,2,512,4854,3219,,OOM_rank0
23,1,5,3,64,16,4,512,4846,3233,,OOM_rank0
23,1,5,3,64,8,8,512,4828,3364,,OOM_rank0
23,1,5,3,64,4,16,512,2120,1692,,timeout
23,1,5,3,64,2,32,512,2104,1673,,timeout
23,1,6,2,32,16,2,512,4854,3267,80727.2578125,ok
23,1,6,2,32,8,4,512,4864,3325,126060.515625,ok
23,1,6,2,32,4,8,512,4764,3487,225340.59375,ok
23,1,6,2,32,2,16,512,2458,1958,,timeout
23,1,6,2,64,32,2,512,4854,3244,,OOM_rank2
23,1,6,2,64,16,4,512,4856,3427,,OOM_rank2
23,1,6,2,64,8,8,512,4856,3649,,OOM_rank2
23,1,6,2,64,4,16,512,2506,1980,,timeout
23,1,6,2,64,2,32,512,2490,1977,,timeout
23,2,1,6,32,16,2,512,4724,1464,78817.71875,ok
23,2,1,6,32,8,4,512,3182,1235,123280.71875,ok
23,2,1,6,32,4,8,512,1214,777,219312.515625,ok
23,2,1,6,32,2,16,512,528,445,,timeout
23,2,1,6,64,32,2,512,4780,1383,,OOM_rank3
23,2,1,6,64,16,4,512,4208,1288,,OOM_rank3
23,2,1,6,64,8,8,512,1944,852,,OOM_rank3
23,2,1,6,64,4,16,512,576,470,,timeout
23,2,1,6,64,2,32,512,560,457,,timeout
23,2,2,5,32,16,2,512,4650,1887,78580.546875,ok
23,2,2,5,32,8,4,512,4694,1858,123004.8515625,ok
23,2,2,5,32,4,8,512,2240,1375,221973.5,ok
23,2,2,5,32,2,16,512,914,765,,timeout
23,2,2,5,64,32,2,512,4828,2161,,OOM_rank0
23,2,2,5,64,16,4,512,4802,2173,,OOM_rank0
23,2,2,5,64,8,8,512,4476,2025,,OOM_rank0
23,2,2,5,64,4,16,512,962,793,,timeout
23,2,2,5,64,2,32,512,946,780,,timeout
23,2,3,4,32,16,2,512,4750,2241,78637.2109375,ok
23,2,3,4,32,8,4,512,4834,2243,122779.140625,ok
23,2,3,4,32,4,8,512,3266,1973,217365.59375,ok
23,2,3,4,32,2,16,512,1300,1073,,timeout
23,2,3,4,64,32,2,512,4822,2509,,OOM_rank0
23,2,3,4,64,16,4,512,4842,2559,,OOM_rank0
23,2,3,4,64,8,8,512,4424,2562,,OOM_rank0
23,2,3,4,64,4,16,512,1348,1106,,timeout
23,2,3,4,64,2,32,512,1332,1099,,timeout
23,2,4,3,32,16,2,512,4832,2660,78236.2734375,ok
23,2,4,3,32,8,4,512,4630,2728,122398.140625,ok
23,2,4,3,32,4,8,512,4292,2568,220101.515625,ok
23,2,4,3,32,2,16,512,1686,1363,,timeout
23,2,4,3,64,32,2,512,4808,2836,,OOM_rank0
23,2,4,3,64,16,4,512,4820,2881,,OOM_rank0
23,2,4,3,64,8,8,512,4790,2917,,OOM_rank0
23,2,4,3,64,4,16,512,1734,1410,,timeout
23,2,4,3,64,2,32,512,1718,1402,,timeout
23,2,5,2,32,16,2,512,4830,2948,78509.5078125,ok
23,2,5,2,32,8,4,512,4554,3075,123099.0,ok
23,2,5,2,32,4,8,512,4598,3023,219528.0,ok
23,2,5,2,32,2,16,512,2072,1668,,timeout
23,2,5,2,64,32,2,512,4854,3207,,OOM_rank0
23,2,5,2,64,16,4,512,4848,3220,,OOM_rank0
23,2,5,2,64,8,8,512,4828,3336,,OOM_rank0
23,2,5,2,64,4,16,512,2120,1693,,timeout
23,2,5,2,64,2,32,512,2104,1663,,timeout
23,2,6,1,32,16,2,512,4854,3261,78496.046875,ok
23,2,6,1,32,8,4,512,4784,3306,123301.765625,ok
23,2,6,1,32,4,8,512,4764,3472,220245.71875,ok
23,2,6,1,32,2,16,512,2458,1961,,timeout
23,2,6,1,64,32,2,512,4854,3254,,OOM_rank2
23,2,6,1,64,16,4,512,4860,3425,,OOM_rank2
23,2,6,1,64,8,8,512,4856,3632,,OOM_rank2
23,2,6,1,64,4,16,512,2506,1955,,timeout
23,2,6,1,64,2,32,512,2490,1973,,timeout
23,3,1,5,32,16,2,512,4724,1458,76481.3671875,ok
23,3,1,5,32,8,4,512,3182,1229,119634.5,ok
23,3,1,5,32,4,8,512,1214,773,213581.921875,ok
23,3,1,5,32,2,16,512,528,445,,timeout
23,3,1,5,64,32,2,512,4780,1703,,OOM_rank0
23,3,1,5,64,16,4,512,4666,1602,,OOM_rank0
23,3,1,5,64,8,8,512,3292,1339,,OOM_rank0
23,3,1,5,64,4,16,512,576,464,,timeout
23,3,1,5,64,2,32,512,560,464,,timeout
23,3,2,4,32,16,2,512,4650,1873,76330.1171875,ok
23,3,2,4,32,8,4,512,4694,1841,119862.6328125,ok
23,3,2,4,32,4,8,512,2240,1373,215002.84375,ok
23,3,2,4,32,2,16,512,914,764,,timeout
23,3,2,4,64,32,2,512,4730,2137,,OOM_rank0
23,3,2,4,64,16,4,512,4848,2171,,OOM_rank0
23,3,2,4,64,8,8,512,4476,2012,,OOM_rank0
23,3,2,4,64,4,16,512,962,782,,timeout
23,3,2,4,64,2,32,512,946,779,,timeout
23,3,3,3,32,16,2,512,4750,2212,76558.015625,ok
23,3,3,3,32,8,4,512,4834,2219,119980.7421875,ok
23,3,3,3,32,4,8,512,3266,1972,214445.796875,ok
23,3,3,3,32,2,16,512,1300,1057,,timeout
23,3,3,3,64,32,2,512,4822,2480,,OOM_rank0
23,3,3,3,64,16,4,512,4720,2546,,OOM_rank0
23,3,3,3,64,8,8,512,4756,2558,,OOM_rank0
23,3,3,3,64,4,16,512,1348,1097,,timeout
23,3,3,3,64,2,32,512,1332,1098,,timeout
23,3,4,2,32,16,2,512,4832,2638,76232.671875,ok
23,3,4,2,32,8,4,512,4630,2725,119359.578125,ok
23,3,4,2,32,4,8,512,4292,2562,213407.578125,ok
23,3,4,2,32,2,16,512,1686,1374,,timeout
23,3,4,2,64,32,2,512,4788,2809,,OOM_rank0
23,3,4,2,64,16,4,512,4842,2875,,OOM_rank0
23,3,4,2,64,8,8,512,4790,2898,,OOM_rank0
23,3,4,2,64,4,16,512,1734,1388,,timeout
23,3,4,2,64,2,32,512,1718,1381,,timeout
23,3,5,1,32,16,2,512,4830,2928,76254.4609375,ok
23,3,5,1,32,8,4,512,4554,3058,119772.109375,ok
23,3,5,1,32,4,8,512,4598,3015,214109.59375,ok
23,3,5,1,32,2,16,512,2072,1668,,timeout
23,3,5,1,64,32,2,512,4854,3178,,OOM_rank0
23,3,5,1,64,16,4,512,4858,3184,,OOM_rank0
23,3,5,1,64,8,8,512,4828,3333,,OOM_rank0
23,3,5,1,64,4,16,512,2120,1704,,timeout
23,3,5,1,64,2,32,512,2104,1695,,timeout
23,4,1,4,32,16,2,512,4724,1460,74168.171875,ok
23,4,1,4,32,8,4,512,3182,1225,116103.90625,ok
23,4,1,4,32,4,8,512,1214,771,208232.90625,ok
23,4,1,4,32,2,16,512,528,445,,timeout
23,4,1,4,64,32,2,512,4780,1704,,OOM_rank0
23,4,1,4,64,16,4,512,4666,1599,,OOM_rank0
23,4,1,4,64,8,8,512,3292,1334,,OOM_rank0
23,4,1,4,64,4,16,512,576,466,,timeout
23,4,1,4,64,2,32,512,560,465,,timeout
23,4,2,3,32,16,2,512,4650,1854,74173.703125,ok
23,4,2,3,32,8,4,512,4830,1849,116348.875,ok
23,4,2,3,32,4,8,512,2240,1367,207882.890625,ok
23,4,2,3,32,2,16,512,914,771,,timeout
23,4,2,3,64,32,2,512,4744,2103,,OOM_rank0
23,4,2,3,64,16,4,512,4802,2154,,OOM_rank0
23,4,2,3,64,8,8,512,4476,1999,,OOM_rank0
23,4,2,3,64,4,16,512,962,788,,timeout
23,4,2,3,64,2,32,512,946,778,,timeout
23,4,3,2,32,16,2,512,4854,2214,74361.34375,ok
23,4,3,2,32,8,4,512,4646,2218,116537.6328125,ok
23,4,3,2,32,4,8,512,3266,1964,208612.078125,ok
23,4,3,2,32,2,16,512,1300,1065,,timeout
23,4,3,2,64,32,2,512,4822,2483,,OOM_rank0
23,4,3,2,64,16,4,512,4828,2535,,OOM_rank0
23,4,3,2,64,8,8,512,4424,2546,,OOM_rank0
23,4,3,2,64,4,16,512,1348,1091,,timeout
23,4,3,2,64,2,32,512,1332,1098,,timeout
23,4,4,1,32,16,2,512,4832,2621,74509.5546875,ok
23,4,4,1,32,8,4,512,4630,2711,116591.015625,ok
23,4,4,1,32,4,8,512,4292,2554,208559.1875,ok
23,4,4,1,32,2,16,512,1686,1379,,timeout
23,4,4,1,64,32,2,512,4788,2791,,OOM_rank0
23,4,4,1,64,16,4,512,4820,2871,,OOM_rank0
23,4,4,1,64,8,8,512,4790,2892,,OOM_rank0
23,4,4,1,64,4,16,512,1734,1409,,timeout
23,4,4,1,64,2,32,512,1718,1391,,timeout
23,5,1,3,32,16,2,512,4724,1441,71989.2734375,ok
23,5,1,3,32,8,4,512,3182,1215,113020.1953125,ok
23,5,1,3,32,4,8,512,1214,771,202876.15625,ok
23,5,1,3,32,2,16,512,528,445,,timeout
23,5,1,3,64,32,2,512,4780,1682,,OOM_rank0
23,5,1,3,64,16,4,512,4666,1583,,OOM_rank0
23,5,1,3,64,8,8,512,3292,1324,,OOM_rank0
23,5,1,3,64,4,16,512,576,468,,timeout
23,5,1,3,64,2,32,512,560,464,,timeout
23,5,2,2,32,16,2,512,4650,1850,72423.203125,ok
23,5,2,2,32,8,4,512,4694,1836,113228.2890625,ok
23,5,2,2,32,4,8,512,2240,1365,203559.765625,ok
23,5,2,2,32,2,16,512,914,764,,timeout
23,5,2,2,64,32,2,512,4730,2098,,OOM_rank0
23,5,2,2,64,16,4,512,4802,2141,,OOM_rank0
23,5,2,2,64,8,8,512,4476,1999,,OOM_rank0
23,5,2,2,64,4,16,512,962,794,,timeout
23,5,2,2,64,2,32,512,946,785,,timeout
23,5,3,1,32,16,2,512,4750,2197,72183.46875,ok
23,5,3,1,32,8,4,512,4834,2210,113244.09375,ok
23,5,3,1,32,4,8,512,3266,1963,201542.03125,ok
23,5,3,1,32,2,16,512,1300,1073,,timeout
23,5,3,1,64,32,2,512,4822,2451,,OOM_rank0
23,5,3,1,64,16,4,512,4780,2513,,OOM_rank0
23,5,3,1,64,8,8,512,4424,2524,,OOM_rank0
23,5,3,1,64,4,16,512,1348,1097,,timeout
23,5,3,1,64,2,32,512,1332,1099,,timeout
23,6,1,2,32,16,2,512,4724,1435,69909.6796875,ok
23,6,1,2,32,8,4,512,3182,1210,109665.0078125,ok
23,6,1,2,32,4,8,512,1214,767,196898.0625,ok
23,6,1,2,32,2,16,512,528,445,,timeout
23,6,1,2,64,32,2,512,4780,1651,,OOM_rank0
23,6,1,2,64,16,4,512,4666,1580,,OOM_rank0
23,6,1,2,64,8,8,512,3292,1312,,OOM_rank0
23,6,1,2,64,4,16,512,576,468,,timeout
23,6,1,2,64,2,32,512,560,460,,timeout
23,6,2,1,32,16,2,512,4650,1829,69927.234375,ok
23,6,2,1,32,8,4,512,4694,1823,109952.578125,ok
23,6,2,1,32,4,8,512,2240,1362,196808.015625,ok
23,6,2,1,32,2,16,512,914,758,,timeout
23,6,2,1,64,32,2,512,4782,2084,,OOM_rank0
23,6,2,1,64,16,4,512,4802,2130,,OOM_rank0
23,6,2,1,64,8,8,512,4476,1984,,OOM_rank0
23,6,2,1,64,4,16,512,962,787,,timeout
23,6,2,1,64,2,32,512,946,775,,timeout
23,7,1,1,32,16,2,512,4724,1413,67981.890625,ok
23,7,1,1,32,8,4,512,3182,1201,107557.9453125,ok
23,7,1,1,32,4,8,512,1214,764,193113.46875,ok
23,7,1,1,32,2,16,512,528,445,,timeout
23,7,1,1,64,32,2,512,4780,1628,,OOM_rank0
23,7,1,1,64,16,4,512,4666,1576,,OOM_rank0
23,7,1,1,64,8,8,512,3292,1311,,OOM_rank0
23,7,1,1,64,4,16,512,576,467,,timeout
23,7,1,1,64,2,32,512,560,464,,timeout
24,1,1,6,32,16,2,512,4724,1462,77454.9453125,ok
24,1,1,6,32,8,4,512,3182,1235,121512.1875,ok
24,1,1,6,32,4,8,512,1214,775,217507.734375,ok
24,1,1,6,32,2,16,512,528,446,,timeout
24,1,1,6,64,32,2,512,4780,1370,,OOM_rank3
24,1,1,6,64,16,4,512,4208,1288,,OOM_rank3
24,1,1,6,64,8,8,512,1944,848,,OOM_rank3
24,1,1,6,64,4,16,512,576,470,,timeout
24,1,1,6,64,2,32,512,560,465,,timeout
24,1,2,5,32,16,2,512,4650,1872,77326.8671875,ok
24,1,2,5,32,8,4,512,4694,1854,121735.6015625,ok
24,1,2,5,32,4,8,512,2240,1371,217105.0,ok
24,1,2,5,32,2,16,512,914,768,,timeout
24,1,2,5,64,32,2,512,4730,2018,,OOM_rank0
24,1,2,5,64,16,4,512,4802,2061,,OOM_rank0
24,1,2,5,64,8,8,512,4732,1915,,OOM_rank0
24,1,2,5,64,4,16,512,962,791,,timeout
24,1,2,5,64,2,32,512,946,784,,timeout
24,1,3,4,32,16,2,512,4750,2229,77617.90625,ok
24,1,3,4,32,8,4,512,4834,2220,121559.53125,ok
24,1,3,4,32,4,8,512,3266,1967,218456.421875,ok
24,1,3,4,32,2,16,512,1300,1080,,timeout
24,1,3,4,64,32,2,512,4822,2335,,OOM_rank0
24,1,3,4,64,16,4,512,4600,2406,,OOM_rank0
24,1,3,4,64,8,8,512,4414,2400,,OOM_rank0
24,1,3,4,64,4,16,512,1348,1096,,timeout
24,1,3,4,64,2,32,512,1332,1094,,timeout
24,1,4,3,32,16,2,512,4832,2639,77420.609375,ok
24,1,4,3,32,8,4,512,4630,2713,121701.5078125,ok
24,1,4,3,32,4,8,512,4292,2564,217706.390625,ok
24,1,4,3,32,2,16,512,1686,1371,,timeout
24,1,4,3,64,32,2,512,4788,2711,,OOM_rank0
24,1,4,3,64,16,4,512,4690,2793,,OOM_rank0
24,1,4,3,64,8,8,512,4790,2806,,OOM_rank0
24,1,4,3,64,4,16,512,1734,1413,,timeout
24,1,4,3,64,2,32,512,1718,1408,,timeout
24,1,5,2,32,16,2,512,4830,2954,77486.9140625,ok
24,1,5,2,32,8,4,512,4554,3052,121524.65625,ok
24,1,5,2,32,4,8,512,4598,3016,217504.46875,ok
24,1,5,2,32,2,16,512,2072,1691,,timeout
24,1,5,2,64,32,2,512,4850,3057,,OOM_rank0
24,1,5,2,64,16,4,512,4840,3088,,OOM_rank0
24,1,5,2,64,8,8,512,4520,3229,,OOM_rank0
24,1,5,2,64,4,16,512,2120,1682,,timeout
24,1,5,2,64,2,32,512,2104,1695,,timeout
24,1,6,1,32,16,2,512,4854,3233,77574.1484375,ok
24,1,6,1,32,8,4,512,4784,3297,122477.640625,ok
24,1,6,1,32,4,8,512,4764,3469,219687.375,ok
24,1,6,1,32,2,16,512,2458,1974,,timeout
24,1,6,1,64,32,2,512,4854,3245,,OOM_rank2
24,1,6,1,64,16,4,512,4856,3397,,OOM_rank2
24,1,6,1,64,8,8,512,4856,3614,,OOM_rank2
24,1,6,1,64,4,16,512,2506,1987,,timeout
24,1,6,1,64,2,32,512,2490,1984,,timeout
24,2,1,5,32,16,2,512,4724,1444,75546.1328125,ok
24,2,1,5,32,8,4,512,3182,1220,118564.0546875,ok
24,2,1,5,32,4,8,512,1214,774,213125.953125,ok
24,2,1,5,32,2,16,512,528,450,,timeout
24,2,1,5,64,32,2,512,4780,1677,,OOM_rank0
24,2,1,5,64,16,4,512,4666,1484,,OOM_rank0
24,2,1,5,64,8,8,512,2816,1178,,OOM_rank0
24,2,1,5,64,4,16,512,576,472,,timeout
24,2,1,5,64,2,32,512,560,460,,timeout
24,2,2,4,32,16,2,512,4650,1854,75557.8203125,ok
24,2,2,4,32,8,4,512,4694,1840,118678.2890625,ok
24,2,2,4,32,4,8,512,2240,1366,213343.59375,ok
24,2,2,4,32,2,16,512,914,767,,timeout
24,2,2,4,64,32,2,512,4730,1977,,OOM_rank0
24,2,2,4,64,16,4,512,4802,2049,,OOM_rank0
24,2,2,4,64,8,8,512,4476,1912,,OOM_rank0
24,2,2,4,64,4,16,512,962,791,,timeout
24,2,2,4,64,2,32,512,946,782,,timeout
24,2,3,3,32,16,2,512,4750,2193,75484.328125,ok
24,2,3,3,32,8,4,512,4646,2196,118488.625,ok
24,2,3,3,32,4,8,512,3266,1964,212078.765625,ok
24,2,3,3,32,2,16,512,1300,1071,,timeout
24,2,3,3,64,32,2,512,4822,2316,,OOM_rank0
24,2,3,3,64,16,4,512,4626,2402,,OOM_rank0
24,2,3,3,64,8,8,512,4324,2384,,OOM_rank0
24,2,3,3,64,4,16,512,1348,1104,,timeout
24,2,3,3,64,2,32,512,1332,1087,,timeout
24,2,4,2,32,16,2,512,4832,2638,75446.90625,ok
24,2,4,2,32,8,4,512,4630,2714,119009.0390625,ok
24,2,4,2,32,4,8,512,4292,2558,211930.90625,ok
24,2,4,2,32,2,16,512,1686,1394,,timeout
24,2,4,2,64,32,2,512,4788,2717,,OOM_rank0
24,2,4,2,64,16,4,512,4690,2783,,OOM_rank0
24,2,4,2,64,8,8,512,4790,2794,,OOM_rank0
24,2,4,2,64,4,16,512,1734,1413,,timeout
24,2,4,2,64,2,32,512,1718,1409,,timeout
24,2,5,1,32,16,2,512,4826,2915,75492.8359375,ok
24,2,5,1,32,8,4,512,4554,3033,118594.46875,ok
24,2,5,1,32,4,8,512,4598,3006,212885.9375,ok
24,2,5,1,32,2,16,512,2072,1691,,timeout
24,2,5,1,64,32,2,512,4850,3057,,OOM_rank0
24,2,5,1,64,16,4,512,4840,3053,,OOM_rank0
24,2,5,1,64,8,8,512,4822,3217,,OOM_rank0
24,2,5,1,64,4,16,512,2120,1706,,timeout
24,2,5,1,64,2,32,512,2104,1700,,timeout
24,3,1,4,32,16,2,512,4724,1431,73223.765625,ok
24,3,1,4,32,8,4,512,3182,1217,115254.1484375,ok
24,3,1,4,32,4,8,512,1214,768,205813.859375,ok
24,3,1,4,32,2,16,512,528,446,,timeout
24,3,1,4,64,32,2,512,4780,1656,,OOM_rank0
24,3,1,4,64,16,4,512,4666,1492,,OOM_rank0
24,3,1,4,64,8,8,512,2816,1175,,OOM_rank0
24,3,1,4,64,4,16,512,576,466,,timeout
24,3,1,4,64,2,32,512,560,462,,timeout
24,3,2,3,32,16,2,512,4650,1838,73387.03125,ok
24,3,2,3,32,8,4,512,4694,1831,115097.2109375,ok
24,3,2,3,32,4,8,512,2240,1365,207126.515625,ok
24,3,2,3,32,2,16,512,914,767,,timeout
24,3,2,3,64,32,2,512,4828,1981,,OOM_rank0
24,3,2,3,64,16,4,512,4802,2035,,OOM_rank0
24,3,2,3,64,8,8,512,4476,1903,,OOM_rank0
24,3,2,3,64,4,16,512,962,791,,timeout
24,3,2,3,64,2,32,512,946,783,,timeout
24,3,3,2,32,16,2,512,4834,2187,73174.9609375,ok
24,3,3,2,32,8,4,512,4834,2205,115275.8828125,ok
24,3,3,2,32,4,8,512,3266,1953,207266.84375,ok
24,3,3,2,32,2,16,512,1300,1089,,timeout
24,3,3,2,64,32,2,512,4822,2314,,OOM_rank0
24,3,3,2,64,16,4,512,4600,2390,,OOM_rank0
24,3,3,2,64,8,8,512,4324,2377,,OOM_rank0
24,3,3,2,64,4,16,512,1348,1103,,timeout
24,3,3,2,64,2,32,512,1332,1094,,timeout
24,3,4,1,32,16,2,512,4836,2622,73328.828125,ok
24,3,4,1,32,8,4,512,4630,2685,114818.953125,ok
24,3,4,1,32,4,8,512,4292,2547,205618.578125,ok
24,3,4,1,32,2,16,512,1686,1386,,timeout
24,3,4,1,64,32,2,512,4818,2698,,OOM_rank0
24,3,4,1,64,16,4,512,4690,2758,,OOM_rank0
24,3,4,1,64,8,8,512,4790,2782,,OOM_rank0
24,3,4,1,64,4,16,512,1734,1417,,timeout
24,3,4,1,64,2,32,512,1718,1398,,timeout
24,4,1,3,32,16,2,512,4724,1423,71088.8671875,ok
24,4,1,3,32,8,4,512,3182,1203,112083.8828125,ok
24,4,1,3,32,4,8,512,1214,767,198249.515625,ok
24,4,1,3,32,2,16,512,528,449,,timeout
24,4,1,3,64,32,2,512,4780,1664,,OOM_rank0
24,4,1,3,64,16,4,512,4666,1476,,OOM_rank0
24,4,1,3,64,8,8,512,2816,1172,,OOM_rank0
24,4,1,3,64,4,16,512,576,470,,timeout
24,4,1,3,64,2,32,512,560,463,,timeout
24,4,2,2,32,16,2,512,4650,1810,71256.71875,ok
24,4,2,2,32,8,4,512,4694,1821,112267.078125,ok
24,4,2,2,32,4,8,512,2240,1363,202121.03125,ok
24,4,2,2,32,2,16,512,914,762,,timeout
24,4,2,2,64,32,2,512,4730,1941,,OOM_rank0
24,4,2,2,64,16,4,512,4802,2021,,OOM_rank0
24,4,2,2,64,8,8,512,4476,1879,,OOM_rank0
24,4,2,2,64,4,16,512,962,785,,timeout
24,4,2,2,64,2,32,512,946,783,,timeout
24,4,3,1,32,16,2,512,4750,2170,71355.1875,ok
24,4,3,1,32,8,4,512,4646,2187,111860.515625,ok
24,4,3,1,32,4,8,512,3266,1945,198695.5625,ok
24,4,3,1,32,2,16,512,1300,1081,,timeout
24,4,3,1,64,32,2,512,4822,2294,,OOM_rank0
24,4,3,1,64,16,4,512,4862,2387,,OOM_rank0
24,4,3,1,64,8,8,512,4324,2362,,OOM_rank0
24,4,3,1,64,4,16,512,1348,1107,,timeout
24,4,3,1,64,2,32,512,1332,1098,,timeout
24,5,1,2,32,16,2,512,4724,1415,68910.40625,ok
24,5,1,2,32,8,4,512,3182,1203,108289.5,ok
24,5,1,2,32,4,8,512,1214,766,195073.75,ok
24,5,1,2,32,2,16,512,528,440,,timeout
24,5,1,2,64,32,2,512,4780,1644,,OOM_rank0
24,5,1,2,64,16,4,512,4666,1458,,OOM_rank0
24,5,1,2,64,8,8,512,2816,1162,,OOM_rank0
24,5,1,2,64,4,16,512,576,469,,timeout
24,5,1,2,64,2,32,512,560,463,,timeout
24,5,2,1,32,16,2,512,4650,1817,69207.828125,ok
24,5,2,1,32,8,4,512,4694,1804,108898.2578125,ok
24,5,2,1,32,4,8,512,2240,1353,196163.96875,ok
24,5,2,1,32,2,16,512,914,761,,timeout
24,5,2,1,64,32,2,512,4730,1930,,OOM_rank0
24,5,2,1,64,16,4,512,4802,1993,,OOM_rank0
24,5,2,1,64,8,8,512,4476,1880,,OOM_rank0
24,5,2,1,64,4,16,512,962,785,,timeout
24,5,2,1,64,2,32,512,946,779,,timeout
24,6,1,1,32,16,2,512,4724,1385,66944.8828125,ok
24,6,1,1,32,8,4,512,3182,1199,105677.625,ok
24,6,1,1,32,4,8,512,1214,763,189745.71875,ok
24,6,1,1,32,2,16,512,528,450,,timeout
24,6,1,1,64,32,2,512,4780,1610,,OOM_rank0
24,6,1,1,64,16,4,512,4858,1456,,OOM_rank0
24,6,1,1,64,8,8,512,2816,1159,,OOM_rank0
24,6,1,1,64,4,16,512,576,468,,timeout
24,6,1,1,64,2,32,512,560,460,,timeout
